{
"type": "FeatureCollection",
"name": "Biomas",
"crs": { "type": "name", "properties": { "name": "urn:ogc:def:crs:OGC:1.3:CRS84" } },
"features": [
{ "type": "Feature", "properties": { "Bioma": "Mata Atlântica", "CD_Bioma": 1, "AREA_HA": 1461060.387, "cor": "#007c40" }, "geometry": { "type": "MultiPolygon", "coordinates": [ [ [ [ -35.519976566, -9.440379330999971 ], [ -35.520274088999898, -9.44043300199996 ], [ -35.520461697, -9.44049492899995 ], [ -35.52064562, -9.44055996199995 ], [ -35.520879194, -9.440649165999959 ], [ -35.520886027, -9.440649692999949 ], [ -35.521051265, -9.44073363199993 ], [ -35.52127037, -9.440831893999929 ], [ -35.521496041, -9.44093405299998 ], [ -35.521706712, -9.441052009999961 ], [ -35.52186298, -9.441162386999959 ], [ -35.522156351, -9.441364706999931 ], [ -35.522307068, -9.44150178399997 ], [ -35.522550039, -9.44164596599995 ], [ -35.522840873999897, -9.441755438999961 ], [ -35.52305497, -9.441873661999979 ], [ -35.523178409, -9.44196455499997 ], [ -35.523350698999899, -9.44208972999996 ], [ -35.523560523999897, -9.442261879999929 ], [ -35.523683694999903, -9.442356141999939 ], [ -35.523905419999899, -9.442464776999939 ], [ -35.524059392, -9.442517327999949 ], [ -35.524105565999903, -9.44253074099993 ], [ -35.524234132999901, -9.44256808799997 ], [ -35.5243108519999, -9.44259773399995 ], [ -35.524419656, -9.44261289499997 ], [ -35.524505076, -9.44261947399997 ], [ -35.524591829, -9.442626154999971 ], [ -35.524610997, -9.44262763099994 ], [ -35.524701701, -9.44261087899997 ], [ -35.524758286999898, -9.44254741599997 ], [ -35.524786524, -9.44245124999998 ], [ -35.524793948, -9.44243457499994 ], [ -35.524806998, -9.44240526599998 ], [ -35.524847683, -9.442359020999961 ], [ -35.524890999, -9.44233445499998 ], [ -35.524942418, -9.44234487499995 ], [ -35.524976019, -9.442360358999959 ], [ -35.524996128999902, -9.442381242999939 ], [ -35.524995238, -9.442419828999959 ], [ -35.524976529, -9.44246347899997 ], [ -35.52497793, -9.44252801199997 ], [ -35.524994603, -9.44261949599996 ], [ -35.525015434999901, -9.44271344999993 ], [ -35.525062358, -9.44283519199996 ], [ -35.525172622999897, -9.44300907899998 ], [ -35.525456961, -9.443320987999931 ], [ -35.52566347, -9.44358854599994 ], [ -35.525992523, -9.44401487299996 ], [ -35.526263879999902, -9.444337048999961 ], [ -35.5264262439999, -9.44456990799995 ], [ -35.526761805, -9.444924946999951 ], [ -35.5271450669999, -9.445314451999931 ], [ -35.527513857, -9.44569394799993 ], [ -35.527678691999903, -9.445902724999939 ], [ -35.527781325, -9.44604623999993 ], [ -35.527946355, -9.44632968099995 ], [ -35.528156728999903, -9.446708408999941 ], [ -35.5283632639999, -9.44704684199996 ], [ -35.528612574, -9.44740741199996 ], [ -35.528866090999898, -9.44789157499997 ], [ -35.529053001, -9.44823039999994 ], [ -35.529248733, -9.44883708399993 ], [ -35.529420375, -9.44944953199996 ], [ -35.529545337999899, -9.449940783999979 ], [ -35.529580553999899, -9.450237360999949 ], [ -35.529564443, -9.45066616099996 ], [ -35.529518588, -9.451039542999981 ], [ -35.529408818, -9.45141721599998 ], [ -35.529229482999902, -9.45186639799994 ], [ -35.529139181999902, -9.452168026999971 ], [ -35.529076234999899, -9.452460403999959 ], [ -35.529048658, -9.452660444999941 ], [ -35.528999999, -9.45345368299996 ], [ -35.528995709999897, -9.45415451299993 ], [ -35.528963877, -9.45438193099994 ], [ -35.529093738, -9.454670559999951 ], [ -35.529468011999903, -9.455454538999961 ], [ -35.530125252999902, -9.45641922099998 ], [ -35.530380872, -9.456833724999971 ], [ -35.530564340999902, -9.45699150499996 ], [ -35.530997654, -9.457441913999959 ], [ -35.53111415, -9.45756300699998 ], [ -35.531253427, -9.45768698399996 ], [ -35.531411741999896, -9.45779410799997 ], [ -35.531527481999902, -9.45780556099993 ], [ -35.531607080999898, -9.45779444799996 ], [ -35.5316422349999, -9.457729011999961 ], [ -35.531629273, -9.457660297999951 ], [ -35.531582629, -9.45755209899994 ], [ -35.531538774999902, -9.45748239599993 ], [ -35.531516279, -9.45744663999994 ], [ -35.531442621999901, -9.45732836499997 ], [ -35.531400047, -9.45722679799997 ], [ -35.531431163, -9.45715648699996 ], [ -35.531504030999898, -9.45709406899994 ], [ -35.531611251, -9.45701622399997 ], [ -35.531751465999903, -9.45694622999997 ], [ -35.531881036999899, -9.456914796999969 ], [ -35.532020175, -9.45687646299996 ], [ -35.532162475, -9.456872515999979 ], [ -35.532295792, -9.45688529199998 ], [ -35.532470767999897, -9.456917435999969 ], [ -35.532587609, -9.456911715999979 ], [ -35.532672041999902, -9.456852239999931 ], [ -35.532788213999901, -9.456799457999979 ], [ -35.532909421999904, -9.456709917999939 ], [ -35.533000576999903, -9.45659947499996 ], [ -35.533139815, -9.45643277099998 ], [ -35.533303611999898, -9.45631344499998 ], [ -35.533415895, -9.45629390499994 ], [ -35.533613509, -9.45631735899997 ], [ -35.533869782999901, -9.45633649799993 ], [ -35.534164349, -9.456468461999981 ], [ -35.534486361999903, -9.456680733999971 ], [ -35.534858819, -9.456986551999931 ], [ -35.535211644, -9.45733161499993 ], [ -35.535536102, -9.457617432999941 ], [ -35.535830910999898, -9.45786021099997 ], [ -35.536082208, -9.458026277999981 ], [ -35.536300009999898, -9.45819791699995 ], [ -35.53647971, -9.45834832999998 ], [ -35.53669996, -9.458521775999939 ], [ -35.536947562, -9.45873947599995 ], [ -35.537023792999904, -9.458801474999969 ], [ -35.537138465999902, -9.458895044999959 ], [ -35.537398869999897, -9.459088460999959 ], [ -35.537651237, -9.45925229899996 ], [ -35.5382596339999, -9.45973927599994 ], [ -35.538763501999902, -9.46023991099997 ], [ -35.539163050999903, -9.460660765999931 ], [ -35.539578138, -9.461070906999961 ], [ -35.540037309999903, -9.461602546999931 ], [ -35.54046053, -9.462149607999949 ], [ -35.540964502999898, -9.462847410999929 ], [ -35.541372679999903, -9.463433109999929 ], [ -35.541608228, -9.46385911699997 ], [ -35.5416489139999, -9.46393270099998 ], [ -35.541930916, -9.46433751599994 ], [ -35.542180374999901, -9.464676228999959 ], [ -35.542394294, -9.464927364999941 ], [ -35.542675623, -9.465323860999939 ], [ -35.543017931999898, -9.465806216999971 ], [ -35.543590068, -9.466504021999979 ], [ -35.544258673999899, -9.467157764999969 ], [ -35.544848739, -9.467677672999971 ], [ -35.545437738, -9.468199193999959 ], [ -35.545912111999897, -9.46856068499994 ], [ -35.546317642, -9.46889951899993 ], [ -35.546426867, -9.46900763599996 ], [ -35.54671702, -9.469294847999951 ], [ -35.547036577, -9.46957328899998 ], [ -35.54753894, -9.470100170999959 ], [ -35.547933332999897, -9.470614473999939 ], [ -35.548107644, -9.47076310799997 ], [ -35.548389829, -9.471026467999931 ], [ -35.548743401, -9.471317835999971 ], [ -35.549139763, -9.47165966399996 ], [ -35.549298075, -9.471720790999941 ], [ -35.549605637, -9.47178149899997 ], [ -35.549829289999899, -9.47184166399995 ], [ -35.5500869319999, -9.471931327999931 ], [ -35.550395771, -9.472045124999971 ], [ -35.550694458, -9.472239289999949 ], [ -35.550960927999903, -9.47242282199994 ], [ -35.551229846, -9.47267990499995 ], [ -35.551608522, -9.473116608999931 ], [ -35.551826117, -9.47350015899997 ], [ -35.552189416, -9.47413130399997 ], [ -35.552319028999896, -9.47432242199994 ], [ -35.5525376639999, -9.474403775999971 ], [ -35.552752473999902, -9.47444186199994 ], [ -35.552756427, -9.47443905399996 ], [ -35.552852512, -9.474370808999939 ], [ -35.552756565, -9.474298934999981 ], [ -35.552641228, -9.47419691399995 ], [ -35.552530413999897, -9.47403794499996 ], [ -35.552429077999903, -9.473851058999969 ], [ -35.552348262999899, -9.47368008299998 ], [ -35.552376266, -9.47351035299994 ], [ -35.552500520818249, -9.473454304183756 ], [ -35.552511822999939, -9.473449205999938 ], [ -35.552619377999953, -9.473557788999951 ], [ -35.552630970672915, -9.473576413764492 ], [ -35.552722409999902, -9.47372331999998 ], [ -35.552863787, -9.473863164999949 ], [ -35.553006296, -9.473988771999929 ], [ -35.553189277999898, -9.47415331799994 ], [ -35.553286618519628, -9.474190142954718 ], [ -35.553379610999976, -9.474225322999938 ], [ -35.553538248999956, -9.474330689999952 ], [ -35.553763534999945, -9.474419718999947 ], [ -35.553937737999966, -9.474511962999941 ], [ -35.554032554999907, -9.47459807299996 ], [ -35.554158367999925, -9.474751038 ], [ -35.554235924999951, -9.474871624999945 ], [ -35.554311786, -9.475013566999966 ], [ -35.554330476999958, -9.475143928999916 ], [ -35.554341950000016, -9.475273733999909 ], [ -35.554246866999968, -9.47537381899993 ], [ -35.55424049055167, -9.475375016088059 ], [ -35.554165785, -9.475389040999969 ], [ -35.554027533, -9.475392681999949 ], [ -35.553981969999903, -9.47541780999995 ], [ -35.553914623, -9.47553436199996 ], [ -35.553920010999903, -9.47564937299995 ], [ -35.554078516999901, -9.47584783499997 ], [ -35.554174332999899, -9.476012804999931 ], [ -35.554201486999901, -9.476046575999931 ], [ -35.5543762839999, -9.476263962999949 ], [ -35.554749321, -9.47666762099993 ], [ -35.555037121999902, -9.47699950899994 ], [ -35.555225710999899, -9.47733191599997 ], [ -35.555297917, -9.477532363999959 ], [ -35.555422716, -9.477818123999951 ], [ -35.555569440999903, -9.478078969999959 ], [ -35.555625925999898, -9.478179387999941 ], [ -35.555731024, -9.478435545999959 ], [ -35.555813278, -9.478575755999939 ], [ -35.555856327999898, -9.47869640599993 ], [ -35.555893275, -9.478818301999979 ], [ -35.555912682, -9.47899097399994 ], [ -35.555933146, -9.479359359999931 ], [ -35.555952856, -9.479841805999969 ], [ -35.555920719, -9.480352865999979 ], [ -35.555911506, -9.48039912699994 ], [ -35.555824787999903, -9.480834563999959 ], [ -35.555824978, -9.48125029199997 ], [ -35.555924377999901, -9.48166549899997 ], [ -35.556011720999898, -9.482128686999941 ], [ -35.556024878, -9.482722662999951 ], [ -35.55602619, -9.482781898999971 ], [ -35.5560740949999, -9.48366489699993 ], [ -35.556234516, -9.48425752199995 ], [ -35.556417215, -9.48485854899997 ], [ -35.556775844, -9.48542588899994 ], [ -35.556827352, -9.48550876499996 ], [ -35.557073966, -9.48590556599993 ], [ -35.557511973, -9.48644801399996 ], [ -35.558331992, -9.487327375999939 ], [ -35.558490280999898, -9.48752969399993 ], [ -35.558546409, -9.487601435999981 ], [ -35.558740274999899, -9.487849227999959 ], [ -35.559176003999902, -9.48831123599996 ], [ -35.559671646, -9.48876608899997 ], [ -35.559912321999903, -9.48895270999998 ], [ -35.560174093999898, -9.48913107499993 ], [ -35.560251818, -9.489184033999949 ], [ -35.560682068999903, -9.489407464999941 ], [ -35.561163146, -9.48966208199994 ], [ -35.561652540999901, -9.48991602599995 ], [ -35.562101808, -9.49018612399993 ], [ -35.562222365, -9.49025914299995 ], [ -35.562315503, -9.490344541999949 ], [ -35.562420737, -9.490462745999929 ], [ -35.562463697999902, -9.49062542199994 ], [ -35.562475488, -9.49073643999998 ], [ -35.562607498, -9.490813236999941 ], [ -35.562729648999898, -9.490866094999941 ], [ -35.563131255, -9.49113748299993 ], [ -35.563307482, -9.491280619999941 ], [ -35.563516440999898, -9.49143397799998 ], [ -35.563716623999902, -9.49159473599997 ], [ -35.563998825999903, -9.49175372499997 ], [ -35.56427595, -9.49197692599995 ], [ -35.564563114, -9.49217667099998 ], [ -35.5647858049999, -9.49236338099996 ], [ -35.565067364, -9.49253038999996 ], [ -35.565344481999901, -9.492753584999949 ], [ -35.565534616, -9.492937787999949 ], [ -35.565672857, -9.49305339799997 ], [ -35.565887404, -9.493239476999969 ], [ -35.5660657, -9.493366240999929 ], [ -35.566332772, -9.493612884999949 ], [ -35.566616118999903, -9.493860778999929 ], [ -35.566723685999897, -9.49393951899998 ], [ -35.566948929, -9.49410439899998 ], [ -35.567261764, -9.49428995699998 ], [ -35.567570791, -9.494523671999961 ], [ -35.567770282, -9.494634628999959 ], [ -35.568025669, -9.494776673999979 ], [ -35.568374225999897, -9.49492459999993 ], [ -35.568544381, -9.49505073399996 ], [ -35.568885435, -9.495190006999961 ], [ -35.569268447, -9.49531635399995 ], [ -35.56975218, -9.49551504599998 ], [ -35.570178948, -9.495709357999941 ], [ -35.570522707999899, -9.495941037999961 ], [ -35.570694134999897, -9.49605112199993 ], [ -35.570951274, -9.496216247999939 ], [ -35.571198373999898, -9.496404826999941 ], [ -35.571496097, -9.496678049999961 ], [ -35.571784414, -9.49696669999997 ], [ -35.572177676, -9.497481448999959 ], [ -35.572301437, -9.49767669499994 ], [ -35.572478992, -9.49791645099998 ], [ -35.572493999999899, -9.497933754999959 ], [ -35.572509007, -9.497951059999931 ], [ -35.57270284, -9.498192065999939 ], [ -35.572901639999898, -9.49847383199995 ], [ -35.573164913, -9.498768626999951 ], [ -35.573331160999899, -9.499047889999931 ], [ -35.573601305999901, -9.499359363999931 ], [ -35.57380698, -9.49965780699995 ], [ -35.5740164609999, -9.49990809199994 ], [ -35.574040876, -9.49990996799994 ], [ -35.5742935869999, -9.500131274999941 ], [ -35.5746164789999, -9.50029337299998 ], [ -35.574858624999898, -9.50044118999995 ], [ -35.575132057, -9.50060756299996 ], [ -35.575526302, -9.50079937199996 ], [ -35.57607582, -9.50099504099995 ], [ -35.576592339999898, -9.50127427699994 ], [ -35.577001197999898, -9.50145779799993 ], [ -35.577596621999902, -9.50167077299994 ], [ -35.577992628999901, -9.501894221999979 ], [ -35.578350041, -9.502119679999961 ], [ -35.578771724, -9.502433430999931 ], [ -35.579290014, -9.502851044999939 ], [ -35.579404446999902, -9.502968178999939 ], [ -35.579638388, -9.50320764199995 ], [ -35.580000595999898, -9.503648485999969 ], [ -35.580495520999897, -9.504384546999971 ], [ -35.580884137999902, -9.50502206199997 ], [ -35.581254827999899, -9.505675283999951 ], [ -35.581638383, -9.50637946999996 ], [ -35.5818748639999, -9.506914086999929 ], [ -35.5820573, -9.507328801999961 ], [ -35.582352494, -9.507733667999959 ], [ -35.582390008999901, -9.507785119999941 ], [ -35.582942998, -9.508269091999979 ], [ -35.58343946, -9.508628199999981 ], [ -35.583891127, -9.509043862999929 ], [ -35.584269949, -9.50938296399994 ], [ -35.584739097999901, -9.509707013999961 ], [ -35.585062358, -9.509901907999961 ], [ -35.58541825, -9.51013887899995 ], [ -35.585678652, -9.51039474699996 ], [ -35.5858374009999, -9.51052356199995 ], [ -35.585998763, -9.510619258999951 ], [ -35.586191745, -9.51074237399996 ], [ -35.586426048, -9.51087699399994 ], [ -35.586628731, -9.510984193999951 ], [ -35.5869468779999, -9.511233540999971 ], [ -35.587190671, -9.51156880299993 ], [ -35.587389114, -9.512050516999979 ], [ -35.587634552999901, -9.512685774999969 ], [ -35.587827304, -9.51323948599997 ], [ -35.588109046999897, -9.513735934999939 ], [ -35.588411500999896, -9.514183992999961 ], [ -35.588686155999902, -9.514663230999931 ], [ -35.5888983319999, -9.51497107299997 ], [ -35.589123376, -9.51532988099996 ], [ -35.589425073, -9.51589449099993 ], [ -35.589563003, -9.51617996899995 ], [ -35.589744111999899, -9.516560390999929 ], [ -35.589974180999903, -9.51706951999995 ], [ -35.5900975, -9.51740933699995 ], [ -35.590154534, -9.517566501999969 ], [ -35.590232942999897, -9.51796402599996 ], [ -35.590258764999902, -9.518276383999931 ], [ -35.590330942, -9.518967446999969 ], [ -35.590510514, -9.51961034299995 ], [ -35.5908185649999, -9.52034217999994 ], [ -35.590848439, -9.520836386999971 ], [ -35.590906732999898, -9.52180073999995 ], [ -35.590816677, -9.522284599999979 ], [ -35.590770536, -9.52264491599993 ], [ -35.590825239, -9.52296852899997 ], [ -35.590977635999899, -9.52421672899993 ], [ -35.591022702, -9.52458583899994 ], [ -35.591252266, -9.52802707699993 ], [ -35.591336661, -9.52889750099996 ], [ -35.591414100999899, -9.52912611799997 ], [ -35.591682447, -9.52944688599996 ], [ -35.591937006, -9.529689278999969 ], [ -35.592362801, -9.530156974999951 ], [ -35.592553016999901, -9.53041554399994 ], [ -35.592698367, -9.53063516799995 ], [ -35.59282866, -9.530768679999939 ], [ -35.592987341, -9.530744326999979 ], [ -35.593142617999902, -9.530599409999979 ], [ -35.593229382999901, -9.53052449899997 ], [ -35.593275062, -9.53048506199997 ], [ -35.593636957999898, -9.530285699999981 ], [ -35.593740408073621, -9.530255770999915 ], [ -35.594288614999954, -9.53009717 ], [ -35.594887295999925, -9.529933124999932 ], [ -35.595491536999916, -9.529825494 ], [ -35.596371680999908, -9.529715770999889 ], [ -35.597134862, -9.529615051999905 ], [ -35.597804372999967, -9.529568680999976 ], [ -35.59884668899997, -9.529549629 ], [ -35.598881671999933, -9.529556831999972 ], [ -35.59941971599995, -9.529667608999901 ], [ -35.600145668999978, -9.529764087999979 ], [ -35.600145990247618, -9.529764127999915 ], [ -35.600379112, -9.52979315499994 ], [ -35.600712137999899, -9.529834619999971 ], [ -35.600924416999902, -9.52986105099995 ], [ -35.601649397, -9.530009304999959 ], [ -35.601703283999903, -9.53002571299993 ], [ -35.602411098999902, -9.53024123799997 ], [ -35.603707127999897, -9.53080159899997 ], [ -35.605551733, -9.53183031999993 ], [ -35.605675071, -9.531913070999961 ], [ -35.606806583, -9.53267223199998 ], [ -35.607052291999899, -9.53283708499993 ], [ -35.608294722, -9.53382184599997 ], [ -35.609353078, -9.53474268899993 ], [ -35.610475745, -9.53571496999996 ], [ -35.611309176482322, -9.536533111004642 ], [ -35.611857213999905, -9.53707109399998 ], [ -35.612556241951367, -9.53783524789092 ], [ -35.612585544999902, -9.537867280999929 ], [ -35.613221406, -9.53858859099995 ], [ -35.613807795, -9.539361301999969 ], [ -35.614153852999898, -9.54003170699997 ], [ -35.6144895649999, -9.54103385999997 ], [ -35.614602289999901, -9.541364631999951 ], [ -35.614723037, -9.54180070899997 ], [ -35.614704441, -9.54234688499997 ], [ -35.61477596, -9.54269884018726 ], [ -35.614780907999958, -9.542723189999922 ], [ -35.614906800999982, -9.542990544999927 ], [ -35.615034589, -9.5432338859999 ], [ -35.615050190999945, -9.543243135999955 ], [ -35.615195381999968, -9.543576394999906 ], [ -35.615426925999941, -9.544056399999921 ], [ -35.615668822999972, -9.544509843999958 ], [ -35.615827199999934, -9.544779703 ], [ -35.616096690999939, -9.545090300999934 ], [ -35.61642435599996, -9.545284562999932 ], [ -35.616581063999959, -9.54538498299998 ], [ -35.616747777999898, -9.54547227899992 ], [ -35.616953182999929, -9.545547666999941 ], [ -35.61718403099993, -9.545587792999974 ], [ -35.617376067999921, -9.545736597999941 ], [ -35.617459537999899, -9.54592170399998 ], [ -35.617533158999954, -9.546135830999933 ], [ -35.617490242999956, -9.546296306999977 ], [ -35.617316834999905, -9.54648394999996 ], [ -35.617123262999968, -9.546640258999926 ], [ -35.616922774999985, -9.546788589999942 ], [ -35.616807169999923, -9.5469136839999 ], [ -35.616757337999978, -9.547066182 ], [ -35.616826387999915, -9.547242731999948 ], [ -35.616878204999942, -9.547350951999931 ], [ -35.617077746999932, -9.547500335999946 ], [ -35.61721269, -9.547607517999932 ], [ -35.61737236999997, -9.547783608999936 ], [ -35.617631821999943, -9.548034394 ], [ -35.617940399999988, -9.548219453999938 ], [ -35.618391704999937, -9.548399031999963 ], [ -35.618755615999937, -9.548547745999922 ], [ -35.619126851683241, -9.548704853253012 ], [ -35.619150730999898, -9.548714958999939 ], [ -35.6196226879999, -9.548839747999979 ], [ -35.620115298, -9.54890975099994 ], [ -35.620164, -9.54891348699994 ], [ -35.620181478999903, -9.548913308999939 ], [ -35.620441871, -9.548910645999969 ], [ -35.620827065999897, -9.548996566999961 ], [ -35.621216049999902, -9.549034460999961 ], [ -35.621675561, -9.54910997699994 ], [ -35.62209512, -9.54917437499995 ], [ -35.62244785, -9.54925780499997 ], [ -35.622834143, -9.54937808299997 ], [ -35.623492761, -9.549661362999929 ], [ -35.623561644999903, -9.549690990999981 ], [ -35.624158442, -9.54993964999994 ], [ -35.62449076, -9.55019299399993 ], [ -35.625024273999898, -9.55042070899998 ], [ -35.625512084, -9.55064720799993 ], [ -35.625860705, -9.55094555899996 ], [ -35.626339409, -9.55123590499994 ], [ -35.626624201, -9.551370022999951 ], [ -35.627241048, -9.55166051499998 ], [ -35.628165606, -9.552030662999931 ], [ -35.628684618, -9.55225049199993 ], [ -35.6294993939999, -9.552595590999941 ], [ -35.630864258, -9.55316585999998 ], [ -35.632645033, -9.55390343699997 ], [ -35.633106715999901, -9.55411314599996 ], [ -35.634341395, -9.55481400599996 ], [ -35.635401924999897, -9.555547231999981 ], [ -35.6361654419999, -9.55612216499998 ], [ -35.636910950999898, -9.55676151999995 ], [ -35.637906706, -9.55747452799994 ], [ -35.6387527649999, -9.558120889999939 ], [ -35.639597201, -9.558740406999959 ], [ -35.640121736, -9.559178248999959 ], [ -35.640657801, -9.55960446699993 ], [ -35.640693563999903, -9.55963425299996 ], [ -35.641352156, -9.560182777999961 ], [ -35.641907612999901, -9.560673031999951 ], [ -35.642379991, -9.561131222999959 ], [ -35.642842550999902, -9.561661184999929 ], [ -35.643074177887328, -9.56191918080328 ], [ -35.643661798999929, -9.562573697999941 ], [ -35.643871878, -9.562846793999977 ], [ -35.644042171999963, -9.563207171999952 ], [ -35.64430429599998, -9.563648816 ], [ -35.644457267999933, -9.563918886999954 ], [ -35.644470186447968, -9.56394973865488 ], [ -35.644601011, -9.56426217199993 ], [ -35.644706931, -9.564585616999979 ], [ -35.644709839, -9.56460138799997 ], [ -35.644767316999904, -9.564913029999961 ], [ -35.6448654329999, -9.565123873999941 ], [ -35.6449856099999, -9.56528134399997 ], [ -35.645174403999903, -9.565555770999939 ], [ -35.645208128, -9.56559029999994 ], [ -35.645373229, -9.56575934499995 ], [ -35.645432236812404, -9.565827337684739 ], [ -35.645624927, -9.566049367999927 ], [ -35.645851170999983, -9.566207957999904 ], [ -35.645953778627302, -9.566431347799165 ], [ -35.645963249, -9.56645196599993 ], [ -35.646165638999904, -9.566761748999969 ], [ -35.646456617999903, -9.567007694999971 ], [ -35.646510335422796, -9.567040909913901 ], [ -35.646695646999952, -9.567155492999966 ], [ -35.646972117, -9.567282618 ], [ -35.647240408, -9.567362031999913 ], [ -35.647641983, -9.567416347999966 ], [ -35.647912116999976, -9.567472360999982 ], [ -35.648287771999968, -9.567686493999936 ], [ -35.648340127225673, -9.567714764596035 ], [ -35.648482536, -9.56779166199993 ], [ -35.648683618, -9.56792551499996 ], [ -35.648852162, -9.568000471999939 ], [ -35.648904108, -9.568009711999929 ], [ -35.649074966999898, -9.568040105999961 ], [ -35.649250579, -9.568025362999951 ], [ -35.649401990999898, -9.567918523999939 ], [ -35.649577823999898, -9.567900976999971 ], [ -35.649834018, -9.568024949999939 ], [ -35.649981779, -9.56810959399996 ], [ -35.650147921, -9.56817872599993 ], [ -35.650304483999903, -9.568254841999931 ], [ -35.650368265999901, -9.56828585099993 ], [ -35.650797116, -9.56854149599997 ], [ -35.650876653, -9.568620910999931 ], [ -35.650938443, -9.56874408799996 ], [ -35.650997802999903, -9.568898099999959 ], [ -35.65102043, -9.569046475999929 ], [ -35.651030772999903, -9.569241852999941 ], [ -35.651032395999898, -9.56940272099996 ], [ -35.651048483, -9.569525216999979 ], [ -35.651137648, -9.569663267999941 ], [ -35.651228553, -9.569807594999929 ], [ -35.651263032, -9.569968379999979 ], [ -35.651292167999898, -9.57011098799995 ], [ -35.651262013999897, -9.57022147299995 ], [ -35.651301267999898, -9.570358425999929 ], [ -35.651411104, -9.57041618999995 ], [ -35.651659273999897, -9.57044225599998 ], [ -35.651921033, -9.570568057999941 ], [ -35.6521570539999, -9.57074828599997 ], [ -35.652400182, -9.57092905799993 ], [ -35.652721959, -9.57120045099998 ], [ -35.653106513, -9.57158547099993 ], [ -35.653519448999901, -9.572061256999969 ], [ -35.653872839, -9.57247607499994 ], [ -35.654189518, -9.57299382399998 ], [ -35.654376211999903, -9.57334651599996 ], [ -35.654633827999902, -9.573887931999931 ], [ -35.654759539999901, -9.57437924499993 ], [ -35.654812958, -9.57469835799998 ], [ -35.654832461, -9.574814869999949 ], [ -35.654961539999903, -9.57544513799996 ], [ -35.65503998, -9.575810682999929 ], [ -35.65509979, -9.576231197999959 ], [ -35.655176020999903, -9.576624771999951 ], [ -35.65531621, -9.577023243999969 ], [ -35.655443361, -9.57731497299994 ], [ -35.655631817, -9.577645153999979 ], [ -35.655820167999899, -9.577976827999979 ], [ -35.655993754, -9.57831441799993 ], [ -35.656148228999903, -9.57862234299995 ], [ -35.656340926, -9.57898959299996 ], [ -35.656546730999899, -9.579371944999931 ], [ -35.656747571, -9.579708302999959 ], [ -35.656824635, -9.57983736499995 ], [ -35.656991113999901, -9.58017440399993 ], [ -35.657116059, -9.580494161999979 ], [ -35.657236657999903, -9.58077833699997 ], [ -35.657606326, -9.581349478999931 ], [ -35.657867952999901, -9.58165855799996 ], [ -35.658245426, -9.582039957999941 ], [ -35.6586669, -9.582372109999939 ], [ -35.658840079, -9.582533419999949 ], [ -35.658913821999903, -9.582669160999959 ], [ -35.658939983, -9.582717315999959 ], [ -35.659139309, -9.58300047299997 ], [ -35.659497116999901, -9.58335921699995 ], [ -35.659526058, -9.58339103199995 ], [ -35.6599313729999, -9.58383660799996 ], [ -35.660290769, -9.584265966999959 ], [ -35.660851223, -9.584865816999979 ], [ -35.661487091, -9.585587309999941 ], [ -35.661820272999897, -9.585986460999949 ], [ -35.662100467, -9.58633220599995 ], [ -35.662381766, -9.58666393499993 ], [ -35.662594277, -9.58687055199994 ], [ -35.662870128, -9.58718071499993 ], [ -35.663102688, -9.58744954499997 ], [ -35.663384615, -9.58768263099995 ], [ -35.663790667999898, -9.587882923999929 ], [ -35.663929534, -9.587958700999931 ], [ -35.663982204, -9.58798744199993 ], [ -35.664181401999898, -9.58809614199993 ], [ -35.664450769, -9.58830711299993 ], [ -35.6647113719999, -9.58853856099995 ], [ -35.664886626999902, -9.588855117999969 ], [ -35.664989778999903, -9.589088606999949 ], [ -35.665196083999902, -9.58955558399998 ], [ -35.665288507, -9.589833170999951 ], [ -35.665392665, -9.590146 ], [ -35.665506719999897, -9.59042262299994 ], [ -35.665602697999901, -9.59074720899997 ], [ -35.665632795, -9.591059695999951 ], [ -35.665634164, -9.591073903999931 ], [ -35.66569578, -9.59129011299996 ], [ -35.665831222999898, -9.591476725999939 ], [ -35.666207745, -9.591688848999979 ], [ -35.666688728999901, -9.591845522999961 ], [ -35.667343522, -9.592064854999929 ], [ -35.66782334, -9.59232718399994 ], [ -35.668462758, -9.59265108199997 ], [ -35.669062783999898, -9.59307210899993 ], [ -35.669584556, -9.59352799099997 ], [ -35.669975161, -9.593924481999981 ], [ -35.67030291, -9.594302057999929 ], [ -35.670574976, -9.59456962599995 ], [ -35.67087492, -9.594846377999939 ], [ -35.671226744, -9.59506621599996 ], [ -35.671556364, -9.59527217999994 ], [ -35.672318881, -9.59577628399995 ], [ -35.672852260999903, -9.59621827599995 ], [ -35.672862535, -9.59622678999995 ], [ -35.673314333999897, -9.596603740999971 ], [ -35.673560267, -9.59680893099994 ], [ -35.673997406999902, -9.59720196299997 ], [ -35.674134491, -9.597325215999939 ], [ -35.674465008, -9.59766775199995 ], [ -35.674687133, -9.59790480099997 ], [ -35.675005844999902, -9.59824492599995 ], [ -35.675745557, -9.599020616999949 ], [ -35.676262818999902, -9.599715835999969 ], [ -35.676694622999896, -9.600218607999979 ], [ -35.676763398152502, -9.600298686520315 ], [ -35.67687849, -9.600432693999981 ], [ -35.677306691999902, -9.601078810999972 ], [ -35.677604274999922, -9.601658536999889 ], [ -35.677787034999945, -9.602061384999914 ], [ -35.677926244252482, -9.602422145140906 ], [ -35.677996193, -9.602603416999949 ], [ -35.678006228, -9.602629420999961 ], [ -35.678183514999901, -9.60319286699996 ], [ -35.678397507999897, -9.603653375999951 ], [ -35.678606604, -9.604085310999951 ], [ -35.678887878, -9.604508672999939 ], [ -35.679183371, -9.60493312399996 ], [ -35.6793733599999, -9.60533540199998 ], [ -35.679572602999897, -9.60580183899998 ], [ -35.6797356659999, -9.606132886999941 ], [ -35.679886920999898, -9.60643996099998 ], [ -35.680125011, -9.606867075999959 ], [ -35.680410154999898, -9.60724138999996 ], [ -35.680925424, -9.60768971299996 ], [ -35.681180228, -9.60787477599996 ], [ -35.681446203999897, -9.60806795399998 ], [ -35.682096378, -9.608591231999981 ], [ -35.682327051, -9.60877688299996 ], [ -35.683299056, -9.60969016999996 ], [ -35.683943267, -9.610498643999961 ], [ -35.684457892, -9.61104672099998 ], [ -35.684471027, -9.611060708999959 ], [ -35.685012324, -9.611814147999951 ], [ -35.685079535999897, -9.611868637999979 ], [ -35.685137042999898, -9.61195695399994 ], [ -35.6857365709999, -9.61287766499993 ], [ -35.68648332, -9.61383715599993 ], [ -35.686889487, -9.61440492299994 ], [ -35.687115645999903, -9.614721060999949 ], [ -35.68737271, -9.61505299799995 ], [ -35.687608942999901, -9.61535803599998 ], [ -35.688010451, -9.61588928499998 ], [ -35.688452332999901, -9.61654346399996 ], [ -35.688835137, -9.61703952199997 ], [ -35.6892404439999, -9.61761336699993 ], [ -35.689657818999898, -9.61812468099993 ], [ -35.689887767, -9.618473607999929 ], [ -35.690358077, -9.61912995799997 ], [ -35.690378295999899, -9.619145603999931 ], [ -35.690907057999901, -9.619876916999941 ], [ -35.691123973658136, -9.620283623268366 ], [ -35.691424223999952, -9.620846577999895 ], [ -35.691760048999939, -9.62148559400001 ], [ -35.692306097, -9.622542516999975 ], [ -35.6926140489999, -9.623172342999951 ], [ -35.692886444999964, -9.623723587 ], [ -35.693113664999935, -9.62418340999994 ], [ -35.693545745212099, -9.625228074093121 ], [ -35.693714430999897, -9.625635914999981 ], [ -35.694081642999897, -9.626784906999941 ], [ -35.694274843999899, -9.62732841199994 ], [ -35.694589744, -9.62823371199994 ], [ -35.695021021999899, -9.629295965999971 ], [ -35.6953817, -9.63029011999993 ], [ -35.695455445555282, -9.630466837753055 ], [ -35.695539194999988, -9.630667527999979 ], [ -35.695922065999959, -9.631585009999952 ], [ -35.695977323999912, -9.631717425999984 ], [ -35.696189652999983, -9.632364707999983 ], [ -35.696271454999909, -9.632614080999922 ], [ -35.696432429, -9.633112818999976 ], [ -35.69662209199997, -9.633610429999937 ], [ -35.696845590229515, -9.634209154965479 ], [ -35.696994276999902, -9.634607468999951 ], [ -35.697041119999902, -9.634732954999951 ], [ -35.6970772029999, -9.634867450999931 ], [ -35.697093057, -9.63492654499993 ], [ -35.697196203, -9.63531100799997 ], [ -35.697236744, -9.63550025599994 ], [ -35.697363555, -9.63609221599995 ], [ -35.697514484, -9.636900367999941 ], [ -35.697549591, -9.63722152699995 ], [ -35.69759764, -9.637661083999941 ], [ -35.69765074603729, -9.637983800286644 ], [ -35.697762122999968, -9.638660618999904 ], [ -35.697847375, -9.639576540999926 ], [ -35.697864967999955, -9.639765743999948 ], [ -35.697905474999928, -9.640201349999931 ], [ -35.697970562999984, -9.641009983999957 ], [ -35.697987429999962, -9.64197707599995 ], [ -35.697986563488847, -9.642587901305284 ], [ -35.697986511, -9.642624901999969 ], [ -35.697994313, -9.642735128999959 ], [ -35.698027149, -9.64319903999996 ], [ -35.69815706, -9.64354735999996 ], [ -35.698317607, -9.64386982299993 ], [ -35.698359664, -9.64396268699994 ], [ -35.698549114999899, -9.64438100199993 ], [ -35.698912678999903, -9.64530410499998 ], [ -35.698964545, -9.645455670999979 ], [ -35.699203382, -9.64615362999996 ], [ -35.699249804326996, -9.64629637621614 ], [ -35.699485512999921, -9.647021167999945 ], [ -35.699637494999976, -9.64790694699996 ], [ -35.699646452999914, -9.648429303999926 ], [ -35.699599157999913, -9.648848664999985 ], [ -35.699510565999951, -9.649272450999966 ], [ -35.699507447999963, -9.649287366999957 ], [ -35.699444949999943, -9.649536380999955 ], [ -35.699338438000012, -9.649847476681456 ], [ -35.699268543, -9.650051622999969 ], [ -35.699147407999902, -9.650500591999959 ], [ -35.698919100999902, -9.650948412999981 ], [ -35.698791336999903, -9.65129832599996 ], [ -35.698691225999902, -9.65157250499993 ], [ -35.698500547, -9.652178290999929 ], [ -35.698457899999902, -9.65243211599994 ], [ -35.698419855999902, -9.652658542999969 ], [ -35.698408651, -9.65307361299995 ], [ -35.698346242999897, -9.653374390999939 ], [ -35.698281943, -9.65368429099993 ], [ -35.698179509999903, -9.65411560199993 ], [ -35.698142382999897, -9.65427192999994 ], [ -35.698005489, -9.655016687999931 ], [ -35.697920812999897, -9.65562836099997 ], [ -35.697915741, -9.65582842999993 ], [ -35.697905931, -9.65621533999996 ], [ -35.697874559976334, -9.65656885187235 ], [ -35.697869575999981, -9.656625015 ], [ -35.697864581999923, -9.656650917000018 ], [ -35.697788742999954, -9.657044316999883 ], [ -35.697755719999975, -9.657373126 ], [ -35.697751593999989, -9.657514977999924 ], [ -35.69774733, -9.657661519999969 ], [ -35.697697766999973, -9.658200551999894 ], [ -35.697694711999901, -9.658693791999937 ], [ -35.697670645999949, -9.65889014599993 ], [ -35.697634791, -9.659182681999976 ], [ -35.697504529999975, -9.65949378799996 ], [ -35.697318362999937, -9.659750652999985 ], [ -35.697116556999937, -9.660046189999925 ], [ -35.697075892999948, -9.660105740999967 ], [ -35.696811823999944, -9.660512236999939 ], [ -35.696786964303911, -9.660550505260835 ], [ -35.696717881, -9.660656849999951 ], [ -35.696346669, -9.661375729999969 ], [ -35.69603840701042, -9.661931639791991 ], [ -35.695847670999932, -9.662275607 ], [ -35.695821651, -9.662322529999887 ], [ -35.695584019999963, -9.662797830999956 ], [ -35.695406276086239, -9.662997240968259 ], [ -35.695325182, -9.66308821999996 ], [ -35.695268559999903, -9.663158301999941 ], [ -35.695103333, -9.66336280699994 ], [ -35.695052108752741, -9.663705576355643 ], [ -35.69504291899996, -9.663767069999949 ], [ -35.695044787999933, -9.663775126999905 ], [ -35.69519778199998, -9.66443453399993 ], [ -35.695271922999986, -9.664712273999907 ], [ -35.69528615099992, -9.664765576999965 ], [ -35.695393522034585, -9.664947006213845 ], [ -35.695456572999902, -9.665053545999969 ], [ -35.695732185999901, -9.665213201999959 ], [ -35.695736988, -9.665215982999939 ], [ -35.695962537, -9.66534856999994 ], [ -35.696185847, -9.665873227999951 ], [ -35.6961221829999, -9.66622789199994 ], [ -35.696658621, -9.66622661599996 ], [ -35.696718051999902, -9.665653086999949 ], [ -35.696761925, -9.66545904999998 ], [ -35.696845411100313, -9.665316936999954 ], [ -35.696861009999928, -9.665290383999956 ], [ -35.69716398799995, -9.665120978999973 ], [ -35.697182661999896, -9.665110538 ], [ -35.697638761999976, -9.665039667 ], [ -35.698304867999937, -9.664935503 ], [ -35.698421053701111, -9.664906408852675 ], [ -35.698800924999901, -9.66481128499993 ], [ -35.699362246, -9.664752042999959 ], [ -35.700524475, -9.664479375999971 ], [ -35.700821297999902, -9.66442323599995 ], [ -35.701174604, -9.66435641299995 ], [ -35.701822228, -9.664213685999931 ], [ -35.701932298281307, -9.664193182999966 ], [ -35.702426054999954, -9.664101209999973 ], [ -35.7031092409999, -9.664091152999941 ], [ -35.703121975999977, -9.664090964999925 ], [ -35.703804352999953, -9.6641089139999 ], [ -35.704593414999955, -9.664149305999956 ], [ -35.705184645999935, -9.664235960999932 ], [ -35.705833255999956, -9.664324377999964 ], [ -35.70643146099998, -9.664459390999944 ], [ -35.706793449, -9.664541089999954 ], [ -35.706796254999965, -9.664541974999938 ], [ -35.707320274954952, -9.66470708399453 ], [ -35.707436483, -9.66474369899993 ], [ -35.708003033949161, -9.664953985808864 ], [ -35.708003804999962, -9.664954271999946 ], [ -35.708115236999944, -9.664995631 ], [ -35.708344510999908, -9.665080730999929 ], [ -35.708776486999945, -9.665350350999944 ], [ -35.708868379909639, -9.665410696310031 ], [ -35.709441618, -9.66578713699994 ], [ -35.709531673, -9.66585210199997 ], [ -35.710012651999897, -9.666199075999939 ], [ -35.710599433, -9.666775934999979 ], [ -35.711209013, -9.66739143399997 ], [ -35.711760411999897, -9.66807976399997 ], [ -35.712460642999901, -9.66894890699996 ], [ -35.712509697, -9.669001827999979 ], [ -35.712690875, -9.669197286999969 ], [ -35.713481124999902, -9.670196512999951 ], [ -35.714519004, -9.67180492499995 ], [ -35.714695354999897, -9.67209657299998 ], [ -35.714842437555994, -9.67233981647575 ], [ -35.715061821999967, -9.672702631999961 ], [ -35.715183212999975, -9.672903386999963 ], [ -35.71571607100001, -9.673545702 ], [ -35.716342568999977, -9.67466214199991 ], [ -35.716734048289638, -9.675359771131523 ], [ -35.7167882379999, -9.67545633899994 ], [ -35.717393312, -9.676133716999971 ], [ -35.717477185, -9.67622761299998 ], [ -35.71751456, -9.676269453999961 ], [ -35.717534489093467, -9.676290952905829 ], [ -35.717920082999939, -9.676706919999987 ], [ -35.717951844999988, -9.676726362999908 ], [ -35.718472686, -9.677045190999909 ], [ -35.718783037972671, -9.677368892207276 ], [ -35.719107118999901, -9.67770691299995 ], [ -35.7205366069999, -9.68040453699996 ], [ -35.721742419, -9.682680663999969 ], [ -35.722111137999903, -9.68335884599998 ], [ -35.722326914, -9.683695029999971 ], [ -35.722445232, -9.683850028999929 ], [ -35.72251783, -9.683945134999931 ], [ -35.722676884, -9.68413691899997 ], [ -35.722851757999898, -9.68428200899996 ], [ -35.722994770999897, -9.68436877899995 ], [ -35.723181752, -9.68446289999997 ], [ -35.723349541999902, -9.68454357899998 ], [ -35.723530968, -9.68460533999996 ], [ -35.723693203, -9.684653658999929 ], [ -35.723922027999897, -9.684679121999981 ], [ -35.724136, -9.68468748299995 ], [ -35.724381582, -9.684654346999929 ], [ -35.724633062, -9.684597710999981 ], [ -35.724850128, -9.684531432999959 ], [ -35.725176910999899, -9.68441545699994 ], [ -35.729737276, -9.68260577099994 ], [ -35.729575156, -9.682151383999949 ], [ -35.7291244849999, -9.68231086599997 ], [ -35.728910414, -9.682386621999971 ], [ -35.728848438999897, -9.68222829899997 ], [ -35.72855895, -9.68148877399994 ], [ -35.726319422, -9.68242427699994 ], [ -35.7244545369999, -9.683203282999949 ], [ -35.724424101999901, -9.68314436799994 ], [ -35.723161144, -9.680699515999949 ], [ -35.725100948, -9.67967768699998 ], [ -35.723090022, -9.675711633999979 ], [ -35.723034374, -9.675601883999949 ], [ -35.7233128989999, -9.675246165999971 ], [ -35.723544210999897, -9.674999244999981 ], [ -35.723711035, -9.674821163999979 ], [ -35.723744762, -9.67478516399996 ], [ -35.724367161, -9.674416710999941 ], [ -35.724651713, -9.674256819999931 ], [ -35.7246812019999, -9.67424024999997 ], [ -35.724690943, -9.674234776999979 ], [ -35.725032652, -9.67404276899993 ], [ -35.725222571, -9.673936052999981 ], [ -35.726105456, -9.67338347599997 ], [ -35.726148264, -9.67335947299995 ], [ -35.727337215, -9.67269279299995 ], [ -35.728424303999901, -9.67228555799994 ], [ -35.728455187999899, -9.672277498999961 ], [ -35.730742366, -9.67168066199997 ], [ -35.730946522999901, -9.671634836999941 ], [ -35.732317704, -9.67132705899996 ], [ -35.733029439999903, -9.67120449899994 ], [ -35.734249135, -9.671180752999931 ], [ -35.73562085, -9.671194282999981 ], [ -35.73727874, -9.671320479999959 ], [ -35.738475838999904, -9.67146941199996 ], [ -35.739590737999897, -9.67169812999998 ], [ -35.741325092999901, -9.672056147999969 ], [ -35.741837050999898, -9.67221372299997 ], [ -35.743213980999897, -9.672637526999949 ], [ -35.743248057, -9.672648015999931 ], [ -35.744636436, -9.673104993999971 ], [ -35.744956778999899, -9.67321376899997 ], [ -35.745855089, -9.673518798999959 ], [ -35.746371224, -9.67373253999995 ], [ -35.747340221999899, -9.67413381999995 ], [ -35.74776122, -9.67433081599995 ], [ -35.7487012449999, -9.67477067899995 ], [ -35.748850511999898, -9.67485750699996 ], [ -35.74934087, -9.67514274799993 ], [ -35.7504711079999, -9.67580020399993 ], [ -35.752928928, -9.677392214999941 ], [ -35.752959432999901, -9.67741036699994 ], [ -35.755343253, -9.67882881999998 ], [ -35.755476959, -9.678908379999941 ], [ -35.757180042999899, -9.680212247999981 ], [ -35.757569471999901, -9.680471792999979 ], [ -35.758909092, -9.681364613999961 ], [ -35.758968196999902, -9.68140400599998 ], [ -35.760393399999899, -9.68256203799996 ], [ -35.7611443609999, -9.68324330599995 ], [ -35.761846793, -9.684206863999981 ], [ -35.762165395999901, -9.684683172999939 ], [ -35.762662068999902, -9.68541302299997 ], [ -35.763158828, -9.68630889799994 ], [ -35.763518964999903, -9.687040371999959 ], [ -35.764288049999898, -9.687863221999979 ], [ -35.765031931, -9.68842338399998 ], [ -35.765751779, -9.688829273999939 ], [ -35.766939441, -9.689491830999939 ], [ -35.767912368999902, -9.69003401299994 ], [ -35.768250900693488, -9.690276389621038 ], [ -35.768658934087362, -9.69056852698125 ], [ -35.768948759999901, -9.69077603199997 ], [ -35.769844005, -9.691468292999961 ], [ -35.770617295, -9.69203425899997 ], [ -35.771166777, -9.692427161999939 ], [ -35.771698089, -9.692883682999931 ], [ -35.772821135, -9.69397384399997 ], [ -35.773219453, -9.69432101699994 ], [ -35.774159389, -9.695140263999971 ], [ -35.774622910999902, -9.69560440099997 ], [ -35.775417946999902, -9.696487624999969 ], [ -35.77609282, -9.697217968999951 ], [ -35.776111173999901, -9.69724190399995 ], [ -35.7767088579999, -9.69802129699997 ], [ -35.776762806, -9.698091646999959 ], [ -35.777468449, -9.699080384999951 ], [ -35.778197695, -9.699999934999941 ], [ -35.778814028999903, -9.700404858999949 ], [ -35.779564493999899, -9.70082059599997 ], [ -35.780715426, -9.701632998999971 ], [ -35.781470259999899, -9.70236065999995 ], [ -35.785121474783701, -9.705965216160747 ], [ -35.785192636999966, -9.706035468999961 ], [ -35.78781950099998, -9.70882190799994 ], [ -35.789204705999929, -9.71046798699998 ], [ -35.789840641999966, -9.711173530999915 ], [ -35.791005882, -9.712466313999943 ], [ -35.792826016999975, -9.71446611199994 ], [ -35.793704932999951, -9.715503584999983 ], [ -35.794078944, -9.715801583999948 ], [ -35.794507596999928, -9.716287115999886 ], [ -35.794844668999929, -9.716573511999957 ], [ -35.79485871499994, -9.716589209999924 ], [ -35.794962796175945, -9.716705533068124 ], [ -35.795101372, -9.716860407999951 ], [ -35.795626985999903, -9.71732436299993 ], [ -35.795976204999903, -9.71735573599994 ], [ -35.796521226, -9.71707693999997 ], [ -35.796618554457062, -9.716993472841697 ], [ -35.796933147999894, -9.716723682999948 ], [ -35.797113134999954, -9.716495623 ], [ -35.797084525999892, -9.716301448999918 ], [ -35.796794976999919, -9.716221384999955 ], [ -35.796882137999937, -9.716073091999942 ], [ -35.797311167, -9.715868310999962 ], [ -35.797832622999977, -9.715800720999965 ], [ -35.797945268999968, -9.715815485999943 ], [ -35.798185884999981, -9.715847023999977 ], [ -35.798450144999912, -9.716041866999934 ], [ -35.798832073999982, -9.716253794999972 ], [ -35.799249213999943, -9.716214565999923 ], [ -35.799539321999966, -9.715952442999907 ], [ -35.799904596, -9.715764674999914 ], [ -35.800357183999957, -9.715714699999953 ], [ -35.801179433999955, -9.715887443999947 ], [ -35.80137661704115, -9.715936566581995 ], [ -35.801967638999898, -9.71608380299995 ], [ -35.802621539, -9.71611460999998 ], [ -35.80350606, -9.71610998899996 ], [ -35.8038492109999, -9.71588586899998 ], [ -35.8040027179999, -9.71575154999994 ], [ -35.80422435, -9.71565830399993 ], [ -35.804443107999901, -9.715601569999929 ], [ -35.804705297999902, -9.715584889999951 ], [ -35.804948247, -9.71557592099998 ], [ -35.805171238, -9.715583791999959 ], [ -35.805337943, -9.71559654099997 ], [ -35.805465446, -9.71563384099994 ], [ -35.805562529858705, -9.71569134117458 ], [ -35.805572269999978, -9.715697109999919 ], [ -35.80569618000002, -9.715780050999943 ], [ -35.80579446199998, -9.715833484000012 ], [ -35.805871083999925, -9.715918223999918 ], [ -35.805907351, -9.715997050999956 ], [ -35.805977513999935, -9.71618494999996 ], [ -35.806017599999969, -9.716313509999939 ], [ -35.806119931, -9.716484841 ], [ -35.806179787999973, -9.716607299 ], [ -35.806254675999952, -9.716784146999977 ], [ -35.806297988999987, -9.7169700009999 ], [ -35.80629074699992, -9.717111651999986 ], [ -35.806360334, -9.717257671999988 ], [ -35.80648599099991, -9.717377533999958 ], [ -35.806621657999941, -9.717566616999971 ], [ -35.80672573399994, -9.717814145999935 ], [ -35.806783797999948, -9.718008728999958 ], [ -35.806802335999969, -9.718166073999921 ], [ -35.806788706, -9.718339984999922 ], [ -35.806756489999906, -9.718504874999976 ], [ -35.806734495632156, -9.71856750281184 ], [ -35.8067018529999, -9.71866045099995 ], [ -35.806667267, -9.718855585999959 ], [ -35.806614875, -9.71917945999996 ], [ -35.806514800999899, -9.71932396999995 ], [ -35.806310849999903, -9.71951381699995 ], [ -35.805999465, -9.719794367999951 ], [ -35.8058271539999, -9.71992512999998 ], [ -35.805756317, -9.719991998999941 ], [ -35.805655682, -9.72004518899996 ], [ -35.805396877, -9.720147186999951 ], [ -35.805173481999901, -9.720240470999951 ], [ -35.804984921, -9.72028316299998 ], [ -35.804745918, -9.72028017699995 ], [ -35.804527575, -9.72025974699994 ], [ -35.804369435, -9.720209672999941 ], [ -35.804289771999898, -9.72019219699996 ], [ -35.804104485, -9.72014385799997 ], [ -35.803972289999898, -9.72015661099994 ], [ -35.803855421, -9.72021997299993 ], [ -35.803791348999901, -9.720348208999949 ], [ -35.803768894, -9.72043777799996 ], [ -35.803768845, -9.72058610199997 ], [ -35.803782065, -9.720762057999931 ], [ -35.803828012999901, -9.721012768999969 ], [ -35.803887212999904, -9.721340553999941 ], [ -35.803979453, -9.72168987099997 ], [ -35.804131953, -9.722008813999929 ], [ -35.804364045999897, -9.72239540399994 ], [ -35.804449932, -9.72248577899995 ], [ -35.804699128, -9.72274799799993 ], [ -35.805146911, -9.72313959799993 ], [ -35.805580076, -9.723546693999941 ], [ -35.806129615, -9.723995798999971 ], [ -35.806415364, -9.72417980899996 ], [ -35.807111704, -9.724628223999961 ], [ -35.807738983, -9.725011900999959 ], [ -35.808592088, -9.72571882199998 ], [ -35.809670196999903, -9.726680124999969 ], [ -35.810113778, -9.72713763699994 ], [ -35.810157535638083, -9.727185456306415 ], [ -35.810576868999902, -9.727643712999932 ], [ -35.811197716999935, -9.728193043 ], [ -35.81155142799998, -9.728555341999954 ], [ -35.811897911999964, -9.728851922999979 ], [ -35.812217349999926, -9.729183997999922 ], [ -35.812758769999959, -9.729734006999955 ], [ -35.813038373, -9.730074315999957 ], [ -35.813336283999959, -9.730368064999926 ], [ -35.81372607299997, -9.730833902000011 ], [ -35.81398624699991, -9.73118621099994 ], [ -35.814191056999981, -9.731505200999955 ], [ -35.814338857999957, -9.731815197999936 ], [ -35.814500349, -9.732284682999968 ], [ -35.814604262999978, -9.732726559999936 ], [ -35.814718033999974, -9.732801825999946 ], [ -35.814948001999909, -9.732897086999923 ], [ -35.815103679999908, -9.732994322999975 ], [ -35.815345378999922, -9.733247847 ], [ -35.815632218999944, -9.733476562 ], [ -35.815735522999965, -9.733721428 ], [ -35.815788322999893, -9.734004658999904 ], [ -35.815864083999941, -9.734207515 ], [ -35.816051964999943, -9.734468176999975 ], [ -35.816274286999956, -9.734608277999932 ], [ -35.816588388999918, -9.734640394999925 ], [ -35.816907638999957, -9.734500450999981 ], [ -35.817221741000012, -9.734532566999974 ], [ -35.817450487999928, -9.734484278999975 ], [ -35.8176422989999, -9.734375694999962 ], [ -35.817646167999953, -9.734219960999955 ], [ -35.817685755999946, -9.733927338999901 ], [ -35.817773729999942, -9.733761579999953 ], [ -35.817885911999987, -9.733605875999949 ], [ -35.818022301999989, -9.733460225999977 ], [ -35.818128066999947, -9.733345741999919 ], [ -35.818318011999942, -9.733195306 ], [ -35.818421270999963, -9.733047133999904 ], [ -35.818518166999986, -9.732873839999954 ], [ -35.818624393999983, -9.732814399999921 ], [ -35.818793212999914, -9.732823507999964 ], [ -35.818947571999985, -9.732869486999949 ], [ -35.819080701, -9.732940425999956 ], [ -35.819192005999959, -9.733043875999989 ], [ -35.819269105999943, -9.733190281999935 ], [ -35.819276966999972, -9.733335192999935 ], [ -35.819214997, -9.733486158999902 ], [ -35.819153322999959, -9.733633349999913 ], [ -35.81908211699993, -9.733855671999923 ], [ -35.819028282, -9.734068087 ], [ -35.818930423999987, -9.734536748999965 ], [ -35.818783620000012, -9.734839146999938 ], [ -35.818651815999942, -9.734996942999938 ], [ -35.818470454999947, -9.735186322999976 ], [ -35.818446474, -9.735293675999976 ], [ -35.818492971999945, -9.735581848999928 ], [ -35.818524058999941, -9.735927181 ], [ -35.818472874999969, -9.736074286999905 ], [ -35.818393145999941, -9.736147680999938 ], [ -35.818302633, -9.736277484999931 ], [ -35.818166263999913, -9.736472317999887 ], [ -35.818099898999925, -9.736586994999961 ], [ -35.818010373999982, -9.736709439999967 ], [ -35.817920172999976, -9.736882207999962 ], [ -35.817865604, -9.737030278999956 ], [ -35.817793103999946, -9.737218253999966 ], [ -35.817839414999959, -9.737415889999976 ], [ -35.817940154999945, -9.7375931619999 ], [ -35.818092347999922, -9.73788395599998 ], [ -35.818172523999984, -9.738243176999948 ], [ -35.818206200999931, -9.738557797999956 ], [ -35.818292771999985, -9.738835384 ], [ -35.818404191999967, -9.739114860999951 ], [ -35.818469987999904, -9.73942160799993 ], [ -35.818533928999955, -9.739677688999979 ], [ -35.818578418, -9.740012347999958 ], [ -35.818606261, -9.740143754 ], [ -35.818506898999942, -9.74018198399996 ], [ -35.818358550999925, -9.740203815 ], [ -35.818206696999972, -9.740231400999964 ], [ -35.818155515999912, -9.740299768999936 ], [ -35.8181779129999, -9.740403843999932 ], [ -35.818214112999961, -9.740536127999952 ], [ -35.818341254, -9.740697585999989 ], [ -35.818445387999915, -9.740889176999943 ], [ -35.818480611999988, -9.741063480999976 ], [ -35.818514898999979, -9.741249755999934 ], [ -35.818540789999901, -9.741387217999939 ], [ -35.818584923999914, -9.741447783999977 ], [ -35.818628366999953, -9.741478188 ], [ -35.8186975, -9.741531623999986 ], [ -35.818720142999908, -9.74159356599996 ], [ -35.818719873999974, -9.741713981999975 ], [ -35.818741273999969, -9.74183079899996 ], [ -35.818783859759876, -9.741964843935055 ], [ -35.81880009, -9.742015930999971 ], [ -35.818910076, -9.74217183699994 ], [ -35.819033605, -9.74234984899994 ], [ -35.819123728, -9.742525318999981 ], [ -35.819248419, -9.742727505999939 ], [ -35.819368896999897, -9.742978401999951 ], [ -35.819502752999902, -9.743157675999949 ], [ -35.819620326999903, -9.743318218999949 ], [ -35.819716561, -9.743477644999929 ], [ -35.819826895999903, -9.74365513199996 ], [ -35.819969112, -9.74387877499993 ], [ -35.820043288, -9.743998722999949 ], [ -35.820097759, -9.74408680699997 ], [ -35.820201996, -9.744228843999959 ], [ -35.820306232, -9.74437088099995 ], [ -35.820396878999901, -9.74457310499997 ], [ -35.820472402, -9.744666311999939 ], [ -35.820572108, -9.74482840999997 ], [ -35.820663838, -9.745016782999929 ], [ -35.8207612859999, -9.745169964999951 ], [ -35.820853532999898, -9.745314005999941 ], [ -35.820943067, -9.74545492399994 ], [ -35.821031936324125, -9.745548833815514 ], [ -35.821044146, -9.745561735999928 ], [ -35.821154944999925, -9.745695524999984 ], [ -35.821154263999958, -9.745704219999904 ], [ -35.821235429999923, -9.745838669999927 ], [ -35.821330390999968, -9.745985829999935 ], [ -35.821368584999931, -9.746102434 ], [ -35.821438896999972, -9.746224395999956 ], [ -35.821596297082607, -9.746523638928892 ], [ -35.821639122, -9.746605055999961 ], [ -35.822021535, -9.747271760999981 ], [ -35.822158979986256, -9.747495545928867 ], [ -35.822338971999926, -9.747788604999883 ], [ -35.82237651917751, -9.747842963585601 ], [ -35.822636528, -9.74821938899993 ], [ -35.822876214, -9.74852041099996 ], [ -35.823138528999898, -9.748875492999961 ], [ -35.823388173, -9.74916269599993 ], [ -35.823662011, -9.749480892999941 ], [ -35.823821017999897, -9.74966741699996 ], [ -35.824013459, -9.74989196599995 ], [ -35.824215363860716, -9.750109446397319 ], [ -35.8242289679999, -9.750124099999944 ], [ -35.82448653199998, -9.750423567999942 ], [ -35.82477869, -9.75077231200002 ], [ -35.82500142799995, -9.751025398999911 ], [ -35.825251982999902, -9.751301007999889 ], [ -35.825513845999986, -9.751583306999976 ], [ -35.825799450999988, -9.751902397 ], [ -35.825959551, -9.752086580999961 ], [ -35.826008330500542, -9.752148598064649 ], [ -35.826120961999898, -9.752291794999961 ], [ -35.826399779, -9.75262202899995 ], [ -35.826614162999903, -9.752830748999941 ], [ -35.826780373, -9.753012481999971 ], [ -35.826958214999898, -9.75316760299995 ], [ -35.827165594, -9.753352468999941 ], [ -35.827388798999898, -9.75356185999993 ], [ -35.827649541, -9.75382074999993 ], [ -35.827842897, -9.75399580099997 ], [ -35.828097313999898, -9.754222140999961 ], [ -35.8283589649999, -9.754469437999941 ], [ -35.828678027, -9.75475805699995 ], [ -35.828902110999898, -9.754969608999939 ], [ -35.829242776999898, -9.75528150599996 ], [ -35.829525820999898, -9.755541292999959 ], [ -35.829764542, -9.75577476199993 ], [ -35.829807404999897, -9.75581668299998 ], [ -35.830068605999898, -9.75606977699994 ], [ -35.830202256, -9.75621320999994 ], [ -35.830355128, -9.75637727199995 ], [ -35.83055503, -9.756619870999939 ], [ -35.830743622999897, -9.756855778999981 ], [ -35.831027876, -9.75719225199998 ], [ -35.831284953, -9.757543421999969 ], [ -35.831611836, -9.75810147799996 ], [ -35.832281079, -9.75904469399995 ], [ -35.832721407999898, -9.759899784999959 ], [ -35.833343972, -9.760852673999979 ], [ -35.833398836936119, -9.760935794961334 ], [ -35.833595193999926, -9.761233277999946 ], [ -35.833917638999964, -9.76176215 ], [ -35.83412695699996, -9.762162208999978 ], [ -35.834238450999948, -9.762416092999935 ], [ -35.834257611011409, -9.762460120167319 ], [ -35.834378849, -9.76273870899996 ], [ -35.834411205, -9.76279949699995 ], [ -35.834569684, -9.76309722899998 ], [ -35.834811185, -9.763488757999941 ], [ -35.834889110955608, -9.763581032183062 ], [ -35.834997986, -9.763709953999964 ], [ -35.835221436000012, -9.76404564999994 ], [ -35.835589580000011, -9.764557588999931 ], [ -35.835591839999928, -9.764566505999959 ], [ -35.835992542999954, -9.765153800999968 ], [ -35.836412475999971, -9.765760050999948 ], [ -35.836693563999958, -9.766174996 ], [ -35.836898029999915, -9.766567483999964 ], [ -35.837110582, -9.766950978999898 ], [ -35.837293515999953, -9.767259336999921 ], [ -35.837677708999941, -9.76797986399994 ], [ -35.837685594999975, -9.767994654999921 ], [ -35.837841099999963, -9.768411336999936 ], [ -35.837856907393402, -9.768461175495183 ], [ -35.837913237999899, -9.768638777999969 ], [ -35.838001869, -9.76882918199993 ], [ -35.838123519, -9.76905124999996 ], [ -35.838255816, -9.76921290599995 ], [ -35.838379970999902, -9.769365195999971 ], [ -35.83857424, -9.769566545999959 ], [ -35.838853101, -9.76982097299998 ], [ -35.839027929999901, -9.76996836999996 ], [ -35.839186240999901, -9.77013783299998 ], [ -35.839338444, -9.77030974699994 ], [ -35.839531364, -9.77050674899994 ], [ -35.839640820999897, -9.77065792399998 ], [ -35.839840298999903, -9.77086841899995 ], [ -35.8399232249999, -9.770951695999941 ], [ -35.840035029, -9.771063974999951 ], [ -35.840317081, -9.771239931999959 ], [ -35.840664282, -9.77141500999994 ], [ -35.841022799, -9.77155887899994 ], [ -35.84120217229507, -9.77164535283681 ], [ -35.841216642999925, -9.771652328999956 ], [ -35.841388087999988, -9.771767397999973 ], [ -35.841496884999927, -9.77180481499996 ], [ -35.841681915999963, -9.771868448999985 ], [ -35.842008311999969, -9.772006958999988 ], [ -35.842362056999924, -9.772249584 ], [ -35.842761949999975, -9.77250738 ], [ -35.843109348999938, -9.77283115299997 ], [ -35.843341323999951, -9.773034532999922 ], [ -35.843673798999923, -9.77332218699992 ], [ -35.844118215999927, -9.773767029999956 ], [ -35.844239206999902, -9.773921991999899 ], [ -35.844337580999955, -9.774063573999978 ], [ -35.844348208999946, -9.774078957999919 ], [ -35.844468739999975, -9.774277614999924 ], [ -35.844559870999966, -9.774436137999896 ], [ -35.844698953999924, -9.774624543999941 ], [ -35.844818358999945, -9.774799792999964 ], [ -35.844953602999944, -9.774961668999946 ], [ -35.84508636, -9.775117525999963 ], [ -35.845248071999976, -9.775281414999935 ], [ -35.845447326999938, -9.775494803999916 ], [ -35.845586230999977, -9.775665570999923 ], [ -35.845718298999977, -9.775868020999976 ], [ -35.845856013999914, -9.776111712999977 ], [ -35.845969529999891, -9.776324412999902 ], [ -35.846123083999899, -9.776554731999951 ], [ -35.846276636999988, -9.776785050999912 ], [ -35.846486495999947, -9.777127515999915 ], [ -35.846760292999953, -9.777598032999943 ], [ -35.846762178999931, -9.777601670999978 ], [ -35.846837402999938, -9.777746744 ], [ -35.846986823999956, -9.77793088299995 ], [ -35.846991192999958, -9.777936266999951 ], [ -35.846996925, -9.777945686999931 ], [ -35.847106526999909, -9.778125782 ], [ -35.847232875999971, -9.778264260999912 ], [ -35.847398059999961, -9.77844530199997 ], [ -35.847803921999969, -9.778881937999948 ], [ -35.848022630999949, -9.779111378000014 ], [ -35.848272101999981, -9.779363562999919 ], [ -35.848524509, -9.779653870999958 ], [ -35.848752264000012, -9.779918983999956 ], [ -35.849090262999908, -9.780386166999975 ], [ -35.849192488999932, -9.780516379999913 ], [ -35.849354876999953, -9.78070947 ], [ -35.849553007999916, -9.780899445999989 ], [ -35.849774204000013, -9.781134903999931 ], [ -35.849942239999969, -9.781369235999957 ], [ -35.850141709999953, -9.781655518000019 ], [ -35.850301549999948, -9.781994588999918 ], [ -35.850416650999968, -9.782224898999967 ], [ -35.850543296999966, -9.782421101999947 ], [ -35.850709761999973, -9.782599924999911 ], [ -35.850943412999939, -9.78278968399998 ], [ -35.851208734999958, -9.782990595999905 ], [ -35.851329962999948, -9.783142658999964 ], [ -35.851511582999969, -9.783354704000011 ], [ -35.851767846999941, -9.783633644 ], [ -35.851912436999918, -9.783861229 ], [ -35.852033207999959, -9.784056988999943 ], [ -35.852115298999912, -9.78421774000001 ], [ -35.852174762999951, -9.784403008999973 ], [ -35.852330134999924, -9.784648041 ], [ -35.852512660999928, -9.784848490999973 ], [ -35.852789296, -9.78505609199992 ], [ -35.853129486999897, -9.7853209959999 ], [ -35.853279200999935, -9.785562680999913 ], [ -35.853284855999959, -9.785566025999923 ], [ -35.853411263999938, -9.785840923999931 ], [ -35.853662445999937, -9.786222563999978 ], [ -35.853768054999975, -9.786422997999953 ], [ -35.85383860099995, -9.78661785199991 ], [ -35.854025420999953, -9.786839034 ], [ -35.854250691999937, -9.787098119999946 ], [ -35.854655143999921, -9.787479941999919 ], [ -35.854927464999982, -9.787780502999919 ], [ -35.85515882699994, -9.788150833 ], [ -35.85525452299995, -9.788283769 ], [ -35.855436334999986, -9.788536329999928 ], [ -35.855917473, -9.789079446999924 ], [ -35.856339073999983, -9.789551688999918 ], [ -35.856643060999907, -9.789901296999979 ], [ -35.856868498, -9.790137719 ], [ -35.856999444999907, -9.79035465399992 ], [ -35.85716296199994, -9.790609047 ], [ -35.857171331999922, -9.790615513 ], [ -35.857362436999921, -9.790933223 ], [ -35.85769945, -9.791314491999934 ], [ -35.858227979999953, -9.791890929999933 ], [ -35.858494014999934, -9.792271905999925 ], [ -35.858651431999903, -9.792490850999922 ], [ -35.858940932999964, -9.792912238999971 ], [ -35.859193568, -9.793275435999913 ], [ -35.859418346999945, -9.793616572999984 ], [ -35.859571904999946, -9.793922684999909 ], [ -35.859677059999946, -9.794166812999947 ], [ -35.859886489999951, -9.794515065999985 ], [ -35.860248612999982, -9.794953630999945 ], [ -35.860427295999934, -9.795203343999912 ], [ -35.860669800000018, -9.795512011999961 ], [ -35.860840555999935, -9.795825260999944 ], [ -35.86101085, -9.796182202999901 ], [ -35.861288372999951, -9.796567695999912 ], [ -35.861608877, -9.796971028999977 ], [ -35.861764098999963, -9.797255908999922 ], [ -35.86194889599998, -9.797465271999926 ], [ -35.862269621999957, -9.797903605999956 ], [ -35.862283192999925, -9.797919212999915 ], [ -35.862573156999936, -9.798334802999928 ], [ -35.862668597999928, -9.798514053999927 ], [ -35.862838680999971, -9.798798094999892 ], [ -35.862964876000021, -9.799075887999962 ], [ -35.863041968722108, -9.79924190214299 ], [ -35.863081349, -9.79932670499994 ], [ -35.863230853999902, -9.799571285999949 ], [ -35.863377319146544, -9.799692794313273 ], [ -35.863554602999962, -9.799839869999936 ], [ -35.863768133999955, -9.800098062999982 ], [ -35.863997269, -9.800383676999989 ], [ -35.864203997999958, -9.800728808999946 ], [ -35.864311199999946, -9.800946852999957 ], [ -35.864534438999947, -9.801307812999891 ], [ -35.864699323, -9.801582711999988 ], [ -35.864838048999928, -9.801889403999962 ], [ -35.864908383999889, -9.802049257999954 ], [ -35.865079614999935, -9.802243012 ], [ -35.865288619999909, -9.802483364 ], [ -35.865502368, -9.80277655 ], [ -35.865564111999966, -9.802894935999937 ], [ -35.865714749999903, -9.803125022999968 ], [ -35.865886214999968, -9.803467107999939 ], [ -35.866016719999934, -9.803689835999894 ], [ -35.866125962999909, -9.803881796999967 ], [ -35.866223889999929, -9.804104964999958 ], [ -35.866346932999896, -9.804309633999928 ], [ -35.866515609, -9.804491004999925 ], [ -35.866683900999888, -9.80468453499995 ], [ -35.866686614999935, -9.804687655999942 ], [ -35.866843363999941, -9.804915292999947 ], [ -35.867082218999897, -9.805265775 ], [ -35.867229454, -9.805577231 ], [ -35.86737487599995, -9.805911870999982 ], [ -35.867577206, -9.806275460999956 ], [ -35.867852034999906, -9.806619928999947 ], [ -35.868135904999946, -9.807037964999985 ], [ -35.868745141, -9.807909536999979 ], [ -35.869087591, -9.808448633999909 ], [ -35.869377786999941, -9.808937116 ], [ -35.869743768999932, -9.809477995999902 ], [ -35.870024927000017, -9.809930808999976 ], [ -35.870341606999929, -9.810465816999923 ], [ -35.870524594999971, -9.810774157999944 ], [ -35.87078381500001, -9.811166997999941 ], [ -35.870791730999954, -9.811179259999978 ], [ -35.871003232999961, -9.811425625999934 ], [ -35.871295036999946, -9.811780123999956 ], [ -35.871412651, -9.812016446999969 ], [ -35.871535014999907, -9.812267705999975 ], [ -35.871812114999919, -9.812741418 ], [ -35.872008228999981, -9.813033263 ], [ -35.872228315999983, -9.813396892999968 ], [ -35.872503820999952, -9.813846356999942 ], [ -35.872718705999965, -9.814200844999963 ], [ -35.873028141999988, -9.814708274999937 ], [ -35.873186242000017, -9.815070113999944 ], [ -35.873442116999961, -9.815549194999971 ], [ -35.873529950999945, -9.815700190999941 ], [ -35.873627145999905, -9.81586728099991 ], [ -35.873702919999957, -9.815997544999941 ], [ -35.873818044999979, -9.816265744999928 ], [ -35.87397434199994, -9.816574969999934 ], [ -35.874241938999965, -9.816974272000021 ], [ -35.874608473, -9.817657674999989 ], [ -35.874871988999963, -9.818147041999978 ], [ -35.875116952999981, -9.818646659999928 ], [ -35.875378149, -9.819180706999884 ], [ -35.875541012999982, -9.819481685999918 ], [ -35.875660886999952, -9.819802721999924 ], [ -35.875830983, -9.820162553999943 ], [ -35.875992481999944, -9.820518816999932 ], [ -35.876169823999966, -9.820861634999964 ], [ -35.876182847562781, -9.820888061383462 ], [ -35.876381767999902, -9.82129169499996 ], [ -35.876577649999902, -9.82170012699993 ], [ -35.876866972, -9.82212439799997 ], [ -35.877114024, -9.822531261999931 ], [ -35.8772945609999, -9.82284596999995 ], [ -35.877353574, -9.822948839999979 ], [ -35.877539274999897, -9.82337398999994 ], [ -35.877867497999901, -9.82394406099996 ], [ -35.877881965898048, -9.823965699354284 ], [ -35.878132392999902, -9.824340240999927 ], [ -35.878374665999964, -9.824723043999892 ], [ -35.878585256999976, -9.824943367999914 ], [ -35.878781389999951, -9.825197307999964 ], [ -35.878938612, -9.825419142999934 ], [ -35.879153969999962, -9.825767834999919 ], [ -35.879304181999956, -9.826004583999968 ], [ -35.879475429, -9.82623622999995 ], [ -35.879677213, -9.826531412999948 ], [ -35.879833074000018, -9.826770634999935 ], [ -35.880068563999963, -9.827126681 ], [ -35.880405635999963, -9.827545825999948 ], [ -35.880507695999967, -9.827696850999921 ], [ -35.880525668999944, -9.827723446999901 ], [ -35.88080958, -9.828143566999934 ], [ -35.881086245999967, -9.828540635999925 ], [ -35.881266987999908, -9.828877948999946 ], [ -35.881518755999956, -9.829404315999977 ], [ -35.881740901999954, -9.829752761999941 ], [ -35.881885684999943, -9.829944496999907 ], [ -35.882117340000015, -9.830236112999966 ], [ -35.882335896999976, -9.830493977999897 ], [ -35.882418135999941, -9.830591006999931 ], [ -35.882751365999979, -9.831021519999936 ], [ -35.883002701, -9.831364188999956 ], [ -35.883114691999936, -9.831506590999926 ], [ -35.883287972999973, -9.831726924999948 ], [ -35.88345538699997, -9.831894139999928 ], [ -35.883721665999886, -9.832159230999924 ], [ -35.883921011999945, -9.832409464999934 ], [ -35.884101988999909, -9.832705981999954 ], [ -35.884274141999946, -9.833001828999919 ], [ -35.884518237999977, -9.833361438999919 ], [ -35.884722292999989, -9.833665535999945 ], [ -35.88487883399997, -9.833971856999977 ], [ -35.885045556, -9.834299358999896 ], [ -35.885275468000017, -9.834697624999897 ], [ -35.885562561999969, -9.835037177999926 ], [ -35.885933364, -9.835441386999975 ], [ -35.886052135999975, -9.835587416999978 ], [ -35.886239454999931, -9.835840682999972 ], [ -35.886417270999985, -9.83610197299992 ], [ -35.886622331999902, -9.836431094999973 ], [ -35.886863945, -9.83678468599992 ], [ -35.887128635999957, -9.83714585699996 ], [ -35.88742840099998, -9.837474705 ], [ -35.887750992999941, -9.837834314 ], [ -35.888019539999952, -9.838108319999925 ], [ -35.888249170999948, -9.838388117999983 ], [ -35.888552781999934, -9.838743493999988 ], [ -35.888869062, -9.839126068999935 ], [ -35.889338489999929, -9.839615902999963 ], [ -35.889763603999931, -9.840006736999971 ], [ -35.890161118999956, -9.84033425299998 ], [ -35.890601398999969, -9.840644605 ], [ -35.890616059999942, -9.840655289999987 ], [ -35.890655248999984, -9.840675042999933 ], [ -35.890999028999921, -9.840934377999897 ], [ -35.891169626, -9.841042068999926 ], [ -35.891340224, -9.841149759999954 ], [ -35.891674853999973, -9.841373386999983 ], [ -35.891986406999905, -9.84155153199989 ], [ -35.892312664999984, -9.841730791999979 ], [ -35.892536428999939, -9.84185854699998 ], [ -35.89282173299992, -9.842031783000014 ], [ -35.893097197999971, -9.842229694999958 ], [ -35.893393590999985, -9.842412519999897 ], [ -35.893596089999953, -9.842509508999928 ], [ -35.89384406799995, -9.842592455999952 ], [ -35.894081865, -9.842654222999911 ], [ -35.894259252000019, -9.842685006999972 ], [ -35.894350435000014, -9.842700831999949 ], [ -35.894568095999908, -9.84275524000001 ], [ -35.894728284999928, -9.842825695999977 ], [ -35.894923773999935, -9.842860929999961 ], [ -35.89503940399991, -9.842866779 ], [ -35.895286261, -9.842888418999927 ], [ -35.895524291999976, -9.842909389999885 ], [ -35.895774085999946, -9.842969151999945 ], [ -35.895848751999907, -9.842998136999945 ], [ -35.895923416999956, -9.843027122999946 ], [ -35.896130893999981, -9.843174046999934 ], [ -35.896359411999974, -9.843316736999927 ], [ -35.896552179999937, -9.843462545 ], [ -35.896780242999974, -9.843648927999968 ], [ -35.896866667000019, -9.843792499999946 ], [ -35.896974582999981, -9.844001837999947 ], [ -35.897146533, -9.844186879999892 ], [ -35.89741924, -9.844407802999964 ], [ -35.897587572999981, -9.844525519999934 ], [ -35.89782604899991, -9.844654385999938 ], [ -35.898260911, -9.844996384999902 ], [ -35.898371969999957, -9.845146237999955 ], [ -35.898450215999951, -9.845231562 ], [ -35.898569323999943, -9.845361442999909 ], [ -35.89884265099991, -9.845596992999948 ], [ -35.899206923999941, -9.845850389999953 ], [ -35.89957403599994, -9.846067607999895 ], [ -35.899864910999938, -9.846220786999957 ], [ -35.899929969, -9.846242661 ], [ -35.90012078699997, -9.846231595999964 ], [ -35.900276732999906, -9.846131768999964 ], [ -35.900317569, -9.84610035499994 ], [ -35.900329898999956, -9.846085155999926 ], [ -35.900386133, -9.845969338999936 ], [ -35.900396617999967, -9.845882790999969 ], [ -35.900596232999966, -9.845911621999957 ], [ -35.900840413, -9.846015107 ], [ -35.90142169099996, -9.846232885999893 ], [ -35.902489245, -9.846733851999954 ], [ -35.902763911, -9.847237737999901 ], [ -35.903101861999978, -9.847638340999918 ], [ -35.903433001999936, -9.848125772999925 ], [ -35.903699973999906, -9.848583624999971 ], [ -35.904011849999954, -9.849222444999981 ], [ -35.904254849999987, -9.849750475999972 ], [ -35.904435158999988, -9.850277219999946 ], [ -35.904597961999954, -9.850744550999888 ], [ -35.904771143999895, -9.851409203999903 ], [ -35.904856254, -9.851925210999966 ], [ -35.904902100999983, -9.852470829 ], [ -35.90491601999998, -9.852999611999955 ], [ -35.904892568, -9.853668737999985 ], [ -35.904846820999943, -9.854251760999908 ], [ -35.904822485999972, -9.85471672200001 ], [ -35.90479167599991, -9.855109373999902 ], [ -35.904766406999947, -9.855586236999923 ], [ -35.904740091, -9.855853993999961 ], [ -35.904706170999937, -9.856199118999918 ], [ -35.904641874999946, -9.85670891599991 ], [ -35.904572559999984, -9.857094484999926 ], [ -35.904472697999985, -9.857472662999953 ], [ -35.904354761, -9.85784582299992 ], [ -35.904228627999949, -9.858229277999939 ], [ -35.904111295999925, -9.858500579999916 ], [ -35.903988039999938, -9.858753232999948 ], [ -35.903810854999932, -9.858939906999939 ], [ -35.903646017999975, -9.859026969999949 ], [ -35.903517780999934, -9.859112958999958 ], [ -35.903465421999954, -9.859327800999971 ], [ -35.903487967999951, -9.85949142399992 ], [ -35.903564335999967, -9.859634156999917 ], [ -35.903672983999982, -9.859759049999948 ], [ -35.903766279999978, -9.859882779999971 ], [ -35.90384681099998, -9.859991632999918 ], [ -35.903897295999982, -9.860088916999885 ], [ -35.903966592999943, -9.860200208999945 ], [ -35.904038694999954, -9.860311612999926 ], [ -35.904188436, -9.860526057999905 ], [ -35.90447421899993, -9.860917608999973 ], [ -35.904668510999933, -9.861257893999973 ], [ -35.904813082, -9.861570347999891 ], [ -35.904901335000012, -9.861812802999967 ], [ -35.905026736, -9.862165165 ], [ -35.905109895999949, -9.862446777999931 ], [ -35.905174322999947, -9.862758912999912 ], [ -35.905207775999962, -9.863075988999945 ], [ -35.905237814999964, -9.863401635999889 ], [ -35.905221335999933, -9.863710882999985 ], [ -35.90516027799994, -9.864005890999969 ], [ -35.905126994999939, -9.864432017999967 ], [ -35.905084083999945, -9.864658813999903 ], [ -35.905028353999953, -9.864829599 ], [ -35.904986354999942, -9.865042818999967 ], [ -35.904978921999948, -9.865192072999971 ], [ -35.905012188999947, -9.865306958999973 ], [ -35.905051915999948, -9.86544730399995 ], [ -35.905148349999934, -9.865602447 ], [ -35.905225105999889, -9.865725972999915 ], [ -35.905288088999946, -9.865805344 ], [ -35.905308798999975, -9.865858123999924 ], [ -35.905344854999939, -9.865922776999945 ], [ -35.905381436999946, -9.865975988999907 ], [ -35.905411479999941, -9.866028481999898 ], [ -35.905448802999921, -9.86614670699991 ], [ -35.905480949, -9.866224795999887 ], [ -35.905527802999977, -9.866326759999975 ], [ -35.905582529999975, -9.866451970999943 ], [ -35.905638011999947, -9.86662177799996 ], [ -35.905779603000028, -9.867030150999909 ], [ -35.905819907999984, -9.867217980999907 ], [ -35.905833825999892, -9.867442005999969 ], [ -35.905861466999959, -9.867645677999946 ], [ -35.905870128999965, -9.867831862999896 ], [ -35.90583150199997, -9.868161270999973 ], [ -35.905814955000018, -9.868543910999925 ], [ -35.905837043999981, -9.8688280709999 ], [ -35.905947552999976, -9.869172494999887 ], [ -35.905992377999958, -9.869445997999957 ], [ -35.906079693999985, -9.869793771999955 ], [ -35.906169299999938, -9.870073977999958 ], [ -35.906231511999934, -9.87022392099993 ], [ -35.906269169999945, -9.870448378999939 ], [ -35.906293790999939, -9.870688330999897 ], [ -35.906343269999944, -9.871039227999976 ], [ -35.906379655999935, -9.871388832999948 ], [ -35.906405970999984, -9.871686929999921 ], [ -35.90641283799993, -9.871959241999981 ], [ -35.906397266999974, -9.872210840000015 ], [ -35.906402205999939, -9.872680214999949 ], [ -35.906412133440682, -9.872812202439983 ], [ -35.906420087999898, -9.87291795999994 ], [ -35.906445803999901, -9.87329570199995 ], [ -35.906460234999898, -9.87340011199996 ], [ -35.906486791, -9.87359224299996 ], [ -35.906531515, -9.873759886999951 ], [ -35.906582702, -9.873935481999981 ], [ -35.906642688, -9.87408276899993 ], [ -35.9067177209999, -9.87424404699993 ], [ -35.906855860999897, -9.87446551499994 ], [ -35.906991665, -9.874676579999971 ], [ -35.907153571, -9.874838261999971 ], [ -35.907436839, -9.87500730199997 ], [ -35.9077013409999, -9.87518938599993 ], [ -35.9077085549999, -9.875194351999941 ], [ -35.907922162, -9.875458887999971 ], [ -35.908062276, -9.87560182399994 ], [ -35.908517145, -9.87608514599998 ], [ -35.908823905, -9.87631216799997 ], [ -35.909116362, -9.87662611899998 ], [ -35.909322492999898, -9.876847335999971 ], [ -35.909509935, -9.877169657999961 ], [ -35.9096752, -9.87746687499998 ], [ -35.909951232, -9.877744350999929 ], [ -35.910490529999898, -9.878170568999961 ], [ -35.911235238, -9.878792499999969 ], [ -35.911591895, -9.87909354299995 ], [ -35.912522031, -9.87987863999996 ], [ -35.913703199999901, -9.88066366899994 ], [ -35.914831205, -9.88136813399996 ], [ -35.915477968999902, -9.881743262999979 ], [ -35.91612917, -9.88230884599994 ], [ -35.916848794, -9.883062649999941 ], [ -35.9186428269999, -9.88475799099996 ], [ -35.9204804949999, -9.88648170999994 ], [ -35.92069609, -9.886676645999961 ], [ -35.92123667, -9.88716542699996 ], [ -35.9214636479999, -9.887370656999961 ], [ -35.921716113999899, -9.88759893099996 ], [ -35.923644351, -9.889202458999931 ], [ -35.925225860999902, -9.89045815299994 ], [ -35.926697627, -9.89162671099996 ], [ -35.926942504, -9.89181521699993 ], [ -35.928130345999897, -9.89272962199993 ], [ -35.929246320999901, -9.89358870199993 ], [ -35.929465728, -9.89375760199994 ], [ -35.9304653619999, -9.89456247999993 ], [ -35.930665173, -9.894723361999979 ], [ -35.931278528, -9.89521721999995 ], [ -35.93360738, -9.89732372899994 ], [ -35.934850825999902, -9.89853946299996 ], [ -35.935895937999902, -9.89974138899993 ], [ -35.937026202, -9.901227751999951 ], [ -35.937740541, -9.90218079099998 ], [ -35.937742002740002, -9.902182741180926 ], [ -35.937930243, -9.902433881999926 ], [ -35.938415414999909, -9.903284658999976 ], [ -35.940262871, -9.906199517999923 ], [ -35.940959711466505, -9.907366778929736 ], [ -35.941413381, -9.90812670999998 ], [ -35.943162102, -9.91105594999993 ], [ -35.946096795, -9.91641293899994 ], [ -35.946607789786214, -9.917283019686742 ], [ -35.948831832999964, -9.921069940999914 ], [ -35.948874434889063, -9.921141298611301 ], [ -35.950771774, -9.92431931699997 ], [ -35.952718574, -9.927559198999971 ], [ -35.952924287379467, -9.927916588017002 ], [ -35.954501244, -9.930656258999946 ], [ -35.9550431239999, -9.931354072999952 ], [ -35.956478386999905, -9.933037407999965 ], [ -35.957482185999915, -9.934053031999976 ], [ -35.958706816930622, -9.935475475785781 ], [ -35.95940948, -9.936291638999929 ], [ -35.96070207692658, -9.937992812130979 ], [ -35.962146695999948, -9.93989406 ], [ -35.962655416999937, -9.940661501999912 ], [ -35.963029983999931, -9.941226563999948 ], [ -35.963580153999978, -9.942433067999943 ], [ -35.963858186999978, -9.943060219999964 ], [ -35.964409121999914, -9.944300152999972 ], [ -35.964794523, -9.945030139999975 ], [ -35.965143909999959, -9.94585210499995 ], [ -35.965569788999936, -9.946802968999933 ], [ -35.965982461999971, -9.947923304 ], [ -35.966604727999943, -9.9491920799999 ], [ -35.967726597999956, -9.951254822999953 ], [ -35.968103926, -9.951965248999937 ], [ -35.968601158999931, -9.952987798999988 ], [ -35.968964525999972, -9.953753984999967 ], [ -35.969785389999949, -9.955312412999948 ], [ -35.97037534, -9.95662609699993 ], [ -35.970989118999981, -9.958036153999981 ], [ -35.971103875999972, -9.958291072999934 ], [ -35.971387786999927, -9.958719782999967 ], [ -35.971620232999975, -9.959191952999955 ], [ -35.971926951999947, -9.959698148 ], [ -35.972255011999913, -9.960300660999941 ], [ -35.972303584999935, -9.96054109999994 ], [ -35.972419807999962, -9.960777181999934 ], [ -35.97267870799989, -9.961156637999977 ], [ -35.973153848999942, -9.961846029999908 ], [ -35.973585329999942, -9.962602172999944 ], [ -35.97379499099997, -9.963119968999887 ], [ -35.973951652999965, -9.963330695 ], [ -35.974236323999982, -9.96387309999994 ], [ -35.974432048000011, -9.964569782999941 ], [ -35.974501232999962, -9.964915956999985 ], [ -35.974636600999972, -9.965276603999893 ], [ -35.974939686, -9.965952991999902 ], [ -35.975191285999948, -9.966549724999894 ], [ -35.975453130999938, -9.96702689399994 ], [ -35.975839582999939, -9.967507722999933 ], [ -35.976247468999937, -9.967939308999938 ], [ -35.976976335999936, -9.96870470199994 ], [ -35.977502229999928, -9.969360042999895 ], [ -35.977596617107046, -9.96947905781154 ], [ -35.97787628, -9.969831690999969 ], [ -35.9780171049999, -9.969981262999969 ], [ -35.978431574999902, -9.97039256299996 ], [ -35.9787849209999, -9.970835493999971 ], [ -35.979164086, -9.971291445999951 ], [ -35.979801973999898, -9.972455003999929 ], [ -35.980780549, -9.97383003799996 ], [ -35.980855211162137, -9.973934948672632 ], [ -35.981223836999924, -9.97445291899993 ], [ -35.981692599999988, -9.975058627999953 ], [ -35.982787006476379, -9.976472757786347 ], [ -35.983033792, -9.976791639999931 ], [ -35.983864750821716, -9.977875012613326 ], [ -35.984368872999909, -9.978532267999949 ], [ -35.985199445999974, -9.979450548999989 ], [ -35.985961037999928, -9.98033245699995 ], [ -35.986986855999895, -9.981320360999977 ], [ -35.98754066399998, -9.981884641999947 ], [ -35.987851591999949, -9.982201448999959 ], [ -35.98898290999994, -9.983361045999981 ], [ -35.989267663806586, -9.983699147420324 ], [ -35.989466047, -9.98393469699994 ], [ -35.989826978577071, -9.984354934418619 ], [ -35.990213825999909, -9.984805345999934 ], [ -35.991222645999983, -9.986185217999974 ], [ -35.99186904, -9.987197679 ], [ -35.992467568999956, -9.98814265499993 ], [ -35.993170290999927, -9.989281961999961 ], [ -35.993830133999985, -9.990278845999931 ], [ -35.994724401, -9.991673765999973 ], [ -35.995733896999944, -9.993537692999919 ], [ -35.995905094838903, -9.993744259757804 ], [ -35.996380669, -9.994318085999961 ], [ -35.997119106999897, -9.995197312999951 ], [ -35.997921103, -9.99608586099993 ], [ -35.998272813241819, -9.996449223131513 ], [ -35.99863316299993, -9.996821510999929 ], [ -35.999362175999941, -9.997709968999988 ], [ -35.999908306451616, -9.998526784873503 ], [ -36.000033879999897, -9.998714597999941 ], [ -36.000192475999903, -9.998913 ], [ -36.000318998, -9.999071274999951 ], [ -36.000805311, -9.99967964399997 ], [ -36.001626716, -10.0009061559999 ], [ -36.001685842158487, -10.000987565658816 ], [ -36.002438371, -10.00202370799995 ], [ -36.002497997999967, -10.002099947999952 ], [ -36.002619932999927, -10.002255857999973 ], [ -36.003068107999972, -10.002828907999959 ], [ -36.003527918, -10.003469741999957 ], [ -36.003783223999989, -10.003896251999986 ], [ -36.004446076999947, -10.004770231999913 ], [ -36.004471827999943, -10.004810058000011 ], [ -36.005085450999914, -10.005822379999927 ], [ -36.005720032999925, -10.006875057999896 ], [ -36.005890161406761, -10.007157275144321 ], [ -36.00592211, -10.007210272999901 ], [ -36.006754322999903, -10.0086274129999 ], [ -36.007393685737767, -10.009710519132664 ], [ -36.007459555999972, -10.00982210599993 ], [ -36.008062994999896, -10.01108938199998 ], [ -36.008629577999969, -10.012088681999973 ], [ -36.009193226999976, -10.013125634999973 ], [ -36.010038718999944, -10.014742622999915 ], [ -36.010695691999942, -10.01593982499994 ], [ -36.011063624, -10.016649472999948 ], [ -36.01208944499998, -10.018668357999925 ], [ -36.013045564999949, -10.020695897999907 ], [ -36.013892268999932, -10.022400670999918 ], [ -36.014113503999937, -10.022867408999989 ], [ -36.014579649999959, -10.023746541999987 ], [ -36.015371515999931, -10.025007331999944 ], [ -36.015727430999981, -10.025579900999979 ], [ -36.01612924599992, -10.026348928999926 ], [ -36.016539193, -10.027260624999954 ], [ -36.01700801099998, -10.028280937 ], [ -36.017306033999944, -10.028776950999916 ], [ -36.017671659, -10.029403642999988 ], [ -36.018074779999957, -10.030078897999903 ], [ -36.018717446000018, -10.031112563999987 ], [ -36.019467584, -10.032392985999969 ], [ -36.020243202999964, -10.033673202999935 ], [ -36.020795581999927, -10.034757834999972 ], [ -36.021175219999982, -10.035292134999949 ], [ -36.021462963999987, -10.035796840999964 ], [ -36.021940603999987, -10.036704163999985 ], [ -36.022527911999909, -10.037809175999932 ], [ -36.023096802999902, -10.038780215999985 ], [ -36.023656762999963, -10.03951320499997 ], [ -36.023975820999979, -10.040001941 ], [ -36.024449155999974, -10.04083367199998 ], [ -36.02488289599998, -10.041377102999913 ], [ -36.025116011, -10.041730405999925 ], [ -36.025356697999925, -10.042222090999928 ], [ -36.02550465199991, -10.042545780999976 ], [ -36.025523043999925, -10.042556638999898 ], [ -36.025665830999927, -10.042823116999919 ], [ -36.025682025999934, -10.042862220999957 ], [ -36.025818913999977, -10.043080899999932 ], [ -36.02595657699991, -10.043413287999989 ], [ -36.026115563999923, -10.04371887299996 ], [ -36.026263526, -10.04404256799992 ], [ -36.026407095999971, -10.044422759999936 ], [ -36.026501609999976, -10.044770544999935 ], [ -36.026504319999937, -10.04478051499996 ], [ -36.026697904999963, -10.04513606999998 ], [ -36.026846430680678, -10.045561338394071 ], [ -36.026847384, -10.045564068 ], [ -36.027029209, -10.045853512 ], [ -36.027299314999901, -10.046337943 ], [ -36.027568644, -10.046708664999899 ], [ -36.027854901, -10.0471090739999 ], [ -36.028263573999901, -10.047569279 ], [ -36.02832361, -10.047636886 ], [ -36.028429162980345, -10.04777716371964 ], [ -36.02877689999994, -10.04823929899997 ], [ -36.02933020499998, -10.048792428 ], [ -36.029484991999908, -10.049004578999963 ], [ -36.029556335009957, -10.049102361605042 ], [ -36.029790864999903, -10.049423808 ], [ -36.029894664, -10.049553842 ], [ -36.029919940999903, -10.04966203 ], [ -36.029971009, -10.049785456999899 ], [ -36.030069534999903, -10.049905835999899 ], [ -36.0301850829999, -10.049981009 ], [ -36.030316624, -10.0500241829999 ], [ -36.030407926999899, -10.050150656 ], [ -36.030498716, -10.050283733999899 ], [ -36.030586924, -10.0504498249999 ], [ -36.030658625999898, -10.050568171 ], [ -36.030738582, -10.050667216 ], [ -36.030878373999897, -10.050691088999899 ], [ -36.031049117, -10.0505778209999 ], [ -36.031051217, -10.050562279 ], [ -36.031081098999898, -10.050341128 ], [ -36.030997532, -10.050201957 ], [ -36.0309444009999, -10.0501049439999 ], [ -36.030906947623144, -10.04998319590919 ], [ -36.03090674399995, -10.049982533999966 ], [ -36.03090674399995, -10.049896186999927 ], [ -36.030976897999984, -10.049861647999911 ], [ -36.031057368999981, -10.049867742999972 ], [ -36.031163115999938, -10.049895678999974 ], [ -36.031190455999891, -10.049977455 ], [ -36.031244102999977, -10.050067864999921 ], [ -36.031316321, -10.050179607999929 ], [ -36.031330033543469, -10.050259121553319 ], [ -36.031334891, -10.0502872879999 ], [ -36.031367905, -10.050382778 ], [ -36.031432901, -10.050500616 ], [ -36.031462819999902, -10.050635724 ], [ -36.031470268, -10.05075533 ], [ -36.031477779999904, -10.0508759709999 ], [ -36.031474666999898, -10.0508816509999 ], [ -36.031383381999902, -10.051048157 ], [ -36.031318386999899, -10.051189361 ], [ -36.031300332999898, -10.0513341189999 ], [ -36.031360171, -10.051517987 ], [ -36.031471591999903, -10.051645983 ], [ -36.031668128, -10.0518069949999 ], [ -36.031919899999899, -10.051945396 ], [ -36.032086477, -10.052064511 ], [ -36.032327892999902, -10.052255490999899 ], [ -36.032450664999899, -10.0524109159999 ], [ -36.032586334, -10.05257396 ], [ -36.032712201, -10.052689766999899 ], [ -36.032816403, -10.052823859999901 ], [ -36.032960842, -10.052961001 ], [ -36.033275360999902, -10.053409775 ], [ -36.033454393999897, -10.053729156 ], [ -36.033637905, -10.054115786999899 ], [ -36.033952148, -10.054693894 ], [ -36.034305033, -10.055524152 ], [ -36.034532371999902, -10.055971449 ], [ -36.034804274, -10.0564698969999 ], [ -36.035174169, -10.056956611 ], [ -36.035497238999902, -10.0572964089999 ], [ -36.035709663, -10.0575609529999 ], [ -36.035927259999902, -10.057758974 ], [ -36.036155247999901, -10.057948219 ], [ -36.036392148999902, -10.058147694 ], [ -36.036628311999898, -10.058356671999899 ], [ -36.036990685, -10.058565604 ], [ -36.037253587999899, -10.058805274 ], [ -36.037301599489027, -10.058846232507062 ], [ -36.037499404999913, -10.05901498 ], [ -36.037803133, -10.059229049999949 ], [ -36.038089775999907, -10.059413155999906 ], [ -36.038231285999984, -10.059597023999931 ], [ -36.038363121999964, -10.059768320999982 ], [ -36.038612685999922, -10.06005478099997 ], [ -36.038848905999927, -10.06038802999992 ], [ -36.039127429999965, -10.060676675 ], [ -36.039505479999981, -10.061058853 ], [ -36.039551838999913, -10.061099192999965 ], [ -36.039878313999921, -10.061383285999934 ], [ -36.0402290339999, -10.061698291999974 ], [ -36.040445903999988, -10.061905822999915 ], [ -36.040745256999976, -10.062301191999943 ], [ -36.041060907999984, -10.062611754999971 ], [ -36.04130156, -10.062887986 ], [ -36.041679600999927, -10.063270159999913 ], [ -36.042031689999924, -10.063736404999943 ], [ -36.042067341999946, -10.063777327999954 ], [ -36.042337686999929, -10.06404623199991 ], [ -36.042533082999931, -10.064405076999936 ], [ -36.042708436999966, -10.064771968999917 ], [ -36.042881576, -10.065167369999948 ], [ -36.042989367999937, -10.065529169999952 ], [ -36.042997267398256, -10.065567728585082 ], [ -36.043080862, -10.065975771 ], [ -36.043143003999901, -10.0661354169999 ], [ -36.043299353999899, -10.066537089 ], [ -36.043487367999901, -10.066990964 ], [ -36.043779744999902, -10.067261578999901 ], [ -36.043813411, -10.067292739 ], [ -36.044087503999897, -10.067638395 ], [ -36.044364553, -10.067946038999899 ], [ -36.044585883, -10.068270733 ], [ -36.044802828999899, -10.068602546 ], [ -36.044981164, -10.068931445 ], [ -36.045033277, -10.069260388 ], [ -36.045092826, -10.069618567 ], [ -36.045064816, -10.070103973 ], [ -36.045140766, -10.070625887999901 ], [ -36.045200414, -10.071232602999901 ], [ -36.045248829999899, -10.071609053 ], [ -36.045121336, -10.0721251909999 ], [ -36.044978967, -10.072582854 ], [ -36.0449776889999, -10.0730989429999 ], [ -36.044981231999898, -10.0734275209999 ], [ -36.044985134999898, -10.073877099 ], [ -36.04512934, -10.074270333 ], [ -36.0453633179999, -10.0745078259999 ], [ -36.045528251, -10.074759233 ], [ -36.045716970999898, -10.075079344 ], [ -36.046122472, -10.075358434 ], [ -36.046584251999903, -10.075288081999901 ], [ -36.046928695, -10.075208856 ], [ -36.046959898999901, -10.075201679 ], [ -36.047271722999902, -10.0751869389999 ], [ -36.047692674, -10.075142184 ], [ -36.048190892, -10.075227517 ], [ -36.048596281, -10.075258059 ], [ -36.049076772, -10.075571467 ], [ -36.049522553954873, -10.075781469816077 ], [ -36.049535691999971, -10.075787658999911 ], [ -36.04972730799993, -10.075945476999912 ], [ -36.050238969999988, -10.076232551999951 ], [ -36.050616981, -10.076490438999972 ], [ -36.050971257999912, -10.076803890999972 ], [ -36.051327751999921, -10.077088832999923 ], [ -36.05160481399993, -10.077396467999975 ], [ -36.052008884999971, -10.077818817000015 ], [ -36.052465017999964, -10.078445824999935 ], [ -36.05264577699991, -10.078754633999907 ], [ -36.052909758999903, -10.079205621999918 ], [ -36.053302545707588, -10.079742195448288 ], [ -36.053383728, -10.079853096 ], [ -36.053527827, -10.079997775 ], [ -36.053711273, -10.080135857999901 ], [ -36.053997202999902, -10.080329455 ], [ -36.054182864, -10.080439027 ], [ -36.054631296, -10.080415448999901 ], [ -36.05487334, -10.080424121 ], [ -36.0551503, -10.0804832159999 ], [ -36.055321932, -10.080773348 ], [ -36.055479428999902, -10.080995503999899 ], [ -36.0557342399999, -10.081339694 ], [ -36.055942267, -10.0816612429999 ], [ -36.056226035, -10.082007614 ], [ -36.056430317, -10.08225241 ], [ -36.056699212, -10.082540306999899 ], [ -36.057020118, -10.082908592 ], [ -36.057212723, -10.083303811999899 ], [ -36.0574177989999, -10.083663375999899 ], [ -36.057679314, -10.0840463069999 ], [ -36.057776706, -10.0841320509999 ], [ -36.0580117, -10.08433894 ], [ -36.058399359, -10.084473288 ], [ -36.058818188, -10.084581306 ], [ -36.059361023999898, -10.084717779 ], [ -36.059869671999898, -10.084794321999899 ], [ -36.060463714, -10.0848964109999 ], [ -36.060912222, -10.084997098 ], [ -36.061443853, -10.0850275719999 ], [ -36.061936133, -10.085064641 ], [ -36.062482633999899, -10.085153584999899 ], [ -36.062950381, -10.085131450999899 ], [ -36.063075119, -10.0851047909999 ], [ -36.063222437116245, -10.085073305957499 ], [ -36.063611854999969, -10.084990078999976 ], [ -36.064046893, -10.084889007999962 ], [ -36.064415159, -10.084897617999964 ], [ -36.064591607632153, -10.084899116036178 ], [ -36.064987602, -10.084902477999901 ], [ -36.065526600999902, -10.0848379089999 ], [ -36.065844334, -10.084747122 ], [ -36.066342452999898, -10.084583883999899 ], [ -36.066521599999902, -10.0845257299999 ], [ -36.066701011, -10.0844674909999 ], [ -36.067151608, -10.0842911129999 ], [ -36.0675149899999, -10.084275562 ], [ -36.067951587, -10.084279758 ], [ -36.068418676, -10.084391398 ], [ -36.068931071999899, -10.084544682999899 ], [ -36.069719701999901, -10.084766556 ], [ -36.070680653999901, -10.085144778 ], [ -36.07186145, -10.08569248 ], [ -36.073036337, -10.086316198 ], [ -36.074057523, -10.0869187829999 ], [ -36.074875297999903, -10.087243553999899 ], [ -36.075328612, -10.087478164999901 ], [ -36.075851035, -10.087748927 ], [ -36.076231685, -10.0879188449999 ], [ -36.077041774999898, -10.088259342 ], [ -36.07713324654511, -10.088297686883758 ], [ -36.077828279999942, -10.088589044999949 ], [ -36.07870184699992, -10.088859171999918 ], [ -36.079512130999909, -10.089079451999936 ], [ -36.080465030999967, -10.089405595999921 ], [ -36.081273275999962, -10.089769993999962 ], [ -36.08210790999992, -10.090148393999918 ], [ -36.082952481, -10.090572410999918 ], [ -36.083413495999942, -10.090808487999912 ], [ -36.083920983000013, -10.091075109999945 ], [ -36.0842188510575, -10.09123361894618 ], [ -36.084703815, -10.0914916899999 ], [ -36.085165326449278, -10.091736107203337 ], [ -36.085272719999942, -10.091792982999923 ], [ -36.085762933999916, -10.09208742799995 ], [ -36.086387932999934, -10.092492131999951 ], [ -36.086916960999922, -10.092874584999976 ], [ -36.08735840899994, -10.093228548999953 ], [ -36.08785732199992, -10.093605732999986 ], [ -36.088345966999938, -10.093997169999955 ], [ -36.088794456999921, -10.094394601999976 ], [ -36.08921346099995, -10.094824576999937 ], [ -36.089430954, -10.095051341999959 ], [ -36.089694461999962, -10.095314629999983 ], [ -36.090019159999912, -10.095615582999926 ], [ -36.090336861, -10.095928031999932 ], [ -36.090707792999957, -10.096354058999921 ], [ -36.091080448999975, -10.096823936999986 ], [ -36.091476438999962, -10.097268514999911 ], [ -36.091877573999938, -10.097725501999975 ], [ -36.092122385999943, -10.098020029999919 ], [ -36.092543168999939, -10.098538609999927 ], [ -36.092870845999961, -10.099011339999961 ], [ -36.093157087999934, -10.099414604999932 ], [ -36.093401253999971, -10.09973053999996 ], [ -36.093682812999909, -10.100115412 ], [ -36.093937258, -10.100495568999932 ], [ -36.094149909999921, -10.100824162999942 ], [ -36.094380265999973, -10.101081947999955 ], [ -36.094701497, -10.101427720999965 ], [ -36.094818131999965, -10.101655912999927 ], [ -36.094987106999916, -10.101957172999985 ], [ -36.095259331999969, -10.102344347999956 ], [ -36.09563063599996, -10.102871230999941 ], [ -36.095918672999986, -10.103275854999936 ], [ -36.096282049999942, -10.103826184 ], [ -36.096544242999968, -10.104224625999922 ], [ -36.097003893999982, -10.10491144 ], [ -36.097347664, -10.105360338999922 ], [ -36.097715009999938, -10.105898941999989 ], [ -36.097969285000012, -10.106291778999985 ], [ -36.098156406999955, -10.106612666999979 ], [ -36.098389878, -10.10698790999994 ], [ -36.098681529999972, -10.107439663999926 ], [ -36.098911974999943, -10.107853905999917 ], [ -36.099075792999905, -10.108103677999978 ], [ -36.099201076999968, -10.108338529999958 ], [ -36.099360699999941, -10.108603016 ], [ -36.099522243999985, -10.108960825999933 ], [ -36.099660710999984, -10.109261897999975 ], [ -36.099803557, -10.109585238 ], [ -36.099896100999921, -10.109730460000019 ], [ -36.099988204999903, -10.109920736999953 ], [ -36.100163932999969, -10.110174408999981 ], [ -36.10034392299994, -10.110453080999946 ], [ -36.100457973999958, -10.110635992999981 ], [ -36.100580943999923, -10.110900730999948 ], [ -36.100707413, -10.111159719999971 ], [ -36.100788303999934, -10.111337131 ], [ -36.100920610999957, -10.111599562999949 ], [ -36.101041754999947, -10.111887812999907 ], [ -36.101126145, -10.112059475999988 ], [ -36.101202585999928, -10.112215510999931 ], [ -36.101298444999955, -10.112436126999977 ], [ -36.101361629999943, -10.112684344999909 ], [ -36.101463327999923, -10.112908405999974 ], [ -36.101466130999974, -10.112911621999974 ], [ -36.101566692999945, -10.113189701999978 ], [ -36.101709773999971, -10.113510052999928 ], [ -36.101847490999909, -10.113781515 ], [ -36.101984204999944, -10.113987167999969 ], [ -36.102108774999948, -10.114191907999945 ], [ -36.102223521000028, -10.114365850999949 ], [ -36.102287334999978, -10.114487873 ], [ -36.102346700999917, -10.114588519999899 ], [ -36.102460982999958, -10.114768439999953 ], [ -36.102464913750751, -10.114777551190349 ], [ -36.102536035, -10.114942405 ], [ -36.102634591, -10.115101245999901 ], [ -36.102721532, -10.1152400359999 ], [ -36.102845129999899, -10.115378574 ], [ -36.102874973133304, -10.115407285361982 ], [ -36.102930564, -10.115460767999949 ], [ -36.103004549999987, -10.115560665999954 ], [ -36.103090171999966, -10.115655889000017 ], [ -36.103185719999971, -10.11576850499992 ], [ -36.103270699999896, -10.115872002999957 ], [ -36.103273287999933, -10.115874971999936 ], [ -36.103397069999957, -10.115986934999963 ], [ -36.103546947000012, -10.116125831 ], [ -36.103674387, -10.116226970999929 ], [ -36.103679776999989, -10.116230150999925 ], [ -36.103792564999907, -10.116338512999921 ], [ -36.103800328999931, -10.116347419999947 ], [ -36.103914207999935, -10.116478060999921 ], [ -36.103919383999923, -10.116483998999968 ], [ -36.104022269, -10.116611039 ], [ -36.104116297999958, -10.116706893999936 ], [ -36.104236871999902, -10.116860234999923 ], [ -36.104400142, -10.117044530999983 ], [ -36.104485913, -10.117164785999897 ], [ -36.104574658999958, -10.117289210999978 ], [ -36.104700879999925, -10.117515115999929 ], [ -36.104831065999946, -10.117810024999905 ], [ -36.104909629999966, -10.11799627799995 ], [ -36.105023123999942, -10.118204578999954 ], [ -36.105197642999904, -10.118461857999925 ], [ -36.105395222, -10.118712546999973 ], [ -36.105515176999972, -10.118910234999898 ], [ -36.105641378999934, -10.119100067999973 ], [ -36.105731389000013, -10.119320477 ], [ -36.105803951999974, -10.119536632999946 ], [ -36.105884890999924, -10.119728612999932 ], [ -36.106016739, -10.119991008999971 ], [ -36.106136886999899, -10.12014986599997 ], [ -36.106269804999975, -10.120325811999962 ], [ -36.106373803999965, -10.120511201999935 ], [ -36.106483213999958, -10.120735842999959 ], [ -36.106584431999984, -10.120957093999969 ], [ -36.106728389, -10.121281440999983 ], [ -36.106851570999972, -10.121546625999898 ], [ -36.10693987, -10.121789102999976 ], [ -36.106993216999967, -10.121973460999953 ], [ -36.107047848999954, -10.122141267999982 ], [ -36.107175807999973, -10.122381175999937 ], [ -36.107322079, -10.122603038 ], [ -36.107437813999979, -10.122906433999965 ], [ -36.107544650999941, -10.123273314999945 ], [ -36.10761723, -10.123536806999898 ], [ -36.107701038999913, -10.123837211999973 ], [ -36.107804312999932, -10.124250061999938 ], [ -36.107931065999935, -10.124687258999963 ], [ -36.108018087999945, -10.125014021 ], [ -36.108087970999954, -10.125326268999988 ], [ -36.108091353999967, -10.125341380999906 ], [ -36.108164212999952, -10.125710329999968 ], [ -36.108228925999981, -10.126075282999967 ], [ -36.108411113999956, -10.126524584999927 ], [ -36.108554604999924, -10.126782305999935 ], [ -36.108678907, -10.127033035999897 ], [ -36.108694159000017, -10.127068698999917 ], [ -36.108773975957313, -10.127255324156376 ], [ -36.108786274, -10.127284078999899 ], [ -36.108797708255914, -10.127300151827921 ], [ -36.108920975999951, -10.12747342599992 ], [ -36.109051660999931, -10.127714521999973 ], [ -36.109162873999892, -10.128061379999984 ], [ -36.109217571999977, -10.1283374 ], [ -36.109218600999974, -10.128614935999956 ], [ -36.109179307999923, -10.12886724599996 ], [ -36.109144763, -10.129131009999934 ], [ -36.109095742999934, -10.129399708999962 ], [ -36.109070845999916, -10.129575411999934 ], [ -36.10908842999995, -10.129784827999941 ], [ -36.109155534, -10.129900852999949 ], [ -36.109228027999954, -10.130020057999953 ], [ -36.109340586999942, -10.130095105999946 ], [ -36.109514793999971, -10.130174785999966 ], [ -36.109716809999988, -10.130259329999944 ], [ -36.109918396999966, -10.130349389999935 ], [ -36.110141333999941, -10.130454927999963 ], [ -36.110342066999941, -10.130556022999979 ], [ -36.110525345, -10.130664129999953 ], [ -36.110719773593303, -10.130776503624723 ], [ -36.110768134999901, -10.130804455 ], [ -36.11106404, -10.130988658 ], [ -36.111183618, -10.131068687 ], [ -36.111390943999901, -10.1312074429999 ], [ -36.111699749, -10.131441514 ], [ -36.111939779999901, -10.131653769 ], [ -36.112210444, -10.1319071689999 ], [ -36.112674334, -10.132367917 ], [ -36.112929176, -10.1326342149999 ], [ -36.1131328009999, -10.132879804 ], [ -36.113299207999901, -10.133241903999901 ], [ -36.113433981, -10.1336848629999 ], [ -36.113549669, -10.134223604999899 ], [ -36.113752575, -10.134696656 ], [ -36.1140211479999, -10.1350497829999 ], [ -36.1143125, -10.135290862 ], [ -36.114756008, -10.135496202999899 ], [ -36.115221442999903, -10.135596146 ], [ -36.115674148, -10.135682871 ], [ -36.116228464999899, -10.135777225 ], [ -36.116929335, -10.135971378 ], [ -36.11759033, -10.136170856 ], [ -36.118092047999902, -10.1363888879999 ], [ -36.118535299, -10.136585882 ], [ -36.118779806, -10.136704130999901 ], [ -36.119043072999901, -10.136834888 ], [ -36.119378366, -10.137018221999901 ], [ -36.1196746419999, -10.1371958509999 ], [ -36.119996162999897, -10.1374114449999 ], [ -36.120355206999903, -10.137652054999901 ], [ -36.120604086, -10.1378594199999 ], [ -36.120890916999898, -10.1380862849999 ], [ -36.121197605, -10.138347938 ], [ -36.121513713999903, -10.138627676999899 ], [ -36.121797355999902, -10.1389319849999 ], [ -36.121994014183919, -10.139153167928548 ], [ -36.122066987, -10.13923524099992 ], [ -36.122317857999967, -10.13952599 ], [ -36.122698371999924, -10.139962430999958 ], [ -36.122976349999917, -10.140341666999984 ], [ -36.123226817999949, -10.140674004999948 ], [ -36.123511601999972, -10.141072732999898 ], [ -36.123781710999943, -10.141442612999949 ], [ -36.124039733999972, -10.141786614999901 ], [ -36.124348247999919, -10.142206547999919 ], [ -36.124759858999958, -10.142785592999957 ], [ -36.12501833399994, -10.14316014699995 ], [ -36.125219410999968, -10.143438831 ], [ -36.125379285999962, -10.143667253999986 ], [ -36.125621806999959, -10.144029514999939 ], [ -36.125813627999932, -10.144318604999967 ], [ -36.125939593999959, -10.144538236999932 ], [ -36.126080708, -10.144754151999944 ], [ -36.126268202999974, -10.145026266999899 ], [ -36.126464104000014, -10.145299011 ], [ -36.126632812999944, -10.145522545999928 ], [ -36.126851774999942, -10.145788697999922 ], [ -36.127017254999956, -10.146017538999939 ], [ -36.127162477999981, -10.146253183999896 ], [ -36.127323019999942, -10.146509400999957 ], [ -36.127434615999938, -10.146742521999972 ], [ -36.127602919999916, -10.147117405999904 ], [ -36.127778078999931, -10.147492953999979 ], [ -36.127864001999939, -10.147693624999885 ], [ -36.127951659, -10.147908298999972 ], [ -36.128031787999966, -10.148147378999948 ], [ -36.128091184, -10.148326635999947 ], [ -36.128171929999922, -10.148521369999983 ], [ -36.12829566199995, -10.148698707999912 ], [ -36.128365579999958, -10.148814940999937 ], [ -36.128468270999932, -10.148944731999929 ], [ -36.128579606999907, -10.149108466999976 ], [ -36.128702177, -10.149309114999969 ], [ -36.128839397, -10.149538942999978 ], [ -36.128982034999986, -10.149771617999956 ], [ -36.129129873999958, -10.150046301999947 ], [ -36.129257240999927, -10.150330546999928 ], [ -36.129404248999926, -10.150652335 ], [ -36.129560229999953, -10.151006698999918 ], [ -36.12962929499998, -10.151133965999968 ], [ -36.129723604999967, -10.151299197999961 ], [ -36.129825229999938, -10.15144278199994 ], [ -36.129962906999964, -10.151666759999909 ], [ -36.130133998, -10.15189602099996 ], [ -36.130231323999965, -10.15205870299992 ], [ -36.130306076999936, -10.152185263 ], [ -36.130384404000019, -10.152302127999988 ], [ -36.130478475999986, -10.152434045999978 ], [ -36.130511298999949, -10.152519747999964 ], [ -36.13057043499996, -10.152629621999907 ], [ -36.130599813999901, -10.152723387999938 ], [ -36.130651397999905, -10.152821596999981 ], [ -36.130692199999906, -10.152913445999943 ], [ -36.130738630999929, -10.153041786999903 ], [ -36.130786985999933, -10.153145301999942 ], [ -36.13084396099994, -10.153246688999982 ], [ -36.130881082, -10.153313290999986 ], [ -36.130948839, -10.15342103599993 ], [ -36.130991802, -10.153521370999972 ], [ -36.130991589, -10.153524129999933 ], [ -36.131051365999959, -10.153625727 ], [ -36.131107460999985, -10.1537021 ], [ -36.13115450899997, -10.153786094999937 ], [ -36.13122141199991, -10.153904876 ], [ -36.131277532999931, -10.154017296999971 ], [ -36.131322229999988, -10.154131635999928 ], [ -36.131393668999948, -10.154264628999918 ], [ -36.131437059999897, -10.154359447999948 ], [ -36.13147874199997, -10.154476333999938 ], [ -36.131486508, -10.154485240999964 ], [ -36.131514793999933, -10.154556727999928 ], [ -36.131549135999933, -10.154659190999968 ], [ -36.131612998999977, -10.154744446999917 ], [ -36.131661757999929, -10.154806372999889 ], [ -36.131739846999906, -10.154889922999963 ], [ -36.131827197999939, -10.154963069999976 ], [ -36.131888258999929, -10.155048115999907 ], [ -36.131949319999919, -10.155133161999927 ], [ -36.131986893, -10.155230317999973 ], [ -36.132046030999923, -10.155340190999915 ], [ -36.132048405999946, -10.155345918999945 ], [ -36.13208661999991, -10.155434799000016 ], [ -36.13211274599994, -10.155497800999989 ], [ -36.132152907999973, -10.155597925999924 ], [ -36.132209029999913, -10.155710347999989 ], [ -36.132246713, -10.155806099999918 ], [ -36.132297870999892, -10.155909824999974 ], [ -36.132331975999961, -10.155978974999922 ], [ -36.132388311999911, -10.156088637999936 ], [ -36.132444860999975, -10.156195541999988 ], [ -36.132485450999958, -10.15629015 ], [ -36.132518725999958, -10.156406405999938 ], [ -36.132539911999935, -10.156496782999955 ], [ -36.132570812, -10.156607310999952 ], [ -36.132586392999961, -10.156697266999934 ], [ -36.132649171, -10.156861742999954 ], [ -36.132707288999924, -10.157057551 ], [ -36.132800366999987, -10.15731147399995 ], [ -36.132901993999958, -10.157455056999929 ], [ -36.132957969999971, -10.157628217999957 ], [ -36.133003311, -10.15773428299994 ], [ -36.133089810999955, -10.157818464999888 ], [ -36.13314158799998, -10.157877842999916 ], [ -36.133217090999921, -10.157958424999922 ], [ -36.133263287000013, -10.158053453999969 ], [ -36.133292453999935, -10.158149979999962 ], [ -36.133325301999903, -10.158271752 ], [ -36.133355347999988, -10.158393314999934 ], [ -36.133378909999983, -10.158489418999981 ], [ -36.133394491999944, -10.158579374999963 ], [ -36.133404253999949, -10.158671668999961 ], [ -36.133417698999907, -10.158789210999917 ], [ -36.13344494199994, -10.158910562999921 ], [ -36.133462256999955, -10.159014521999907 ], [ -36.133486245999983, -10.159105108999942 ], [ -36.133499665999942, -10.159186578999932 ], [ -36.133541989999976, -10.159295189999948 ], [ -36.133610390999955, -10.15939466 ], [ -36.133674469999924, -10.159477157 ], [ -36.133691807520108, -10.159509739305616 ], [ -36.133711377999902, -10.159546518 ], [ -36.133750477, -10.159624015 ], [ -36.133795151999898, -10.159702282 ], [ -36.133849755, -10.159797941 ], [ -36.133915328999898, -10.159861129 ], [ -36.134006981, -10.159915176 ], [ -36.134149102, -10.160009080999901 ], [ -36.134258636, -10.160050597 ], [ -36.134340385, -10.160123321999899 ], [ -36.134422346, -10.160193288999899 ], [ -36.134485759, -10.160247990999901 ], [ -36.134593157, -10.160317092 ], [ -36.1346529059999, -10.160363783 ], [ -36.134734705, -10.160508653 ], [ -36.134774869, -10.160608777999901 ], [ -36.134810521, -10.160730761 ], [ -36.134877189, -10.1608162279999 ], [ -36.134966893999902, -10.1608590299999 ], [ -36.135058522, -10.160877006 ], [ -36.135129036, -10.1609128179999 ], [ -36.135212076999899, -10.160948049999901 ], [ -36.135265741999902, -10.160967472 ], [ -36.135317921, -10.160985261 ], [ -36.135377225, -10.161020231999901 ], [ -36.135430396999901, -10.161059805 ], [ -36.135499044, -10.1611100329999 ], [ -36.135572458, -10.161176296 ], [ -36.135639168999901, -10.161235869999899 ], [ -36.135691514, -10.161329601 ], [ -36.135787085999901, -10.161442207999899 ], [ -36.135909351999899, -10.161501326 ], [ -36.136008105, -10.161536483 ], [ -36.136124125, -10.161603456 ], [ -36.13617849, -10.161665802 ], [ -36.136251544670081, -10.161690255608091 ], [ -36.136252847000016, -10.161690691537318 ], [ -36.136274654, -10.161697990999899 ], [ -36.136335429, -10.1616775809999 ], [ -36.136372263999903, -10.161638727 ], [ -36.136344617, -10.1615589639999 ], [ -36.136300772, -10.161433593 ], [ -36.136275688999902, -10.161320727 ], [ -36.136269155, -10.161223127 ], [ -36.136269081, -10.161114913999899 ], [ -36.136252847000016, -10.161082688537563 ], [ -36.136215332999924, -10.161008220999932 ], [ -36.136113941999973, -10.160897951999956 ], [ -36.136000699999933, -10.160795117999974 ], [ -36.135884492999907, -10.160694177999972 ], [ -36.135881854999958, -10.160619065999974 ], [ -36.135925979999968, -10.160522492999977 ], [ -36.135979391999946, -10.160451588999972 ], [ -36.136004539999895, -10.160345267999968 ], [ -36.135994135999923, -10.160261249999945 ], [ -36.135927040999967, -10.160181301 ], [ -36.135884312999984, -10.160114279999952 ], [ -36.135827019999951, -10.160020123999978 ], [ -36.135794339, -10.159828392999923 ], [ -36.135762682999953, -10.159651314999927 ], [ -36.135733825999964, -10.159493898999958 ], [ -36.135743596999887, -10.159284086999918 ], [ -36.135805142, -10.159158976999958 ], [ -36.135868854999948, -10.159061676 ], [ -36.135950733999969, -10.158952978999967 ], [ -36.136021728999893, -10.158873238999941 ], [ -36.136135319999966, -10.158745653999954 ], [ -36.136280948999939, -10.15859495399992 ], [ -36.136418640999963, -10.158435149999931 ], [ -36.136555697999931, -10.158311452999911 ], [ -36.136684477999928, -10.158183880999925 ], [ -36.13684754199992, -10.158035680999919 ], [ -36.136900632999961, -10.157987428999924 ], [ -36.137200851999935, -10.157737738999959 ], [ -36.13751674199996, -10.157453070999942 ], [ -36.13756453, -10.157410554999977 ], [ -36.137693098999897, -10.157296169999928 ], [ -36.137793, -10.157205838 ], [ -36.137892245999943, -10.15712396399989 ], [ -36.137936956, -10.157076714999977 ], [ -36.13793824699993, -10.157032150999932 ], [ -36.137926322999917, -10.156990847999978 ], [ -36.137916872999938, -10.156945477999955 ], [ -36.137926266, -10.156907900999954 ], [ -36.138266436, -10.156616549 ], [ -36.138293012999974, -10.156580261999935 ], [ -36.138291500999934, -10.156543994999954 ], [ -36.138290152, -10.156505612999975 ], [ -36.138293264, -10.156465438999938 ], [ -36.138318348000027, -10.156420533999952 ], [ -36.138528600999926, -10.156300201999944 ], [ -36.138794358999974, -10.156168020999932 ], [ -36.13917510299995, -10.156000091999982 ], [ -36.139555048999945, -10.155842445 ], [ -36.139977574999911, -10.155677650999948 ], [ -36.13998244767064, -10.155677170475659 ], [ -36.140454018, -10.155630666 ], [ -36.141008362, -10.1555274729999 ], [ -36.141559521, -10.1554654089999 ], [ -36.142112274999903, -10.15538278 ], [ -36.142927970310659, -10.15535768467142 ], [ -36.142947852, -10.15535707299998 ], [ -36.142997342572073, -10.155363020993036 ], [ -36.1435314719999, -10.155427215 ], [ -36.14402246, -10.155464052 ], [ -36.144562489999899, -10.1555459369999 ], [ -36.145006110999901, -10.155651615 ], [ -36.145460176, -10.1557580749999 ], [ -36.145940799999899, -10.155928581 ], [ -36.146087095175119, -10.155971890560851 ], [ -36.146361928999951, -10.156053252999939 ], [ -36.146635675036201, -10.15620398207315 ], [ -36.146775095, -10.156280749 ], [ -36.1471577189999, -10.15649561 ], [ -36.147459161, -10.156673355999899 ], [ -36.147756623, -10.156902511999901 ], [ -36.148061346, -10.157173583 ], [ -36.1483395079999, -10.157380606999901 ], [ -36.148538081, -10.157529951 ], [ -36.148759936, -10.1576500149999 ], [ -36.149009051, -10.157689386 ], [ -36.149280648999898, -10.1576634039999 ], [ -36.149477576, -10.1575876279999 ], [ -36.149669074, -10.15749055 ], [ -36.149670948079411, -10.157488135679669 ], [ -36.149771255999958, -10.157358911999967 ], [ -36.149844759999908, -10.157232087999954 ], [ -36.149905264999944, -10.157090358999952 ], [ -36.149965234000021, -10.156955553999989 ], [ -36.150065673999983, -10.156663587 ], [ -36.150107042999942, -10.156481092999989 ], [ -36.150162001999959, -10.156381892999953 ], [ -36.150287227000014, -10.156324157999972 ], [ -36.150416871999909, -10.156277088999985 ], [ -36.150530060999948, -10.156239114999952 ], [ -36.150690617999906, -10.156199542999964 ], [ -36.150813045999911, -10.156177765999939 ], [ -36.150943914, -10.156182459999972 ], [ -36.151078802999962, -10.156202957999891 ], [ -36.151212891999954, -10.156233729999951 ], [ -36.151336543999975, -10.156263715999945 ], [ -36.151465015999946, -10.156299231999952 ], [ -36.151575832999967, -10.156359252999945 ], [ -36.15160837, -10.156413374999982 ], [ -36.151623651999927, -10.156486865999934 ], [ -36.15165821099994, -10.15658247699994 ], [ -36.15168755199997, -10.156677694999914 ], [ -36.151719356999941, -10.156747945999953 ], [ -36.151721634999952, -10.156752976999925 ], [ -36.151787228999957, -10.156911128999955 ], [ -36.15187714399994, -10.157029313999963 ], [ -36.152022745999908, -10.157159255999968 ], [ -36.152238826999934, -10.157384420999946 ], [ -36.152352059999977, -10.157567043999958 ], [ -36.152489144999947, -10.157807177999931 ], [ -36.152555877999966, -10.158042032999912 ], [ -36.152598289000011, -10.158316854 ], [ -36.152602203516587, -10.158403231412052 ], [ -36.152608740999902, -10.158547487 ], [ -36.152613296, -10.1588542929999 ], [ -36.152559359, -10.159094025999901 ], [ -36.152435002999901, -10.159237931 ], [ -36.152275470999903, -10.159379197 ], [ -36.152122372, -10.159437365 ], [ -36.152095773, -10.159323929 ], [ -36.152112456999902, -10.159199809 ], [ -36.152113395999898, -10.159004856 ], [ -36.152066696, -10.158785436 ], [ -36.151922709, -10.15872588 ], [ -36.151756610999897, -10.158769141999899 ], [ -36.151658788, -10.158935933 ], [ -36.151678418, -10.159139393 ], [ -36.151698585, -10.159335928 ], [ -36.151654429, -10.159632115 ], [ -36.151816907999901, -10.1598184279999 ], [ -36.152103339999897, -10.160048864 ], [ -36.152456437, -10.1604235999999 ], [ -36.152633588999898, -10.160694593999899 ], [ -36.152890272, -10.160943691999901 ], [ -36.15310843, -10.1610506 ], [ -36.153676270999902, -10.161302138999901 ], [ -36.154071402395346, -10.161464153420537 ], [ -36.154341534999915, -10.161574914999925 ], [ -36.155181212999935, -10.162062760999966 ], [ -36.155843342999923, -10.162467641999982 ], [ -36.15648381299998, -10.162888353999975 ], [ -36.157043621999932, -10.163243759999983 ], [ -36.157947505999935, -10.163840880999917 ], [ -36.158115604629394, -10.163967603317474 ], [ -36.159137635, -10.164738068 ], [ -36.1604100119999, -10.165669594999899 ], [ -36.161405223, -10.1664337509999 ], [ -36.163041015, -10.167698656 ], [ -36.164247332999899, -10.168634526999901 ], [ -36.164672577217495, -10.169017459581136 ], [ -36.16541163899997, -10.169682984999948 ], [ -36.166117751999955, -10.170342687999909 ], [ -36.167165134999927, -10.171347556999919 ], [ -36.167933638999919, -10.172115593999962 ], [ -36.169042423999912, -10.173424544999907 ], [ -36.170318635999905, -10.17494804399993 ], [ -36.170843623566789, -10.1756190436959 ], [ -36.171443349999898, -10.176385568999899 ], [ -36.172997990999903, -10.178334664 ], [ -36.173679720752425, -10.179189416038668 ], [ -36.174262357999979, -10.179919926 ], [ -36.175138584999914, -10.181034175 ], [ -36.175714689528633, -10.18189101311285 ], [ -36.1758684489999, -10.1821196989999 ], [ -36.176723073999902, -10.1835140969999 ], [ -36.177335351999901, -10.184501289 ], [ -36.178035818999902, -10.1856007609999 ], [ -36.178641607826862, -10.186541047207802 ], [ -36.178734087999956, -10.18668459199997 ], [ -36.179276595, -10.187630692 ], [ -36.179702166999945, -10.188533200999892 ], [ -36.180067153947682, -10.189293142441695 ], [ -36.180439690999897, -10.190068804 ], [ -36.181264537999901, -10.1916815189999 ], [ -36.182322574999901, -10.193648294 ], [ -36.183387734, -10.195717343 ], [ -36.183505530823155, -10.195931119158628 ], [ -36.184057978999924, -10.196933694999952 ], [ -36.184606379999913, -10.19783858399995 ], [ -36.184641656999901, -10.197896792999881 ], [ -36.185066175470347, -10.198401992990794 ], [ -36.185503568999899, -10.1989225149999 ], [ -36.18662805, -10.2000305899999 ], [ -36.187958502999898, -10.2011675979999 ], [ -36.190040375, -10.2028906159999 ], [ -36.191941782999898, -10.204267428 ], [ -36.194064834999899, -10.20576676 ], [ -36.195533575999903, -10.206774383 ], [ -36.195899577, -10.207025476 ], [ -36.19800393, -10.2083398249999 ], [ -36.199383785999899, -10.209258025999899 ], [ -36.200693724, -10.210073463 ], [ -36.20204811, -10.2109549039999 ], [ -36.2035351009999, -10.211897993 ], [ -36.205304743999903, -10.213052014 ], [ -36.207209946, -10.214315949 ], [ -36.209194185999898, -10.215586467 ], [ -36.210731752, -10.2166626859999 ], [ -36.212304041, -10.217838984 ], [ -36.213720698, -10.218969875 ], [ -36.215075746, -10.220066215 ], [ -36.216784835999903, -10.221580115999901 ], [ -36.218436528, -10.223103604999899 ], [ -36.219288697, -10.223886745 ], [ -36.219764816, -10.224324296 ], [ -36.2202186499999, -10.22474683 ], [ -36.221440781, -10.225884671 ], [ -36.222099102, -10.2266164659999 ], [ -36.222958987, -10.22757924 ], [ -36.224217205999899, -10.229066306999901 ], [ -36.224358876999901, -10.229231856 ], [ -36.225216966999902, -10.230234570999899 ], [ -36.226015159, -10.231355081999901 ], [ -36.226704433999899, -10.232144908999899 ], [ -36.227391058, -10.232969376 ], [ -36.228088957999901, -10.233791536 ], [ -36.228811972, -10.234785853999901 ], [ -36.229440666, -10.2356268529999 ], [ -36.2301257559999, -10.236562614 ], [ -36.230875894, -10.237572895 ], [ -36.231723069999902, -10.23870189 ], [ -36.232336991999901, -10.2394749499999 ], [ -36.233139134999902, -10.240544819 ], [ -36.233711467, -10.241291052 ], [ -36.234534217, -10.242369428 ], [ -36.235469687, -10.243546787 ], [ -36.236467796999897, -10.244714835 ], [ -36.237392271, -10.245759006999901 ], [ -36.238186160999902, -10.2466610829999 ], [ -36.239047142999901, -10.2475194199999 ], [ -36.240248992, -10.2487305939999 ], [ -36.241411167, -10.249789110999901 ], [ -36.24256586, -10.25096887 ], [ -36.243877079, -10.2522299619999 ], [ -36.245114468999901, -10.253255703 ], [ -36.246352781, -10.254086507 ], [ -36.247511371, -10.254917054 ], [ -36.249006431999902, -10.256003805 ], [ -36.250693887999901, -10.257251175 ], [ -36.252247095, -10.2584040699999 ], [ -36.253756119999899, -10.259505767999901 ], [ -36.258127174, -10.262767106 ], [ -36.259164182999903, -10.263638518999899 ], [ -36.259630859, -10.264053912 ], [ -36.2596318189999, -10.2640547669999 ], [ -36.260137872, -10.2645052089999 ], [ -36.2612854999999, -10.265503301 ], [ -36.262215316, -10.266313225 ], [ -36.263311519, -10.267335316 ], [ -36.26446519, -10.268438294 ], [ -36.266119059999902, -10.270031317 ], [ -36.267640244999903, -10.271509991 ], [ -36.268492567, -10.27235712 ], [ -36.269660464, -10.273551686 ], [ -36.270806220999901, -10.274758543 ], [ -36.2713855699999, -10.275333138999899 ], [ -36.271862477, -10.275806132 ], [ -36.273134988, -10.2771129569999 ], [ -36.274433009999903, -10.2784565109999 ], [ -36.275405942, -10.279518126 ], [ -36.276098793, -10.2802765019999 ], [ -36.277119581, -10.281543649 ], [ -36.277994496, -10.2825909549999 ], [ -36.279026594999898, -10.283803207999901 ], [ -36.280057218, -10.285126800999899 ], [ -36.28079036, -10.28604237 ], [ -36.281639293999902, -10.287059869 ], [ -36.282454098, -10.288060889999899 ], [ -36.283383434, -10.289229276999899 ], [ -36.284521541999901, -10.290756988999901 ], [ -36.28557291, -10.292179624 ], [ -36.287087826999901, -10.294200944999901 ], [ -36.288232287, -10.2956839789999 ], [ -36.289158051999898, -10.2970832899999 ], [ -36.290324634999898, -10.298848645 ], [ -36.291133311, -10.300113849999899 ], [ -36.292074973999902, -10.301674518 ], [ -36.293133764999901, -10.30345963 ], [ -36.293837595999896, -10.3046159419999 ], [ -36.294612518, -10.306136335 ], [ -36.2952654219999, -10.307494388 ], [ -36.295904386, -10.30884958 ], [ -36.296577666, -10.310035033 ], [ -36.297190156999903, -10.311090578999901 ], [ -36.297879979, -10.312521021999901 ], [ -36.298000121851317, -10.312774960412558 ], [ -36.298000493999908, -10.3127757469999 ], [ -36.298471766, -10.313771848999984 ], [ -36.298575957999915, -10.313992071 ], [ -36.298770427899662, -10.314480638081156 ], [ -36.29903272, -10.3151395949999 ], [ -36.2996643339999, -10.316774641999899 ], [ -36.3001670149999, -10.318245358 ], [ -36.300707660151069, -10.319888500728219 ], [ -36.300712038, -10.31990180599994 ], [ -36.301283192, -10.321770672999939 ], [ -36.301621105999985, -10.323082904999978 ], [ -36.30189107799994, -10.324266146999914 ], [ -36.302084157999928, -10.325436817999964 ], [ -36.302123021868944, -10.325812051952981 ], [ -36.302201929, -10.326573907 ], [ -36.302346798, -10.327726937 ], [ -36.302493586, -10.3286711659999 ], [ -36.302626414, -10.3297049039999 ], [ -36.302790108999901, -10.3309813029999 ], [ -36.302807042277188, -10.33132753943751 ], [ -36.302850620999934, -10.33221859799994 ], [ -36.302853116999962, -10.333381924 ], [ -36.302821780999942, -10.334432918999923 ], [ -36.302772428999944, -10.335717754 ], [ -36.30276990955533, -10.335746292689617 ], [ -36.302661864, -10.336970165 ], [ -36.302529389, -10.338415268999899 ], [ -36.302440561, -10.339293196 ], [ -36.30235003, -10.3401013459999 ], [ -36.302284776, -10.340765115 ], [ -36.30218337, -10.341530667 ], [ -36.302124172120131, -10.341829706304514 ], [ -36.302044338, -10.342232989999953 ], [ -36.30200569899992, -10.342425422999977 ], [ -36.30190654899998, -10.342919214999977 ], [ -36.301680129999987, -10.343745097999921 ], [ -36.301563565000023, -10.344090471999987 ], [ -36.301496689, -10.344288621999951 ], [ -36.30138245699996, -10.344556402 ], [ -36.301246160999959, -10.344875903999959 ], [ -36.301236722999889, -10.344895748999914 ], [ -36.300908253999978, -10.345586436999952 ], [ -36.300512876999953, -10.346338526999919 ], [ -36.300510102, -10.346343805999911 ], [ -36.300376209999925, -10.346589051999953 ], [ -36.300155681999975, -10.34699298999989 ], [ -36.299949045999931, -10.347350440999978 ], [ -36.299747686999964, -10.347659259999951 ], [ -36.299514631999955, -10.347935035999942 ], [ -36.29924704499993, -10.348243356999962 ], [ -36.298765619999976, -10.348661995999962 ], [ -36.298185206, -10.349199508999938 ], [ -36.297467135940259, -10.349795444991056 ], [ -36.297417444, -10.349836685 ], [ -36.296483021, -10.350638191 ], [ -36.295597173, -10.351457545999899 ], [ -36.295404442999903, -10.351630202 ], [ -36.294706991999902, -10.352255007999901 ], [ -36.294336675, -10.352548113 ], [ -36.294084169, -10.3527373439999 ], [ -36.294054731, -10.352759406 ], [ -36.294025292999898, -10.3527814669999 ], [ -36.293762208, -10.3530932539999 ], [ -36.293505836999898, -10.353458992 ], [ -36.293397465999902, -10.353878521999899 ], [ -36.293327238, -10.354226062999899 ], [ -36.293407636, -10.354734493 ], [ -36.293615074999899, -10.3551454889999 ], [ -36.293814163, -10.355523788 ], [ -36.294038950999898, -10.3558505529999 ], [ -36.294400115, -10.356240928 ], [ -36.2947286959999, -10.356489903 ], [ -36.295112119, -10.356732274 ], [ -36.295315632, -10.3568971019999 ], [ -36.2953883079999, -10.356955962 ], [ -36.2956936369999, -10.357224582 ], [ -36.295968187, -10.357469527 ], [ -36.296241917, -10.3577250989999 ], [ -36.296485687, -10.35794637 ], [ -36.296809348999901, -10.358259110999899 ], [ -36.297040677, -10.358500831999899 ], [ -36.297308511, -10.3586918249999 ], [ -36.29756063, -10.3589457849999 ], [ -36.297693151, -10.35920692 ], [ -36.297736506, -10.359344350999899 ], [ -36.297816542, -10.359598056 ], [ -36.297893002, -10.36001234 ], [ -36.29801925, -10.360483626 ], [ -36.298098427999903, -10.3608625799999 ], [ -36.298184542999898, -10.361268696 ], [ -36.298262221999899, -10.361549832 ], [ -36.298427640999897, -10.361864152 ], [ -36.29855694, -10.362002576999901 ], [ -36.298686238999899, -10.3621410019999 ], [ -36.298932320999903, -10.3623458609999 ], [ -36.2992578449999, -10.362574403999901 ], [ -36.299559834, -10.362756781 ], [ -36.299809995, -10.3629086509999 ], [ -36.300114704, -10.363055701 ], [ -36.300449747, -10.363160600999899 ], [ -36.300949112, -10.363242214 ], [ -36.301344141, -10.363271643 ], [ -36.301875880999901, -10.3632846089999 ], [ -36.302389665, -10.363296236999901 ], [ -36.302977315, -10.36328672 ], [ -36.303540891999901, -10.363355349 ], [ -36.3040818549999, -10.3635888549999 ], [ -36.304709956999901, -10.363875477 ], [ -36.305293300999899, -10.3642742289999 ], [ -36.305887116999898, -10.364771459999901 ], [ -36.306412603, -10.365316305 ], [ -36.307303825, -10.366287479999899 ], [ -36.308512044999901, -10.367686071 ], [ -36.309878531, -10.3691427709999 ], [ -36.311605635, -10.370868861 ], [ -36.312952575999901, -10.372403423 ], [ -36.314537276, -10.3742682399999 ], [ -36.315706196, -10.375783559999901 ], [ -36.316795844999902, -10.377182295 ], [ -36.318143323999898, -10.379086338 ], [ -36.319230440999902, -10.380597161 ], [ -36.320300854, -10.382268258 ], [ -36.321807324, -10.384619401999901 ], [ -36.322659385, -10.385833981 ], [ -36.323908146999898, -10.387738247 ], [ -36.325505203, -10.390063714999901 ], [ -36.326884896, -10.392084937999901 ], [ -36.328357513999897, -10.394508139 ], [ -36.329713184, -10.3966075119999 ], [ -36.330497892, -10.39779392 ], [ -36.331339904999901, -10.3990884299999 ], [ -36.332100169999897, -10.400237407 ], [ -36.332901021999902, -10.40156717 ], [ -36.333601724999902, -10.402907216 ], [ -36.3341591249999, -10.4039967699999 ], [ -36.334889527, -10.405302627 ], [ -36.335661908, -10.4065325249999 ], [ -36.336515415999898, -10.40796899 ], [ -36.337130848, -10.409043683999901 ], [ -36.338098894, -10.4107292329999 ], [ -36.339074904, -10.4123650889999 ], [ -36.340051586, -10.413992085 ], [ -36.340831743, -10.415451033 ], [ -36.341614025, -10.416788257999899 ], [ -36.342317508999898, -10.418092951999901 ], [ -36.34285972, -10.419145827 ], [ -36.343443465999897, -10.4202457019999 ], [ -36.343870151, -10.4211567639999 ], [ -36.344395611, -10.42207516 ], [ -36.344899039, -10.4230452049999 ], [ -36.345407989, -10.424008468999901 ], [ -36.345830318, -10.424741572 ], [ -36.346200798, -10.425444164999901 ], [ -36.346524861, -10.4260455969999 ], [ -36.346852994, -10.4265940349999 ], [ -36.347122339999899, -10.427084809 ], [ -36.347413194, -10.427648236 ], [ -36.347774684999898, -10.428350145 ], [ -36.348236212, -10.4291603049999 ], [ -36.348572825, -10.429833733999899 ], [ -36.348926037999902, -10.4305261549999 ], [ -36.349279926, -10.4312097389999 ], [ -36.349648219999899, -10.431823333 ], [ -36.349952295, -10.4324499159999 ], [ -36.350223319, -10.433153982 ], [ -36.350495544, -10.433724904 ], [ -36.350744377999902, -10.434365149 ], [ -36.351223303, -10.4353228869999 ], [ -36.35163202, -10.436008737 ], [ -36.352137475999903, -10.4369034539999 ], [ -36.352426749, -10.437408988 ], [ -36.352777375, -10.438050174 ], [ -36.353240335, -10.438830801999901 ], [ -36.353584048999899, -10.439474661 ], [ -36.353981609, -10.4403000469999 ], [ -36.354460953999897, -10.441275134 ], [ -36.354766401999903, -10.441930247 ], [ -36.3551289769999, -10.4425763309999 ], [ -36.355594315, -10.443451826999899 ], [ -36.3560367709999, -10.444381552 ], [ -36.35654375, -10.4454441619999 ], [ -36.3572119909999, -10.446816151 ], [ -36.357810875, -10.4479071769999 ], [ -36.358297919206279, -10.448805095650801 ], [ -36.358423604999963, -10.449036810999921 ], [ -36.35899945099991, -10.450079231999929 ], [ -36.359731656999919, -10.451238829999951 ], [ -36.360573524999943, -10.452555095999969 ], [ -36.361393177, -10.453816924999924 ], [ -36.362024216999984, -10.454895380999982 ], [ -36.362910041, -10.456400527 ], [ -36.363412069999974, -10.457230772999946 ], [ -36.363962597999958, -10.458159081999927 ], [ -36.364386300999932, -10.458840407 ], [ -36.364934351999985, -10.459720258999958 ], [ -36.365744963999909, -10.461042321000011 ], [ -36.366242706999969, -10.461828513999958 ], [ -36.366919611999933, -10.462848172999948 ], [ -36.367825301, -10.464150436999962 ], [ -36.368511393999917, -10.465166035999971 ], [ -36.369211252999918, -10.466171806999967 ], [ -36.369745415999972, -10.466965864999942 ], [ -36.370284252999966, -10.467809591999941 ], [ -36.370740290999954, -10.468581522999951 ], [ -36.371210171999927, -10.469389227 ], [ -36.371827412999927, -10.470418005999935 ], [ -36.372140606999906, -10.470918840999985 ], [ -36.372510446999954, -10.471495839999942 ], [ -36.372913181999969, -10.472071232999944 ], [ -36.374039350999979, -10.474086203999953 ], [ -36.374599603999975, -10.475077735999925 ], [ -36.374648468999929, -10.475158811999972 ], [ -36.375248185, -10.476153851999968 ], [ -36.375808345999886, -10.477092386 ], [ -36.376457044999917, -10.478233109999966 ], [ -36.376918886999938, -10.478980606999908 ], [ -36.377272733, -10.479606329999989 ], [ -36.377631535999924, -10.480265763999927 ], [ -36.378054210999906, -10.481026260999968 ], [ -36.378860146999976, -10.482412429 ], [ -36.37914517399993, -10.482898551999895 ], [ -36.379373187999967, -10.483304688000015 ], [ -36.379515683999948, -10.483540518999988 ], [ -36.379638574999902, -10.48377156399992 ], [ -36.379731975999988, -10.483949664 ], [ -36.379840116999965, -10.484151827999941 ], [ -36.379948325999948, -10.484392532999962 ], [ -36.380031886999937, -10.484546560999917 ], [ -36.380159660999936, -10.484767961999939 ], [ -36.380307116999973, -10.485037508999948 ], [ -36.380434950999977, -10.485292635999919 ], [ -36.380582459000017, -10.485591089999922 ], [ -36.380710335999936, -10.485870306999932 ], [ -36.380820147999962, -10.486113990999932 ], [ -36.380842457450683, -10.486182320901303 ], [ -36.380894038, -10.486340303 ], [ -36.381011998, -10.486552086 ], [ -36.381174907162702, -10.486847220325332 ], [ -36.381208604999955, -10.486908268999926 ], [ -36.381400091999986, -10.487139197999937 ], [ -36.381547306999913, -10.487269028999933 ], [ -36.38167501799991, -10.487455289999978 ], [ -36.381797861999949, -10.487657430999917 ], [ -36.381920766, -10.487893296999982 ], [ -36.382048551, -10.488119516999959 ], [ -36.38219612099995, -10.488451695 ], [ -36.382328855999916, -10.488706811999968 ], [ -36.382500923999942, -10.489038946999916 ], [ -36.38262884399996, -10.489342248999964 ], [ -36.382800954999901, -10.489698470999951 ], [ -36.38308612799996, -10.490266482999964 ], [ -36.383327053999906, -10.490746828999917 ], [ -36.383445042, -10.490973064999896 ], [ -36.38359248699993, -10.491232974999907 ], [ -36.383764624999962, -10.491603651999934 ], [ -36.38401029999995, -10.491998291999902 ], [ -36.384128306999948, -10.492234161999967 ], [ -36.384260979, -10.492450736999945 ], [ -36.384364202999926, -10.492638453999934 ], [ -36.38445268599996, -10.492802108999975 ], [ -36.38455104400002, -10.49300910599996 ], [ -36.384688753999953, -10.493302758 ], [ -36.384772346999945, -10.493471239 ], [ -36.384865765999947, -10.493654156999952 ], [ -36.38496066899998, -10.493828807999925 ], [ -36.385063892999909, -10.494016525999914 ], [ -36.385147483999987, -10.49418500599991 ], [ -36.385240925, -10.494382375999987 ], [ -36.385344183, -10.494589363999971 ], [ -36.385442531999971, -10.494791543 ], [ -36.385501624999975, -10.494960063999912 ], [ -36.385590200999935, -10.495176711999896 ], [ -36.385703402999972, -10.495465583999906 ], [ -36.385791885999922, -10.495629236999946 ], [ -36.385850885999922, -10.495744762999912 ], [ -36.385934435, -10.495889153999958 ], [ -36.386065269999982, -10.4960934879999 ], [ -36.38614885399997, -10.496257149999941 ], [ -36.386222545999942, -10.496367832999951 ], [ -36.386301187999962, -10.496507414999954 ], [ -36.386365070999922, -10.496613296999922 ], [ -36.386433896999932, -10.496743258999928 ], [ -36.386527255000018, -10.496892449999926 ], [ -36.38665499499993, -10.497090804 ], [ -36.386787636999976, -10.497288108999978 ], [ -36.386905613999971, -10.497504708999958 ], [ -36.387008822999981, -10.497682790999949 ], [ -36.387131707999934, -10.497904198999972 ], [ -36.387259381999932, -10.498062967999964 ], [ -36.387426329999975, -10.498265028999985 ], [ -36.387544204999962, -10.498423813999977 ], [ -36.387711162999921, -10.498630691999953 ], [ -36.387887842999973, -10.498794193999981 ], [ -36.388045187999936, -10.498965893999976 ], [ -36.388324612999959, -10.499183685999967 ], [ -36.388491453, -10.499323115999957 ], [ -36.38858960299995, -10.499409668999924 ], [ -36.388722076999983, -10.499510614999927 ], [ -36.388879992999904, -10.499620316999945 ], [ -36.389022287999957, -10.499710683999961 ], [ -36.389152065999944, -10.49978878699994 ], [ -36.389286548999969, -10.499877630999919 ], [ -36.38941318399997, -10.499944987999985 ], [ -36.389582032, -10.500035309999909 ], [ -36.389699282000016, -10.500095003999963 ], [ -36.389820133999891, -10.500146804999897 ], [ -36.389913365999966, -10.500181379999916 ], [ -36.390009809999952, -10.500215949999934 ], [ -36.390101444999985, -10.500255266999901 ], [ -36.390202719999927, -10.500296144999908 ], [ -36.390331309, -10.500340132 ], [ -36.390456672999974, -10.500377806999914 ], [ -36.390585243999958, -10.500412317999928 ], [ -36.390727677999926, -10.500441632999955 ], [ -36.390841737999949, -10.500447740999928 ], [ -36.390949321999969, -10.500427009999989 ], [ -36.391029597999953, -10.500406329999965 ], [ -36.391133929999967, -10.500365071999926 ], [ -36.391214109999943, -10.500293850999984 ], [ -36.39126393799998, -10.500152226999901 ], [ -36.393730429999955, -10.498426017999982 ], [ -36.395940753999959, -10.496872190999937 ], [ -36.396206424999917, -10.496683931999904 ], [ -36.39895902899994, -10.493958098999965 ], [ -36.400281622999948, -10.49196666799995 ], [ -36.403574951999943, -10.486978007999923 ], [ -36.405364336999938, -10.482369704999925 ], [ -36.406702655999915, -10.47895142299998 ], [ -36.408807427999896, -10.47430169499993 ], [ -36.410367775999944, -10.469451847999931 ], [ -36.412755117999943, -10.465367155999914 ], [ -36.416099045999957, -10.457756479999922 ], [ -36.41770955299998, -10.454136265999967 ], [ -36.41838999099997, -10.452586545 ], [ -36.419418411999978, -10.449759075 ], [ -36.421952044999912, -10.442856966999923 ], [ -36.424784716999987, -10.437972955999939 ], [ -36.42762855699992, -10.433514712999923 ], [ -36.430722916999976, -10.429953902999909 ], [ -36.433596297999955, -10.427787296999966 ], [ -36.437103230999952, -10.425112497999987 ], [ -36.439837232999942, -10.423506509999978 ], [ -36.44183609699995, -10.42219226699995 ], [ -36.443724948999915, -10.421030859999956 ], [ -36.448367225999974, -10.41604448299994 ], [ -36.450394351999918, -10.414520200999942 ], [ -36.45150993699994, -10.413670232999959 ], [ -36.454909812999965, -10.411985923999953 ], [ -36.457275628999959, -10.410815653999936 ], [ -36.458675823, -10.410088814999927 ], [ -36.459859193999939, -10.409475226999962 ], [ -36.460688578, -10.409219418999935 ], [ -36.461882970999966, -10.408857367999911 ], [ -36.463096163999978, -10.408479600999918 ], [ -36.464144732999962, -10.408791678999894 ], [ -36.465282470999952, -10.409114378999949 ], [ -36.466573328, -10.40947948699996 ], [ -36.468649476999921, -10.410953490999884 ], [ -36.472318256999984, -10.414756395999945 ], [ -36.477050737999953, -10.417514744999909 ], [ -36.479446391999929, -10.419005902 ], [ -36.481448879999974, -10.420246573999989 ], [ -36.48257105799992, -10.420920431999967 ], [ -36.483225415999968, -10.421276077 ], [ -36.483583277, -10.42145039599994 ], [ -36.484038702999939, -10.421700958999978 ], [ -36.486146853000015, -10.422799053999974 ], [ -36.486868821999977, -10.423169727999912 ], [ -36.489032113999912, -10.424323295999969 ], [ -36.489410729999975, -10.424527274999971 ], [ -36.495555269999983, -10.427851003999908 ], [ -36.501929869999934, -10.431132408999897 ], [ -36.508451013999924, -10.431895922999921 ], [ -36.517243291999897, -10.43085478999993 ], [ -36.519052234, -10.430985518999911 ], [ -36.520305153999928, -10.43094077799994 ], [ -36.521706499999965, -10.430925417999912 ], [ -36.523510056999982, -10.430883930999943 ], [ -36.524848105999936, -10.430869955999942 ], [ -36.526908089999935, -10.430904863999988 ], [ -36.529416890999947, -10.430893280999918 ], [ -36.535073677999925, -10.430284496999906 ], [ -36.541254234999982, -10.428743278999928 ], [ -36.541705747999949, -10.428547370999972 ], [ -36.541986465, -10.428424771999953 ], [ -36.542358458999949, -10.428262690999954 ], [ -36.542768368999937, -10.428084274999936 ], [ -36.543110239999983, -10.427935193999947 ], [ -36.543366751999976, -10.427824244999915 ], [ -36.544814802999973, -10.42719335699994 ], [ -36.54972886999996, -10.425907938999988 ], [ -36.551814776999976, -10.42492205199995 ], [ -36.553552934, -10.424029257999976 ], [ -36.557603721999961, -10.421029106999988 ], [ -36.55798483599996, -10.420704191999928 ], [ -36.559244512, -10.419603713999912 ], [ -36.559561568999946, -10.419312061999939 ], [ -36.560219136999912, -10.418707106999889 ], [ -36.56112790399996, -10.417615692 ], [ -36.562028692999974, -10.415654361 ], [ -36.562495473999959, -10.414609588999966 ], [ -36.562685286999944, -10.41391821699996 ], [ -36.562207477999934, -10.412124843 ], [ -36.561130681999927, -10.409942474999987 ], [ -36.559990915999947, -10.406638011999956 ], [ -36.559358319999916, -10.403084476999922 ], [ -36.5590672229999, -10.396002406999969 ], [ -36.558091889999936, -10.390680491999902 ], [ -36.55735967899993, -10.384045312999977 ], [ -36.557267567999943, -10.383215509999975 ], [ -36.557008231999895, -10.380159797999919 ], [ -36.556743479000012, -10.377081114999918 ], [ -36.556986560999967, -10.374887646999973 ], [ -36.557572117999918, -10.370134210999957 ], [ -36.559752486999933, -10.365330897999989 ], [ -36.562383423999925, -10.361340559999963 ], [ -36.564488143, -10.358310783000011 ], [ -36.564917638999908, -10.35588726199995 ], [ -36.564156512999908, -10.351084686999954 ], [ -36.563852735999909, -10.347047942 ], [ -36.56385013299996, -10.344297678 ], [ -36.563945604999951, -10.342966025999942 ], [ -36.564892525999966, -10.339604753999918 ], [ -36.566114346999896, -10.335313085999918 ], [ -36.56678709699996, -10.330841026 ], [ -36.567471321, -10.329082263999965 ], [ -36.567611458999956, -10.328721974999908 ], [ -36.569076656999947, -10.326201198999971 ], [ -36.570053875999982, -10.323170047999906 ], [ -36.570495181999902, -10.320549519999886 ], [ -36.570751066999932, -10.319109485999931 ], [ -36.571087895999916, -10.318185484999951 ], [ -36.571825626999939, -10.316147185999966 ], [ -36.573748614999971, -10.313536379999952 ], [ -36.576068182999961, -10.311165709 ], [ -36.579517110999952, -10.308074681999955 ], [ -36.582522001999976, -10.305212170999898 ], [ -36.584594958999986, -10.30385010299991 ], [ -36.587292282999968, -10.30127204099994 ], [ -36.587529784, -10.301044004999902 ], [ -36.591279481999912, -10.29851874999995 ], [ -36.596394930999949, -10.294064947999946 ], [ -36.599275452999983, -10.291213964999955 ], [ -36.600450098999922, -10.29006031499998 ], [ -36.601344441999935, -10.288884843999977 ], [ -36.60161554899998, -10.288528404999973 ], [ -36.601840309999929, -10.288231654999933 ], [ -36.603711040999904, -10.285770464999953 ], [ -36.605097383999947, -10.282161776999974 ], [ -36.605423933999965, -10.279835996999918 ], [ -36.605872060999914, -10.278361421999946 ], [ -36.607030194999908, -10.276215620999949 ], [ -36.608090383999965, -10.2748088029999 ], [ -36.610456048999943, -10.270562128999892 ], [ -36.610584039999964, -10.270332470999985 ], [ -36.613068099999971, -10.267530419999957 ], [ -36.615536788999954, -10.265197287 ], [ -36.617715130999976, -10.262792676999908 ], [ -36.619724113999936, -10.260102243999967 ], [ -36.621007073999948, -10.257911697999909 ], [ -36.621547579, -10.256394152999935 ], [ -36.622639207999988, -10.255251734999913 ], [ -36.624222696999915, -10.254350045 ], [ -36.624520371999942, -10.254177983999977 ], [ -36.626150925999937, -10.25355314999997 ], [ -36.627516197999924, -10.253035813999887 ], [ -36.631046120999962, -10.252236438999915 ], [ -36.631921170999888, -10.252152549 ], [ -36.632301051999967, -10.252116520999941 ], [ -36.634134843, -10.251939700999966 ], [ -36.636364349999987, -10.251894214999933 ], [ -36.638570702000024, -10.251962969999937 ], [ -36.641125433999925, -10.253151522999957 ], [ -36.643146106999964, -10.254385758999938 ], [ -36.64530625, -10.256122823999956 ], [ -36.647445173999955, -10.258222326999942 ], [ -36.649697522999887, -10.262198635999962 ], [ -36.651276720999896, -10.263889772 ], [ -36.657710196000011, -10.267912278999933 ], [ -36.659275684999955, -10.268448183999954 ], [ -36.660783133999978, -10.268541876999979 ], [ -36.662850169999942, -10.268541953999897 ], [ -36.665242160999973, -10.268084960999921 ], [ -36.667455932999907, -10.267765075999922 ], [ -36.669910041999927, -10.267833626 ], [ -36.675339190999985, -10.269226551999964 ], [ -36.677756508999977, -10.269486334999964 ], [ -36.679371953999969, -10.269812274999932 ], [ -36.681656886999932, -10.270245754999916 ], [ -36.683670792999941, -10.270751000999976 ], [ -36.684963915, -10.271045591999926 ], [ -36.68580135900001, -10.271205042999974 ], [ -36.688691655999968, -10.271430380999966 ], [ -36.691461081999961, -10.271584397 ], [ -36.695543996, -10.271204329999915 ], [ -36.698611269999951, -10.270824309 ], [ -36.701617663000015, -10.270404287999977 ], [ -36.704239354999949, -10.269182463999957 ], [ -36.706005424999972, -10.268524929 ], [ -36.707996318999939, -10.268104917999974 ], [ -36.711014678999923, -10.267638228999907 ], [ -36.714517223, -10.267200099999982 ], [ -36.720403753999982, -10.264911485999981 ], [ -36.721211374999925, -10.264598574999937 ], [ -36.727547675999986, -10.255722748999982 ], [ -36.731193273, -10.248597836999949 ], [ -36.732879319999974, -10.245413247999977 ], [ -36.735214416999909, -10.24193493999995 ], [ -36.73645313, -10.24059550999997 ], [ -36.737880692999987, -10.239482174999956 ], [ -36.740961446999982, -10.236416974999916 ], [ -36.743901340999955, -10.232869586999946 ], [ -36.746195927, -10.23071039 ], [ -36.747613975, -10.229213505999954 ], [ -36.748880662999923, -10.228188164999938 ], [ -36.751836315999959, -10.226525253000016 ], [ -36.75358168099995, -10.226220107 ], [ -36.755580428999949, -10.226136513999915 ], [ -36.756805997999926, -10.225722469999941 ], [ -36.758336511, -10.224912649 ], [ -36.75915899200001, -10.224919921999973 ], [ -36.760065276999946, -10.225054577000012 ], [ -36.761047782999974, -10.225429032 ], [ -36.762091304999984, -10.22611074 ], [ -36.763850778, -10.227032063999939 ], [ -36.765533995999903, -10.227466262999894 ], [ -36.767097931999984, -10.22743581499995 ], [ -36.769474148999954, -10.227937226999959 ], [ -36.774769058999915, -10.226840780999922 ], [ -36.775220145999938, -10.226784134999942 ], [ -36.776822129999971, -10.226611366999947 ], [ -36.779580786999958, -10.227149644999898 ], [ -36.783485945999956, -10.228210266 ], [ -36.786352849999929, -10.228247367999952 ], [ -36.78856114599995, -10.228094064999969 ], [ -36.791466602999918, -10.22721610799989 ], [ -36.793364685999933, -10.225919106999957 ], [ -36.795921067999977, -10.223287351999897 ], [ -36.797160182999917, -10.220884805999972 ], [ -36.798089325999968, -10.218367933 ], [ -36.798728303999987, -10.216157500999898 ], [ -36.799734788999956, -10.214403341999976 ], [ -36.801438750999985, -10.213106361999955 ], [ -36.803453055999938, -10.212914888999922 ], [ -36.809148518999919, -10.214513438999937 ], [ -36.811589403, -10.214931639999989 ], [ -36.814456488999987, -10.215197083999925 ], [ -36.817322564999984, -10.214584537999958 ], [ -36.81829741, -10.214317458999975 ], [ -36.819361007999888, -10.214026459999967 ], [ -36.820111248999972, -10.213820804999916 ], [ -36.821437514999928, -10.213057719999927 ], [ -36.82169281599991, -10.212904740999971 ], [ -36.821830295, -10.212829070999927 ], [ -36.822007540999927, -10.212726984999918 ], [ -36.822243209999975, -10.212583957999897 ], [ -36.822551002999951, -10.212409105999907 ], [ -36.824332569999925, -10.211683908999944 ], [ -36.826346684999947, -10.211187316999979 ], [ -36.827926578999929, -10.209878001999915 ], [ -36.82975434, -10.208440650999915 ], [ -36.830613836999966, -10.207353009999984 ], [ -36.83153528, -10.206190331999974 ], [ -36.832291318999935, -10.204246462999986 ], [ -36.832695681, -10.203175625999936 ], [ -36.833034093000023, -10.201461462999948 ], [ -36.8333138899999, -10.200049140999976 ], [ -36.833585914999937, -10.199187442 ], [ -36.83381484199996, -10.198469178999989 ], [ -36.834203449999961, -10.197227486999925 ], [ -36.834468881999989, -10.196818596999933 ], [ -36.835095353999954, -10.1958843039999 ], [ -36.835674474, -10.195015459999954 ], [ -36.83788186799994, -10.193336717999966 ], [ -36.840476942999985, -10.192000806999921 ], [ -36.843265700999979, -10.19043594399994 ], [ -36.844548142999948, -10.189141328999938 ], [ -36.844684026, -10.189015740999938 ], [ -36.844791366, -10.188890281999949 ], [ -36.844930960999918, -10.188757269999957 ], [ -36.846465826999989, -10.187507345000011 ], [ -36.846824065999968, -10.186891743999968 ], [ -36.847588034999937, -10.185600551999894 ], [ -36.84821508099995, -10.184290346999934 ], [ -36.848903369999967, -10.182816795999958 ], [ -36.84926405099997, -10.181831463999966 ], [ -36.849843773999972, -10.180244444999929 ], [ -36.850385463999942, -10.178447650999942 ], [ -36.850843780999938, -10.176932041999951 ], [ -36.851279608999938, -10.175416997999918 ], [ -36.851780343999977, -10.173843649999945 ], [ -36.852284180000012, -10.172196012999954 ], [ -36.85273880799997, -10.170903352999936 ], [ -36.853205407999937, -10.169647469999941 ], [ -36.85375501099994, -10.168111272999933 ], [ -36.854253363999959, -10.167351647999965 ], [ -36.854670735999946, -10.16668334 ], [ -36.855160348999952, -10.165810211999968 ], [ -36.855749026999902, -10.164856598999936 ], [ -36.856609434999946, -10.164100915999938 ], [ -36.857281496999953, -10.163561439999977 ], [ -36.857949059999946, -10.162903255999964 ], [ -36.858575334999983, -10.162414735999956 ], [ -36.859551936999964, -10.161521165999918 ], [ -36.860704760999958, -10.160430700999932 ], [ -36.863192173999977, -10.158955064999962 ], [ -36.864026815999935, -10.158413375999906 ], [ -36.866271709999957, -10.156086526999939 ], [ -36.866889579, -10.1531888129999 ], [ -36.867895196999903, -10.151053335999958 ], [ -36.86859079, -10.148613056999931 ], [ -36.869945370999986, -10.147125429999946 ], [ -36.871416702999952, -10.146514528999937 ], [ -36.871726284254379, -10.146514332704035 ], [ -36.871909837, -10.145563050999925 ], [ -36.871888483, -10.144593929999942 ], [ -36.871610467, -10.143720320999957 ], [ -36.871113717999933, -10.142947772999985 ], [ -36.870303618999962, -10.142243879999921 ], [ -36.869054654999921, -10.141680256999916 ], [ -36.868242333999945, -10.141488576999954 ], [ -36.865824818999933, -10.140941407999978 ], [ -36.863159734999961, -10.139827019999966 ], [ -36.862479519999987, -10.139637249999986 ], [ -36.861433776999974, -10.13961464099998 ], [ -36.859449368999918, -10.139975219999972 ], [ -36.859407575000013, -10.139982813999978 ], [ -36.859030004999944, -10.139966480999959 ], [ -36.858589345999988, -10.139911872999971 ], [ -36.85819146399993, -10.139862566999977 ], [ -36.857666018999979, -10.139664995999972 ], [ -36.857122142, -10.139357511999933 ], [ -36.856318394999938, -10.138786701999955 ], [ -36.854919165999988, -10.137509031999933 ], [ -36.854287390999936, -10.137164640999949 ], [ -36.853132832999975, -10.136810485999955 ], [ -36.851048791999936, -10.136646278999958 ], [ -36.850429870999974, -10.136694557999956 ], [ -36.849827905, -10.136845685999937 ], [ -36.847151405999966, -10.138208743999918 ], [ -36.847095979, -10.138227150999931 ], [ -36.842976424999939, -10.139595202999971 ], [ -36.840144392999917, -10.140146385000012 ], [ -36.83772236799998, -10.140314497999977 ], [ -36.837378694999963, -10.140349461999939 ], [ -36.837042579999952, -10.140383656999926 ], [ -36.83387404299998, -10.140713216999927 ], [ -36.83300287500002, -10.140667665999977 ], [ -36.830686795999966, -10.140200663999973 ], [ -36.827416527000011, -10.139039723999929 ], [ -36.82702975599998, -10.138950625999929 ], [ -36.824487124999926, -10.138383755999921 ], [ -36.823860664999962, -10.138339809999927 ], [ -36.818977987, -10.13802997899996 ], [ -36.818052786999921, -10.138092006999941 ], [ -36.816627996999983, -10.138187528999939 ], [ -36.816571423, -10.138201636999952 ], [ -36.814164175999963, -10.138801924999971 ], [ -36.814025032999908, -10.138836623 ], [ -36.813029698999976, -10.139243545999918 ], [ -36.812550750999961, -10.139439353999954 ], [ -36.812174758999937, -10.139593070999972 ], [ -36.808605384999922, -10.141308250999955 ], [ -36.808208899999983, -10.141391524 ], [ -36.805052400999934, -10.142017685999946 ], [ -36.804444399, -10.142288653999984 ], [ -36.802196076999948, -10.143587419999974 ], [ -36.801534241999988, -10.144065531999921 ], [ -36.801329429, -10.144288144999955 ], [ -36.800358628999973, -10.145343315999952 ], [ -36.800305669999943, -10.145400876999918 ], [ -36.799184644, -10.146954031999908 ], [ -36.798899239999926, -10.147436173999921 ], [ -36.798164738, -10.149064086999967 ], [ -36.797990791999986, -10.149627242999934 ], [ -36.79767119400001, -10.152109715999899 ], [ -36.797665203999962, -10.152803695999943 ], [ -36.797749956999958, -10.153339579999962 ], [ -36.798154197999921, -10.154339571999923 ], [ -36.799259771, -10.156153584 ], [ -36.799366150000012, -10.156342 ], [ -36.79988615699996, -10.157610512999934 ], [ -36.800118815999937, -10.158193035999904 ], [ -36.800295234999965, -10.159009643999969 ], [ -36.800322170999976, -10.159620703 ], [ -36.800280782999927, -10.15988713499992 ], [ -36.800172774999957, -10.160457591999958 ], [ -36.799934757999985, -10.16106400299995 ], [ -36.799921115999922, -10.161094491999986 ], [ -36.799896525999927, -10.16113257899994 ], [ -36.797831935999987, -10.163859000999928 ], [ -36.797828862, -10.163865041999895 ], [ -36.797770772999989, -10.163939470999924 ], [ -36.796354263999937, -10.166759079999984 ], [ -36.795891452999925, -10.167391591999916 ], [ -36.795311332999979, -10.168016328 ], [ -36.794126320999986, -10.169224396999951 ], [ -36.791849156999952, -10.17079938299997 ], [ -36.791485191999946, -10.171111736999968 ], [ -36.790558103999977, -10.171872651999955 ], [ -36.790012814999983, -10.172184553999916 ], [ -36.789819794, -10.172276922 ], [ -36.789712938999948, -10.172328054999976 ], [ -36.788968129999965, -10.172515028 ], [ -36.788041784999969, -10.172517454999927 ], [ -36.787102563999973, -10.17225891099994 ], [ -36.786270051999921, -10.171756508999938 ], [ -36.785644674999958, -10.17109255599998 ], [ -36.785550003999944, -10.170920480999953 ], [ -36.785486309999911, -10.170804709999967 ], [ -36.785254172999977, -10.170382777999961 ], [ -36.785221403999934, -10.170272507999897 ], [ -36.785138079999967, -10.169992129999969 ], [ -36.785023397999979, -10.169606232999925 ], [ -36.785020026999966, -10.169520910999971 ], [ -36.78499579, -10.168907584999939 ], [ -36.784858996999965, -10.165446083999971 ], [ -36.784581348, -10.164395315999982 ], [ -36.781127444999946, -10.15776694899991 ], [ -36.780248048000018, -10.156494170999938 ], [ -36.779699823999955, -10.155932337 ], [ -36.779585830999935, -10.155849526999891 ], [ -36.779127332000016, -10.155549762999957 ], [ -36.778599007, -10.155332947999959 ], [ -36.778358725999922, -10.155242252999916 ], [ -36.777650781999967, -10.155130304999979 ], [ -36.77518362499994, -10.155040535999923 ], [ -36.775163736999978, -10.155043202999966 ], [ -36.770795805999974, -10.155628968999938 ], [ -36.770595081999979, -10.155681295999916 ], [ -36.77003575799997, -10.155827107999901 ], [ -36.768694506999928, -10.156176761999966 ], [ -36.754010969999946, -10.161249512999934 ], [ -36.753317287999927, -10.161413789999937 ], [ -36.750352275999916, -10.161791286 ], [ -36.745176939999986, -10.161570771999958 ], [ -36.744141154, -10.161436477999949 ], [ -36.743611254999941, -10.161367774999949 ], [ -36.7399343, -10.160576073999902 ], [ -36.739848759000026, -10.160542884999909 ], [ -36.738956012999964, -10.160196516999939 ], [ -36.736650520999902, -10.159302032 ], [ -36.73465821, -10.158051628999928 ], [ -36.73412765199997, -10.157630101999956 ], [ -36.732705892999924, -10.156232690999975 ], [ -36.732668052, -10.156188327999946 ], [ -36.732634627999978, -10.156156567999982 ], [ -36.731496221999933, -10.15482819999994 ], [ -36.730209541999969, -10.153548225999906 ], [ -36.730029390999981, -10.153371845999967 ], [ -36.729533101999955, -10.153027553999902 ], [ -36.726982852999974, -10.151620805999947 ], [ -36.726367114000013, -10.151380435999954 ], [ -36.723800985999965, -10.150665376999942 ], [ -36.722908424999922, -10.150530649999986 ], [ -36.722393467999943, -10.150453675999923 ], [ -36.718503218999942, -10.150162502999901 ], [ -36.717760459999944, -10.15000648799996 ], [ -36.717190488999947, -10.149731614999954 ], [ -36.71702211599996, -10.149650415999897 ], [ -36.716839324999938, -10.149562263999975 ], [ -36.716415382999941, -10.149225146999971 ], [ -36.716279358999969, -10.149059778999966 ], [ -36.716099771999943, -10.148841448999931 ], [ -36.715808561999914, -10.148487415999949 ], [ -36.71561529, -10.148124401999933 ], [ -36.715367602999933, -10.147345771999902 ], [ -36.715364952999984, -10.147310843999943 ], [ -36.715300278999962, -10.146458277999923 ], [ -36.715304123999921, -10.146404407 ], [ -36.715441449, -10.144480910999917 ], [ -36.716111681999948, -10.142272351999967 ], [ -36.716889855999945, -10.140758024 ], [ -36.717348009999924, -10.140104944999958 ], [ -36.718303361000011, -10.139072399999968 ], [ -36.718762419999983, -10.13857624799995 ], [ -36.718865033999947, -10.138465343999922 ], [ -36.719498152999925, -10.13801733799998 ], [ -36.720258480999952, -10.137706784999953 ], [ -36.721080388999923, -10.137578324999893 ], [ -36.721859417, -10.137637157999965 ], [ -36.723207143999943, -10.138019568999898 ], [ -36.724930286999964, -10.138880254999968 ], [ -36.72834806799996, -10.140235726999943 ], [ -36.731749644999944, -10.140908574000015 ], [ -36.735598652999911, -10.14128027699995 ], [ -36.736383702999937, -10.141487109999922 ], [ -36.741876040999983, -10.14406945799989 ], [ -36.745599431999949, -10.146443500999943 ], [ -36.747985016999984, -10.147644247999906 ], [ -36.748008634999984, -10.147656136 ], [ -36.748774564999941, -10.147912811999923 ], [ -36.751892411999982, -10.148957658999954 ], [ -36.751993060999965, -10.148991388 ], [ -36.754102641999985, -10.149401040999958 ], [ -36.755685569999947, -10.149482263999928 ], [ -36.755928669999903, -10.149453034 ], [ -36.75663357499996, -10.149368277999912 ], [ -36.758669227, -10.149077890999955 ], [ -36.758674791999923, -10.149076562999934 ], [ -36.760308239999979, -10.148481839999931 ], [ -36.762083887999907, -10.147758300999929 ], [ -36.762530030999962, -10.147494759999972 ], [ -36.763240527999947, -10.146835491999958 ], [ -36.76324092599998, -10.146835062000012 ], [ -36.763568334999981, -10.146327316999923 ], [ -36.763749441999956, -10.145908622 ], [ -36.763804303999969, -10.14577469299994 ], [ -36.763954809999987, -10.145218147999987 ], [ -36.763982944, -10.144931104999952 ], [ -36.764012748999981, -10.144593508999908 ], [ -36.763980034999939, -10.144223058999987 ], [ -36.76384928199996, -10.143578729999966 ], [ -36.763799158999987, -10.143393396 ], [ -36.76257609699995, -10.140182059999944 ], [ -36.76217267599997, -10.139491989999957 ], [ -36.761921423999965, -10.139167566999937 ], [ -36.761213210999983, -10.138578773999892 ], [ -36.759885477999909, -10.137843061999948 ], [ -36.759823829999959, -10.137808901999964 ], [ -36.759736759999946, -10.137760655999969 ], [ -36.759341497000015, -10.137474265999987 ], [ -36.759336608999966, -10.137470724999961 ], [ -36.759325636999947, -10.137462773999925 ], [ -36.756613794999922, -10.134616788999903 ], [ -36.751242960999981, -10.130191657999962 ], [ -36.751084578999937, -10.130081740000016 ], [ -36.748317186999934, -10.12853708399993 ], [ -36.746461063000012, -10.127879310999951 ], [ -36.74640181, -10.127854320999926 ], [ -36.743788186999922, -10.126752016999937 ], [ -36.743591268999971, -10.126668966 ], [ -36.740270487999922, -10.124305392999918 ], [ -36.739969303999963, -10.123986509 ], [ -36.739067500999951, -10.12303170199996 ], [ -36.738563138999965, -10.122497695999918 ], [ -36.738537174999948, -10.12245931299994 ], [ -36.738524932999916, -10.122446101 ], [ -36.735836487999961, -10.118488599999939 ], [ -36.732290441999922, -10.11432109 ], [ -36.732259904999971, -10.114272037999935 ], [ -36.729534728, -10.109894716999953 ], [ -36.729229888, -10.10940506599994 ], [ -36.726853814999956, -10.106754301 ], [ -36.725504232999938, -10.10585505200002 ], [ -36.724451292999944, -10.105420361999936 ], [ -36.72332192799994, -10.104971763999945 ], [ -36.722610641999971, -10.104784034999955 ], [ -36.721354425999948, -10.104452482999967 ], [ -36.72052499399998, -10.104366695999975 ], [ -36.719847874, -10.104432780999936 ], [ -36.719522113999957, -10.104530699999955 ], [ -36.719398540999947, -10.10456784499992 ], [ -36.719186807999925, -10.104631489999946 ], [ -36.718991669999944, -10.104734844999971 ], [ -36.718750513999971, -10.10486257299997 ], [ -36.718577567999965, -10.104954173999911 ], [ -36.718480964999962, -10.105032733999927 ], [ -36.718128113999988, -10.105319676999954 ], [ -36.718020408999962, -10.105407263999918 ], [ -36.717980991999987, -10.105453263 ], [ -36.717826482, -10.105633568 ], [ -36.717595358999965, -10.105903280999925 ], [ -36.714920661, -10.109740296999966 ], [ -36.714896000999907, -10.109787495999964 ], [ -36.71357311499996, -10.112319513999942 ], [ -36.713544495, -10.112374291999945 ], [ -36.713284518999977, -10.113080813999961 ], [ -36.711872339999928, -10.116918607999889 ], [ -36.711709347999943, -10.117361560999946 ], [ -36.711224081999937, -10.119534708999897 ], [ -36.710865133, -10.121860067999918 ], [ -36.710803541999958, -10.122252826 ], [ -36.71038479799995, -10.12392206499991 ], [ -36.709126064999985, -10.128939764999942 ], [ -36.709060891, -10.129199571999944 ], [ -36.70894628899994, -10.129955608999971 ], [ -36.708876640999954, -10.130415082999974 ], [ -36.708811515999983, -10.130844709 ], [ -36.708536379999956, -10.134859195999976 ], [ -36.708545251999979, -10.139230027999954 ], [ -36.707976280999972, -10.142340319 ], [ -36.707779994999989, -10.142914685999912 ], [ -36.707629799999907, -10.143244756999955 ], [ -36.706705346999975, -10.145078411999972 ], [ -36.705859333999967, -10.14611284199994 ], [ -36.704790611, -10.147380810999959 ], [ -36.704729560000011, -10.147441301 ], [ -36.704446187000016, -10.147694097999945 ], [ -36.702405840999951, -10.148955738999973 ], [ -36.701675649000016, -10.149201322999954 ], [ -36.700969277999924, -10.149277970999901 ], [ -36.70036793, -10.149232386999948 ], [ -36.698798338999978, -10.148916993999965 ], [ -36.698794020999976, -10.148916125999982 ], [ -36.698731821999985, -10.148890466 ], [ -36.695859302999985, -10.147705409 ], [ -36.695271340999923, -10.147360808 ], [ -36.695226548999948, -10.147325377999902 ], [ -36.694376543999958, -10.146653033999961 ], [ -36.690228358999931, -10.142227020999947 ], [ -36.69007643799997, -10.142030336999927 ], [ -36.689448979999923, -10.141217995999948 ], [ -36.688798377999916, -10.140375691999978 ], [ -36.687565207999938, -10.138478580999951 ], [ -36.68697450699991, -10.137849510999949 ], [ -36.686606506999929, -10.137582162999944 ], [ -36.68631255599994, -10.137412152 ], [ -36.685612965999965, -10.137125037999958 ], [ -36.685577113999933, -10.137115661999893 ], [ -36.685179303999966, -10.1370116259999 ], [ -36.684376291999961, -10.136990195999903 ], [ -36.683975765999953, -10.137047956999975 ], [ -36.683216744999946, -10.137293546999956 ], [ -36.682951154, -10.137458171999988 ], [ -36.68267331199992, -10.137630391999938 ], [ -36.682442597000019, -10.137773399999958 ], [ -36.682283211999973, -10.137940599999936 ], [ -36.681967766999989, -10.13827151199996 ], [ -36.681847165999955, -10.138398025999948 ], [ -36.681817135999957, -10.138449372999933 ], [ -36.681174423999984, -10.139548379999916 ], [ -36.680695655999983, -10.140367047999973 ], [ -36.680675913999949, -10.140417621999983 ], [ -36.68059797999998, -10.140617272999982 ], [ -36.679333131999954, -10.143857543999943 ], [ -36.679293187000027, -10.143950314999891 ], [ -36.678198622999965, -10.145900573999963 ], [ -36.676825170000015, -10.147688766999948 ], [ -36.67418679499994, -10.150397667999908 ], [ -36.674143111999967, -10.150435229 ], [ -36.673619125999956, -10.150809245999945 ], [ -36.673554059, -10.150846991999959 ], [ -36.673050481999979, -10.151079649999936 ], [ -36.672119132999924, -10.151356330999914 ], [ -36.670907201999924, -10.151711673 ], [ -36.669104406999971, -10.152355712 ], [ -36.668987925999929, -10.152415387999966 ], [ -36.668654439999955, -10.152586241999892 ], [ -36.668516271999984, -10.152657028999975 ], [ -36.668333767999982, -10.152791988999951 ], [ -36.667071730000011, -10.15360172899998 ], [ -36.665271294999989, -10.154143920999989 ], [ -36.662650088, -10.155301728999952 ], [ -36.662578776999965, -10.15534787299995 ], [ -36.662429902999989, -10.155414207999932 ], [ -36.66114248599996, -10.156277288999934 ], [ -36.660252627999967, -10.156873848 ], [ -36.65847479399995, -10.15857788799995 ], [ -36.657737937, -10.159084831999973 ], [ -36.656869135999969, -10.15939812799996 ], [ -36.655793903, -10.159467950999964 ], [ -36.654747244, -10.15921420199993 ], [ -36.653706364999934, -10.158638649999915 ], [ -36.652894356999987, -10.158339558999948 ], [ -36.652486397999979, -10.158268290999914 ], [ -36.651620973999961, -10.158274130999953 ], [ -36.650782926, -10.158488128999984 ], [ -36.649983768999945, -10.158925996999887 ], [ -36.649345232999963, -10.159525435000013 ], [ -36.648874411999905, -10.16026642699995 ], [ -36.648423796999928, -10.161716161 ], [ -36.648162896, -10.162270498999945 ], [ -36.64770691399994, -10.162886630999942 ], [ -36.647251750999942, -10.163299852999938 ], [ -36.646707834999965, -10.163640369999957 ], [ -36.645447844999985, -10.164195082999935 ], [ -36.645354368999982, -10.164222661999908 ], [ -36.642265600999941, -10.165133972 ], [ -36.641734044999929, -10.165199474 ], [ -36.641687706, -10.165202621999988 ], [ -36.641086317999978, -10.165176607999967 ], [ -36.63945230599996, -10.16471349599993 ], [ -36.638899715999983, -10.164623312999929 ], [ -36.636935802000025, -10.164660317999971 ], [ -36.636349953999954, -10.164667915999889 ], [ -36.633196151999954, -10.164329490999954 ], [ -36.631152177999944, -10.16432097099996 ], [ -36.630554806, -10.164405463999934 ], [ -36.62998227099996, -10.164586010999951 ], [ -36.629448565999944, -10.164859430999925 ], [ -36.628987056999947, -10.165202413999971 ], [ -36.62860692799994, -10.165593671999925 ], [ -36.628273064999938, -10.166071576999943 ], [ -36.628091389999916, -10.166542473999915 ], [ -36.628032186999988, -10.166695928999911 ], [ -36.627877687, -10.167096391 ], [ -36.627853380999937, -10.167586464999964 ], [ -36.627842941999965, -10.16779693799997 ], [ -36.627823099999922, -10.168196979999941 ], [ -36.627927448999941, -10.168739910999921 ], [ -36.628385893999948, -10.169742579999927 ], [ -36.628745045999906, -10.170197900999941 ], [ -36.628807049999978, -10.170256158999965 ], [ -36.62976094199994, -10.171152439999961 ], [ -36.630778634999949, -10.172108666999943 ], [ -36.630869798999939, -10.172172105999952 ], [ -36.631099931999977, -10.172383728999964 ], [ -36.631990221, -10.172952529999954 ], [ -36.633231471999949, -10.17339940399998 ], [ -36.634021963999984, -10.173829161999922 ], [ -36.634691285999942, -10.174465204999969 ], [ -36.63518516799995, -10.17528151499992 ], [ -36.635446525999988, -10.176294626999901 ], [ -36.635459118999968, -10.176866064999931 ], [ -36.635377582999972, -10.177431911999943 ], [ -36.635204099, -10.177977029999926 ], [ -36.63494329400001, -10.178486880999923 ], [ -36.634602145999935, -10.178947823999959 ], [ -36.634189754000012, -10.179347564 ], [ -36.633725114999933, -10.179669879999928 ], [ -36.633155932, -10.179936578999968 ], [ -36.632559536999949, -10.180100088 ], [ -36.630771806, -10.180168129999942 ], [ -36.627876547, -10.17984107199997 ], [ -36.62776188299992, -10.179826182999893 ], [ -36.627630688999901, -10.179809147 ], [ -36.625574732999965, -10.179328850999955 ], [ -36.624801479999931, -10.179153021999973 ], [ -36.62256963899992, -10.178938138999957 ], [ -36.622248568, -10.178908323999977 ], [ -36.621778346, -10.178956586999973 ], [ -36.621412251, -10.178994161999974 ], [ -36.621378959, -10.179004474999939 ], [ -36.619599282, -10.179555797 ], [ -36.619586505999919, -10.179558345999936 ], [ -36.617714092999982, -10.179931885999935 ], [ -36.617057222, -10.17999195600002 ], [ -36.616795806999946, -10.179974980999948 ], [ -36.616081569, -10.179862365999956 ], [ -36.61531502, -10.179536566999911 ], [ -36.61466567, -10.179071809999915 ], [ -36.613771383999989, -10.178251883999931 ], [ -36.611752858999957, -10.176401197999926 ], [ -36.611239628999947, -10.176035844999983 ], [ -36.609866218, -10.17533901399997 ], [ -36.609218020999919, -10.175015992999889 ], [ -36.608233641999917, -10.174617206999933 ], [ -36.606948583, -10.174100582999909 ], [ -36.604147833999988, -10.172514619999959 ], [ -36.604055945999932, -10.17243377700002 ], [ -36.603045035999955, -10.171544381999972 ], [ -36.602996844999964, -10.171501984999928 ], [ -36.602216417999962, -10.170470693999953 ], [ -36.601748228999952, -10.169864033999939 ], [ -36.60096462999995, -10.169183224999919 ], [ -36.599534487999925, -10.168494148000015 ], [ -36.599042578, -10.168348136999924 ], [ -36.59661809699994, -10.167633072999912 ], [ -36.595837301, -10.167182019999895 ], [ -36.595136127999979, -10.166464725999965 ], [ -36.592640944999943, -10.162690125999937 ], [ -36.592128976999945, -10.162110745999961 ], [ -36.590073509999961, -10.16045893899998 ], [ -36.585878173999937, -10.158306952 ], [ -36.585723721999948, -10.158174874999911 ], [ -36.583829333999972, -10.156554917999902 ], [ -36.583727385999971, -10.156467739999883 ], [ -36.58241405499993, -10.154738216999956 ], [ -36.582342303999944, -10.154614092999989 ], [ -36.582341831999905, -10.154613275999921 ], [ -36.580497930999933, -10.151423483999963 ], [ -36.580066619999947, -10.150959679999957 ], [ -36.577727436999936, -10.14889630199994 ], [ -36.576797439999908, -10.148435712999934 ], [ -36.575765250999943, -10.148137650999963 ], [ -36.568592918999983, -10.146066512999926 ], [ -36.567728001, -10.145816751999956 ], [ -36.567682254999951, -10.145797063000014 ], [ -36.566126950999966, -10.14512765399996 ], [ -36.56607706999992, -10.14510618499996 ], [ -36.562461323999983, -10.143242243000014 ], [ -36.560524936, -10.142448703999904 ], [ -36.560019369, -10.142243250999957 ], [ -36.560010140999943, -10.142237739999945 ], [ -36.559413444999954, -10.141881333999944 ], [ -36.558509175, -10.140982455 ], [ -36.558442364999983, -10.140916043999923 ], [ -36.555755948999931, -10.136721941999912 ], [ -36.555755334999972, -10.136720983000011 ], [ -36.553409409999936, -10.133961199999927 ], [ -36.553250309999918, -10.133733429 ], [ -36.553049270999978, -10.1334456129999 ], [ -36.553039408999965, -10.133420681999969 ], [ -36.552696628999932, -10.132554028999937 ], [ -36.552642969999937, -10.13241836 ], [ -36.552628090999946, -10.132220564999969 ], [ -36.552589638999962, -10.131709417999954 ], [ -36.552509441, -10.130643278999937 ], [ -36.552547438999937, -10.129961377999916 ], [ -36.552578249, -10.129785593999937 ], [ -36.552604571999957, -10.129635409999945 ], [ -36.552826395999922, -10.12836986299995 ], [ -36.552972503999932, -10.127878880999916 ], [ -36.553090464999926, -10.12748248599998 ], [ -36.553109316999972, -10.127419130999979 ], [ -36.553166630999918, -10.127320643999912 ], [ -36.553423246999927, -10.126879680999931 ], [ -36.55350321099997, -10.126742274000019 ], [ -36.553602136999984, -10.126637942999913 ], [ -36.553906996999984, -10.126316426999956 ], [ -36.554041076999972, -10.126175022999981 ], [ -36.554341818999902, -10.125970641999945 ], [ -36.554694819999973, -10.125730748 ], [ -36.555166554000017, -10.125487289 ], [ -36.557713985999939, -10.124172573999942 ], [ -36.557735979999983, -10.124155180999924 ], [ -36.558162470999918, -10.123784570999902 ], [ -36.558443199999964, -10.123470849999968 ], [ -36.558504283999959, -10.123388303999977 ], [ -36.558783041999931, -10.122941394999948 ], [ -36.559022285, -10.122350938999944 ], [ -36.55914424099997, -10.121809971999948 ], [ -36.559332045999966, -10.120065834999966 ], [ -36.559494894999943, -10.1195540749999 ], [ -36.55961712000002, -10.119150893999937 ], [ -36.560120225999988, -10.118347238999966 ], [ -36.561866718999987, -10.11671514499993 ], [ -36.562198372999987, -10.116199286999969 ], [ -36.562222511999941, -10.116141538999987 ], [ -36.562501966999967, -10.115333020999969 ], [ -36.562509216999949, -10.115300612999953 ], [ -36.562574097999985, -10.114662189999887 ], [ -36.562467316999943, -10.113438754999912 ], [ -36.562429322999911, -10.113161282999958 ], [ -36.562213561, -10.112427799999931 ], [ -36.561842697999957, -10.111757976999932 ], [ -36.561445926999987, -10.111289433999978 ], [ -36.557750716999955, -10.108344063999905 ], [ -36.556681541999957, -10.107036798999921 ], [ -36.555973398999981, -10.106448003999965 ], [ -36.555281302, -10.106109879999966 ], [ -36.550018729999962, -10.104213940999948 ], [ -36.549312340999961, -10.103866370999967 ], [ -36.548574124999988, -10.10325930399992 ], [ -36.54836921, -10.102980517999946 ], [ -36.548286645999916, -10.102868191999978 ], [ -36.547150501999965, -10.101322478999982 ], [ -36.545421242999971, -10.100010634999887 ], [ -36.544832532999934, -10.099701796 ], [ -36.544243861, -10.099517872999972 ], [ -36.543070820000011, -10.099426150999932 ], [ -36.542786629999945, -10.099403929999959 ], [ -36.542217159999986, -10.09928847899991 ], [ -36.541678443, -10.099084224999974 ], [ -36.540763222999949, -10.098458349999969 ], [ -36.540111929999973, -10.09761783999997 ], [ -36.539603454, -10.096541218999974 ], [ -36.539040719999981, -10.095814503999975 ], [ -36.538439436999965, -10.095336296999932 ], [ -36.537079150999951, -10.094601054999938 ], [ -36.536837722999955, -10.094389223999908 ], [ -36.536579344999986, -10.09416251999998 ], [ -36.536445121999982, -10.093989367999953 ], [ -36.536272528, -10.093766715999916 ], [ -36.536128226999963, -10.093580565999968 ], [ -36.535168911, -10.092073162999945 ], [ -36.534406266999952, -10.090621891999948 ], [ -36.533316460999927, -10.089136274999952 ], [ -36.532867300999982, -10.088011715999897 ], [ -36.532714255999927, -10.087361189999985 ], [ -36.53244023, -10.086264367999917 ], [ -36.532197858999922, -10.085643570999888 ], [ -36.53176952999992, -10.085008323999908 ], [ -36.530562316999955, -10.083750797999954 ], [ -36.530137433999975, -10.082992626999928 ], [ -36.529935655999978, -10.082277632999922 ], [ -36.529883341, -10.08159990399998 ], [ -36.529971416, -10.080892305999964 ], [ -36.530211869999917, -10.080177570999979 ], [ -36.530636375999954, -10.079475520999978 ], [ -36.531201563999915, -10.078833813999907 ], [ -36.531760565999981, -10.078443080999907 ], [ -36.532209284999979, -10.07812943399998 ], [ -36.532912868999929, -10.077637641999967 ], [ -36.533988822999959, -10.077005087999943 ], [ -36.534233527999959, -10.076810456 ], [ -36.534659178, -10.076332090999948 ], [ -36.534987281999975, -10.075789593999914 ], [ -36.535239298999954, -10.075091560999979 ], [ -36.535338327999973, -10.074376227999945 ], [ -36.535286995, -10.07366004899993 ], [ -36.534867762999944, -10.072076173999974 ], [ -36.534891273999932, -10.071008851999949 ], [ -36.53505102, -10.070418049999915 ], [ -36.535391997999973, -10.069732833999975 ], [ -36.535767719999974, -10.069247585999971 ], [ -36.536059382999952, -10.068994100999959 ], [ -36.536107197, -10.068941821999896 ], [ -36.536214404999988, -10.068859372 ], [ -36.53640575, -10.068712216999906 ], [ -36.536583529999973, -10.068575493999962 ], [ -36.538203773999918, -10.067742085999928 ], [ -36.539088105, -10.067543436999923 ], [ -36.542232467999924, -10.067626433999951 ], [ -36.542787459999921, -10.067726347999958 ], [ -36.543987197999982, -10.068109256999932 ], [ -36.544737777, -10.068189006999958 ], [ -36.545654166999974, -10.068069442999924 ], [ -36.546938493999924, -10.067598831999888 ], [ -36.547583421999903, -10.067478932 ], [ -36.548236242, -10.067478932 ], [ -36.548916113999951, -10.067605328999981 ], [ -36.549770906999974, -10.067982602999933 ], [ -36.550715671999988, -10.068786151999984 ], [ -36.551074580000019, -10.069085373999961 ], [ -36.551112975, -10.069117384999945 ], [ -36.551355241999971, -10.069254750999942 ], [ -36.551763695000012, -10.06948634299992 ], [ -36.551799117999927, -10.069506427999983 ], [ -36.554672273999977, -10.070575278999957 ], [ -36.554711874999967, -10.070590010999933 ], [ -36.55704142099998, -10.071651166999981 ], [ -36.557259200999965, -10.071750369999929 ], [ -36.559767052999987, -10.072237764999933 ], [ -36.559965845, -10.072298193999959 ], [ -36.560334041, -10.072416216999954 ], [ -36.562134343999929, -10.073285961999975 ], [ -36.563186343999931, -10.073988196999903 ], [ -36.563531035999937, -10.07427884499997 ], [ -36.566147814, -10.076911352 ], [ -36.566501826999982, -10.077412378999981 ], [ -36.566761448999969, -10.077898266999949 ], [ -36.567475229999964, -10.079234124999989 ], [ -36.567635347999982, -10.079426120999887 ], [ -36.568403752999963, -10.080347506999917 ], [ -36.568455300999965, -10.080391623999926 ], [ -36.574116411999945, -10.085236585999965 ], [ -36.574186082000026, -10.085296211999925 ], [ -36.577114989999977, -10.087439746 ], [ -36.577680578999967, -10.087940121000013 ], [ -36.578199293999901, -10.088400139999973 ], [ -36.579898664, -10.090590228999904 ], [ -36.580150576999969, -10.09094324199998 ], [ -36.580976633999924, -10.09216612699991 ], [ -36.581343891999936, -10.092592681999943 ], [ -36.581803614999963, -10.092988688999935 ], [ -36.584213872, -10.094683864999951 ], [ -36.587188864999938, -10.098026391999934 ], [ -36.587399346999945, -10.098193471999902 ], [ -36.589392692999944, -10.099775785 ], [ -36.589494380999916, -10.099856504999924 ], [ -36.589884183000017, -10.100037211999954 ], [ -36.590042609999983, -10.100110657999902 ], [ -36.590513361999939, -10.100276433999941 ], [ -36.591275385999928, -10.100392658999965 ], [ -36.592044734999902, -10.100342689999916 ], [ -36.592784932999955, -10.100128895999902 ], [ -36.593332426999957, -10.099846467999981 ], [ -36.593822114999973, -10.099474119 ], [ -36.594255595999954, -10.099001706999985 ], [ -36.594898057, -10.098054131 ], [ -36.595208563999932, -10.097354821999968 ], [ -36.595358919999939, -10.096606053999921 ], [ -36.595369406999922, -10.095067942999933 ], [ -36.595288835, -10.09446153299994 ], [ -36.595103224999924, -10.093878199999903 ], [ -36.594807574999976, -10.093319218000016 ], [ -36.593943220999954, -10.092121590999955 ], [ -36.591968788999928, -10.090005647999941 ], [ -36.591862001999971, -10.089864351999974 ], [ -36.591522223999924, -10.089414772999902 ], [ -36.589491804999973, -10.086728209999926 ], [ -36.588866524999929, -10.086194512 ], [ -36.588803743999975, -10.08615408999994 ], [ -36.587065331999931, -10.085076383999944 ], [ -36.586166103999957, -10.08414935599998 ], [ -36.585568495999986, -10.083187903999921 ], [ -36.585377167999965, -10.082481634999926 ], [ -36.584855466999961, -10.080793339999946 ], [ -36.584396435, -10.08005450400001 ], [ -36.584387119999938, -10.080041320999985 ], [ -36.583705625999947, -10.079422477999941 ], [ -36.58242523399997, -10.078703070999925 ], [ -36.581922800999962, -10.078305676999907 ], [ -36.581491850999925, -10.077813294999935 ], [ -36.581172198999944, -10.077271455999956 ], [ -36.58089890599998, -10.07648764999994 ], [ -36.580362459999911, -10.073654196999978 ], [ -36.579189421999935, -10.071109017999976 ], [ -36.579168819999914, -10.071064318 ], [ -36.57907939899998, -10.070870295999942 ], [ -36.578891635999987, -10.070019054999943 ], [ -36.578969623999953, -10.06893913199994 ], [ -36.579232207999922, -10.06819915999991 ], [ -36.580038099999989, -10.066817496999899 ], [ -36.580316031999978, -10.065943879 ], [ -36.580359033999983, -10.065060980999959 ], [ -36.580115827999933, -10.063424459 ], [ -36.578174061999945, -10.059079996999984 ], [ -36.57784432499993, -10.058504493999973 ], [ -36.577101713999944, -10.057735065 ], [ -36.575178561999984, -10.056592899999902 ], [ -36.574579801999917, -10.056092196999952 ], [ -36.574149420000012, -10.055566483999975 ], [ -36.572917176000018, -10.053610754999983 ], [ -36.572691300999978, -10.053071013 ], [ -36.572095803999915, -10.05105804299998 ], [ -36.571880795999974, -10.048336033999913 ], [ -36.571983131999914, -10.047629270999966 ], [ -36.572360238999941, -10.046359626999987 ], [ -36.572654853999985, -10.04579872199994 ], [ -36.572732640999938, -10.045700488999984 ], [ -36.572740881, -10.045690083999922 ], [ -36.573048844999988, -10.045301173999984 ], [ -36.573197367999931, -10.045174196999959 ], [ -36.573339458999961, -10.045052720999944 ], [ -36.573600938999924, -10.044829175999922 ], [ -36.573799542999929, -10.044718378 ], [ -36.573953812, -10.044632313999976 ], [ -36.574198571999901, -10.044495766999958 ], [ -36.574465500999963, -10.044409169999899 ], [ -36.574661272999904, -10.044345657999973 ], [ -36.574854986999945, -10.044282813999924 ], [ -36.575172530999929, -10.044244868999982 ], [ -36.575410182999967, -10.044216469999942 ], [ -36.576096515999907, -10.044231311999926 ], [ -36.576715464999964, -10.04438142 ], [ -36.578752193999904, -10.045160604999989 ], [ -36.579077571999917, -10.045288185999976 ], [ -36.579120732999932, -10.045301595999931 ], [ -36.57980712199997, -10.045514842999989 ], [ -36.581086423999949, -10.045912297000012 ], [ -36.581118955999976, -10.045918152999963 ], [ -36.582002237999966, -10.046077140999973 ], [ -36.58338322099992, -10.046325714999934 ], [ -36.585885746999942, -10.046619241999974 ], [ -36.586579720999985, -10.046814480999963 ], [ -36.589453824999936, -10.048256151999965 ], [ -36.591969585999905, -10.050339504999947 ], [ -36.592907641999979, -10.050897699999947 ], [ -36.593391794999981, -10.051054768999975 ], [ -36.594071202999977, -10.05115465199998 ], [ -36.594694874999973, -10.051132729999942 ], [ -36.595336935999988, -10.050991655999905 ], [ -36.59591486199993, -10.050747047999916 ], [ -36.596546662999984, -10.050316183999971 ], [ -36.597073816, -10.049758354999913 ], [ -36.597466647999987, -10.049100669999941 ], [ -36.597719429999941, -10.048342280999986 ], [ -36.597779282, -10.047464914999956 ], [ -36.597727628, -10.047190383999979 ], [ -36.597163188999922, -10.044190503999925 ], [ -36.597161563999968, -10.044148839999941 ], [ -36.597147089000011, -10.044072794999956 ], [ -36.597048800999964, -10.041424187999922 ], [ -36.597290976999929, -10.039466574999953 ], [ -36.59832886, -10.036580823999927 ], [ -36.598412771999932, -10.035821352999971 ], [ -36.598358978999919, -10.035212035 ], [ -36.598143266999926, -10.034478547999978 ], [ -36.597681157999972, -10.033685261999977 ], [ -36.596435016999983, -10.032344759999908 ], [ -36.595766951999948, -10.031850069000011 ], [ -36.594913106, -10.031499528999962 ], [ -36.593848748999953, -10.031316827999945 ], [ -36.59369603699993, -10.031295134999926 ], [ -36.590045810999982, -10.030989296999934 ], [ -36.588428236999988, -10.030626576999943 ], [ -36.587656275999976, -10.030308942999952 ], [ -36.58717171899994, -10.030000614999931 ], [ -36.583653, -10.027286704999913 ], [ -36.582490321999934, -10.026559393999953 ], [ -36.581727385999962, -10.026084779999941 ], [ -36.579185976, -10.02509838799995 ], [ -36.579111245999947, -10.025069382999948 ], [ -36.577195751, -10.02455163499992 ], [ -36.577117600999927, -10.024530511999949 ], [ -36.576478550999987, -10.024200797999935 ], [ -36.575905158999973, -10.023726542999952 ], [ -36.575357142999927, -10.023069936999981 ], [ -36.575047937999926, -10.022568097999937 ], [ -36.574338257, -10.021036056999918 ], [ -36.574311822999945, -10.020983209999898 ], [ -36.573980639, -10.02046560599997 ], [ -36.573563736999958, -10.020014655999962 ], [ -36.573074166999952, -10.019642312999974 ], [ -36.572469874999953, -10.019337087999943 ], [ -36.570599622999929, -10.018628267999915 ], [ -36.57011212, -10.018534214999949 ], [ -36.569330388999987, -10.018398863999941 ], [ -36.568974762999957, -10.018398863999941 ], [ -36.56845269399993, -10.018408743999959 ], [ -36.567589933999955, -10.018651955999921 ], [ -36.567512076999904, -10.018673903999961 ], [ -36.567466729999971, -10.018702538999932 ], [ -36.566959485000012, -10.019022836999966 ], [ -36.566638261, -10.019225672999962 ], [ -36.566569027999947, -10.019306603999908 ], [ -36.564565569999914, -10.021648619999976 ], [ -36.564378787999914, -10.021866965999923 ], [ -36.56434968, -10.021907280999883 ], [ -36.564331169999974, -10.021929457999942 ], [ -36.56277007399995, -10.024082694999933 ], [ -36.562365105999923, -10.024484093999927 ], [ -36.561724194999918, -10.024908559999965 ], [ -36.561410612, -10.025037304999959 ], [ -36.561024945999975, -10.025168087999944 ], [ -36.560398063999976, -10.025291681999956 ], [ -36.558802048, -10.025220525999931 ], [ -36.557137967999971, -10.025302373999953 ], [ -36.556987367999945, -10.02533275899998 ], [ -36.555279390999935, -10.025677354999981 ], [ -36.553404879, -10.026055551999921 ], [ -36.553202775999978, -10.026145691999918 ], [ -36.552735291999937, -10.026354194999939 ], [ -36.552465732999927, -10.026474420999939 ], [ -36.551425867999953, -10.027355007999969 ], [ -36.550857240999974, -10.028183748999972 ], [ -36.550069063999956, -10.030418348999945 ], [ -36.54912833099992, -10.03252166699998 ], [ -36.548287188999957, -10.033901971999967 ], [ -36.547484593999989, -10.035213919999894 ], [ -36.546844090000015, -10.036154559999918 ], [ -36.546508739999979, -10.036647052999989 ], [ -36.546488084999957, -10.036677385999923 ], [ -36.546242003999936, -10.037163544999913 ], [ -36.54602383, -10.037905398999921 ], [ -36.545968532999957, -10.038596858999934 ], [ -36.546060799999957, -10.039322079999987 ], [ -36.546134599999931, -10.039547112999955 ], [ -36.546146503999942, -10.039614896999968 ], [ -36.546536343999954, -10.04087729999997 ], [ -36.546538799999979, -10.040905893999938 ], [ -36.546575918999942, -10.041698690999986 ], [ -36.546444327999978, -10.042475500999956 ], [ -36.545992283999972, -10.043693149999985 ], [ -36.545543004999921, -10.044479902999978 ], [ -36.545383827999984, -10.044745054999979 ], [ -36.545002752999984, -10.045248057999942 ], [ -36.542932263999916, -10.046997150999978 ], [ -36.541177493999939, -10.047960319999913 ], [ -36.540526452999984, -10.048203346999948 ], [ -36.53976455, -10.048319571999972 ], [ -36.538416725999951, -10.048281680999946 ], [ -36.537630862999947, -10.048164499999931 ], [ -36.537145492999933, -10.047977428 ], [ -36.536912403, -10.047887589999934 ], [ -36.536271448, -10.047463124999986 ], [ -36.535358274999936, -10.046620785999924 ], [ -36.534752445, -10.046249680999949 ], [ -36.534086288999944, -10.046007339999971 ], [ -36.533346108999986, -10.045896476999946 ], [ -36.532256665, -10.046022029999943 ], [ -36.531738342, -10.046210591 ], [ -36.530484637999926, -10.046853980999945 ], [ -36.52942817, -10.047062256999947 ], [ -36.528811617999963, -10.04703557699996 ], [ -36.528209109999942, -10.046903191999931 ], [ -36.527638950000018, -10.046669122999926 ], [ -36.527118462999937, -10.046340482999913 ], [ -36.52631806299997, -10.04554073 ], [ -36.526316122999987, -10.045539414999979 ], [ -36.525913111999948, -10.045159124999955 ], [ -36.525834887999963, -10.045057944999932 ], [ -36.525716949999975, -10.044905397999923 ], [ -36.525503505999986, -10.044629316999906 ], [ -36.523242946, -10.041172832 ], [ -36.522595082999949, -10.039750460999905 ], [ -36.522369049, -10.038973783999946 ], [ -36.522160949999915, -10.037310766999926 ], [ -36.52216679199995, -10.036664987999963 ], [ -36.522263504999962, -10.036129934000012 ], [ -36.522328751999943, -10.035964978999953 ], [ -36.522498248999931, -10.035536455999935 ], [ -36.522567849, -10.035360494999942 ], [ -36.522640285999962, -10.035254931999912 ], [ -36.522990088999947, -10.034745165999922 ], [ -36.523117783999943, -10.03455907899998 ], [ -36.525235460999923, -10.032131472999936 ], [ -36.525635122999951, -10.031673319999953 ], [ -36.52571962499993, -10.031576450999932 ], [ -36.526992997999947, -10.030353737999928 ], [ -36.529521466, -10.028150573999891 ], [ -36.529986456999914, -10.0276160949999 ], [ -36.531221015000014, -10.025306332999925 ], [ -36.531551327999985, -10.024688341999951 ], [ -36.531580799999936, -10.024633202999919 ], [ -36.534318916999915, -10.020404658 ], [ -36.536212572999922, -10.017171032999958 ], [ -36.536215093999957, -10.017166714999956 ], [ -36.536561300999914, -10.016155790999978 ], [ -36.53665144, -10.014973865999973 ], [ -36.536119543999952, -10.012275592 ], [ -36.534970700999935, -10.009931406999936 ], [ -36.534561819999944, -10.009332478999941 ], [ -36.532339037999968, -10.007295954999925 ], [ -36.530677704, -10.006416520999903 ], [ -36.529619478999926, -10.005856343999916 ], [ -36.528975107, -10.005348426 ], [ -36.528431031, -10.004645576999923 ], [ -36.527803729999974, -10.003179455999941 ], [ -36.527376733, -10.002546534999976 ], [ -36.527277937999898, -10.002448608999956 ], [ -36.526940406999948, -10.002114038999895 ], [ -36.525498237, -10.001013489999963 ], [ -36.524637019999972, -10.000234053999954 ], [ -36.523710136999931, -9.999395185999912 ], [ -36.523493330999933, -9.999198967999931 ], [ -36.522717621999966, -9.998197415999929 ], [ -36.522347849999925, -9.997444784 ], [ -36.521932935999963, -9.995766884 ], [ -36.521883250999942, -9.994946823999914 ], [ -36.522020625999936, -9.994107848999953 ], [ -36.522832901999912, -9.99172677699994 ], [ -36.523025809999972, -9.988544319999967 ], [ -36.523070982999982, -9.987696965999934 ], [ -36.522798055999957, -9.985023580999982 ], [ -36.521926557999969, -9.982744892999914 ], [ -36.52169215499994, -9.98148245899991 ], [ -36.521681595999951, -9.980091221999906 ], [ -36.521678854, -9.979729886999941 ], [ -36.521678267999945, -9.979652472999931 ], [ -36.522017954999981, -9.976220963999957 ], [ -36.522129729, -9.975642929999914 ], [ -36.522642294999947, -9.97436583399994 ], [ -36.52382917300001, -9.972398762999898 ], [ -36.524218214999955, -9.971903168999926 ], [ -36.524618333999932, -9.971549973000013 ], [ -36.524941918999971, -9.971264334999915 ], [ -36.526594485999929, -9.96980556999992 ], [ -36.526690808, -9.969747972999951 ], [ -36.528962410999917, -9.968389648999917 ], [ -36.529270948999958, -9.968205155999929 ], [ -36.529285471, -9.968199644 ], [ -36.532709004999937, -9.966900087999949 ], [ -36.532776091999985, -9.966874621999974 ], [ -36.535306862999946, -9.966403528999898 ], [ -36.535340397999967, -9.966397286999914 ], [ -36.540101820999936, -9.966465566999968 ], [ -36.540217017999964, -9.966471634999937 ], [ -36.540799754999952, -9.966536912 ], [ -36.542630367999983, -9.967056291999906 ], [ -36.543298335, -9.967352059999953 ], [ -36.545631429999958, -9.969026637999953 ], [ -36.548401548999919, -9.970801108999957 ], [ -36.550584220999944, -9.971777652999933 ], [ -36.551001878999955, -9.971972464999975 ], [ -36.552804134999946, -9.973475721999922 ], [ -36.555539321999952, -9.977273094999969 ], [ -36.558116131, -9.983273787999977 ], [ -36.558175476999928, -9.983375936999902 ], [ -36.558232647999951, -9.983508812999972 ], [ -36.559598056999953, -9.985873981999912 ], [ -36.559721386999939, -9.986036884999979 ], [ -36.560634794999935, -9.987243383999974 ], [ -36.560778215999989, -9.987432824999928 ], [ -36.56079207299998, -9.987447064999952 ], [ -36.562228150999964, -9.988922776000017 ], [ -36.562319606999978, -9.989016756999977 ], [ -36.565620241999959, -9.991619135999915 ], [ -36.565958408999961, -9.991815399999989 ], [ -36.566301916999961, -9.991963017999947 ], [ -36.567644704999957, -9.992292886999973 ], [ -36.568213832999973, -9.992432698999906 ], [ -36.568590181999937, -9.992499089999981 ], [ -36.56947453699992, -9.992470216 ], [ -36.571838455999938, -9.992367149999989 ], [ -36.575518274999936, -9.991547438999934 ], [ -36.577993815999953, -9.990470641999924 ], [ -36.579342830999927, -9.990068954 ], [ -36.58001043499992, -9.989969550999941 ], [ -36.582101409, -9.989897233 ], [ -36.582762259999967, -9.989944547999915 ], [ -36.583314213999984, -9.990075271999984 ], [ -36.583594623999915, -9.990192969999953 ], [ -36.585440046000016, -9.990967555999916 ], [ -36.587380491999987, -9.991782027999893 ], [ -36.587982897999915, -9.991914413999922 ], [ -36.588599346999935, -9.991941094 ], [ -36.589509391, -9.991782027999893 ], [ -36.590214857999932, -9.991474320999924 ], [ -36.590947977999932, -9.99091668099997 ], [ -36.591430395999964, -9.990320834999963 ], [ -36.591771276999928, -9.989635608999933 ], [ -36.591954463999983, -9.988893488 ], [ -36.591928394999961, -9.987039915999926 ], [ -36.591886793999983, -9.986837057999928 ], [ -36.591015839999947, -9.983947824999969 ], [ -36.59014058, -9.981619189999943 ], [ -36.589562062000013, -9.978533366999972 ], [ -36.589507243999918, -9.977649878999969 ], [ -36.589657702999929, -9.973985628999923 ], [ -36.589793899999918, -9.973181854999943 ], [ -36.590562469999917, -9.970868641999949 ], [ -36.590579815999931, -9.970834487999966 ], [ -36.59170800899993, -9.968613063999928 ], [ -36.592195139999916, -9.96765389699997 ], [ -36.594222337999959, -9.96487102799993 ], [ -36.594283899, -9.964807853999943 ], [ -36.594680142, -9.964401227999961 ], [ -36.595167429999904, -9.963901167999975 ], [ -36.595195881999949, -9.963877711999899 ], [ -36.595603088999979, -9.963541989999921 ], [ -36.596678133999937, -9.96265566999995 ], [ -36.596710956999985, -9.962634863999916 ], [ -36.602421975999917, -9.959014649999961 ], [ -36.602486217, -9.958973927999967 ], [ -36.605168683999985, -9.957595619999967 ], [ -36.605195807, -9.957584339999922 ], [ -36.605215538999957, -9.95757416499988 ], [ -36.608230723999945, -9.956315602999929 ], [ -36.609948077999931, -9.955381336999988 ], [ -36.614023597999989, -9.95236125799995 ], [ -36.615613027999956, -9.950724976999922 ], [ -36.616023085999956, -9.950202941999983 ], [ -36.617050913999911, -9.947904420999961 ], [ -36.617264495, -9.947082476999988 ], [ -36.617281297999966, -9.946318642999938 ], [ -36.617130946999964, -9.945569308999932 ], [ -36.616820569999952, -9.94487 ], [ -36.616274743, -9.944164783999984 ], [ -36.616203081000016, -9.944097509999924 ], [ -36.61583087099995, -9.943787873999973 ], [ -36.615712851999959, -9.943710613999976 ], [ -36.615206390999973, -9.943435147999921 ], [ -36.615034768999983, -9.943361227999933 ], [ -36.612929588999975, -9.942760865 ], [ -36.612253380999981, -9.942716924999914 ], [ -36.611905232999952, -9.942749865999886 ], [ -36.611577521999926, -9.942780872999965 ], [ -36.611506504, -9.942810708999946 ], [ -36.60860541299995, -9.94402948699998 ], [ -36.608562182999925, -9.944040144999974 ], [ -36.605490623999977, -9.944797434999927 ], [ -36.601887758999951, -9.944982073999928 ], [ -36.601638548999937, -9.944959098999981 ], [ -36.601336357999976, -9.944931239999985 ], [ -36.600686464999939, -9.944745342999969 ], [ -36.600083958, -9.944440571999976 ], [ -36.599579953999957, -9.944052802999956 ], [ -36.59911506499995, -9.94352724 ], [ -36.598780166999951, -9.942955747999957 ], [ -36.598560725, -9.942331641999921 ], [ -36.598457642, -9.941615737999928 ], [ -36.598476029000011, -9.941101912999958 ], [ -36.598597510999937, -9.940496452999955 ], [ -36.599075645999974, -9.939397366999966 ], [ -36.599652555999924, -9.938052606999989 ], [ -36.599869253999913, -9.937239114999915 ], [ -36.599867853999974, -9.935818825 ], [ -36.599439597999982, -9.933828090999949 ], [ -36.599407556999907, -9.933343326999896 ], [ -36.59948643999995, -9.932629277999968 ], [ -36.599714895999931, -9.931917693999889 ], [ -36.600267059999965, -9.931058343999929 ], [ -36.602377517999969, -9.929159368999926 ], [ -36.602948382999955, -9.928737417 ], [ -36.60582571, -9.927016481 ], [ -36.605909401, -9.926983438000011 ], [ -36.608877924999938, -9.925811407999937 ], [ -36.611589016999986, -9.924741017000013 ], [ -36.614980542999938, -9.923196528999942 ], [ -36.617197140999934, -9.922740254999937 ], [ -36.61957138, -9.922536450999949 ], [ -36.620324076999928, -9.922354306999978 ], [ -36.621022782999923, -9.922011575999953 ], [ -36.622653422000013, -9.920857251000012 ], [ -36.62308963199996, -9.92042474600002 ], [ -36.623398406999925, -9.919998912999958 ], [ -36.625244553, -9.917001324999916 ], [ -36.62555257, -9.916291069999946 ], [ -36.625731835999908, -9.915548428999962 ], [ -36.625881770999968, -9.914893186999926 ], [ -36.625930130999969, -9.914462837999935 ], [ -36.626077127999963, -9.913078012999929 ], [ -36.625970573999943, -9.909730773 ], [ -36.625512581999971, -9.907385438999924 ], [ -36.624988172999927, -9.905895137999984 ], [ -36.624838757, -9.905637568999989 ], [ -36.624370723, -9.904932776999939 ], [ -36.62221934999998, -9.90191960699994 ], [ -36.61970435, -9.899515272999956 ], [ -36.617525109999981, -9.897955496999952 ], [ -36.61654371599996, -9.897469525999977 ], [ -36.61546991700002, -9.896945995999914 ], [ -36.613776806, -9.896453018999981 ], [ -36.613291669, -9.896313960999933 ], [ -36.613119836, -9.896264706999943 ], [ -36.612351147999988, -9.896137896999932 ], [ -36.607526220999915, -9.895807678999965 ], [ -36.604618154, -9.89604651799992 ], [ -36.60460494899997, -9.896050179999957 ], [ -36.604536944999943, -9.896069037999919 ], [ -36.603942486999962, -9.896233889999969 ], [ -36.603909915999928, -9.896250257 ], [ -36.603611544999936, -9.896400187999962 ], [ -36.603279852999933, -9.896566862999986 ], [ -36.603242315999935, -9.896601041999883 ], [ -36.602686094000013, -9.897107500999955 ], [ -36.601857196, -9.897862238999963 ], [ -36.600599792999965, -9.89887178 ], [ -36.600113532999963, -9.899174879999947 ], [ -36.599543629999971, -9.899408950999952 ], [ -36.597402179999982, -9.899778596999983 ], [ -36.594369550999971, -9.899611147999984 ], [ -36.593864146999984, -9.899557970999936 ], [ -36.593235181999901, -9.899587206999957 ], [ -36.592346681000016, -9.899808990999922 ], [ -36.58915450399995, -9.901139682999979 ], [ -36.586401630999909, -9.901624943999895 ], [ -36.585861200999958, -9.90171267399996 ], [ -36.585726114999972, -9.901734603 ], [ -36.583423296999946, -9.901455491 ], [ -36.583385725999946, -9.901442061999951 ], [ -36.582386641999975, -9.901084961999981 ], [ -36.582320043999971, -9.901061157999965 ], [ -36.58165035699998, -9.900572511999947 ], [ -36.581104748999955, -9.899925557999975 ], [ -36.580897345999936, -9.89956482399997 ], [ -36.580616795, -9.898773753999887 ], [ -36.580533911999979, -9.897939243999939 ], [ -36.58066003899993, -9.897086116999962 ], [ -36.58097785399994, -9.896314206999953 ], [ -36.581451538999964, -9.895660094999922 ], [ -36.58639890999995, -9.891548303999972 ], [ -36.588082023999945, -9.889608201999941 ], [ -36.588340833999951, -9.889306994999977 ], [ -36.591231159, -9.883996623999977 ], [ -36.59229078100001, -9.882504787 ], [ -36.592794736999963, -9.881960043999957 ], [ -36.594708648999962, -9.880349113999984 ], [ -36.594757914999953, -9.880319292 ], [ -36.595441453000021, -9.879905536999964 ], [ -36.596302635999955, -9.879384249999909 ], [ -36.602905074999924, -9.876783169999989 ], [ -36.60368566199994, -9.876685558 ], [ -36.60452061499992, -9.876752843999967 ], [ -36.606866267999933, -9.877277663999958 ], [ -36.607016398000013, -9.877341197999975 ], [ -36.60774009699994, -9.877647462999914 ], [ -36.608280038999936, -9.877884296999969 ], [ -36.611113093999954, -9.879662108999984 ], [ -36.611793635999952, -9.880284252999946 ], [ -36.612440598000013, -9.880883186999942 ], [ -36.613862257999962, -9.882738642999897 ], [ -36.615840813999974, -9.886088997999906 ], [ -36.616310888999969, -9.886719827999965 ], [ -36.616506075999951, -9.886923463999938 ], [ -36.618139416999917, -9.888627497999977 ], [ -36.618249114999934, -9.888741942999943 ], [ -36.619251156999972, -9.889473320999972 ], [ -36.619761406999913, -9.889760777999953 ], [ -36.620131655, -9.889872083999926 ], [ -36.620256293999915, -9.889909552999917 ], [ -36.620786627999919, -9.890026136999971 ], [ -36.621863021999985, -9.890002846999909 ], [ -36.622552587999934, -9.889809206999963 ], [ -36.625952055999917, -9.888432674999933 ], [ -36.627216709999928, -9.887475760999983 ], [ -36.627567599999921, -9.887061095999957 ], [ -36.627638980999961, -9.886963516999966 ], [ -36.627903992999954, -9.886514408999933 ], [ -36.628133061999989, -9.88593090799997 ], [ -36.628567866, -9.884288348999956 ], [ -36.628587072999984, -9.88421047 ], [ -36.628672028, -9.88282338199998 ], [ -36.628530666999936, -9.882102656999944 ], [ -36.628241507, -9.881328762999949 ], [ -36.627191909999922, -9.879643848999894 ], [ -36.627177402999962, -9.87962115399997 ], [ -36.624109790999988, -9.876056972999944 ], [ -36.623834905999985, -9.875694622999983 ], [ -36.623475225999975, -9.875013990999978 ], [ -36.623269550999922, -9.874299754999946 ], [ -36.623206711999963, -9.873521203999921 ], [ -36.623245147999945, -9.872331726999914 ], [ -36.623301838999929, -9.871905325999894 ], [ -36.623565071999948, -9.871085273999899 ], [ -36.623967916999973, -9.870406261999939 ], [ -36.624467427999917, -9.869874504999906 ], [ -36.625252804999974, -9.869335170999957 ], [ -36.628845815999988, -9.867421019999941 ], [ -36.628926808999935, -9.867377871000013 ], [ -36.629129383, -9.867269950999965 ], [ -36.638970619999988, -9.863219166 ], [ -36.649876445999951, -9.856778859999945 ], [ -36.650553725999941, -9.856209415 ], [ -36.651009280999979, -9.855593271 ], [ -36.651245269999961, -9.855091383999945 ], [ -36.651284249, -9.854985949999925 ], [ -36.651429563999933, -9.854448110999922 ], [ -36.65148331399994, -9.853838784999954 ], [ -36.651429551999932, -9.853229460999987 ], [ -36.650345052, -9.849263251999915 ], [ -36.650112221999919, -9.848708184 ], [ -36.649780829999941, -9.848192323999946 ], [ -36.648580516000017, -9.846915517 ], [ -36.648096273999919, -9.84659901099992 ], [ -36.646063001999906, -9.845311708999901 ], [ -36.64490611599993, -9.844941865999942 ], [ -36.64462956299996, -9.844905131999923 ], [ -36.642810411, -9.844663496999914 ], [ -36.642113366999958, -9.844653164999947 ], [ -36.641226465999942, -9.844774519999952 ], [ -36.639136918999981, -9.845338667 ], [ -36.638103780999941, -9.845791156999958 ], [ -36.635288051999936, -9.847936797999942 ], [ -36.632837084, -9.850608725999951 ], [ -36.632577359, -9.850840143999914 ], [ -36.63136480199995, -9.85189494999997 ], [ -36.629024332000014, -9.853291785 ], [ -36.626348761999971, -9.854212780999902 ], [ -36.624814685999958, -9.854502455999977 ], [ -36.624475354999952, -9.854562256999952 ], [ -36.62247719, -9.854678898999921 ], [ -36.619312507999986, -9.854554331999918 ], [ -36.615402054999912, -9.854806144999969 ], [ -36.612831687999957, -9.855494244999971 ], [ -36.609513044, -9.857186148999983 ], [ -36.608317224999908, -9.857644173999955 ], [ -36.607568875999981, -9.85782577299997 ], [ -36.606798629999936, -9.857842439999928 ], [ -36.60596047599995, -9.857658168999958 ], [ -36.605629010999969, -9.857520572999942 ], [ -36.605193168999968, -9.857339648999893 ], [ -36.60507690099994, -9.857265757999908 ], [ -36.604555411999961, -9.856934342999931 ], [ -36.604446332999906, -9.856865020999969 ], [ -36.60440777, -9.85682698599993 ], [ -36.604038874999944, -9.856463142999935 ], [ -36.603916778999967, -9.856342717999919 ], [ -36.603872456999937, -9.856274953 ], [ -36.603618167999947, -9.855886167999891 ], [ -36.603507639999954, -9.855717178999942 ], [ -36.603468359999987, -9.855615367999956 ], [ -36.603328292999947, -9.855252320999938 ], [ -36.603236495999987, -9.855014384999969 ], [ -36.603201193999908, -9.854819873999951 ], [ -36.603177682, -9.854690318999889 ], [ -36.603125840999979, -9.85440466699988 ], [ -36.603026213, -9.852440916999935 ], [ -36.603033996999933, -9.852382704 ], [ -36.603184036, -9.851260651999979 ], [ -36.603501739, -9.84888474699995 ], [ -36.603519478999957, -9.848832655 ], [ -36.604630529999959, -9.845570403999901 ], [ -36.605358807, -9.843432048999897 ], [ -36.605837456999986, -9.841266569999959 ], [ -36.605940800000013, -9.838179003999933 ], [ -36.605699927999979, -9.836002384999961 ], [ -36.605657916999967, -9.835027261999926 ], [ -36.605680752, -9.83479866399993 ], [ -36.605740060999921, -9.834204950999922 ], [ -36.605752464999973, -9.834080783999951 ], [ -36.605770702999969, -9.834032616999963 ], [ -36.606049615999957, -9.833295996999944 ], [ -36.606094701999957, -9.83317692199995 ], [ -36.60623152999991, -9.832998688999947 ], [ -36.606638699999934, -9.832468307999939 ], [ -36.606736617999957, -9.832340759999955 ], [ -36.606805003000019, -9.832288319999968 ], [ -36.606841543999934, -9.832260298999959 ], [ -36.607330647999987, -9.831885233000012 ], [ -36.60744530499997, -9.83183242 ], [ -36.608113456999924, -9.831524656999932 ], [ -36.608635878999984, -9.831284020999917 ], [ -36.609236255, -9.831122736999895 ], [ -36.611560744999956, -9.83076273099995 ], [ -36.611657253999951, -9.830747783999957 ], [ -36.61198885599994, -9.830696426999971 ], [ -36.612647577999908, -9.830697029999932 ], [ -36.614189236999927, -9.830888104999932 ], [ -36.617005021999937, -9.831929487999943 ], [ -36.617209520999978, -9.831972135999919 ], [ -36.617621392999951, -9.832053387999981 ], [ -36.622552114999984, -9.831980830999928 ], [ -36.623713277999954, -9.831955885 ], [ -36.625069179999969, -9.831678797999896 ], [ -36.625854588999935, -9.831347016999889 ], [ -36.626587351999902, -9.830789371999934 ], [ -36.627149617999976, -9.830062635999933 ], [ -36.627503067, -9.829216336999899 ], [ -36.627616653999979, -9.828269679 ], [ -36.627448752999946, -9.826473658999898 ], [ -36.626841337999956, -9.820366184999937 ], [ -36.626891352, -9.819427728999916 ], [ -36.630078574999935, -9.809612751999971 ], [ -36.630103160000012, -9.809554450999943 ], [ -36.630354266, -9.808958965999967 ], [ -36.631778422999979, -9.805581652999948 ], [ -36.631867545999981, -9.805443575999981 ], [ -36.633402481999973, -9.80306550799995 ], [ -36.633407602999952, -9.803057574 ], [ -36.63601399799996, -9.799999475999929 ], [ -36.638936056999967, -9.79656885599994 ], [ -36.639343544999932, -9.796074339999969 ], [ -36.642467374999939, -9.792283355999917 ], [ -36.642631433999924, -9.792084256999964 ], [ -36.644431465, -9.790551340999961 ], [ -36.645043362, -9.790154811000015 ], [ -36.647659023999978, -9.789096276999917 ], [ -36.649732445999938, -9.788514539999923 ], [ -36.65067608199994, -9.788001034999979 ], [ -36.652234086999975, -9.786482393999915 ], [ -36.653824195, -9.783815732999898 ], [ -36.654080006999941, -9.782778729999983 ], [ -36.65408, -9.782167075 ], [ -36.653972913999965, -9.781564713999988 ], [ -36.651885369, -9.776245126999935 ], [ -36.651691120999907, -9.775233532999902 ], [ -36.651741355999974, -9.774739225999948 ], [ -36.651786553999983, -9.77429448 ], [ -36.651797717999933, -9.774184630999979 ], [ -36.652573627, -9.771233330999948 ], [ -36.653064029, -9.769774256999927 ], [ -36.653363215999967, -9.768863688 ], [ -36.65337338599992, -9.768785748999939 ], [ -36.65343175299995, -9.768207955 ], [ -36.653417696999945, -9.767888665999966 ], [ -36.653396884, -9.767652708999982 ], [ -36.653107968999983, -9.766669497999899 ], [ -36.652799656999967, -9.766139790999947 ], [ -36.652403302999943, -9.765671239 ], [ -36.649044732999968, -9.763145905999945 ], [ -36.648838767999976, -9.762991038999921 ], [ -36.648673634, -9.76286687399995 ], [ -36.647343795, -9.761566873999946 ], [ -36.647134292, -9.761414158000012 ], [ -36.646836932999989, -9.761226241 ], [ -36.646176055999931, -9.760942733 ], [ -36.645992796999955, -9.760905047999898 ], [ -36.643889003999973, -9.760472432999986 ], [ -36.643359339999932, -9.760223927999942 ], [ -36.64294718499994, -9.759939304999929 ], [ -36.64289077399998, -9.759900349 ], [ -36.642862705999967, -9.759872046999959 ], [ -36.642452394999943, -9.759458304999921 ], [ -36.642373069999955, -9.759378314999964 ], [ -36.64231151900001, -9.759284180999902 ], [ -36.64205657899997, -9.758894283999972 ], [ -36.641968159999934, -9.758759058999974 ], [ -36.641899633999948, -9.758595205999917 ], [ -36.641873569000012, -9.758532882999912 ], [ -36.641730861000021, -9.758191651999923 ], [ -36.640909670999932, -9.755488189999969 ], [ -36.640510111, -9.754835019999927 ], [ -36.639977508999984, -9.75428312 ], [ -36.638772886999966, -9.753390535999959 ], [ -36.638724202999938, -9.753354461999905 ], [ -36.637349635999982, -9.752807419999939 ], [ -36.636859541000021, -9.752541971999914 ], [ -36.635614903999979, -9.75157856799996 ], [ -36.634469849999917, -9.750667987999936 ], [ -36.633099581999957, -9.749736716999976 ], [ -36.632528094999927, -9.749455945999927 ], [ -36.632007511000019, -9.749299291999932 ], [ -36.631174969999968, -9.749204280999976 ], [ -36.627290616, -9.749262513999909 ], [ -36.623742734, -9.750049696999938 ], [ -36.614702396999931, -9.754549530999931 ], [ -36.613523065999964, -9.755210360999985 ], [ -36.611649213, -9.756255853999981 ], [ -36.610619926999917, -9.756688556 ], [ -36.609629744999971, -9.757100490999967 ], [ -36.608108274999935, -9.757535808999926 ], [ -36.604111970999952, -9.758029925999953 ], [ -36.599135525999955, -9.757907422999942 ], [ -36.59725414, -9.758120501999898 ], [ -36.59713083, -9.758149686999914 ], [ -36.594160909999935, -9.758852596999898 ], [ -36.594069191999985, -9.758862933999954 ], [ -36.59209898499995, -9.75908497699994 ], [ -36.589896489999973, -9.758934961999962 ], [ -36.588419915999921, -9.758515953999932 ], [ -36.586993148, -9.758111078999917 ], [ -36.579319562999956, -9.754025537999919 ], [ -36.576124663999927, -9.752782814999946 ], [ -36.573198132, -9.752144185999953 ], [ -36.572610287999936, -9.752017970999901 ], [ -36.572521100999928, -9.75200472699996 ], [ -36.566209305999941, -9.751071814999953 ], [ -36.56564895599994, -9.751025970999891 ], [ -36.563929726999973, -9.750891229999933 ], [ -36.562757021999936, -9.75095476499995 ], [ -36.560666430999973, -9.751068029999907 ], [ -36.560556194999911, -9.751087783999942 ], [ -36.551187603999956, -9.752766602999937 ], [ -36.551027269999921, -9.752795333999916 ], [ -36.546211817999925, -9.753967558999918 ], [ -36.541544690999949, -9.754680097999898 ], [ -36.541464160999944, -9.754701286999964 ], [ -36.53933458799996, -9.755261608999962 ], [ -36.535144487999922, -9.756364084999966 ], [ -36.532931672999979, -9.756797760999966 ], [ -36.532692632, -9.756844609999934 ], [ -36.53192896499997, -9.756910887999911 ], [ -36.528935322999985, -9.756836430999968 ], [ -36.527806857999963, -9.756583892999945 ], [ -36.527546844999947, -9.756439798999924 ], [ -36.526062264999943, -9.755617072999975 ], [ -36.525985410999979, -9.755580086999935 ], [ -36.523715872999958, -9.754487859999891 ], [ -36.52191691299997, -9.753981691999932 ], [ -36.520978191000019, -9.75392213999989 ], [ -36.51503316, -9.754265040999929 ], [ -36.511884682, -9.754446640999944 ], [ -36.510618119999911, -9.754295486999961 ], [ -36.508763372000018, -9.754058768999915 ], [ -36.508591799999941, -9.754036871999968 ], [ -36.505778834999902, -9.75321283099991 ], [ -36.505107741999971, -9.75295353299995 ], [ -36.504872196999933, -9.752862521999969 ], [ -36.504497704999949, -9.752717824999898 ], [ -36.504265091999976, -9.752592400999912 ], [ -36.493293312999974, -9.746676503999904 ], [ -36.493149172999949, -9.746598785999957 ], [ -36.490479562999951, -9.744312356999959 ], [ -36.490366824999953, -9.744178804999923 ], [ -36.488836857999928, -9.742366383999975 ], [ -36.488809166999943, -9.742333580999926 ], [ -36.487873849, -9.741017846999952 ], [ -36.487483641999958, -9.740468934999921 ], [ -36.487378803, -9.740321456999975 ], [ -36.486080111, -9.737978720999937 ], [ -36.485833327999927, -9.737395792999934 ], [ -36.484783218, -9.734927193999962 ], [ -36.483579725999981, -9.732593882999904 ], [ -36.482969727999958, -9.731411229999928 ], [ -36.482940094999904, -9.731353777999971 ], [ -36.482233492999967, -9.729506913999927 ], [ -36.481473534999971, -9.726855331 ], [ -36.481194472999974, -9.726180935999892 ], [ -36.480742654999986, -9.725103569999924 ], [ -36.480499509999937, -9.724695466 ], [ -36.476870133999938, -9.71870145699992 ], [ -36.476619737, -9.718128406999934 ], [ -36.476471502, -9.717541260999937 ], [ -36.47643902899997, -9.716716284999979 ], [ -36.476453496999923, -9.716648142999937 ], [ -36.476452008999978, -9.716614337999982 ], [ -36.476769480999955, -9.715078152999975 ], [ -36.476769475999959, -9.714444677999964 ], [ -36.476763012999953, -9.714206766999908 ], [ -36.476662920999935, -9.713632997999952 ], [ -36.475676725999961, -9.707979674999908 ], [ -36.475641629999984, -9.707778481999959 ], [ -36.475454353999943, -9.707190635 ], [ -36.474831884999958, -9.705867450999936 ], [ -36.47463868499996, -9.705173199999958 ], [ -36.47458101399998, -9.704557795999932 ], [ -36.474634867, -9.702861687999928 ], [ -36.475114301999966, -9.700685215999968 ], [ -36.475204000999923, -9.700480030999955 ], [ -36.475849007999912, -9.699004586999912 ], [ -36.475962215999957, -9.69874562899998 ], [ -36.476028678999945, -9.698641715999909 ], [ -36.478601118999983, -9.694619834999937 ], [ -36.478632035999965, -9.694559922999954 ], [ -36.47920054599993, -9.693458290999931 ], [ -36.479349597999921, -9.692980066999976 ], [ -36.479395142999955, -9.692730339 ], [ -36.479451667999925, -9.69230430999993 ], [ -36.479334514999913, -9.691243055999962 ], [ -36.478901145999941, -9.690265872999934 ], [ -36.478191679999945, -9.689463212999957 ], [ -36.477413021999915, -9.688971034 ], [ -36.475868458000015, -9.688425321999969 ], [ -36.475477951999942, -9.688201621999934 ], [ -36.475372234, -9.688141061999897 ], [ -36.475221505999954, -9.688054716999947 ], [ -36.474663332999953, -9.687555504999942 ], [ -36.474232516999926, -9.686962403999896 ], [ -36.474009022999908, -9.686447032999975 ], [ -36.473923993999975, -9.686250953999917 ], [ -36.473880202, -9.68614996699991 ], [ -36.473770384999966, -9.68555110099992 ], [ -36.473776476999937, -9.685420817999976 ], [ -36.473811244999972, -9.684677455999932 ], [ -36.474180041999936, -9.683340714999908 ], [ -36.474196978999913, -9.683215070999903 ], [ -36.474208695, -9.683128167999907 ], [ -36.474254876, -9.682586426999936 ], [ -36.4742268749999, -9.682162625999954 ], [ -36.474196444999961, -9.6819002 ], [ -36.474028747999938, -9.681329357000021 ], [ -36.473989241999959, -9.681208497999968 ], [ -36.473640513999968, -9.680572954999963 ], [ -36.472731562999989, -9.679350313999965 ], [ -36.47270701, -9.679317286999986 ], [ -36.470109212999908, -9.676645202999964 ], [ -36.470008557999932, -9.676541668999924 ], [ -36.469458754999913, -9.67578173099993 ], [ -36.469067194999937, -9.675240517 ], [ -36.468834774999976, -9.674919266999979 ], [ -36.468443505000025, -9.673987623999988 ], [ -36.468397340999935, -9.67355336899994 ], [ -36.468387462999914, -9.67346044499989 ], [ -36.468317708999919, -9.672804256999953 ], [ -36.468833337999946, -9.669604110999938 ], [ -36.469050749999909, -9.668823408 ], [ -36.470305556, -9.666517973999941 ], [ -36.470381070999935, -9.666413089999967 ], [ -36.47040921399995, -9.6663609 ], [ -36.471612863999979, -9.664661393999982 ], [ -36.471659013999975, -9.664563188999939 ], [ -36.471979708999953, -9.663602173999916 ], [ -36.472027965999949, -9.662871493999944 ], [ -36.471912210999967, -9.662125287999931 ], [ -36.471810303999973, -9.661839744999931 ], [ -36.470836836999986, -9.659161016999981 ], [ -36.470751626999949, -9.65874771999998 ], [ -36.470761327999952, -9.657739610999968 ], [ -36.470891522999977, -9.657192317999982 ], [ -36.471040212999938, -9.656898210999895 ], [ -36.471197780999915, -9.656586541999953 ], [ -36.471376887, -9.656232275999951 ], [ -36.472023366999927, -9.655548807999889 ], [ -36.472801110999974, -9.65507674399991 ], [ -36.473009604, -9.655009527999944 ], [ -36.47319059999996, -9.654951175999912 ], [ -36.473570781999975, -9.654828607999985 ], [ -36.477451952999935, -9.654128730999986 ], [ -36.478554872999979, -9.653915865999959 ], [ -36.479168471999941, -9.653733350999957 ], [ -36.480067977999937, -9.653456025999926 ], [ -36.481022525999961, -9.653033727999979 ], [ -36.481927867, -9.652620524999985 ], [ -36.483908421, -9.651344560999927 ], [ -36.484282587999957, -9.651095280999908 ], [ -36.484329986999974, -9.651055778999925 ], [ -36.484779463999949, -9.650644468999911 ], [ -36.485345001999931, -9.649879095 ], [ -36.485690819999945, -9.648868145999931 ], [ -36.48574116999994, -9.64810575199991 ], [ -36.48562403499993, -9.647350616999958 ], [ -36.485344970999932, -9.646638537999927 ], [ -36.484917207999978, -9.646003274999945 ], [ -36.484397960999914, -9.64550345399989 ], [ -36.481925183999948, -9.643684643999947 ], [ -36.479825650999963, -9.641902876999961 ], [ -36.479337884999929, -9.641354919 ], [ -36.478714666999963, -9.640380057999906 ], [ -36.47842682699995, -9.639801828999936 ], [ -36.477684351999983, -9.637841422999912 ], [ -36.477225769999961, -9.636003909999932 ], [ -36.476200510999952, -9.631895748000016 ], [ -36.476098892999985, -9.631488565999987 ], [ -36.476041277999926, -9.630998370999929 ], [ -36.476100306000014, -9.629963664999938 ], [ -36.476250353999902, -9.629490017999917 ], [ -36.476889173999915, -9.627473508999959 ], [ -36.476991567999946, -9.62715029299995 ], [ -36.477030971999923, -9.627075304999963 ], [ -36.478251497999921, -9.62475255799998 ], [ -36.478953437, -9.623416721999941 ], [ -36.479230909999956, -9.622543266999969 ], [ -36.479363305999989, -9.620345277999917 ], [ -36.479346962999969, -9.61992034599993 ], [ -36.479341640999969, -9.619857697999986 ], [ -36.479300623999954, -9.619374826999913 ], [ -36.478930223999946, -9.617868932999926 ], [ -36.478879444, -9.617210134999951 ], [ -36.47895484699994, -9.616543715999967 ], [ -36.479169327999927, -9.615862180999976 ], [ -36.479623655999944, -9.615100749999947 ], [ -36.479857548999938, -9.614841828999928 ], [ -36.479931723999947, -9.614759715999973 ], [ -36.480084882999918, -9.614643976999989 ], [ -36.480570697999966, -9.614276857999901 ], [ -36.480630208, -9.61423188899991 ], [ -36.481292455, -9.613947895999949 ], [ -36.481852459999971, -9.613707748999975 ], [ -36.48194416999992, -9.613668419999918 ], [ -36.482824846999961, -9.613515798 ], [ -36.482851398999934, -9.613511195999966 ], [ -36.483768670999979, -9.613590837999894 ], [ -36.484636042999981, -9.61390413799997 ], [ -36.485276169999921, -9.614328606999919 ], [ -36.486339159999943, -9.615306426999911 ], [ -36.48648283999993, -9.615397267999967 ], [ -36.486500441999965, -9.615408396 ], [ -36.48701952299993, -9.615705816999917 ], [ -36.487598691999978, -9.615915018999907 ], [ -36.488205668999925, -9.616021234 ], [ -36.488975360000019, -9.616004566999944 ], [ -36.489723170999987, -9.615822965999929 ], [ -36.490413647999915, -9.615485040999946 ], [ -36.491107379999939, -9.614907339999931 ], [ -36.491147762, -9.614861247999936 ], [ -36.491672469999976, -9.614182351999897 ], [ -36.492548245999963, -9.612720044999964 ], [ -36.492769811, -9.612334775999972 ], [ -36.493050490999956, -9.611739664999938 ], [ -36.493773575, -9.610146849999953 ], [ -36.493904173999979, -9.609929642999923 ], [ -36.494230675, -9.609386622999935 ], [ -36.494758188999938, -9.608509286 ], [ -36.494815090999943, -9.608435155999903 ], [ -36.495198543999962, -9.607935609999959 ], [ -36.496752880999956, -9.605910695000016 ], [ -36.497017773999936, -9.60539916999997 ], [ -36.497203097999908, -9.604815815999931 ], [ -36.497285066999936, -9.603943396999956 ], [ -36.497155633999974, -9.602108822999952 ], [ -36.496987705999935, -9.601450744999948 ], [ -36.496955018999984, -9.601371281999945 ], [ -36.496640029999945, -9.600737382999988 ], [ -36.496455810999983, -9.600499118999902 ], [ -36.49623086099993, -9.600222549999934 ], [ -36.49568603899997, -9.599748364999957 ], [ -36.495438453, -9.599605257999929 ], [ -36.494234821999981, -9.599057229999971 ], [ -36.493594928999968, -9.598787716999965 ], [ -36.492876611999954, -9.598217933999894 ], [ -36.49280555099994, -9.598124108999947 ], [ -36.492276320999935, -9.597425335999951 ], [ -36.491544728999976, -9.596459372999963 ], [ -36.490589125999961, -9.59454120699997 ], [ -36.490555243, -9.594435626999939 ], [ -36.490231950999984, -9.593428229999986 ], [ -36.489922926, -9.592465281999981 ], [ -36.489911126, -9.59239846599996 ], [ -36.489482000999928, -9.589968537999901 ], [ -36.489441998, -9.589742020999989 ], [ -36.489077739999964, -9.585149868 ], [ -36.487069807999916, -9.578093415999941 ], [ -36.486950153999963, -9.577454534999926 ], [ -36.486944692999955, -9.57666917799996 ], [ -36.487236202, -9.574621681999925 ], [ -36.487267060999983, -9.574527547999953 ], [ -36.487543621999947, -9.573683934999963 ], [ -36.487599955, -9.573512092999955 ], [ -36.488722907999914, -9.57160642400002 ], [ -36.489098229999968, -9.571102995999933 ], [ -36.489538903000017, -9.57067036099993 ], [ -36.491702866, -9.568925689 ], [ -36.491769023999971, -9.568857837999886 ], [ -36.492124346999972, -9.568418403999942 ], [ -36.492268161999974, -9.568200939999979 ], [ -36.492524877999983, -9.567684236999948 ], [ -36.492566778999986, -9.567576416999909 ], [ -36.492759687999964, -9.566695937999977 ], [ -36.49296693499997, -9.562399496999937 ], [ -36.492959232999951, -9.562216438999979 ], [ -36.492769046999939, -9.560939439000013 ], [ -36.49220144799996, -9.558175675999955 ], [ -36.488525578999926, -9.549177640999925 ], [ -36.488516002000026, -9.549151316999968 ], [ -36.488458883, -9.549012290999922 ], [ -36.486974233999909, -9.54492348799992 ], [ -36.486835426999974, -9.544618665999923 ], [ -36.486434677999945, -9.543761803999903 ], [ -36.482782308, -9.537704862999949 ], [ -36.482300712999937, -9.536906203999948 ], [ -36.482230521, -9.536789801999909 ], [ -36.480045506999943, -9.532624612999893 ], [ -36.477866924, -9.528488492999973 ], [ -36.475426569999954, -9.524810887999887 ], [ -36.475411670999968, -9.524788525 ], [ -36.474862688999927, -9.524049466999948 ], [ -36.473699134999933, -9.522483053999927 ], [ -36.473648192999981, -9.522414472999937 ], [ -36.472200314, -9.519627100999969 ], [ -36.471972380999972, -9.518912131999965 ], [ -36.471365325999926, -9.515733421999947 ], [ -36.469816190999914, -9.508670779999914 ], [ -36.469663683, -9.507991352 ], [ -36.469511131999987, -9.507544264999964 ], [ -36.467424090999963, -9.5015632839999 ], [ -36.465929203, -9.498840442999942 ], [ -36.465859708000025, -9.498717880999926 ], [ -36.463133493999962, -9.495248212 ], [ -36.462192423, -9.494053482 ], [ -36.458131945999938, -9.487857905999938 ], [ -36.457788336999926, -9.487210087999895 ], [ -36.456962897999929, -9.485063488 ], [ -36.456789314999959, -9.484245385999909 ], [ -36.45678466899993, -9.483981464999921 ], [ -36.456782555999929, -9.48386147099994 ], [ -36.456743902999932, -9.481664932999919 ], [ -36.456755237999978, -9.48158789599994 ], [ -36.457032387, -9.479704276999964 ], [ -36.457193675999932, -9.479196425999955 ], [ -36.457241767, -9.47904500399995 ], [ -36.45725186199995, -9.479026253 ], [ -36.45744631599996, -9.478665078999956 ], [ -36.45754896299993, -9.478474420999902 ], [ -36.457605889999932, -9.478404002999937 ], [ -36.457841414999969, -9.478112659 ], [ -36.457959908, -9.477966080999941 ], [ -36.458091004000011, -9.477853811999978 ], [ -36.458337319999963, -9.477642865999933 ], [ -36.458414228000024, -9.477577003 ], [ -36.458552303999987, -9.477499212999948 ], [ -36.459035143999969, -9.477227186999912 ], [ -36.459213129999952, -9.477126911999964 ], [ -36.46261549, -9.475742453999899 ], [ -36.465311544999963, -9.474645397999989 ], [ -36.46542635999996, -9.474598678999943 ], [ -36.46689385199997, -9.474223643 ], [ -36.468164031999905, -9.473899031999963 ], [ -36.468220719999977, -9.473884545 ], [ -36.470399045, -9.47363110799991 ], [ -36.474306553999924, -9.473176488999954 ], [ -36.474631807, -9.473138647999932 ], [ -36.475734324999927, -9.473115838999909 ], [ -36.476370000999943, -9.473102687999887 ], [ -36.484918989999947, -9.473577 ], [ -36.487849803999971, -9.473739606 ], [ -36.489730697999988, -9.473592037999964 ], [ -36.494329882999942, -9.472744833999943 ], [ -36.496651379999911, -9.472026196999902 ], [ -36.504706546, -9.468796593999937 ], [ -36.511197517999982, -9.465846312999901 ], [ -36.511242286999952, -9.465830621999935 ], [ -36.511253462, -9.465825541999958 ], [ -36.514769642999951, -9.464592689 ], [ -36.516832344999912, -9.463449146999977 ], [ -36.517795056999901, -9.462902834999984 ], [ -36.518302417999955, -9.462466586999948 ], [ -36.520394428999943, -9.460054517999946 ], [ -36.522803530999965, -9.45614110399989 ], [ -36.523104518, -9.455651491999969 ], [ -36.523223160999962, -9.455413973999946 ], [ -36.5237999779999, -9.454254127999903 ], [ -36.524392705999915, -9.452392742 ], [ -36.524589045, -9.451768052 ], [ -36.525040927, -9.449086560999906 ], [ -36.525032996999961, -9.44557141599994 ], [ -36.524988833999949, -9.44528886599992 ], [ -36.524911162999913, -9.444810287999935 ], [ -36.52429277399991, -9.442854900999972 ], [ -36.523659559999921, -9.441602286999981 ], [ -36.523109803999908, -9.440890913 ], [ -36.523085352999928, -9.440865963999986 ], [ -36.522408372999955, -9.440350180999943 ], [ -36.521379284999988, -9.439831103999982 ], [ -36.519039096999983, -9.438676580999935 ], [ -36.515995882999981, -9.436872927 ], [ -36.515379573999972, -9.436312384999987 ], [ -36.515113286999963, -9.435961895999942 ], [ -36.514701114999966, -9.4351026329999 ], [ -36.514579243999918, -9.43460217699997 ], [ -36.514562967, -9.4335643769999 ], [ -36.514990005999977, -9.431722624999924 ], [ -36.515252571999945, -9.431186607999983 ], [ -36.515559963999976, -9.430755729999948 ], [ -36.516135069999955, -9.430206182999953 ], [ -36.51683542, -9.429772613999962 ], [ -36.517512192999945, -9.429528025999975 ], [ -36.518314443999977, -9.429416515999986 ], [ -36.526260076999968, -9.430328610999958 ], [ -36.528212046, -9.430413408999957 ], [ -36.528274894999967, -9.430416138999917 ], [ -36.539906571999943, -9.429686644999954 ], [ -36.542838119999942, -9.430055101999887 ], [ -36.54289109599997, -9.430061759999905 ], [ -36.546663479999907, -9.431210198999981 ], [ -36.546789260999923, -9.431248490999952 ], [ -36.550039910999942, -9.431662421999917 ], [ -36.551262370999922, -9.431497638999961 ], [ -36.552527540999975, -9.431327098999883 ], [ -36.555248299999938, -9.430554280999978 ], [ -36.555990777, -9.430210855999984 ], [ -36.556585759999933, -9.429765150999966 ], [ -36.557086934000012, -9.429185042999929 ], [ -36.557447478, -9.428515247999933 ], [ -36.557656368999965, -9.427773570999939 ], [ -36.557704647999962, -9.426982674999959 ], [ -36.557538020999942, -9.425294640999912 ], [ -36.557480412999972, -9.424794744999939 ], [ -36.557479228999966, -9.424784462999977 ], [ -36.556517996999922, -9.421451890999929 ], [ -36.556422196, -9.420817 ], [ -36.556398596999905, -9.420660612999917 ], [ -36.556470851999933, -9.419781218999987 ], [ -36.556803519000013, -9.418874404999919 ], [ -36.560308628999948, -9.413978212 ], [ -36.560769937999922, -9.41343691199997 ], [ -36.561905699999926, -9.412548694999931 ], [ -36.564513436999952, -9.411182778999979 ], [ -36.565002118999978, -9.410810415999901 ], [ -36.565418258999948, -9.410359443999891 ], [ -36.56659578899994, -9.40834851399995 ], [ -36.566693836999974, -9.40817854099992 ], [ -36.56725644199998, -9.406550205999928 ], [ -36.567269639999921, -9.406516818999918 ], [ -36.567367046999983, -9.406270419999959 ], [ -36.568381823000017, -9.403703470999933 ], [ -36.570676944999931, -9.400434315999981 ], [ -36.572476210999945, -9.397014342999984 ], [ -36.572505813999911, -9.396980810999963 ], [ -36.57253827100002, -9.396944048999941 ], [ -36.57315373999996, -9.396246925999904 ], [ -36.574019638000017, -9.395713958999949 ], [ -36.574786597999974, -9.395485187999938 ], [ -36.575612988999957, -9.395419533999924 ], [ -36.583245888999926, -9.396035803999933 ], [ -36.583879612999958, -9.396145404999942 ], [ -36.584517588999987, -9.396372088999957 ], [ -36.585180436999941, -9.396756585999974 ], [ -36.58609314199996, -9.397440065999948 ], [ -36.586169024999933, -9.397496891999943 ], [ -36.588895207, -9.400048907999977 ], [ -36.589537843999963, -9.400457766999967 ], [ -36.591548373999956, -9.401209456999901 ], [ -36.591717094999971, -9.40123020399993 ], [ -36.594407064999963, -9.401560986999943 ], [ -36.597889159999951, -9.401326582999911 ], [ -36.59801106, -9.401304095999915 ], [ -36.601752505999947, -9.400531223999916 ], [ -36.60236417199993, -9.400465550999989 ], [ -36.60514370099996, -9.400587341999941 ], [ -36.607271591999989, -9.400979992999922 ], [ -36.607514282, -9.401009045999928 ], [ -36.608699734999938, -9.401113305999939 ], [ -36.609456415999929, -9.401094034999943 ], [ -36.612427736999926, -9.400605846999962 ], [ -36.612872371999948, -9.400470676999969 ], [ -36.617180702, -9.399160935999959 ], [ -36.620229625999933, -9.398234057 ], [ -36.620759837999927, -9.398072871 ], [ -36.62151647, -9.397990582999935 ], [ -36.622284900999901, -9.398065739999936 ], [ -36.624063873999923, -9.398740857999929 ], [ -36.625871305999986, -9.39892347599994 ], [ -36.626580464999954, -9.399122501999976 ], [ -36.627299047999905, -9.399506422999945 ], [ -36.628557028999985, -9.400562628999939 ], [ -36.628559369, -9.400564109999973 ], [ -36.628623329999961, -9.400622222999985 ], [ -36.629150650999982, -9.400976265999969 ], [ -36.629770507999936, -9.401247595999948 ], [ -36.631157625999954, -9.40160973999998 ], [ -36.631715872999955, -9.401868239999963 ], [ -36.632210334999925, -9.4022120509999 ], [ -36.632602804999976, -9.402625894999947 ], [ -36.632931113999966, -9.403116705999967 ], [ -36.633467416999927, -9.404270787999977 ], [ -36.63391861399996, -9.404882873999906 ], [ -36.633993468999932, -9.404947049999976 ], [ -36.634013893999935, -9.404975518999933 ], [ -36.636390728999956, -9.407054269999978 ], [ -36.638318431999934, -9.408006207999961 ], [ -36.63832752499998, -9.408011181999928 ], [ -36.63909079899998, -9.408507058999923 ], [ -36.639171453, -9.408559458 ], [ -36.640225479999984, -9.409480079999962 ], [ -36.640774205999911, -9.409790728999909 ], [ -36.640865084999973, -9.409842177 ], [ -36.641175321999974, -9.409935704 ], [ -36.641503116, -9.410034524999919 ], [ -36.64235050999995, -9.41010814499997 ], [ -36.643258985999978, -9.409949073999954 ], [ -36.644095043999968, -9.409561932999985 ], [ -36.644695091999964, -9.40908369899994 ], [ -36.645778884000023, -9.407721843999969 ], [ -36.646356849999968, -9.407226771999952 ], [ -36.647947857999981, -9.40635403399995 ], [ -36.64936003199994, -9.405767349 ], [ -36.649901470999978, -9.405539097999934 ], [ -36.650188366999913, -9.405355666999945 ], [ -36.650612877999954, -9.405020194999988 ], [ -36.650830282999912, -9.404822365999962 ], [ -36.651323283999936, -9.404139066 ], [ -36.657064142999936, -9.393743759999914 ], [ -36.659960037999916, -9.389814316999953 ], [ -36.660172679000013, -9.389617638999933 ], [ -36.660491037999975, -9.389323176999905 ], [ -36.660892073999939, -9.388952241999945 ], [ -36.661408582999954, -9.388579675999939 ], [ -36.661414800999935, -9.388577241999915 ], [ -36.662497840999926, -9.388153148999908 ], [ -36.663779371, -9.388126137999983 ], [ -36.664373951999906, -9.388274039999963 ], [ -36.665245269999964, -9.388715514999898 ], [ -36.666045756999942, -9.389479229999939 ], [ -36.666453658999941, -9.390172301999907 ], [ -36.666910023999954, -9.39124602999993 ], [ -36.667471565999961, -9.391972783999933 ], [ -36.66833854799993, -9.392604082999942 ], [ -36.668907602999944, -9.392838159999947 ], [ -36.669508942999961, -9.392970550999976 ], [ -36.670278136, -9.392987218999934 ], [ -36.670884718999929, -9.392881001999939 ], [ -36.671029677999933, -9.392826360999948 ], [ -36.672764414999932, -9.392172460999934 ], [ -36.673356029999944, -9.391838085999979 ], [ -36.675533161999958, -9.39020024199991 ], [ -36.679162757999983, -9.386042776999911 ], [ -36.679467410999962, -9.385520077 ], [ -36.680683029, -9.382912923999939 ], [ -36.682892464999938, -9.373124829999909 ], [ -36.682918259999937, -9.373005882999927 ], [ -36.683930710999952, -9.36757354499996 ], [ -36.685346081, -9.364136973000011 ], [ -36.685681728999974, -9.363515431999922 ], [ -36.686159866000011, -9.362930342 ], [ -36.686261275999961, -9.362848604 ], [ -36.686467379999961, -9.362682477999925 ], [ -36.686728166999956, -9.362472277999942 ], [ -36.686822723999967, -9.362423717999921 ], [ -36.687180934999937, -9.362239753999976 ], [ -36.687348571999955, -9.362153662999958 ], [ -36.687429175999959, -9.362131273999971 ], [ -36.687918761999967, -9.36199528799991 ], [ -36.688079070999912, -9.361950760999957 ], [ -36.68825204099992, -9.361936924999966 ], [ -36.688713074999967, -9.361900046999935 ], [ -36.69047289, -9.36201210399997 ], [ -36.690486264999954, -9.362012955999951 ], [ -36.694339921999948, -9.363020417 ], [ -36.695082150999987, -9.363036500999907 ], [ -36.695836678999981, -9.362887443 ], [ -36.696401737000016, -9.362655403 ], [ -36.697744739999933, -9.361860296999932 ], [ -36.702059505999983, -9.358293740999976 ], [ -36.70218791399995, -9.35816759299993 ], [ -36.703093924999948, -9.357017014999943 ], [ -36.703885153999956, -9.356000063999911 ], [ -36.705142288999966, -9.353665377 ], [ -36.707324462999956, -9.347538731999968 ], [ -36.708373932999926, -9.344576356999909 ], [ -36.708393612999956, -9.344536996999938 ], [ -36.711711577999949, -9.337901329999973 ], [ -36.712119215999927, -9.337086086999932 ], [ -36.712592426, -9.335862379999934 ], [ -36.714372392999927, -9.331246031999981 ], [ -36.714799747999933, -9.329617073999938 ], [ -36.715009, -9.328795645999918 ], [ -36.71547403299995, -9.324762841999931 ], [ -36.715390903, -9.322563737999964 ], [ -36.714966998, -9.320650977999975 ], [ -36.714887963999949, -9.320301884999957 ], [ -36.714475384999922, -9.319402637999893 ], [ -36.712186237999965, -9.316216575999889 ], [ -36.709713670999932, -9.314022673999908 ], [ -36.709708776999967, -9.314018333 ], [ -36.707659254999946, -9.312501924999935 ], [ -36.707643774, -9.312490469999965 ], [ -36.707571665999978, -9.312406975999984 ], [ -36.707204890999918, -9.311982290999929 ], [ -36.707181396999928, -9.311955087999898 ], [ -36.707122935999976, -9.311854507999925 ], [ -36.706893941999951, -9.311460526999923 ], [ -36.706858154999921, -9.31139895499998 ], [ -36.7067570359999, -9.311110823999943 ], [ -36.70664369899994, -9.310787871999956 ], [ -36.706635918999915, -9.310765706999987 ], [ -36.706560327999966, -9.310249797999933 ], [ -36.706535462999952, -9.310080091999925 ], [ -36.706531516999981, -9.310053160999917 ], [ -36.706663562999985, -9.303847136999973 ], [ -36.70766871999993, -9.300382878999955 ], [ -36.707995221999944, -9.299613997999931 ], [ -36.70939904499992, -9.297631060999908 ], [ -36.709446606999947, -9.297580482999898 ], [ -36.709468251999965, -9.297550013999953 ], [ -36.71132936099994, -9.295553372999951 ], [ -36.711752470999954, -9.294825383999935 ], [ -36.711982169999956, -9.294003788999902 ], [ -36.71199982, -9.293863110999986 ], [ -36.712299495000011, -9.291474567999977 ], [ -36.71240896999992, -9.290602007 ], [ -36.712485004, -9.29028449999992 ], [ -36.712924081, -9.288450951999913 ], [ -36.712930082796788, -9.288425888821601 ], [ -36.700148727999888, -9.2928664 ], [ -36.699747484999904, -9.293005799999907 ], [ -36.698627885999905, -9.293371696999895 ], [ -36.689392212999934, -9.296390016999965 ], [ -36.689224817999936, -9.296444722999961 ], [ -36.688064164, -9.298611276999988 ], [ -36.687445147999945, -9.30081651899993 ], [ -36.685626790999954, -9.30228668099998 ], [ -36.68380843299996, -9.303176514999976 ], [ -36.681525813999919, -9.304956184999966 ], [ -36.679127128999959, -9.306155526999902 ], [ -36.677656967999908, -9.30708405 ], [ -36.675761232999911, -9.308979784 ], [ -36.674871399, -9.31021781499993 ], [ -36.674484513999964, -9.310449945999952 ], [ -36.673788122, -9.310256503999934 ], [ -36.673439925999958, -9.309560110999957 ], [ -36.672627467999966, -9.309598799999961 ], [ -36.672163205999922, -9.310449945999952 ], [ -36.671737632999971, -9.311997483999921 ], [ -36.670422225999936, -9.313235514999949 ], [ -36.668333048999919, -9.313506333999975 ], [ -36.665895675999955, -9.313931906999926 ], [ -36.663071417999952, -9.314125349999944 ], [ -36.661794699000012, -9.314821741999921 ], [ -36.660479290999973, -9.315672887999913 ], [ -36.658931752999919, -9.316059772999949 ], [ -36.657461590999958, -9.315595511 ], [ -36.656146183999923, -9.3146283 ], [ -36.655140284, -9.313583710999982 ], [ -36.654624482999957, -9.312669177999986 ], [ -36.654621886999919, -9.312669214999989 ], [ -36.652410137999972, -9.312773017999962 ], [ -36.652379196999988, -9.312803494 ], [ -36.652366185999981, -9.312816310999903 ], [ -36.652357336999955, -9.312825025999913 ], [ -36.652341363999966, -9.312840758999883 ], [ -36.652303773999968, -9.312877785999927 ], [ -36.652300399999952, -9.312881109999935 ], [ -36.652290364999921, -9.312890993999954 ], [ -36.652285586999973, -9.312895699999988 ], [ -36.652280270999974, -9.312900935999977 ], [ -36.652275456999931, -9.312905676999925 ], [ -36.652263627999929, -9.312917328999912 ], [ -36.652239296999959, -9.312941295999941 ], [ -36.652179749999917, -9.312999949999909 ], [ -36.65169466299993, -9.313477775999921 ], [ -36.651652563, -9.313519246999888 ], [ -36.651611560999982, -9.313559635999944 ], [ -36.651600045999913, -9.313570979999906 ], [ -36.649736416999907, -9.315406008999947 ], [ -36.648790873999921, -9.315574527999946 ], [ -36.648789211999961, -9.315574353999931 ], [ -36.646078216, -9.314439037999964 ], [ -36.644689118, -9.314371666999897 ], [ -36.644686393999955, -9.314371535999975 ], [ -36.64259075699993, -9.31606430999997 ], [ -36.641884892999968, -9.317649506999945 ], [ -36.641807110999927, -9.319768151999916 ], [ -36.639271353, -9.321046126999963 ], [ -36.635456028999975, -9.320784910999933 ], [ -36.635454233999916, -9.320784798000012 ], [ -36.63484426599998, -9.321255253999947 ], [ -36.635896505999916, -9.32305153199998 ], [ -36.635697260999947, -9.323651169999945 ], [ -36.635483655999948, -9.324294024999933 ], [ -36.634616575999971, -9.32690354799993 ], [ -36.63372631299994, -9.32772295999996 ], [ -36.631888775999961, -9.32829892199992 ], [ -36.628731883999968, -9.328278593999926 ], [ -36.628729156999924, -9.32827852199992 ], [ -36.628344000999938, -9.32921851599998 ], [ -36.628517400999989, -9.331750679999971 ], [ -36.627879688999982, -9.332335035999915 ], [ -36.625796980999965, -9.33232067899997 ], [ -36.624855448999952, -9.331831900999941 ], [ -36.624535320999932, -9.331665802999964 ], [ -36.624953785999921, -9.327751239 ], [ -36.623431584999913, -9.32659390999989 ], [ -36.62235928999992, -9.32658616899996 ], [ -36.622356562999961, -9.326586095999954 ], [ -36.619631178999974, -9.328800369999932 ], [ -36.61962874099995, -9.328802351 ], [ -36.619322605000022, -9.326568107999975 ], [ -36.617937855999934, -9.325968085999889 ], [ -36.614996229, -9.323667386999954 ], [ -36.614278673999948, -9.323751940999934 ], [ -36.613826711999948, -9.323805197999899 ], [ -36.613824011, -9.323805292 ], [ -36.613723426999925, -9.324847726999916 ], [ -36.61565387399996, -9.327148352999934 ], [ -36.615624346999915, -9.329048123999915 ], [ -36.615073337999974, -9.330291444999936 ], [ -36.614747775999952, -9.331026056999967 ], [ -36.612845114, -9.333928731999972 ], [ -36.611793379999931, -9.333981482999985 ], [ -36.610473958999918, -9.333226916999902 ], [ -36.610472164999948, -9.333226702999973 ], [ -36.608573116999935, -9.33285931299995 ], [ -36.608570629, -9.332858931999919 ], [ -36.607719442999915, -9.333464325999916 ], [ -36.607599984999979, -9.334731895999901 ], [ -36.608302074999983, -9.337846357999933 ], [ -36.607270024999941, -9.338726472999923 ], [ -36.606553083999955, -9.340716084999965 ], [ -36.605047014999954, -9.341508204999958 ], [ -36.603627705999934, -9.341512569999963 ], [ -36.603624978999974, -9.341512509999959 ], [ -36.603087199999976, -9.340764992999926 ], [ -36.603579911999887, -9.338865380999959 ], [ -36.603139374999941, -9.338158801999938 ], [ -36.600867155999964, -9.338757888999947 ], [ -36.598365934999961, -9.336830035999952 ], [ -36.598363303, -9.336830017999951 ], [ -36.596641813999945, -9.336842701999934 ], [ -36.596639086999986, -9.33684264899993 ], [ -36.595108183999976, -9.337543131999979 ], [ -36.594548566999947, -9.337318862999986 ], [ -36.593956245999962, -9.33535722999995 ], [ -36.593070175999927, -9.334826350999901 ], [ -36.591507082, -9.334701247999941 ], [ -36.586267482, -9.338085040999964 ], [ -36.586265670999936, -9.338084889999951 ], [ -36.585285493999926, -9.337968073999967 ], [ -36.585282777999964, -9.337967848999948 ], [ -36.584873592999948, -9.337130287000015 ], [ -36.585009575999919, -9.335969290999966 ], [ -36.584623185999924, -9.335613511999927 ], [ -36.582682547999937, -9.335599476999921 ], [ -36.582680729999964, -9.335599428 ], [ -36.581567801999896, -9.334606013999966 ], [ -36.577690373999886, -9.334628404999954 ], [ -36.577688555999913, -9.334628368999951 ], [ -36.576078325, -9.331879940999919 ], [ -36.575121134999939, -9.331992979999946 ], [ -36.575118434999979, -9.331993075999954 ], [ -36.574562317999977, -9.333652041999905 ], [ -36.573885070999985, -9.333564212999921 ], [ -36.572510279, -9.332166054999966 ], [ -36.572507616999964, -9.332165096999976 ], [ -36.570985246999946, -9.331622667999948 ], [ -36.56928764299991, -9.331613071999953 ], [ -36.569285905999941, -9.331613304999973 ], [ -36.567471423, -9.332134618999941 ], [ -36.567469122, -9.332134823999958 ], [ -36.566576126, -9.331437425999987 ], [ -36.56664962399995, -9.328257738999977 ], [ -36.565828207999935, -9.327105644999953 ], [ -36.566949811999919, -9.325776222999913 ], [ -36.566911597999955, -9.325187334999949 ], [ -36.564046631999965, -9.323505635999894 ], [ -36.563906850999942, -9.322782109999892 ], [ -36.564264092000016, -9.322248135999942 ], [ -36.56680431999996, -9.321744595999935 ], [ -36.567384034999968, -9.320976844999915 ], [ -36.566788728999917, -9.319483811999927 ], [ -36.568205798999927, -9.31827382699991 ], [ -36.568208085999935, -9.318274327999951 ], [ -36.571906160999937, -9.320033550999938 ], [ -36.57190866199997, -9.320033513999935 ], [ -36.572758099999909, -9.320001697999967 ], [ -36.572688395999911, -9.318619732999931 ], [ -36.57143109099998, -9.316045295 ], [ -36.572902019999916, -9.314475799999986 ], [ -36.573191116999944, -9.311974629999984 ], [ -36.574246697999975, -9.310809968999898 ], [ -36.574448801, -9.309493657999965 ], [ -36.573718563999975, -9.302268693 ], [ -36.572980234999903, -9.299485683999951 ], [ -36.57299761499992, -9.29873199399994 ], [ -36.573026850999938, -9.297464163999933 ], [ -36.571836487999946, -9.295216860999975 ], [ -36.571839563999937, -9.292582841999906 ], [ -36.553216312999943, -9.282593016999972 ], [ -36.551606183999944, -9.282071263999967 ], [ -36.504905456999929, -9.266938173 ], [ -36.501822791999956, -9.265939253999953 ], [ -36.499635942999937, -9.26523061799994 ], [ -36.499585937999974, -9.264569191999925 ], [ -36.500765566999966, -9.263684271999981 ], [ -36.500373140999912, -9.262785593999965 ], [ -36.498652095999979, -9.264911997999956 ], [ -36.497412940999943, -9.264457214999897 ], [ -36.495617191999955, -9.262256862999916 ], [ -36.494908554999945, -9.261932095999956 ], [ -36.492912400999984, -9.261906180999944 ], [ -36.491340132999923, -9.262407943999982 ], [ -36.491337718, -9.262408215999915 ], [ -36.490405461999948, -9.261214272999982 ], [ -36.491986212, -9.25904025899996 ], [ -36.491616423999957, -9.256948177999966 ], [ -36.492689891999959, -9.254178267999933 ], [ -36.491486402999946, -9.252427570999942 ], [ -36.48981150099992, -9.252640472999882 ], [ -36.489808803999964, -9.25264057899998 ], [ -36.489792744999967, -9.251454862999928 ], [ -36.489065961999962, -9.250483505999938 ], [ -36.489016767999978, -9.250108148999967 ], [ -36.489759398999958, -9.248874772999969 ], [ -36.488252095999947, -9.245608730999919 ], [ -36.488618005999932, -9.244579346999924 ], [ -36.487888569999974, -9.241621439999967 ], [ -36.48716526, -9.240201386999978 ], [ -36.484592720999949, -9.240480696999906 ], [ -36.484590098999909, -9.240480483999889 ], [ -36.482256198999977, -9.239825142999933 ], [ -36.482253554999936, -9.239824719999898 ], [ -36.481617174999954, -9.239182737999982 ], [ -36.481615741000013, -9.239181290999952 ], [ -36.481333186, -9.239469308999979 ], [ -36.48029260099996, -9.240531267999916 ], [ -36.47879959499997, -9.242054940999953 ], [ -36.477188553999987, -9.242593369999916 ], [ -36.476123738, -9.243772285999938 ], [ -36.474795948999912, -9.243368255999904 ], [ -36.472955091999921, -9.243729207999927 ], [ -36.472952961999923, -9.243729294999934 ], [ -36.471396024999976, -9.243171023999928 ], [ -36.470436187999958, -9.24192835599996 ], [ -36.468478793999921, -9.240665685999936 ], [ -36.462519947, -9.239251483999986 ], [ -36.462517278999954, -9.239251109999955 ], [ -36.461696692, -9.238422622999973 ], [ -36.461060094999915, -9.237060164999953 ], [ -36.459526388999933, -9.233777693999965 ], [ -36.457908565999922, -9.233091995999896 ], [ -36.457704645000014, -9.233079117999985 ], [ -36.457696955, -9.233078611999943 ], [ -36.454898845999942, -9.232900428999944 ], [ -36.453662962999914, -9.232390075999906 ], [ -36.453771194, -9.230017847999914 ], [ -36.455260145999908, -9.227494579999949 ], [ -36.455263218999981, -9.226719311999929 ], [ -36.454261100999936, -9.225662605999982 ], [ -36.454258416999977, -9.2256616139999 ], [ -36.452748024999977, -9.225103925999942 ], [ -36.448714466999924, -9.224961505999971 ], [ -36.448712337999929, -9.224960432999971 ], [ -36.447566711, -9.224313412 ], [ -36.444567140999965, -9.220117405999915 ], [ -36.44123624099997, -9.219078748999952 ], [ -36.440672140999922, -9.218903267 ], [ -36.439494083999975, -9.216865782 ], [ -36.439380562999908, -9.21362236899995 ], [ -36.437003783999984, -9.212100240999952 ], [ -36.43183267699996, -9.212130543999972 ], [ -36.431829951999909, -9.212130488999968 ], [ -36.43025135799995, -9.212714464999969 ], [ -36.42964795999994, -9.213577567999973 ], [ -36.428218855999908, -9.214411040999924 ], [ -36.424775508000025, -9.214934214999957 ], [ -36.42330302299996, -9.215653129999932 ], [ -36.423338605999973, -9.216795224999927 ], [ -36.424659459999923, -9.218478445999931 ], [ -36.425185225999904, -9.221762531999964 ], [ -36.424370898999939, -9.226024078999959 ], [ -36.422149874999938, -9.228605203999916 ], [ -36.419803213999927, -9.229568430999944 ], [ -36.419799119999944, -9.229568708999967 ], [ -36.415302835999981, -9.229673572999939 ], [ -36.415299202999947, -9.229673529999936 ], [ -36.413883629999972, -9.228472971999988 ], [ -36.411297362999946, -9.224239543999921 ], [ -36.410161274, -9.223043451999988 ], [ -36.408785101, -9.221814880999943 ], [ -36.408664939999916, -9.221925698999964 ], [ -36.408662985999932, -9.221923990999912 ], [ -36.40794804599993, -9.221298639999951 ], [ -36.407471813999962, -9.221006206 ], [ -36.407470935999982, -9.221007249999911 ], [ -36.406925034999929, -9.220672217999901 ], [ -36.404353596999975, -9.22101523799995 ], [ -36.404350901999933, -9.221015352999959 ], [ -36.402913064999979, -9.223424286999968 ], [ -36.39961132299991, -9.224527081 ], [ -36.391737102999961, -9.225121107999943 ], [ -36.391734407999913, -9.225121015999935 ], [ -36.391092367999903, -9.225028031999969 ], [ -36.39004222199997, -9.224875944 ], [ -36.390039513999923, -9.224875686999976 ], [ -36.387383634999907, -9.223557452999973 ], [ -36.385844756999944, -9.22063726199994 ], [ -36.382258518999961, -9.220034232999961 ], [ -36.380345226000017, -9.219712319999882 ], [ -36.380341626999986, -9.219711934999939 ], [ -36.375873172999924, -9.216700211999971 ], [ -36.374081209999893, -9.216991128999972 ], [ -36.374078528000027, -9.216991278999984 ], [ -36.370890748999969, -9.220441508 ], [ -36.369692334000021, -9.221105953999906 ], [ -36.36570395699998, -9.22262731999993 ], [ -36.360217401999968, -9.221555757 ], [ -36.360213816999938, -9.221555325999962 ], [ -36.358345856000014, -9.218288184 ], [ -36.355932722000013, -9.218385891 ], [ -36.355929997999965, -9.218385843 ], [ -36.354724967, -9.219712471999983 ], [ -36.353604040999983, -9.22012117399996 ], [ -36.353602464999938, -9.220121747999919 ], [ -36.352834790999928, -9.219509678 ], [ -36.352246466999922, -9.217033295999908 ], [ -36.350355064000013, -9.216890232999972 ], [ -36.350352339999965, -9.216890066999959 ], [ -36.349162886999956, -9.216259105999978 ], [ -36.348888285999976, -9.214736877999972 ], [ -36.349229229999942, -9.212990067999947 ], [ -36.351184362999973, -9.208987788999909 ], [ -36.354420600999951, -9.205211474999917 ], [ -36.354827106999927, -9.203302459999971 ], [ -36.353916480999899, -9.201193641000014 ], [ -36.351413188999985, -9.201364150999911 ], [ -36.351410472999937, -9.201364179999914 ], [ -36.348592614000026, -9.203375653999988 ], [ -36.344450380999952, -9.204845853999952 ], [ -36.34146223299998, -9.206978140999986 ], [ -36.33889038, -9.207011432999899 ], [ -36.338887654999944, -9.207011386999984 ], [ -36.335223032999956, -9.20481147199995 ], [ -36.331850039999942, -9.203784211999952 ], [ -36.329479442, -9.202503814999972 ], [ -36.327644210999935, -9.20076765499994 ], [ -36.326353308999977, -9.197813355999926 ], [ -36.324956045, -9.19252247599994 ], [ -36.322665328, -9.191319468999968 ], [ -36.322883473999937, -9.189638055999936 ], [ -36.321519749999901, -9.185380641999927 ], [ -36.319162584, -9.184069966000017 ], [ -36.317971549999953, -9.182563682999909 ], [ -36.316169948999928, -9.182127055999931 ], [ -36.316167283999974, -9.1821266769999 ], [ -36.312323761999927, -9.179918025999942 ], [ -36.311885515, -9.178280366999978 ], [ -36.31178915600001, -9.174481171999957 ], [ -36.309791611999934, -9.17236280299992 ], [ -36.308852680999962, -9.172545983999978 ], [ -36.30856241199993, -9.177082845999927 ], [ -36.307822794999929, -9.178469927999942 ], [ -36.30605626899996, -9.178685609999935 ], [ -36.306055129999955, -9.178684430000015 ], [ -36.306053586999916, -9.178684619999942 ], [ -36.304004763999949, -9.176566133999895 ], [ -36.301883979999978, -9.176511776999927 ], [ -36.301881253000019, -9.176511677999919 ], [ -36.30159917699995, -9.176359599999948 ], [ -36.301524153999956, -9.176319151999976 ], [ -36.300520291999945, -9.175780409999987 ], [ -36.300003214999968, -9.17550276599993 ], [ -36.297861107999921, -9.176902037999977 ], [ -36.297858412999965, -9.176901730999951 ], [ -36.297204002999912, -9.176782392999936 ], [ -36.297201309999956, -9.176782086999911 ], [ -36.295977450999942, -9.175116418999938 ], [ -36.294975607, -9.172442806999968 ], [ -36.293499743000019, -9.172584260999948 ], [ -36.29349703599997, -9.172584326999953 ], [ -36.292130704999984, -9.1739523329999 ], [ -36.291506384999934, -9.174088425999969 ], [ -36.290945038999936, -9.174210790999968 ], [ -36.289997935, -9.174204430999975 ], [ -36.289996668999983, -9.174203450999894 ], [ -36.289995252999958, -9.174203438999893 ], [ -36.289778135999931, -9.174035447999938 ], [ -36.288647929999946, -9.173160965999969 ], [ -36.287760234999951, -9.173302283999938 ], [ -36.287048108999912, -9.173415706999908 ], [ -36.287045700999983, -9.173415978000019 ], [ -36.285941810999951, -9.17271751799996 ], [ -36.285757119999943, -9.170078531999923 ], [ -36.279498076999964, -9.167314387999923 ], [ -36.276668272999949, -9.167178477999958 ], [ -36.276664637999914, -9.167178304999943 ], [ -36.275523596999918, -9.16640538299994 ], [ -36.274172683999964, -9.166204059999892 ], [ -36.274170181999935, -9.166203825999961 ], [ -36.273058230999951, -9.166731066999976 ], [ -36.272347843999967, -9.168294122999985 ], [ -36.271077960999968, -9.168399330999897 ], [ -36.271074345999935, -9.168399394999902 ], [ -36.270618475999967, -9.169047253999949 ], [ -36.270449094999982, -9.16957970199995 ], [ -36.271141302999972, -9.170311592999933 ], [ -36.271094969999957, -9.171038290999931 ], [ -36.268880820999989, -9.171060734000012 ], [ -36.26887831699996, -9.171060682999919 ], [ -36.268304392999902, -9.170865196999909 ], [ -36.268433714999944, -9.170101007 ], [ -36.26806942, -9.170099336999957 ], [ -36.26707244999993, -9.171582157999989 ], [ -36.267069750999973, -9.171582256 ], [ -36.263498153999954, -9.172014493999967 ], [ -36.262845947999907, -9.171359896999984 ], [ -36.262842368999962, -9.171359447999947 ], [ -36.262444565999914, -9.171277334 ], [ -36.262558815999952, -9.170531325999907 ], [ -36.262847253999922, -9.16864793799995 ], [ -36.262582105000014, -9.167263269999957 ], [ -36.263141863999962, -9.166320516999935 ], [ -36.263907849999924, -9.165908062999915 ], [ -36.264719558999943, -9.165862559999969 ], [ -36.257385852999953, -9.14059111899995 ], [ -36.257355643999936, -9.140489155999951 ], [ -36.257255162999975, -9.140150012999957 ], [ -36.257254800999945, -9.140148789999945 ], [ -36.25733393699992, -9.139844283999974 ], [ -36.257386948999951, -9.139640300999883 ], [ -36.25771899799998, -9.138362618999949 ], [ -36.257719638999944, -9.138360156999923 ], [ -36.258038070999916, -9.137137004999971 ], [ -36.258067160999921, -9.133463195999934 ], [ -36.26031014699997, -9.129921235999969 ], [ -36.263543104999947, -9.126004323999979 ], [ -36.26364225399989, -9.123595089999945 ], [ -36.260685515999938, -9.118522381999981 ], [ -36.262182800999923, -9.115968246999948 ], [ -36.265824143999943, -9.11227905799997 ], [ -36.265830379999926, -9.112275850999971 ], [ -36.266074045000011, -9.112028997999975 ], [ -36.266071301999965, -9.112028651999946 ], [ -36.266145454999972, -9.111953524999947 ], [ -36.266997099, -9.111090688999965 ], [ -36.267864511999917, -9.108435329 ], [ -36.267713998, -9.106559983 ], [ -36.268390882999952, -9.103924266999961 ], [ -36.266843784999928, -9.102381842999971 ], [ -36.255678413999895, -9.10264188 ], [ -36.255674942999967, -9.1026418339999 ], [ -36.251837716999908, -9.099743389999979 ], [ -36.245524642999989, -9.09904434099996 ], [ -36.245522400999981, -9.099044301999957 ], [ -36.24096526099995, -9.099392800999926 ], [ -36.240961644, -9.09939285399993 ], [ -36.239274549999948, -9.100221969999964 ], [ -36.236458909999953, -9.103488357999954 ], [ -36.236457709999939, -9.10348975199998 ], [ -36.232547627999985, -9.099521400999908 ], [ -36.231819567999963, -9.098097505999956 ], [ -36.228271084999989, -9.094933617 ], [ -36.222467783999974, -9.086433638999978 ], [ -36.223401040999917, -9.082536389999927 ], [ -36.22155963099997, -9.076516864999959 ], [ -36.221912467999942, -9.073302841999951 ], [ -36.220644071999978, -9.073027533999909 ], [ -36.220642541999943, -9.073027511 ], [ -36.217438657999971, -9.073576251999924 ], [ -36.217436088999939, -9.073576484999943 ], [ -36.210341914999958, -9.073138654999955 ], [ -36.210338282999928, -9.073138458999939 ], [ -36.208669554999965, -9.071442873999978 ], [ -36.207688902, -9.071090736999974 ], [ -36.207686608, -9.071090339999941 ], [ -36.206904304999924, -9.071581158999962 ], [ -36.206902984, -9.071581987999942 ], [ -36.20600291699995, -9.071193548999954 ], [ -36.205961993999942, -9.070804482 ], [ -36.205926179, -9.070463973999985 ], [ -36.20460379, -9.068936246999968 ], [ -36.204552296999921, -9.068876757999931 ], [ -36.204547028999926, -9.06887067199996 ], [ -36.204548779999982, -9.068868185999932 ], [ -36.204359074999921, -9.068649075999922 ], [ -36.202797039999908, -9.066844917999948 ], [ -36.203370026999977, -9.061645249999959 ], [ -36.200274853999943, -9.053392899999988 ], [ -36.199233453000019, -9.048846086999927 ], [ -36.198505731999937, -9.046676743999935 ], [ -36.195727608999931, -9.044786217999921 ], [ -36.195724917999975, -9.044786385999934 ], [ -36.194827545999978, -9.044464610999956 ], [ -36.19482518199996, -9.044463762999975 ], [ -36.192285775999906, -9.04582030499995 ], [ -36.188948259999982, -9.046294984999967 ], [ -36.18894600899997, -9.046295304999905 ], [ -36.183444243999944, -9.044351257999903 ], [ -36.180726430999961, -9.041454533999946 ], [ -36.179466963999936, -9.041017119999903 ], [ -36.179464669000012, -9.041016596999949 ], [ -36.176945750999963, -9.043332277999969 ], [ -36.175128658999895, -9.044150760999923 ], [ -36.173427472999911, -9.043951075999921 ], [ -36.173423853999971, -9.043950779999896 ], [ -36.168854363999984, -9.041869425999902 ], [ -36.164135143999957, -9.040489135 ], [ -36.162625098999982, -9.040588738999897 ], [ -36.162621478999952, -9.040588773999989 ], [ -36.161097572999985, -9.041358351999982 ], [ -36.158916319999982, -9.040883657999963 ], [ -36.158912991999976, -9.040883089 ], [ -36.157664568999976, -9.042030261999976 ], [ -36.15622038299994, -9.040253353999947 ], [ -36.156216806, -9.040252907999911 ], [ -36.155978854999944, -9.040203729999927 ], [ -36.155861522999913, -9.040179479999964 ], [ -36.155858106999986, -9.040178627999982 ], [ -36.155635828999984, -9.039949791999966 ], [ -36.155634845999899, -9.039948779999971 ], [ -36.154783735, -9.03996020999994 ], [ -36.153202585, -9.042061562 ], [ -36.151728239999962, -9.04269441599995 ], [ -36.146753699999948, -9.040660041999935 ], [ -36.142809531999923, -9.040323863999919 ], [ -36.142805903999978, -9.0403236249999 ], [ -36.141039018999983, -9.039684178999927 ], [ -36.140129648999967, -9.037045573999922 ], [ -36.139799384999911, -9.036592172999978 ], [ -36.138888325999936, -9.036009822999933 ], [ -36.138392986999982, -9.035839073999927 ], [ -36.134505014, -9.035427159999951 ], [ -36.133218916999979, -9.035291027999968 ], [ -36.133215388999957, -9.035290367999913 ], [ -36.128901673, -9.034234849999976 ], [ -36.127278573, -9.033669513999918 ], [ -36.123831431999967, -9.029866018999897 ], [ -36.121210854999944, -9.027867307999902 ], [ -36.120665623999955, -9.027451460999956 ], [ -36.120662655999972, -9.027446595999908 ], [ -36.117916078999919, -9.023833936999957 ], [ -36.115088482, -9.022119009999905 ], [ -36.114532911999945, -9.019882514999953 ], [ -36.111495481999981, -9.017674134999929 ], [ -36.111495628999904, -9.017672681999986 ], [ -36.111491891999954, -9.017673103999932 ], [ -36.111592759999951, -9.016673974999954 ], [ -36.114236532999939, -9.014587847 ], [ -36.115088126999964, -9.013400680999926 ], [ -36.11377376599993, -9.009213782999979 ], [ -36.111153411999922, -9.008218328999948 ], [ -36.109469184000012, -9.008421714 ], [ -36.109466084999937, -9.008422088999932 ], [ -36.109071020999934, -9.007290242999897 ], [ -36.109889153999944, -9.006133499999933 ], [ -36.109793173, -9.005441417999958 ], [ -36.106526790000011, -9.001016412999938 ], [ -36.104328162999906, -8.998929334 ], [ -36.104329163999985, -8.998926995999987 ], [ -36.10623180599994, -8.994483346999935 ], [ -36.110555345, -8.989193962999895 ], [ -36.112188079, -8.987788069999922 ], [ -36.116158403999968, -8.985978955999983 ], [ -36.124610732999969, -8.983400885000012 ], [ -36.12681049, -8.981276315999907 ], [ -36.128485563999938, -8.97713867799995 ], [ -36.129511894999951, -8.971731334999919 ], [ -36.129570184999977, -8.971424225 ], [ -36.129588632, -8.971327036999952 ], [ -36.129806164999962, -8.965793261999941 ], [ -36.128941309, -8.96048860199997 ], [ -36.128249, -8.957717180999989 ], [ -36.127280331999962, -8.956110551999927 ], [ -36.127142243, -8.955995199999975 ], [ -36.127029341999979, -8.955900887999988 ], [ -36.124260294999928, -8.953587775 ], [ -36.122451633999937, -8.952734340999911 ], [ -36.113262853999935, -8.950695768999903 ], [ -36.113259302999907, -8.950695173999943 ], [ -36.100953166999901, -8.949276842999918 ], [ -36.100949548999957, -8.949276552999983 ], [ -36.090792526999955, -8.946261424999911 ], [ -36.086410567999941, -8.94406740299992 ], [ -36.086229187999947, -8.943930037000012 ], [ -36.082284993, -8.940942951999951 ], [ -36.078614202999951, -8.936293559999928 ], [ -36.076376840999927, -8.932535232999914 ], [ -36.075301735999972, -8.929106078999958 ], [ -36.073449235999902, -8.925639407999917 ], [ -36.066703118999946, -8.917778518 ], [ -36.063935002999976, -8.915337348 ], [ -36.057275161999961, -8.913026920999965 ], [ -36.046588790999948, -8.912005368999907 ], [ -36.046585166999918, -8.912005112999974 ], [ -36.033256089, -8.908419114 ], [ -36.03311030099993, -8.908409685999938 ], [ -36.026414511999967, -8.907969318 ], [ -36.026410958999939, -8.90796912 ], [ -36.017945047999973, -8.911249153999954 ], [ -36.014878617, -8.912437407999949 ], [ -36.005385593999968, -8.91300025499989 ], [ -36.005383915, -8.913000354999987 ], [ -36.000407539000015, -8.910060449999921 ], [ -35.999105297, -8.907729629999981 ], [ -35.995603434999985, -8.907386813999949 ], [ -35.995599810999948, -8.907386553000016 ], [ -35.992522955999924, -8.905162463999936 ], [ -35.991911424999948, -8.904720121999929 ], [ -35.98836066399997, -8.904024688999943 ], [ -35.988165298999967, -8.903986519999894 ], [ -35.988161717999937, -8.903986090999947 ], [ -35.987050548999925, -8.903287580999972 ], [ -35.98613278600002, -8.903426218999897 ], [ -35.984158393, -8.905216558999971 ], [ -35.981577585999972, -8.904563383000017 ], [ -35.979741284999918, -8.902732883999906 ], [ -35.978041636999976, -8.902501034 ], [ -35.975242783999946, -8.902119238999937 ], [ -35.97523921, -8.902118333999951 ], [ -35.97411356999995, -8.901696145999924 ], [ -35.97065804399994, -8.900397843999972 ], [ -35.970655611, -8.900396928999985 ], [ -35.969519318999957, -8.901104052999962 ], [ -35.968046703999974, -8.903745294 ], [ -35.965302546999936, -8.903143984999904 ], [ -35.963546562999952, -8.902407647999908 ], [ -35.962632378999984, -8.901207860999936 ], [ -35.962791009999968, -8.898954526999923 ], [ -35.962271087999937, -8.898094079999961 ], [ -35.961961659999915, -8.895411708999976 ], [ -35.96125376699996, -8.894370057999943 ], [ -35.961014481999968, -8.894017953999942 ], [ -35.959466909, -8.892923954999929 ], [ -35.955967132999973, -8.89430525499991 ], [ -35.955964979999969, -8.894304103 ], [ -35.954522509, -8.893532453 ], [ -35.954520743999936, -8.893533284999897 ], [ -35.954518876999956, -8.893532284999903 ], [ -35.953443725999904, -8.894037438999955 ], [ -35.953440063999956, -8.89403916 ], [ -35.953103777999935, -8.892913627999963 ], [ -35.950620961999938, -8.892294837999923 ], [ -35.949719429999952, -8.890557149999943 ], [ -35.944496407999985, -8.886329171999972 ], [ -35.942539764999921, -8.885600370999978 ], [ -35.942537495999908, -8.885599827999933 ], [ -35.94253533499991, -8.885599302999978 ], [ -35.936230688999977, -8.884858609999977 ], [ -35.933222549999947, -8.884505202999957 ], [ -35.933220591999962, -8.884505101999949 ], [ -35.933218933, -8.884505015999942 ], [ -35.924280407999923, -8.884627580999958 ], [ -35.92427603499992, -8.884627504999951 ], [ -35.921831108999953, -8.882668521999957 ], [ -35.921146457999967, -8.88072966099994 ], [ -35.921016068999926, -8.878270154999921 ], [ -35.919701601999968, -8.876761329999958 ], [ -35.917731837999973, -8.870590671999921 ], [ -35.917197041999955, -8.869389499999922 ], [ -35.917200012999935, -8.869386181 ], [ -35.916397520999972, -8.867583755999906 ], [ -35.916396001999935, -8.867581833999925 ], [ -35.916392980999952, -8.867583546999978 ], [ -35.911417498999946, -8.86128908099991 ], [ -35.911079478999959, -8.86110470200002 ], [ -35.909728959999946, -8.861219498999926 ], [ -35.909724444999931, -8.861219584999933 ], [ -35.906830730999957, -8.863151695999925 ], [ -35.900992883999919, -8.862412252999938 ], [ -35.900988366999989, -8.862411864 ], [ -35.89982171799992, -8.861237962999944 ], [ -35.899027872999959, -8.858559152999899 ], [ -35.896200569999976, -8.854268296999965 ], [ -35.895231008999957, -8.854374995999912 ], [ -35.894318270999932, -8.855380393999965 ], [ -35.892671186999983, -8.859514258999965 ], [ -35.890787662999927, -8.86139285399997 ], [ -35.888808476999948, -8.862625030999958 ], [ -35.886951989999908, -8.863069034999924 ], [ -35.886947481999982, -8.863068597999888 ], [ -35.885547209999942, -8.862860398999981 ], [ -35.884337022, -8.862680360999917 ], [ -35.884333080999937, -8.862679674999949 ], [ -35.880457577999906, -8.860736986999971 ], [ -35.879059328999944, -8.85960853699995 ], [ -35.875521091999936, -8.858891638999964 ], [ -35.874095692999944, -8.859437815999947 ], [ -35.874093251999923, -8.859437190999895 ], [ -35.871916773999963, -8.858879834999964 ], [ -35.871912341999952, -8.85887966499995 ], [ -35.866922461999913, -8.858701567999958 ], [ -35.866918039999987, -8.858701385999943 ], [ -35.863868009999962, -8.857970653999967 ], [ -35.863865952999966, -8.857970160999926 ], [ -35.861930747999985, -8.858368983999974 ], [ -35.8608852099999, -8.858902970999925 ], [ -35.859756660999956, -8.860482171999937 ], [ -35.859459490999974, -8.860525061999933 ], [ -35.858394167999933, -8.860678818999954 ], [ -35.85540088299998, -8.862719506999959 ], [ -35.853201917999939, -8.866307456 ], [ -35.850234198999971, -8.868899543999973 ], [ -35.849138807999928, -8.87181212699991 ], [ -35.847374533999968, -8.871763924999918 ], [ -35.847369992999951, -8.871763757999904 ], [ -35.845002539999911, -8.872480459999963 ], [ -35.844267635999941, -8.872702601999958 ], [ -35.842519231999965, -8.872924746999953 ], [ -35.842515097999978, -8.872925008999974 ], [ -35.840179252999974, -8.87020637800001 ], [ -35.837050805999944, -8.868741648999965 ], [ -35.83544896699992, -8.868718115999972 ], [ -35.835444425999988, -8.86871797799996 ], [ -35.83389720399996, -8.870219573999947 ], [ -35.83389628399997, -8.870220466999932 ], [ -35.832890594999981, -8.869914191 ], [ -35.831684862999964, -8.868547114999945 ], [ -35.830588355999922, -8.868486826000019 ], [ -35.830583861, -8.868486597999912 ], [ -35.827389448999917, -8.869714286999972 ], [ -35.826571849999951, -8.870417219999958 ], [ -35.825752732999945, -8.870344052999943 ], [ -35.825748200999925, -8.870343746999918 ], [ -35.82446887199994, -8.868652426999954 ], [ -35.82549744099996, -8.86383351899994 ], [ -35.822976160999893, -8.857419121999985 ], [ -35.822150485999963, -8.856922074999982 ], [ -35.819915593999966, -8.856874439999949 ], [ -35.819911051999945, -8.856874305999938 ], [ -35.815864841999918, -8.857403575999943 ], [ -35.811638269999975, -8.860138474999921 ], [ -35.810344617999959, -8.860520072999964 ], [ -35.810249279999979, -8.860514928999983 ], [ -35.807900172999943, -8.860388615999923 ], [ -35.807898973999933, -8.860387723999938 ], [ -35.807895677000019, -8.860387545000012 ], [ -35.806565284999984, -8.85939694799994 ], [ -35.805170003999912, -8.85687159199998 ], [ -35.801796284000012, -8.854251103999964 ], [ -35.799953833999979, -8.851802563999964 ], [ -35.799564485999916, -8.850294027999936 ], [ -35.797756521999894, -8.850068284 ], [ -35.797752003999967, -8.850067897999967 ], [ -35.796835993999935, -8.847871937 ], [ -35.7962097079999, -8.847399713999913 ], [ -35.795075238, -8.847685124999902 ], [ -35.793610566999959, -8.850269195999925 ], [ -35.790621021999961, -8.853413791999962 ], [ -35.790617566999941, -8.853412439999939 ], [ -35.79061648199994, -8.853413579999945 ], [ -35.789786541999931, -8.853088766999981 ], [ -35.788888555999968, -8.851310025999979 ], [ -35.78760055799998, -8.851130827999985 ], [ -35.787596137999969, -8.851130423999951 ], [ -35.785462537999919, -8.854587957999946 ], [ -35.783247786, -8.85564940199993 ], [ -35.781324312, -8.860965480999958 ], [ -35.78049192199996, -8.861074808999945 ], [ -35.780487734999973, -8.861074954999957 ], [ -35.779014311999916, -8.859587931999933 ], [ -35.777043753999941, -8.858431632 ], [ -35.775984489999964, -8.858457940999962 ], [ -35.775979953999943, -8.858457890999958 ], [ -35.775964622999915, -8.859213134999919 ], [ -35.775958233000011, -8.859527921999941 ], [ -35.776863876999982, -8.860635854999952 ], [ -35.776965431999947, -8.861697818999978 ], [ -35.775768908999979, -8.863584245 ], [ -35.776873540999894, -8.869056345999979 ], [ -35.776915682, -8.869265270999946 ], [ -35.778836197999922, -8.871569118999965 ], [ -35.779091752999932, -8.873126366999937 ], [ -35.781465203999936, -8.878292021999954 ], [ -35.782202378, -8.878918779999943 ], [ -35.783677142999984, -8.88200146 ], [ -35.782082380999931, -8.883464002999961 ], [ -35.780613804000012, -8.888016266999941 ], [ -35.779138175999954, -8.88864174 ], [ -35.77917772899994, -8.890076851999904 ], [ -35.780288288999898, -8.89134110499997 ], [ -35.782980726999916, -8.897542131999945 ], [ -35.781730662999962, -8.898622686999911 ], [ -35.780207962, -8.898241330999976 ], [ -35.780205042999938, -8.898240598 ], [ -35.778188396999973, -8.898888191999941 ], [ -35.77324121999991, -8.906139212999928 ], [ -35.771590962999973, -8.906260228 ], [ -35.771586442999954, -8.90626028699991 ], [ -35.769022798999934, -8.907437363999957 ], [ -35.766592931999966, -8.907147511999955 ], [ -35.763111111999919, -8.908096120999929 ], [ -35.763105661999909, -8.908095975 ], [ -35.760921662999948, -8.908080818 ], [ -35.760917122999928, -8.908080695999985 ], [ -35.75882361, -8.910011842999985 ], [ -35.754535753999953, -8.912252499000015 ], [ -35.752024147999975, -8.914683034999946 ], [ -35.74839899199997, -8.917151743999927 ], [ -35.744927886, -8.916724936999962 ], [ -35.742917471999931, -8.915207942999945 ], [ -35.73640816199994, -8.911918283999984 ], [ -35.736403679000013, -8.911917763999941 ], [ -35.728525782999938, -8.910446975999928 ], [ -35.724857247999978, -8.909761994999918 ], [ -35.723994449, -8.909600882999911 ], [ -35.72386110599998, -8.909576135999906 ], [ -35.723309388999986, -8.909472960999985 ], [ -35.723307176999981, -8.909471281999934 ], [ -35.723305372, -8.909470749999979 ], [ -35.723301347999943, -8.909469998 ], [ -35.722544035999896, -8.909052155999984 ], [ -35.722332660999903, -8.908935713999941 ], [ -35.722159111999936, -8.908840142999939 ], [ -35.721679699999967, -8.908576199999949 ], [ -35.721492339999919, -8.908472998999937 ], [ -35.718266747999934, -8.906697884999968 ], [ -35.713702149, -8.90479838100001 ], [ -35.713700799999977, -8.904797820999963 ], [ -35.711682240999934, -8.905017965999971 ], [ -35.707998857999904, -8.906634355999952 ], [ -35.700280492999973, -8.906590621999975 ], [ -35.70027520299989, -8.906590480999963 ], [ -35.692123952999935, -8.900771787999915 ], [ -35.689237174999917, -8.899483191999966 ], [ -35.687502298, -8.898506311999963 ], [ -35.684485672999969, -8.897513126999943 ], [ -35.680922001999896, -8.896991626999959 ], [ -35.679406619999924, -8.898442426 ], [ -35.679402081, -8.898442367 ], [ -35.677380528999976, -8.898484254 ], [ -35.674759987999956, -8.897017929999915 ], [ -35.67475455699995, -8.897017509999969 ], [ -35.671209512999908, -8.896634461999984 ], [ -35.671204081999988, -8.896634041999949 ], [ -35.669991859999968, -8.895250388999951 ], [ -35.669987462999956, -8.895245370999891 ], [ -35.664726828999989, -8.890982410999957 ], [ -35.663113732999925, -8.889674340999907 ], [ -35.660884745999972, -8.882871534999968 ], [ -35.65751776599992, -8.880658429999908 ], [ -35.656911157, -8.880524800999954 ], [ -35.656354729999968, -8.880402244999939 ], [ -35.65576486399992, -8.880649181999942 ], [ -35.653871871999968, -8.881441643999963 ], [ -35.653786451, -8.88148883399996 ], [ -35.65339875, -8.881703021999918 ], [ -35.651985779999968, -8.88225647599997 ], [ -35.650949904999969, -8.882380306999913 ], [ -35.650944453999962, -8.882380115999986 ], [ -35.646634876999897, -8.882281465999906 ], [ -35.646629427999983, -8.882281276999979 ], [ -35.644273987999959, -8.882982647999924 ], [ -35.644180514999952, -8.882976928999895 ], [ -35.637993336999969, -8.882598377999926 ], [ -35.637894, -8.882592299999956 ], [ -35.637888555, -8.882592006000021 ], [ -35.632127759999946, -8.881278329999951 ], [ -35.629112219000021, -8.879324191999913 ], [ -35.62911225600002, -8.879321798999982 ], [ -35.62625685899993, -8.877471453999917 ], [ -35.625031030999935, -8.876677097 ], [ -35.62447765799989, -8.876318501999911 ], [ -35.624471441, -8.876316865999954 ], [ -35.623430926999973, -8.875642589999941 ], [ -35.622912343999964, -8.874545075999904 ], [ -35.622915229999933, -8.874541366999953 ], [ -35.622489048999931, -8.873639827999966 ], [ -35.622574905999933, -8.872790564999953 ], [ -35.622569507000016, -8.872793127999987 ], [ -35.62261894100002, -8.872300829999933 ], [ -35.622569008999974, -8.872260047999934 ], [ -35.622051593999977, -8.871837452999962 ], [ -35.620919932999954, -8.87091317899996 ], [ -35.620284031000011, -8.868889471999939 ], [ -35.61378234699994, -8.864394519 ], [ -35.610326875999938, -8.863527287999915 ], [ -35.60933154, -8.863541452999932 ], [ -35.609326095, -8.863541365999925 ], [ -35.60646620099989, -8.865168573999913 ], [ -35.605496452999944, -8.865153118999967 ], [ -35.605491243999957, -8.865152951999953 ], [ -35.604261145999963, -8.864700682999924 ], [ -35.60077139399997, -8.862118417999962 ], [ -35.597764341999941, -8.861722915999923 ], [ -35.597758922999937, -8.861722433999972 ], [ -35.596193650000011, -8.860991697 ], [ -35.595428557999945, -8.859852181999948 ], [ -35.594958637999966, -8.856089289999911 ], [ -35.594111951999899, -8.854854654999897 ], [ -35.589652591999972, -8.851711377999969 ], [ -35.587998569999982, -8.848883932999971 ], [ -35.58591422300001, -8.847469712999931 ], [ -35.582524035999903, -8.846466193999944 ], [ -35.582523409999936, -8.846467753999985 ], [ -35.580648323999959, -8.844594084999944 ], [ -35.577680686999905, -8.84348849799995 ], [ -35.575509406000023, -8.843339566999973 ], [ -35.575503961999928, -8.843339252999947 ], [ -35.572277713999974, -8.84192997199996 ], [ -35.571404161, -8.841984013999902 ], [ -35.571398732999988, -8.841984054 ], [ -35.570171068000015, -8.842789473999932 ], [ -35.56893028399994, -8.842374976 ], [ -35.568769732999975, -8.842153258999961 ], [ -35.568766175999947, -8.842155614999978 ], [ -35.568381815999942, -8.841624823999936 ], [ -35.568211326999958, -8.840453967999959 ], [ -35.568185851999985, -8.840279014999961 ], [ -35.568169670999978, -8.840167888999915 ], [ -35.568114931999979, -8.839791963999986 ], [ -35.568103815999947, -8.839715620999886 ], [ -35.568051575999974, -8.839356849999955 ], [ -35.567481846999911, -8.835444159999959 ], [ -35.567331422999985, -8.835170475999963 ], [ -35.566800825999962, -8.835200003999919 ], [ -35.566799333999924, -8.8351999 ], [ -35.566795398999957, -8.835200120999929 ], [ -35.565951673999955, -8.834934938999925 ], [ -35.565505959999939, -8.834504863999957 ], [ -35.563823729000013, -8.832881664999945 ], [ -35.563797373999968, -8.831783 ], [ -35.563678821999929, -8.831646261999957 ], [ -35.561911278999965, -8.83141943499993 ], [ -35.561813626999964, -8.831406902999959 ], [ -35.561771745999962, -8.831401526999958 ], [ -35.561624311999935, -8.831382608 ], [ -35.561619086999947, -8.831382159999954 ], [ -35.560019535999935, -8.832774915 ], [ -35.559244295, -8.831847289999892 ], [ -35.559239244999944, -8.83184750899991 ], [ -35.558134727999949, -8.832012256999953 ], [ -35.55788362499996, -8.832049832999953 ], [ -35.557879566999887, -8.832050439999914 ], [ -35.556967604999926, -8.831484034999946 ], [ -35.555901258999896, -8.830822546999926 ], [ -35.554982216999967, -8.829296255999939 ], [ -35.553702875999896, -8.828645221999984 ], [ -35.552036221999934, -8.829011079999969 ], [ -35.552032636999989, -8.829010414 ], [ -35.552030773999924, -8.829010824999948 ], [ -35.548320049999944, -8.828322906999961 ], [ -35.546640296999961, -8.827590522999937 ], [ -35.54636648299995, -8.82711000499997 ], [ -35.546857011999947, -8.825765175999987 ], [ -35.546734436999934, -8.825405433999975 ], [ -35.545352659999914, -8.824528843999921 ], [ -35.545350673999927, -8.824527584 ], [ -35.544959858999917, -8.82464107499997 ], [ -35.544109635, -8.825657343999946 ], [ -35.543697454, -8.824093627999972 ], [ -35.543692054, -8.824092493999967 ], [ -35.54263333199998, -8.823867256999982 ], [ -35.542374950999914, -8.823068791 ], [ -35.539818691999976, -8.821086945999976 ], [ -35.539816829, -8.821081778999904 ], [ -35.538710548999944, -8.820223842999972 ], [ -35.538705221999948, -8.820223728999963 ], [ -35.537137945999945, -8.820203549999981 ], [ -35.536802085999959, -8.819621213999937 ], [ -35.536795764999965, -8.81962065099998 ], [ -35.535182636999899, -8.819455262999973 ], [ -35.535177908999955, -8.819454778999933 ], [ -35.535173203999918, -8.819458730999905 ], [ -35.535046067999971, -8.819505452999952 ], [ -35.53467009799995, -8.819881359999968 ], [ -35.534623368999988, -8.81992061499993 ], [ -35.53411014599989, -8.821936944999962 ], [ -35.533852853, -8.823878261999916 ], [ -35.532797981999948, -8.827081011999969 ], [ -35.531445315000028, -8.82827052799998 ], [ -35.530127055999934, -8.82808267699998 ], [ -35.53012164499993, -8.828082164999937 ], [ -35.528825606999895, -8.827322106999933 ], [ -35.526984656999986, -8.823975194999942 ], [ -35.520494129999953, -8.820394242999949 ], [ -35.518627707999975, -8.818692073999976 ], [ -35.517770961999965, -8.816757845999987 ], [ -35.516695844, -8.816935194999918 ], [ -35.515918852999931, -8.817922263999964 ], [ -35.514601462, -8.817523482999921 ], [ -35.514600751999943, -8.817524662999929 ], [ -35.514596013999906, -8.817523227999988 ], [ -35.513992882, -8.818525075999926 ], [ -35.511525611999964, -8.81753529500001 ], [ -35.511522641999896, -8.817536032999982 ], [ -35.511520162999958, -8.817535038999988 ], [ -35.507144771999961, -8.8186235219999 ], [ -35.505960251, -8.821230680999967 ], [ -35.504257922999933, -8.822298783999969 ], [ -35.502665402999973, -8.822431096999903 ], [ -35.501027297999968, -8.820261454999976 ], [ -35.501021888999965, -8.820260935999933 ], [ -35.50038140799991, -8.820167766999951 ], [ -35.500375054999914, -8.820167155999989 ], [ -35.500349990999972, -8.824963289999985 ], [ -35.499293813999984, -8.82657829099994 ], [ -35.498804758999931, -8.826848738999935 ], [ -35.498802908999956, -8.826849761999931 ], [ -35.497325624999938, -8.826324883999934 ], [ -35.497320163000019, -8.826322943999951 ], [ -35.496327000999912, -8.82814494499998 ], [ -35.495758405999936, -8.828301021999927 ], [ -35.49575369, -8.828302315999945 ], [ -35.494543219999933, -8.825743154999941 ], [ -35.493477247999934, -8.82533022199997 ], [ -35.493473346999963, -8.825328710999933 ], [ -35.489622724999954, -8.827231820999923 ], [ -35.488193266999893, -8.827356071999901 ], [ -35.486155193999927, -8.82627772699994 ], [ -35.486148939999943, -8.826277506999922 ], [ -35.482128846999942, -8.82615237399996 ], [ -35.482123421999937, -8.826152161999943 ], [ -35.480832722999907, -8.823667744 ], [ -35.481102922999966, -8.821023268999948 ], [ -35.480582055999946, -8.819934588999931 ], [ -35.478198222999971, -8.819568722999946 ], [ -35.476211941999942, -8.818270952999949 ], [ -35.476014156999916, -8.818141776999919 ], [ -35.476014621999958, -8.818138762999936 ], [ -35.47479986, -8.81734540299993 ], [ -35.474794418999984, -8.817345074999903 ], [ -35.47436462699995, -8.817313449999951 ], [ -35.472232156, -8.817156892999964 ], [ -35.472231049999984, -8.817156093999898 ], [ -35.472226752999987, -8.817155778999961 ], [ -35.470700794999935, -8.816056144999926 ], [ -35.470125159, -8.813129116999949 ], [ -35.470124691999963, -8.81312673199993 ], [ -35.46758554900002, -8.814026140999918 ], [ -35.466898777999951, -8.815289675000013 ], [ -35.467687379, -8.816974588999891 ], [ -35.467525269999918, -8.817435348999911 ], [ -35.466587741999973, -8.817635937999988 ], [ -35.4665847549999, -8.817636576999952 ], [ -35.465163554999904, -8.817240970999904 ], [ -35.464297278999908, -8.816367331 ], [ -35.464294138999911, -8.816364163999921 ], [ -35.462339364999913, -8.818830283999954 ], [ -35.464463107999947, -8.820214564 ], [ -35.464226206999975, -8.821365735999951 ], [ -35.462876940999891, -8.82387747899994 ], [ -35.463557220999959, -8.825737258999897 ], [ -35.465137245999948, -8.826229934999983 ], [ -35.465414789999912, -8.827411311999942 ], [ -35.466756883999935, -8.828263897999964 ], [ -35.465202382, -8.829039566999928 ], [ -35.463888629999936, -8.828588840999938 ], [ -35.463886331000012, -8.828589665 ], [ -35.463233004999957, -8.828824057999949 ], [ -35.461842373999914, -8.830161178 ], [ -35.46137787299994, -8.830607695 ], [ -35.46021771999996, -8.832292253999938 ], [ -35.460499905999946, -8.834685190999956 ], [ -35.459971919999958, -8.837111625 ], [ -35.459827679999925, -8.837774500999949 ], [ -35.459785915999937, -8.837836584999934 ], [ -35.459431717999941, -8.838363108999978 ], [ -35.459295041999908, -8.838566280999913 ], [ -35.459187588, -8.838726012999896 ], [ -35.459091132, -8.838869396999947 ], [ -35.459039538, -8.838902337 ], [ -35.458966548, -8.838948936999955 ], [ -35.458528504, -8.839228605 ], [ -35.456513369999968, -8.84051516299996 ], [ -35.455935216999919, -8.840884283999948 ], [ -35.455818316000013, -8.840958919999906 ], [ -35.455518454999982, -8.840992706999948 ], [ -35.453522069, -8.841217652 ], [ -35.45345811599995, -8.841224857999972 ], [ -35.45345608999996, -8.84122407 ], [ -35.453451759999957, -8.841224558999947 ], [ -35.452097162999969, -8.840697872999979 ], [ -35.451561356999953, -8.840965271999988 ], [ -35.450814568999895, -8.841337961999916 ], [ -35.450570886999984, -8.841459473999933 ], [ -35.449733537999975, -8.84187701499993 ], [ -35.449483183999959, -8.842001852999957 ], [ -35.449478545999931, -8.84200069599995 ], [ -35.447465472999987, -8.841499803999984 ], [ -35.44746104799998, -8.841498413999958 ], [ -35.446600429999911, -8.841284427999927 ], [ -35.44659871299995, -8.841284338 ], [ -35.444173034999977, -8.841397553999961 ], [ -35.441522317999947, -8.840315169999933 ], [ -35.439824394999967, -8.841562237999909 ], [ -35.439818438999922, -8.841561643999949 ], [ -35.435876847999928, -8.84093142399994 ], [ -35.435871447999929, -8.840930867999894 ], [ -35.434808255999975, -8.840248037999974 ], [ -35.43191562, -8.836009115999985 ], [ -35.429171139999944, -8.83709514299996 ], [ -35.429165697999935, -8.837095093999956 ], [ -35.426798349, -8.837164693999942 ], [ -35.426792001, -8.837164636999937 ], [ -35.423866743, -8.838522523999934 ], [ -35.423864528999985, -8.838523551000019 ], [ -35.423165302999955, -8.838299488999954 ], [ -35.422087430999945, -8.836533399999933 ], [ -35.419391167999962, -8.836589999 ], [ -35.419384817999969, -8.836589916 ], [ -35.418811672999979, -8.836918388 ], [ -35.418474865999912, -8.838568946999956 ], [ -35.416694528999955, -8.838834248999969 ], [ -35.415751292999978, -8.838443787 ], [ -35.415748988999965, -8.838444932999909 ], [ -35.415616182999905, -8.838390219 ], [ -35.414331701999942, -8.836411853 ], [ -35.414077562999964, -8.836397020999929 ], [ -35.411225582999975, -8.836230962999956 ], [ -35.409525032999959, -8.837886833 ], [ -35.409021640999967, -8.837988443999976 ], [ -35.406887943999905, -8.838419133999906 ], [ -35.407848469999976, -8.84134183999997 ], [ -35.40751013299996, -8.842388856999914 ], [ -35.405802821999913, -8.843798636999942 ], [ -35.405662139, -8.843914802999961 ], [ -35.405555901999911, -8.844002525999937 ], [ -35.401785887, -8.84878467199993 ], [ -35.399991621999952, -8.850312811999981 ], [ -35.397952298999975, -8.850514212999947 ], [ -35.397949199999985, -8.850513590999984 ], [ -35.397945942999982, -8.850513912999922 ], [ -35.394570326999926, -8.849835992999964 ], [ -35.350754659999964, -8.860712919999933 ], [ -35.343479156999905, -8.862539975999937 ], [ -35.307172463999962, -8.871657473 ], [ -35.306329469999937, -8.871869170000011 ], [ -35.300947928, -8.873220168999971 ], [ -35.299292344999969, -8.873635790999987 ], [ -35.287654070999977, -8.876555798999917 ], [ -35.28764857699997, -8.87655500899994 ], [ -35.283960941999943, -8.876024739999941 ], [ -35.283958039999966, -8.876024323 ], [ -35.282625365999927, -8.875832561999939 ], [ -35.282623961999988, -8.875832234 ], [ -35.282619037999936, -8.875831524999942 ], [ -35.280104090999949, -8.87501281499997 ], [ -35.280102313999976, -8.875012237999922 ], [ -35.277580182999927, -8.875162951999958 ], [ -35.27503733199994, -8.877354633999932 ], [ -35.273053224999913, -8.87752148199997 ], [ -35.271512884999915, -8.87861519999996 ], [ -35.268962761999951, -8.879159261999945 ], [ -35.268660817999923, -8.879327198999896 ], [ -35.267992050999922, -8.88004384999995 ], [ -35.267142479999976, -8.880954248999959 ], [ -35.26648859799996, -8.880832586999929 ], [ -35.266440943999925, -8.880823722999907 ], [ -35.266009065999988, -8.880743242999909 ], [ -35.265193719999935, -8.880591889 ], [ -35.265188936999984, -8.880591 ], [ -35.262906703999889, -8.881441057999915 ], [ -35.260775053, -8.883304566999914 ], [ -35.257085446999987, -8.885105638999988 ], [ -35.255126188999967, -8.88552548599991 ], [ -35.252782131999908, -8.887233014999971 ], [ -35.248129983999924, -8.884962378999948 ], [ -35.248124007999962, -8.884962352999946 ], [ -35.246482197999924, -8.884981374999921 ], [ -35.246480496999958, -8.88498125099991 ], [ -35.246474936999945, -8.884981315999916 ], [ -35.24267902899993, -8.884062841999949 ], [ -35.242622788999896, -8.884035869999938 ], [ -35.242623340999941, -8.884033026999969 ], [ -35.240941543999966, -8.883227288999915 ], [ -35.240934371, -8.883226113 ], [ -35.240811228999931, -8.883206080999937 ], [ -35.237841691999989, -8.882723543999891 ], [ -35.237837537999908, -8.882722869999924 ], [ -35.235015989999958, -8.883198548999935 ], [ -35.232326507, -8.884326808999941 ], [ -35.231568255999974, -8.884034663999927 ], [ -35.231564648999942, -8.884035722999926 ], [ -35.231560992, -8.884034315999898 ], [ -35.229589626999953, -8.884614219999918 ], [ -35.228381239999976, -8.885502345999949 ], [ -35.227142556999986, -8.885548545999953 ], [ -35.227135303999916, -8.88554850699995 ], [ -35.225455594999936, -8.887139828999988 ], [ -35.22211591300001, -8.887392743999953 ], [ -35.220106971999968, -8.88927326799994 ], [ -35.218133203, -8.889083703999976 ], [ -35.21812595599993, -8.889083183999933 ], [ -35.217491183999989, -8.888576864999962 ], [ -35.215114624, -8.888650916999961 ], [ -35.214155334999937, -8.889166483999897 ], [ -35.212810117999922, -8.888573223999927 ], [ -35.212806253999958, -8.888574019 ], [ -35.212803761999929, -8.888572919999902 ], [ -35.211447203999953, -8.88885189099998 ], [ -35.210928575999937, -8.890778073000014 ], [ -35.209093982999931, -8.891763713999943 ], [ -35.207992082999979, -8.890842017999976 ], [ -35.207985190999942, -8.890841981999884 ], [ -35.206795252999896, -8.890848857 ], [ -35.206788253999939, -8.890848821 ], [ -35.204985263999973, -8.889789944999968 ], [ -35.203074746, -8.88822748699992 ], [ -35.200594348000017, -8.888219066999934 ], [ -35.200587559999988, -8.888218964999925 ], [ -35.198100680000017, -8.887358579999969 ], [ -35.198095096, -8.887356647999987 ], [ -35.195882020999939, -8.888339944999899 ], [ -35.192145778999887, -8.888763203999925 ], [ -35.192143677999979, -8.888763205000014 ], [ -35.190102946999971, -8.88852924399993 ], [ -35.190095971999931, -8.888528565999962 ], [ -35.188442413999979, -8.889793083999962 ], [ -35.185885115999952, -8.89003506099991 ], [ -35.185879729999954, -8.890035571999952 ], [ -35.181592323999951, -8.88807648899995 ], [ -35.181589182999957, -8.888075053 ], [ -35.178768792999918, -8.888818397999962 ], [ -35.176749418999989, -8.888839941999969 ], [ -35.176742157000014, -8.888839806999957 ], [ -35.174240499999968, -8.89038930399991 ], [ -35.171231816999985, -8.890561262999928 ], [ -35.168251302999934, -8.892471078999939 ], [ -35.166063049999892, -8.894581346999928 ], [ -35.164834244, -8.896434197999934 ], [ -35.162809637999906, -8.897415745999968 ], [ -35.16278340599996, -8.897428462999954 ], [ -35.162648923999932, -8.897562944999979 ], [ -35.162522389999943, -8.897843521999924 ], [ -35.16204866, -8.898312598999922 ], [ -35.16191175999996, -8.898406934 ], [ -35.161217385999969, -8.898885409999977 ], [ -35.160308356999984, -8.899610592999938 ], [ -35.158865279999958, -8.900696036999953 ], [ -35.157426538999928, -8.901742123999909 ], [ -35.15685323400001, -8.902027817000011 ], [ -35.156559711999975, -8.902293017000016 ], [ -35.15598296699995, -8.902769345 ], [ -35.155934046999988, -8.903322917999965 ], [ -35.155761538000014, -8.903554645999954 ], [ -35.155673995999962, -8.903752901999926 ], [ -35.15566884699998, -8.904059297999964 ], [ -35.155622500999968, -8.904211207999921 ], [ -35.155506636999974, -8.904363118999967 ], [ -35.155506636999974, -8.904430062 ], [ -35.155482337999914, -8.90456066199997 ], [ -35.155507585999963, -8.904686902000023 ], [ -35.155633827000017, -8.904858590999929 ], [ -35.155674224999984, -8.905035328999897 ], [ -35.155766627999988, -8.905190721999965 ], [ -35.155904582999945, -8.905344294999971 ], [ -35.155938421, -8.905505676 ], [ -35.155891567999937, -8.905633217999895 ], [ -35.155766627999988, -8.905721717999935 ], [ -35.155875950999977, -8.906047082999944 ], [ -35.155914993999922, -8.906169418999941 ], [ -35.15581348099996, -8.906286550999951 ], [ -35.155682893999902, -8.906661743 ], [ -35.155687076999982, -8.907042394999962 ], [ -35.155645246999896, -8.907523436999973 ], [ -35.155649858999922, -8.907897263999907 ], [ -35.155411788999942, -8.908158675999953 ], [ -35.155365107999984, -8.908338394999902 ], [ -35.155295087999967, -8.908487772999916 ], [ -35.155290419000025, -8.908681496999957 ], [ -35.155281082999963, -8.908816870999967 ], [ -35.155232976999976, -8.908933117999904 ], [ -35.155225325999965, -8.90912820299997 ], [ -35.155267402999982, -8.909353891 ], [ -35.155225325999965, -8.909560451999941 ], [ -35.155087618999943, -8.909767012999978 ], [ -35.15491165899995, -8.909858817999936 ], [ -35.154731873999907, -8.910023300999956 ], [ -35.154708922999959, -8.910298716999918 ], [ -35.154781601999936, -8.91052440399994 ], [ -35.15476630099991, -8.910753916999923 ], [ -35.154685972000017, -8.910872497999964 ], [ -35.154525312999958, -8.910914573999982 ], [ -35.154372305, -8.910876322999925 ], [ -35.154192519999953, -8.910841896 ], [ -35.154108365999917, -8.910906924999971 ], [ -35.154062462999939, -8.910998728999928 ], [ -35.154062462999939, -8.91111730999997 ], [ -35.154001259999937, -8.911197640999955 ], [ -35.153863552, -8.911339171999941 ], [ -35.153848251999889, -8.911457754999983 ], [ -35.153940056999936, -8.911683442 ], [ -35.154005084999902, -8.911970332999939 ], [ -35.15407011399995, -8.912065962999947 ], [ -35.154238423000024, -8.912188368999949 ], [ -35.154391430999979, -8.912261047999923 ], [ -35.154464109999957, -8.912253398 ], [ -35.154628593999973, -8.912192194999911 ], [ -35.154731873999907, -8.912146290999932 ], [ -35.154793078, -8.912165418 ], [ -35.15487723199994, -8.912261047999923 ], [ -35.155014939999965, -8.912345201999958 ], [ -35.155276847999964, -8.912443477999918 ], [ -35.155421733999965, -8.91259950699995 ], [ -35.155321428999926, -8.912889278999945 ], [ -35.155009366999948, -8.913167906 ], [ -35.154931351999977, -8.913502256999948 ], [ -35.154788688999901, -8.913745971999951 ], [ -35.154663870999961, -8.913959204 ], [ -35.154407534999983, -8.913981493999898 ], [ -35.15417348899998, -8.913736302999951 ], [ -35.15402105699998, -8.913665167999927 ], [ -35.153671961999962, -8.913502256999948 ], [ -35.153404479999942, -8.913624852999966 ], [ -35.153203869999956, -8.913825462999956 ], [ -35.152891807999893, -8.913892333999982 ], [ -35.15265135499989, -8.913856027999909 ], [ -35.152654202999948, -8.913898498999959 ], [ -35.152653627, -8.913943214999929 ], [ -35.152643806999976, -8.913990188999907 ], [ -35.152624863999918, -8.91403793799995 ], [ -35.152604229999987, -8.914069142999956 ], [ -35.152571540999951, -8.914118796999979 ], [ -35.15253639699997, -8.914180195 ], [ -35.152506112999951, -8.914237497999942 ], [ -35.152484952999977, -8.914294025999911 ], [ -35.152472747999944, -8.914370652999946 ], [ -35.152457182999989, -8.914451491999973 ], [ -35.152439948999984, -8.914553088999941 ], [ -35.152432603999912, -8.914625621 ], [ -35.152383325999921, -8.91479913099996 ], [ -35.152326119999984, -8.914862599999971 ], [ -35.152287709999911, -8.914913826999946 ], [ -35.152283233999988, -8.914913660999932 ], [ -35.152205615999961, -8.914910799999962 ], [ -35.152123521, -8.914907771999978 ], [ -35.152011183999946, -8.914939662999952 ], [ -35.151964616822426, -8.914971596628082 ], [ -35.1519313229999, -8.91499442799994 ], [ -35.151902235, -8.915100610999961 ], [ -35.151891715, -8.915231969999979 ], [ -35.15191708, -8.91538646999993 ], [ -35.151949262999899, -8.91554150199994 ], [ -35.1520192199999, -8.915696097999961 ], [ -35.15208655, -8.915784016999959 ], [ -35.1520937619999, -8.915793433999969 ], [ -35.152150771, -8.915880950999959 ], [ -35.152207738, -8.915935926999961 ], [ -35.152270847999901, -8.916041904999931 ], [ -35.152392533, -8.91618277499998 ], [ -35.152489064, -8.916382306999941 ], [ -35.152666911, -8.91658819399993 ], [ -35.152872816, -8.916954597999959 ], [ -35.1529676, -8.91708192299996 ], [ -35.153070558, -8.917220227999961 ], [ -35.153168329, -8.91735156499993 ], [ -35.153433392, -8.917843003999961 ], [ -35.153578001, -8.91811111399994 ], [ -35.154034187, -8.91905617799995 ], [ -35.154287172, -8.91960110799994 ], [ -35.154657283999903, -8.92021611099995 ], [ -35.154958943999901, -8.92066408399995 ], [ -35.155251533999902, -8.920969879999969 ], [ -35.155717153, -8.921541813999969 ], [ -35.15585012, -8.921713226999939 ], [ -35.1561343609999, -8.92207964799996 ], [ -35.156977632999897, -8.92304485599993 ], [ -35.157795251, -8.92394743299997 ], [ -35.158841579, -8.925059879999941 ], [ -35.159671187, -8.92592733099997 ], [ -35.159811836, -8.92607439599993 ], [ -35.160464404, -8.92672414499998 ], [ -35.160692851, -8.926951604999941 ], [ -35.161671209, -8.92801829499996 ], [ -35.162621206, -8.929183810999969 ], [ -35.163312321, -8.93000575799994 ], [ -35.164215086999903, -8.93112315999997 ], [ -35.164672696, -8.93179551099996 ], [ -35.165550771, -8.932965518999939 ], [ -35.166407447, -8.934275318999941 ], [ -35.166746313, -8.934897968999961 ], [ -35.167019368, -8.93557610899995 ], [ -35.167203791, -8.93613875299997 ], [ -35.167457321, -8.936805266999951 ], [ -35.167651983, -8.937568223999961 ], [ -35.167671976999898, -8.93764053199993 ], [ -35.167866169, -8.93834280499993 ], [ -35.168155396, -8.939355746999979 ], [ -35.168193731, -8.939490003999939 ], [ -35.168405542999899, -8.94003838699996 ], [ -35.168509516, -8.940320471999939 ], [ -35.168662909, -8.940736636999929 ], [ -35.168800537, -8.94111002899996 ], [ -35.169248670999899, -8.942923441999939 ], [ -35.169319873999903, -8.94325850199994 ], [ -35.169594749999902, -8.944551974999969 ], [ -35.169887673999902, -8.945930373999939 ], [ -35.170310942, -8.947671108999939 ], [ -35.1704563669999, -8.94887370599997 ], [ -35.170684924999897, -8.95007435999997 ], [ -35.170778684, -8.951412138999959 ], [ -35.170832918, -8.952012544999951 ], [ -35.171049065, -8.95275310999995 ], [ -35.171521785, -8.953980743999979 ], [ -35.171659458, -8.954338278999961 ], [ -35.172160087999899, -8.95575160899995 ], [ -35.172633353, -8.95695587899996 ], [ -35.173241026, -8.95850215999997 ], [ -35.173422129, -8.95896299299994 ], [ -35.173608096, -8.95937498999996 ], [ -35.174053248999897, -8.96036120099996 ], [ -35.174079296999899, -8.96043507899998 ], [ -35.174513095, -8.961665410999959 ], [ -35.174808183, -8.962743757999929 ], [ -35.174912336, -8.96321710399997 ], [ -35.174986009999898, -8.96351084499997 ], [ -35.175159725999897, -8.96432929899993 ], [ -35.175302347, -8.965256088999981 ], [ -35.175649763, -8.966366195999971 ], [ -35.175650909, -8.96636985799995 ], [ -35.175679632, -8.966461635999959 ], [ -35.176037150999903, -8.967213136999931 ], [ -35.176476963, -8.96816314899996 ], [ -35.176638797, -8.968663152999969 ], [ -35.176629304, -8.96887505899997 ], [ -35.176645788, -8.969136295999929 ], [ -35.17686315, -8.96959632799997 ], [ -35.177203491999897, -8.97001427099997 ], [ -35.177422056, -8.970179022999959 ], [ -35.177978212, -8.97070260299995 ], [ -35.178133998, -8.970943803999941 ], [ -35.178224324, -8.97108365399993 ], [ -35.178346462, -8.97129435099993 ], [ -35.178506789, -8.971570922999939 ], [ -35.179044146, -8.972609759999949 ], [ -35.17959023, -8.973666206999949 ], [ -35.179674346999903, -8.973876809999981 ], [ -35.179723711, -8.974000400999961 ], [ -35.18004941, -8.974815838999969 ], [ -35.180055121999899, -8.97483013999994 ], [ -35.180506199, -8.976094748999969 ], [ -35.180756018, -8.97661638799997 ], [ -35.181071502, -8.977438523999981 ], [ -35.181386628, -8.97789141399994 ], [ -35.181633537, -8.978169139999981 ], [ -35.182070087999897, -8.978505975999949 ], [ -35.182532454, -8.978800520999931 ], [ -35.182732769, -8.978909400999949 ], [ -35.182976643, -8.979041957999931 ], [ -35.183361600999902, -8.97918277499997 ], [ -35.183827497, -8.97943329099996 ], [ -35.18443403, -8.979848727999981 ], [ -35.185179725, -8.98024662999995 ], [ -35.186028818999901, -8.980940585999971 ], [ -35.186824292, -8.981556720999951 ], [ -35.186908794, -8.98162217299995 ], [ -35.187238282, -8.98187462599998 ], [ -35.187252988999902, -8.98188557499998 ], [ -35.187669561999897, -8.98220507299993 ], [ -35.188219718, -8.98261723299993 ], [ -35.188922756999901, -8.983174239999929 ], [ -35.189725682, -8.984071329999949 ], [ -35.189750331, -8.98409827399996 ], [ -35.190351294, -8.98475520299996 ], [ -35.190988272, -8.98554961399998 ], [ -35.191033209999901, -8.985609016999939 ], [ -35.191231679999902, -8.98587137299995 ], [ -35.191634816, -8.98634589999995 ], [ -35.192003939, -8.986684848999969 ], [ -35.192436011, -8.987191975999959 ], [ -35.1924891849999, -8.98725438799994 ], [ -35.1926105329999, -8.987369097999929 ], [ -35.193170334999898, -8.987898283999931 ], [ -35.193693020999902, -8.988230567999951 ], [ -35.194065208, -8.98845663199995 ], [ -35.19455901, -8.98876946399997 ], [ -35.196367001999903, -8.989713193999931 ], [ -35.197071074, -8.99007089299994 ], [ -35.197669376, -8.99044249399998 ], [ -35.198276093999901, -8.99089598599994 ], [ -35.199094819, -8.99149853599994 ], [ -35.1995707049999, -8.99190488199997 ], [ -35.199710100999901, -8.992218513999941 ], [ -35.199716943999903, -8.99222643199994 ], [ -35.199897044, -8.99258403799996 ], [ -35.199929851, -8.992649178999949 ], [ -35.200341801, -8.993013609999929 ], [ -35.200659323, -8.993156527999931 ], [ -35.200817786999899, -8.99320579999994 ], [ -35.200891092999903, -8.993228592999969 ], [ -35.200899417, -8.99323118199993 ], [ -35.200944342999897, -8.99325456299994 ], [ -35.201204257, -8.993389835999951 ], [ -35.201497521, -8.99336069099996 ], [ -35.201622385, -8.99336086299996 ], [ -35.201749049999897, -8.99336103799993 ], [ -35.201834807999901, -8.99339416599997 ], [ -35.201963894999899, -8.993444030999971 ], [ -35.202161036999897, -8.993520184999969 ], [ -35.202468333, -8.993770431999961 ], [ -35.202614414, -8.99388939399995 ], [ -35.203258094, -8.994454121999979 ], [ -35.204062128, -8.99538484399994 ], [ -35.20428615, -8.99556042699993 ], [ -35.204633176, -8.99583241799996 ], [ -35.205720282999899, -8.99700271299997 ], [ -35.207758859, -8.99963984499993 ], [ -35.2078192829999, -8.999705898999929 ], [ -35.209724639999898, -9.00178879299995 ], [ -35.210064723999899, -9.002106890999929 ], [ -35.210628993999897, -9.002634680999959 ], [ -35.211343269999901, -9.00333069899995 ], [ -35.211726708999898, -9.00368024199997 ], [ -35.212204108, -9.00413127399997 ], [ -35.212338438, -9.004258184999969 ], [ -35.212858939999897, -9.004667990999961 ], [ -35.213493628, -9.005145770999951 ], [ -35.214793894, -9.00608896199998 ], [ -35.215440524, -9.00671068499997 ], [ -35.2158016019999, -9.00713525899994 ], [ -35.215809260999897, -9.007144264999971 ], [ -35.215826244, -9.00716423499995 ], [ -35.215864269, -9.007208945999929 ], [ -35.216330244999902, -9.00774003199996 ], [ -35.216718586, -9.008213369999959 ], [ -35.217303677, -9.009031120999961 ], [ -35.217617716999897, -9.00949867199995 ], [ -35.218034997, -9.010077649999969 ], [ -35.218288217999898, -9.010370611999971 ], [ -35.218564708, -9.01074661399997 ], [ -35.2187995479999, -9.01108244599993 ], [ -35.219100086, -9.011438166999939 ], [ -35.219234028, -9.011633214999961 ], [ -35.219536132, -9.01206289899994 ], [ -35.219883403, -9.012488718999981 ], [ -35.21992614, -9.012545256999941 ], [ -35.220221486, -9.012935975999939 ], [ -35.220585185999902, -9.01343691999995 ], [ -35.22084374, -9.01377021199994 ], [ -35.221039108, -9.014132518999929 ], [ -35.22126087, -9.014445188999961 ], [ -35.2214546659999, -9.014733522999959 ], [ -35.221706540999897, -9.015137148999941 ], [ -35.221862044, -9.01539518799996 ], [ -35.221897989, -9.01545483399997 ], [ -35.2221400829999, -9.015887229999979 ], [ -35.222383347999902, -9.016304945999931 ], [ -35.222576943, -9.01668925199994 ], [ -35.222802019, -9.01705385799994 ], [ -35.223003042999899, -9.01743874099998 ], [ -35.223008485, -9.01745097099996 ], [ -35.223186858, -9.017851818999929 ], [ -35.223278272999899, -9.01811113299993 ], [ -35.223431392999899, -9.01844059899997 ], [ -35.223576889, -9.01886546499998 ], [ -35.22372473, -9.019260973999961 ], [ -35.223854189999898, -9.01969935399995 ], [ -35.2239728939999, -9.02008520399994 ], [ -35.2240123999999, -9.02033934799994 ], [ -35.2241086189999, -9.020819438999981 ], [ -35.2241976, -9.02120296999993 ], [ -35.224251579999901, -9.02165023099997 ], [ -35.224277123, -9.02198540699993 ], [ -35.224330904999903, -9.02224805299994 ], [ -35.224342651, -9.02266249199994 ], [ -35.22438138, -9.02301995799996 ], [ -35.224467823999902, -9.02352882699995 ], [ -35.224516136, -9.02395349599993 ], [ -35.22456464, -9.02428218299997 ], [ -35.224558, -9.02439908499997 ], [ -35.224546269, -9.02460565699994 ], [ -35.224620197, -9.025084008999951 ], [ -35.224717195, -9.02546077999995 ], [ -35.224801677999899, -9.02580703899997 ], [ -35.22487032, -9.02607083699996 ], [ -35.225024609999899, -9.02638561599997 ], [ -35.225113771999901, -9.02649167099997 ], [ -35.225270413, -9.026677989999939 ], [ -35.225634238999902, -9.02705482799996 ], [ -35.2258065299999, -9.027238098999931 ], [ -35.226062128, -9.027501705999949 ], [ -35.226180639999903, -9.027702935999971 ], [ -35.226459508999902, -9.028049581999939 ], [ -35.226564998999898, -9.028413496999971 ], [ -35.226722045, -9.028787574999971 ], [ -35.226813385, -9.02914176099995 ], [ -35.226937187, -9.029557549999939 ], [ -35.227051797999898, -9.029994773999929 ], [ -35.22704175, -9.030245568999931 ], [ -35.227036756, -9.03037020199997 ], [ -35.227029335999902, -9.03065022699997 ], [ -35.22711871, -9.030841798999971 ], [ -35.227299597999902, -9.03101096599994 ], [ -35.227455059, -9.031030465999949 ], [ -35.227611501, -9.03113126899996 ], [ -35.227687577, -9.03130173399995 ], [ -35.227795332, -9.031450437999981 ], [ -35.227908758999902, -9.03162173699997 ], [ -35.227989529999903, -9.031827411999931 ], [ -35.228079491, -9.032011648999971 ], [ -35.228235156, -9.03221577599993 ], [ -35.228400011, -9.032398463999931 ], [ -35.228566037, -9.03256647499995 ], [ -35.2287017539999, -9.03273950699997 ], [ -35.228744601, -9.032819792999931 ], [ -35.228792988, -9.032914861999931 ], [ -35.228850912, -9.032960887999931 ], [ -35.228916829999903, -9.032977111999971 ], [ -35.228992863, -9.03297199899993 ], [ -35.229090722, -9.03297412699993 ], [ -35.229188139, -9.032981752999939 ], [ -35.229298012999898, -9.032973756999979 ], [ -35.229377712, -9.03295786699994 ], [ -35.229379182019507, -9.032957041318827 ], [ -35.229459836999958, -9.032911738999925 ], [ -35.229525924, -9.032856057999936 ], [ -35.229581980999939, -9.032785760999982 ], [ -35.229623102999966, -9.032692164999965 ], [ -35.229611029999944, -9.032588839999942 ], [ -35.229616413999949, -9.03253120699997 ], [ -35.229636029999973, -9.032518941999932 ], [ -35.229663594999941, -9.032501706999927 ], [ -35.229711132999967, -9.032502661999917 ], [ -35.22975155999994, -9.032522422999953 ], [ -35.229776304999945, -9.032563084999943 ], [ -35.229783687999934, -9.032610686999885 ], [ -35.229786165999961, -9.032649606999907 ], [ -35.229796552999929, -9.032694677999906 ], [ -35.229825455999922, -9.032788221999919 ], [ -35.229850252999931, -9.032898040999946 ], [ -35.22987380999993, -9.032988399999962 ], [ -35.229919549999984, -9.033116454999988 ], [ -35.229955700999952, -9.033224396999948 ], [ -35.229981820999981, -9.033317721999943 ], [ -35.230009400999954, -9.033427758999988 ], [ -35.230004378999986, -9.033560138999928 ], [ -35.229990566, -9.033697362999913 ], [ -35.229947101999954, -9.033785242 ], [ -35.229862549999972, -9.033861605999913 ], [ -35.229770750999926, -9.033923572999978 ], [ -35.229689864999983, -9.033989159999987 ], [ -35.229661077866808, -9.03403629436926 ], [ -35.229638270999899, -9.034073636999951 ], [ -35.229622642, -9.034163694999959 ], [ -35.22964181, -9.034356073999961 ], [ -35.229655115999897, -9.03456386899995 ], [ -35.229663337, -9.03474173099994 ], [ -35.229687591, -9.03490607299995 ], [ -35.229802977, -9.03523996999996 ], [ -35.229914457999897, -9.03552911299994 ], [ -35.2299659, -9.03582110999997 ], [ -35.230062320999899, -9.03620522199998 ], [ -35.23017419, -9.036583151999929 ], [ -35.230271768, -9.03670816999994 ], [ -35.230303063, -9.036748263999931 ], [ -35.230418831, -9.03689020199994 ], [ -35.2306687499999, -9.03713120199996 ], [ -35.230806268, -9.03723470399996 ], [ -35.230986131, -9.037370074999959 ], [ -35.23117445, -9.037539817999971 ], [ -35.231470127, -9.03776961499995 ], [ -35.231828650999901, -9.038067850999941 ], [ -35.232108308, -9.03831117799996 ], [ -35.232475773, -9.038672110999929 ], [ -35.2326924609999, -9.038954832999931 ], [ -35.2330010599999, -9.03930378899997 ], [ -35.233357967, -9.03979680799995 ], [ -35.233539064999903, -9.04015059399995 ], [ -35.233733662, -9.04061619399994 ], [ -35.233981257, -9.041167147999939 ], [ -35.234188957, -9.04165591899994 ], [ -35.234487204999901, -9.04232158299993 ], [ -35.234878889, -9.04282469299994 ], [ -35.235502078, -9.04360197099993 ], [ -35.236058451, -9.044310133999939 ], [ -35.236602747999903, -9.04491035399997 ], [ -35.237054457999903, -9.04554886599993 ], [ -35.237075475, -9.04558040199993 ], [ -35.237815203, -9.046690364999961 ], [ -35.238423531, -9.04776338999994 ], [ -35.238581648, -9.04801958499996 ], [ -35.238852042, -9.04861651899995 ], [ -35.239149165, -9.049421815999951 ], [ -35.23925344, -9.049986771999951 ], [ -35.239319263, -9.050429750999969 ], [ -35.239500049, -9.051364158999951 ], [ -35.239518464999897, -9.051555963999929 ], [ -35.239564241, -9.051887917999981 ], [ -35.239595404999903, -9.05234247299995 ], [ -35.239634635999899, -9.05281669399994 ], [ -35.239659498, -9.05328979499996 ], [ -35.23967871, -9.053893934999961 ], [ -35.239704060999898, -9.05411959699995 ], [ -35.239691864, -9.05451366799997 ], [ -35.239661143, -9.054958644999941 ], [ -35.239644290999898, -9.05547133099998 ], [ -35.239615849, -9.056068778999929 ], [ -35.2395911589999, -9.056257224999969 ], [ -35.2395899159999, -9.056514126999961 ], [ -35.239559936, -9.056768790999969 ], [ -35.239518109999899, -9.05705108799998 ], [ -35.239480183999902, -9.05722422599996 ], [ -35.239459649, -9.05736064499996 ], [ -35.2394236109999, -9.057510134999969 ], [ -35.23940522, -9.057680035999971 ], [ -35.23940271, -9.057832137999981 ], [ -35.239404093, -9.058056179999941 ], [ -35.239383814, -9.058249730999931 ], [ -35.239382951, -9.058501904999961 ], [ -35.239408935, -9.058779965999969 ], [ -35.239430750999901, -9.058929200999961 ], [ -35.239460513, -9.05915996299996 ], [ -35.239462171, -9.059440886999941 ], [ -35.239426901999899, -9.05976176799993 ], [ -35.239397677999897, -9.06000697199994 ], [ -35.239383711999899, -9.060362826999951 ], [ -35.239354122, -9.06079361299993 ], [ -35.239345965, -9.06113708099997 ], [ -35.239385306, -9.06136858899993 ], [ -35.239414057, -9.06155167999998 ], [ -35.239447597, -9.06173514399995 ], [ -35.239429881, -9.061836233999941 ], [ -35.2393991329999, -9.061919505999979 ], [ -35.239411869, -9.062001405999981 ], [ -35.239459898999897, -9.062124129999971 ], [ -35.239518142999898, -9.0623 ], [ -35.239573864, -9.062447118999961 ], [ -35.23961925, -9.062602949999929 ], [ -35.239689595999899, -9.06280831799995 ], [ -35.239713677999902, -9.062929174999971 ], [ -35.239800037999899, -9.06323573399993 ], [ -35.239900389999903, -9.063548140999959 ], [ -35.240000741, -9.06386054799998 ], [ -35.240124029, -9.06412714999993 ], [ -35.240258407999903, -9.06437557799995 ], [ -35.24026076421378, -9.064378398036503 ], [ -35.240407972999961, -9.064554584999893 ], [ -35.240521556999944, -9.064625777999922 ], [ -35.240615115999958, -9.064655388999974 ], [ -35.240660562999985, -9.064686808 ], [ -35.240723056, -9.064716775 ], [ -35.240771834999954, -9.064706659999953 ], [ -35.240811397999941, -9.064670745999912 ], [ -35.240863509, -9.064619095 ], [ -35.240941134999929, -9.064577072999978 ], [ -35.241022395, -9.064573011999908 ], [ -35.241103933999987, -9.064576604999939 ], [ -35.241166732999943, -9.064567586 ], [ -35.241230114999951, -9.064586476999956 ], [ -35.241269953999961, -9.064617456999944 ], [ -35.241305433999962, -9.064667601999918 ], [ -35.241335432999961, -9.064722177 ], [ -35.241337442999949, -9.06472583399994 ], [ -35.241374393999898, -9.064792810999975 ], [ -35.241352375999938, -9.064891398999961 ], [ -35.24131192499997, -9.064938388999941 ], [ -35.241241739999936, -9.064969120999908 ], [ -35.241156424999893, -9.065012600999953 ], [ -35.241068749999918, -9.065050323999966 ], [ -35.24093852799998, -9.065152742999913 ], [ -35.240830930999962, -9.065271345999957 ], [ -35.240751276999944, -9.06538492899994 ], [ -35.240684088999977, -9.06551899099993 ], [ -35.240601854000012, -9.065629584999932 ], [ -35.24052891900002, -9.065729760999961 ], [ -35.240474616999968, -9.065892367999915 ], [ -35.240434078046761, -9.066099253333652 ], [ -35.240417667, -9.066183004999971 ], [ -35.240323929999903, -9.066511866999971 ], [ -35.240241897, -9.06681482999994 ], [ -35.240108566999901, -9.067156629999941 ], [ -35.239999551, -9.067314711999931 ], [ -35.239879578999897, -9.067609958999981 ], [ -35.239771587999897, -9.06799656299995 ], [ -35.239855183, -9.06839808999996 ], [ -35.239937552999898, -9.06882227399996 ], [ -35.240125631999902, -9.06912247899993 ], [ -35.240350962, -9.069478904999929 ], [ -35.240429430999903, -9.06960302799996 ], [ -35.240685969, -9.07013224699995 ], [ -35.240906956999901, -9.07056351299997 ], [ -35.241216481, -9.07117161199994 ], [ -35.241699313, -9.072246729999961 ], [ -35.242078649999897, -9.073109141999961 ], [ -35.242515212999898, -9.073991925999961 ], [ -35.242819545, -9.074586746999961 ], [ -35.243094380999899, -9.07518878499997 ], [ -35.243343995, -9.07568415099996 ], [ -35.243596011, -9.07627012599994 ], [ -35.243839201, -9.07684589599995 ], [ -35.244162839, -9.07750058899995 ], [ -35.244395184, -9.077970815999951 ], [ -35.244688541999899, -9.07852193999997 ], [ -35.245063343, -9.079260252999971 ], [ -35.245176597999901, -9.079454870999941 ], [ -35.245231171999897, -9.07954865199997 ], [ -35.2454637619999, -9.079895154999971 ], [ -35.24554541, -9.07998466199996 ], [ -35.245720799, -9.08017693199997 ], [ -35.245989681, -9.080431072999939 ], [ -35.246166355, -9.080541487999939 ], [ -35.246590434, -9.08077119599994 ], [ -35.247120627999898, -9.081038258999969 ], [ -35.247780346, -9.08138915999996 ], [ -35.248572552, -9.08185027799993 ], [ -35.249404571999897, -9.08234501299995 ], [ -35.249407065999897, -9.08234649599996 ], [ -35.250083758, -9.082824341999981 ], [ -35.250487528999898, -9.08312776899993 ], [ -35.250771541999903, -9.083373564999929 ], [ -35.2510586289999, -9.08365709199995 ], [ -35.251391284, -9.08392536899993 ], [ -35.25177982, -9.08435259599997 ], [ -35.252072199999901, -9.08475970799998 ], [ -35.252245146, -9.08505912599998 ], [ -35.252466383, -9.08535473399996 ], [ -35.252807796, -9.08567859399994 ], [ -35.252845981, -9.08571432699995 ], [ -35.253125662999899, -9.085976048999949 ], [ -35.253637958, -9.08638394899998 ], [ -35.254034869999899, -9.086698886999949 ], [ -35.254096307999902, -9.08674763699997 ], [ -35.25450116, -9.08701991999993 ], [ -35.25491425, -9.087218649999951 ], [ -35.255245312999897, -9.087375048999951 ], [ -35.255593021, -9.08759988399993 ], [ -35.255729297999899, -9.087729374999981 ], [ -35.255946424999898, -9.08793569199997 ], [ -35.256346064999903, -9.088300987999959 ], [ -35.256671755, -9.088729751999949 ], [ -35.256979487, -9.08931783599996 ], [ -35.257239989, -9.089918747999951 ], [ -35.257546523, -9.09072788399993 ], [ -35.257721058, -9.091379204999949 ], [ -35.257860174, -9.092051564999959 ], [ -35.258018175, -9.092728893999951 ], [ -35.258149838, -9.09325313699998 ], [ -35.258246696, -9.09366996799997 ], [ -35.25835046, -9.09424179899997 ], [ -35.258416929, -9.094556323999941 ], [ -35.258461358, -9.09502618699997 ], [ -35.258509444, -9.09551061099995 ], [ -35.258561824, -9.096061996999939 ], [ -35.258604714999898, -9.096973749999959 ], [ -35.258605498, -9.09727622799994 ], [ -35.258605773999903, -9.097383124999959 ], [ -35.258597868, -9.09766330299993 ], [ -35.258567142999901, -9.09792742699995 ], [ -35.258558104, -9.09822179499997 ], [ -35.258588787999898, -9.098561943999931 ], [ -35.258664482, -9.09906279599994 ], [ -35.258788713999898, -9.09961977599994 ], [ -35.2589401769999, -9.100197910999951 ], [ -35.259088479999903, -9.10069489299997 ], [ -35.259274515, -9.101137380999941 ], [ -35.259599722, -9.101890822999961 ], [ -35.259727502, -9.10214119199998 ], [ -35.259906034, -9.102440639999941 ], [ -35.260123147999899, -9.10280019999993 ], [ -35.260404563999899, -9.103259950999931 ], [ -35.2606382439999, -9.10369639299995 ], [ -35.2607894289999, -9.104036543999939 ], [ -35.260998752, -9.10441176999996 ], [ -35.261008692, -9.10442958699997 ], [ -35.261278122, -9.104797978999949 ], [ -35.261350407999899, -9.10487966899996 ], [ -35.261464794999902, -9.10500893699998 ], [ -35.26155891, -9.10511529499996 ], [ -35.261858969999899, -9.105462275999971 ], [ -35.262286619999898, -9.10596195999995 ], [ -35.262599542, -9.10632897499994 ], [ -35.263034472, -9.10675434399997 ], [ -35.263488247999902, -9.107470225999981 ], [ -35.2637162239999, -9.10793533299994 ], [ -35.264292886, -9.10872612299994 ], [ -35.264683730999899, -9.109203903999971 ], [ -35.265027808, -9.10966376599993 ], [ -35.265337339, -9.110073347999959 ], [ -35.265724776, -9.11056421599994 ], [ -35.265757569999899, -9.11060576399996 ], [ -35.266035083, -9.11099381799994 ], [ -35.266156262, -9.11122693099998 ], [ -35.266225241, -9.111389352999939 ], [ -35.2663409909999, -9.11156969299998 ], [ -35.266458252999897, -9.11173111399995 ], [ -35.266592150999898, -9.111865273999969 ], [ -35.266758449999898, -9.112016233999951 ], [ -35.266960694, -9.11226041799995 ], [ -35.267375597999902, -9.11282369699995 ], [ -35.267745782, -9.11331890099996 ], [ -35.268177250999898, -9.113952129999969 ], [ -35.268286890999903, -9.11413907899993 ], [ -35.268478484, -9.11446576599997 ], [ -35.268785866, -9.115016689999949 ], [ -35.268954408999903, -9.11562768399995 ], [ -35.269043213, -9.116094158999941 ], [ -35.26909646, -9.11693402299994 ], [ -35.269209128999897, -9.120069377999929 ], [ -35.26924645, -9.120556612999961 ], [ -35.2692546809999, -9.120664065999961 ], [ -35.269292483999898, -9.12075244499994 ], [ -35.269416656, -9.12104274599994 ], [ -35.269679663, -9.121661641999941 ], [ -35.269770779999902, -9.121876054999969 ], [ -35.269978835, -9.12218781399997 ], [ -35.270182947, -9.122493663999929 ], [ -35.270661122, -9.12296742399997 ], [ -35.27070766, -9.12301353299995 ], [ -35.271241807, -9.123439345999939 ], [ -35.271627838, -9.123638392999959 ], [ -35.272069888, -9.123738587999981 ], [ -35.272795529999897, -9.124091955999971 ], [ -35.273666778999903, -9.124458017999929 ], [ -35.274214471882317, -9.124616449173718 ], [ -35.274330922999937, -9.124650134999932 ], [ -35.274410137194209, -9.124663562536009 ], [ -35.275189306999899, -9.124795638999959 ], [ -35.275908767, -9.124839258999939 ], [ -35.276029412, -9.124854585999969 ], [ -35.276334208, -9.124893306999979 ], [ -35.276594536999902, -9.12491960599993 ], [ -35.277018548999898, -9.125000713999951 ], [ -35.277359019, -9.12500984599995 ], [ -35.277748898, -9.124947922999979 ], [ -35.277965945104931, -9.124929796083672 ], [ -35.278172145999967, -9.124912574999975 ], [ -35.278594114999976, -9.124930893999892 ], [ -35.278889255999971, -9.124968367999973 ], [ -35.278964774, -9.124977956999967 ], [ -35.279342341999978, -9.125103836999902 ], [ -35.279486150703882, -9.125183163921896 ], [ -35.279517661999897, -9.12520054599997 ], [ -35.279592161, -9.12524632799995 ], [ -35.27994971, -9.12546605299997 ], [ -35.280100454, -9.125670836999969 ], [ -35.280138603999902, -9.12572266299998 ], [ -35.280225274, -9.12586783199993 ], [ -35.280346865999903, -9.126071493999969 ], [ -35.280493105999902, -9.126299929999959 ], [ -35.280714512, -9.126480295999951 ], [ -35.2808255059999, -9.126570716999939 ], [ -35.281128635999899, -9.126835549999949 ], [ -35.2814551129999, -9.12708009399995 ], [ -35.281615353999896, -9.127245884999979 ], [ -35.282000858999901, -9.127644741999969 ], [ -35.282611984, -9.12835566799993 ], [ -35.283089516, -9.128960119999929 ], [ -35.283507782, -9.12969453599993 ], [ -35.283803473, -9.130325380999979 ], [ -35.284202487, -9.13105932599996 ], [ -35.2844843029999, -9.131592354999951 ], [ -35.284693913999902, -9.132046497999969 ], [ -35.284807072, -9.13244079099996 ], [ -35.284896392, -9.132771359999939 ], [ -35.284974621999901, -9.133120103999939 ], [ -35.28504478, -9.13344918399997 ], [ -35.285124932, -9.13395513299997 ], [ -35.285170005999902, -9.13429654199996 ], [ -35.285218922999903, -9.13461294799993 ], [ -35.285299043, -9.134938046999929 ], [ -35.285361359, -9.13512374299995 ], [ -35.285450532, -9.135335322999939 ], [ -35.285525483, -9.13566477699993 ], [ -35.285552, -9.13587624399997 ], [ -35.285618613999901, -9.13612890099995 ], [ -35.285724686, -9.13637034899995 ], [ -35.285841242999901, -9.136722071999939 ], [ -35.285983411, -9.13717573099996 ], [ -35.286019245, -9.13733081099997 ], [ -35.286103136, -9.13760860799994 ], [ -35.286279706999899, -9.13799355399993 ], [ -35.286347411999898, -9.138292972999979 ], [ -35.286382492, -9.13845751599996 ], [ -35.286488187, -9.13870369599994 ], [ -35.286594146, -9.139007005999931 ], [ -35.286761025, -9.139453068999959 ], [ -35.28682085, -9.139790863999959 ], [ -35.286880147, -9.14001439599997 ], [ -35.286944235, -9.14023830099995 ], [ -35.287006813999902, -9.140481125999941 ], [ -35.287055775999903, -9.140713372999929 ], [ -35.2870877249999, -9.14097761199997 ], [ -35.287150467999901, -9.141278845999979 ], [ -35.287132095999901, -9.14144874999994 ], [ -35.287137301, -9.14162524499994 ], [ -35.287153858999901, -9.141840695999971 ], [ -35.287160195999903, -9.14200300099998 ], [ -35.287178641, -9.14219480299994 ], [ -35.287202517, -9.14243937699996 ], [ -35.287243670999899, -9.14270909099997 ], [ -35.287257537, -9.142897921999969 ], [ -35.287252781999896, -9.143078402999951 ], [ -35.287252591, -9.14338297899997 ], [ -35.287244705, -9.143663158999971 ], [ -35.2872110919999, -9.143903264999951 ], [ -35.287162088999899, -9.144094582999969 ], [ -35.287139303999901, -9.144259382999961 ], [ -35.287097996999897, -9.14447509399997 ], [ -35.287078508825317, -9.144560941356254 ], [ -35.287038544999945, -9.144736985999966 ], [ -35.286999847999937, -9.144888067999943 ], [ -35.286989541999972, -9.144928302999986 ], [ -35.286978110999918, -9.14513205899997 ], [ -35.286922317999917, -9.145408513999929 ], [ -35.286893063999983, -9.14559402 ], [ -35.286863336999922, -9.145724967 ], [ -35.286835759999953, -9.145889395999927 ], [ -35.286773779999976, -9.146122537999943 ], [ -35.286746579999942, -9.146282237000012 ], [ -35.286678413999901, -9.146472064 ], [ -35.286582143999929, -9.146712057999959 ], [ -35.286467842999976, -9.146936371999956 ], [ -35.28632404199989, -9.147167909999929 ], [ -35.286186163999936, -9.147385631 ], [ -35.286137461, -9.14757319699989 ], [ -35.28604798099996, -9.147728054999913 ], [ -35.285946277999983, -9.147915275999949 ], [ -35.285804651283826, -9.148128382273571 ], [ -35.285792894999901, -9.148146071999969 ], [ -35.2857199379999, -9.14833552699997 ], [ -35.285592017999903, -9.148549263999939 ], [ -35.285537355, -9.148811528999939 ], [ -35.285469829, -9.14905375699993 ], [ -35.285383893999899, -9.149285034999931 ], [ -35.285333758, -9.149490540999979 ], [ -35.285251482, -9.14973638099997 ], [ -35.285239294999897, -9.14994959699993 ], [ -35.285172786, -9.15023949599993 ], [ -35.285181912, -9.150487682999939 ], [ -35.28520692, -9.150718068999939 ], [ -35.285311108, -9.150983166999939 ], [ -35.285314766999903, -9.150997728999929 ], [ -35.285395378, -9.15125623499995 ], [ -35.285537231, -9.15153850599995 ], [ -35.285731692999903, -9.151820139999931 ], [ -35.285888203999903, -9.152094063999931 ], [ -35.2860943969999, -9.15240992299994 ], [ -35.286254944999897, -9.152693678999981 ], [ -35.286352307999898, -9.152863059999961 ], [ -35.286476906, -9.15305359599995 ], [ -35.286609013, -9.153238128999931 ], [ -35.2866612239999, -9.15330881899996 ], [ -35.286728712999903, -9.153490159999929 ], [ -35.286837546999898, -9.153636640999929 ], [ -35.286860520999902, -9.15377168699996 ], [ -35.286881609, -9.15393038199994 ], [ -35.286919597999898, -9.154118945999929 ], [ -35.286932234999902, -9.154262704999949 ], [ -35.287022658999902, -9.15439823499997 ], [ -35.287084428, -9.15452879299994 ], [ -35.287092787999903, -9.154546462999971 ], [ -35.287146392999901, -9.154660093999951 ], [ -35.2871815889999, -9.154762772999961 ], [ -35.287276426999902, -9.154903402999929 ], [ -35.287417022999897, -9.15501427699996 ], [ -35.287468148, -9.155043312999959 ], [ -35.287601491, -9.15511904299996 ], [ -35.287746123, -9.15523974799993 ], [ -35.287967296, -9.155428272999931 ], [ -35.288093783, -9.15559515899997 ], [ -35.288204879, -9.155713255999959 ], [ -35.288284701, -9.155800367999969 ], [ -35.288383951999897, -9.15594609899995 ], [ -35.28851523, -9.156113357999971 ], [ -35.288624766999902, -9.15621706599995 ], [ -35.288690485, -9.15636019299995 ], [ -35.288831840999897, -9.15646160599994 ], [ -35.288979761999897, -9.156601603999951 ], [ -35.289198793, -9.15675664699995 ], [ -35.289404318, -9.156839251999941 ], [ -35.289486990999897, -9.15690824599994 ], [ -35.289548954999901, -9.15695995699997 ], [ -35.289746405, -9.15702289699993 ], [ -35.289952797, -9.157034179999931 ], [ -35.290210116, -9.15701134699998 ], [ -35.290414102644462, -9.156985822585378 ], [ -35.290468187999942, -9.156979055 ], [ -35.290699133999951, -9.156863746999964 ], [ -35.290872212999972, -9.156748702999948 ], [ -35.291030916999958, -9.156632539999929 ], [ -35.291205124999983, -9.156503304999983 ], [ -35.291369260999979, -9.156439915999979 ], [ -35.291588246999979, -9.156414103999975 ], [ -35.291851368999986, -9.156439315999929 ], [ -35.292018467999959, -9.156442795999951 ], [ -35.292315517999931, -9.156465882999907 ], [ -35.292650895999969, -9.156491949999932 ], [ -35.29308774999997, -9.156454514999943 ], [ -35.293409502999943, -9.156470003999981 ], [ -35.293750530999915, -9.156425119999909 ], [ -35.294001281999968, -9.156363702999979 ], [ -35.294061871999922, -9.156337042999905 ], [ -35.294231094999887, -9.156262584999961 ], [ -35.294250145999953, -9.156252729999945 ], [ -35.29440707599997, -9.156171559999979 ], [ -35.294558423999973, -9.156047545999932 ], [ -35.294577516999951, -9.15603190099997 ], [ -35.294592750999968, -9.156019419999915 ], [ -35.294740474999934, -9.155859570999922 ], [ -35.294872693999949, -9.155712793999946 ], [ -35.294907720999916, -9.15567395999993 ], [ -35.294989029999982, -9.155583818999933 ], [ -35.295070040999938, -9.155534731999957 ], [ -35.295075314999927, -9.155533946999981 ], [ -35.295189992, -9.155516884 ], [ -35.295269429, -9.15552308599997 ], [ -35.295374958999943, -9.15554765099996 ], [ -35.295471423000016, -9.155580111999893 ], [ -35.295511841999897, -9.155593712999952 ], [ -35.295656080999933, -9.155638253999907 ], [ -35.295665160999974, -9.155641057999961 ], [ -35.295742138999948, -9.155712376999912 ], [ -35.295792514999938, -9.15580610999994 ], [ -35.295830633999984, -9.155915213 ], [ -35.295831486999965, -9.15600780099993 ], [ -35.295795353999907, -9.156149205 ], [ -35.295777135, -9.156259371999962 ], [ -35.295770978999933, -9.156296598999933 ], [ -35.295740653999914, -9.156555996 ], [ -35.295706934999963, -9.156857962999929 ], [ -35.295682195999959, -9.157289125999988 ], [ -35.295614658999966, -9.157619601999976 ], [ -35.295575058999887, -9.158087032999926 ], [ -35.295509718, -9.158536892999933 ], [ -35.295297048999977, -9.159092341999973 ], [ -35.295130520999969, -9.159493637999958 ], [ -35.295029559999961, -9.159770565999956 ], [ -35.294982767, -9.16011733999996 ], [ -35.295039239999966, -9.160851172999926 ], [ -35.295108408872444, -9.161173680281676 ], [ -35.295192132999901, -9.16156405299995 ], [ -35.295251078, -9.162083972999939 ], [ -35.2954034219999, -9.162765819999951 ], [ -35.295516477, -9.163521847999959 ], [ -35.295578102, -9.16416508299994 ], [ -35.295595734, -9.16434912199998 ], [ -35.295602478, -9.16441951199994 ], [ -35.295592815, -9.16448544599996 ], [ -35.295539087999899, -9.16485204799994 ], [ -35.295508211, -9.165062740999931 ], [ -35.295417761, -9.16601740099998 ], [ -35.295279326999903, -9.16685519399994 ], [ -35.295118809, -9.16779026999995 ], [ -35.29504164, -9.16857835399998 ], [ -35.2950444579999, -9.169441270999929 ], [ -35.295030981, -9.17015923199995 ], [ -35.2951238549999, -9.170960691999939 ], [ -35.294977817, -9.171124387999949 ], [ -35.294935073, -9.17117229999997 ], [ -35.294821962, -9.17133321999995 ], [ -35.294968153, -9.171655715999981 ], [ -35.295138286999901, -9.17197200199996 ], [ -35.295142819, -9.17198042599995 ], [ -35.295396185, -9.17239610699994 ], [ -35.295856175, -9.172915471999939 ], [ -35.2958789589999, -9.172947022999949 ], [ -35.296527039999901, -9.173844465999929 ], [ -35.297024812, -9.17478828499998 ], [ -35.297385026, -9.17548098199995 ], [ -35.297964068999903, -9.177099571999969 ], [ -35.298334215, -9.17827271099998 ], [ -35.298762536, -9.179571538999941 ], [ -35.299057333999897, -9.18032146499996 ], [ -35.299626759, -9.181694489999931 ], [ -35.299966701, -9.182512092999961 ], [ -35.300153172, -9.18296057799995 ], [ -35.300532496, -9.18367668499997 ], [ -35.301021006, -9.184562830999941 ], [ -35.301329234, -9.18514054299993 ], [ -35.301448147, -9.185363422999959 ], [ -35.301875289, -9.18616401299994 ], [ -35.302264971999897, -9.186921300999931 ], [ -35.302619142, -9.187561019999981 ], [ -35.302849125, -9.18797642699997 ], [ -35.303585585, -9.189003 ], [ -35.303643916999903, -9.189064099999939 ], [ -35.304529642, -9.18999185699994 ], [ -35.304979504, -9.19061101099993 ], [ -35.305484033, -9.19129643799994 ], [ -35.306027093999901, -9.19201178599997 ], [ -35.306477039, -9.192576594999929 ], [ -35.307122144999902, -9.193380656999979 ], [ -35.307434343, -9.193741490999971 ], [ -35.307685992, -9.19403234299995 ], [ -35.307709077, -9.194059022999969 ], [ -35.308158953, -9.19440362199998 ], [ -35.308528123, -9.19456704199996 ], [ -35.309081105, -9.194811828999949 ], [ -35.3099743289999, -9.19506968999997 ], [ -35.310916445, -9.195398661999951 ], [ -35.311869234, -9.19559382799997 ], [ -35.312616664, -9.195858065999969 ], [ -35.312681106, -9.195880847999939 ], [ -35.313443073, -9.196018064999979 ], [ -35.313864338, -9.196093927999931 ], [ -35.315780275, -9.196525459999981 ], [ -35.3168276379999, -9.19690298799998 ], [ -35.317649596, -9.19737071199995 ], [ -35.318109374, -9.197702565999981 ], [ -35.318255747, -9.197808213999959 ], [ -35.318608624, -9.19817219499993 ], [ -35.3192315329999, -9.198570601999959 ], [ -35.319745763, -9.199003025999961 ], [ -35.319750939, -9.199009773999929 ], [ -35.320062999, -9.19941659399996 ], [ -35.320414146, -9.199988675999981 ], [ -35.321080315, -9.201359363999931 ], [ -35.321425669, -9.201991979999949 ], [ -35.321881932999901, -9.202939688999949 ], [ -35.3225754589999, -9.204182847999959 ], [ -35.323021276, -9.20509257899994 ], [ -35.323292578, -9.205585251999929 ], [ -35.323331074999899, -9.205655161999969 ], [ -35.323522383, -9.206068426999931 ], [ -35.323621987, -9.206283591999981 ], [ -35.323921122999899, -9.20697997399998 ], [ -35.324102458, -9.207560900999971 ], [ -35.324181876999901, -9.20781532899997 ], [ -35.324322321999901, -9.208620580999931 ], [ -35.32436315, -9.20913535999995 ], [ -35.324356152, -9.209565644999939 ], [ -35.324349501, -9.20970454299993 ], [ -35.324335597999898, -9.209994875999939 ], [ -35.324401733999899, -9.210210094999979 ], [ -35.324433079999899, -9.21031209899996 ], [ -35.324480604, -9.21057158999997 ], [ -35.324695818999899, -9.210951804999979 ], [ -35.325200722, -9.211462209999979 ], [ -35.325809768999903, -9.212069352999951 ], [ -35.325845136999902, -9.212104610999971 ], [ -35.325856578999897, -9.21212285699994 ], [ -35.326244494, -9.212741450999941 ], [ -35.326726418, -9.213631729999969 ], [ -35.327290349, -9.214476010999929 ], [ -35.327713385, -9.21533014599993 ], [ -35.327876237999902, -9.215854407999929 ], [ -35.328087056999898, -9.21678026999996 ], [ -35.328088454, -9.216786403999951 ], [ -35.328267987999901, -9.217562139999931 ], [ -35.328459183999897, -9.218313734999979 ], [ -35.328813705999899, -9.21898338099993 ], [ -35.329091854, -9.21977237899995 ], [ -35.329272554999903, -9.22041416899998 ], [ -35.329452160999899, -9.22089934299993 ], [ -35.329674564999898, -9.22136090699996 ], [ -35.330069701999903, -9.22205129199995 ], [ -35.330470164, -9.222674765999949 ], [ -35.3309416, -9.22326335299994 ], [ -35.331267411999903, -9.223625221999949 ], [ -35.3316214009999, -9.22397581199994 ], [ -35.3318348, -9.22420778399993 ], [ -35.332337901, -9.22456994399994 ], [ -35.332849229, -9.225000054999949 ], [ -35.333391929999898, -9.225378745999929 ], [ -35.333859689, -9.22567084299993 ], [ -35.334297141, -9.22600097499998 ], [ -35.334670011, -9.22628570699993 ], [ -35.335093908, -9.22661478699996 ], [ -35.335443633, -9.22701889099994 ], [ -35.335969586, -9.22743666899993 ], [ -35.336388159, -9.227832651999959 ], [ -35.336994387999901, -9.22827012399995 ], [ -35.337561019, -9.228691061999941 ], [ -35.337980113, -9.228888324999961 ], [ -35.338142488, -9.22888530299997 ], [ -35.338175490691846, -9.228874096422999 ], [ -35.338290856999969, -9.228834922 ], [ -35.338386050999944, -9.228743229999967 ], [ -35.338494044999905, -9.228726867999946 ], [ -35.338697394999947, -9.228773686999912 ], [ -35.338861847999965, -9.228836057999921 ], [ -35.338978212, -9.228950430999969 ], [ -35.339091558999961, -9.229047629999929 ], [ -35.339113285999893, -9.229066261999961 ], [ -35.339183529999936, -9.229208012999965 ], [ -35.339303175999888, -9.229359808 ], [ -35.339341251999926, -9.229511439999936 ], [ -35.339352411999961, -9.22968575299997 ], [ -35.339269362000017, -9.229939444999911 ], [ -35.339238144848515, -9.229973201965196 ], [ -35.339173183999897, -9.23004344799995 ], [ -35.339075363999903, -9.23024643399998 ], [ -35.339037225, -9.23057937599998 ], [ -35.339053129, -9.23068685299995 ], [ -35.339081754999903, -9.23088029699994 ], [ -35.339111304, -9.231369350999961 ], [ -35.339081268, -9.23197833699993 ], [ -35.338953640999897, -9.23231711899996 ], [ -35.338744846999901, -9.232530778999941 ], [ -35.33844319, -9.23253441799994 ], [ -35.338088144, -9.232520392999961 ], [ -35.337938087999902, -9.23268452499997 ], [ -35.337982914999898, -9.232809692999981 ], [ -35.338301397999899, -9.232766795999961 ], [ -35.338520299, -9.232770258999951 ], [ -35.3388112559999, -9.232901 ], [ -35.339262376, -9.233084730999961 ], [ -35.339611001, -9.233179382999939 ], [ -35.339852852, -9.233238707999931 ], [ -35.340043158, -9.233429245999959 ], [ -35.340324487, -9.23368092899995 ], [ -35.340652807, -9.23386839799997 ], [ -35.341199635, -9.23447056599997 ], [ -35.341554298999903, -9.23488033899997 ], [ -35.341851812999899, -9.23531297699998 ], [ -35.34219675, -9.23584484899993 ], [ -35.342427686999898, -9.23624500999995 ], [ -35.342639477, -9.236711938999971 ], [ -35.342755039999901, -9.23717139899998 ], [ -35.342944439, -9.237745796999951 ], [ -35.343239484, -9.23838299099998 ], [ -35.343615922, -9.239040146999971 ], [ -35.343958143, -9.23962223499996 ], [ -35.344527135, -9.240428536999961 ], [ -35.344793527, -9.240806898999949 ], [ -35.345148965, -9.241278147999941 ], [ -35.345467789999901, -9.24162866299997 ], [ -35.3457800629999, -9.241971974999959 ], [ -35.346373807, -9.242604587999949 ], [ -35.346858219, -9.243015171999961 ], [ -35.347432398, -9.24365329199998 ], [ -35.347787614, -9.24413099699996 ], [ -35.347926105999903, -9.24431724599998 ], [ -35.348494476, -9.245318201999959 ], [ -35.348814273, -9.24616232799997 ], [ -35.349156740999902, -9.24702785199997 ], [ -35.34923816, -9.24723362199995 ], [ -35.349454298999902, -9.24783712999994 ], [ -35.349931646999899, -9.24847836699996 ], [ -35.350116021, -9.24872604199993 ], [ -35.350206408, -9.248852074999951 ], [ -35.350480998, -9.249234949999961 ], [ -35.350867185, -9.24976999499995 ], [ -35.351320466999901, -9.25034953999995 ], [ -35.351558467, -9.25070992599996 ], [ -35.351990149999899, -9.25133108799997 ], [ -35.352376982, -9.25186287299994 ], [ -35.352879995, -9.252660639999929 ], [ -35.353397667, -9.253629066999959 ], [ -35.353818667, -9.25461122099995 ], [ -35.3541129339999, -9.25521180299995 ], [ -35.354420997, -9.25568620999996 ], [ -35.3547087869999, -9.25608955799993 ], [ -35.354781886999902, -9.256192010999939 ], [ -35.355307450999902, -9.256888047999951 ], [ -35.355684236999899, -9.257367765999961 ], [ -35.356192012, -9.257939543999949 ], [ -35.35661111, -9.258408881999969 ], [ -35.357262531999901, -9.25908734499995 ], [ -35.357404229999901, -9.25922112199993 ], [ -35.358021161, -9.259803566999951 ], [ -35.35803443, -9.259816093999969 ], [ -35.3588569899999, -9.260603366999931 ], [ -35.359386185999902, -9.26112230799993 ], [ -35.359555706, -9.26128678499998 ], [ -35.360001406, -9.261719224999981 ], [ -35.360529180999897, -9.26236703399996 ], [ -35.360875296, -9.26257905499995 ], [ -35.361214193, -9.262880794999941 ], [ -35.361592604999899, -9.26319381599995 ], [ -35.361778593999901, -9.263410811999959 ], [ -35.361996895999901, -9.26365940199997 ], [ -35.362255639999901, -9.263884222999931 ], [ -35.362473141999899, -9.264105846999939 ], [ -35.362793062, -9.264430966999949 ], [ -35.363164729999902, -9.264801048999971 ], [ -35.363561730999898, -9.265200395999949 ], [ -35.363980828, -9.265669709999941 ], [ -35.36432093, -9.266112058999971 ], [ -35.364771609999899, -9.26670671399995 ], [ -35.365140876999902, -9.267281398999961 ], [ -35.365511217999902, -9.26784250999998 ], [ -35.365962962, -9.268423576999959 ], [ -35.366422256, -9.26890966499997 ], [ -35.366926822, -9.26952211899993 ], [ -35.367406047, -9.27010530199993 ], [ -35.367948892999898, -9.270584203999929 ], [ -35.368450494999898, -9.271059906999939 ], [ -35.3690516529999, -9.271444279999971 ], [ -35.369427351, -9.271747159999959 ], [ -35.369889278999899, -9.27211952599993 ], [ -35.370122683, -9.272333716999981 ], [ -35.370270653, -9.272522813999959 ], [ -35.370491844999897, -9.27274481499995 ], [ -35.370612186, -9.272854830999959 ], [ -35.370753903, -9.273035645999929 ], [ -35.370877895, -9.273173362999961 ], [ -35.371056182, -9.27334810999997 ], [ -35.371219919999902, -9.273521913999961 ], [ -35.371530048, -9.273760974999959 ], [ -35.371738539, -9.274012677999959 ], [ -35.371927732, -9.27429166099995 ], [ -35.37216166, -9.27469175799996 ], [ -35.372411475, -9.275229450999969 ], [ -35.372573303, -9.275558046999951 ], [ -35.373178206, -9.276670870999959 ], [ -35.374057025999903, -9.277596815999971 ], [ -35.374486761999897, -9.27798117699996 ], [ -35.374516534999898, -9.27800780599995 ], [ -35.374907495999899, -9.278316682999961 ], [ -35.375352027, -9.27861401699994 ], [ -35.375879072, -9.279008163999951 ], [ -35.3762843109999, -9.27940704099996 ], [ -35.376630145, -9.27965559399996 ], [ -35.377127604999899, -9.279922923999949 ], [ -35.377503224, -9.28015899799993 ], [ -35.377897914, -9.280358495999961 ], [ -35.378322695, -9.28059502099995 ], [ -35.378898483999897, -9.280865886999949 ], [ -35.379361709, -9.28109289199995 ], [ -35.3798403609999, -9.281310947999939 ], [ -35.380593421, -9.281723211999971 ], [ -35.381435839999902, -9.282131500999981 ], [ -35.381887424, -9.28231135199997 ], [ -35.382269778, -9.282462684999929 ], [ -35.382675194999898, -9.28256835199994 ], [ -35.383001471999897, -9.282757680999961 ], [ -35.383286085, -9.28297393399993 ], [ -35.38358195, -9.283253351999971 ], [ -35.38388524, -9.28357077499993 ], [ -35.384140062, -9.283847265999951 ], [ -35.384408615, -9.284068994999931 ], [ -35.384683703, -9.28434163299994 ], [ -35.384889514, -9.284541400999959 ], [ -35.385162749, -9.284764295999929 ], [ -35.3854631949999, -9.28501972899994 ], [ -35.385703857, -9.28520385499996 ], [ -35.385929260999902, -9.285387066999929 ], [ -35.3862681969999, -9.285669681999931 ], [ -35.386539877, -9.28596193599998 ], [ -35.386756821999903, -9.28622462099997 ], [ -35.386788330999899, -9.286262772999979 ], [ -35.386804852, -9.28628277699994 ], [ -35.387124542, -9.286785318999931 ], [ -35.3873584359999, -9.28712841299995 ], [ -35.38740946, -9.28720325899997 ], [ -35.387412657, -9.28721323599996 ], [ -35.387597865, -9.287791191999929 ], [ -35.3876605889999, -9.28804042199994 ], [ -35.387755538, -9.28841769999997 ], [ -35.387898185, -9.288937466999929 ], [ -35.388024457, -9.289537474999969 ], [ -35.388224145, -9.290104538999969 ], [ -35.388317104999899, -9.29041833499997 ], [ -35.388417344999901, -9.29055264999994 ], [ -35.388733545, -9.29085764999996 ], [ -35.38921963, -9.29121696399994 ], [ -35.389704835, -9.29156897099995 ], [ -35.389789596999897, -9.29167460599996 ], [ -35.389885094, -9.29179361899998 ], [ -35.390001304, -9.292033138999949 ], [ -35.390093131999897, -9.29227708999997 ], [ -35.390217284999899, -9.292325203999949 ], [ -35.3903915879999, -9.29228527499993 ], [ -35.390594947999901, -9.29224156499993 ], [ -35.390750845999897, -9.29227725099997 ], [ -35.391019571, -9.29235749399993 ], [ -35.391265231, -9.29250114299998 ], [ -35.391477193, -9.29265275299997 ], [ -35.391820966999902, -9.292811170999929 ], [ -35.392197266, -9.29303170399993 ], [ -35.392240641999898, -9.29305712499996 ], [ -35.392678234, -9.293267914999941 ], [ -35.392811534, -9.29331904999998 ], [ -35.392948433999898, -9.29337156599996 ], [ -35.393225351, -9.293446401999971 ], [ -35.3934631119999, -9.29358766799993 ], [ -35.393629975, -9.29375074699993 ], [ -35.393805194, -9.29398272699996 ], [ -35.393921105999901, -9.294264719999941 ], [ -35.394070713, -9.294644876999939 ], [ -35.394231638, -9.295230674999971 ], [ -35.394409003, -9.29613171699998 ], [ -35.394586911, -9.296677876999979 ], [ -35.394748107999902, -9.29708623499994 ], [ -35.395087191999899, -9.298137719999939 ], [ -35.395162711, -9.29871341199993 ], [ -35.395233772973697, -9.299433419665235 ], [ -35.395238617999972, -9.299482509999955 ], [ -35.395283815060644, -9.300040021270817 ], [ -35.395295820999898, -9.30018811599996 ], [ -35.395366231, -9.300496064999949 ], [ -35.39538923, -9.30059665599993 ], [ -35.395429277999902, -9.30077181199994 ], [ -35.395633635, -9.30133369099997 ], [ -35.396019959999897, -9.30186869899995 ], [ -35.396379051999901, -9.302224128999971 ], [ -35.396883986, -9.302659102999939 ], [ -35.397308074, -9.303081673999939 ], [ -35.397705669999901, -9.30335028499996 ], [ -35.398362614999897, -9.303712532999951 ], [ -35.399104974999901, -9.30406648299993 ], [ -35.3997266289999, -9.304468408999981 ], [ -35.400951286, -9.30498959799996 ], [ -35.4015333749999, -9.30516812699994 ], [ -35.4016188169999, -9.30519433199993 ], [ -35.401781776, -9.30524431299995 ], [ -35.402841794, -9.305707029999949 ], [ -35.402965144999897, -9.30574030999998 ], [ -35.404804648, -9.30623661899995 ], [ -35.406297738, -9.306748751999979 ], [ -35.407195477, -9.30702757499995 ], [ -35.407887758, -9.307367807999981 ], [ -35.408316711999902, -9.307692460999929 ], [ -35.408680171, -9.307993627999959 ], [ -35.408764534999897, -9.30805975099997 ], [ -35.409279274, -9.30846319699998 ], [ -35.409817161, -9.308832459999961 ], [ -35.410234526, -9.30915143699997 ], [ -35.410965711, -9.30969946299996 ], [ -35.4117486499999, -9.31029243799998 ], [ -35.412683635999898, -9.311060978999929 ], [ -35.412962874456113, -9.311321253746453 ], [ -35.413082915999908, -9.311433142999945 ], [ -35.413524518999942, -9.311794927999948 ], [ -35.413875526999945, -9.312213523999944 ], [ -35.414366234999953, -9.312627597999921 ], [ -35.414776295999957, -9.312924432999967 ], [ -35.415137398999903, -9.313298317 ], [ -35.415315151999955, -9.313487150999986 ], [ -35.415456624999933, -9.313637443999898 ], [ -35.415477593999981, -9.313645410999936 ], [ -35.415804353999931, -9.31390054 ], [ -35.415847953999986, -9.313939172999905 ], [ -35.416317523999936, -9.314144887999962 ], [ -35.416557595, -9.31415798499998 ], [ -35.416851565999892, -9.314270058999927 ], [ -35.417206478999944, -9.314408652999937 ], [ -35.417511465999958, -9.314464418999933 ], [ -35.417995160999922, -9.31466380199991 ], [ -35.418465846999965, -9.31476639099996 ], [ -35.418688052999961, -9.314757486999934 ], [ -35.418941871999913, -9.314679473999963 ], [ -35.419131209999946, -9.314664863 ], [ -35.419187239999964, -9.314683403999933 ], [ -35.419246997999934, -9.31470317799997 ], [ -35.419448272999979, -9.314787226999908 ], [ -35.419566929999938, -9.314913723999982 ], [ -35.419649067999984, -9.315015536999969 ], [ -35.419693106999901, -9.315070124999956 ], [ -35.419767743999948, -9.315251840999981 ], [ -35.419840830999952, -9.315452981999925 ], [ -35.419863154999938, -9.315669726999918 ], [ -35.419877961999916, -9.315856567999923 ], [ -35.419908578999966, -9.316093503999987 ], [ -35.419908893, -9.316337857999955 ], [ -35.419876487999971, -9.316454860999954 ], [ -35.419853249, -9.316538770999969 ], [ -35.419790862, -9.316700069 ], [ -35.419711888999942, -9.316820984999961 ], [ -35.41952581, -9.31705594299995 ], [ -35.419241949999964, -9.317320664 ], [ -35.418819520999918, -9.317588316999945 ], [ -35.418277399, -9.31796956999996 ], [ -35.417923711999961, -9.318242537999897 ], [ -35.417509895999913, -9.318401642999916 ], [ -35.417171289999963, -9.318484657999946 ], [ -35.41715414899997, -9.318485258999907 ], [ -35.416685747999935, -9.318501699999935 ], [ -35.416421274, -9.318522192999943 ], [ -35.41619266, -9.318613715999966 ], [ -35.415990466999965, -9.318720934999956 ], [ -35.415774524999946, -9.318827089999946 ], [ -35.415749888999954, -9.31884300499993 ], [ -35.415453712999962, -9.319034340999952 ], [ -35.41522375999994, -9.319316878999881 ], [ -35.415019150999974, -9.319628679999923 ], [ -35.414925617999963, -9.319935422 ], [ -35.414875489999901, -9.320218219999941 ], [ -35.415025370267188, -9.320568875881648 ], [ -35.415050489, -9.32062764299997 ], [ -35.415340480999902, -9.320888540999929 ], [ -35.415399105999903, -9.32094128599994 ], [ -35.415438210871784, -9.320964514681084 ], [ -35.415778904366221, -9.321166889991277 ], [ -35.415927544999903, -9.32125518399994 ], [ -35.416437674, -9.321450695999941 ], [ -35.417071233999899, -9.321486058999939 ], [ -35.417926936, -9.32151130199998 ], [ -35.418781552, -9.32155010799994 ], [ -35.419289198999898, -9.32160302499994 ], [ -35.420143806999903, -9.32164182299994 ], [ -35.420832344, -9.321681422999969 ], [ -35.421643543999899, -9.321744157999939 ], [ -35.422416728, -9.32176299599996 ], [ -35.423406668, -9.32183954299995 ], [ -35.424383938999902, -9.32190145399994 ], [ -35.425274409999901, -9.32201125199998 ], [ -35.425914530999897, -9.32212884599994 ], [ -35.426776517999897, -9.322250127999951 ], [ -35.4276447, -9.32246744299994 ], [ -35.4284060969999, -9.322635539999959 ], [ -35.429054252999897, -9.32283582799994 ], [ -35.429931839999902, -9.323108457999981 ], [ -35.431045061, -9.323549462999949 ], [ -35.4321264619999, -9.32404259899994 ], [ -35.432892694, -9.32449770999995 ], [ -35.433978135, -9.325114 ], [ -35.434880526, -9.32577073499994 ], [ -35.43592662, -9.326534127999929 ], [ -35.436883762, -9.327372545999941 ], [ -35.437840418, -9.32830117499998 ], [ -35.438749292999901, -9.329473280999929 ], [ -35.4390632819999, -9.33010296599997 ], [ -35.439294898999897, -9.330782838999941 ], [ -35.439335559, -9.330837051999939 ], [ -35.4394713619999, -9.33157680099993 ], [ -35.439470533, -9.331593521999929 ], [ -35.439524795999901, -9.33200876499996 ], [ -35.43953135, -9.332398111999961 ], [ -35.439492945, -9.33275148199994 ], [ -35.439537857999902, -9.333142223999969 ], [ -35.439613697, -9.333443308999961 ], [ -35.4396340119999, -9.333711191999949 ], [ -35.439871202999903, -9.33408656199998 ], [ -35.439881704, -9.33471507099995 ], [ -35.439908981, -9.334789207999959 ], [ -35.440041772, -9.335150136999969 ], [ -35.440138958, -9.335645788999949 ], [ -35.440172167999897, -9.33576832199998 ], [ -35.440239178999903, -9.33601556899993 ], [ -35.440289493, -9.336201207999981 ], [ -35.44034556, -9.337100281999939 ], [ -35.440411087, -9.33788904699998 ], [ -35.440411473, -9.33789368699996 ], [ -35.440436174999903, -9.337937446999939 ], [ -35.440912464999897, -9.338781184999959 ], [ -35.441162033999902, -9.33898872899994 ], [ -35.441177377, -9.339001487999949 ], [ -35.441450877, -9.33908403799995 ], [ -35.441739852, -9.33906164299998 ], [ -35.441944946, -9.339048700999969 ], [ -35.441976860999901, -9.33904668699995 ], [ -35.442151367, -9.33909039199995 ], [ -35.442342492, -9.33917449199993 ], [ -35.442522220999898, -9.339253630999959 ], [ -35.442791450999898, -9.33947461599996 ], [ -35.443053045999903, -9.33971001799995 ], [ -35.443154449, -9.339807018999981 ], [ -35.443247761999899, -9.33989627899996 ], [ -35.443389864, -9.34003122199994 ], [ -35.443553988, -9.340093903999961 ], [ -35.443694958, -9.34015510399996 ], [ -35.443896047, -9.34021912299994 ], [ -35.44417385, -9.34033001499995 ], [ -35.444599749, -9.34037606599998 ], [ -35.444925777, -9.34035110399998 ], [ -35.445228829, -9.340224297999949 ], [ -35.445240089, -9.34022353999995 ], [ -35.445618759, -9.340198077999959 ], [ -35.445775591, -9.340234509999959 ], [ -35.445915973, -9.34026712099995 ], [ -35.446405254999902, -9.34048520099998 ], [ -35.446777137, -9.34072419499995 ], [ -35.446859816, -9.34077733099997 ], [ -35.447492395, -9.341112912999961 ], [ -35.44784371, -9.341278588999961 ], [ -35.448196778, -9.341430128999949 ], [ -35.448497626999902, -9.34164215499993 ], [ -35.448596327, -9.34174064199993 ], [ -35.448703564, -9.341847647999939 ], [ -35.449049498, -9.341915153999929 ], [ -35.44938918, -9.341931201999961 ], [ -35.449707518, -9.341955795999979 ], [ -35.450255791, -9.341947178999931 ], [ -35.45114052, -9.34199513499993 ], [ -35.452261426999897, -9.34206133099997 ], [ -35.453205349, -9.34214443399998 ], [ -35.45410049, -9.34224310899998 ], [ -35.455059756, -9.34235212499993 ], [ -35.4559868219999, -9.34253260299994 ], [ -35.456524983999898, -9.34267029799997 ], [ -35.456993801, -9.342782955999949 ], [ -35.457724415, -9.34301667099993 ], [ -35.458442321999897, -9.34332474099995 ], [ -35.459102124, -9.34369810599998 ], [ -35.459730857, -9.34407543699996 ], [ -35.4604639309999, -9.34464812799996 ], [ -35.461198656, -9.34524458199996 ], [ -35.461811359, -9.34579474399993 ], [ -35.461937033, -9.34590759099996 ], [ -35.462707329, -9.346637323999969 ], [ -35.463227571999901, -9.34716017599993 ], [ -35.463427362999902, -9.347360969999951 ], [ -35.463656726999901, -9.347637320999979 ], [ -35.463746291999897, -9.34774523599998 ], [ -35.463868686, -9.34789270299996 ], [ -35.464115904, -9.348190565999969 ], [ -35.465048490999898, -9.349450316999929 ], [ -35.465235616, -9.349763568999951 ], [ -35.465591980999903, -9.35036013499996 ], [ -35.46608886, -9.351024695999969 ], [ -35.466434702999898, -9.35148725099998 ], [ -35.467374681, -9.35265239199998 ], [ -35.467989636, -9.35341814099996 ], [ -35.468616719, -9.354105368999971 ], [ -35.469356549999901, -9.354982780999929 ], [ -35.469872236999898, -9.35563773999996 ], [ -35.470536625, -9.356294992999951 ], [ -35.471945912, -9.35753307599998 ], [ -35.472491165, -9.35803312099995 ], [ -35.473290485999897, -9.358766169999971 ], [ -35.473587581999901, -9.359093903999961 ], [ -35.474310762999899, -9.359891666999941 ], [ -35.475323471, -9.36110174399994 ], [ -35.475918104, -9.361776493999971 ], [ -35.476505549, -9.362443088999949 ], [ -35.476949748, -9.36290078799993 ], [ -35.478184127, -9.36417268199995 ], [ -35.480442039, -9.366410053999971 ], [ -35.482209806, -9.368199635999931 ], [ -35.483427067, -9.36969099099997 ], [ -35.484733483999896, -9.37139640999993 ], [ -35.485842154999901, -9.372956519999949 ], [ -35.485915857999899, -9.373060233999979 ], [ -35.48596757, -9.37314517899995 ], [ -35.487892423999902, -9.376307041999951 ], [ -35.488632643, -9.377583581999939 ], [ -35.488930017, -9.37809641699994 ], [ -35.4907207689999, -9.38105456299996 ], [ -35.491125161, -9.38177680199993 ], [ -35.491377204017091, -9.382227159517845 ], [ -35.491453857999936, -9.382364126999985 ], [ -35.491771658999944, -9.382918648999947 ], [ -35.492096971999949, -9.383530397999937 ], [ -35.492198421, -9.383783255999987 ], [ -35.492432132999966, -9.384240742 ], [ -35.492594151856729, -9.384606968561188 ], [ -35.492748088, -9.38495492499993 ], [ -35.493231705, -9.38597210599994 ], [ -35.493722211, -9.38710679599996 ], [ -35.4938348109999, -9.387355182999951 ], [ -35.494031420999903, -9.387769851999961 ], [ -35.494261322999897, -9.38831698899997 ], [ -35.494373045, -9.38861058899994 ], [ -35.494587893999899, -9.389135864999959 ], [ -35.494847664, -9.389843759999961 ], [ -35.494978499999903, -9.39020275199994 ], [ -35.495120820999901, -9.39062122399997 ], [ -35.495306645, -9.39124024599994 ], [ -35.495462253, -9.39176361299997 ], [ -35.495652990999901, -9.39242285999995 ], [ -35.49569457, -9.392594770999951 ], [ -35.495742026, -9.39277954399995 ], [ -35.495781222999902, -9.392966341999969 ], [ -35.495857647, -9.393262546999949 ], [ -35.495874526, -9.393320286999939 ], [ -35.495946857, -9.39356772599996 ], [ -35.4960071799999, -9.39386268699997 ], [ -35.496083073, -9.394199593999931 ], [ -35.496115478, -9.39436988799997 ], [ -35.496151403999903, -9.39452979899994 ], [ -35.496167123, -9.39467217099997 ], [ -35.496190472, -9.394820458999961 ], [ -35.496207614999904, -9.394978920999961 ], [ -35.496236078, -9.39516488899994 ], [ -35.496253565, -9.39531896099993 ], [ -35.496256818056935, -9.395340019283259 ], [ -35.496278548999989, -9.395480691999989 ], [ -35.496308103999944, -9.395618803999959 ], [ -35.49631803599997, -9.395766056999975 ], [ -35.496335599, -9.395919224999947 ], [ -35.496345445999928, -9.396135717999918 ], [ -35.496383340999955, -9.396373017999924 ], [ -35.496396093999941, -9.396655024999987 ], [ -35.496407828999935, -9.396847694999941 ], [ -35.496413524999966, -9.397082511999919 ], [ -35.496416822999969, -9.397284975999973 ], [ -35.496418129, -9.397365185999949 ], [ -35.49643480099995, -9.397597733999916 ], [ -35.496444690999965, -9.397779607999954 ], [ -35.496441751, -9.397987125999983 ], [ -35.496422669000012, -9.39822802299993 ], [ -35.496421110999968, -9.39848625099998 ], [ -35.496402238, -9.398724500999975 ], [ -35.496394654, -9.398905358000018 ], [ -35.496393132999962, -9.398941653999913 ], [ -35.496388180999908, -9.399106402999955 ], [ -35.496369350999949, -9.399310031999928 ], [ -35.496349934999941, -9.399486981999914 ], [ -35.496338568999889, -9.399664552999951 ], [ -35.496315000999985, -9.399859825999943 ], [ -35.496299439999937, -9.40009033999992 ], [ -35.496276270999978, -9.400416894999939 ], [ -35.496232323999983, -9.400733112999902 ], [ -35.496220117999947, -9.400921271999927 ], [ -35.496171487000012, -9.401160298999987 ], [ -35.496126662999941, -9.401351269999978 ], [ -35.496106659999974, -9.401501540999977 ], [ -35.496058355999978, -9.401668272999917 ], [ -35.49600195999993, -9.401869005 ], [ -35.495947668999968, -9.402111275999978 ], [ -35.495918192000012, -9.402244836999927 ], [ -35.495880412, -9.402415044999977 ], [ -35.495837936999948, -9.402542275999934 ], [ -35.495807200999892, -9.402691718999954 ], [ -35.49578883299997, -9.40285543299991 ], [ -35.495756, -9.403031347999988 ], [ -35.495728785999972, -9.403170408999948 ], [ -35.49568916099998, -9.403329820999904 ], [ -35.495666430999968, -9.403514505 ], [ -35.495666239959725, -9.403515611875202 ], [ -35.495631499999902, -9.40371689299997 ], [ -35.495631074999899, -9.40389264399994 ], [ -35.4956213849999, -9.40404903699994 ], [ -35.495621211999897, -9.40418751999994 ], [ -35.495646163999901, -9.404367559999971 ], [ -35.495648886, -9.404503603999959 ], [ -35.495663137999898, -9.404664507999939 ], [ -35.495678438, -9.404812174999959 ], [ -35.495695957999899, -9.404999963999961 ], [ -35.495706772999903, -9.405102006999931 ], [ -35.495722448, -9.405279 ], [ -35.495752656, -9.40554517699996 ], [ -35.49575106, -9.405667570999981 ], [ -35.495775582, -9.405869216999969 ], [ -35.495803878999901, -9.40602321199998 ], [ -35.495848477, -9.406107698999961 ], [ -35.4959036939999, -9.40619452299995 ], [ -35.495949853999903, -9.406259339999959 ], [ -35.495969768, -9.40634876799993 ], [ -35.496012573, -9.40645594199998 ], [ -35.496064433999898, -9.40658511999993 ], [ -35.496107825, -9.406718971999959 ], [ -35.4961469409999, -9.40680455399996 ], [ -35.496196117999901, -9.406933524999941 ], [ -35.496217498, -9.40700437899994 ], [ -35.496250952, -9.407161435999971 ], [ -35.496276103999897, -9.407355140999931 ], [ -35.496284026, -9.40745962399996 ], [ -35.496302638, -9.40759955599998 ], [ -35.496339614, -9.40774622999993 ], [ -35.49639789, -9.407862585999959 ], [ -35.496448954, -9.407967731999969 ], [ -35.496496749, -9.408045991999931 ], [ -35.496524295, -9.408107190999941 ], [ -35.496561356, -9.40818462399994 ], [ -35.496580474, -9.40825001999997 ], [ -35.496627009999898, -9.408344163999971 ], [ -35.496658076, -9.40842912399995 ], [ -35.496671413999898, -9.40848603499995 ], [ -35.496689816999897, -9.40859374599995 ], [ -35.496705606, -9.408734470999949 ], [ -35.496696608, -9.40893307399995 ], [ -35.496703610999901, -9.409099693999959 ], [ -35.496720862, -9.409306962999951 ], [ -35.496756729, -9.40944923599994 ], [ -35.496841138, -9.41008999099995 ], [ -35.496947061, -9.41062296899997 ], [ -35.497058844, -9.410996962999951 ], [ -35.497202275999904, -9.41142769899994 ], [ -35.497461750999904, -9.41211625299997 ], [ -35.4976351371146, -9.412529798490574 ], [ -35.497637327999968, -9.412535023999933 ], [ -35.497818968999987, -9.41304726499995 ], [ -35.498013407, -9.413652869999964 ], [ -35.498291251999987, -9.414650845999937 ], [ -35.498444339999949, -9.415353539 ], [ -35.498550895999976, -9.415793558999983 ], [ -35.498603703999905, -9.415976994999973 ], [ -35.498700748999937, -9.416197056999973 ], [ -35.49882613399992, -9.416399374999926 ], [ -35.499016174999923, -9.416720576999946 ], [ -35.499125036999963, -9.416961480999895 ], [ -35.49929309, -9.417220233999988 ], [ -35.499554012000019, -9.417326709999916 ], [ -35.499848922999902, -9.417429161999955 ], [ -35.500039360999942, -9.417490344999955 ], [ -35.500233524999928, -9.417549304999948 ], [ -35.500393849999959, -9.41753334499996 ], [ -35.500549081000017, -9.417516349999975 ], [ -35.500685034999982, -9.417500256999976 ], [ -35.500787, -9.417488186999954 ], [ -35.500917307999927, -9.417458371999974 ], [ -35.501106283999931, -9.417453008999885 ], [ -35.501279782999987, -9.417473025999943 ], [ -35.501469283999946, -9.41746105899993 ], [ -35.501671124999952, -9.41746332999994 ], [ -35.501794634999953, -9.417519352999957 ], [ -35.501957780999952, -9.417585072999977 ], [ -35.502132850999963, -9.41758528 ], [ -35.502245172999928, -9.417527504999921 ], [ -35.502512470999932, -9.417462504999961 ], [ -35.502784839999904, -9.417432855 ], [ -35.503069988999961, -9.417404194999932 ], [ -35.503245884999949, -9.417455865999944 ], [ -35.503560343999943, -9.417543631999923 ], [ -35.503806896999919, -9.417676878999934 ], [ -35.503995312999962, -9.417894415 ], [ -35.504147398999933, -9.418083769999939 ], [ -35.504150064999976, -9.41809262099996 ], [ -35.504249111, -9.418421435999988 ], [ -35.504362599999979, -9.41877269899992 ], [ -35.504378610999971, -9.418927738999958 ], [ -35.504391650999892, -9.419054001999925 ], [ -35.504360817999917, -9.419279931999966 ], [ -35.504357549999916, -9.419482627999951 ], [ -35.5043037249999, -9.419609437999963 ], [ -35.504217180999937, -9.419729301999933 ], [ -35.504146073999912, -9.419796472999984 ], [ -35.504100943, -9.419836183999983 ], [ -35.504053038999942, -9.41986487899996 ], [ -35.504018720999944, -9.419860421999946 ], [ -35.503951367999967, -9.419835404999919 ], [ -35.50387729199997, -9.419826068999946 ], [ -35.503750333999946, -9.419816238999932 ], [ -35.503576547999955, -9.419851628999929 ], [ -35.503367464999975, -9.419964290999925 ], [ -35.503085736999935, -9.420170080999988 ], [ -35.502948946999894, -9.420304076999972 ], [ -35.502795072999952, -9.420433873999965 ], [ -35.502450091999918, -9.42066913299989 ], [ -35.501978542999986, -9.421019117999982 ], [ -35.501678909999974, -9.421176308999932 ], [ -35.501287780999938, -9.42133503199992 ], [ -35.501126872221292, -9.421370787903584 ], [ -35.500986596, -9.421401958999979 ], [ -35.500825054, -9.42142351499996 ], [ -35.500762312999903, -9.421431887999971 ], [ -35.500520729999899, -9.421460482999979 ], [ -35.500331721, -9.42148454499994 ], [ -35.500244955, -9.42142634699997 ], [ -35.500175286999898, -9.42126215199994 ], [ -35.500133664, -9.42101855999994 ], [ -35.500095621, -9.42083963199997 ], [ -35.500141103, -9.42064997299997 ], [ -35.500170904999898, -9.42049344499998 ], [ -35.500291462, -9.42039971599996 ], [ -35.500423978, -9.42031978799997 ], [ -35.500550749999903, -9.420312389999941 ], [ -35.50056152722312, -9.420313221317397 ], [ -35.500572373999901, -9.420314058 ], [ -35.500722798, -9.420282726999982 ], [ -35.500779156999954, -9.4201754649999 ], [ -35.500655832999968, -9.420084398999915 ], [ -35.50047317599995, -9.420083195999904 ], [ -35.500457445796556, -9.420089043223893 ], [ -35.5003297129999, -9.420136523999931 ], [ -35.500164218999899, -9.42024825199996 ], [ -35.500016023999898, -9.42036131299994 ], [ -35.499922700999903, -9.420495772999971 ], [ -35.499835999, -9.42065649999995 ], [ -35.499821466999897, -9.42083995999997 ], [ -35.499832209, -9.421033952999951 ], [ -35.499866265, -9.421208280999959 ], [ -35.499915590999898, -9.421409540999949 ], [ -35.499946404999903, -9.421514937999969 ], [ -35.500017763, -9.421657799999929 ], [ -35.500178658, -9.42176893199996 ], [ -35.500352528, -9.42188106399993 ], [ -35.500538966, -9.422054258999941 ], [ -35.500696889, -9.42214798999993 ], [ -35.500920259999901, -9.42228112199996 ], [ -35.501171059999898, -9.422456447999931 ], [ -35.501436539999901, -9.42266342399995 ], [ -35.501824321, -9.423018860999949 ], [ -35.502391202, -9.423500003999949 ], [ -35.50282014, -9.42394338399993 ], [ -35.503259496999902, -9.424425197999939 ], [ -35.503735842, -9.425007874999951 ], [ -35.504259219999902, -9.425604347999981 ], [ -35.504550282, -9.425984349999959 ], [ -35.504742846999903, -9.42628743899996 ], [ -35.505151515, -9.42698698199996 ], [ -35.505555, -9.42740466099997 ], [ -35.506104348999898, -9.42807598999997 ], [ -35.506669335, -9.428841830999939 ], [ -35.507163116999898, -9.429551738999979 ], [ -35.507728152, -9.430273495999931 ], [ -35.508069212999899, -9.43069966799993 ], [ -35.508266252999903, -9.43094587899998 ], [ -35.508695475, -9.431385881999971 ], [ -35.508851741055139, -9.43153311350137 ], [ -35.509252075999967, -9.431910302999977 ], [ -35.509758204999926, -9.432369241999936 ], [ -35.509991879999987, -9.43258732199995 ], [ -35.51014402299996, -9.432749663999971 ], [ -35.510299967999984, -9.432907497999974 ], [ -35.51046557499992, -9.433116942999984 ], [ -35.510612015999961, -9.43330795399989 ], [ -35.510735287999942, -9.433531089999967 ], [ -35.510880555999975, -9.433823741999934 ], [ -35.511016959999978, -9.434054670999945 ], [ -35.511096881999933, -9.434260900999956 ], [ -35.511177550999946, -9.434501098999934 ], [ -35.511224620999933, -9.434688073999951 ], [ -35.511221579999948, -9.43481331000001 ], [ -35.511218219999932, -9.434985996 ], [ -35.51119798999995, -9.43519807499996 ], [ -35.511180480999919, -9.435332367999969 ], [ -35.51112277299994, -9.435453389999946 ], [ -35.511082414999976, -9.435572358999931 ], [ -35.511002124, -9.43567468499996 ], [ -35.510979450363998, -9.43569175706774 ], [ -35.510932668999899, -9.435726980999959 ], [ -35.510855099, -9.435751523999951 ], [ -35.510776568, -9.43570138899997 ], [ -35.5106922699999, -9.435637244999951 ], [ -35.5106520699999, -9.43562397499994 ], [ -35.510613952, -9.435627818999929 ], [ -35.510581333999902, -9.435649042999961 ], [ -35.510580479999902, -9.435703233999959 ], [ -35.510637177, -9.435768641999969 ], [ -35.510750624, -9.43585537799993 ], [ -35.510889537, -9.43596781299993 ], [ -35.511040248, -9.43610489499997 ], [ -35.511176983, -9.43625640699997 ], [ -35.5112298889999, -9.43631502999995 ], [ -35.511405649, -9.436613425999949 ], [ -35.511542221, -9.43692914799993 ], [ -35.511679006, -9.437285576999949 ], [ -35.51183042, -9.43771773499998 ], [ -35.512010726, -9.43813226299994 ], [ -35.512328657999902, -9.43867559499995 ], [ -35.512515465, -9.438964664999959 ], [ -35.512654650999899, -9.439290755999931 ], [ -35.512765378, -9.439455275999929 ], [ -35.51293448, -9.43963749599993 ], [ -35.513240507, -9.43989919399996 ], [ -35.513544178, -9.440060369999969 ], [ -35.513677116999901, -9.440118088999951 ], [ -35.513875509999899, -9.44017406799998 ], [ -35.514135886, -9.440272123999931 ], [ -35.514391243, -9.440390138999931 ], [ -35.5145777279999, -9.44050962899996 ], [ -35.514904354, -9.44059583299997 ], [ -35.515187414, -9.44062442199993 ], [ -35.51547549, -9.440633051999949 ], [ -35.5158824559999, -9.440572845999951 ], [ -35.516164284, -9.440530127999979 ], [ -35.516318356999903, -9.440494522999931 ], [ -35.516535441, -9.44044470999995 ], [ -35.516713667548863, -9.440395056292259 ], [ -35.516873557999965, -9.440350510999949 ], [ -35.51723148, -9.440293580999946 ], [ -35.51758949499996, -9.440287248999955 ], [ -35.517877840000018, -9.440292504999945 ], [ -35.518252408999921, -9.440294229 ], [ -35.51835259199995, -9.440292176999918 ], [ -35.518600179999922, -9.440287104999943 ], [ -35.519089305999977, -9.440290635999968 ], [ -35.51928955599994, -9.440273838999911 ], [ -35.519675383999974, -9.440312950999949 ], [ -35.519803166294032, -9.440341114 ], [ -35.519976566, -9.440379330999971 ] ] ], [ [ [ -35.758613805, -9.69379418999995 ], [ -35.759021607, -9.694072312999941 ], [ -35.759311539, -9.694265491999939 ], [ -35.75964957, -9.694500523999981 ], [ -35.759933730999897, -9.694712070999969 ], [ -35.760105129, -9.694817591999939 ], [ -35.760252105999903, -9.69489876099993 ], [ -35.760300991, -9.69495538899997 ], [ -35.760407324, -9.69496382899996 ], [ -35.760432132999902, -9.694891331999941 ], [ -35.76044052, -9.69483490699997 ], [ -35.760326210999899, -9.69476998299996 ], [ -35.760000033, -9.69451851499997 ], [ -35.759747862, -9.694340076999939 ], [ -35.759548262, -9.69419628199995 ], [ -35.759410722, -9.69409147999994 ], [ -35.759248929, -9.69401088999996 ], [ -35.759030251999903, -9.693842008999979 ], [ -35.758876022, -9.693681095999979 ], [ -35.758762687999898, -9.69360869399998 ], [ -35.7585683799999, -9.69353614099998 ], [ -35.758365164999901, -9.69331066999996 ], [ -35.7583231589999, -9.693224003999941 ], [ -35.758257566999902, -9.693087679999961 ], [ -35.758322545999903, -9.69304783299998 ], [ -35.758322295, -9.69297563799995 ], [ -35.7582812919999, -9.69290322599994 ], [ -35.758183523999897, -9.692910913999979 ], [ -35.758158740999903, -9.69283849399994 ], [ -35.758092856, -9.69270949099996 ], [ -35.757994827999902, -9.69269303099998 ], [ -35.757913561, -9.692749120999959 ], [ -35.757914171, -9.692845668999951 ], [ -35.758012205999897, -9.69305486699994 ], [ -35.758093718999902, -9.693239680999969 ], [ -35.7582399039999, -9.693464724999959 ], [ -35.758385564, -9.69364191999995 ], [ -35.758613805, -9.69379418999995 ] ] ], [ [ [ -36.739443166253984, -9.27921468553461 ], [ -36.739350135999977, -9.279802188999916 ], [ -36.73935516899995, -9.28339316999994 ], [ -36.740946556, -9.292586373999953 ], [ -36.741211576999987, -9.293425304 ], [ -36.741311803999928, -9.293587503 ], [ -36.741398988999947, -9.293728594999958 ], [ -36.741675619999924, -9.294176269999962 ], [ -36.741800328999936, -9.294297965999906 ], [ -36.742072078999954, -9.294563148999909 ], [ -36.742254461999941, -9.29474112599998 ], [ -36.742331248, -9.294788924999938 ], [ -36.742604006999912, -9.294958718999954 ], [ -36.742905351999973, -9.295146307999932 ], [ -36.745714117999938, -9.296456469999978 ], [ -36.748868955999932, -9.298729615999942 ], [ -36.750352062999987, -9.300393406999937 ], [ -36.750368404, -9.300411935999961 ], [ -36.754047069, -9.305699488999938 ], [ -36.754122148, -9.305779078999951 ], [ -36.754492112999969, -9.306171277999983 ], [ -36.754813058999964, -9.306511513999979 ], [ -36.755012025, -9.306624186999976 ], [ -36.755183124999945, -9.30672107999991 ], [ -36.755719627999923, -9.307024899999913 ], [ -36.756822939999907, -9.307260424999949 ], [ -36.758397407999972, -9.307293737999952 ], [ -36.75966269599995, -9.307204419999934 ], [ -36.759977433999964, -9.307182201999961 ], [ -36.760571896999949, -9.307056048999915 ], [ -36.762726528999963, -9.306290099999956 ], [ -36.763299107999913, -9.306077198999926 ], [ -36.76386471, -9.305775952999959 ], [ -36.766296493999938, -9.304113603999905 ], [ -36.767787144, -9.302547825999937 ], [ -36.768172272999976, -9.301971884999979 ], [ -36.768319048999949, -9.301743025999961 ], [ -36.768368251999938, -9.301597280999982 ], [ -36.768617464999949, -9.300747944999962 ], [ -36.768627384999974, -9.30050477 ], [ -36.768608928999953, -9.29966493099997 ], [ -36.76859274499995, -9.299585872 ], [ -36.767079845999916, -9.29505577 ], [ -36.767023976, -9.294844890999951 ], [ -36.766729255999948, -9.293732478000013 ], [ -36.766596625, -9.293231867999982 ], [ -36.766272831999935, -9.291375543999955 ], [ -36.765738373999945, -9.288311458999917 ], [ -36.765717488, -9.288191724999958 ], [ -36.765568706999936, -9.286295029999966 ], [ -36.765572241999962, -9.286163715999937 ], [ -36.76566525099993, -9.282707505999962 ], [ -36.765668401999925, -9.282590417999955 ], [ -36.766184489999908, -9.280150476999957 ], [ -36.767193267999971, -9.278140225999984 ], [ -36.767327698, -9.277872339999934 ], [ -36.767389565999963, -9.277749049999947 ], [ -36.767760890999952, -9.277206849999938 ], [ -36.770296731999984, -9.274167873999936 ], [ -36.77074391141629, -9.273751309610208 ], [ -36.761772535999988, -9.271456992999969 ], [ -36.760779531999979, -9.271801982999914 ], [ -36.739443166253984, -9.27921468553461 ] ] ] ] } },
{ "type": "Feature", "properties": { "Bioma": "Caatinga", "CD_Bioma": 2, "AREA_HA": 1321078.218, "cor": "#ffb157" }, "geometry": { "type": "MultiPolygon", "coordinates": [ [ [ [ -37.495814079999903, -8.980167190999961 ], [ -37.495834440738335, -8.980452398740985 ], [ -37.495814079999974, -8.980167190999975 ], [ -37.495807858775272, -8.979850762772422 ], [ -37.495814079999903, -8.980167190999961 ] ] ], [ [ [ -37.496828321472314, -8.973885405498892 ], [ -37.4969547439999, -8.97373791199993 ], [ -37.496990139579161, -8.973606442196608 ], [ -37.496954743999936, -8.973737911999944 ], [ -37.496828321472314, -8.973885405498892 ] ] ], [ [ [ -37.496549354629643, -8.971806082923406 ], [ -37.496456706999901, -8.97173299399998 ], [ -37.496491837513702, -8.971583690176299 ], [ -37.496456706999943, -8.971732993999968 ], [ -37.496549354629643, -8.971806082923406 ] ] ], [ [ [ -37.497402393999899, -8.970877004999981 ], [ -37.497605481680488, -8.970756998572677 ], [ -37.497402393999941, -8.97087700500002 ], [ -37.497225682797549, -8.971088812332507 ], [ -37.497402393999899, -8.970877004999981 ] ] ], [ [ [ -37.49986205999997, -8.968132159999929 ], [ -37.499719470999899, -8.968399514999934 ], [ -37.499662095817676, -8.968492197853264 ], [ -37.499719470999899, -8.96839951499993 ], [ -37.499862059999899, -8.96813215999993 ], [ -37.500096286987812, -8.968000407319318 ], [ -37.49986205999997, -8.968132159999929 ] ] ], [ [ [ -37.509950257999897, -8.96674191399995 ], [ -37.509950257999911, -8.96674191399995 ], [ -37.509451194999968, -8.96706274 ], [ -37.509255133999915, -8.967294446999983 ], [ -37.509162108633817, -8.967358849361792 ], [ -37.509255133999901, -8.96729444699997 ], [ -37.509451194999897, -8.96706273999996 ], [ -37.509950257999897, -8.96674191399995 ] ] ], [ [ [ -37.502909907999907, -8.966171555999978 ], [ -37.502761834461467, -8.966245592769182 ], [ -37.5029099079999, -8.966171555999949 ], [ -37.503266380999897, -8.96604679099994 ], [ -37.503456460851396, -8.96601511087658 ], [ -37.503266380999918, -8.966046790999957 ], [ -37.502909907999907, -8.966171555999978 ] ] ], [ [ [ -37.512605983999961, -8.966046790999957 ], [ -37.512350883266265, -8.966381611495555 ], [ -37.512605983999897, -8.96604679099994 ], [ -37.513378859046412, -8.965730614127857 ], [ -37.512605983999961, -8.966046790999957 ] ] ], [ [ [ -37.513390225999927, -8.965725963999969 ], [ -37.513390226, -8.96572596399994 ], [ -37.514981157430945, -8.965483866012885 ], [ -37.513390225999927, -8.965725963999969 ] ] ], [ [ [ -37.504959629999959, -8.96538731499993 ], [ -37.50495963, -8.96538731499993 ], [ -37.505187110656372, -8.965588547869423 ], [ -37.504959629999959, -8.96538731499993 ] ] ], [ [ [ -37.981340069, -9.149289672 ], [ -37.984652165, -9.149789764 ], [ -37.985299772953638, -9.151167504741993 ], [ -37.985514221, -9.151623727999951 ], [ -37.986650813640324, -9.152780608502447 ], [ -37.985514220999981, -9.151623727999947 ], [ -37.985514221, -9.151623728 ], [ -37.987540247, -9.153685918 ], [ -37.990986232, -9.155376224 ], [ -37.993658389, -9.155333099 ], [ -37.994685634336001, -9.154788157695 ], [ -37.999482274, -9.152243598 ], [ -38.000811414718001, -9.152738175113001 ], [ -38.005374714, -9.154436192 ], [ -38.006653602, -9.15415324 ], [ -38.007131994074001, -9.154295729736999 ], [ -38.009043502, -9.154865075 ], [ -38.011012515, -9.156027894 ], [ -38.012107247, -9.15604309 ], [ -38.013576467405997, -9.156063345214999 ], [ -38.014925683, -9.156081946 ], [ -38.020783618, -9.155215183 ], [ -38.025787419, -9.155506333 ], [ -38.026691350390003, -9.156126580246999 ], [ -38.027343227, -9.156573876 ], [ -38.029211185, -9.158721699 ], [ -38.029510549, -9.164513209 ], [ -38.030138410310002, -9.16486261323 ], [ -38.030292031, -9.164948103 ], [ -38.032154817, -9.164860983 ], [ -38.044541211, -9.168815418 ], [ -38.044910325433001, -9.168836430813 ], [ -38.046176761, -9.168908526 ], [ -38.052745023, -9.167818935 ], [ -38.053504406, -9.167693247 ], [ -38.056981037, -9.167625642 ], [ -38.057588705432998, -9.168180843399 ], [ -38.057946522397998, -9.168507765892 ], [ -38.058420530444998, -9.168940847349001 ], [ -38.058787201, -9.169275859 ], [ -38.060537197, -9.171517171 ], [ -38.060864336129001, -9.171737057648 ], [ -38.06390452, -9.173780518 ], [ -38.065010525087999, -9.174002071976 ], [ -38.06609799, -9.174219912 ], [ -38.074928684, -9.171317159 ], [ -38.079262904, -9.170533216 ], [ -38.082566583, -9.170585293 ], [ -38.092287331, -9.172724978 ], [ -38.095077047, -9.17498049 ], [ -38.09515632, -9.175044684 ], [ -38.097817393, -9.178699482 ], [ -38.098678549, -9.17930701 ], [ -38.098924512384002, -9.17936384299 ], [ -38.099119269, -9.179408844 ], [ -38.100889143326, -9.179817514312001 ], [ -38.102578765, -9.180207654 ], [ -38.102580878398001, -9.180212043055 ], [ -38.102585667031001, -9.180221987976999 ], [ -38.102737746, -9.180537822 ], [ -38.104692871, -9.184598611 ], [ -38.106383340411, -9.186296440145 ], [ -38.114054643, -9.194001141 ], [ -38.114193994573, -9.194463061535 ], [ -38.114366319, -9.19503428 ], [ -38.114450501, -9.195313332 ], [ -38.11536958, -9.198360205 ], [ -38.117793855, -9.199975373 ], [ -38.117859384, -9.200018941 ], [ -38.119247085, -9.201803246 ], [ -38.122343643, -9.20374958 ], [ -38.125201294, -9.206294549 ], [ -38.128357537, -9.20910549 ], [ -38.128417454464, -9.209147745567 ], [ -38.128457469, -9.209175965 ], [ -38.131289625, -9.211172612 ], [ -38.132172446165001, -9.211794974828001 ], [ -38.135237643, -9.213955848 ], [ -38.139615238, -9.215300167 ], [ -38.139633051531, -9.215316906546001 ], [ -38.140658904, -9.21628091 ], [ -38.140938326, -9.216543485 ], [ -38.143908671, -9.218204694 ], [ -38.144989805, -9.221164083 ], [ -38.145120427545997, -9.221332638672999 ], [ -38.145976759, -9.222437651 ], [ -38.146922321284997, -9.225411899824 ], [ -38.147095278, -9.225955932 ], [ -38.148627401, -9.230774082 ], [ -38.149749487979001, -9.232038601793001 ], [ -38.15023108, -9.232581325 ], [ -38.152246416, -9.234851957 ], [ -38.152977374, -9.236204847 ], [ -38.154124216615998, -9.238326797749 ], [ -38.154167006, -9.238405969 ], [ -38.156306061, -9.242363767 ], [ -38.156365663, -9.249126717 ], [ -38.156367932, -9.249385452 ], [ -38.156371258, -9.249762198 ], [ -38.15637397, -9.250070177 ], [ -38.156419481, -9.255239558 ], [ -38.15741691, -9.260171406 ], [ -38.15737779, -9.262619212 ], [ -38.157982654, -9.263829619 ], [ -38.158473955, -9.264487468 ], [ -38.158965255, -9.265145317 ], [ -38.160740931, -9.267522938 ], [ -38.165817121, -9.271318568 ], [ -38.173559216, -9.285137777 ], [ -38.177007534, -9.28865349 ], [ -38.179553979, -9.291250195 ], [ -38.180679028, -9.291676944 ], [ -38.191698543, -9.295858048 ], [ -38.202032386, -9.296805309 ], [ -38.202251447, -9.296825412 ], [ -38.203080646, -9.296901596 ], [ -38.220575858, -9.312456361 ], [ -38.229781091, -9.321836898 ], [ -38.237588927, -9.329793447 ], [ -38.237590046, -9.329794524 ], [ -38.237475377, -9.329951688 ], [ -38.236539597, -9.331230343 ], [ -38.23209907, -9.335784988 ], [ -38.227232605, -9.342753151 ], [ -38.223597374, -9.346906372 ], [ -38.214898361, -9.353012148 ], [ -38.214823747, -9.353025443 ], [ -38.209589021, -9.358514689 ], [ -38.208067928, -9.360109738 ], [ -38.205573018, -9.363648912 ], [ -38.203624428, -9.372838447 ], [ -38.202558718, -9.374519873 ], [ -38.201766075, -9.375770466 ], [ -38.200293092, -9.379430128 ], [ -38.197639979, -9.382949037 ], [ -38.194475624, -9.384934641 ], [ -38.194287004, -9.385718744 ], [ -38.19592439, -9.390511324 ], [ -38.195785381, -9.391481298 ], [ -38.195767867, -9.391603484 ], [ -38.195675014, -9.391852455 ], [ -38.195667908, -9.391871518 ], [ -38.195589307, -9.392082478 ], [ -38.195578257, -9.392112136 ], [ -38.195575588, -9.392119299 ], [ -38.195471428, -9.392398857 ], [ -38.195367105, -9.392678853 ], [ -38.195040641, -9.392838586 ], [ -38.194176722, -9.394385794 ], [ -38.198575898, -9.397354135 ], [ -38.20087658, -9.398906518 ], [ -38.201504445, -9.399841606 ], [ -38.201867867, -9.400382855 ], [ -38.20274809, -9.402707242 ], [ -38.202926321, -9.403177892 ], [ -38.203728409, -9.407173021 ], [ -38.203728959, -9.407177104 ], [ -38.203745592, -9.407300763 ], [ -38.204742723, -9.414713878 ], [ -38.205012805, -9.416721782 ], [ -38.20476417, -9.418674282 ], [ -38.202568942, -9.419827984 ], [ -38.199453977, -9.420680531 ], [ -38.198378212, -9.420974961 ], [ -38.198315448, -9.420992135 ], [ -38.198308872, -9.420993935 ], [ -38.196974695, -9.421359122 ], [ -38.196661358, -9.421444831 ], [ -38.194956801, -9.421911087 ], [ -38.192982047, -9.422451251 ], [ -38.191232202, -9.422929899 ], [ -38.191228128, -9.422930638 ], [ -38.191226233, -9.422930984 ], [ -38.191224242, -9.422931348 ], [ -38.191222412, -9.422931682 ], [ -38.191220573, -9.422932017 ], [ -38.191218861, -9.42293233 ], [ -38.191216289, -9.422932799 ], [ -38.191213244, -9.422933355 ], [ -38.191210999, -9.422933765 ], [ -38.191208563, -9.422934209 ], [ -38.19120584, -9.422934706 ], [ -38.191203476, -9.422935137 ], [ -38.191200361, -9.422935705 ], [ -38.191197617, -9.422936206 ], [ -38.191194561, -9.422936764 ], [ -38.191191232, -9.422937372 ], [ -38.191187755, -9.422938007 ], [ -38.191183999, -9.422938693 ], [ -38.191180166, -9.422939393 ], [ -38.191174995, -9.422940337 ], [ -38.19117085, -9.422941094 ], [ -38.191167704, -9.422941668 ], [ -38.191166384, -9.422941909 ], [ -38.191163529, -9.42294243 ], [ -38.191160114, -9.422943053 ], [ -38.191157552, -9.422943521 ], [ -38.191156197, -9.422943768 ], [ -38.191152987, -9.422944354 ], [ -38.191151584, -9.42294461 ], [ -38.191149774, -9.42294494 ], [ -38.191147289, -9.422945393 ], [ -38.191144869, -9.422945835 ], [ -38.191141794, -9.422946396 ], [ -38.191139666, -9.422946785 ], [ -38.191135864, -9.422947479 ], [ -38.191131805, -9.42294822 ], [ -38.191129028, -9.422948727 ], [ -38.191126634, -9.422949164 ], [ -38.191124985, -9.422949465 ], [ -38.191123618, -9.422949714 ], [ -38.191121715, -9.422950062 ], [ -38.191116303, -9.42295105 ], [ -38.190880388, -9.422994113 ], [ -38.190308961, -9.423098417 ], [ -38.187503587, -9.423610491 ], [ -38.183901591, -9.425326907 ], [ -38.181251815, -9.42582722 ], [ -38.177699939, -9.425386405 ], [ -38.174517322, -9.430278111 ], [ -38.170744274, -9.432022544 ], [ -38.166901072, -9.434856097 ], [ -38.164646675, -9.435758058 ], [ -38.157269572, -9.440398193 ], [ -38.155865582, -9.441668447 ], [ -38.154949644, -9.443416136 ], [ -38.153999006, -9.443523042 ], [ -38.151411181, -9.442277487 ], [ -38.14460012, -9.439542375 ], [ -38.141928087, -9.437762927 ], [ -38.13566472, -9.438771892 ], [ -38.130180871, -9.43869914 ], [ -38.121549839, -9.441532607 ], [ -38.121365715, -9.441571699 ], [ -38.118119773, -9.442260705 ], [ -38.114652434, -9.437271459 ], [ -38.113651611, -9.436594943 ], [ -38.113381673, -9.436179153 ], [ -38.108942424, -9.435621402 ], [ -38.096702557, -9.437041947 ], [ -38.08787002, -9.439077089 ], [ -38.085367934, -9.439192979 ], [ -38.079708655, -9.440386799 ], [ -38.077759656, -9.441106676 ], [ -38.073975645, -9.443879476 ], [ -38.070250069, -9.447981942 ], [ -38.068409466, -9.452334079 ], [ -38.06822716, -9.453724854 ], [ -38.068703099, -9.456387936 ], [ -38.068459333, -9.457960023 ], [ -38.067846219, -9.4585026 ], [ -38.066145564, -9.458075122 ], [ -38.05755574, -9.459201678 ], [ -38.056094983, -9.459923599 ], [ -38.055723819, -9.461856044 ], [ -38.055112281, -9.462277467 ], [ -38.050542272, -9.464383672 ], [ -38.046636609, -9.466974018 ], [ -38.043163069, -9.468598773 ], [ -38.041216103, -9.468470566 ], [ -38.03741273, -9.466181631 ], [ -38.036106751, -9.465799961 ], [ -38.032934237, -9.466939024 ], [ -38.030941171, -9.466933405 ], [ -38.030469274, -9.466932074 ], [ -38.030415568, -9.466931923 ], [ -38.030328557, -9.466931678 ], [ -38.030321948, -9.466931659 ], [ -38.030306928, -9.466931614 ], [ -38.030287804, -9.466931557 ], [ -38.030168727, -9.4669312 ], [ -38.029895375, -9.466930383 ], [ -38.028423394, -9.467512394 ], [ -38.022154847, -9.469990936 ], [ -38.021663188, -9.471383816 ], [ -38.021703539, -9.473221413 ], [ -38.019942004, -9.475917401 ], [ -38.018722853, -9.476576999 ], [ -38.014402822, -9.476746313 ], [ -38.010925509, -9.478731137 ], [ -38.009151127, -9.480964278 ], [ -38.009085727, -9.482417331 ], [ -38.008350455, -9.483866187 ], [ -38.00382919, -9.490640685 ], [ -38.001336234, -9.495610771 ], [ -38.000699326, -9.496388228 ], [ -37.998865716, -9.497656034 ], [ -37.99794944, -9.499283339 ], [ -38.002228412, -9.506622496 ], [ -38.003159385, -9.510846472 ], [ -38.003082894, -9.514667692 ], [ -38.003289898, -9.515029908 ], [ -38.000848789, -9.517082405 ], [ -38.000065327, -9.517575225 ], [ -37.999281866, -9.518068045 ], [ -37.993259065, -9.524268863 ], [ -37.992445784, -9.525106182 ], [ -37.990887979, -9.526232441 ], [ -37.989330175, -9.5273587 ], [ -37.98731142, -9.527293765 ], [ -37.985292665, -9.527228831 ], [ -37.978669725, -9.530962393 ], [ -37.977797149, -9.531454292 ], [ -37.975951426, -9.531783523 ], [ -37.974105703, -9.532112754 ], [ -37.972928308, -9.532091329 ], [ -37.968866565, -9.532017418 ], [ -37.962580858, -9.533050071 ], [ -37.956946602, -9.533975699 ], [ -37.956295152, -9.534082723 ], [ -37.954602148, -9.535071722 ], [ -37.948187186, -9.538819137 ], [ -37.943925534, -9.539849966 ], [ -37.938236237, -9.54122612 ], [ -37.936817621, -9.541569261 ], [ -37.935399005, -9.541912403 ], [ -37.932847922, -9.542923669 ], [ -37.932404042, -9.543099626 ], [ -37.92910501, -9.545228725 ], [ -37.928601328, -9.545553787 ], [ -37.926700887, -9.546410469 ], [ -37.924565275, -9.54712287 ], [ -37.922429663, -9.547835272 ], [ -37.918206656, -9.548729189 ], [ -37.917143642, -9.548954206 ], [ -37.915695761, -9.548771637 ], [ -37.914247881, -9.548589069 ], [ -37.912543673, -9.548006913 ], [ -37.910035175, -9.547150013 ], [ -37.909666361, -9.546964883 ], [ -37.905091288, -9.544668378 ], [ -37.904263017, -9.544252619 ], [ -37.899239663, -9.541731094 ], [ -37.895920275, -9.540064893 ], [ -37.894141677, -9.539527307 ], [ -37.893662323162999, -9.539435514792 ], [ -37.893489361, -9.539402394 ], [ -37.893223368801998, -9.539504867682 ], [ -37.892977445, -9.53959961 ], [ -37.892735999269, -9.539692626848 ], [ -37.89246553, -9.539796825 ], [ -37.891225393, -9.54157668 ], [ -37.890960019, -9.542152874 ], [ -37.889633767, -9.54503251 ], [ -37.888307514, -9.547912146 ], [ -37.886677771, -9.549631131 ], [ -37.886634277086003, -9.549677006589 ], [ -37.886169871, -9.550166843 ], [ -37.881560264, -9.552908363 ], [ -37.876950658, -9.555649882 ], [ -37.868454348, -9.561730907 ], [ -37.863795609, -9.566552423 ], [ -37.856112581, -9.570454113 ], [ -37.847516563, -9.575988922 ], [ -37.843860947, -9.578068347 ], [ -37.842989073011999, -9.578786960679 ], [ -37.842417945958999, -9.579257693514 ], [ -37.842226855, -9.579415194 ], [ -37.842225979, -9.579416203 ], [ -37.837536942, -9.58328264 ], [ -37.836553486, -9.584547862 ], [ -37.835264763, -9.58850957 ], [ -37.835501775, -9.590481225 ], [ -37.834993183, -9.592275633 ], [ -37.833188512, -9.594778381 ], [ -37.833110618, -9.594886405 ], [ -37.83178941, -9.594881017 ], [ -37.823775136, -9.591296573 ], [ -37.819787014, -9.591709583 ], [ -37.818248298, -9.592893892 ], [ -37.816442603, -9.59772391 ], [ -37.811316038, -9.601713498 ], [ -37.810579241, -9.605320545 ], [ -37.80976386, -9.607022469 ], [ -37.807067963, -9.610104731 ], [ -37.801747909, -9.615018782 ], [ -37.795007063, -9.619046108 ], [ -37.793630343, -9.620173703 ], [ -37.793100167, -9.62060794 ], [ -37.791515175, -9.622822731 ], [ -37.790527055, -9.625159408 ], [ -37.790363401, -9.625863889 ], [ -37.789863399, -9.628957906 ], [ -37.790190136, -9.629536501 ], [ -37.790824886, -9.629891498 ], [ -37.790899494, -9.630276287 ], [ -37.790845669, -9.630716347 ], [ -37.790398268, -9.632485587 ], [ -37.79031032, -9.633044027 ], [ -37.790148618, -9.633461931 ], [ -37.789838079, -9.633943123 ], [ -37.789369547, -9.634360054 ], [ -37.788973441, -9.634624971 ], [ -37.788675169, -9.634884184 ], [ -37.787736874, -9.635358607 ], [ -37.787470062, -9.635519249 ], [ -37.787122609, -9.635799987 ], [ -37.786821487, -9.636184646 ], [ -37.786582473, -9.636616575 ], [ -37.786632223, -9.636951909 ], [ -37.786780047, -9.637510584 ], [ -37.786741969, -9.638205691 ], [ -37.786540905, -9.638653693 ], [ -37.786126764, -9.638913067 ], [ -37.785739174, -9.639099537 ], [ -37.785554102, -9.639176167 ], [ -37.785051565, -9.639121914 ], [ -37.784475031, -9.638740411 ], [ -37.783451339, -9.637928995 ], [ -37.78286706, -9.637667314 ], [ -37.782372431, -9.637557113 ], [ -37.781829302, -9.637479024 ], [ -37.781391339, -9.637352658 ], [ -37.780815745, -9.637258699 ], [ -37.780074255, -9.636997002 ], [ -37.779651752, -9.636834462 ], [ -37.778209076, -9.636637631 ], [ -37.776862388, -9.636154764 ], [ -37.776367297, -9.635908754 ], [ -37.775767039, -9.635711018 ], [ -37.775175401, -9.635665029 ], [ -37.774566888, -9.635419391 ], [ -37.77388559, -9.635213932 ], [ -37.773196299, -9.63504045 ], [ -37.772579417, -9.634714956 ], [ -37.771856783, -9.634417975 ], [ -37.771077988, -9.634148901 ], [ -37.770525913, -9.633831159 ], [ -37.769859503, -9.633242196 ], [ -37.769112876, -9.632893143 ], [ -37.768553113, -9.632687274 ], [ -37.766786191, -9.632509296 ], [ -37.765991222, -9.632224321 ], [ -37.765576617, -9.631810288 ], [ -37.764934748, -9.63127717 ], [ -37.764204475, -9.630960016 ], [ -37.762541548, -9.630382271 ], [ -37.761718415, -9.630217596 ], [ -37.761403381, -9.630145147 ], [ -37.761029177, -9.630060056 ], [ -37.760161402, -9.629815223 ], [ -37.759709958, -9.629597048 ], [ -37.759568977, -9.629529561 ], [ -37.759106618, -9.629371292 ], [ -37.758450045, -9.629285543 ], [ -37.757582287, -9.629040711 ], [ -37.756786943, -9.628643873 ], [ -37.756030742, -9.628101327 ], [ -37.755528017, -9.627721311 ], [ -37.755153866, -9.627387015 ], [ -37.754674594, -9.627021098 ], [ -37.754073767, -9.626655577 ], [ -37.753514044, -9.626465668 ], [ -37.75276866, -9.626468063 ], [ -37.751998395, -9.626302787 ], [ -37.750895832, -9.626106631 ], [ -37.749881879, -9.625750422 ], [ -37.749281692, -9.625560627 ], [ -37.747757249, -9.625190058 ], [ -37.746994746, -9.624920891 ], [ -37.746227926, -9.624853377 ], [ -37.745604332, -9.624951232 ], [ -37.745078204, -9.625112678 ], [ -37.743013869, -9.625654474 ], [ -37.74237418, -9.625776334 ], [ -37.741593342, -9.625859347 ], [ -37.740680914, -9.625805691 ], [ -37.739999939, -9.625688033 ], [ -37.739124695, -9.625626909 ], [ -37.738319385, -9.625735923 ], [ -37.737618686, -9.625935239 ], [ -37.736950919, -9.626174553 ], [ -37.735920423, -9.626610244 ], [ -37.734928357, -9.626992536 ], [ -37.734281573, -9.627381331 ], [ -37.733351008, -9.627759729 ], [ -37.732060356, -9.628177805 ], [ -37.730930448, -9.628422446 ], [ -37.729950505, -9.628561342 ], [ -37.727497688, -9.629357423 ], [ -37.724880891, -9.629983798 ], [ -37.724182001, -9.629926886 ], [ -37.723493148, -9.629831433 ], [ -37.721516589, -9.629878187 ], [ -37.720982426, -9.630055579 ], [ -37.720440635, -9.630392788 ], [ -37.719785364, -9.63071437 ], [ -37.718545948, -9.630790125 ], [ -37.717403395, -9.630753742 ], [ -37.716978598, -9.630677433 ], [ -37.716657563, -9.630620278 ], [ -37.716079526, -9.630637999 ], [ -37.715585522, -9.630771383 ], [ -37.714119522, -9.630931696 ], [ -37.713447306, -9.631037641 ], [ -37.712920257, -9.630903468 ], [ -37.712458448, -9.63057105 ], [ -37.711654105, -9.630220403 ], [ -37.710932459, -9.630054887 ], [ -37.710122247, -9.630065392 ], [ -37.709474802, -9.63029905 ], [ -37.708933598, -9.630819958 ], [ -37.707896697, -9.632292837 ], [ -37.706835053, -9.633366679 ], [ -37.70628283, -9.633786618 ], [ -37.705204889, -9.634497982 ], [ -37.704055146, -9.634757149 ], [ -37.702760097, -9.635184503 ], [ -37.700972692, -9.636212481 ], [ -37.699945746, -9.636862666 ], [ -37.698867512, -9.637671329 ], [ -37.697642665, -9.638436484 ], [ -37.695831765, -9.639784116 ], [ -37.693691136, -9.640772359 ], [ -37.692525239, -9.641050469 ], [ -37.691661959, -9.641593522 ], [ -37.690755248, -9.642284222 ], [ -37.689687958, -9.643014403 ], [ -37.688691646, -9.64343034 ], [ -37.687809444, -9.643435488 ], [ -37.686155433, -9.643783951 ], [ -37.68447351, -9.644947356 ], [ -37.683607973, -9.645421276 ], [ -37.682855476, -9.645767039 ], [ -37.682146105, -9.646062084 ], [ -37.681503905, -9.646286517 ], [ -37.680534115, -9.64711223 ], [ -37.679601148, -9.64782211 ], [ -37.678265391, -9.648780855 ], [ -37.677329175, -9.649541434 ], [ -37.676135724, -9.650598732 ], [ -37.675344222, -9.651439881 ], [ -37.674694193, -9.651981879 ], [ -37.673452974, -9.653011232 ], [ -37.670392034, -9.655979241 ], [ -37.669859273, -9.656643847 ], [ -37.66942436, -9.657514327 ], [ -37.668596076, -9.659579274 ], [ -37.668412903, -9.660630399 ], [ -37.668245115, -9.661286738 ], [ -37.667717336, -9.662449161 ], [ -37.667327613, -9.663453483 ], [ -37.666881238, -9.66432758 ], [ -37.666328407, -9.66529375 ], [ -37.665930515, -9.66591762 ], [ -37.665759342, -9.666185737 ], [ -37.665485344, -9.666681825 ], [ -37.665123066, -9.667457762 ], [ -37.664785947, -9.668513207 ], [ -37.664173334, -9.669577452 ], [ -37.663722851, -9.670665185 ], [ -37.663525729, -9.671415735 ], [ -37.663208877, -9.672204179 ], [ -37.663112709, -9.672555953 ], [ -37.662661058, -9.673260262 ], [ -37.662080617, -9.674252526 ], [ -37.661605323, -9.675180573 ], [ -37.66096776, -9.676053183 ], [ -37.660446245, -9.676871174 ], [ -37.660017999, -9.677640567 ], [ -37.659616048, -9.678238495 ], [ -37.659383987, -9.678584165 ], [ -37.657825729, -9.680243895 ], [ -37.656823640105003, -9.681854845445001 ], [ -37.656385227, -9.682559635 ], [ -37.656345102602003, -9.682639602446001 ], [ -37.65629809, -9.682733298 ], [ -37.655205296, -9.684903152 ], [ -37.654051511, -9.686333411 ], [ -37.650306794, -9.688768204 ], [ -37.648051799, -9.68980215 ], [ -37.645680656, -9.690722244 ], [ -37.644678223, -9.690972096 ], [ -37.643713511, -9.691213068 ], [ -37.642889699253999, -9.691186444569 ], [ -37.642092123, -9.691160669 ], [ -37.639718571, -9.691310152 ], [ -37.638186284, -9.692027977 ], [ -37.637349933, -9.693114807 ], [ -37.635615402169996, -9.696936642143999 ], [ -37.635106369, -9.698058237 ], [ -37.633973632996003, -9.699550816313 ], [ -37.633533387, -9.700130918 ], [ -37.630543503, -9.702123725 ], [ -37.627967980149002, -9.703561273108001 ], [ -37.627768139, -9.703672816 ], [ -37.625851447, -9.704471661 ], [ -37.624309007367998, -9.705780475881999 ], [ -37.621640135, -9.708045109 ], [ -37.617065100090997, -9.710426562559 ], [ -37.616586908, -9.710675477 ], [ -37.615655965552001, -9.711478542331999 ], [ -37.614972726, -9.71206793 ], [ -37.611112901, -9.713816912 ], [ -37.609292919344, -9.714888304415 ], [ -37.608482732, -9.715365248 ], [ -37.605591293, -9.71668601 ], [ -37.605054788, -9.717000605 ], [ -37.603281669, -9.718028764 ], [ -37.602353922, -9.718578469 ], [ -37.601374039, -9.71908682 ], [ -37.601061803, -9.719256133 ], [ -37.599399699, -9.720121921 ], [ -37.598456389479999, -9.720589724844 ], [ -37.597082649, -9.721270987 ], [ -37.5941126, -9.723175819 ], [ -37.592193151, -9.72462291 ], [ -37.589825031, -9.726818132 ], [ -37.587067369, -9.729229205 ], [ -37.581817263, -9.734142327 ], [ -37.581727606, -9.734198991 ], [ -37.577683989, -9.736807775 ], [ -37.575514777, -9.737669818 ], [ -37.572419301, -9.738619956 ], [ -37.562462916, -9.740016319 ], [ -37.560813447976003, -9.739864016219 ], [ -37.557655059, -9.739572388 ], [ -37.555715825, -9.739891385 ], [ -37.554442802, -9.740294245 ], [ -37.553811118266999, -9.740402705694001 ], [ -37.55357813, -9.74044271 ], [ -37.552830359083998, -9.740569082797 ], [ -37.55222861, -9.740670778 ], [ -37.551318084503997, -9.740679352027 ], [ -37.548000319, -9.740710594 ], [ -37.545061350978997, -9.740858994289001 ], [ -37.545017906, -9.740861188 ], [ -37.542845962720001, -9.741416601565 ], [ -37.541747909, -9.741697398 ], [ -37.538621172, -9.74190534 ], [ -37.536035940043, -9.741679159282 ], [ -37.533552851, -9.741461915 ], [ -37.531700842573002, -9.741806878268999 ], [ -37.530600956, -9.742011748 ], [ -37.52869463, -9.742195875 ], [ -37.528211544868, -9.742242360192 ], [ -37.527561554, -9.742304906 ], [ -37.523741875, -9.743170762 ], [ -37.522450876, -9.743540129 ], [ -37.519922715, -9.744264864 ], [ -37.518632950227001, -9.744766029119999 ], [ -37.517261497, -9.745298936 ], [ -37.515372986, -9.745874465 ], [ -37.514182767855999, -9.745902158698 ], [ -37.512621796, -9.745938479 ], [ -37.509892974909, -9.746079805777001 ], [ -37.509147099, -9.746118435 ], [ -37.505325793, -9.746556052 ], [ -37.501879712, -9.746450482 ], [ -37.500683412453, -9.746380905809 ], [ -37.498114962, -9.746231526 ], [ -37.494638836, -9.745612312 ], [ -37.493422567617998, -9.745765192158 ], [ -37.491165418, -9.746048907 ], [ -37.488474321, -9.746711848 ], [ -37.486219615511999, -9.746671610485 ], [ -37.483546443, -9.746623905 ], [ -37.48024336, -9.746004192 ], [ -37.473091564, -9.746364118 ], [ -37.469841618, -9.747129126 ], [ -37.466811631, -9.74777756 ], [ -37.466392199, -9.747901923 ], [ -37.465955659, -9.748026316 ], [ -37.464302173305001, -9.748507137537 ], [ -37.461863871, -9.749216178 ], [ -37.458067711539996, -9.749859901625999 ], [ -37.456914638, -9.750055431 ], [ -37.456622542056003, -9.750132607601 ], [ -37.455294456, -9.75048351 ], [ -37.453375448495002, -9.750988445029 ], [ -37.452337417, -9.751261575 ], [ -37.450286130077998, -9.751760931063 ], [ -37.450127004, -9.751799668 ], [ -37.449405202195997, -9.751970798103001 ], [ -37.444998182, -9.753015647 ], [ -37.442046195, -9.753793088 ], [ -37.439326325, -9.754712614 ], [ -37.436818724473, -9.755466058687 ], [ -37.43559355, -9.75583418 ], [ -37.433222058, -9.757066701 ], [ -37.430676721, -9.758242514 ], [ -37.429116338, -9.759615823 ], [ -37.427386013453997, -9.760563883533999 ], [ -37.426658255, -9.760962629 ], [ -37.426117727396999, -9.761150452318001 ], [ -37.424922312, -9.761565837 ], [ -37.42134037236, -9.76157394256 ], [ -37.420231422, -9.761576452 ], [ -37.420035741705, -9.761507853319999 ], [ -37.418758289, -9.761060023 ], [ -37.416210058, -9.76106581 ], [ -37.412562636, -9.761559174 ], [ -37.409901138, -9.76264959 ], [ -37.408022313, -9.764109137 ], [ -37.406808140827998, -9.765656771575999 ], [ -37.40617897, -9.766458739 ], [ -37.405703317446999, -9.767089813828999 ], [ -37.405019704, -9.767996802 ], [ -37.404195772123998, -9.768964741789 ], [ -37.403415305, -9.76988162 ], [ -37.400726171, -9.771771271 ], [ -37.399483917, -9.773143929 ], [ -37.399224288, -9.773621642 ], [ -37.399010567767, -9.774014834012 ], [ -37.398676347, -9.774629717 ], [ -37.397785916585001, -9.775569695086 ], [ -37.39675848, -9.776654303 ], [ -37.395729397, -9.777689716 ], [ -37.395669768761998, -9.777733389637 ], [ -37.395444004, -9.777898747 ], [ -37.393618902, -9.779235322 ], [ -37.392728288450002, -9.779270694521999 ], [ -37.390578619, -9.779356073 ], [ -37.388847743188997, -9.779359811458001 ], [ -37.387596025, -9.779362515 ], [ -37.38533799, -9.779652735 ], [ -37.384608448089999, -9.779817259152001 ], [ -37.381633246, -9.780488218 ], [ -37.377467179, -9.78229491 ], [ -37.373248843, -9.784073348 ], [ -37.370152528, -9.785192882 ], [ -37.369760912331998, -9.785299644478 ], [ -37.369705324, -9.785314799 ], [ -37.366766303, -9.786113201 ], [ -37.363176957, -9.78729211 ], [ -37.363004362, -9.787348144 ], [ -37.359849099, -9.787896893 ], [ -37.357751072, -9.788186531 ], [ -37.35649094, -9.788360424 ], [ -37.355559715925999, -9.788392395661999 ], [ -37.354544879, -9.788427238 ], [ -37.35269207, -9.788745038 ], [ -37.349103287, -9.789808383 ], [ -37.348246788863001, -9.790281772222 ], [ -37.346615675, -9.791183294 ], [ -37.343783324, -9.793871543 ], [ -37.342322323714001, -9.795939892358 ], [ -37.341502303, -9.797100802 ], [ -37.341346468627002, -9.797475444211999 ], [ -37.340147992, -9.800356708 ], [ -37.33965647502, -9.801105321948 ], [ -37.339010632, -9.802088985 ], [ -37.338271523, -9.803214178 ], [ -37.336750083934, -9.804898762673 ], [ -37.335844373, -9.805901594 ], [ -37.334462315, -9.806384204 ], [ -37.333017412, -9.807956786 ], [ -37.331226224, -9.810129304 ], [ -37.330467162277998, -9.811142722876999 ], [ -37.329406631, -9.812558632 ], [ -37.327499761, -9.814788308 ], [ -37.325937058, -9.816922543 ], [ -37.325930923366002, -9.816928002905 ], [ -37.322776272, -9.819735684 ], [ -37.318795029, -9.822004745 ], [ -37.316915712209997, -9.822487375884 ], [ -37.314539451, -9.823097628 ], [ -37.313208615, -9.823842219 ], [ -37.311995059, -9.825299994 ], [ -37.311793006, -9.825428483 ], [ -37.309970181, -9.826559553 ], [ -37.30814727, -9.827419176 ], [ -37.306149816, -9.8278796 ], [ -37.30510804, -9.828309645 ], [ -37.303693058, -9.829342752 ], [ -37.302741172479003, -9.830273219661001 ], [ -37.302092335, -9.830907458 ], [ -37.301895333022003, -9.830988776690001 ], [ -37.301528225841999, -9.831140311588999 ], [ -37.300508682, -9.83156116 ], [ -37.2985654, -9.831639214 ], [ -37.297356594, -9.831009402 ], [ -37.296752191, -9.830694496 ], [ -37.296675473480001, -9.830657102261 ], [ -37.296521487, -9.830582046 ], [ -37.295146858, -9.829916692 ], [ -37.292447202, -9.829196704 ], [ -37.292447201999956, -9.829196703999987 ], [ -37.292447201999899, -9.829196703999971 ], [ -37.292400168575938, -9.829182011019389 ], [ -37.291518738, -9.828906657 ], [ -37.28991532, -9.829132786 ], [ -37.287218343, -9.829769953 ], [ -37.285219944, -9.830628875 ], [ -37.281396128, -9.834019539 ], [ -37.27938035, -9.835696461 ], [ -37.277929753, -9.837079839 ], [ -37.276931894, -9.838252935 ], [ -37.274708609, -9.839985993 ], [ -37.273052375, -9.842238544 ], [ -37.27120632, -9.844064952 ], [ -37.270113163, -9.844810657 ], [ -37.267983187, -9.846115989 ], [ -37.265682012, -9.846640729 ], [ -37.264022816, -9.84736879 ], [ -37.261912701, -9.849138738 ], [ -37.260877757, -9.850702244 ], [ -37.260371218, -9.852301991 ], [ -37.260105792, -9.853984718 ], [ -37.259071655, -9.856068879 ], [ -37.258169521, -9.858115585 ], [ -37.257512393, -9.859957292 ], [ -37.257119776, -9.861928673 ], [ -37.256650678, -9.863379638 ], [ -37.256086571, -9.864477531 ], [ -37.254124731, -9.867903359 ], [ -37.250562518, -9.872947361 ], [ -37.249511358, -9.875161506 ], [ -37.249112051, -9.878749129 ], [ -37.249198611, -9.88176106 ], [ -37.249178006, -9.8853595 ], [ -37.248903061, -9.886003843 ], [ -37.247890322, -9.888449417 ], [ -37.247696293, -9.888907116 ], [ -37.245537047, -9.891842842 ], [ -37.242587568, -9.894456292 ], [ -37.241106128, -9.895448897 ], [ -37.238483363, -9.896493 ], [ -37.23472415, -9.897619074 ], [ -37.234403146090997, -9.897637468212 ], [ -37.231851535, -9.897783681 ], [ -37.231065776091, -9.897787357194 ], [ -37.230523553, -9.897789894 ], [ -37.227854864694997, -9.897619268016999 ], [ -37.227275475, -9.897582224 ], [ -37.22625131, -9.897716942 ], [ -37.225416240359998, -9.897826161460999 ], [ -37.224596844, -9.897933331 ], [ -37.222981350597998, -9.898480773189 ], [ -37.222541442, -9.898629845 ], [ -37.220026807, -9.899780242 ], [ -37.217526372472001, -9.900016805845 ], [ -37.217158996, -9.900051563 ], [ -37.214019745, -9.899763554 ], [ -37.208145493, -9.898093947 ], [ -37.205817305, -9.897324746 ], [ -37.205743458223999, -9.897310050584 ], [ -37.202894156, -9.896743043 ], [ -37.19948398, -9.896188725 ], [ -37.198425185124002, -9.896142257045 ], [ -37.195966129, -9.896034335 ], [ -37.195539337, -9.896046877 ], [ -37.193585044, -9.89611802 ], [ -37.192752112885998, -9.896181905579001 ], [ -37.190927746, -9.896321834 ], [ -37.188300333, -9.896632581 ], [ -37.186245283, -9.897728777 ], [ -37.183703213, -9.898825688 ], [ -37.182497733942, -9.899060890694001 ], [ -37.180673354, -9.899416848 ], [ -37.17757169, -9.898997481 ], [ -37.173526431, -9.897162215 ], [ -37.171602702, -9.895459249 ], [ -37.170356334509997, -9.89467483476 ], [ -37.169490184, -9.894129714 ], [ -37.165186929, -9.89336318 ], [ -37.163563793, -9.893552181 ], [ -37.162903160359001, -9.893741930961999 ], [ -37.162538195, -9.893846758 ], [ -37.160187756, -9.896275965 ], [ -37.159260202658999, -9.896901649355 ], [ -37.158484834, -9.897424677 ], [ -37.158394166557002, -9.897478201356 ], [ -37.156538419, -9.898573718 ], [ -37.154062483394, -9.900327225818 ], [ -37.153295003, -9.900870771 ], [ -37.152267631, -9.901405358 ], [ -37.151881107257999, -9.901628228525 ], [ -37.1506456, -9.902340625 ], [ -37.149455717, -9.90276882 ], [ -37.146024677, -9.904203923 ], [ -37.144537252, -9.905699814 ], [ -37.142830472900997, -9.907287067177 ], [ -37.142241725, -9.907834585 ], [ -37.140243028, -9.910316346 ], [ -37.139027375, -9.911650789 ], [ -37.137983, -9.912526052 ], [ -37.137032843, -9.913140091 ], [ -37.135734592, -9.9133943 ], [ -37.135273637278999, -9.913441171842001 ], [ -37.134655605, -9.913504016 ], [ -37.133779869, -9.913765228 ], [ -37.133138148, -9.913956714 ], [ -37.132819759, -9.914154603 ], [ -37.131164537, -9.91518487 ], [ -37.129849394, -9.916430083 ], [ -37.128271537, -9.918460236 ], [ -37.126082325, -9.920275797 ], [ -37.123378213, -9.921559017 ], [ -37.121079529, -9.922521722 ], [ -37.118698994, -9.923031391 ], [ -37.116075394, -9.923887889 ], [ -37.113885904, -9.925623379 ], [ -37.112021651, -9.927784916 ], [ -37.110807312, -9.93029213 ], [ -37.109971877, -9.932852171 ], [ -37.108866045, -9.935652527 ], [ -37.107547885, -9.938011783 ], [ -37.106304883, -9.939426294 ], [ -37.104574833, -9.940860349 ], [ -37.102763491, -9.942203278 ], [ -37.100546035, -9.943379038 ], [ -37.09811161, -9.944181874 ], [ -37.095542168, -9.945198083 ], [ -37.09367573, -9.945786882 ], [ -37.091837503, -9.947255238 ], [ -37.088485414, -9.949707397 ], [ -37.085939153, -9.951695806 ], [ -37.084639153, -9.954850217 ], [ -37.082805561, -9.957888442 ], [ -37.079999869, -9.960772014 ], [ -37.078435489, -9.962297043 ], [ -37.076175349, -9.964493727 ], [ -37.073411993, -9.965452862 ], [ -37.074757914927268, -9.966511605978223 ], [ -37.073906821847736, -9.965842109735769 ], [ -37.074945337, -9.96665903799993 ], [ -37.075035145, -9.966729637999951 ], [ -37.075035144999973, -9.966729637999977 ], [ -37.075035145, -9.966729638 ], [ -37.074988021, -9.966775122 ], [ -37.069794538, -9.971788182 ], [ -37.067863735, -9.973451772 ], [ -37.067170838, -9.975122102 ], [ -37.066343872, -9.976890053 ], [ -37.065592895, -9.979136002 ], [ -37.065100958, -9.980266551 ], [ -37.064952408, -9.980600135 ], [ -37.06425714, -9.981349669 ], [ -37.064014166, -9.981611449 ], [ -37.062404829, -9.98251969 ], [ -37.060804418, -9.98288978 ], [ -37.059307104, -9.983097965 ], [ -37.057606146, -9.98283445 ], [ -37.056340655, -9.982488723 ], [ -37.055075348, -9.982275751 ], [ -37.053706331, -9.98203226 ], [ -37.052617497, -9.981962043 ], [ -37.050865295, -9.982096828 ], [ -37.047423407, -9.983487735 ], [ -37.046542631, -9.984050439 ], [ -37.045237315, -9.985154884 ], [ -37.043765565, -9.985779513 ], [ -37.041785784, -9.986435335 ], [ -37.039391238, -9.987071176 ], [ -37.036560883, -9.987452184 ], [ -37.033087743, -9.987578579 ], [ -37.031137806, -9.9871416 ], [ -37.031137805999968, -9.987141599999987 ], [ -37.031137805999897, -9.987141599999971 ], [ -37.030597188165913, -9.986897997378103 ], [ -37.028741308, -9.986061737 ], [ -37.026472433, -9.98522208 ], [ -37.023927962, -9.984279789 ], [ -37.01935807, -9.982550647 ], [ -37.018445574149858, -9.982076253262486 ], [ -37.018162147999924, -9.981928903999981 ], [ -37.016546687, -9.981522119 ], [ -37.014980833, -9.981462478 ], [ -37.012803076, -9.981260498 ], [ -37.011008917, -9.98096621 ], [ -37.00913145, -9.980335001 ], [ -37.007502781, -9.979652464 ], [ -37.004361444, -9.978116055 ], [ -37.003396309, -9.977330693 ], [ -37.001413564, -9.975147299 ], [ -37.00021967, -9.973749431 ], [ -36.998684026, -9.972791007 ], [ -36.997221489, -9.972373738 ], [ -36.996895212873, -9.972374057631001 ], [ -36.996371172, -9.972374571 ], [ -36.996214452002, -9.972390900276 ], [ -36.995703139, -9.972444176 ], [ -36.993754841, -9.973881662 ], [ -36.993629815788999, -9.973942099398 ], [ -36.991938482, -9.974759693 ], [ -36.990746777, -9.975618463 ], [ -36.988034715, -9.979869398 ], [ -36.98629473, -9.981716924 ], [ -36.985971947228002, -9.982008868251 ], [ -36.984705765, -9.98315408 ], [ -36.982317111, -9.984368186 ], [ -36.981927457403998, -9.984478016468 ], [ -36.979728794, -9.985097747 ], [ -36.97829001, -9.984949963 ], [ -36.975980463, -9.984328037 ], [ -36.975192003299, -9.984130441996999 ], [ -36.97505212, -9.984095386 ], [ -36.973291859, -9.98436379 ], [ -36.971817199, -9.985260179 ], [ -36.969651893, -9.98616152 ], [ -36.968871407024999, -9.986569369969001 ], [ -36.96886806477, -9.986571116494 ], [ -36.9682085, -9.986915778 ], [ -36.967837672456, -9.987218946693 ], [ -36.96672306, -9.988130194 ], [ -36.965386369, -9.98944904 ], [ -36.964601815, -9.990788322 ], [ -36.963891533, -9.992205743 ], [ -36.963001197, -9.994151831 ], [ -36.962837510706997, -9.99442799769 ], [ -36.961686404, -9.996370111 ], [ -36.960775579, -9.999027178 ], [ -36.960669682424999, -9.999669555539 ], [ -36.960268665, -10.002102161 ], [ -36.959285445121999, -10.006031627859 ], [ -36.959274109, -10.006076933 ], [ -36.958745324, -10.008438603 ], [ -36.958194182, -10.00963129 ], [ -36.957665754, -10.010458638 ], [ -36.957415779, -10.010848963 ], [ -36.957279707, -10.011062705 ], [ -36.956964072, -10.011556597 ], [ -36.956550916, -10.012274719 ], [ -36.956496172, -10.012369765 ], [ -36.956217079, -10.01285482 ], [ -36.956052002, -10.013141766 ], [ -36.955898595, -10.013408351 ], [ -36.95589607, -10.01341274 ], [ -36.955893519, -10.013417173 ], [ -36.955543305, -10.014025829 ], [ -36.954757274, -10.016040376 ], [ -36.954547379, -10.016578323 ], [ -36.953933214, -10.018544872 ], [ -36.953807689, -10.020701287 ], [ -36.953533188, -10.022500282 ], [ -36.953454057, -10.022819641 ], [ -36.952961783, -10.024801481 ], [ -36.952753493, -10.029402991 ], [ -36.952904606, -10.032142739 ], [ -36.95326778, -10.034522527 ], [ -36.953481942, -10.036467608 ], [ -36.954762343, -10.043159321 ], [ -36.955209985, -10.044936707 ], [ -36.955332993, -10.046039247 ], [ -36.955509633, -10.047467187 ], [ -36.955829913, -10.049300518 ], [ -36.956405599, -10.051726255 ], [ -36.956598568, -10.05373397 ], [ -36.956323972, -10.055449259 ], [ -36.95570955, -10.057206663 ], [ -36.954967395, -10.058650446 ], [ -36.953906441, -10.05990627 ], [ -36.952696726, -10.061099482 ], [ -36.951911902, -10.062375996 ], [ -36.951106042, -10.063903528 ], [ -36.950476772, -10.064996072 ], [ -36.950030605, -10.06586767 ], [ -36.949162003, -10.067548864 ], [ -36.948907267, -10.068180863 ], [ -36.948377823, -10.069578294 ], [ -36.947508828, -10.071796023 ], [ -36.947128025, -10.073595059 ], [ -36.947411398, -10.074686017 ], [ -36.947435135, -10.074771929 ], [ -36.947703508, -10.075811605 ], [ -36.947598921, -10.077677466 ], [ -36.947345655, -10.079560083 ], [ -36.947052608, -10.081555039 ], [ -36.946802909, -10.082809715 ], [ -36.946684287, -10.083639164 ], [ -36.946458174, -10.084977865 ], [ -36.946373698, -10.085235739 ], [ -36.946251296, -10.085594148 ], [ -36.946155549, -10.085934998 ], [ -36.946031182, -10.086305545 ], [ -36.945863055, -10.086821564 ], [ -36.945695468, -10.087362845 ], [ -36.944592192, -10.088995181 ], [ -36.943318433, -10.090042047 ], [ -36.940107614, -10.091689332 ], [ -36.937457368, -10.093300718 ], [ -36.935032713, -10.094621721 ], [ -36.930956679, -10.098076015 ], [ -36.928845055, -10.101183305 ], [ -36.927635962, -10.103526825 ], [ -36.927318888, -10.105514032 ], [ -36.926856283, -10.110072956 ], [ -36.92613662, -10.113587451 ], [ -36.925288484, -10.115784272 ], [ -36.924227374, -10.117311934 ], [ -36.923293395, -10.118415693 ], [ -36.92110777, -10.121711379 ], [ -36.919600292, -10.123051209 ], [ -36.917965603, -10.12470483 ], [ -36.916777353, -10.12669271 ], [ -36.916566074, -10.128219685 ], [ -36.916163989, -10.130269671 ], [ -36.915719265, -10.132084276 ], [ -36.915453556, -10.133039179 ], [ -36.915210749, -10.13395145 ], [ -36.914234868, -10.135855477 ], [ -36.913822542724425, -10.136315681903053 ], [ -36.91310974, -10.137111256 ], [ -36.912217897179829, -10.138196467369744 ], [ -36.912183816, -10.138237938 ], [ -36.911419241, -10.138782362 ], [ -36.909804307, -10.138741772 ], [ -36.908882712791275, -10.138426409634221 ], [ -36.908401571999903, -10.138261767 ], [ -36.906834977721878, -10.138124554141786 ], [ -36.906744128999897, -10.138116597 ], [ -36.906702214572434, -10.138115431986092 ], [ -36.903811917, -10.138035096 ], [ -36.899945616, -10.138979073 ], [ -36.896928683, -10.139211235 ], [ -36.894379216, -10.139526696 ], [ -36.892467848, -10.140824746 ], [ -36.892100633, -10.141429332 ], [ -36.891618925, -10.14222666 ], [ -36.891301158, -10.14352365 ], [ -36.891111125, -10.14513427 ], [ -36.890705333, -10.146272891 ], [ -36.890534139, -10.146482306 ], [ -36.88973756, -10.147455509 ], [ -36.88799473, -10.147952354 ], [ -36.886960309674556, -10.147698580554756 ], [ -36.886600019999896, -10.147610191 ], [ -36.882571755, -10.147460391 ], [ -36.878620977, -10.147272381 ], [ -36.875909659, -10.147007277 ], [ -36.874127764, -10.14651281 ], [ -36.871726284254002, -10.146514332703999 ], [ -36.871909837, -10.145563051 ], [ -36.871888483, -10.14459393 ], [ -36.871610467, -10.143720321 ], [ -36.871113718, -10.142947773 ], [ -36.870303619, -10.14224388 ], [ -36.869054655, -10.141680257 ], [ -36.868242334, -10.141488577 ], [ -36.865824819, -10.140941408 ], [ -36.863159735, -10.13982702 ], [ -36.86247952, -10.13963725 ], [ -36.861433777, -10.139614641 ], [ -36.859449369, -10.13997522 ], [ -36.859407575, -10.139982814 ], [ -36.859030005, -10.139966481 ], [ -36.858589346, -10.139911873 ], [ -36.858191464, -10.139862567 ], [ -36.857666019, -10.139664996 ], [ -36.857122142, -10.139357512 ], [ -36.856318395, -10.138786702 ], [ -36.854919166, -10.137509032 ], [ -36.854287391, -10.137164641 ], [ -36.853132833, -10.136810486 ], [ -36.851048792, -10.136646279 ], [ -36.850429871, -10.136694558 ], [ -36.849827905, -10.136845686 ], [ -36.847151406, -10.138208744 ], [ -36.847095979, -10.138227151 ], [ -36.842976425, -10.139595203 ], [ -36.840144393, -10.140146385 ], [ -36.837722368, -10.140314498 ], [ -36.837378695, -10.140349462 ], [ -36.83704258, -10.140383657 ], [ -36.833874043, -10.140713217 ], [ -36.833002875, -10.140667666 ], [ -36.830686796, -10.140200664 ], [ -36.827416527, -10.139039724 ], [ -36.827029756, -10.138950626 ], [ -36.824487125, -10.138383756 ], [ -36.823860665, -10.13833981 ], [ -36.818977987, -10.138029979 ], [ -36.818052787, -10.138092007 ], [ -36.816627997, -10.138187529 ], [ -36.816571423, -10.138201637 ], [ -36.814164176, -10.138801925 ], [ -36.814025033, -10.138836623 ], [ -36.813029699, -10.139243546 ], [ -36.812550751, -10.139439354 ], [ -36.812174759, -10.139593071 ], [ -36.808605385, -10.141308251 ], [ -36.8082089, -10.141391524 ], [ -36.805052401, -10.142017686 ], [ -36.804444399, -10.142288654 ], [ -36.802196077, -10.14358742 ], [ -36.801534242, -10.144065532 ], [ -36.801329429, -10.144288145 ], [ -36.800358629, -10.145343316 ], [ -36.80030567, -10.145400877 ], [ -36.799184644, -10.146954032 ], [ -36.79889924, -10.147436174 ], [ -36.798164738, -10.149064087 ], [ -36.797990792, -10.149627243 ], [ -36.797671194, -10.152109716 ], [ -36.797665204, -10.152803696 ], [ -36.797749957, -10.15333958 ], [ -36.798154198, -10.154339572 ], [ -36.799259771, -10.156153584 ], [ -36.79936615, -10.156342 ], [ -36.799886157, -10.157610513 ], [ -36.800118816, -10.158193036 ], [ -36.800295235, -10.159009644 ], [ -36.800322171, -10.159620703 ], [ -36.800280783, -10.159887135 ], [ -36.800172775, -10.160457592 ], [ -36.799934758, -10.161064003 ], [ -36.799921116, -10.161094492 ], [ -36.799896526, -10.161132579 ], [ -36.797831936, -10.163859001 ], [ -36.797828862, -10.163865042 ], [ -36.797770773, -10.163939471 ], [ -36.796354264, -10.16675908 ], [ -36.795891453, -10.167391592 ], [ -36.795311333, -10.168016328 ], [ -36.794126321, -10.169224397 ], [ -36.791849157, -10.170799383 ], [ -36.791485192, -10.171111737 ], [ -36.790558104, -10.171872652 ], [ -36.790012815, -10.172184554 ], [ -36.789819794, -10.172276922 ], [ -36.789712939, -10.172328055 ], [ -36.78896813, -10.172515028 ], [ -36.788041785, -10.172517455 ], [ -36.787102564, -10.172258911 ], [ -36.786270052, -10.171756509 ], [ -36.785644675, -10.171092556 ], [ -36.785550004, -10.170920481 ], [ -36.78548631, -10.17080471 ], [ -36.785254173, -10.170382778 ], [ -36.785221404, -10.170272508 ], [ -36.78513808, -10.16999213 ], [ -36.785023398, -10.169606233 ], [ -36.785020027, -10.169520911 ], [ -36.78499579, -10.168907585 ], [ -36.784858997, -10.165446084 ], [ -36.784581348, -10.164395316 ], [ -36.781127445, -10.157766949 ], [ -36.780248048, -10.156494171 ], [ -36.779699824, -10.155932337 ], [ -36.779585831, -10.155849527 ], [ -36.779127332, -10.155549763 ], [ -36.778599007, -10.155332948 ], [ -36.778358726, -10.155242253 ], [ -36.777650782, -10.155130305 ], [ -36.775183625, -10.155040536 ], [ -36.775163737, -10.155043203 ], [ -36.770795806, -10.155628969 ], [ -36.770595082, -10.155681296 ], [ -36.770035758, -10.155827108 ], [ -36.768694507, -10.156176762 ], [ -36.75401097, -10.161249513 ], [ -36.753317288, -10.16141379 ], [ -36.750352276, -10.161791286 ], [ -36.74517694, -10.161570772 ], [ -36.744141154, -10.161436478 ], [ -36.743611255, -10.161367775 ], [ -36.7399343, -10.160576074 ], [ -36.739848759, -10.160542885 ], [ -36.738956013, -10.160196517 ], [ -36.736650521, -10.159302032 ], [ -36.73465821, -10.158051629 ], [ -36.734127652, -10.157630102 ], [ -36.732705893, -10.156232691 ], [ -36.732668052, -10.156188328 ], [ -36.732634628, -10.156156568 ], [ -36.731496222, -10.1548282 ], [ -36.730209542, -10.153548226 ], [ -36.730029391, -10.153371846 ], [ -36.729533102, -10.153027554 ], [ -36.726982853, -10.151620806 ], [ -36.726367114, -10.151380436 ], [ -36.723800986, -10.150665377 ], [ -36.722908425, -10.15053065 ], [ -36.722393468, -10.150453676 ], [ -36.718503219, -10.150162503 ], [ -36.71776046, -10.150006488 ], [ -36.717190489, -10.149731615 ], [ -36.717022116, -10.149650416 ], [ -36.716839325, -10.149562264 ], [ -36.716415383, -10.149225147 ], [ -36.716279359, -10.149059779 ], [ -36.716099772, -10.148841449 ], [ -36.715808562, -10.148487416 ], [ -36.71561529, -10.148124402 ], [ -36.715367603, -10.147345772 ], [ -36.715364953, -10.147310844 ], [ -36.715300279, -10.146458278 ], [ -36.715304124, -10.146404407 ], [ -36.715441449, -10.144480911 ], [ -36.716111682, -10.142272352 ], [ -36.716889856, -10.140758024 ], [ -36.71734801, -10.140104945 ], [ -36.718303361, -10.1390724 ], [ -36.71876242, -10.138576248 ], [ -36.718865034, -10.138465344 ], [ -36.719498153, -10.138017338 ], [ -36.720258481, -10.137706785 ], [ -36.721080389, -10.137578325 ], [ -36.721859417, -10.137637158 ], [ -36.723207144, -10.138019569 ], [ -36.724930287, -10.138880255 ], [ -36.728348068, -10.140235727 ], [ -36.731749645, -10.140908574 ], [ -36.735598653, -10.141280277 ], [ -36.736383703, -10.14148711 ], [ -36.741876041, -10.144069458 ], [ -36.745599432, -10.146443501 ], [ -36.747985017, -10.147644248 ], [ -36.748008635, -10.147656136 ], [ -36.748774565, -10.147912812 ], [ -36.751892412, -10.148957659 ], [ -36.751993061, -10.148991388 ], [ -36.754102642, -10.149401041 ], [ -36.75568557, -10.149482264 ], [ -36.75592867, -10.149453034 ], [ -36.756633575, -10.149368278 ], [ -36.758669227, -10.149077891 ], [ -36.758674792, -10.149076563 ], [ -36.76030824, -10.14848184 ], [ -36.762083888, -10.147758301 ], [ -36.762530031, -10.14749476 ], [ -36.763240528, -10.146835492 ], [ -36.763240926, -10.146835062 ], [ -36.763568335, -10.146327317 ], [ -36.763749442, -10.145908622 ], [ -36.763804304, -10.145774693 ], [ -36.76395481, -10.145218148 ], [ -36.763982944, -10.144931105 ], [ -36.764012749, -10.144593509 ], [ -36.763980035, -10.144223059 ], [ -36.763849282, -10.14357873 ], [ -36.763799159, -10.143393396 ], [ -36.762576097, -10.14018206 ], [ -36.762172676, -10.13949199 ], [ -36.761921424, -10.139167567 ], [ -36.761213211, -10.138578774 ], [ -36.759885478, -10.137843062 ], [ -36.75982383, -10.137808902 ], [ -36.75973676, -10.137760656 ], [ -36.759341497, -10.137474266 ], [ -36.759336609, -10.137470725 ], [ -36.759325637, -10.137462774 ], [ -36.756613795, -10.134616789 ], [ -36.751242961, -10.130191658 ], [ -36.751084579, -10.13008174 ], [ -36.748317187, -10.128537084 ], [ -36.746461063, -10.127879311 ], [ -36.74640181, -10.127854321 ], [ -36.743788187, -10.126752017 ], [ -36.743591269, -10.126668966 ], [ -36.740270488, -10.124305393 ], [ -36.739969304, -10.123986509 ], [ -36.739067501, -10.123031702 ], [ -36.738563139, -10.122497696 ], [ -36.738537175, -10.122459313 ], [ -36.738524933, -10.122446101 ], [ -36.735836488, -10.1184886 ], [ -36.732290442, -10.11432109 ], [ -36.732259905, -10.114272038 ], [ -36.729534728, -10.109894717 ], [ -36.729229888, -10.109405066 ], [ -36.726853815, -10.106754301 ], [ -36.725504233, -10.105855052 ], [ -36.724451293, -10.105420362 ], [ -36.723321928, -10.104971764 ], [ -36.722610642, -10.104784035 ], [ -36.721354426, -10.104452483 ], [ -36.720524994, -10.104366696 ], [ -36.719847874, -10.104432781 ], [ -36.719522114, -10.1045307 ], [ -36.719398541, -10.104567845 ], [ -36.719186808, -10.10463149 ], [ -36.71899167, -10.104734845 ], [ -36.718750514, -10.104862573 ], [ -36.718577568, -10.104954174 ], [ -36.718480965, -10.105032734 ], [ -36.718128114, -10.105319677 ], [ -36.718020409, -10.105407264 ], [ -36.717980992, -10.105453263 ], [ -36.717826482, -10.105633568 ], [ -36.717595359, -10.105903281 ], [ -36.714920661, -10.109740297 ], [ -36.714896001, -10.109787496 ], [ -36.713573115, -10.112319514 ], [ -36.713544495, -10.112374292 ], [ -36.713284519, -10.113080814 ], [ -36.71187234, -10.116918608 ], [ -36.711709348, -10.117361561 ], [ -36.711224082, -10.119534709 ], [ -36.710865133, -10.121860068 ], [ -36.710803542, -10.122252826 ], [ -36.710384798, -10.123922065 ], [ -36.709126065, -10.128939765 ], [ -36.709060891, -10.129199572 ], [ -36.708946289, -10.129955609 ], [ -36.708876641, -10.130415083 ], [ -36.708811516, -10.130844709 ], [ -36.70853638, -10.134859196 ], [ -36.708545252, -10.139230028 ], [ -36.707976281, -10.142340319 ], [ -36.707779995, -10.142914686 ], [ -36.7076298, -10.143244757 ], [ -36.706705347, -10.145078412 ], [ -36.705859334, -10.146112842 ], [ -36.704790611, -10.147380811 ], [ -36.70472956, -10.147441301 ], [ -36.704446187, -10.147694098 ], [ -36.702405841, -10.148955739 ], [ -36.701675649, -10.149201323 ], [ -36.700969278, -10.149277971 ], [ -36.70036793, -10.149232387 ], [ -36.698798339, -10.148916994 ], [ -36.698794021, -10.148916126 ], [ -36.698731822, -10.148890466 ], [ -36.695859303, -10.147705409 ], [ -36.695271341, -10.147360808 ], [ -36.695226549, -10.147325378 ], [ -36.694376544, -10.146653034 ], [ -36.690228359, -10.142227021 ], [ -36.690076438, -10.142030337 ], [ -36.68944898, -10.141217996 ], [ -36.688798378, -10.140375692 ], [ -36.687565208, -10.138478581 ], [ -36.686974507, -10.137849511 ], [ -36.686606507, -10.137582163 ], [ -36.686312556, -10.137412152 ], [ -36.685612966, -10.137125038 ], [ -36.685577114, -10.137115662 ], [ -36.685179304, -10.137011626 ], [ -36.684376292, -10.136990196 ], [ -36.683975766, -10.137047957 ], [ -36.683216745, -10.137293547 ], [ -36.682951154, -10.137458172 ], [ -36.682673312, -10.137630392 ], [ -36.682442597, -10.1377734 ], [ -36.682283212, -10.1379406 ], [ -36.681967767, -10.138271512 ], [ -36.681847166, -10.138398026 ], [ -36.681817136, -10.138449373 ], [ -36.681174424, -10.13954838 ], [ -36.680695656, -10.140367048 ], [ -36.680675914, -10.140417622 ], [ -36.68059798, -10.140617273 ], [ -36.679333132, -10.143857544 ], [ -36.679293187, -10.143950315 ], [ -36.678198623, -10.145900574 ], [ -36.67682517, -10.147688767 ], [ -36.674186795, -10.150397668 ], [ -36.674143112, -10.150435229 ], [ -36.673619126, -10.150809246 ], [ -36.673554059, -10.150846992 ], [ -36.673050482, -10.15107965 ], [ -36.672119133, -10.151356331 ], [ -36.670907202, -10.151711673 ], [ -36.669104407, -10.152355712 ], [ -36.668987926, -10.152415388 ], [ -36.66865444, -10.152586242 ], [ -36.668516272, -10.152657029 ], [ -36.668333768, -10.152791989 ], [ -36.66707173, -10.153601729 ], [ -36.665271295, -10.154143921 ], [ -36.662650088, -10.155301729 ], [ -36.662578777, -10.155347873 ], [ -36.662429903, -10.155414208 ], [ -36.661142486, -10.156277289 ], [ -36.660252628, -10.156873848 ], [ -36.658474794, -10.158577888 ], [ -36.657737937, -10.159084832 ], [ -36.656869136, -10.159398128 ], [ -36.655793903, -10.159467951 ], [ -36.654747244, -10.159214202 ], [ -36.653706365, -10.15863865 ], [ -36.652894357, -10.158339559 ], [ -36.652486398, -10.158268291 ], [ -36.651620974, -10.158274131 ], [ -36.650782926, -10.158488129 ], [ -36.649983769, -10.158925997 ], [ -36.649345233, -10.159525435 ], [ -36.648874412, -10.160266427 ], [ -36.648423797, -10.161716161 ], [ -36.648162896, -10.162270499 ], [ -36.647706914, -10.162886631 ], [ -36.647251751, -10.163299853 ], [ -36.646707835, -10.16364037 ], [ -36.645447845, -10.164195083 ], [ -36.645354369, -10.164222662 ], [ -36.642265601, -10.165133972 ], [ -36.641734045, -10.165199474 ], [ -36.641687706, -10.165202622 ], [ -36.641086318, -10.165176608 ], [ -36.639452306, -10.164713496 ], [ -36.638899716, -10.164623313 ], [ -36.636935802, -10.164660318 ], [ -36.636349954, -10.164667916 ], [ -36.633196152, -10.164329491 ], [ -36.631152178, -10.164320971 ], [ -36.630554806, -10.164405464 ], [ -36.629982271, -10.164586011 ], [ -36.629448566, -10.164859431 ], [ -36.628987057, -10.165202414 ], [ -36.628606928, -10.165593672 ], [ -36.628273065, -10.166071577 ], [ -36.62809139, -10.166542474 ], [ -36.628032187, -10.166695929 ], [ -36.627877687, -10.167096391 ], [ -36.627853381, -10.167586465 ], [ -36.627842942, -10.167796938 ], [ -36.6278231, -10.16819698 ], [ -36.627927449, -10.168739911 ], [ -36.628385894, -10.16974258 ], [ -36.628745046, -10.170197901 ], [ -36.62880705, -10.170256159 ], [ -36.629760942, -10.17115244 ], [ -36.630778635, -10.172108667 ], [ -36.630869799, -10.172172106 ], [ -36.631099932, -10.172383729 ], [ -36.631990221, -10.17295253 ], [ -36.633231472, -10.173399404 ], [ -36.634021964, -10.173829162 ], [ -36.634691286, -10.174465205 ], [ -36.635185168, -10.175281515 ], [ -36.635446526, -10.176294627 ], [ -36.635459119, -10.176866065 ], [ -36.635377583, -10.177431912 ], [ -36.635204099, -10.17797703 ], [ -36.634943294, -10.178486881 ], [ -36.634602146, -10.178947824 ], [ -36.634189754, -10.179347564 ], [ -36.633725115, -10.17966988 ], [ -36.633155932, -10.179936579 ], [ -36.632559537, -10.180100088 ], [ -36.630771806, -10.18016813 ], [ -36.627876547, -10.179841072 ], [ -36.627761883, -10.179826183 ], [ -36.627630689, -10.179809147 ], [ -36.625574733, -10.179328851 ], [ -36.62480148, -10.179153022 ], [ -36.622569639, -10.178938139 ], [ -36.622248568, -10.178908324 ], [ -36.621778346, -10.178956587 ], [ -36.621412251, -10.178994162 ], [ -36.621378959, -10.179004475 ], [ -36.619599282, -10.179555797 ], [ -36.619586506, -10.179558346 ], [ -36.617714093, -10.179931886 ], [ -36.617057222, -10.179991956 ], [ -36.616795807, -10.179974981 ], [ -36.616081569, -10.179862366 ], [ -36.61531502, -10.179536567 ], [ -36.61466567, -10.17907181 ], [ -36.613771384, -10.178251884 ], [ -36.611752859, -10.176401198 ], [ -36.611239629, -10.176035845 ], [ -36.609866218, -10.175339014 ], [ -36.609218021, -10.175015993 ], [ -36.608233642, -10.174617207 ], [ -36.606948583, -10.174100583 ], [ -36.604147834, -10.17251462 ], [ -36.604055946, -10.172433777 ], [ -36.603045036, -10.171544382 ], [ -36.602996845, -10.171501985 ], [ -36.602216418, -10.170470694 ], [ -36.601748229, -10.169864034 ], [ -36.60096463, -10.169183225 ], [ -36.599534488, -10.168494148 ], [ -36.599042578, -10.168348137 ], [ -36.596618097, -10.167633073 ], [ -36.595837301, -10.16718202 ], [ -36.595136128, -10.166464726 ], [ -36.592640945, -10.162690126 ], [ -36.592128977, -10.162110746 ], [ -36.59007351, -10.160458939 ], [ -36.585878174, -10.158306952 ], [ -36.585723722, -10.158174875 ], [ -36.583829334, -10.156554918 ], [ -36.583727386, -10.15646774 ], [ -36.582414055, -10.154738217 ], [ -36.582342304, -10.154614093 ], [ -36.582341832, -10.154613276 ], [ -36.580497931, -10.151423484 ], [ -36.58006662, -10.15095968 ], [ -36.577727437, -10.148896302 ], [ -36.57679744, -10.148435713 ], [ -36.575765251, -10.148137651 ], [ -36.568592919, -10.146066513 ], [ -36.567728001, -10.145816752 ], [ -36.567682255, -10.145797063 ], [ -36.566126951, -10.145127654 ], [ -36.56607707, -10.145106185 ], [ -36.562461324, -10.143242243 ], [ -36.560524936, -10.142448704 ], [ -36.560019369, -10.142243251 ], [ -36.560010141, -10.14223774 ], [ -36.559413445, -10.141881334 ], [ -36.558509175, -10.140982455 ], [ -36.558442365, -10.140916044 ], [ -36.555755949, -10.136721942 ], [ -36.555755335, -10.136720983 ], [ -36.55340941, -10.1339612 ], [ -36.55325031, -10.133733429 ], [ -36.553049271, -10.133445613 ], [ -36.553039409, -10.133420682 ], [ -36.552696629, -10.132554029 ], [ -36.55264297, -10.13241836 ], [ -36.552628091, -10.132220565 ], [ -36.552589639, -10.131709418 ], [ -36.552509441, -10.130643279 ], [ -36.552547439, -10.129961378 ], [ -36.552578249, -10.129785594 ], [ -36.552604572, -10.12963541 ], [ -36.552826396, -10.128369863 ], [ -36.552972504, -10.127878881 ], [ -36.553090465, -10.127482486 ], [ -36.553109317, -10.127419131 ], [ -36.553166631, -10.127320644 ], [ -36.553423247, -10.126879681 ], [ -36.553503211, -10.126742274 ], [ -36.553602137, -10.126637943 ], [ -36.553906997, -10.126316427 ], [ -36.554041077, -10.126175023 ], [ -36.554341819, -10.125970642 ], [ -36.55469482, -10.125730748 ], [ -36.555166554, -10.125487289 ], [ -36.557713986, -10.124172574 ], [ -36.55773598, -10.124155181 ], [ -36.558162471, -10.123784571 ], [ -36.5584432, -10.12347085 ], [ -36.558504284, -10.123388304 ], [ -36.558783042, -10.122941395 ], [ -36.559022285, -10.122350939 ], [ -36.559144241, -10.121809972 ], [ -36.559332046, -10.120065835 ], [ -36.559494895, -10.119554075 ], [ -36.55961712, -10.119150894 ], [ -36.560120226, -10.118347239 ], [ -36.561866719, -10.116715145 ], [ -36.562198373, -10.116199287 ], [ -36.562222512, -10.116141539 ], [ -36.562501967, -10.115333021 ], [ -36.562509217, -10.115300613 ], [ -36.562574098, -10.11466219 ], [ -36.562467317, -10.113438755 ], [ -36.562429323, -10.113161283 ], [ -36.562213561, -10.1124278 ], [ -36.561842698, -10.111757977 ], [ -36.561445927, -10.111289434 ], [ -36.557750717, -10.108344064 ], [ -36.556681542, -10.107036799 ], [ -36.555973399, -10.106448004 ], [ -36.555281302, -10.10610988 ], [ -36.55001873, -10.104213941 ], [ -36.549312341, -10.103866371 ], [ -36.548574125, -10.103259304 ], [ -36.54836921, -10.102980518 ], [ -36.548286646, -10.102868192 ], [ -36.547150502, -10.101322479 ], [ -36.545421243, -10.100010635 ], [ -36.544832533, -10.099701796 ], [ -36.544243861, -10.099517873 ], [ -36.54307082, -10.099426151 ], [ -36.54278663, -10.09940393 ], [ -36.54221716, -10.099288479 ], [ -36.541678443, -10.099084225 ], [ -36.540763223, -10.09845835 ], [ -36.54011193, -10.09761784 ], [ -36.539603454, -10.096541219 ], [ -36.53904072, -10.095814504 ], [ -36.538439437, -10.095336297 ], [ -36.537079151, -10.094601055 ], [ -36.536837723, -10.094389224 ], [ -36.536579345, -10.09416252 ], [ -36.536445122, -10.093989368 ], [ -36.536272528, -10.093766716 ], [ -36.536128227, -10.093580566 ], [ -36.535168911, -10.092073163 ], [ -36.534406267, -10.090621892 ], [ -36.533316461, -10.089136275 ], [ -36.532867301, -10.088011716 ], [ -36.532714256, -10.08736119 ], [ -36.53244023, -10.086264368 ], [ -36.532197859, -10.085643571 ], [ -36.53176953, -10.085008324 ], [ -36.530562317, -10.083750798 ], [ -36.530137434, -10.082992627 ], [ -36.529935656, -10.082277633 ], [ -36.529883341, -10.081599904 ], [ -36.529971416, -10.080892306 ], [ -36.53021187, -10.080177571 ], [ -36.530636376, -10.079475521 ], [ -36.531201564, -10.078833814 ], [ -36.531760566, -10.078443081 ], [ -36.532209285, -10.078129434 ], [ -36.532912869, -10.077637642 ], [ -36.533988823, -10.077005088 ], [ -36.534233528, -10.076810456 ], [ -36.534659178, -10.076332091 ], [ -36.534987282, -10.075789594 ], [ -36.535239299, -10.075091561 ], [ -36.535338328, -10.074376228 ], [ -36.535286995, -10.073660049 ], [ -36.534867763, -10.072076174 ], [ -36.534891274, -10.071008852 ], [ -36.53505102, -10.07041805 ], [ -36.535391998, -10.069732834 ], [ -36.53576772, -10.069247586 ], [ -36.536059383, -10.068994101 ], [ -36.536107197, -10.068941822 ], [ -36.536214405, -10.068859372 ], [ -36.53640575, -10.068712217 ], [ -36.53658353, -10.068575494 ], [ -36.538203774, -10.067742086 ], [ -36.539088105, -10.067543437 ], [ -36.542232468, -10.067626434 ], [ -36.54278746, -10.067726348 ], [ -36.543987198, -10.068109257 ], [ -36.544737777, -10.068189007 ], [ -36.545654167, -10.068069443 ], [ -36.546938494, -10.067598832 ], [ -36.547583422, -10.067478932 ], [ -36.548236242, -10.067478932 ], [ -36.548916114, -10.067605329 ], [ -36.549770907, -10.067982603 ], [ -36.550715672, -10.068786152 ], [ -36.55107458, -10.069085374 ], [ -36.551112975, -10.069117385 ], [ -36.551355242, -10.069254751 ], [ -36.551763695, -10.069486343 ], [ -36.551799118, -10.069506428 ], [ -36.554672274, -10.070575279 ], [ -36.554711875, -10.070590011 ], [ -36.557041421, -10.071651167 ], [ -36.557259201, -10.07175037 ], [ -36.559767053, -10.072237765 ], [ -36.559965845, -10.072298194 ], [ -36.560334041, -10.072416217 ], [ -36.562134344, -10.073285962 ], [ -36.563186344, -10.073988197 ], [ -36.563531036, -10.074278845 ], [ -36.566147814, -10.076911352 ], [ -36.566501827, -10.077412379 ], [ -36.566761449, -10.077898267 ], [ -36.56747523, -10.079234125 ], [ -36.567635348, -10.079426121 ], [ -36.568403753, -10.080347507 ], [ -36.568455301, -10.080391624 ], [ -36.574116412, -10.085236586 ], [ -36.574186082, -10.085296212 ], [ -36.57711499, -10.087439746 ], [ -36.577680579, -10.087940121 ], [ -36.578199294, -10.08840014 ], [ -36.579898664, -10.090590229 ], [ -36.580150577, -10.090943242 ], [ -36.580976634, -10.092166127 ], [ -36.581343892, -10.092592682 ], [ -36.581803615, -10.092988689 ], [ -36.584213872, -10.094683865 ], [ -36.587188865, -10.098026392 ], [ -36.587399347, -10.098193472 ], [ -36.589392693, -10.099775785 ], [ -36.589494381, -10.099856505 ], [ -36.589884183, -10.100037212 ], [ -36.59004261, -10.100110658 ], [ -36.590513362, -10.100276434 ], [ -36.591275386, -10.100392659 ], [ -36.592044735, -10.10034269 ], [ -36.592784933, -10.100128896 ], [ -36.593332427, -10.099846468 ], [ -36.593822115, -10.099474119 ], [ -36.594255596, -10.099001707 ], [ -36.594898057, -10.098054131 ], [ -36.595208564, -10.097354822 ], [ -36.59535892, -10.096606054 ], [ -36.595369407, -10.095067943 ], [ -36.595288835, -10.094461533 ], [ -36.595103225, -10.0938782 ], [ -36.594807575, -10.093319218 ], [ -36.593943221, -10.092121591 ], [ -36.591968789, -10.090005648 ], [ -36.591862002, -10.089864352 ], [ -36.591522224, -10.089414773 ], [ -36.589491805, -10.08672821 ], [ -36.588866525, -10.086194512 ], [ -36.588803744, -10.08615409 ], [ -36.587065332, -10.085076384 ], [ -36.586166104, -10.084149356 ], [ -36.585568496, -10.083187904 ], [ -36.585377168, -10.082481635 ], [ -36.584855467, -10.08079334 ], [ -36.584396435, -10.080054504 ], [ -36.58438712, -10.080041321 ], [ -36.583705626, -10.079422478 ], [ -36.582425234, -10.078703071 ], [ -36.581922801, -10.078305677 ], [ -36.581491851, -10.077813295 ], [ -36.581172199, -10.077271456 ], [ -36.580898906, -10.07648765 ], [ -36.58036246, -10.073654197 ], [ -36.579189422, -10.071109018 ], [ -36.57916882, -10.071064318 ], [ -36.579079399, -10.070870296 ], [ -36.578891636, -10.070019055 ], [ -36.578969624, -10.068939132 ], [ -36.579232208, -10.06819916 ], [ -36.5800381, -10.066817497 ], [ -36.580316032, -10.065943879 ], [ -36.580359034, -10.065060981 ], [ -36.580115828, -10.063424459 ], [ -36.578174062, -10.059079997 ], [ -36.577844325, -10.058504494 ], [ -36.577101714, -10.057735065 ], [ -36.575178562, -10.0565929 ], [ -36.574579802, -10.056092197 ], [ -36.57414942, -10.055566484 ], [ -36.572917176, -10.053610755 ], [ -36.572691301, -10.053071013 ], [ -36.572095804, -10.051058043 ], [ -36.571880796, -10.048336034 ], [ -36.571983132, -10.047629271 ], [ -36.572360239, -10.046359627 ], [ -36.572654854, -10.045798722 ], [ -36.572732641, -10.045700489 ], [ -36.572740881, -10.045690084 ], [ -36.573048845, -10.045301174 ], [ -36.573197368, -10.045174197 ], [ -36.573339459, -10.045052721 ], [ -36.573600939, -10.044829176 ], [ -36.573799543, -10.044718378 ], [ -36.573953812, -10.044632314 ], [ -36.574198572, -10.044495767 ], [ -36.574465501, -10.04440917 ], [ -36.574661273, -10.044345658 ], [ -36.574854987, -10.044282814 ], [ -36.575172531, -10.044244869 ], [ -36.575410183, -10.04421647 ], [ -36.576096516, -10.044231312 ], [ -36.576715465, -10.04438142 ], [ -36.578752194, -10.045160605 ], [ -36.579077572, -10.045288186 ], [ -36.579120733, -10.045301596 ], [ -36.579807122, -10.045514843 ], [ -36.581086424, -10.045912297 ], [ -36.581118956, -10.045918153 ], [ -36.582002238, -10.046077141 ], [ -36.583383221, -10.046325715 ], [ -36.585885747, -10.046619242 ], [ -36.586579721, -10.046814481 ], [ -36.589453825, -10.048256152 ], [ -36.591969586, -10.050339505 ], [ -36.592907642, -10.0508977 ], [ -36.593391795, -10.051054769 ], [ -36.594071203, -10.051154652 ], [ -36.594694875, -10.05113273 ], [ -36.595336936, -10.050991656 ], [ -36.595914862, -10.050747048 ], [ -36.596546663, -10.050316184 ], [ -36.597073816, -10.049758355 ], [ -36.597466648, -10.04910067 ], [ -36.59771943, -10.048342281 ], [ -36.597779282, -10.047464915 ], [ -36.597727628, -10.047190384 ], [ -36.597163189, -10.044190504 ], [ -36.597161564, -10.04414884 ], [ -36.597147089, -10.044072795 ], [ -36.597048801, -10.041424188 ], [ -36.597290977, -10.039466575 ], [ -36.59832886, -10.036580824 ], [ -36.598412772, -10.035821353 ], [ -36.598358979, -10.035212035 ], [ -36.598143267, -10.034478548 ], [ -36.597681158, -10.033685262 ], [ -36.596435017, -10.03234476 ], [ -36.595766952, -10.031850069 ], [ -36.594913106, -10.031499529 ], [ -36.593848749, -10.031316828 ], [ -36.593696037, -10.031295135 ], [ -36.590045811, -10.030989297 ], [ -36.588428237, -10.030626577 ], [ -36.587656276, -10.030308943 ], [ -36.587171719, -10.030000615 ], [ -36.583653, -10.027286705 ], [ -36.582490322, -10.026559394 ], [ -36.581727386, -10.02608478 ], [ -36.579185976, -10.025098388 ], [ -36.579111246, -10.025069383 ], [ -36.577195751, -10.024551635 ], [ -36.577117601, -10.024530512 ], [ -36.576478551, -10.024200798 ], [ -36.575905159, -10.023726543 ], [ -36.575357143, -10.023069937 ], [ -36.575047938, -10.022568098 ], [ -36.574338257, -10.021036057 ], [ -36.574311823, -10.02098321 ], [ -36.573980639, -10.020465606 ], [ -36.573563737, -10.020014656 ], [ -36.573074167, -10.019642313 ], [ -36.572469875, -10.019337088 ], [ -36.570599623, -10.018628268 ], [ -36.57011212, -10.018534215 ], [ -36.569330389, -10.018398864 ], [ -36.568974763, -10.018398864 ], [ -36.568452694, -10.018408744 ], [ -36.567589934, -10.018651956 ], [ -36.567512077, -10.018673904 ], [ -36.56746673, -10.018702539 ], [ -36.566959485, -10.019022837 ], [ -36.566638261, -10.019225673 ], [ -36.566569028, -10.019306604 ], [ -36.56456557, -10.02164862 ], [ -36.564378788, -10.021866966 ], [ -36.56434968, -10.021907281 ], [ -36.56433117, -10.021929458 ], [ -36.562770074, -10.024082695 ], [ -36.562365106, -10.024484094 ], [ -36.561724195, -10.02490856 ], [ -36.561410612, -10.025037305 ], [ -36.561024946, -10.025168088 ], [ -36.560398064, -10.025291682 ], [ -36.558802048, -10.025220526 ], [ -36.557137968, -10.025302374 ], [ -36.556987368, -10.025332759 ], [ -36.555279391, -10.025677355 ], [ -36.553404879, -10.026055552 ], [ -36.553202776, -10.026145692 ], [ -36.552735292, -10.026354195 ], [ -36.552465733, -10.026474421 ], [ -36.551425868, -10.027355008 ], [ -36.550857241, -10.028183749 ], [ -36.550069064, -10.030418349 ], [ -36.549128331, -10.032521667 ], [ -36.548287189, -10.033901972 ], [ -36.547484594, -10.03521392 ], [ -36.54684409, -10.03615456 ], [ -36.54650874, -10.036647053 ], [ -36.546488085, -10.036677386 ], [ -36.546242004, -10.037163545 ], [ -36.54602383, -10.037905399 ], [ -36.545968533, -10.038596859 ], [ -36.5460608, -10.03932208 ], [ -36.5461346, -10.039547113 ], [ -36.546146504, -10.039614897 ], [ -36.546536344, -10.0408773 ], [ -36.5465388, -10.040905894 ], [ -36.546575919, -10.041698691 ], [ -36.546444328, -10.042475501 ], [ -36.545992284, -10.04369315 ], [ -36.545543005, -10.044479903 ], [ -36.545383828, -10.044745055 ], [ -36.545002753, -10.045248058 ], [ -36.542932264, -10.046997151 ], [ -36.541177494, -10.04796032 ], [ -36.540526453, -10.048203347 ], [ -36.53976455, -10.048319572 ], [ -36.538416726, -10.048281681 ], [ -36.537630863, -10.0481645 ], [ -36.537145493, -10.047977428 ], [ -36.536912403, -10.04788759 ], [ -36.536271448, -10.047463125 ], [ -36.535358275, -10.046620786 ], [ -36.534752445, -10.046249681 ], [ -36.534086289, -10.04600734 ], [ -36.533346109, -10.045896477 ], [ -36.532256665, -10.04602203 ], [ -36.531738342, -10.046210591 ], [ -36.530484638, -10.046853981 ], [ -36.52942817, -10.047062257 ], [ -36.528811618, -10.047035577 ], [ -36.52820911, -10.046903192 ], [ -36.52763895, -10.046669123 ], [ -36.527118463, -10.046340483 ], [ -36.526318063, -10.04554073 ], [ -36.526316123, -10.045539415 ], [ -36.525913112, -10.045159125 ], [ -36.525834888, -10.045057945 ], [ -36.52571695, -10.044905398 ], [ -36.525503506, -10.044629317 ], [ -36.523242946, -10.041172832 ], [ -36.522595083, -10.039750461 ], [ -36.522369049, -10.038973784 ], [ -36.52216095, -10.037310767 ], [ -36.522166792, -10.036664988 ], [ -36.522263505, -10.036129934 ], [ -36.522328752, -10.035964979 ], [ -36.522498249, -10.035536456 ], [ -36.522567849, -10.035360495 ], [ -36.522640286, -10.035254932 ], [ -36.522990089, -10.034745166 ], [ -36.523117784, -10.034559079 ], [ -36.525235461, -10.032131473 ], [ -36.525635123, -10.03167332 ], [ -36.525719625, -10.031576451 ], [ -36.526992998, -10.030353738 ], [ -36.529521466, -10.028150574 ], [ -36.529986457, -10.027616095 ], [ -36.531221015, -10.025306333 ], [ -36.531551328, -10.024688342 ], [ -36.5315808, -10.024633203 ], [ -36.534318917, -10.020404658 ], [ -36.536212573, -10.017171033 ], [ -36.536215094, -10.017166715 ], [ -36.536561301, -10.016155791 ], [ -36.53665144, -10.014973866 ], [ -36.536119544, -10.012275592 ], [ -36.534970701, -10.009931407 ], [ -36.53456182, -10.009332479 ], [ -36.532339038, -10.007295955 ], [ -36.530677704, -10.006416521 ], [ -36.529619479, -10.005856344 ], [ -36.528975107, -10.005348426 ], [ -36.528431031, -10.004645577 ], [ -36.52780373, -10.003179456 ], [ -36.527376733, -10.002546535 ], [ -36.527277938, -10.002448609 ], [ -36.526940407, -10.002114039 ], [ -36.525498237, -10.00101349 ], [ -36.52463702, -10.000234054 ], [ -36.523710137, -9.999395186 ], [ -36.523493331, -9.999198968 ], [ -36.522717622, -9.998197416 ], [ -36.52234785, -9.997444784 ], [ -36.521932936, -9.995766884 ], [ -36.521883251, -9.994946824 ], [ -36.522020626, -9.994107849 ], [ -36.522832902, -9.991726777 ], [ -36.52302581, -9.98854432 ], [ -36.523070983, -9.987696966 ], [ -36.522798056, -9.985023581 ], [ -36.521926558, -9.982744893 ], [ -36.521692155, -9.981482459 ], [ -36.521681596, -9.980091222 ], [ -36.521678854, -9.979729887 ], [ -36.521678268, -9.979652473 ], [ -36.522017955, -9.976220964 ], [ -36.522129729, -9.97564293 ], [ -36.522642295, -9.974365834 ], [ -36.523829173, -9.972398763 ], [ -36.524218215, -9.971903169 ], [ -36.524618334, -9.971549973 ], [ -36.524941919, -9.971264335 ], [ -36.526594486, -9.96980557 ], [ -36.526690808, -9.969747973 ], [ -36.528962411, -9.968389649 ], [ -36.529270949, -9.968205156 ], [ -36.529285471, -9.968199644 ], [ -36.532709005, -9.966900088 ], [ -36.532776092, -9.966874622 ], [ -36.535306863, -9.966403529 ], [ -36.535340398, -9.966397287 ], [ -36.540101821, -9.966465567 ], [ -36.540217018, -9.966471635 ], [ -36.540799755, -9.966536912 ], [ -36.542630368, -9.967056292 ], [ -36.543298335, -9.96735206 ], [ -36.54563143, -9.969026638 ], [ -36.548401549, -9.970801109 ], [ -36.550584221, -9.971777653 ], [ -36.551001879, -9.971972465 ], [ -36.552804135, -9.973475722 ], [ -36.555539322, -9.977273095 ], [ -36.558116131, -9.983273788 ], [ -36.558175477, -9.983375937 ], [ -36.558232648, -9.983508813 ], [ -36.559598057, -9.985873982 ], [ -36.559721387, -9.986036885 ], [ -36.560634795, -9.987243384 ], [ -36.560778216, -9.987432825 ], [ -36.560792073, -9.987447065 ], [ -36.562228151, -9.988922776 ], [ -36.562319607, -9.989016757 ], [ -36.565620242, -9.991619136 ], [ -36.565958409, -9.9918154 ], [ -36.566301917, -9.991963018 ], [ -36.567644705, -9.992292887 ], [ -36.568213833, -9.992432699 ], [ -36.568590182, -9.99249909 ], [ -36.569474537, -9.992470216 ], [ -36.571838456, -9.99236715 ], [ -36.575518275, -9.991547439 ], [ -36.577993816, -9.990470642 ], [ -36.579342831, -9.990068954 ], [ -36.580010435, -9.989969551 ], [ -36.582101409, -9.989897233 ], [ -36.58276226, -9.989944548 ], [ -36.583314214, -9.990075272 ], [ -36.583594624, -9.99019297 ], [ -36.585440046, -9.990967556 ], [ -36.587380492, -9.991782028 ], [ -36.587982898, -9.991914414 ], [ -36.588599347, -9.991941094 ], [ -36.589509391, -9.991782028 ], [ -36.590214858, -9.991474321 ], [ -36.590947978, -9.990916681 ], [ -36.591430396, -9.990320835 ], [ -36.591771277, -9.989635609 ], [ -36.591954464, -9.988893488 ], [ -36.591928395, -9.987039916 ], [ -36.591886794, -9.986837058 ], [ -36.59101584, -9.983947825 ], [ -36.59014058, -9.98161919 ], [ -36.589562062, -9.978533367 ], [ -36.589507244, -9.977649879 ], [ -36.589657703, -9.973985629 ], [ -36.5897939, -9.973181855 ], [ -36.59056247, -9.970868642 ], [ -36.590579816, -9.970834488 ], [ -36.591708009, -9.968613064 ], [ -36.59219514, -9.967653897 ], [ -36.594222338, -9.964871028 ], [ -36.594283899, -9.964807854 ], [ -36.594680142, -9.964401228 ], [ -36.59516743, -9.963901168 ], [ -36.595195882, -9.963877712 ], [ -36.595603089, -9.96354199 ], [ -36.596678134, -9.96265567 ], [ -36.596710957, -9.962634864 ], [ -36.602421976, -9.95901465 ], [ -36.602486217, -9.958973928 ], [ -36.605168684, -9.95759562 ], [ -36.605195807, -9.95758434 ], [ -36.605215539, -9.957574165 ], [ -36.608230724, -9.956315603 ], [ -36.609948078, -9.955381337 ], [ -36.614023598, -9.952361258 ], [ -36.615613028, -9.950724977 ], [ -36.616023086, -9.950202942 ], [ -36.617050914, -9.947904421 ], [ -36.617264495, -9.947082477 ], [ -36.617281298, -9.946318643 ], [ -36.617130947, -9.945569309 ], [ -36.61682057, -9.94487 ], [ -36.616274743, -9.944164784 ], [ -36.616203081, -9.94409751 ], [ -36.615830871, -9.943787874 ], [ -36.615712852, -9.943710614 ], [ -36.615206391, -9.943435148 ], [ -36.615034769, -9.943361228 ], [ -36.612929589, -9.942760865 ], [ -36.612253381, -9.942716925 ], [ -36.611905233, -9.942749866 ], [ -36.611577522, -9.942780873 ], [ -36.611506504, -9.942810709 ], [ -36.608605413, -9.944029487 ], [ -36.608562183, -9.944040145 ], [ -36.605490624, -9.944797435 ], [ -36.601887759, -9.944982074 ], [ -36.601638549, -9.944959099 ], [ -36.601336358, -9.94493124 ], [ -36.600686465, -9.944745343 ], [ -36.600083958, -9.944440572 ], [ -36.599579954, -9.944052803 ], [ -36.599115065, -9.94352724 ], [ -36.598780167, -9.942955748 ], [ -36.598560725, -9.942331642 ], [ -36.598457642, -9.941615738 ], [ -36.598476029, -9.941101913 ], [ -36.598597511, -9.940496453 ], [ -36.599075646, -9.939397367 ], [ -36.599652556, -9.938052607 ], [ -36.599869254, -9.937239115 ], [ -36.599867854, -9.935818825 ], [ -36.599439598, -9.933828091 ], [ -36.599407557, -9.933343327 ], [ -36.59948644, -9.932629278 ], [ -36.599714896, -9.931917694 ], [ -36.60026706, -9.931058344 ], [ -36.602377518, -9.929159369 ], [ -36.602948383, -9.928737417 ], [ -36.60582571, -9.927016481 ], [ -36.605909401, -9.926983438 ], [ -36.608877925, -9.925811408 ], [ -36.611589017, -9.924741017 ], [ -36.614980543, -9.923196529 ], [ -36.617197141, -9.922740255 ], [ -36.61957138, -9.922536451 ], [ -36.620324077, -9.922354307 ], [ -36.621022783, -9.922011576 ], [ -36.622653422, -9.920857251 ], [ -36.623089632, -9.920424746 ], [ -36.623398407, -9.919998913 ], [ -36.625244553, -9.917001325 ], [ -36.62555257, -9.91629107 ], [ -36.625731836, -9.915548429 ], [ -36.625881771, -9.914893187 ], [ -36.625930131, -9.914462838 ], [ -36.626077128, -9.913078013 ], [ -36.625970574, -9.909730773 ], [ -36.625512582, -9.907385439 ], [ -36.624988173, -9.905895138 ], [ -36.624838757, -9.905637569 ], [ -36.624370723, -9.904932777 ], [ -36.62221935, -9.901919607 ], [ -36.61970435, -9.899515273 ], [ -36.61752511, -9.897955497 ], [ -36.616543716, -9.897469526 ], [ -36.615469917, -9.896945996 ], [ -36.613776806, -9.896453019 ], [ -36.613291669, -9.896313961 ], [ -36.613119836, -9.896264707 ], [ -36.612351148, -9.896137897 ], [ -36.607526221, -9.895807679 ], [ -36.604618154, -9.896046518 ], [ -36.604604949, -9.89605018 ], [ -36.604536945, -9.896069038 ], [ -36.603942487, -9.89623389 ], [ -36.603909916, -9.896250257 ], [ -36.603611545, -9.896400188 ], [ -36.603279853, -9.896566863 ], [ -36.603242316, -9.896601042 ], [ -36.602686094, -9.897107501 ], [ -36.601857196, -9.897862239 ], [ -36.600599793, -9.89887178 ], [ -36.600113533, -9.89917488 ], [ -36.59954363, -9.899408951 ], [ -36.59740218, -9.899778597 ], [ -36.594369551, -9.899611148 ], [ -36.593864147, -9.899557971 ], [ -36.593235182, -9.899587207 ], [ -36.592346681, -9.899808991 ], [ -36.589154504, -9.901139683 ], [ -36.586401631, -9.901624944 ], [ -36.585861201, -9.901712674 ], [ -36.585726115, -9.901734603 ], [ -36.583423297, -9.901455491 ], [ -36.583385726, -9.901442062 ], [ -36.582386642, -9.901084962 ], [ -36.582320044, -9.901061158 ], [ -36.581650357, -9.900572512 ], [ -36.581104749, -9.899925558 ], [ -36.580897346, -9.899564824 ], [ -36.580616795, -9.898773754 ], [ -36.580533912, -9.897939244 ], [ -36.580660039, -9.897086117 ], [ -36.580977854, -9.896314207 ], [ -36.581451539, -9.895660095 ], [ -36.58639891, -9.891548304 ], [ -36.588082024, -9.889608202 ], [ -36.588340834, -9.889306995 ], [ -36.591231159, -9.883996624 ], [ -36.592290781, -9.882504787 ], [ -36.592794737, -9.881960044 ], [ -36.594708649, -9.880349114 ], [ -36.594757915, -9.880319292 ], [ -36.595441453, -9.879905537 ], [ -36.596302636, -9.87938425 ], [ -36.602905075, -9.87678317 ], [ -36.603685662, -9.876685558 ], [ -36.604520615, -9.876752844 ], [ -36.606866268, -9.877277664 ], [ -36.607016398, -9.877341198 ], [ -36.607740097, -9.877647463 ], [ -36.608280039, -9.877884297 ], [ -36.611113094, -9.879662109 ], [ -36.611793636, -9.880284253 ], [ -36.612440598, -9.880883187 ], [ -36.613862258, -9.882738643 ], [ -36.615840814, -9.886088998 ], [ -36.616310889, -9.886719828 ], [ -36.616506076, -9.886923464 ], [ -36.618139417, -9.888627498 ], [ -36.618249115, -9.888741943 ], [ -36.619251157, -9.889473321 ], [ -36.619761407, -9.889760778 ], [ -36.620131655, -9.889872084 ], [ -36.620256294, -9.889909553 ], [ -36.620786628, -9.890026137 ], [ -36.621863022, -9.890002847 ], [ -36.622552588, -9.889809207 ], [ -36.625952056, -9.888432675 ], [ -36.62721671, -9.887475761 ], [ -36.6275676, -9.887061096 ], [ -36.627638981, -9.886963517 ], [ -36.627903993, -9.886514409 ], [ -36.628133062, -9.885930908 ], [ -36.628567866, -9.884288349 ], [ -36.628587073, -9.88421047 ], [ -36.628672028, -9.882823382 ], [ -36.628530667, -9.882102657 ], [ -36.628241507, -9.881328763 ], [ -36.62719191, -9.879643849 ], [ -36.627177403, -9.879621154 ], [ -36.624109791, -9.876056973 ], [ -36.623834906, -9.875694623 ], [ -36.623475226, -9.875013991 ], [ -36.623269551, -9.874299755 ], [ -36.623206712, -9.873521204 ], [ -36.623245148, -9.872331727 ], [ -36.623301839, -9.871905326 ], [ -36.623565072, -9.871085274 ], [ -36.623967917, -9.870406262 ], [ -36.624467428, -9.869874505 ], [ -36.625252805, -9.869335171 ], [ -36.628845816, -9.86742102 ], [ -36.628926809, -9.867377871 ], [ -36.629129383, -9.867269951 ], [ -36.63897062, -9.863219166 ], [ -36.649876446, -9.85677886 ], [ -36.650553726, -9.856209415 ], [ -36.651009281, -9.855593271 ], [ -36.65124527, -9.855091384 ], [ -36.651284249, -9.85498595 ], [ -36.651429564, -9.854448111 ], [ -36.651483314, -9.853838785 ], [ -36.651429552, -9.853229461 ], [ -36.650345052, -9.849263252 ], [ -36.650112222, -9.848708184 ], [ -36.64978083, -9.848192324 ], [ -36.648580516, -9.846915517 ], [ -36.648096274, -9.846599011 ], [ -36.646063002, -9.845311709 ], [ -36.644906116, -9.844941866 ], [ -36.644629563, -9.844905132 ], [ -36.642810411, -9.844663497 ], [ -36.642113367, -9.844653165 ], [ -36.641226466, -9.84477452 ], [ -36.639136919, -9.845338667 ], [ -36.638103781, -9.845791157 ], [ -36.635288052, -9.847936798 ], [ -36.632837084, -9.850608726 ], [ -36.632577359, -9.850840144 ], [ -36.631364802, -9.85189495 ], [ -36.629024332, -9.853291785 ], [ -36.626348762, -9.854212781 ], [ -36.624814686, -9.854502456 ], [ -36.624475355, -9.854562257 ], [ -36.62247719, -9.854678899 ], [ -36.619312508, -9.854554332 ], [ -36.615402055, -9.854806145 ], [ -36.612831688, -9.855494245 ], [ -36.609513044, -9.857186149 ], [ -36.608317225, -9.857644174 ], [ -36.607568876, -9.857825773 ], [ -36.60679863, -9.85784244 ], [ -36.605960476, -9.857658169 ], [ -36.605629011, -9.857520573 ], [ -36.605193169, -9.857339649 ], [ -36.605076901, -9.857265758 ], [ -36.604555412, -9.856934343 ], [ -36.604446333, -9.856865021 ], [ -36.60440777, -9.856826986 ], [ -36.604038875, -9.856463143 ], [ -36.603916779, -9.856342718 ], [ -36.603872457, -9.856274953 ], [ -36.603618168, -9.855886168 ], [ -36.60350764, -9.855717179 ], [ -36.60346836, -9.855615368 ], [ -36.603328293, -9.855252321 ], [ -36.603236496, -9.855014385 ], [ -36.603201194, -9.854819874 ], [ -36.603177682, -9.854690319 ], [ -36.603125841, -9.854404667 ], [ -36.603026213, -9.852440917 ], [ -36.603033997, -9.852382704 ], [ -36.603184036, -9.851260652 ], [ -36.603501739, -9.848884747 ], [ -36.603519479, -9.848832655 ], [ -36.60463053, -9.845570404 ], [ -36.605358807, -9.843432049 ], [ -36.605837457, -9.84126657 ], [ -36.6059408, -9.838179004 ], [ -36.605699928, -9.836002385 ], [ -36.605657917, -9.835027262 ], [ -36.605680752, -9.834798664 ], [ -36.605740061, -9.834204951 ], [ -36.605752465, -9.834080784 ], [ -36.605770703, -9.834032617 ], [ -36.606049616, -9.833295997 ], [ -36.606094702, -9.833176922 ], [ -36.60623153, -9.832998689 ], [ -36.6066387, -9.832468308 ], [ -36.606736618, -9.83234076 ], [ -36.606805003, -9.83228832 ], [ -36.606841544, -9.832260299 ], [ -36.607330648, -9.831885233 ], [ -36.607445305, -9.83183242 ], [ -36.608113457, -9.831524657 ], [ -36.608635879, -9.831284021 ], [ -36.609236255, -9.831122737 ], [ -36.611560745, -9.830762731 ], [ -36.611657254, -9.830747784 ], [ -36.611988856, -9.830696427 ], [ -36.612647578, -9.83069703 ], [ -36.614189237, -9.830888105 ], [ -36.617005022, -9.831929488 ], [ -36.617209521, -9.831972136 ], [ -36.617621393, -9.832053388 ], [ -36.622552115, -9.831980831 ], [ -36.623713278, -9.831955885 ], [ -36.62506918, -9.831678798 ], [ -36.625854589, -9.831347017 ], [ -36.626587352, -9.830789372 ], [ -36.627149618, -9.830062636 ], [ -36.627503067, -9.829216337 ], [ -36.627616654, -9.828269679 ], [ -36.627448753, -9.826473659 ], [ -36.626841338, -9.820366185 ], [ -36.626891352, -9.819427729 ], [ -36.630078575, -9.809612752 ], [ -36.63010316, -9.809554451 ], [ -36.630354266, -9.808958966 ], [ -36.631778423, -9.805581653 ], [ -36.631867546, -9.805443576 ], [ -36.633402482, -9.803065508 ], [ -36.633407603, -9.803057574 ], [ -36.636013998, -9.799999476 ], [ -36.638936057, -9.796568856 ], [ -36.639343545, -9.79607434 ], [ -36.642467375, -9.792283356 ], [ -36.642631434, -9.792084257 ], [ -36.644431465, -9.790551341 ], [ -36.645043362, -9.790154811 ], [ -36.647659024, -9.789096277 ], [ -36.649732446, -9.78851454 ], [ -36.650676082, -9.788001035 ], [ -36.652234087, -9.786482394 ], [ -36.653824195, -9.783815733 ], [ -36.654080007, -9.78277873 ], [ -36.65408, -9.782167075 ], [ -36.653972914, -9.781564714 ], [ -36.651885369, -9.776245127 ], [ -36.651691121, -9.775233533 ], [ -36.651741356, -9.774739226 ], [ -36.651786554, -9.77429448 ], [ -36.651797718, -9.774184631 ], [ -36.652573627, -9.771233331 ], [ -36.653064029, -9.769774257 ], [ -36.653363216, -9.768863688 ], [ -36.653373386, -9.768785749 ], [ -36.653431753, -9.768207955 ], [ -36.653417697, -9.767888666 ], [ -36.653396884, -9.767652709 ], [ -36.653107969, -9.766669498 ], [ -36.652799657, -9.766139791 ], [ -36.652403303, -9.765671239 ], [ -36.649044733, -9.763145906 ], [ -36.648838768, -9.762991039 ], [ -36.648673634, -9.762866874 ], [ -36.647343795, -9.761566874 ], [ -36.647134292, -9.761414158 ], [ -36.646836933, -9.761226241 ], [ -36.646176056, -9.760942733 ], [ -36.645992797, -9.760905048 ], [ -36.643889004, -9.760472433 ], [ -36.64335934, -9.760223928 ], [ -36.642947185, -9.759939305 ], [ -36.642890774, -9.759900349 ], [ -36.642862706, -9.759872047 ], [ -36.642452395, -9.759458305 ], [ -36.64237307, -9.759378315 ], [ -36.642311519, -9.759284181 ], [ -36.642056579, -9.758894284 ], [ -36.64196816, -9.758759059 ], [ -36.641899634, -9.758595206 ], [ -36.641873569, -9.758532883 ], [ -36.641730861, -9.758191652 ], [ -36.640909671, -9.75548819 ], [ -36.640510111, -9.75483502 ], [ -36.639977509, -9.75428312 ], [ -36.638772887, -9.753390536 ], [ -36.638724203, -9.753354462 ], [ -36.637349636, -9.75280742 ], [ -36.636859541, -9.752541972 ], [ -36.635614904, -9.751578568 ], [ -36.63446985, -9.750667988 ], [ -36.633099582, -9.749736717 ], [ -36.632528095, -9.749455946 ], [ -36.632007511, -9.749299292 ], [ -36.63117497, -9.749204281 ], [ -36.627290616, -9.749262514 ], [ -36.623742734, -9.750049697 ], [ -36.614702397, -9.754549531 ], [ -36.613523066, -9.755210361 ], [ -36.611649213, -9.756255854 ], [ -36.610619927, -9.756688556 ], [ -36.609629745, -9.757100491 ], [ -36.608108275, -9.757535809 ], [ -36.604111971, -9.758029926 ], [ -36.599135526, -9.757907423 ], [ -36.59725414, -9.758120502 ], [ -36.59713083, -9.758149687 ], [ -36.59416091, -9.758852597 ], [ -36.594069192, -9.758862934 ], [ -36.592098985, -9.759084977 ], [ -36.58989649, -9.758934962 ], [ -36.588419916, -9.758515954 ], [ -36.586993148, -9.758111079 ], [ -36.579319563, -9.754025538 ], [ -36.576124664, -9.752782815 ], [ -36.573198132, -9.752144186 ], [ -36.572610288, -9.752017971 ], [ -36.572521101, -9.752004727 ], [ -36.566209306, -9.751071815 ], [ -36.565648956, -9.751025971 ], [ -36.563929727, -9.75089123 ], [ -36.562757022, -9.750954765 ], [ -36.560666431, -9.75106803 ], [ -36.560556195, -9.751087784 ], [ -36.551187604, -9.752766603 ], [ -36.55102727, -9.752795334 ], [ -36.546211818, -9.753967559 ], [ -36.541544691, -9.754680098 ], [ -36.541464161, -9.754701287 ], [ -36.539334588, -9.755261609 ], [ -36.535144488, -9.756364085 ], [ -36.532931673, -9.756797761 ], [ -36.532692632, -9.75684461 ], [ -36.531928965, -9.756910888 ], [ -36.528935323, -9.756836431 ], [ -36.527806858, -9.756583893 ], [ -36.527546845, -9.756439799 ], [ -36.526062265, -9.755617073 ], [ -36.525985411, -9.755580087 ], [ -36.523715873, -9.75448786 ], [ -36.521916913, -9.753981692 ], [ -36.520978191, -9.75392214 ], [ -36.51503316, -9.754265041 ], [ -36.511884682, -9.754446641 ], [ -36.51061812, -9.754295487 ], [ -36.508763372, -9.754058769 ], [ -36.5085918, -9.754036872 ], [ -36.505778835, -9.753212831 ], [ -36.505107742, -9.752953533 ], [ -36.504872197, -9.752862522 ], [ -36.504497705, -9.752717825 ], [ -36.504265092, -9.752592401 ], [ -36.493293313, -9.746676504 ], [ -36.493149173, -9.746598786 ], [ -36.490479563, -9.744312357 ], [ -36.490366825, -9.744178805 ], [ -36.488836858, -9.742366384 ], [ -36.488809167, -9.742333581 ], [ -36.487873849, -9.741017847 ], [ -36.487483642, -9.740468935 ], [ -36.487378803, -9.740321457 ], [ -36.486080111, -9.737978721 ], [ -36.485833328, -9.737395793 ], [ -36.484783218, -9.734927194 ], [ -36.483579726, -9.732593883 ], [ -36.482969728, -9.73141123 ], [ -36.482940095, -9.731353778 ], [ -36.482233493, -9.729506914 ], [ -36.481473535, -9.726855331 ], [ -36.481194473, -9.726180936 ], [ -36.480742655, -9.72510357 ], [ -36.48049951, -9.724695466 ], [ -36.476870134, -9.718701457 ], [ -36.476619737, -9.718128407 ], [ -36.476471502, -9.717541261 ], [ -36.476439029, -9.716716285 ], [ -36.476453497, -9.716648143 ], [ -36.476452009, -9.716614338 ], [ -36.476769481, -9.715078153 ], [ -36.476769476, -9.714444678 ], [ -36.476763013, -9.714206767 ], [ -36.476662921, -9.713632998 ], [ -36.475676726, -9.707979675 ], [ -36.47564163, -9.707778482 ], [ -36.475454354, -9.707190635 ], [ -36.474831885, -9.705867451 ], [ -36.474638685, -9.7051732 ], [ -36.474581014, -9.704557796 ], [ -36.474634867, -9.702861688 ], [ -36.475114302, -9.700685216 ], [ -36.475204001, -9.700480031 ], [ -36.475849008, -9.699004587 ], [ -36.475962216, -9.698745629 ], [ -36.476028679, -9.698641716 ], [ -36.478601119, -9.694619835 ], [ -36.478632036, -9.694559923 ], [ -36.479200546, -9.693458291 ], [ -36.479349598, -9.692980067 ], [ -36.479395143, -9.692730339 ], [ -36.479451668, -9.69230431 ], [ -36.479334515, -9.691243056 ], [ -36.478901146, -9.690265873 ], [ -36.47819168, -9.689463213 ], [ -36.477413022, -9.688971034 ], [ -36.475868458, -9.688425322 ], [ -36.475477952, -9.688201622 ], [ -36.475372234, -9.688141062 ], [ -36.475221506, -9.688054717 ], [ -36.474663333, -9.687555505 ], [ -36.474232517, -9.686962404 ], [ -36.474009023, -9.686447033 ], [ -36.473923994, -9.686250954 ], [ -36.473880202, -9.686149967 ], [ -36.473770385, -9.685551101 ], [ -36.473776477, -9.685420818 ], [ -36.473811245, -9.684677456 ], [ -36.474180042, -9.683340715 ], [ -36.474196979, -9.683215071 ], [ -36.474208695, -9.683128168 ], [ -36.474254876, -9.682586427 ], [ -36.474226875, -9.682162626 ], [ -36.474196445, -9.6819002 ], [ -36.474028748, -9.681329357 ], [ -36.473989242, -9.681208498 ], [ -36.473640514, -9.680572955 ], [ -36.472731563, -9.679350314 ], [ -36.47270701, -9.679317287 ], [ -36.470109213, -9.676645203 ], [ -36.470008558, -9.676541669 ], [ -36.469458755, -9.675781731 ], [ -36.469067195, -9.675240517 ], [ -36.468834775, -9.674919267 ], [ -36.468443505, -9.673987624 ], [ -36.468397341, -9.673553369 ], [ -36.468387463, -9.673460445 ], [ -36.468317709, -9.672804257 ], [ -36.468833338, -9.669604111 ], [ -36.46905075, -9.668823408 ], [ -36.470305556, -9.666517974 ], [ -36.470381071, -9.66641309 ], [ -36.470409214, -9.6663609 ], [ -36.471612864, -9.664661394 ], [ -36.471659014, -9.664563189 ], [ -36.471979709, -9.663602174 ], [ -36.472027966, -9.662871494 ], [ -36.471912211, -9.662125288 ], [ -36.471810304, -9.661839745 ], [ -36.470836837, -9.659161017 ], [ -36.470751627, -9.65874772 ], [ -36.470761328, -9.657739611 ], [ -36.470891523, -9.657192318 ], [ -36.471040213, -9.656898211 ], [ -36.471197781, -9.656586542 ], [ -36.471376887, -9.656232276 ], [ -36.472023367, -9.655548808 ], [ -36.472801111, -9.655076744 ], [ -36.473009604, -9.655009528 ], [ -36.4731906, -9.654951176 ], [ -36.473570782, -9.654828608 ], [ -36.477451953, -9.654128731 ], [ -36.478554873, -9.653915866 ], [ -36.479168472, -9.653733351 ], [ -36.480067978, -9.653456026 ], [ -36.481022526, -9.653033728 ], [ -36.481927867, -9.652620525 ], [ -36.483908421, -9.651344561 ], [ -36.484282588, -9.651095281 ], [ -36.484329987, -9.651055779 ], [ -36.484779464, -9.650644469 ], [ -36.485345002, -9.649879095 ], [ -36.48569082, -9.648868146 ], [ -36.48574117, -9.648105752 ], [ -36.485624035, -9.647350617 ], [ -36.485344971, -9.646638538 ], [ -36.484917208, -9.646003275 ], [ -36.484397961, -9.645503454 ], [ -36.481925184, -9.643684644 ], [ -36.479825651, -9.641902877 ], [ -36.479337885, -9.641354919 ], [ -36.478714667, -9.640380058 ], [ -36.478426827, -9.639801829 ], [ -36.477684352, -9.637841423 ], [ -36.47722577, -9.63600391 ], [ -36.476200511, -9.631895748 ], [ -36.476098893, -9.631488566 ], [ -36.476041278, -9.630998371 ], [ -36.476100306, -9.629963665 ], [ -36.476250354, -9.629490018 ], [ -36.476889174, -9.627473509 ], [ -36.476991568, -9.627150293 ], [ -36.477030972, -9.627075305 ], [ -36.478251498, -9.624752558 ], [ -36.478953437, -9.623416722 ], [ -36.47923091, -9.622543267 ], [ -36.479363306, -9.620345278 ], [ -36.479346963, -9.619920346 ], [ -36.479341641, -9.619857698 ], [ -36.479300624, -9.619374827 ], [ -36.478930224, -9.617868933 ], [ -36.478879444, -9.617210135 ], [ -36.478954847, -9.616543716 ], [ -36.479169328, -9.615862181 ], [ -36.479623656, -9.61510075 ], [ -36.479857549, -9.614841829 ], [ -36.479931724, -9.614759716 ], [ -36.480084883, -9.614643977 ], [ -36.480570698, -9.614276858 ], [ -36.480630208, -9.614231889 ], [ -36.481292455, -9.613947896 ], [ -36.48185246, -9.613707749 ], [ -36.48194417, -9.61366842 ], [ -36.482824847, -9.613515798 ], [ -36.482851399, -9.613511196 ], [ -36.483768671, -9.613590838 ], [ -36.484636043, -9.613904138 ], [ -36.48527617, -9.614328607 ], [ -36.48633916, -9.615306427 ], [ -36.48648284, -9.615397268 ], [ -36.486500442, -9.615408396 ], [ -36.487019523, -9.615705817 ], [ -36.487598692, -9.615915019 ], [ -36.488205669, -9.616021234 ], [ -36.48897536, -9.616004567 ], [ -36.489723171, -9.615822966 ], [ -36.490413648, -9.615485041 ], [ -36.49110738, -9.61490734 ], [ -36.491147762, -9.614861248 ], [ -36.49167247, -9.614182352 ], [ -36.492548246, -9.612720045 ], [ -36.492769811, -9.612334776 ], [ -36.493050491, -9.611739665 ], [ -36.493773575, -9.61014685 ], [ -36.493904174, -9.609929643 ], [ -36.494230675, -9.609386623 ], [ -36.494758189, -9.608509286 ], [ -36.494815091, -9.608435156 ], [ -36.495198544, -9.60793561 ], [ -36.496752881, -9.605910695 ], [ -36.497017774, -9.60539917 ], [ -36.497203098, -9.604815816 ], [ -36.497285067, -9.603943397 ], [ -36.497155634, -9.602108823 ], [ -36.496987706, -9.601450745 ], [ -36.496955019, -9.601371282 ], [ -36.49664003, -9.600737383 ], [ -36.496455811, -9.600499119 ], [ -36.496230861, -9.60022255 ], [ -36.495686039, -9.599748365 ], [ -36.495438453, -9.599605258 ], [ -36.494234822, -9.59905723 ], [ -36.493594929, -9.598787717 ], [ -36.492876612, -9.598217934 ], [ -36.492805551, -9.598124109 ], [ -36.492276321, -9.597425336 ], [ -36.491544729, -9.596459373 ], [ -36.490589126, -9.594541207 ], [ -36.490555243, -9.594435627 ], [ -36.490231951, -9.59342823 ], [ -36.489922926, -9.592465282 ], [ -36.489911126, -9.592398466 ], [ -36.489482001, -9.589968538 ], [ -36.489441998, -9.589742021 ], [ -36.48907774, -9.585149868 ], [ -36.487069808, -9.578093416 ], [ -36.486950154, -9.577454535 ], [ -36.486944693, -9.576669178 ], [ -36.487236202, -9.574621682 ], [ -36.487267061, -9.574527548 ], [ -36.487543622, -9.573683935 ], [ -36.487599955, -9.573512093 ], [ -36.488722908, -9.571606424 ], [ -36.48909823, -9.571102996 ], [ -36.489538903, -9.570670361 ], [ -36.491702866, -9.568925689 ], [ -36.491769024, -9.568857838 ], [ -36.492124347, -9.568418404 ], [ -36.492268162, -9.56820094 ], [ -36.492524878, -9.567684237 ], [ -36.492566779, -9.567576417 ], [ -36.492759688, -9.566695938 ], [ -36.492966935, -9.562399497 ], [ -36.492959233, -9.562216439 ], [ -36.492769047, -9.560939439 ], [ -36.492201448, -9.558175676 ], [ -36.488525579, -9.549177641 ], [ -36.488516002, -9.549151317 ], [ -36.488458883, -9.549012291 ], [ -36.486974234, -9.544923488 ], [ -36.486835427, -9.544618666 ], [ -36.486434678, -9.543761804 ], [ -36.482782308, -9.537704863 ], [ -36.482300713, -9.536906204 ], [ -36.482230521, -9.536789802 ], [ -36.480045507, -9.532624613 ], [ -36.477866924, -9.528488493 ], [ -36.47542657, -9.524810888 ], [ -36.475411671, -9.524788525 ], [ -36.474862689, -9.524049467 ], [ -36.473699135, -9.522483054 ], [ -36.473648193, -9.522414473 ], [ -36.472200314, -9.519627101 ], [ -36.471972381, -9.518912132 ], [ -36.471365326, -9.515733422 ], [ -36.469816191, -9.50867078 ], [ -36.469663683, -9.507991352 ], [ -36.469511132, -9.507544265 ], [ -36.467424091, -9.501563284 ], [ -36.465929203, -9.498840443 ], [ -36.465859708, -9.498717881 ], [ -36.463133494, -9.495248212 ], [ -36.462192423, -9.494053482 ], [ -36.458131946, -9.487857906 ], [ -36.457788337, -9.487210088 ], [ -36.456962898, -9.485063488 ], [ -36.456789315, -9.484245386 ], [ -36.456784669, -9.483981465 ], [ -36.456782556, -9.483861471 ], [ -36.456743903, -9.481664933 ], [ -36.456755238, -9.481587896 ], [ -36.457032387, -9.479704277 ], [ -36.457193676, -9.479196426 ], [ -36.457241767, -9.479045004 ], [ -36.457251862, -9.479026253 ], [ -36.457446316, -9.478665079 ], [ -36.457548963, -9.478474421 ], [ -36.45760589, -9.478404003 ], [ -36.457841415, -9.478112659 ], [ -36.457959908, -9.477966081 ], [ -36.458091004, -9.477853812 ], [ -36.45833732, -9.477642866 ], [ -36.458414228, -9.477577003 ], [ -36.458552304, -9.477499213 ], [ -36.459035144, -9.477227187 ], [ -36.45921313, -9.477126912 ], [ -36.46261549, -9.475742454 ], [ -36.465311545, -9.474645398 ], [ -36.46542636, -9.474598679 ], [ -36.466893852, -9.474223643 ], [ -36.468164032, -9.473899032 ], [ -36.46822072, -9.473884545 ], [ -36.470399045, -9.473631108 ], [ -36.474306554, -9.473176489 ], [ -36.474631807, -9.473138648 ], [ -36.475734325, -9.473115839 ], [ -36.476370001, -9.473102688 ], [ -36.48491899, -9.473577 ], [ -36.487849804, -9.473739606 ], [ -36.489730698, -9.473592038 ], [ -36.494329883, -9.472744834 ], [ -36.49665138, -9.472026197 ], [ -36.504706546, -9.468796594 ], [ -36.511197518, -9.465846313 ], [ -36.511242287, -9.465830622 ], [ -36.511253462, -9.465825542 ], [ -36.514769643, -9.464592689 ], [ -36.516832345, -9.463449147 ], [ -36.517795057, -9.462902835 ], [ -36.518302418, -9.462466587 ], [ -36.520394429, -9.460054518 ], [ -36.522803531, -9.456141104 ], [ -36.523104518, -9.455651492 ], [ -36.523223161, -9.455413974 ], [ -36.523799978, -9.454254128 ], [ -36.524392706, -9.452392742 ], [ -36.524589045, -9.451768052 ], [ -36.525040927, -9.449086561 ], [ -36.525032997, -9.445571416 ], [ -36.524988834, -9.445288866 ], [ -36.524911163, -9.444810288 ], [ -36.524292774, -9.442854901 ], [ -36.52365956, -9.441602287 ], [ -36.523109804, -9.440890913 ], [ -36.523085353, -9.440865964 ], [ -36.522408373, -9.440350181 ], [ -36.521379285, -9.439831104 ], [ -36.519039097, -9.438676581 ], [ -36.515995883, -9.436872927 ], [ -36.515379574, -9.436312385 ], [ -36.515113287, -9.435961896 ], [ -36.514701115, -9.435102633 ], [ -36.514579244, -9.434602177 ], [ -36.514562967, -9.433564377 ], [ -36.514990006, -9.431722625 ], [ -36.515252572, -9.431186608 ], [ -36.515559964, -9.43075573 ], [ -36.51613507, -9.430206183 ], [ -36.51683542, -9.429772614 ], [ -36.517512193, -9.429528026 ], [ -36.518314444, -9.429416516 ], [ -36.526260077, -9.430328611 ], [ -36.528212046, -9.430413409 ], [ -36.528274895, -9.430416139 ], [ -36.539906572, -9.429686645 ], [ -36.54283812, -9.430055102 ], [ -36.542891096, -9.43006176 ], [ -36.54666348, -9.431210199 ], [ -36.546789261, -9.431248491 ], [ -36.550039911, -9.431662422 ], [ -36.551262371, -9.431497639 ], [ -36.552527541, -9.431327099 ], [ -36.5552483, -9.430554281 ], [ -36.555990777, -9.430210856 ], [ -36.55658576, -9.429765151 ], [ -36.557086934, -9.429185043 ], [ -36.557447478, -9.428515248 ], [ -36.557656369, -9.427773571 ], [ -36.557704648, -9.426982675 ], [ -36.557538021, -9.425294641 ], [ -36.557480413, -9.424794745 ], [ -36.557479229, -9.424784463 ], [ -36.556517997, -9.421451891 ], [ -36.556422196, -9.420817 ], [ -36.556398597, -9.420660613 ], [ -36.556470852, -9.419781219 ], [ -36.556803519, -9.418874405 ], [ -36.560308629, -9.413978212 ], [ -36.560769938, -9.413436912 ], [ -36.5619057, -9.412548695 ], [ -36.564513437, -9.411182779 ], [ -36.565002119, -9.410810416 ], [ -36.565418259, -9.410359444 ], [ -36.566595789, -9.408348514 ], [ -36.566693837, -9.408178541 ], [ -36.567256442, -9.406550206 ], [ -36.56726964, -9.406516819 ], [ -36.567367047, -9.40627042 ], [ -36.568381823, -9.403703471 ], [ -36.570676945, -9.400434316 ], [ -36.572476211, -9.397014343 ], [ -36.572505814, -9.396980811 ], [ -36.572538271, -9.396944049 ], [ -36.57315374, -9.396246926 ], [ -36.574019638, -9.395713959 ], [ -36.574786598, -9.395485188 ], [ -36.575612989, -9.395419534 ], [ -36.583245889, -9.396035804 ], [ -36.583879613, -9.396145405 ], [ -36.584517589, -9.396372089 ], [ -36.585180437, -9.396756586 ], [ -36.586093142, -9.397440066 ], [ -36.586169025, -9.397496892 ], [ -36.588895207, -9.400048908 ], [ -36.589537844, -9.400457767 ], [ -36.591548374, -9.401209457 ], [ -36.591717095, -9.401230204 ], [ -36.594407065, -9.401560987 ], [ -36.59788916, -9.401326583 ], [ -36.59801106, -9.401304096 ], [ -36.601752506, -9.400531224 ], [ -36.602364172, -9.400465551 ], [ -36.605143701, -9.400587342 ], [ -36.607271592, -9.400979993 ], [ -36.607514282, -9.401009046 ], [ -36.608699735, -9.401113306 ], [ -36.609456416, -9.401094035 ], [ -36.612427737, -9.400605847 ], [ -36.612872372, -9.400470677 ], [ -36.617180702, -9.399160936 ], [ -36.620229626, -9.398234057 ], [ -36.620759838, -9.398072871 ], [ -36.62151647, -9.397990583 ], [ -36.622284901, -9.39806574 ], [ -36.624063874, -9.398740858 ], [ -36.625871306, -9.398923476 ], [ -36.626580465, -9.399122502 ], [ -36.627299048, -9.399506423 ], [ -36.628557029, -9.400562629 ], [ -36.628559369, -9.40056411 ], [ -36.62862333, -9.400622223 ], [ -36.629150651, -9.400976266 ], [ -36.629770508, -9.401247596 ], [ -36.631157626, -9.40160974 ], [ -36.631715873, -9.40186824 ], [ -36.632210335, -9.402212051 ], [ -36.632602805, -9.402625895 ], [ -36.632931114, -9.403116706 ], [ -36.633467417, -9.404270788 ], [ -36.633918614, -9.404882874 ], [ -36.633993469, -9.40494705 ], [ -36.634013894, -9.404975519 ], [ -36.636390729, -9.40705427 ], [ -36.638318432, -9.408006208 ], [ -36.638327525, -9.408011182 ], [ -36.639090799, -9.408507059 ], [ -36.639171453, -9.408559458 ], [ -36.64022548, -9.40948008 ], [ -36.640774206, -9.409790729 ], [ -36.640865085, -9.409842177 ], [ -36.641175322, -9.409935704 ], [ -36.641503116, -9.410034525 ], [ -36.64235051, -9.410108145 ], [ -36.643258986, -9.409949074 ], [ -36.644095044, -9.409561933 ], [ -36.644695092, -9.409083699 ], [ -36.645778884, -9.407721844 ], [ -36.64635685, -9.407226772 ], [ -36.647947858, -9.406354034 ], [ -36.649360032, -9.405767349 ], [ -36.649901471, -9.405539098 ], [ -36.650188367, -9.405355667 ], [ -36.650612878, -9.405020195 ], [ -36.650830283, -9.404822366 ], [ -36.651323284, -9.404139066 ], [ -36.657064143, -9.39374376 ], [ -36.659960038, -9.389814317 ], [ -36.660172679, -9.389617639 ], [ -36.660491038, -9.389323177 ], [ -36.660892074, -9.388952242 ], [ -36.661408583, -9.388579676 ], [ -36.661414801, -9.388577242 ], [ -36.662497841, -9.388153149 ], [ -36.663779371, -9.388126138 ], [ -36.664373952, -9.38827404 ], [ -36.66524527, -9.388715515 ], [ -36.666045757, -9.38947923 ], [ -36.666453659, -9.390172302 ], [ -36.666910024, -9.39124603 ], [ -36.667471566, -9.391972784 ], [ -36.668338548, -9.392604083 ], [ -36.668907603, -9.39283816 ], [ -36.669508943, -9.392970551 ], [ -36.670278136, -9.392987219 ], [ -36.670884719, -9.392881002 ], [ -36.671029678, -9.392826361 ], [ -36.672764415, -9.392172461 ], [ -36.67335603, -9.391838086 ], [ -36.675533162, -9.390200242 ], [ -36.679162758, -9.386042777 ], [ -36.679467411, -9.385520077 ], [ -36.680683029, -9.382912924 ], [ -36.682892465, -9.37312483 ], [ -36.68291826, -9.373005883 ], [ -36.683930711, -9.367573545 ], [ -36.685346081, -9.364136973 ], [ -36.685681729, -9.363515432 ], [ -36.686159866, -9.362930342 ], [ -36.686261276, -9.362848604 ], [ -36.68646738, -9.362682478 ], [ -36.686728167, -9.362472278 ], [ -36.686822724, -9.362423718 ], [ -36.687180935, -9.362239754 ], [ -36.687348572, -9.362153663 ], [ -36.687429176, -9.362131274 ], [ -36.687918762, -9.361995288 ], [ -36.688079071, -9.361950761 ], [ -36.688252041, -9.361936925 ], [ -36.688713075, -9.361900047 ], [ -36.69047289, -9.362012104 ], [ -36.690486265, -9.362012956 ], [ -36.694339922, -9.363020417 ], [ -36.695082151, -9.363036501 ], [ -36.695836679, -9.362887443 ], [ -36.696401737, -9.362655403 ], [ -36.69774474, -9.361860297 ], [ -36.702059506, -9.358293741 ], [ -36.702187914, -9.358167593 ], [ -36.703093925, -9.357017015 ], [ -36.703885154, -9.356000064 ], [ -36.705142289, -9.353665377 ], [ -36.707324463, -9.347538732 ], [ -36.708373933, -9.344576357 ], [ -36.708393613, -9.344536997 ], [ -36.711711578, -9.33790133 ], [ -36.712119216, -9.337086087 ], [ -36.712592426, -9.33586238 ], [ -36.714372393, -9.331246032 ], [ -36.714799748, -9.329617074 ], [ -36.715009, -9.328795646 ], [ -36.715474033, -9.324762842 ], [ -36.715390903, -9.322563738 ], [ -36.714966998, -9.320650978 ], [ -36.714887964, -9.320301885 ], [ -36.714475385, -9.319402638 ], [ -36.712186238, -9.316216576 ], [ -36.709713671, -9.314022674 ], [ -36.709708777, -9.314018333 ], [ -36.707659255, -9.312501925 ], [ -36.707643774, -9.31249047 ], [ -36.707571666, -9.312406976 ], [ -36.707204891, -9.311982291 ], [ -36.707181397, -9.311955088 ], [ -36.707122936, -9.311854508 ], [ -36.706893942, -9.311460527 ], [ -36.706858155, -9.311398955 ], [ -36.706757036, -9.311110824 ], [ -36.706643699, -9.310787872 ], [ -36.706635919, -9.310765707 ], [ -36.706560328, -9.310249798 ], [ -36.706535463, -9.310080092 ], [ -36.706531517, -9.310053161 ], [ -36.706663563, -9.303847137 ], [ -36.70766872, -9.300382879 ], [ -36.707995222, -9.299613998 ], [ -36.709399045, -9.297631061 ], [ -36.709446607, -9.297580483 ], [ -36.709468252, -9.297550014 ], [ -36.711329361, -9.295553373 ], [ -36.711752471, -9.294825384 ], [ -36.71198217, -9.294003789 ], [ -36.71199982, -9.293863111 ], [ -36.712299495, -9.291474568 ], [ -36.71240897, -9.290602007 ], [ -36.712485004, -9.2902845 ], [ -36.712924081, -9.288450952 ], [ -36.712930082797001, -9.288425888821999 ], [ -36.721289902, -9.285521512 ], [ -36.729663625, -9.282612304 ], [ -36.739443166253999, -9.279214685535001 ], [ -36.739350136, -9.279802189 ], [ -36.739355169, -9.28339317 ], [ -36.740946556, -9.292586374 ], [ -36.741211577, -9.293425304 ], [ -36.741311804, -9.293587503 ], [ -36.741398989, -9.293728595 ], [ -36.74167562, -9.29417627 ], [ -36.741800329, -9.294297966 ], [ -36.742072079, -9.294563149 ], [ -36.742254462, -9.294741126 ], [ -36.742331248, -9.294788925 ], [ -36.742604007, -9.294958719 ], [ -36.742905352, -9.295146308 ], [ -36.745714118, -9.29645647 ], [ -36.748868956, -9.298729616 ], [ -36.750352063, -9.300393407 ], [ -36.750368404, -9.300411936 ], [ -36.754047069, -9.305699489 ], [ -36.754122148, -9.305779079 ], [ -36.754492113, -9.306171278 ], [ -36.754813059, -9.306511514 ], [ -36.755012025, -9.306624187 ], [ -36.755183125, -9.30672108 ], [ -36.755719628, -9.3070249 ], [ -36.75682294, -9.307260425 ], [ -36.758397408, -9.307293738 ], [ -36.759662696, -9.30720442 ], [ -36.759977434, -9.307182202 ], [ -36.760571897, -9.307056049 ], [ -36.762726529, -9.3062901 ], [ -36.763299108, -9.306077199 ], [ -36.76386471, -9.305775953 ], [ -36.766296494, -9.304113604 ], [ -36.767787144, -9.302547826 ], [ -36.768172273, -9.301971885 ], [ -36.768319049, -9.301743026 ], [ -36.768368252, -9.301597281 ], [ -36.768617465, -9.300747945 ], [ -36.768627385, -9.30050477 ], [ -36.768608929, -9.299664931 ], [ -36.768592745, -9.299585872 ], [ -36.767079846, -9.29505577 ], [ -36.767023976, -9.294844891 ], [ -36.766729256, -9.293732478 ], [ -36.766596625, -9.293231868 ], [ -36.766272832, -9.291375544 ], [ -36.765738374, -9.288311459 ], [ -36.765717488, -9.288191725 ], [ -36.765568707, -9.28629503 ], [ -36.765572242, -9.286163716 ], [ -36.765665251, -9.282707506 ], [ -36.765668402, -9.282590418 ], [ -36.76618449, -9.280150477 ], [ -36.767193268, -9.278140226 ], [ -36.767327698, -9.27787234 ], [ -36.767389566, -9.27774905 ], [ -36.767760891, -9.27720685 ], [ -36.770296732, -9.274167874 ], [ -36.770743911415998, -9.273751309610001 ], [ -36.771998976513999, -9.274072276748999 ], [ -36.774083377, -9.274605336 ], [ -36.774552549, -9.274725321 ], [ -36.776829542, -9.275307633 ], [ -36.796832645, -9.280423176 ], [ -36.825441465, -9.286410296 ], [ -36.836041247, -9.288628569 ], [ -36.837147732, -9.288503568 ], [ -36.837899106, -9.288418685 ], [ -36.839710637, -9.288213994 ], [ -36.839711559610997, -9.288213964303999 ], [ -36.839712439, -9.288213936 ], [ -36.840246372, -9.287578688 ], [ -36.840313028525998, -9.287305265189 ], [ -36.840837088, -9.285155591 ], [ -36.844201014, -9.282342402 ], [ -36.844569396, -9.2816794 ], [ -36.846776739, -9.277706693 ], [ -36.848309626404003, -9.276733551478999 ], [ -36.848370028, -9.276695206 ], [ -36.850391139, -9.275872502 ], [ -36.851860315282998, -9.276018418201 ], [ -36.85319928, -9.276151402 ], [ -36.856013935, -9.272908556 ], [ -36.856015095516, -9.272908523835 ], [ -36.856015739, -9.272908506 ], [ -36.856344273334997, -9.272874722135001 ], [ -36.85678899, -9.272828991 ], [ -36.856953823950001, -9.272928296698 ], [ -36.857672841, -9.273361475 ], [ -36.858352225, -9.272668201 ], [ -36.86444784, -9.269809815 ], [ -36.864449507243997, -9.269809858125999 ], [ -36.864449657, -9.269809862 ], [ -36.865814212, -9.269817908 ], [ -36.866856590546, -9.269007764267 ], [ -36.867072436751002, -9.268840007121 ], [ -36.867469375, -9.268531504 ], [ -36.867471175, -9.26853144 ], [ -36.871259436, -9.268084578 ], [ -36.871261151, -9.268084762 ], [ -36.872962697, -9.268682588 ], [ -36.875077998, -9.274348035 ], [ -36.879220765291002, -9.276133035899999 ], [ -36.879781559, -9.276374666 ], [ -36.874772472, -9.276960807 ], [ -36.878591751915998, -9.278375563499999 ], [ -36.879746878, -9.278803451 ], [ -36.879748473, -9.278804057 ], [ -36.884133432, -9.280914978 ], [ -36.884922549, -9.28129478 ], [ -36.884997352, -9.281330718 ], [ -36.885057959021999, -9.281359882373 ], [ -36.885081734, -9.281371323 ], [ -36.889793684, -9.283638739 ], [ -36.892550185296002, -9.282813421001 ], [ -36.897945372, -9.28119806 ], [ -36.899040717409001, -9.281848022153 ], [ -36.900827734, -9.282908412 ], [ -36.913692247, -9.296055647 ], [ -36.913774535502, -9.296170295215999 ], [ -36.913778521, -9.296175848 ], [ -36.915820466, -9.299020804 ], [ -36.918058425, -9.304786601 ], [ -36.921414952, -9.30955783 ], [ -36.921818566, -9.311254775 ], [ -36.921763347, -9.312217615 ], [ -36.921752711, -9.312403078 ], [ -36.921683367, -9.313612215 ], [ -36.921616318, -9.314770576 ], [ -36.922320408, -9.318165835 ], [ -36.926762624, -9.322891871 ], [ -36.926956023411002, -9.323773173537999 ], [ -36.927315468, -9.325411128 ], [ -36.926890745011001, -9.326856740247999 ], [ -36.926788174, -9.327205857 ], [ -36.926232938585997, -9.327704620144001 ], [ -36.924970296, -9.328838841 ], [ -36.92276681, -9.329982171 ], [ -36.921713432544003, -9.331429476963001 ], [ -36.920943433, -9.332487431 ], [ -36.920982419014003, -9.333876345670999 ], [ -36.921028491, -9.335517705 ], [ -36.921834573264, -9.338272852978999 ], [ -36.922270217, -9.339761861 ], [ -36.922980457301001, -9.340655386864 ], [ -36.925347001, -9.343632644 ], [ -36.927138326677003, -9.344920464375001 ], [ -36.930029445, -9.346998948 ], [ -36.930029856954, -9.346999026207 ], [ -36.930031178, -9.346999277 ], [ -36.935058279, -9.348749365 ], [ -36.935860488784002, -9.349360168572 ], [ -36.936551464, -9.349886278 ], [ -36.937877042, -9.352821312 ], [ -36.938402712, -9.355676994 ], [ -36.936767594, -9.361214152 ], [ -36.934306977886997, -9.364643306141 ], [ -36.930437174, -9.370036327 ], [ -36.931099563, -9.371581503 ], [ -36.933253733, -9.374418743 ], [ -36.936849924, -9.377425376 ], [ -36.940269573, -9.380284452 ], [ -36.944007321, -9.382340203 ], [ -36.944008217667481, -9.382340563951496 ], [ -36.944007321, -9.382340202999959 ], [ -36.944008891, -9.38234083499998 ], [ -36.945820585044736, -9.382839260249181 ], [ -36.946485849999945, -9.383022284999983 ], [ -36.946486392860216, -9.383022335333434 ], [ -36.946485966430899, -9.383022295795355 ], [ -36.946487608, -9.383022448 ], [ -36.952431869, -9.382543474 ], [ -36.952433679, -9.382543444 ], [ -36.955464647, -9.381251129 ], [ -36.958528738, -9.378700568 ], [ -36.961286826, -9.375635195 ], [ -36.969287387, -9.369048671 ], [ -36.976059273, -9.362183769 ], [ -36.976172813, -9.362068735 ], [ -36.976952914, -9.361388412 ], [ -36.979081183, -9.359530713 ], [ -36.979640393, -9.359328251 ], [ -36.982430452, -9.358317711 ], [ -36.982432117, -9.358317276 ], [ -36.987501466, -9.35727101 ], [ -36.991265772, -9.356494092 ], [ -36.991267449, -9.356493653 ], [ -36.997204920178, -9.354589238240999 ], [ -37.003364641, -9.352613538 ], [ -37.006827321, -9.346821189 ], [ -37.01283976, -9.339330459 ], [ -37.016742173, -9.329875973 ], [ -37.018377979, -9.323927493 ], [ -37.020597338, -9.319854902 ], [ -37.023282476665003, -9.316844427041 ], [ -37.024289813, -9.31571504 ], [ -37.027542450848998, -9.314406724901 ], [ -37.028511456, -9.31401696 ], [ -37.028513274, -9.314017019 ], [ -37.032282364, -9.314090314 ], [ -37.032284127, -9.314090572 ], [ -37.039107607875003, -9.316019050614001 ], [ -37.039790853, -9.316212152 ], [ -37.039792615, -9.316212424 ], [ -37.040677222478003, -9.316242419610001 ], [ -37.043408004, -9.316335016 ], [ -37.043409171901999, -9.316334915103001 ], [ -37.043409775, -9.316334863 ], [ -37.044958992231997, -9.316003724542 ], [ -37.045529266, -9.315881831 ], [ -37.047524886, -9.314891292 ], [ -37.049794805079998, -9.312659872825 ], [ -37.050849176, -9.311623385 ], [ -37.053063205, -9.308322952 ], [ -37.054201085138999, -9.307348443479 ], [ -37.054452642, -9.307133004 ], [ -37.054453163868999, -9.307133141405 ], [ -37.054454184, -9.30713341 ], [ -37.055340165, -9.307447566 ], [ -37.055932625593002, -9.309148203777999 ], [ -37.057254715, -9.312943216 ], [ -37.05758441, -9.317540184 ], [ -37.057585406709002, -9.317537732651999 ], [ -37.057585951, -9.317536394 ], [ -37.059368144, -9.313151157 ], [ -37.060788783, -9.307958226 ], [ -37.061519049, -9.304816675 ], [ -37.061537934, -9.304735435 ], [ -37.061671224, -9.304162029 ], [ -37.061925537, -9.297368756 ], [ -37.058332154, -9.291345624 ], [ -37.057199611, -9.281788383 ], [ -37.063254503, -9.274130428 ], [ -37.06730331, -9.267240254 ], [ -37.072557226, -9.262539685 ], [ -37.075571913837003, -9.259135029711 ], [ -37.078113427, -9.256264757 ], [ -37.078764905269999, -9.255736651995999 ], [ -37.080034305, -9.254707644 ], [ -37.080035951, -9.254706627 ], [ -37.080100215451999, -9.254654328448 ], [ -37.080236861, -9.254543126 ], [ -37.080748131339, -9.254128661755001 ], [ -37.080904819, -9.254001642 ], [ -37.090672549, -9.246362098 ], [ -37.095769805334001, -9.244898720376 ], [ -37.098608406, -9.244083783 ], [ -37.106271004, -9.239783442 ], [ -37.108173747, -9.238715584 ], [ -37.108175296, -9.238715896 ], [ -37.113253472944997, -9.240070903114001 ], [ -37.116475557, -9.24093065 ], [ -37.122520118, -9.2483559 ], [ -37.126088102536002, -9.252738618025001 ], [ -37.126262148, -9.252952406 ], [ -37.127268601445003, -9.254908824444 ], [ -37.129426871, -9.259104228 ], [ -37.129567036280001, -9.259376724805 ], [ -37.129918932, -9.260060849 ], [ -37.129920328, -9.260063412 ], [ -37.14239394, -9.268079277 ], [ -37.142395713, -9.268079539 ], [ -37.142612906335998, -9.268134904822 ], [ -37.143032651, -9.268241904 ], [ -37.143064033, -9.268249809 ], [ -37.150986181, -9.270268164 ], [ -37.151601459223002, -9.270424943729999 ], [ -37.151941060273003, -9.270511477852001 ], [ -37.152582069, -9.270674814 ], [ -37.156528251, -9.273415489 ], [ -37.156530009, -9.273415779 ], [ -37.164333948, -9.275705205 ], [ -37.164335706, -9.275705495 ], [ -37.169388149, -9.272434049 ], [ -37.169102635, -9.265710217 ], [ -37.169085084, -9.265701509 ], [ -37.169080183, -9.265591971 ], [ -37.169061347, -9.265487807 ], [ -37.168612025, -9.263003024 ], [ -37.168912883947002, -9.261636539333001 ], [ -37.169721596, -9.257963414 ], [ -37.168494969595997, -9.252731691352 ], [ -37.168282607, -9.251825937 ], [ -37.164169425, -9.246908755 ], [ -37.160750912, -9.243969415 ], [ -37.158587687, -9.24012757 ], [ -37.158946681, -9.239101721 ], [ -37.159863904, -9.238248609 ], [ -37.181254561, -9.22558393 ], [ -37.182245479, -9.22499722 ], [ -37.19831522, -9.215482534 ], [ -37.198539419520003, -9.215668314358 ], [ -37.198710123936003, -9.215809766613001 ], [ -37.199554028183996, -9.21650905818 ], [ -37.200645096, -9.217413159 ], [ -37.202310072, -9.217860278 ], [ -37.206527778, -9.217651629 ], [ -37.206975525894997, -9.217946716799 ], [ -37.207158719280997, -9.218067450215999 ], [ -37.207423502, -9.218241955 ], [ -37.207534325, -9.218314858 ], [ -37.207821264829001, -9.218700984618 ], [ -37.208919969, -9.220179479 ], [ -37.212170509, -9.221116792 ], [ -37.216166963, -9.226264317 ], [ -37.220306687, -9.228031393 ], [ -37.221984977693999, -9.229922192089001 ], [ -37.222811893, -9.230853813 ], [ -37.225051339220997, -9.232830999038001 ], [ -37.230448249, -9.23759588 ], [ -37.232981980079998, -9.239274658739999 ], [ -37.234341489, -9.240175431 ], [ -37.234008703, -9.236853828 ], [ -37.234422367, -9.234136128 ], [ -37.234342999284003, -9.233839101200999 ], [ -37.233891369, -9.232148914 ], [ -37.231006412, -9.230977025 ], [ -37.230444683022, -9.230397632467 ], [ -37.230398811, -9.230350318 ], [ -37.230216484475001, -9.229806723535001 ], [ -37.229235622, -9.226882347 ], [ -37.229226004, -9.226853686 ], [ -37.228783857, -9.225536018 ], [ -37.230400167, -9.223600988 ], [ -37.232356006, -9.222317101 ], [ -37.233033656, -9.217526352 ], [ -37.232678758641001, -9.212780204674001 ], [ -37.232613761, -9.211910972 ], [ -37.233559296, -9.210850939 ], [ -37.233555204, -9.206585762 ], [ -37.234811661, -9.204531969 ], [ -37.236749618, -9.203670005 ], [ -37.23917109, -9.203318724 ], [ -37.24086414, -9.199780508 ], [ -37.240618535, -9.198475093 ], [ -37.243001863, -9.196397899 ], [ -37.244134335806002, -9.194181291416999 ], [ -37.244614824, -9.193240824 ], [ -37.245255583598997, -9.192396956788 ], [ -37.246785315, -9.190382332 ], [ -37.245169271, -9.187567035 ], [ -37.24323149, -9.18603798 ], [ -37.245221429, -9.183660328 ], [ -37.246847007836998, -9.179603814217 ], [ -37.247081593, -9.179018424 ], [ -37.247723342256997, -9.178673209827 ], [ -37.248590958, -9.178206496 ], [ -37.249141075990003, -9.176717857998 ], [ -37.249251031, -9.176420316 ], [ -37.250790686245999, -9.175198408537 ], [ -37.252993638, -9.173450093 ], [ -37.25525124, -9.170257926 ], [ -37.259837876, -9.165163416 ], [ -37.25983963, -9.165162471 ], [ -37.259934448, -9.165098844 ], [ -37.260043176, -9.165025869 ], [ -37.262008602, -9.163711885 ], [ -37.262386578079997, -9.161993273194 ], [ -37.262615633, -9.160951788 ], [ -37.262557195603002, -9.160698588833 ], [ -37.262400092, -9.160017886 ], [ -37.262230517, -9.15928323 ], [ -37.262559525, -9.158881705 ], [ -37.266558621, -9.159048646 ], [ -37.266799362374996, -9.158930396144999 ], [ -37.266995134, -9.158834235 ], [ -37.268200064, -9.158242387 ], [ -37.270975097, -9.15582347 ], [ -37.276313538, -9.153531501 ], [ -37.276314511227, -9.153531219434001 ], [ -37.276315166, -9.15353103 ], [ -37.277808151, -9.15332038 ], [ -37.278487998, -9.152500071 ], [ -37.278489795, -9.152497284 ], [ -37.278863975, -9.152045562 ], [ -37.278925885, -9.151136066 ], [ -37.280896301, -9.150275489 ], [ -37.282285808, -9.148841809 ], [ -37.287928111, -9.136349346 ], [ -37.291627812172003, -9.129744358071999 ], [ -37.296572196, -9.120917268 ], [ -37.296802398, -9.120789297 ], [ -37.296882706405, -9.120745511659999 ], [ -37.296948832, -9.120709459 ], [ -37.297013089, -9.120673729 ], [ -37.303653037, -9.11698154 ], [ -37.31105813, -9.107544855 ], [ -37.311074651802997, -9.107437769025999 ], [ -37.311453605, -9.104981586 ], [ -37.310676732, -9.102557893 ], [ -37.310693694127004, -9.100963757859001 ], [ -37.310699493, -9.100418768 ], [ -37.313432243, -9.097749912 ], [ -37.314391943, -9.096812652 ], [ -37.314522610094997, -9.096227002547 ], [ -37.314804139, -9.094965191 ], [ -37.31551923, -9.094271934 ], [ -37.316375892940997, -9.093443572409999 ], [ -37.317172904, -9.092672892 ], [ -37.317453122, -9.092401932 ], [ -37.322117357, -9.093285363 ], [ -37.323868112, -9.094040053 ], [ -37.323935614893003, -9.094025719551 ], [ -37.327703327, -9.09322569 ], [ -37.330889617, -9.090705963 ], [ -37.331581298688, -9.089966884513 ], [ -37.332369478, -9.089124696 ], [ -37.333457082, -9.087006627 ], [ -37.333636248703002, -9.086219851831 ], [ -37.334006013, -9.084596105 ], [ -37.334102331792998, -9.083451913244 ], [ -37.334148267, -9.082906239 ], [ -37.334244956288998, -9.082563478095 ], [ -37.334442678, -9.08186256 ], [ -37.336080876, -9.079968641 ], [ -37.336114466, -9.079929806 ], [ -37.336170678089999, -9.079864819764 ], [ -37.336212134, -9.079816893 ], [ -37.336435796652999, -9.079558316764 ], [ -37.33676787, -9.079174407 ], [ -37.337960545144, -9.077795555328001 ], [ -37.33861764, -9.077035888 ], [ -37.338961832, -9.076637969 ], [ -37.353224627842003, -9.060148758002001 ], [ -37.358639084, -9.053889108 ], [ -37.391413127, -9.026983169 ], [ -37.392417994, -9.026759865 ], [ -37.393869469, -9.026983169 ], [ -37.393929861227001, -9.027022784014999 ], [ -37.395568285, -9.028097528 ], [ -37.395688004157002, -9.027485871793999 ], [ -37.395866125, -9.026575836 ], [ -37.396235530303997, -9.025916597793 ], [ -37.396309268, -9.025785006 ], [ -37.396328510266997, -9.025774743445 ], [ -37.396328630486998, -9.025774679327 ], [ -37.396362010809, -9.025756876467 ], [ -37.396815778, -9.025514867 ], [ -37.396849528205998, -9.025211116645 ], [ -37.396883313, -9.024907055 ], [ -37.396682939263997, -9.024180701598 ], [ -37.396613174, -9.023927803 ], [ -37.395937827, -9.022475807 ], [ -37.39590406, -9.021125114 ], [ -37.396057771936, -9.020466347629 ], [ -37.396140431, -9.020112094 ], [ -37.396984615, -9.01940298 ], [ -37.397429425558997, -9.019095033838999 ], [ -37.397862566, -9.018795167 ], [ -37.398374623, -9.018659533 ], [ -37.39990396, -9.018203014 ], [ -37.400488899506001, -9.018123968626 ], [ -37.40074852, -9.018088885 ], [ -37.401114318269997, -9.018238529465 ], [ -37.401752861, -9.018499751 ], [ -37.401987976575001, -9.018514445804 ], [ -37.402118075, -9.018522577 ], [ -37.402287639218002, -9.018324752698 ], [ -37.402391987, -9.018203014 ], [ -37.402574594, -9.017906277 ], [ -37.402848505, -9.017198673 ], [ -37.403305024, -9.016445418 ], [ -37.403441743492998, -9.0161533353 ], [ -37.40372965, -9.015538262 ], [ -37.403973802956003, -9.014981750152 ], [ -37.404012628, -9.014893254 ], [ -37.404195235, -9.014276954 ], [ -37.405499748, -9.013003232 ], [ -37.405510077023997, -9.012993146555999 ], [ -37.405526124, -9.012977478 ], [ -37.405829508526999, -9.01268068906 ], [ -37.406181091, -9.01233675 ], [ -37.406888695, -9.011948709 ], [ -37.407687603, -9.011674798 ], [ -37.408346131, -9.011371974 ], [ -37.409274385, -9.010815021 ], [ -37.409895222, -9.010337454 ], [ -37.410270994907997, -9.010048398361 ], [ -37.410481116, -9.009886767 ], [ -37.410991656, -9.009283401 ], [ -37.411873498, -9.009144163 ], [ -37.413126642, -9.009190576 ], [ -37.413354486307, -9.009004157727 ], [ -37.413637182, -9.008772861 ], [ -37.413761611036001, -9.00852400248 ], [ -37.413915658, -9.008215908 ], [ -37.41467195, -9.007682782 ], [ -37.416502459, -9.006564138 ], [ -37.417366865, -9.00651329 ], [ -37.418739747, -9.006869222 ], [ -37.420468561, -9.007021765 ], [ -37.422858391, -9.006665833 ], [ -37.423926188, -9.006665833 ], [ -37.42509568, -9.007377697 ], [ -37.426224280938001, -9.007513128828 ], [ -37.426366866, -9.007530239 ], [ -37.427095679200001, -9.007261729112001 ], [ -37.427332968, -9.007174307 ], [ -37.428121104, -9.007423192180999 ], [ -37.42829907, -9.007479392 ], [ -37.429926188, -9.007631934 ], [ -37.431197375, -9.007682782 ], [ -37.432926189, -9.007072612 ], [ -37.433662904666001, -9.00683820259 ], [ -37.434044833, -9.00671668 ], [ -37.434655002, -9.006767528 ], [ -37.435773647, -9.006767528 ], [ -37.436992376291002, -9.006502586623 ], [ -37.43811263, -9.006259053 ], [ -37.438646341698004, -9.006110799686001 ], [ -37.439485511, -9.005877697 ], [ -37.44090924, -9.005292951 ], [ -37.441521518763999, -9.004821967905 ], [ -37.441570257, -9.004784477 ], [ -37.442155003, -9.004174307 ], [ -37.442516564933001, -9.004108568623 ], [ -37.442993986, -9.004021765 ], [ -37.443304606737001, -9.004083888984001 ], [ -37.443756698, -9.004174307 ], [ -37.444315681783003, -9.004282497088999 ], [ -37.444544834, -9.004326849 ], [ -37.445205851, -9.004199731 ], [ -37.447036359, -9.003437019 ], [ -37.448027885, -9.00290312 ], [ -37.449044834, -9.002648883 ], [ -37.449661616299998, -9.002594779581001 ], [ -37.450493987, -9.002521765 ], [ -37.451816021, -9.002470917 ], [ -37.452604156, -9.002242103 ], [ -37.453265173, -9.001555663 ], [ -37.453875343, -9.001428544 ], [ -37.454180133156001, -9.001571974911 ], [ -37.454307546, -9.001631934 ], [ -37.454841445, -9.001581086 ], [ -37.455400767, -9.001682781 ], [ -37.45603636, -9.001682781 ], [ -37.456304851885001, -9.001572943672 ], [ -37.456595682, -9.001453968 ], [ -37.457099457, -9.001541563 ], [ -37.460195096, -9.001143552 ], [ -37.460361428761999, -9.001096028405 ], [ -37.461123787, -9.000878212 ], [ -37.462096702, -9.000347531 ], [ -37.46466166, -8.999330392 ], [ -37.466165256, -8.998799711 ], [ -37.466585379, -8.998799711 ], [ -37.468199533, -8.998578594 ], [ -37.468502867954001, -8.998393217117 ], [ -37.468617618, -8.99832309 ], [ -37.477416594, -8.992970487 ], [ -37.477809949, -8.992624745 ], [ -37.478398755, -8.99253233 ], [ -37.478677845642999, -8.992611317853999 ], [ -37.479231262, -8.992767945 ], [ -37.479694131481999, -8.992856110382 ], [ -37.479890984, -8.992893606 ], [ -37.480169486318999, -8.992713399076999 ], [ -37.480425045, -8.992548038 ], [ -37.481020622240003, -8.991779201763 ], [ -37.481288967, -8.991432793 ], [ -37.482121474, -8.990380378 ], [ -37.48268695, -8.989594995 ], [ -37.483048227, -8.989312257 ], [ -37.483060936, -8.989312187 ], [ -37.483477898, -8.989309914 ], [ -37.483979586, -8.988975775 ], [ -37.484509485, -8.989051475 ], [ -37.485493584, -8.989682307 ], [ -37.486225349, -8.990313139 ], [ -37.486755248, -8.990943971 ], [ -37.487638413, -8.991120604 ], [ -37.488420645, -8.990943971 ], [ -37.48968231, -8.991372937 ], [ -37.49018754, -8.991685139 ], [ -37.490295053, -8.991751576 ], [ -37.49129724, -8.992029003 ], [ -37.491702865, -8.992422491 ], [ -37.491798844, -8.992515599 ], [ -37.492102028, -8.992721763 ], [ -37.492170312135002, -8.992766786761001 ], [ -37.492478985, -8.992970313 ], [ -37.492729876, -8.993123686 ], [ -37.492886462, -8.993334724 ], [ -37.493039749045003, -8.99338837408 ], [ -37.493085232, -8.993404293 ], [ -37.493205391, -8.993359601 ], [ -37.493290173, -8.993267446 ], [ -37.493422867, -8.993126676 ], [ -37.493522402, -8.993005729 ], [ -37.493572967943003, -8.9929332522 ], [ -37.493633015, -8.992847186 ], [ -37.493633015, -8.992518642 ], [ -37.493506497147003, -8.992297235409 ], [ -37.493451749, -8.992201426 ], [ -37.493213838, -8.991782249 ], [ -37.492987256, -8.991272439 ], [ -37.493003918, -8.991116925 ], [ -37.493018558, -8.99098028 ], [ -37.493021243, -8.990955223 ], [ -37.492944692, -8.990769314 ], [ -37.492941939, -8.990762628 ], [ -37.492758400862002, -8.990683968895 ], [ -37.492670803, -8.990646427 ], [ -37.492648592677, -8.990629486915999 ], [ -37.492505666, -8.990520475 ], [ -37.492454544552999, -8.990319139103001 ], [ -37.492443458, -8.990275476 ], [ -37.492503486155996, -8.990171426967001 ], [ -37.492582465, -8.99003453 ], [ -37.492627292858003, -8.989830630279 ], [ -37.492630512, -8.989815988 ], [ -37.492625027046003, -8.989775703557999 ], [ -37.492602065, -8.989607058 ], [ -37.492482548, -8.989341463 ], [ -37.492398141, -8.989153894 ], [ -37.49242133, -8.98844916 ], [ -37.492344709, -8.987555247 ], [ -37.492510721, -8.987006129 ], [ -37.492893827, -8.986546403 ], [ -37.493340783, -8.986520862 ], [ -37.493596186, -8.986405931 ], [ -37.493661219, -8.986048254 ], [ -37.493519565, -8.985831273 ], [ -37.493251392, -8.985397087 ], [ -37.49313646, -8.98495013 ], [ -37.493264162, -8.984720267 ], [ -37.493711118, -8.984375472 ], [ -37.493966522, -8.983902976 ], [ -37.493978194, -8.983766794 ], [ -37.494004832, -8.983456019 ], [ -37.494477329, -8.982230082 ], [ -37.495115838, -8.981451101 ], [ -37.495703266, -8.981208467 ], [ -37.495856508, -8.980761511 ], [ -37.49581408, -8.980167191 ], [ -37.495805428, -8.979727127 ], [ -37.495639415, -8.979203549 ], [ -37.495690496, -8.978858754 ], [ -37.4959459, -8.978475649 ], [ -37.496060831, -8.977913761 ], [ -37.496354545, -8.977415724 ], [ -37.496507788, -8.976841066 ], [ -37.496558868, -8.976240867 ], [ -37.496941974, -8.975398035 ], [ -37.497159067, -8.975168172 ], [ -37.497133526, -8.974938309 ], [ -37.496980284, -8.974861688 ], [ -37.496788732, -8.974836148 ], [ -37.49666103, -8.974644595 ], [ -37.496750421, -8.974414732 ], [ -37.496801502, -8.973916695 ], [ -37.496954744, -8.973737912 ], [ -37.497044135, -8.973405887 ], [ -37.497005825, -8.973099403 ], [ -37.496966315828892, -8.973033554496068 ], [ -37.4968908929999, -8.972907849999959 ], [ -37.496855532322748, -8.972719261874959 ], [ -37.496852582, -8.972703527 ], [ -37.49685258200001, -8.972703527 ], [ -37.496852582, -8.972703526999959 ], [ -37.496921672803644, -8.972609312625432 ], [ -37.49685258200001, -8.972703526999979 ], [ -37.49685258200001, -8.972703526999988 ], [ -37.496993054, -8.972511975 ], [ -37.497111065, -8.972264742 ], [ -37.497093142, -8.972037269 ], [ -37.49689992, -8.971951665 ], [ -37.49670349, -8.971927679 ], [ -37.496456707, -8.971732994 ], [ -37.496507788, -8.971515901 ], [ -37.496852582, -8.971413739 ], [ -37.497082446, -8.971260497 ], [ -37.497402394, -8.970877005 ], [ -37.497794515, -8.970645297 ], [ -37.498186635, -8.970680945 ], [ -37.498507461, -8.970556179 ], [ -37.498721346, -8.970288824 ], [ -37.498846111, -8.969771938 ], [ -37.498756993, -8.969272875 ], [ -37.498917406, -8.969076814 ], [ -37.499184761, -8.968952049 ], [ -37.499487763, -8.968773812 ], [ -37.499719471, -8.968399515 ], [ -37.49986206, -8.96813216 ], [ -37.50015022, -8.96797007 ], [ -37.500432418, -8.967811334 ], [ -37.501430543, -8.966884503 ], [ -37.50194743, -8.966456735 ], [ -37.50248214, -8.96638544 ], [ -37.502909908, -8.966171556 ], [ -37.503266381, -8.966046791 ], [ -37.503694149, -8.965975496 ], [ -37.504389273, -8.965387315 ], [ -37.50495963, -8.965387315 ], [ -37.505423045, -8.965797259 ], [ -37.505922108, -8.966795385 ], [ -37.506064698, -8.967044916 ], [ -37.507419296, -8.967543979 ], [ -37.50797183, -8.967543979 ], [ -37.509023427, -8.96745486 ], [ -37.509255134, -8.967294447 ], [ -37.509451195, -8.96706274 ], [ -37.509950258, -8.966741914 ], [ -37.510912736, -8.966688443 ], [ -37.511786096, -8.966670619 ], [ -37.512320806, -8.966421088 ], [ -37.512605984, -8.966046791 ], [ -37.513390226, -8.965725964 ], [ -37.515030003, -8.965476433 ], [ -37.516239135, -8.965612453 ], [ -37.516947701, -8.965848641 ], [ -37.517318855, -8.966523467 ], [ -37.517512693, -8.966911441 ], [ -37.517744011, -8.967117212 ], [ -37.519111111, -8.968333333 ], [ -37.520490216, -8.9667248 ], [ -37.522260156, -8.965637551 ], [ -37.522810887, -8.965299245 ], [ -37.522836793, -8.965281379 ], [ -37.523772308, -8.964636196 ], [ -37.52446851, -8.964006299 ], [ -37.524484659, -8.963993822 ], [ -37.525305291, -8.963359772 ], [ -37.526172173, -8.962689987 ], [ -37.526317886, -8.962577404 ], [ -37.526651382, -8.962319733 ], [ -37.526927566, -8.961937869 ], [ -37.52739768, -8.961287868 ], [ -37.527519142, -8.961119929 ], [ -37.528027778, -8.960416667 ], [ -37.52827792, -8.960354523 ], [ -37.528486362, -8.96030274 ], [ -37.528611623, -8.960271621 ], [ -37.529144121, -8.960139332 ], [ -37.529325343, -8.96009431 ], [ -37.53082921, -8.95997973 ], [ -37.531065847, -8.959961701 ], [ -37.532203839, -8.959906636 ], [ -37.533121299, -8.959862243 ], [ -37.534309712, -8.960040505 ], [ -37.537162221, -8.960105607 ], [ -37.537828947, -8.960144039 ], [ -37.537902941, -8.960146021 ], [ -37.539685484, -8.960193768 ], [ -37.54114295, -8.960422784 ], [ -37.541145892, -8.960423102 ], [ -37.541292836, -8.960438975 ], [ -37.545689056, -8.960913857 ], [ -37.54571407, -8.960916559 ], [ -37.545972222, -8.960944444 ], [ -37.546518963, -8.961352352 ], [ -37.546581734, -8.961399183 ], [ -37.546665971, -8.96146203 ], [ -37.546791273, -8.961555514 ], [ -37.546796479, -8.961559398 ], [ -37.548388435, -8.96274711 ], [ -37.548411339, -8.962764198 ], [ -37.550009786, -8.96435517 ], [ -37.552186874, -8.966522077 ], [ -37.554761641, -8.968832923 ], [ -37.555944444, -8.970472222 ], [ -37.556566983, -8.97071034 ], [ -37.556568929, -8.970711084 ], [ -37.559779054, -8.971938941 ], [ -37.562980641, -8.971938941 ], [ -37.569049321, -8.971938941 ], [ -37.572442048, -8.972034511 ], [ -37.577316106, -8.971317737 ], [ -37.580094244, -8.970882071 ], [ -37.583682074, -8.969979276 ], [ -37.584833333, -8.970138889 ], [ -37.587975059, -8.969571185 ], [ -37.589868704, -8.969523882 ], [ -37.592879829, -8.969156111 ], [ -37.59575, -8.968805556 ], [ -37.597051262, -8.969071848 ], [ -37.598628163, -8.970600964 ], [ -37.599524694, -8.971771435 ], [ -37.600348419, -8.972846854 ], [ -37.601392005, -8.974412232 ], [ -37.601973105, -8.975283883 ], [ -37.604123425, -8.978103191 ], [ -37.605472222, -8.980166667 ], [ -37.605534718, -8.980285566 ], [ -37.608280709, -8.985509847 ], [ -37.610166667, -8.987861111 ], [ -37.611812304, -8.98901356 ], [ -37.613632616, -8.990288336 ], [ -37.614767338, -8.99083672 ], [ -37.618430376, -8.992606982 ], [ -37.618805556, -8.992972222 ], [ -37.619045188, -8.993060941 ], [ -37.62073688, -8.994310037 ], [ -37.622518209, -8.995849462 ], [ -37.622853133, -8.996128779 ], [ -37.62312819, -8.996005285 ], [ -37.623521128, -8.995926697 ], [ -37.623880386, -8.995971604 ], [ -37.624598901, -8.9961793 ], [ -37.626586046, -8.997453542 ], [ -37.627832221, -8.998318006 ], [ -37.6282881, -8.998753625 ], [ -37.628379881, -8.998831281 ], [ -37.628507978, -8.998984637 ], [ -37.628583333, -8.999138889 ], [ -37.628544062, -8.999275111 ], [ -37.628414786, -8.999530312 ], [ -37.628376272, -8.999708116 ], [ -37.628437561, -9.000028178 ], [ -37.628546413, -9.000263611 ], [ -37.628708243, -9.000451442 ], [ -37.629252924, -9.00056535 ], [ -37.629468587, -9.000668972 ], [ -37.629721392, -9.000707946 ], [ -37.630085853, -9.001006046 ], [ -37.630899043, -9.001461095 ], [ -37.631337238, -9.001593818 ], [ -37.632051413, -9.001897184 ], [ -37.632487502, -9.002196337 ], [ -37.632637078, -9.002375407 ], [ -37.632854839, -9.002430799 ], [ -37.63305065, -9.002461279 ], [ -37.633515241, -9.002625687 ], [ -37.633822814, -9.002758691 ], [ -37.633844981, -9.002761462 ], [ -37.634059266, -9.002862139 ], [ -37.634235681, -9.002898161 ], [ -37.634420409, -9.002896313 ], [ -37.634544177, -9.002906474 ], [ -37.634687341, -9.002984983 ], [ -37.634871146, -9.003064416 ], [ -37.635081736, -9.003111522 ], [ -37.635444726, -9.003081042 ], [ -37.6356554, -9.003147103 ], [ -37.635792939, -9.003147544 ], [ -37.636000913, -9.003085816 ], [ -37.636103227, -9.003066758 ], [ -37.636160869, -9.003059772 ], [ -37.636266934, -9.003059127 ], [ -37.636507435, -9.003158745 ], [ -37.637650651, -9.003762346 ], [ -37.637666667, -9.003777778 ], [ -37.638356874, -9.003802871 ], [ -37.639043396, -9.003538824 ], [ -37.639597894, -9.003089945 ], [ -37.639941155, -9.002244994 ], [ -37.640363631, -9.001479258 ], [ -37.640654082, -9.001003973 ], [ -37.640918129, -9.000607903 ], [ -37.640970939, -9.000159023 ], [ -37.640342108, -8.999033077 ], [ -37.639976454, -8.997082925 ], [ -37.639895198, -8.995132773 ], [ -37.640463992, -8.994482723 ], [ -37.641560953, -8.994523351 ], [ -37.642454773, -8.994117069 ], [ -37.64318608, -8.993020108 ], [ -37.64383613, -8.993263877 ], [ -37.644079899, -8.992776339 ], [ -37.644851834, -8.992573199 ], [ -37.645989423, -8.993507646 ], [ -37.64716764, -8.993507646 ], [ -37.648874023, -8.994482723 ], [ -37.650417894, -8.994726492 ], [ -37.652327417, -8.995010889 ], [ -37.653668147, -8.994726492 ], [ -37.65492762, -8.994279582 ], [ -37.656105837, -8.993101365 ], [ -37.657777778, -8.992666667 ], [ -37.657784046, -8.992621901 ], [ -37.657879129, -8.99194283 ], [ -37.657592641, -8.991109409 ], [ -37.657462419, -8.990328077 ], [ -37.657794112, -8.989702256 ], [ -37.657800996, -8.988452881 ], [ -37.657706814, -8.988223313 ], [ -37.657384286, -8.987437149 ], [ -37.657540552, -8.986603728 ], [ -37.658087484, -8.985796352 ], [ -37.658966483, -8.985854952 ], [ -37.659259482, -8.985874485 ], [ -37.660944444, -8.986694444 ], [ -37.661572684, -8.98731028 ], [ -37.661647701, -8.987248115 ], [ -37.666884215, -8.988950619 ], [ -37.668922745, -8.990624924 ], [ -37.674543937, -8.992980202 ], [ -37.677678537, -8.994967195 ], [ -37.678016451, -8.995145826 ], [ -37.678021372, -8.995148428 ], [ -37.682152837, -8.997332445 ], [ -37.682270048, -8.997072427 ], [ -37.683523572, -8.994291666 ], [ -37.683537323, -8.994261163 ], [ -37.683670513, -8.993954202 ], [ -37.683958256, -8.993291047 ], [ -37.684000797, -8.993193006 ], [ -37.684214702, -8.992641324 ], [ -37.684428608, -8.992300923 ], [ -37.684642517, -8.992148328 ], [ -37.6849515, -8.992089633 ], [ -37.685246372, -8.992025242 ], [ -37.685519704, -8.991661351 ], [ -37.685923753, -8.991121389 ], [ -37.686102006, -8.990769247 ], [ -37.686102002, -8.990546228 ], [ -37.685995041, -8.99018236 ], [ -37.685908038, -8.989885973 ], [ -37.685993141, -8.989528704 ], [ -37.686000233, -8.989514694 ], [ -37.68613498, -8.989101383 ], [ -37.686138526, -8.989094378 ], [ -37.686142072, -8.989087373 ], [ -37.686347744, -8.988786144 ], [ -37.686365827, -8.988765978 ], [ -37.6865676, -8.988540958 ], [ -37.686858369, -8.988008559 ], [ -37.686858368, -8.988001554 ], [ -37.686858368, -8.987994549 ], [ -37.686929285, -8.987805408 ], [ -37.687071129, -8.987735353 ], [ -37.687085313, -8.987735353 ], [ -37.687241345, -8.987798395 ], [ -37.687482486, -8.987952501 ], [ -37.687515412, -8.987976296 ], [ -37.687773274, -8.988162647 ], [ -37.688085339, -8.988393806 ], [ -37.68846832, -8.98845684 ], [ -37.689042794, -8.988610933 ], [ -37.689071163, -8.988617937 ], [ -37.689425776, -8.988680971 ], [ -37.689482518, -8.988793051 ], [ -37.689546358, -8.989059244 ], [ -37.690035737, -8.989416489 ], [ -37.690052101, -8.98942642 ], [ -37.69053198, -8.989717643 ], [ -37.69087148, -8.989853568 ], [ -37.69118345, -8.989944181 ], [ -37.691220126, -8.990069864 ], [ -37.691220157, -8.990089179 ], [ -37.691073357, -8.990243246 ], [ -37.691057269, -8.990254723 ], [ -37.690908202, -8.990361065 ], [ -37.690981615, -8.990623875 ], [ -37.691385345, -8.99085948 ], [ -37.691706483, -8.990868528 ], [ -37.691825757, -8.990723524 ], [ -37.691945022, -8.990342897 ], [ -37.69196336, -8.990261375 ], [ -37.692000064, -8.990098209 ], [ -37.692156039, -8.990007578 ], [ -37.692486342, -8.989889753 ], [ -37.692752419, -8.98980818 ], [ -37.692963452, -8.989898795 ], [ -37.69314697, -8.990215969 ], [ -37.693578203, -8.990270324 ], [ -37.693743349, -8.990152505 ], [ -37.693789217, -8.990007506 ], [ -37.693807559, -8.989826258 ], [ -37.693789208, -8.989817197 ], [ -37.693878259, -8.989650734 ], [ -37.694081751, -8.989560277 ], [ -37.694285249, -8.989595441 ], [ -37.694366653, -8.989716035 ], [ -37.694352076, -8.989879294 ], [ -37.694351399, -8.989886882 ], [ -37.694366671, -8.990082852 ], [ -37.694475101, -8.990199931 ], [ -37.694475101, -8.990214736 ], [ -37.694317742, -8.99063667 ], [ -37.694310248, -8.990658878 ], [ -37.694370212, -8.990851333 ], [ -37.694669989, -8.990932743 ], [ -37.694677621, -8.990932742 ], [ -37.694699966, -8.990932741 ], [ -37.694962265, -8.990903119 ], [ -37.69501472, -8.990799485 ], [ -37.694999725, -8.990666246 ], [ -37.695067168, -8.990555209 ], [ -37.69526202, -8.990562601 ], [ -37.695736827, -8.99078973 ], [ -37.695741669, -8.990792046 ], [ -37.695997434, -8.990905054 ], [ -37.696002825, -8.990905833 ], [ -37.696458839, -8.990971724 ], [ -37.697077808, -8.991182888 ], [ -37.697741785, -8.991205089 ], [ -37.697927555, -8.991097142 ], [ -37.697933093, -8.991093924 ], [ -37.698248171, -8.990671517 ], [ -37.698411425, -8.990239288 ], [ -37.698230192, -8.98979186 ], [ -37.69796994, -8.989633694 ], [ -37.697971773, -8.989633839 ], [ -37.697973605, -8.989633984 ], [ -37.697725567, -8.989458899 ], [ -37.697667206, -8.989225452 ], [ -37.698104919, -8.988204121 ], [ -37.69848427, -8.987985265 ], [ -37.698921344, -8.986970125 ], [ -37.69892988, -8.9869503 ], [ -37.698933227, -8.986942527 ], [ -37.698936574, -8.986934753 ], [ -37.698977326, -8.986879541 ], [ -37.699388877, -8.986321955 ], [ -37.69955302, -8.9855669 ], [ -37.699559526, -8.985542102 ], [ -37.699585662, -8.985442489 ], [ -37.699743232, -8.984841938 ], [ -37.699746343, -8.984830083 ], [ -37.699848476, -8.98433036 ], [ -37.699830556, -8.984055556 ], [ -37.699622324, -8.984027609 ], [ -37.699071535, -8.984220932 ], [ -37.698734497, -8.984458998 ], [ -37.698619128, -8.984540489 ], [ -37.698611936, -8.984545569 ], [ -37.698603379, -8.98455049 ], [ -37.698206433, -8.984778733 ], [ -37.697882415, -8.984965044 ], [ -37.697515482, -8.98493821 ], [ -37.697482207, -8.984935777 ], [ -37.697146667, -8.984870182 ], [ -37.696740487, -8.984575008 ], [ -37.695968493, -8.98380806 ], [ -37.69581863, -8.98349807 ], [ -37.695784325, -8.983427109 ], [ -37.695819645, -8.982700526 ], [ -37.695703593, -8.982309483 ], [ -37.695352916, -8.981890689 ], [ -37.695297413, -8.981532443 ], [ -37.694974488, -8.981323046 ], [ -37.694611196, -8.981179243 ], [ -37.694328636, -8.981143923 ], [ -37.693853078, -8.981186812 ], [ -37.693730719, -8.981352059 ], [ -37.693552858, -8.981430268 ], [ -37.693516277, -8.981431529 ], [ -37.693485694, -8.981390469 ], [ -37.69348151, -8.981385687 ], [ -37.693364799, -8.981252303 ], [ -37.693174821, -8.981162495 ], [ -37.693067743, -8.981176312 ], [ -37.692746507, -8.981328294 ], [ -37.692632521, -8.981338656 ], [ -37.692480851, -8.981261069 ], [ -37.692342372, -8.98114177 ], [ -37.692297468, -8.981013967 ], [ -37.692183482, -8.980951792 ], [ -37.691869154, -8.981031238 ], [ -37.691738749, -8.981097444 ], [ -37.691420116, -8.981259211 ], [ -37.691185234, -8.981293753 ], [ -37.690905448, -8.981387014 ], [ -37.690772098, -8.981400718 ], [ -37.690638748, -8.981414422 ], [ -37.690533485, -8.981275496 ], [ -37.69014065, -8.98065162 ], [ -37.690013279, -8.980531365 ], [ -37.689861874, -8.98056606 ], [ -37.689601993, -8.980627427 ], [ -37.689582781, -8.980621023 ], [ -37.689434081, -8.980521211 ], [ -37.689285687, -8.980443261 ], [ -37.689263286, -8.980429611 ], [ -37.689233401, -8.980430323 ], [ -37.688969409, -8.980458074 ], [ -37.68852564, -8.980356302 ], [ -37.688250013, -8.980172735 ], [ -37.688091207, -8.979973013 ], [ -37.68798104, -8.979872453 ], [ -37.687829476, -8.979863203 ], [ -37.687687163, -8.979834028 ], [ -37.68762759, -8.97974618 ], [ -37.687445941, -8.979708081 ], [ -37.687296299, -8.979690323 ], [ -37.68722118, -8.979603648 ], [ -37.68718651, -8.979482303 ], [ -37.687240441, -8.979197238 ], [ -37.687282816, -8.979083597 ], [ -37.687308818, -8.978848611 ], [ -37.687222143, -8.978734971 ], [ -37.687078648, -8.978675261 ], [ -37.687073833, -8.978367083 ], [ -37.687023754, -8.97819277 ], [ -37.686906128, -8.978083926 ], [ -37.686873537, -8.97808348 ], [ -37.686759721, -8.97810716 ], [ -37.68660542, -8.978272155 ], [ -37.686602842, -8.978273188 ], [ -37.686405287, -8.978352361 ], [ -37.686375063, -8.978355383 ], [ -37.68636693, -8.97835189 ], [ -37.686157575, -8.978257275 ], [ -37.685944828, -8.978099685 ], [ -37.685901491, -8.977946035 ], [ -37.685767539, -8.977768746 ], [ -37.685227793, -8.977445686 ], [ -37.685029817, -8.977251193 ], [ -37.684972222, -8.977111111 ], [ -37.684871597, -8.976968102 ], [ -37.684776973, -8.976742459 ], [ -37.684645981, -8.976504847 ], [ -37.684345101, -8.976402272 ], [ -37.683996993, -8.976374969 ], [ -37.683819527, -8.976470528 ], [ -37.683710317, -8.976647995 ], [ -37.683334906, -8.9769688 ], [ -37.683089183, -8.977043882 ], [ -37.682857111, -8.977173569 ], [ -37.68268647, -8.977166744 ], [ -37.682495352, -8.977057533 ], [ -37.682433922, -8.97685959 ], [ -37.68231106, -8.976620692 ], [ -37.682106291, -8.976572913 ], [ -37.681744275, -8.976861185 ], [ -37.681740991, -8.9768638 ], [ -37.681737706, -8.976866416 ], [ -37.68151246, -8.976982451 ], [ -37.681504733, -8.976980418 ], [ -37.681253086, -8.976914195 ], [ -37.680782117, -8.977064359 ], [ -37.680747371, -8.977076303 ], [ -37.680563696, -8.977139441 ], [ -37.680420358, -8.977098487 ], [ -37.68007225, -8.97701658 ], [ -37.679845239, -8.977018444 ], [ -37.679826479, -8.977027103 ], [ -37.679642235, -8.977112139 ], [ -37.678775378, -8.977159918 ], [ -37.678743645, -8.977152595 ], [ -37.678509178, -8.977098487 ], [ -37.678479739, -8.977087782 ], [ -37.678283932, -8.97701658 ], [ -37.678147419, -8.976777682 ], [ -37.677840265, -8.9767026 ], [ -37.677511028, -8.976674462 ], [ -37.677473839, -8.976677703 ], [ -37.677436649, -8.976680945 ], [ -37.677109922, -8.976709426 ], [ -37.677071337, -8.976698779 ], [ -37.676889581, -8.976648628 ], [ -37.676222589, -8.976265759 ], [ -37.675635583, -8.976033687 ], [ -37.67517144, -8.975965431 ], [ -37.674825598, -8.975838542 ], [ -37.674798058, -8.975832901 ], [ -37.674298291, -8.975730529 ], [ -37.673772184, -8.97552859 ], [ -37.673533286, -8.975508113 ], [ -37.672519413, -8.975083623 ], [ -37.671916667, -8.9745 ], [ -37.678406978, -8.967494585 ], [ -37.689416667, -8.955611111 ], [ -37.689467904, -8.955461139 ], [ -37.690028675, -8.953819745 ], [ -37.690299124, -8.952679998 ], [ -37.690183217, -8.952158419 ], [ -37.68999004, -8.951675476 ], [ -37.689700274, -8.951501616 ], [ -37.68926792, -8.95145689 ], [ -37.689105627, -8.951307388 ], [ -37.689062788, -8.95103799 ], [ -37.689179826, -8.950730281 ], [ -37.689427158, -8.95033455 ], [ -37.689517847, -8.949765687 ], [ -37.689719592, -8.949492571 ], [ -37.690047993, -8.949183487 ], [ -37.690492301, -8.948797132 ], [ -37.691632048, -8.948275553 ], [ -37.692462711, -8.948178965 ], [ -37.693100196, -8.947947152 ], [ -37.693537718, -8.947409364 ], [ -37.693563822, -8.947377278 ], [ -37.693814953, -8.947077853 ], [ -37.694336532, -8.946556274 ], [ -37.694800158, -8.946401732 ], [ -37.695341054, -8.946479003 ], [ -37.695727409, -8.946556274 ], [ -37.696036493, -8.946440368 ], [ -37.696055811, -8.946189237 ], [ -37.695823998, -8.945918789 ], [ -37.695881951, -8.945667658 ], [ -37.696210353, -8.945609705 ], [ -37.696519437, -8.945629023 ], [ -37.696712614, -8.945474481 ], [ -37.696766606, -8.945231518 ], [ -37.696789885, -8.945126761 ], [ -37.697060333, -8.944894949 ], [ -37.697581912, -8.94479836 ], [ -37.698238716, -8.94479836 ], [ -37.698605753, -8.944875631 ], [ -37.698841667, -8.944722222 ], [ -37.698730705, -8.944368029 ], [ -37.698476294, -8.944100228 ], [ -37.698529854, -8.943377166 ], [ -37.698717315, -8.943122755 ], [ -37.698797655, -8.942721054 ], [ -37.698735182, -8.942184022 ], [ -37.698731968, -8.942156399 ], [ -37.698663755, -8.9413151 ], [ -37.698864605, -8.941060689 ], [ -37.698892702, -8.941064521 ], [ -37.699159186, -8.941100859 ], [ -37.699507327, -8.940966959 ], [ -37.699816661, -8.940616632 ], [ -37.699895639, -8.940284067 ], [ -37.699668008, -8.939788635 ], [ -37.699493937, -8.939159303 ], [ -37.698931556, -8.938342511 ], [ -37.698636975, -8.937766739 ], [ -37.698730705, -8.937204358 ], [ -37.699172576, -8.936695536 ], [ -37.69925981, -8.936171625 ], [ -37.699079013, -8.935914703 ], [ -37.699027289, -8.9358412 ], [ -37.699015051, -8.935523013 ], [ -37.699044255, -8.935346928 ], [ -37.699128698, -8.934837789 ], [ -37.699149668, -8.934115647 ], [ -37.699210858, -8.933626129 ], [ -37.699529045, -8.933430322 ], [ -37.699751161, -8.933281666 ], [ -37.699786042, -8.932842899 ], [ -37.699761566, -8.931863862 ], [ -37.699932898, -8.930958253 ], [ -37.700104229, -8.93073797 ], [ -37.700373464, -8.930713494 ], [ -37.700948649, -8.930627828 ], [ -37.701217884, -8.930395307 ], [ -37.701205646, -8.929918026 ], [ -37.700960887, -8.929391794 ], [ -37.700985363, -8.928975703 ], [ -37.701279074, -8.928571851 ], [ -37.701768592, -8.928302615 ], [ -37.702050065, -8.927788621 ], [ -37.702030449, -8.927715062 ], [ -37.701952162, -8.927421482 ], [ -37.702147969, -8.927078819 ], [ -37.702588536, -8.926491397 ], [ -37.702710915, -8.925842785 ], [ -37.70298015, -8.925132983 ], [ -37.703278353, -8.924685679 ], [ -37.703396241, -8.924508847 ], [ -37.703689952, -8.924092757 ], [ -37.703775618, -8.923627714 ], [ -37.703677714, -8.923040292 ], [ -37.703714428, -8.922306014 ], [ -37.703922473, -8.921926637 ], [ -37.704316583, -8.921825584 ], [ -37.704399754, -8.921804258 ], [ -37.704705703, -8.921816496 ], [ -37.704877034, -8.921620688 ], [ -37.704955214, -8.921288284 ], [ -37.705195221, -8.920776269 ], [ -37.705611312, -8.920396892 ], [ -37.705856071, -8.919993039 ], [ -37.70616202, -8.91974828 ], [ -37.706516921, -8.919711566 ], [ -37.70700644, -8.919479045 ], [ -37.707068712, -8.919406941 ], [ -37.707238961, -8.91920981 ], [ -37.707557148, -8.918818195 ], [ -37.707936525, -8.918671339 ], [ -37.708217998, -8.918255249 ], [ -37.708169046, -8.917814682 ], [ -37.70808338, -8.917276212 ], [ -37.708413805, -8.916798931 ], [ -37.708854372, -8.916419554 ], [ -37.709239442, -8.915961633 ], [ -37.709307177, -8.915881084 ], [ -37.709784457, -8.915428279 ], [ -37.710139358, -8.915220234 ], [ -37.710494259, -8.915501707 ], [ -37.710947064, -8.915587373 ], [ -37.711485534, -8.915207996 ], [ -37.712087234, -8.914670425 ], [ -37.712378905, -8.914008676 ], [ -37.712954089, -8.913751679 ], [ -37.713857187, -8.912823722 ], [ -37.713891429, -8.912788537 ], [ -37.714917688, -8.912169243 ], [ -37.715034024, -8.91209904 ], [ -37.716176619, -8.911320894 ], [ -37.716747917, -8.911094344 ], [ -37.716984316, -8.910848096 ], [ -37.716915366, -8.910670796 ], [ -37.716728217, -8.910493497 ], [ -37.716393318, -8.910188148 ], [ -37.716147069, -8.909971449 ], [ -37.716156919, -8.9097449 ], [ -37.716344069, -8.909666101 ], [ -37.716678967, -8.909616851 ], [ -37.717230565, -8.9097843 ], [ -37.717604863, -8.90975475 ], [ -37.717979161, -8.909449402 ], [ -37.718511059, -8.908917504 ], [ -37.718954307, -8.908375756 ], [ -37.719387705, -8.908099957 ], [ -37.719525605, -8.907735509 ], [ -37.719555155, -8.907513885 ], [ -37.719584705, -8.907292261 ], [ -37.719732454, -8.906632314 ], [ -37.720087052, -8.905913267 ], [ -37.720168505, -8.905469802 ], [ -37.720175702, -8.905430619 ], [ -37.720215724, -8.905284383 ], [ -37.720431801, -8.904494873 ], [ -37.720632866, -8.903441677 ], [ -37.72063865, -8.903411378 ], [ -37.720894479, -8.902200622 ], [ -37.721293611, -8.900311661 ], [ -37.721633496, -8.898703098 ], [ -37.721505265, -8.898089422 ], [ -37.721495596, -8.898043151 ], [ -37.721387247, -8.897363504 ], [ -37.721377397, -8.897068005 ], [ -37.721525146, -8.896959656 ], [ -37.721860045, -8.896979356 ], [ -37.722451042, -8.897038455 ], [ -37.72252648, -8.897033855 ], [ -37.723258739, -8.896989206 ], [ -37.723719387, -8.896860224 ], [ -37.723751236, -8.896851306 ], [ -37.724214184, -8.896644457 ], [ -37.724716532, -8.896339108 ], [ -37.72514993, -8.89604361 ], [ -37.725662128, -8.895531412 ], [ -37.726065976, -8.895078314 ], [ -37.726243276, -8.894654766 ], [ -37.726538774, -8.894260767 ], [ -37.726578174, -8.893758419 ], [ -37.726676674, -8.893167422 ], [ -37.726893373, -8.892586275 ], [ -37.727218421, -8.892152876 ], [ -37.727257821, -8.891758878 ], [ -37.72745781, -8.891528638 ], [ -37.727720769, -8.891039831 ], [ -37.728075368, -8.891049681 ], [ -37.728361017, -8.89123683 ], [ -37.728883064, -8.89131563 ], [ -37.729217963, -8.891187581 ], [ -37.729720311, -8.891138331 ], [ -37.730124159, -8.890990581 ], [ -37.730537857, -8.891029981 ], [ -37.730774256, -8.890882232 ], [ -37.730833356, -8.890596583 ], [ -37.730665907, -8.890389734 ], [ -37.730764406, -8.890054836 ], [ -37.730951555, -8.889729787 ], [ -37.731158404, -8.88902059 ], [ -37.731178104, -8.888321243 ], [ -37.731089455, -8.887966645 ], [ -37.730803806, -8.887769645 ], [ -37.730232508, -8.887355947 ], [ -37.729740011, -8.887149098 ], [ -37.729316462, -8.8867748 ], [ -37.728971714, -8.886390651 ], [ -37.729030814, -8.885750404 ], [ -37.729149013, -8.885021507 ], [ -37.729375562, -8.88436156 ], [ -37.72990746, -8.883484914 ], [ -37.730202959, -8.882716617 ], [ -37.730665907, -8.88218472 ], [ -37.730920815, -8.881627675 ], [ -37.731453903, -8.880579177 ], [ -37.732005501, -8.87966313 ], [ -37.7322222, -8.879495681 ], [ -37.732429049, -8.879564631 ], [ -37.732478299, -8.87981088 ], [ -37.732310849, -8.880066979 ], [ -37.732369949, -8.880401877 ], [ -37.732606348, -8.880687526 ], [ -37.733108696, -8.880904225 ], [ -37.734182341, -8.880923925 ], [ -37.735206737, -8.880776176 ], [ -37.735709085, -8.880510227 ], [ -37.736122783, -8.880145778 ], [ -37.736250832, -8.87976163 ], [ -37.736536481, -8.879643431 ], [ -37.737048679, -8.87971238 ], [ -37.737767726, -8.87986013 ], [ -37.738122324, -8.87985028 ], [ -37.738299624, -8.879584331 ], [ -37.738319323, -8.879229732 ], [ -37.738496623, -8.878559935 ], [ -37.738900471, -8.878284136 ], [ -37.739255069, -8.877998488 ], [ -37.739452069, -8.87751584 ], [ -37.739738832, -8.876925515 ], [ -37.739946498, -8.876581259 ], [ -37.740190815, -8.876176246 ], [ -37.740476464, -8.876038346 ], [ -37.740949262, -8.876156546 ], [ -37.74143191, -8.876235345 ], [ -37.741668309, -8.876077746 ], [ -37.741697859, -8.875742847 ], [ -37.741731575, -8.875410527 ], [ -37.742062307, -8.874876051 ], [ -37.742219907, -8.874472203 ], [ -37.742190357, -8.874176704 ], [ -37.742121407, -8.873733456 ], [ -37.742220919, -8.873280973 ], [ -37.742436606, -8.87292576 ], [ -37.742584355, -8.872236263 ], [ -37.742899554, -8.871389166 ], [ -37.743007903, -8.870945918 ], [ -37.742998053, -8.870384471 ], [ -37.742919254, -8.869606324 ], [ -37.742850304, -8.869153226 ], [ -37.742554805, -8.868818327 ], [ -37.742357806, -8.868414479 ], [ -37.742367656, -8.867981081 ], [ -37.742578276, -8.86785389 ], [ -37.742909404, -8.867892431 ], [ -37.743323102, -8.868050031 ], [ -37.743667907, -8.867914425 ], [ -37.744313614, -8.867288896 ], [ -37.744495219, -8.866683546 ], [ -37.744333792, -8.865654451 ], [ -37.744010938, -8.864847317 ], [ -37.744333792, -8.863656795 ], [ -37.745342709, -8.862365381 ], [ -37.74575725, -8.860398485 ], [ -37.746492874, -8.859076311 ], [ -37.748329103, -8.85885435 ], [ -37.750225868, -8.85837007 ], [ -37.750124976, -8.856957586 ], [ -37.751113715, -8.855948669 ], [ -37.752223523, -8.853164057 ], [ -37.75240647, -8.852823398 ], [ -37.752808695, -8.852074427 ], [ -37.754362427, -8.850641765 ], [ -37.754685281, -8.848825714 ], [ -37.75536189, -8.846363685 ], [ -37.755488107, -8.846384127 ], [ -37.757052726, -8.847066476 ], [ -37.758449348, -8.847284646 ], [ -37.759417693, -8.847815784 ], [ -37.760300556, -8.848021638 ], [ -37.760999995, -8.848084569 ], [ -37.761584515, -8.849022094 ], [ -37.762039111, -8.849540921 ], [ -37.762965764, -8.850375844 ], [ -37.763705191, -8.850716811 ], [ -37.764150789, -8.851604866 ], [ -37.764591862, -8.852677517 ], [ -37.765263076, -8.853894203 ], [ -37.765903414, -8.854463661 ], [ -37.767548346, -8.854087454 ], [ -37.769530385, -8.853303723 ], [ -37.77113084, -8.852834086 ], [ -37.77262655, -8.852823699 ], [ -37.773649552, -8.853032876 ], [ -37.774472165, -8.853791374 ], [ -37.775251465, -8.854410304 ], [ -37.776591624, -8.856249475 ], [ -37.778289333, -8.85753692 ], [ -37.778737214, -8.858332663 ], [ -37.779137254, -8.859173434 ], [ -37.780203622, -8.859522182 ], [ -37.780297036, -8.859524415 ], [ -37.781651543, -8.859556805 ], [ -37.783610203, -8.859557262 ], [ -37.784828044, -8.859447855 ], [ -37.785521921, -8.859741516 ], [ -37.786198873, -8.860727437 ], [ -37.786636623, -8.861938508 ], [ -37.786726656, -8.862079192 ], [ -37.786925217, -8.863515421 ], [ -37.786532357, -8.864291043 ], [ -37.786134981, -8.865251264 ], [ -37.786439367, -8.866182069 ], [ -37.787460192, -8.866483509 ], [ -37.788950349, -8.866703798 ], [ -37.790016738, -8.867052492 ], [ -37.791347568, -8.868053962 ], [ -37.791850073, -8.868527718 ], [ -37.792297966, -8.869323404 ], [ -37.792031694, -8.870656169 ], [ -37.792141344, -8.871905557 ], [ -37.792933569, -8.873910078 ], [ -37.794702864, -8.874993099 ], [ -37.796601186, -8.875731055 ], [ -37.798415068, -8.876097562 ], [ -37.80090201, -8.875695099 ], [ -37.802205385, -8.875910881 ], [ -37.803546446, -8.876496963 ], [ -37.804377065, -8.876932348 ], [ -37.806286499, -8.877208733 ], [ -37.808298595, -8.877118249 ], [ -37.80974793, -8.877106582 ], [ -37.811405997, -8.878115802 ], [ -37.813415222, -8.880056914 ], [ -37.814050062, -8.880857039 ], [ -37.816765556, -8.882584023 ], [ -37.818995327, -8.883145 ], [ -37.821824433, -8.88404347 ], [ -37.823304543, -8.884678977 ], [ -37.824628783, -8.88595727 ], [ -37.825640161, -8.888567339 ], [ -37.825381977, -8.889855164 ], [ -37.824832174, -8.891319726 ], [ -37.824066277, -8.893979739 ], [ -37.823467479, -8.895535515 ], [ -37.823174825, -8.89603651 ], [ -37.822960291, -8.896761524 ], [ -37.822434973, -8.896877615 ], [ -37.822338376, -8.896877627 ], [ -37.822315124, -8.896924131 ], [ -37.822290106, -8.896974167 ], [ -37.822290106, -8.897070707 ], [ -37.822290106, -8.897215517 ], [ -37.822048756, -8.897360327 ], [ -37.822000486, -8.897505137 ], [ -37.821903946, -8.897649947 ], [ -37.821807406, -8.897649947 ], [ -37.821807406, -8.898036107 ], [ -37.821710866, -8.898084377 ], [ -37.821662595, -8.898132647 ], [ -37.821566055, -8.898229187 ], [ -37.821517785, -8.898229187 ], [ -37.821324705, -8.898277457 ], [ -37.821228165, -8.898373997 ], [ -37.821208997, -8.898450673 ], [ -37.821179895, -8.898567077 ], [ -37.821083355, -8.898711887 ], [ -37.821083355, -8.898808428 ], [ -37.820986815, -8.898953238 ], [ -37.820890275, -8.899098048 ], [ -37.820890275, -8.899194588 ], [ -37.820745465, -8.899242858 ], [ -37.820745465, -8.899339398 ], [ -37.820745465, -8.899532478 ], [ -37.820504115, -8.899677288 ], [ -37.820504115, -8.899918638 ], [ -37.820359305, -8.900208258 ], [ -37.820359305, -8.900497878 ], [ -37.820359305, -8.900690958 ], [ -37.820359305, -8.901028848 ], [ -37.820407575, -8.901318468 ], [ -37.820407575, -8.901463278 ], [ -37.820359305, -8.901463278 ], [ -37.820359305, -8.901656358 ], [ -37.820455845, -8.901801168 ], [ -37.820552385, -8.901945978 ], [ -37.820600655, -8.902090788 ], [ -37.820697195, -8.902187328 ], [ -37.820697195, -8.902235598 ], [ -37.820697195, -8.902283868 ], [ -37.820853571, -8.902508459 ], [ -37.820938545, -8.902621758 ], [ -37.820938545, -8.902863108 ], [ -37.820938545, -8.903007918 ], [ -37.820938545, -8.903152728 ], [ -37.820890275, -8.903490618 ], [ -37.820793735, -8.903780238 ], [ -37.820793735, -8.904021588 ], [ -37.820793735, -8.904359478 ], [ -37.820793735, -8.904552558 ], [ -37.820648925, -8.904745638 ], [ -37.820600655, -8.904986989 ], [ -37.820600655, -8.905373149 ], [ -37.820552385, -8.905517959 ], [ -37.820552385, -8.905614499 ], [ -37.820648925, -8.905855849 ], [ -37.820648925, -8.906145469 ], [ -37.820648925, -8.906483359 ], [ -37.820648925, -8.906676439 ], [ -37.820552385, -8.906821249 ], [ -37.820552385, -8.907014329 ], [ -37.820455845, -8.907207409 ], [ -37.820359305, -8.907497029 ], [ -37.820359305, -8.907738379 ], [ -37.820359305, -8.907979729 ], [ -37.820359305, -8.908269349 ], [ -37.820359305, -8.908462429 ], [ -37.820359305, -8.908703779 ], [ -37.820455845, -8.908896859 ], [ -37.820600655, -8.908993399 ], [ -37.820697195, -8.909041669 ], [ -37.820793735, -8.909089939 ], [ -37.820890275, -8.909331289 ], [ -37.820986815, -8.909524369 ], [ -37.821131625, -8.909813989 ], [ -37.821324705, -8.910151879 ], [ -37.821759136, -8.910538039 ], [ -37.821903946, -8.910682849 ], [ -37.822048756, -8.910779389 ], [ -37.822290106, -8.910972469 ], [ -37.822358182, -8.911074584 ], [ -37.822386646, -8.911117279 ], [ -37.822483186, -8.911262089 ], [ -37.822579726, -8.911406899 ], [ -37.822772806, -8.91164825 ], [ -37.822869346, -8.91174479 ], [ -37.822917616, -8.91184133 ], [ -37.823207236, -8.91208268 ], [ -37.823255506, -8.91217922 ], [ -37.823303776, -8.91227576 ], [ -37.823379307, -8.912401645 ], [ -37.823448586, -8.91251711 ], [ -37.823641666, -8.91256538 ], [ -37.823738206, -8.91275846 ], [ -37.823883016, -8.91295154 ], [ -37.823979556, -8.91309635 ], [ -37.824076096, -8.9133377 ], [ -37.824124366, -8.91343424 ], [ -37.824317446, -8.91362732 ], [ -37.824462256, -8.91367559 ], [ -37.824592353, -8.913805687 ], [ -37.824607066, -8.9138204 ], [ -37.824751876, -8.91391694 ], [ -37.824751876, -8.91396521 ], [ -37.824944956, -8.91406175 ], [ -37.825138036, -8.91420656 ], [ -37.825379386, -8.91444791 ], [ -37.825572466, -8.91459272 ], [ -37.825813816, -8.9147858 ], [ -37.825958626, -8.91488234 ], [ -37.826103436, -8.91502715 ], [ -37.826103436, -8.91517196 ], [ -37.826151706, -8.9152685 ], [ -37.826344786, -8.91541331 ], [ -37.826441326, -8.91550985 ], [ -37.826586136, -8.91555812 ], [ -37.826779216, -8.91560639 ], [ -37.826803351, -8.915678795 ], [ -37.826827486, -8.9157512 ], [ -37.826819689, -8.915931927 ], [ -37.826797369, -8.916027642 ], [ -37.826864329, -8.916150401 ], [ -37.826897809, -8.91625084 ], [ -37.826931289, -8.91635128 ], [ -37.827020568, -8.91641824 ], [ -37.827098688, -8.916485199 ], [ -37.827154488, -8.916574479 ], [ -37.827187967, -8.916708398 ], [ -37.827210287, -8.916842317 ], [ -37.827243767, -8.916953917 ], [ -37.827247705, -8.917106534 ], [ -37.827279748, -8.917137923 ], [ -37.827439636, -8.917294544 ], [ -37.827419295, -8.917482675 ], [ -37.827906613, -8.917509262 ], [ -37.829488547, -8.919052774 ], [ -37.830102347, -8.921232133 ], [ -37.829335098, -8.922393295 ], [ -37.832321051, -8.924558104 ], [ -37.833637043, -8.926411768 ], [ -37.832143884, -8.928255661 ], [ -37.826233659, -8.932716849 ], [ -37.825333841, -8.932428261 ], [ -37.825998289, -8.934237177 ], [ -37.826001057, -8.934244716 ], [ -37.827313741, -8.937819636 ], [ -37.831515671, -8.952943199 ], [ -37.83420508, -8.959841912 ], [ -37.839098619, -8.978381218 ], [ -37.846008388, -8.98477091 ], [ -37.848163633, -8.988311633 ], [ -37.848166746, -8.988315292 ], [ -37.850319768, -8.991852243 ], [ -37.851779718, -8.996214466 ], [ -37.852276076, -8.997696804 ], [ -37.853093272, -9.000139772 ], [ -37.863802742, -9.008660458 ], [ -37.867151925, -9.011631096 ], [ -37.872541577, -9.011841301 ], [ -37.874486357, -9.011515018 ], [ -37.877618322, -9.013286445 ], [ -37.879598102, -9.015413862 ], [ -37.879458056, -9.017090153 ], [ -37.878527978, -9.018962192 ], [ -37.875599244, -9.022669777 ], [ -37.875227587, -9.024621981 ], [ -37.877208613, -9.031100831 ], [ -37.877569374, -9.035376032 ], [ -37.878261115, -9.036955961 ], [ -37.880147205, -9.039305403 ], [ -37.880983442, -9.040346789 ], [ -37.882707706, -9.040663519 ], [ -37.883790646, -9.040055362 ], [ -37.885565587, -9.037292002 ], [ -37.887706554, -9.035073892 ], [ -37.889767742, -9.034794267 ], [ -37.89137357, -9.035323817 ], [ -37.89282351, -9.036875039 ], [ -37.896317849, -9.037867752 ], [ -37.900285788, -9.03827953 ], [ -37.90493262, -9.040235851 ], [ -37.905735766, -9.040992759 ], [ -37.906538651, -9.042953225 ], [ -37.907093577, -9.051157956 ], [ -37.907875117, -9.052218407 ], [ -37.912375923, -9.055930467 ], [ -37.917286564, -9.060799782 ], [ -37.91846017, -9.061414856 ], [ -37.92029197, -9.063793839 ], [ -37.929791693, -9.071279865 ], [ -37.930638793, -9.072324525 ], [ -37.935704037, -9.078571359 ], [ -37.93767665, -9.080115111 ], [ -37.939446976, -9.083917288 ], [ -37.942544424, -9.088116364 ], [ -37.94273124, -9.089178712 ], [ -37.942128516, -9.090232856 ], [ -37.942165641, -9.090365861 ], [ -37.942684337, -9.092218948 ], [ -37.944563709, -9.092732618 ], [ -37.947767718, -9.095769407 ], [ -37.949222907, -9.096157872 ], [ -37.950644467, -9.096537286 ], [ -37.951596248, -9.097309475 ], [ -37.951640825, -9.097426372 ], [ -37.951654648872726, -9.097462449466832 ], [ -37.951644554971224, -9.097436106458309 ], [ -37.951685299, -9.097542439999931 ], [ -37.951952503, -9.09824151199996 ], [ -37.951952503, -9.098241512 ], [ -37.951952503, -9.098241512 ], [ -37.951764039, -9.099783857999977 ], [ -37.953374051, -9.10337465199996 ], [ -37.953374051, -9.103374652 ], [ -37.953374051, -9.103374652 ], [ -37.953267039, -9.106130942999938 ], [ -37.953443160530625, -9.106707622216071 ], [ -37.953267039, -9.106130942999982 ], [ -37.953267039, -9.106130943 ], [ -37.954303709, -9.109525338 ], [ -37.954750816174823, -9.110989647387683 ], [ -37.954850037, -9.111314602999929 ], [ -37.957568223, -9.115629754999929 ], [ -37.961582402, -9.120129921999929 ], [ -37.962028078113569, -9.120394254284033 ], [ -37.961582401999955, -9.120129921999952 ], [ -37.961582402, -9.120129922 ], [ -37.962337332, -9.120577674 ], [ -37.968790068, -9.12270477 ], [ -37.969618162, -9.123267305 ], [ -37.971200217, -9.124341776 ], [ -37.971459638, -9.125692537 ], [ -37.97103876, -9.128274464 ], [ -37.971758385, -9.131041883 ], [ -37.975540983, -9.134942285 ], [ -37.975622376011096, -9.135095833402183 ], [ -37.975540983, -9.134942284999964 ], [ -37.975540983, -9.134942284999971 ], [ -37.975670585133585, -9.13518678020008 ], [ -37.976202313, -9.136189888 ], [ -37.977049142, -9.140379746 ], [ -37.977220142385001, -9.141225804777999 ], [ -37.977294902, -9.141595693 ], [ -37.978038548, -9.143231918 ], [ -37.978138101, -9.14609321 ], [ -37.978562914, -9.147661993 ], [ -37.978916109803002, -9.147976044677 ], [ -37.979351313, -9.148363015 ], [ -37.980383080848, -9.148843765226999 ], [ -37.981340069, -9.149289672 ] ], [ [ -37.954850037, -9.111314603 ], [ -37.954850037, -9.111314603 ], [ -37.957568222999974, -9.115629754999919 ], [ -37.96084088776859, -9.119298634238739 ], [ -37.957568223, -9.115629755 ], [ -37.954850037, -9.111314603 ] ] ], [ [ [ -36.95243278378878, -9.3825434588377 ], [ -36.952433679, -9.38254344399996 ], [ -36.9554646469999, -9.38125112899996 ], [ -36.957227131017511, -9.379784030601666 ], [ -36.955464646999943, -9.381251129 ], [ -36.952433678999981, -9.382543443999989 ], [ -36.95243278378878, -9.3825434588377 ] ] ], [ [ [ -36.979364944254527, -9.359427977227854 ], [ -36.979081183, -9.359530712999984 ], [ -36.976952914000023, -9.361388411999947 ], [ -36.976172812999955, -9.362068735000015 ], [ -36.976094098332744, -9.362148485422981 ], [ -36.976172812999899, -9.36206873499998 ], [ -36.976952914, -9.36138841199994 ], [ -36.979081182999899, -9.35953071299997 ], [ -36.979364944254527, -9.359427977227854 ] ] ], [ [ [ -37.492482547999899, -8.98934146299996 ], [ -37.492446188807953, -8.989260665704926 ], [ -37.49248254799992, -8.989341462999931 ], [ -37.492522735833774, -8.989430769857799 ], [ -37.492482547999899, -8.98934146299996 ] ] ], [ [ [ -37.492893826999904, -8.986546402999981 ], [ -37.492820622416353, -8.986634248270953 ], [ -37.492893826999897, -8.986546402999981 ], [ -37.492893826999904, -8.986546402999981 ] ] ], [ [ [ -37.493340782999965, -8.986520861999967 ], [ -37.493276007241519, -8.986524563567112 ], [ -37.493340782999979, -8.986520861999962 ], [ -37.493340782999965, -8.986520861999967 ] ] ], [ [ [ -37.493204793245383, -8.985215869936479 ], [ -37.493251391999941, -8.985397086999978 ], [ -37.493519564999929, -8.985831272999931 ], [ -37.493661218999925, -8.986048253999943 ], [ -37.493596185999962, -8.986405930999961 ], [ -37.493465980804636, -8.98646452315943 ], [ -37.493596185999898, -8.986405930999981 ], [ -37.493661218999897, -8.98604825399997 ], [ -37.4935195649999, -8.98583127299997 ], [ -37.493251391999898, -8.985397086999971 ], [ -37.493204793245383, -8.985215869936479 ] ] ], [ [ [ -37.493264161999932, -8.984720266999933 ], [ -37.49323385250338, -8.984774823951321 ], [ -37.493264161999903, -8.98472026699994 ], [ -37.493349352124461, -8.984654548833072 ], [ -37.493264161999932, -8.984720266999933 ] ] ], [ [ [ -37.495115837999897, -8.98145110099995 ], [ -37.495358855428051, -8.981350723948365 ], [ -37.495115837999933, -8.98145110099998 ], [ -37.494477328999949, -8.982230081999951 ], [ -37.494275839212001, -8.982752865819014 ], [ -37.494477328999899, -8.982230081999941 ], [ -37.495115837999897, -8.98145110099995 ] ] ] ] } }
]
}
