{
"type": "FeatureCollection",
"name": "CELMM",
"crs": { "type": "name", "properties": { "name": "urn:ogc:def:crs:OGC:1.3:CRS84" } },
"features": [
{ "type": "Feature", "properties": { "id": null, "Nome": "Laguna Manguaba" }, "geometry": { "type": "MultiPolygon", "coordinates": [ [ [ [ -35.873193920932529, -9.731850776171854 ], [ -35.882143197200747, -9.739505711294985 ], [ -35.882146304009112, -9.739497472761522 ], [ -35.882175394689554, -9.739466309562712 ], [ -35.882238911197511, -9.739449747025045 ], [ -35.882236349762934, -9.739415437283318 ], [ -35.882248187707908, -9.739381259168759 ], [ -35.882280052098992, -9.739361550085873 ], [ -35.882354849269952, -9.739370805383516 ], [ -35.88238100697513, -9.739345329736611 ], [ -35.882416467676606, -9.739248509261426 ], [ -35.882455684844608, -9.739282155544453 ], [ -35.882539545835151, -9.739134734000691 ], [ -35.882684866460593, -9.738848304216621 ], [ -35.882704681952241, -9.738797317151368 ], [ -35.88275685013717, -9.73873383371609 ], [ -35.882941576464916, -9.738281404316083 ], [ -35.883092257234885, -9.738023742282875 ], [ -35.883193726014888, -9.737858372813744 ], [ -35.883341212636168, -9.737597483352928 ], [ -35.883450695274448, -9.737434199566 ], [ -35.88350800675147, -9.737338517033264 ], [ -35.883709530440171, -9.736823003805164 ], [ -35.883781968412386, -9.736581586804233 ], [ -35.88380638108049, -9.736472376959824 ], [ -35.883925998283225, -9.735736829483535 ], [ -35.883956012869895, -9.735710677340789 ], [ -35.883993717259592, -9.735700140283344 ], [ -35.884020237627432, -9.735712818373701 ], [ -35.884038822984735, -9.735736305398484 ], [ -35.884109329414393, -9.73573694929785 ], [ -35.884182969468377, -9.735737621799492 ], [ -35.884258234028238, -9.735732091174354 ], [ -35.884314754561935, -9.735720171419938 ], [ -35.88440829631007, -9.73567273242954 ], [ -35.884695687810186, -9.735259696076145 ], [ -35.884820320384122, -9.735055102980983 ], [ -35.884932802381819, -9.73479161857624 ], [ -35.885045517789649, -9.734502944652158 ], [ -35.885125040008191, -9.734142591558935 ], [ -35.885195436330157, -9.733853531182495 ], [ -35.885304035916043, -9.733552223650067 ], [ -35.885558592426143, -9.732572075654918 ], [ -35.885623977328855, -9.73236694113524 ], [ -35.885652637892917, -9.732014520641798 ], [ -35.886705685725452, -9.731526572886532 ], [ -35.886684926791958, -9.731459372293669 ], [ -35.886723171234635, -9.73136246493878 ], [ -35.886793833458562, -9.731293640721411 ], [ -35.886841027418384, -9.73123849618502 ], [ -35.88684629610033, -9.731173706776428 ], [ -35.886912247445615, -9.73110947079766 ], [ -35.886973144672616, -9.731086869935652 ], [ -35.887025049377932, -9.73102713706829 ], [ -35.887067746997531, -9.730953426479815 ], [ -35.887110659134343, -9.730856561594512 ], [ -35.887162907027275, -9.730759781828253 ], [ -35.887196268783029, -9.730685986070666 ], [ -35.887257809492802, -9.730593922260828 ], [ -35.887323503214326, -9.730557471289089 ], [ -35.887408297512692, -9.730474881963314 ], [ -35.887432519083198, -9.730369584598398 ], [ -35.887486220859806, -9.730171844914372 ], [ -35.8875302864978, -9.730041032892668 ], [ -35.88756672327542, -9.729822503756182 ], [ -35.887604761545603, -9.729628083471516 ], [ -35.88759659249444, -9.729534081263424 ], [ -35.88755759054839, -9.729238085731689 ], [ -35.887518588602298, -9.729126606827126 ], [ -35.887401582764035, -9.728845987350956 ], [ -35.887350880234116, -9.728765261156619 ], [ -35.887304077898818, -9.72864224977541 ], [ -35.887202672838974, -9.728557679424537 ], [ -35.887127594092753, -9.728438512075646 ], [ -35.887014488449083, -9.728369318111628 ], [ -35.886913083389267, -9.728273215360034 ], [ -35.886807778134816, -9.728211709584542 ], [ -35.886628369182809, -9.72811176267518 ], [ -35.886472361398447, -9.728042568643518 ], [ -35.886304653030265, -9.727977218711564 ], [ -35.886211048359648, -9.727957998140901 ], [ -35.886129144272857, -9.727942621683573 ], [ -35.886035539602233, -9.727954154026646 ], [ -35.885961435904662, -9.727973374597514 ], [ -35.885883432012484, -9.727984906939504 ], [ -35.885852230455612, -9.727992595167288 ], [ -35.88579372753648, -9.728023348076611 ], [ -35.885731324422729, -9.728042568643511 ], [ -35.885688422282037, -9.728065633322316 ], [ -35.885637719752111, -9.728130983236971 ], [ -35.885622118973679, -9.728165580245459 ], [ -35.885598717806019, -9.728211709584521 ], [ -35.88557141644376, -9.728288591802132 ], [ -35.885501212940795, -9.728315500574139 ], [ -35.885442710021664, -9.728300124133243 ], [ -35.885403708075579, -9.728284747691678 ], [ -35.885317903794174, -9.728223241918297 ], [ -35.885239899901997, -9.728200177250345 ], [ -35.885177496788252, -9.728177112580829 ], [ -35.885103393090674, -9.728138671461382 ], [ -35.885068291339202, -9.72808485388677 ], [ -35.885021489003897, -9.728031036303491 ], [ -35.884990287447017, -9.727984906939483 ], [ -35.884990287447017, -9.727950309912316 ], [ -35.884974686668585, -9.7278926481924 ], [ -35.885271101458869, -9.727546677663948 ], [ -35.885638212125272, -9.727065994308647 ], [ -35.88554404503288, -9.726294190646923 ], [ -35.885796808065223, -9.726193085433987 ], [ -35.886201228916974, -9.726167809130752 ], [ -35.886441353797686, -9.725921365174219 ], [ -35.886795222042963, -9.725668602141878 ], [ -35.887098537681773, -9.725567496928941 ], [ -35.887553511139991, -9.725542220625707 ], [ -35.887831550475568, -9.725542220625707 ], [ -35.888160142417611, -9.725466391716004 ], [ -35.888387629146713, -9.725137799773961 ], [ -35.888514010662888, -9.725036694561023 ], [ -35.888766773695231, -9.724910313044854 ], [ -35.889272299759909, -9.724758655225449 ], [ -35.889727273218128, -9.724606997406044 ], [ -35.890055865160171, -9.724379510676936 ], [ -35.890561391224857, -9.72397508982519 ], [ -35.890814154257193, -9.723747603096083 ], [ -35.891142746199236, -9.72336845854757 ], [ -35.891294404018645, -9.722964037695823 ], [ -35.891547167050987, -9.722363725494013 ], [ -35.891724101173622, -9.722136238764906 ], [ -35.891951587902732, -9.721858199429329 ], [ -35.89210324572214, -9.721554883790519 ], [ -35.892204350935074, -9.721175739242007 ], [ -35.892608771786819, -9.7207270848596 ], [ -35.892558219180351, -9.720145729885216 ], [ -35.892558219180351, -9.719412717091425 ], [ -35.892330732451242, -9.71895774363321 ], [ -35.892482390270651, -9.718376388658825 ], [ -35.892052693115666, -9.717592823258565 ], [ -35.892002140509199, -9.716960915677712 ], [ -35.891875758993031, -9.71645538961303 ], [ -35.891825206386564, -9.716076245064517 ], [ -35.891648272263922, -9.715697100516005 ], [ -35.891521890747754, -9.714237394004233 ], [ -35.891521890747754, -9.713605486423377 ], [ -35.891673548567155, -9.713201065571631 ], [ -35.891774653780097, -9.712796644719885 ], [ -35.891875758993031, -9.712392223868139 ], [ -35.89210324572214, -9.711716082756626 ], [ -35.892204350935074, -9.711463319724285 ], [ -35.892280179844775, -9.710983069962834 ], [ -35.892280179844775, -9.710502820201386 ], [ -35.892356008754476, -9.70979508371083 ], [ -35.892507666573884, -9.70918845243321 ], [ -35.892558219180351, -9.708758755278229 ], [ -35.892583495483585, -9.708480715942654 ], [ -35.892760429606227, -9.707678193314969 ], [ -35.892836258515928, -9.707122114643818 ], [ -35.89331650827738, -9.706237444030622 ], [ -35.89339233718708, -9.705858299482109 ], [ -35.893594547612949, -9.705656089056237 ], [ -35.894175902587335, -9.705352773417427 ], [ -35.894428665619678, -9.704872523655979 ], [ -35.894656152348787, -9.704373316667104 ], [ -35.894858362774663, -9.703994172118591 ], [ -35.895351250687725, -9.702957843685992 ], [ -35.895679842629768, -9.702401765014839 ], [ -35.895755671539469, -9.702047896769562 ], [ -35.895780947842702, -9.701567647008114 ], [ -35.896033710875045, -9.701289607672537 ], [ -35.896261197604154, -9.701087397246663 ], [ -35.896539236939731, -9.700961015730494 ], [ -35.896968934094708, -9.700708252698151 ], [ -35.897246973430285, -9.700506042272279 ], [ -35.897525012765861, -9.700278555543171 ], [ -35.897954709920839, -9.69998155898017 ], [ -35.898384407075824, -9.699703519644594 ], [ -35.898561341198459, -9.699526585521955 ], [ -35.899092143566378, -9.699197993579912 ], [ -35.899446011811655, -9.698844125334633 ], [ -35.89957239332783, -9.698616638605525 ], [ -35.899900985269873, -9.698212217753779 ], [ -35.900229577211917, -9.697731967992331 ], [ -35.900583445457194, -9.697378099747052 ], [ -35.900987866308938, -9.697100060411476 ], [ -35.901190076734814, -9.696746192166199 ], [ -35.901417563463923, -9.696316495011217 ], [ -35.901682964647875, -9.696019498448216 ], [ -35.901859898770518, -9.695842564325577 ], [ -35.902163214409327, -9.695438143473831 ], [ -35.902213767015795, -9.695235933047957 ], [ -35.902365424835203, -9.694831512196211 ], [ -35.902592911564305, -9.694604025467104 ], [ -35.902744569383714, -9.694427091344464 ], [ -35.902946779809589, -9.693997394189484 ], [ -35.903199542841925, -9.692739898103584 ], [ -35.903275371751633, -9.692360753555072 ], [ -35.903401753267801, -9.691728845974218 ], [ -35.903578687390443, -9.690743070148086 ], [ -35.903654516300143, -9.690313372993106 ], [ -35.903705068906611, -9.689706741715487 ], [ -35.903755621513078, -9.689024281528164 ], [ -35.903679792603377, -9.687893166958435 ], [ -35.903780897816311, -9.687412917196987 ], [ -35.903882003029253, -9.686957943738772 ], [ -35.904084213455121, -9.686452417674088 ], [ -35.904286423880997, -9.685946891609406 ], [ -35.904589739519807, -9.68554247075766 ], [ -35.904994160371551, -9.685112773602679 ], [ -35.905171094494193, -9.684809457963869 ], [ -35.905423857526536, -9.684278655595952 ], [ -35.90582827837828, -9.683798405834503 ], [ -35.905954659894448, -9.683292879769819 ], [ -35.906573929323685, -9.682818949084179 ], [ -35.906927797568962, -9.682642014961541 ], [ -35.907332218420713, -9.6823892519292 ], [ -35.907938849698333, -9.682111212593624 ], [ -35.908469652066245, -9.682136488896857 ], [ -35.908848796614762, -9.682262870413028 ], [ -35.909101559647098, -9.682465080838901 ], [ -35.909531256802083, -9.682566186051838 ], [ -35.909986230260294, -9.682591462355072 ], [ -35.910390651112046, -9.682439804535667 ], [ -35.910618137841148, -9.68221231780656 ], [ -35.91079507196379, -9.68178262065158 ], [ -35.910719243054089, -9.681378199799832 ], [ -35.90988512504736, -9.681106479540066 ], [ -35.909253217466507, -9.680449295655977 ], [ -35.909000454434164, -9.679691006558953 ], [ -35.909051007040631, -9.679362414616909 ], [ -35.909126835950332, -9.679033822674866 ], [ -35.909303770072974, -9.678654678126353 ], [ -35.909480704195616, -9.678351362487543 ], [ -35.909708190924718, -9.6780227705455 ], [ -35.910036782866761, -9.677618349693752 ], [ -35.910314822202338, -9.677062271022601 ], [ -35.910567585234681, -9.676758955383791 ], [ -35.910845624570257, -9.67650619235145 ], [ -35.911073111299366, -9.676354534532045 ], [ -35.911755571486687, -9.675950113680299 ], [ -35.912261097551372, -9.675773179557659 ], [ -35.912589689493416, -9.675672074344723 ], [ -35.912918281435459, -9.675400354084955 ], [ -35.913120491861328, -9.67494538062674 ], [ -35.913069939254861, -9.673814266057013 ], [ -35.913019386648394, -9.673308739992329 ], [ -35.912766623616051, -9.672601003501773 ], [ -35.91269079470635, -9.67166578028211 ], [ -35.912766623616051, -9.670604175546275 ], [ -35.912791899919284, -9.669921715358953 ], [ -35.913310064135587, -9.669169745337737 ], [ -35.913537550864696, -9.668916982305396 ], [ -35.913891419109973, -9.668487285150414 ], [ -35.914270563658484, -9.668032311692199 ], [ -35.914725537116702, -9.667779548659858 ], [ -35.915509102516957, -9.667349851504877 ], [ -35.915913523368701, -9.667198193685472 ], [ -35.916419049433387, -9.666920154349897 ], [ -35.917000404407773, -9.666642115014321 ], [ -35.917430101562751, -9.66638935198198 ], [ -35.918011456537137, -9.666212417859342 ], [ -35.918693916724457, -9.666364075678747 ], [ -35.9189466797568, -9.666490457194916 ], [ -35.919224719092377, -9.666187141556106 ], [ -35.919376376911785, -9.665909102220532 ], [ -35.919603863640887, -9.665359342625189 ], [ -35.919704968853829, -9.665056026986379 ], [ -35.91985662667323, -9.664676882437867 ], [ -35.920008284492638, -9.664323014192588 ], [ -35.920084113402339, -9.663943869644076 ], [ -35.920842402499368, -9.661428877472277 ], [ -35.922156770267549, -9.65809240544537 ], [ -35.923268927609847, -9.657233011135409 ], [ -35.923976664100401, -9.65687914289013 ], [ -35.92412832191981, -9.656373616825448 ], [ -35.924279979739211, -9.655312012089613 ], [ -35.925240479262115, -9.654857038631398 ], [ -35.925746005326793, -9.654553722992588 ], [ -35.926150426178545, -9.654503170386119 ], [ -35.926504294423822, -9.654604275599056 ], [ -35.926554847030289, -9.655109801663739 ], [ -35.926605399636756, -9.655918643367233 ], [ -35.926554847030289, -9.656120853793105 ], [ -35.926757057456165, -9.656120853793105 ], [ -35.927212030914376, -9.655817538154295 ], [ -35.927970320011397, -9.655514222515485 ], [ -35.928576951289017, -9.655160354270208 ], [ -35.929031924747235, -9.654604275599056 ], [ -35.929537450811921, -9.653744881289095 ], [ -35.929941871663665, -9.653037144798539 ], [ -35.930346292515409, -9.652127197882109 ], [ -35.930548502941285, -9.651823882243299 ], [ -35.931256239431839, -9.651823882243299 ], [ -35.931862870709459, -9.651874434849768 ], [ -35.932621159806487, -9.651722777030363 ], [ -35.933177238477633, -9.651318356178617 ], [ -35.933884974968194, -9.650610619688059 ], [ -35.934188290607004, -9.650054541016909 ], [ -35.934592711458748, -9.649195146706948 ], [ -35.934946579704025, -9.648487410216392 ], [ -35.936084013349564, -9.648398943155073 ], [ -35.936892855053053, -9.648297837942135 ], [ -35.938156670214759, -9.64784286448392 ], [ -35.939066617131189, -9.647590101451579 ], [ -35.94007766926056, -9.647337338419238 ], [ -35.94068430053818, -9.646983470173959 ], [ -35.9412909318158, -9.646376838896339 ], [ -35.941543694848136, -9.645517444586378 ], [ -35.941392037028734, -9.644759155489353 ], [ -35.941341484422267, -9.644051418998798 ], [ -35.941493142241669, -9.643192024688837 ], [ -35.941745905274011, -9.642838156443558 ], [ -35.942049220912821, -9.642383182985343 ], [ -35.942200878732223, -9.641978762133597 ], [ -35.942200878732223, -9.641372130855977 ], [ -35.942150326125756, -9.640512736546016 ], [ -35.941998668306354, -9.640057763087801 ], [ -35.942301983945164, -9.639501684416651 ], [ -35.942756957403375, -9.639602789629587 ], [ -35.943363588680995, -9.639703894842523 ], [ -35.943919667352148, -9.639653342236056 ], [ -35.944526298629768, -9.639147816171372 ], [ -35.945031824694453, -9.639097263564903 ], [ -35.94599232421735, -9.639198368777841 ], [ -35.946396745069094, -9.639400579203713 ], [ -35.947458349804933, -9.639552237023118 ], [ -35.948064981082553, -9.639703894842523 ], [ -35.948974927998982, -9.639855552661928 ], [ -35.949531006670128, -9.640057763087801 ], [ -35.950339848373623, -9.640361078726611 ], [ -35.951148690077119, -9.640512736546016 ], [ -35.951654216141797, -9.640613841758952 ], [ -35.952159742206483, -9.640664394365421 ], [ -35.952665268271168, -9.640512736546016 ], [ -35.953398281064963, -9.640285249816909 ], [ -35.953802701916707, -9.640133591997504 ], [ -35.954712648833137, -9.639577513326353 ], [ -35.954914859259013, -9.639122539868138 ], [ -35.95526872750429, -9.638162040345239 ], [ -35.955218174897816, -9.63664546215119 ], [ -35.9555720431431, -9.635432199595952 ], [ -35.95617867442072, -9.634673910498927 ], [ -35.956886410911274, -9.633763963582497 ], [ -35.957341384369485, -9.633106779698409 ], [ -35.957341384369485, -9.632095727569043 ], [ -35.957341384369485, -9.630730807194398 ], [ -35.957088621337149, -9.629479630184308 ], [ -35.956987516124208, -9.628569683267878 ], [ -35.956633647878931, -9.627861946777323 ], [ -35.956431437453055, -9.626951999860893 ], [ -35.95678530569834, -9.625384869060376 ], [ -35.956987516124208, -9.625031000815097 ], [ -35.957189726550084, -9.624222159111604 ], [ -35.957391936975959, -9.623666080440453 ], [ -35.957543594795361, -9.622958343949897 ], [ -35.957846910434171, -9.622604475704618 ], [ -35.958301883892389, -9.622351712672277 ], [ -35.959110725595878, -9.621997844426998 ], [ -35.959818462086432, -9.621542870968785 ], [ -35.960222882938183, -9.62108789751057 ], [ -35.96027343554465, -9.620582371445886 ], [ -35.95997011990584, -9.619925187561797 ], [ -35.959565699054096, -9.619419661497115 ], [ -35.959110725595878, -9.618661372400091 ], [ -35.959009620382943, -9.618206398941876 ], [ -35.958908515170009, -9.617700872877192 ], [ -35.95906017298941, -9.616993136386636 ], [ -35.959464593841155, -9.61658871553489 ], [ -35.960184968483304, -9.61585412297215 ], [ -35.959856376541261, -9.615753017759214 ], [ -35.959047534837765, -9.615449702120404 ], [ -35.958693666592488, -9.615222215391297 ], [ -35.958087035314868, -9.614817794539551 ], [ -35.957733167069591, -9.614438649991039 ], [ -35.957177088398439, -9.613730913500481 ], [ -35.956899049062862, -9.613351768951969 ], [ -35.956469351907884, -9.612922071796989 ], [ -35.95545829977852, -9.612214335306433 ], [ -35.95515498413971, -9.612012124880559 ], [ -35.954902221107368, -9.611784638151452 ], [ -35.954523076558857, -9.611456046209408 ], [ -35.954143932010339, -9.611076901660896 ], [ -35.953638405945661, -9.610571375596212 ], [ -35.953208708790676, -9.609939468015359 ], [ -35.952677906422764, -9.609484494557144 ], [ -35.952336676329111, -9.609383389344208 ], [ -35.951679492445024, -9.609054797402163 ], [ -35.951249795290039, -9.608827310673055 ], [ -35.950794821831828, -9.608700929156885 ], [ -35.950516782496251, -9.608700929156885 ], [ -35.950087085341266, -9.608700929156885 ], [ -35.949657388186289, -9.608751481763353 ], [ -35.949101309515136, -9.608776758066588 ], [ -35.948722164966625, -9.608877863279524 ], [ -35.948115533689005, -9.609105350008631 ], [ -35.947812218050196, -9.6091559026151 ], [ -35.947584731321086, -9.609332836737739 ], [ -35.947382520895218, -9.609509770860377 ], [ -35.947230863075809, -9.609661428679782 ], [ -35.946978100043466, -9.609737257589485 ], [ -35.946624231798189, -9.60976253389272 ], [ -35.946118705733504, -9.609661428679782 ], [ -35.94579011379146, -9.609535047163613 ], [ -35.945537350759125, -9.60945921825391 ], [ -35.94510765360414, -9.609358113040972 ], [ -35.944677956449162, -9.60928228413127 ], [ -35.944450469720053, -9.609332836737739 ], [ -35.944147154081243, -9.609484494557144 ], [ -35.9438943910489, -9.609661428679782 ], [ -35.943313036074514, -9.609863639105656 ], [ -35.942782233706602, -9.60988891540889 ], [ -35.942289345793526, -9.609813086499187 ], [ -35.941758543425607, -9.609610876073315 ], [ -35.941025530631819, -9.609231731524803 ], [ -35.940772767599476, -9.609080073705398 ], [ -35.9404947282639, -9.608903139582758 ], [ -35.940090307412156, -9.608726205460119 ], [ -35.939635333953937, -9.60867565285365 ], [ -35.939306742011894, -9.60867565285365 ], [ -35.939079255282792, -9.608726205460119 ], [ -35.938775939643982, -9.608827310673055 ], [ -35.93859900552134, -9.608928415885993 ], [ -35.938194584669596, -9.609054797402163 ], [ -35.937764887514611, -9.609080073705398 ], [ -35.937259361449932, -9.609105350008631 ], [ -35.93677911168848, -9.60897896849246 ], [ -35.936324138230269, -9.60885258697629 ], [ -35.936121927804393, -9.608751481763353 ], [ -35.93579333586235, -9.608751481763353 ], [ -35.93549002022354, -9.608751481763353 ], [ -35.935363638707372, -9.608751481763353 ], [ -35.935035046765329, -9.608802034369821 ], [ -35.934415777336092, -9.609054797402163 ], [ -35.933884974968173, -9.609080073705398 ], [ -35.933758593452005, -9.609181178918334 ], [ -35.933455277813195, -9.609433941950675 ], [ -35.933253067387319, -9.609737257589485 ], [ -35.933076133264677, -9.610015296925061 ], [ -35.932873922838809, -9.610242783654169 ], [ -35.932621159806466, -9.610343888867105 ], [ -35.93234312047089, -9.610394441473574 ], [ -35.932014528528846, -9.610444994080042 ], [ -35.931610107677102, -9.610520822989745 ], [ -35.931180410522117, -9.610672480809148 ], [ -35.930952923793008, -9.610899967538256 ], [ -35.930877094883307, -9.611026349054427 ], [ -35.930573779244497, -9.611253835783534 ], [ -35.930068253179819, -9.611380217299706 ], [ -35.929790213844242, -9.611430769906173 ], [ -35.9295374508119, -9.611607704028813 ], [ -35.929360516689258, -9.611734085544983 ], [ -35.929133029960148, -9.611986848577326 ], [ -35.928956095837513, -9.612087953790262 ], [ -35.92862750389547, -9.612087953790262 ], [ -35.928273635650193, -9.611986848577326 ], [ -35.927818662191974, -9.611911019667623 ], [ -35.92741424134023, -9.611911019667623 ], [ -35.927136202004654, -9.611911019667623 ], [ -35.925531156749287, -9.611911019667623 ], [ -35.9249498017749, -9.61196157227409 ], [ -35.924368446800514, -9.612037401183793 ], [ -35.923812368129362, -9.612037401183793 ], [ -35.923180460548508, -9.611860467061154 ], [ -35.922700210787063, -9.611759361848218 ], [ -35.922043026902976, -9.611607704028813 ], [ -35.921588053444758, -9.611582427725578 ], [ -35.921082527380072, -9.611456046209408 ], [ -35.920324238283051, -9.611380217299706 ], [ -35.919869264824833, -9.611430769906173 ], [ -35.919439567669855, -9.61165825663528 ], [ -35.919161528334278, -9.611809914454685 ], [ -35.918706554876067, -9.612062677487028 ], [ -35.918554897056659, -9.612113230093495 ], [ -35.918302134024316, -9.612315440519369 ], [ -35.918175752508148, -9.612467098338774 ], [ -35.917998818385506, -9.612694585067882 ], [ -35.91774605535317, -9.61287151919052 ], [ -35.917569121230528, -9.612972624403456 ], [ -35.917392187107886, -9.613124282222861 ], [ -35.917189976682018, -9.613351768951969 ], [ -35.916987766256142, -9.613579255681076 ], [ -35.916709726920566, -9.613907847623121 ], [ -35.916482240191456, -9.614286992171634 ], [ -35.916482240191456, -9.614489202597506 ], [ -35.916355858675288, -9.614843070842785 ], [ -35.916128371946179, -9.615020004965423 ], [ -35.915951437823544, -9.615121110178359 ], [ -35.915900885217077, -9.615247491694531 ], [ -35.915900885217077, -9.615500254726872 ], [ -35.915673398487968, -9.615980504488322 ], [ -35.915521740668559, -9.616106886004491 ], [ -35.915268977636217, -9.616384925340068 ], [ -35.914940385694173, -9.616662964675644 ], [ -35.914662346358604, -9.617042109224156 ], [ -35.914510688539195, -9.61749708268237 ], [ -35.914523326690819, -9.618274329006821 ], [ -35.914523326690819, -9.618501815735929 ], [ -35.914523326690819, -9.618956789194142 ], [ -35.914371668871418, -9.619538144168528 ], [ -35.914093629535842, -9.619917288717041 ], [ -35.913866142806732, -9.620271156962319 ], [ -35.913663932380857, -9.620700854117299 ], [ -35.913436445651755, -9.621155827575514 ], [ -35.913234235225879, -9.621636077336962 ], [ -35.913208958922645, -9.622242708614582 ], [ -35.913133130012945, -9.62264712946633 ], [ -35.912956195890303, -9.623102102924545 ], [ -35.912577051341792, -9.623847753869951 ], [ -35.912450669825624, -9.624328003631399 ], [ -35.912349564612683, -9.624757700786381 ], [ -35.912223183096515, -9.625237950547829 ], [ -35.911945143760938, -9.625920410735151 ], [ -35.911742933335063, -9.626350107890133 ], [ -35.911515446605954, -9.626956739167753 ], [ -35.911414341393019, -9.627411712625968 ], [ -35.911237407270384, -9.62791723869065 ], [ -35.911060473147742, -9.628473317361802 ], [ -35.9108835390251, -9.629130501245889 ], [ -35.910656052295998, -9.62998989555585 ], [ -35.910554947083057, -9.630419592710831 ], [ -35.910453841870122, -9.631152605504621 ], [ -35.910352736657188, -9.631847703843562 ], [ -35.910251631444247, -9.63263126924382 ], [ -35.910251631444247, -9.633212624218205 ], [ -35.910251631444247, -9.633945637011996 ], [ -35.910125249928079, -9.634552268289616 ], [ -35.910099973624845, -9.635260004780172 ], [ -35.910049421018378, -9.635993017573963 ], [ -35.910024144715145, -9.636599648851581 ], [ -35.910024144715145, -9.637054622309796 ], [ -35.909998868411911, -9.637711806193884 ], [ -35.909847210592503, -9.638318437471504 ], [ -35.909796657986035, -9.638798687232953 ], [ -35.909948315805437, -9.639582252633211 ], [ -35.909948315805437, -9.6402394365173 ], [ -35.909821934289269, -9.640871344098153 ], [ -35.909695552773101, -9.641111468978877 ], [ -35.909543894953693, -9.641465337224156 ], [ -35.909518618650459, -9.641768652862966 ], [ -35.909670276469861, -9.642071968501776 ], [ -35.909771381682802, -9.642476389353522 ], [ -35.909796657986035, -9.642956639114971 ], [ -35.909821934289269, -9.643411612573185 ], [ -35.909645000166627, -9.643917138637869 ], [ -35.909316408224583, -9.644220454276679 ], [ -35.909215303011649, -9.644523769915489 ], [ -35.909265855618116, -9.644902914464001 ], [ -35.909164750405182, -9.645256782709279 ], [ -35.909013092585774, -9.645534822044855 ], [ -35.908911987372839, -9.645863413986898 ], [ -35.909038368889007, -9.646116177019241 ], [ -35.909088921495481, -9.646318387445113 ], [ -35.909038368889007, -9.646672255690392 ], [ -35.908962539979306, -9.6468997424195 ], [ -35.908962539979306, -9.647127229148607 ], [ -35.909088921495481, -9.647304163271246 ], [ -35.909215303011649, -9.647708584122991 ], [ -35.909366960831051, -9.648157238505398 ], [ -35.909366960831051, -9.648384725234505 ], [ -35.909468066043992, -9.64853638305391 ], [ -35.910112611776455, -9.648706998100741 ], [ -35.910137888079689, -9.648909208526614 ], [ -35.910011506563521, -9.649060866346019 ], [ -35.909784019834412, -9.649288353075127 ], [ -35.909556533105302, -9.649364181984829 ], [ -35.909202664860025, -9.649566392410701 ], [ -35.909051007040624, -9.649970813262449 ], [ -35.908924625524449, -9.650248852598024 ], [ -35.908065231214486, -9.650678549753005 ], [ -35.907913573395085, -9.650906036482112 ], [ -35.907787191878917, -9.651234628424156 ], [ -35.907559705149808, -9.651537944062966 ], [ -35.907231113207764, -9.651866536005009 ], [ -35.906927797568954, -9.652094022734117 ], [ -35.906599205626911, -9.652397338372927 ], [ -35.90619478477516, -9.652725930314972 ], [ -35.905840916529883, -9.653054522257015 ], [ -35.905537600891073, -9.653408390502294 ], [ -35.90528483785873, -9.653787535050807 ], [ -35.905057351129628, -9.654141403296084 ], [ -35.904728759187584, -9.65484913978664 ], [ -35.904652930277877, -9.655051350212513 ], [ -35.904400167245534, -9.655278836941621 ], [ -35.90399574639379, -9.655481047367495 ], [ -35.903338562509703, -9.655582152580431 ], [ -35.902731931232083, -9.655582152580431 ], [ -35.902428615593273, -9.655828596536963 ], [ -35.902276957773871, -9.655980254356368 ], [ -35.902074747347996, -9.656283569995178 ], [ -35.901746155405952, -9.656485780421052 ], [ -35.901291181947734, -9.656511056724286 ], [ -35.900810932186289, -9.656485780421052 ], [ -35.900457063941012, -9.656485780421052 ], [ -35.899850432663392, -9.656561609330755 ], [ -35.899395459205174, -9.656586885633988 ], [ -35.898573979350068, -9.656605842861413 ], [ -35.898371768924193, -9.656605842861413 ], [ -35.897765137646573, -9.656605842861413 ], [ -35.897461822007763, -9.656631119164649 ], [ -35.897158506368953, -9.656808053287287 ], [ -35.896627704001034, -9.657035540016395 ], [ -35.896450769878399, -9.657161921532566 ], [ -35.89591996751048, -9.657439960868141 ], [ -35.895692480781371, -9.657844381719887 ], [ -35.895641928174904, -9.658400460391039 ], [ -35.895641928174904, -9.658779604939552 ], [ -35.895591375568436, -9.659259854701 ], [ -35.89531333623286, -9.659740104462449 ], [ -35.89531333623286, -9.660018143798025 ], [ -35.895363888839327, -9.660245630527132 ], [ -35.895212231019926, -9.660700603985347 ], [ -35.894959467987583, -9.661029195927391 ], [ -35.894934191684349, -9.661307235262967 ], [ -35.894908915381116, -9.661736932417947 ], [ -35.894858362774649, -9.662242458482631 ], [ -35.894580323439072, -9.662722708244079 ], [ -35.894592961590689, -9.663095533716783 ], [ -35.894416027468047, -9.663499954568529 ], [ -35.894137988132471, -9.664005480633213 ], [ -35.893859948796901, -9.66435934887849 ], [ -35.893430251641917, -9.664713217123769 ], [ -35.893101659699873, -9.664915427549643 ], [ -35.892646686241662, -9.66514291427875 ], [ -35.891888397144633, -9.665294572098155 ], [ -35.891180660654079, -9.665319848401388 ], [ -35.890725687195861, -9.665345124704622 ], [ -35.890371818950584, -9.665496782524027 ], [ -35.88973991136973, -9.665774821859603 ], [ -35.889133280092111, -9.665951755982242 ], [ -35.88805827512526, -9.666477644994064 ], [ -35.888054832994236, -9.666564173520547 ], [ -35.888011830771596, -9.66658666770377 ], [ -35.88794977317329, -9.666672371148566 ], [ -35.887895493837483, -9.666725503149237 ], [ -35.887845801995887, -9.666769764355569 ], [ -35.887836773756135, -9.66678736210838 ], [ -35.887755766344114, -9.666844846599449 ], [ -35.88770243064797, -9.66688864241042 ], [ -35.887640223735339, -9.666941184766985 ], [ -35.88761373234253, -9.666989252124127 ], [ -35.887578463763688, -9.667063548823759 ], [ -35.887565467632975, -9.66712909618348 ], [ -35.887588177418962, -9.667185878505357 ], [ -35.887610909455304, -9.667242716728854 ], [ -35.887620117546113, -9.667286490952295 ], [ -35.887606690223627, -9.667339112471959 ], [ -35.887571302988484, -9.667391705035826 ], [ -35.887545013007745, -9.667457471182301 ], [ -35.887545543116445, -9.667545241955997 ], [ -35.887528177539224, -9.667619922264153 ], [ -35.887506114436903, -9.667677049871005 ], [ -35.88748403762682, -9.667734201569981 ], [ -35.887497784212499, -9.667786179883986 ], [ -35.887493927801785, -9.667895449069368 ], [ -35.887494157991661, -9.667978794200494 ], [ -35.887485133272719, -9.668040459538016 ], [ -35.887458069930439, -9.668124252155396 ], [ -35.887467090857534, -9.668212116586968 ], [ -35.887471602405391, -9.668286837098181 ], [ -35.887467093057751, -9.668361616208371 ], [ -35.887471604337634, -9.668418755901923 ], [ -35.8874535666261, -9.668502373699619 ], [ -35.887440045509379, -9.668568358623171 ], [ -35.887431362024422, -9.668621053941944 ], [ -35.88741360858149, -9.668678198672106 ], [ -35.887404642221469, -9.668730970079428 ], [ -35.887373265408456, -9.668788136043339 ], [ -35.887355341853997, -9.668858469355346 ], [ -35.887323984333698, -9.668933172503902 ], [ -35.887319506982458, -9.669016668148045 ], [ -35.887306073292237, -9.669095749085484 ], [ -35.887275222396312, -9.669201406813508 ], [ -35.887257981178884, -9.669364556188327 ], [ -35.887199955056332, -9.669496566779131 ], [ -35.887164247921078, -9.669646178409348 ], [ -35.887155585224178, -9.669729631781511 ], [ -35.887155899940431, -9.66981703741436 ], [ -35.887147258735688, -9.6698913449782 ], [ -35.887125146282706, -9.669939358753622 ], [ -35.887120822332157, -9.669978760376527 ], [ -35.88712099114386, -9.670035791690296 ], [ -35.887116531988369, -9.670088702849293 ], [ -35.887103151159728, -9.670128333431268 ], [ -35.887076382204803, -9.670159076244403 ], [ -35.887049604712892, -9.670198655794577 ], [ -35.887027283725509, -9.670255925281348 ], [ -35.886991556565604, -9.670286663695872 ], [ -35.886973687899747, -9.670366060180697 ], [ -35.886955815419434, -9.670432226849496 ], [ -35.886964753522967, -9.670494076593016 ], [ -35.886978158533957, -9.670560347095279 ], [ -35.886951348555762, -9.670591184568678 ], [ -35.886906645322469, -9.670621989563925 ], [ -35.886884285116835, -9.670679366865835 ], [ -35.886857404876139, -9.670754462100284 ], [ -35.886861745294546, -9.670834070868471 ], [ -35.886866057815766, -9.670926849633084 ], [ -35.886848031364231, -9.670997467600147 ], [ -35.88682555068646, -9.671050387381948 ], [ -35.886820996728503, -9.671098863107192 ], [ -35.886798528330814, -9.671156097032037 ], [ -35.88677157501742, -9.671241754643338 ], [ -35.886758084633087, -9.67130843958714 ], [ -35.8867446820773, -9.67138773284703 ], [ -35.886713436211807, -9.671462539020013 ], [ -35.886686654887946, -9.671541745396684 ], [ -35.886668800941933, -9.671620951634891 ], [ -35.886637555307061, -9.67166935573314 ], [ -35.886592918495495, -9.671730961035859 ], [ -35.886566136911661, -9.671805766843558 ], [ -35.886512573279973, -9.671906975200868 ], [ -35.886463472958724, -9.671986181665231 ], [ -35.886418836233581, -9.672047786738863 ], [ -35.886392054935619, -9.67212699276339 ], [ -35.886374200560759, -9.672175396476955 ], [ -35.88634689117702, -9.672204426316343 ], [ -35.886325848787145, -9.672221021189285 ], [ -35.886309014776621, -9.672270805515071 ], [ -35.886287972016291, -9.672333035744145 ], [ -35.886254304142547, -9.672424306992843 ], [ -35.886224844518352, -9.672523875390009 ], [ -35.88619117639152, -9.672602700343997 ], [ -35.886153299652221, -9.672677376668538 ], [ -35.886119631704247, -9.67275620142733 ], [ -35.886124144655611, -9.672809086102895 ], [ -35.886090172496758, -9.672847355866299 ], [ -35.88606069011918, -9.672892952735566 ], [ -35.886056465635015, -9.672951024545013 ], [ -35.886043793073163, -9.673058988955322 ], [ -35.886031115145592, -9.673133822744068 ], [ -35.886022629071121, -9.673246210505011 ], [ -35.886018370012827, -9.673358706784009 ], [ -35.885993044249183, -9.673471061900939 ], [ -35.885988823577748, -9.673601633812266 ], [ -35.885984603566349, -9.673689084793306 ], [ -35.885933982155656, -9.67376852686121 ], [ -35.885912899889561, -9.673847727479439 ], [ -35.885908712202237, -9.673926947333069 ], [ -35.885925663116581, -9.674027135119715 ], [ -35.885929959696661, -9.674110651676907 ], [ -35.885888030746983, -9.674202810043671 ], [ -35.885896563207332, -9.674306893201109 ], [ -35.885900967027148, -9.674473223670292 ], [ -35.885896882967984, -9.674560432982638 ], [ -35.885855164547699, -9.674672475728908 ], [ -35.885851136471899, -9.674771802855775 ], [ -35.88583034741351, -9.674908170997329 ], [ -35.885817819806739, -9.675023810675791 ], [ -35.885851235236657, -9.675110672206358 ], [ -35.885851235111275, -9.675180920532881 ], [ -35.885809283664095, -9.675278524961413 ], [ -35.885775481994827, -9.675439654812106 ], [ -35.885800454069567, -9.675567927227283 ], [ -35.885754368205845, -9.675696178258871 ], [ -35.885733429224935, -9.675799582506729 ], [ -35.88571249588464, -9.675907095131153 ], [ -35.885704124096385, -9.675993938605512 ], [ -35.885679014594082, -9.676101387373429 ], [ -35.885645547817425, -9.676225301334327 ], [ -35.885624638327542, -9.676353365808726 ], [ -35.885599555077526, -9.676609476779799 ], [ -35.885541059351048, -9.676803833274679 ], [ -35.885532706439733, -9.676923667114435 ], [ -35.885457571471001, -9.677059987731367 ], [ -35.885445056070807, -9.677225160942555 ], [ -35.885420031040631, -9.677382017504268 ], [ -35.885403352398029, -9.677530595539857 ], [ -35.885403154769769, -9.677625726833286 ], [ -35.885373521528408, -9.67772101647061 ], [ -35.885331450251506, -9.677795549473231 ], [ -35.885263710351843, -9.677987099131832 ], [ -35.885237873694649, -9.678132047765969 ], [ -35.885199729044977, -9.678231523351574 ], [ -35.885157757396563, -9.678306036428694 ], [ -35.885145234186041, -9.678372239886798 ], [ -35.885078143691445, -9.67854407574365 ], [ -35.885062900245565, -9.678672634938877 ], [ -35.884987191009365, -9.678854432337786 ], [ -35.884926820520576, -9.679041386214921 ], [ -35.884833513531881, -9.679266834524864 ], [ -35.884753685045048, -9.679443913274406 ], [ -35.884680282749329, -9.679630748703957 ], [ -35.884587213852178, -9.67983033667314 ], [ -35.884460880281843, -9.6801039766926 ], [ -35.884401045820198, -9.680232744946068 ], [ -35.884360639280963, -9.680374620776339 ], [ -35.884300446861893, -9.68054217921779 ], [ -35.884194524763551, -9.680722253451314 ], [ -35.884054830763851, -9.681031332447056 ], [ -35.883981069595521, -9.681256957703319 ], [ -35.883875147011899, -9.681437031707901 ], [ -35.883742206667058, -9.681720309431826 ], [ -35.883583083594303, -9.682016280303284 ], [ -35.883410212584778, -9.682389712995189 ], [ -35.883223593398263, -9.682840607430739 ], [ -35.883011984631572, -9.683174894187497 ], [ -35.882930810830686, -9.683497435051969 ], [ -35.882744548151628, -9.683909538639536 ], [ -35.882544895064505, -9.684360313669963 ], [ -35.882359108801936, -9.684720696529084 ], [ -35.882199863045628, -9.68502959593812 ], [ -35.882055576126106, -9.685306303368771 ], [ -35.881922572197197, -9.685596044396954 ], [ -35.881809653002065, -9.685827777871951 ], [ -35.881637314556315, -9.686143023185524 ], [ -35.881458041742746, -9.686503464174717 ], [ -35.881358153487433, -9.686735315830628 ], [ -35.881253003711549, -9.686831342764656 ], [ -35.881121193022345, -9.686991782715697 ], [ -35.880962243313014, -9.687268355742784 ], [ -35.880816444534446, -9.687532117151155 ], [ -35.880604291606211, -9.687924585791379 ], [ -35.880426062160296, -9.688171887850983 ], [ -35.880393004658927, -9.688223311464062 ], [ -35.880340220210137, -9.688293952210545 ], [ -35.880325993131571, -9.688423133843475 ], [ -35.880207571637357, -9.688544901633096 ], [ -35.880056570626785, -9.68866637282429 ], [ -35.879971206591044, -9.688736716933311 ], [ -35.879885304525743, -9.688865246087159 ], [ -35.879747574167304, -9.688960975650376 ], [ -35.879628703897076, -9.689131230663685 ], [ -35.879588412839553, -9.689260174890963 ], [ -35.879462518246463, -9.689485323014996 ], [ -35.879231412302616, -9.689812961868617 ], [ -35.879002502955615, -9.690079197728352 ], [ -35.878843310328001, -9.690381628733455 ], [ -35.878645799416581, -9.690599658497264 ], [ -35.878528855925083, -9.690737602597611 ], [ -35.878358066279581, -9.690884754475388 ], [ -35.878271385230256, -9.691097327817062 ], [ -35.878132875767427, -9.691277101249234 ], [ -35.878118348243873, -9.691438607449934 ], [ -35.878057730532177, -9.69165141808328 ], [ -35.878023415771359, -9.691838606153931 ], [ -35.87748958097562, -9.692486761501993 ], [ -35.877519629228935, -9.692561295294055 ], [ -35.87746275631013, -9.692635110639136 ], [ -35.877404094338424, -9.69290217705689 ], [ -35.877422306573521, -9.692958093241909 ], [ -35.877487870648068, -9.693159391514243 ], [ -35.877449794714906, -9.69322594476559 ], [ -35.877367046034855, -9.693262357426846 ], [ -35.87729075644414, -9.693410329336835 ], [ -35.877304913321382, -9.69349965869006 ], [ -35.877266355576658, -9.693618241026922 ], [ -35.877214680598897, -9.693656770505449 ], [ -35.877179527213769, -9.69372180255672 ], [ -35.877189515253662, -9.693825674730915 ], [ -35.877180785126654, -9.693959395627633 ], [ -35.877179821613659, -9.694063453877291 ], [ -35.877170540853633, -9.694256636624687 ], [ -35.877154043997606, -9.694420020152243 ], [ -35.877122564386731, -9.694583267094709 ], [ -35.877083524530981, -9.694753878463446 ], [ -35.877044932016062, -9.6948761770639 ], [ -35.876998744844833, -9.695009556451383 ], [ -35.876945135089812, -9.695135434793496 ], [ -35.876898328273938, -9.695335708708251 ], [ -35.876859219263679, -9.695513752711237 ], [ -35.876842790847199, -9.695669703417925 ], [ -35.87682594933208, -9.695870250490662 ], [ -35.876794193829703, -9.696063228212768 ], [ -35.876724430509533, -9.6963153261964 ], [ -35.876722296161894, -9.696545740758788 ], [ -35.876690402710217, -9.696753583881119 ], [ -35.876611977035566, -9.697131969803459 ], [ -35.876540973610645, -9.697517856693857 ], [ -35.876493339413614, -9.697807323057724 ], [ -35.876460722351418, -9.698093209679024 ], [ -35.876444913070678, -9.698182265723764 ], [ -35.876406698343523, -9.69826368404923 ], [ -35.876368276977914, -9.698367400537652 ], [ -35.876381675791322, -9.698538489865236 ], [ -35.876349919308311, -9.698731467361823 ], [ -35.876302766595437, -9.698968904510329 ], [ -35.876323518996756, -9.69915492761851 ], [ -35.876313754519863, -9.699400139161375 ], [ -35.876280826750168, -9.699719472901458 ], [ -35.87628874452043, -9.699875645519255 ], [ -35.8762574698208, -9.700016593877638 ], [ -35.876249082822945, -9.700113150928965 ], [ -35.876225368418915, -9.700246734895684 ], [ -35.876185775442963, -9.700476807543703 ], [ -35.876145493425575, -9.700781207385964 ], [ -35.876113322814412, -9.701018781059426 ], [ -35.876095859505398, -9.701286222314392 ], [ -35.876026231182834, -9.701523454145686 ], [ -35.876002171898676, -9.701694201630804 ], [ -35.876022786006651, -9.70189509017367 ], [ -35.876013158411602, -9.702125436140481 ], [ -35.876004288745214, -9.702274022178623 ], [ -35.876009781912671, -9.7024896394307 ], [ -35.876008610443236, -9.702615995672197 ], [ -35.875999809604643, -9.702757148981965 ], [ -35.875991077652721, -9.702890869568408 ], [ -35.87601938987823, -9.703069528333849 ], [ -35.876039797075975, -9.703292715051616 ], [ -35.876045565739076, -9.703478601424855 ], [ -35.876020885747586, -9.703716243331243 ], [ -35.876018749258947, -9.703946657639138 ], [ -35.876038053580963, -9.704288767876939 ], [ -35.876057495679646, -9.704616012681091 ], [ -35.876093299371966, -9.704794739865255 ], [ -35.876105973539033, -9.705043872742628 ], [ -35.876368220650953, -9.706766701586867 ], [ -35.876252686050108, -9.707768848989968 ], [ -35.87549015768456, -9.709693419116183 ], [ -35.875397730003883, -9.709852850464888 ], [ -35.875305302323213, -9.710046445571953 ], [ -35.875259088482878, -9.710194488813595 ], [ -35.875166660802194, -9.710422247519068 ], [ -35.875097340041698, -9.710581678520757 ], [ -35.874958698520693, -9.710820824880887 ], [ -35.874900931220267, -9.711151074335492 ], [ -35.874820056999674, -9.711390220288939 ], [ -35.874750736239164, -9.711583814507096 ], [ -35.874727629319011, -9.711766020727778 ], [ -35.874692968938753, -9.7119482268493 ], [ -35.874739182779088, -9.712096269250011 ], [ -35.874739182779088, -9.712221535845659 ], [ -35.874669862018578, -9.712369578125505 ], [ -35.874600541258069, -9.712551783918546 ], [ -35.874600541258069, -9.712711213906065 ], [ -35.874646755098404, -9.712938970899421 ], [ -35.874669862018571, -9.713109788542747 ], [ -35.874646755098404, -9.713189503413107 ], [ -35.874577434337894, -9.713291993932854 ], [ -35.874577434337894, -9.713417260081025 ], [ -35.874577434337901, -9.713542526182302 ], [ -35.874519667037482, -9.713622240949629 ], [ -35.87447345319714, -9.713667792236718 ], [ -35.874415685896722, -9.713781670427322 ], [ -35.874404132436638, -9.713918324204915 ], [ -35.874427239356805, -9.714032202310282 ], [ -35.874438792816896, -9.714146080376882 ], [ -35.874450346276966, -9.714282734005705 ], [ -35.87448500665721, -9.714373836393916 ], [ -35.874450346276959, -9.714544653304916 ], [ -35.874415685896714, -9.714681306770977 ], [ -35.874461899737049, -9.714817960181239 ], [ -35.874461899737049, -9.714966001312726 ], [ -35.874427239356798, -9.71506849128847 ], [ -35.874427239356798, -9.715170981232825 ], [ -35.874427239356798, -9.715262083379237 ], [ -35.874427239356791, -9.715353185500852 ], [ -35.874404132436624, -9.715455675358029 ], [ -35.874404132436631, -9.715546777426919 ], [ -35.874369472056372, -9.715626491716874 ], [ -35.874369472056372, -9.715717593739265 ], [ -35.874369472056379, -9.715797307988531 ], [ -35.874369472056372, -9.715933960943078 ], [ -35.874334811676114, -9.71607061384184 ], [ -35.874253937455528, -9.716173103479269 ], [ -35.874196170155102, -9.716332531741804 ], [ -35.874219277075269, -9.716491959928341 ], [ -35.874219277075269, -9.716583061715125 ], [ -35.874196170155102, -9.716696938913715 ], [ -35.874184616695011, -9.716810816073577 ], [ -35.874207723615193, -9.716993019448701 ], [ -35.874207723615179, -9.717072733394122 ], [ -35.874184616695011, -9.717129671914945 ], [ -35.874149956314767, -9.717220773528105 ], [ -35.874207723615179, -9.717289099721684 ], [ -35.874207723615179, -9.717380201291428 ], [ -35.874184616695011, -9.717551016667851 ], [ -35.874149956314753, -9.717801545728847 ], [ -35.874173063234927, -9.718029299257847 ], [ -35.874230830535339, -9.718234277301406 ], [ -35.87417306323492, -9.718439255219348 ], [ -35.874196170155095, -9.718678395964909 ], [ -35.874230830535332, -9.718906148896993 ], [ -35.874242383995423, -9.719076963494306 ], [ -35.87427704437566, -9.719281940895923 ], [ -35.874311704755911, -9.719452755301326 ], [ -35.874300151295827, -9.719600794382133 ], [ -35.874334811676079, -9.719771608624729 ], [ -35.874334811676071, -9.71987409712842 ], [ -35.874404132436581, -9.719953810387352 ], [ -35.874415685896672, -9.720124624449685 ], [ -35.874427239356748, -9.720284050829127 ], [ -35.874508113577335, -9.720432089542012 ], [ -35.874508113577328, -9.72052319025584 ], [ -35.874508113577328, -9.720648453696851 ], [ -35.874508113577328, -9.720773717090935 ], [ -35.874531220497495, -9.720864817711686 ], [ -35.874588987797914, -9.720944530734515 ], [ -35.8746698620185, -9.721126731858218 ], [ -35.874716075858835, -9.72126338263584 ], [ -35.874750736239086, -9.721377258241203 ], [ -35.87476228969917, -9.721468358697591 ], [ -35.874773843159254, -9.721616396886263 ], [ -35.87476228969917, -9.721764435009442 ], [ -35.87478539661933, -9.721946635686447 ], [ -35.874762289699156, -9.722071898594297 ], [ -35.874762289699163, -9.722197161455219 ], [ -35.874762289699163, -9.722390749420766 ], [ -35.874796950079407, -9.722618499824952 ], [ -35.874831610459665, -9.723039837663812 ], [ -35.874820056999567, -9.723415625018102 ], [ -35.874900931220161, -9.723723087084771 ], [ -35.874947145060482, -9.723939449110366 ], [ -35.87498180544074, -9.724235523234251 ], [ -35.874970251980649, -9.724429110019676 ], [ -35.874935591600405, -9.724713796265185 ], [ -35.874900931220147, -9.725237618323522 ], [ -35.874854717379797, -9.725579240962849 ], [ -35.874785396619295, -9.725772826970175 ], [ -35.874716075858792, -9.726068899470421 ], [ -35.874692968938625, -9.726376359096982 ], [ -35.874681415478541, -9.726626881546574 ], [ -35.874646755098283, -9.727082376428354 ], [ -35.874623648178115, -9.727651744157731 ], [ -35.874531220497431, -9.72823249824242 ], [ -35.874415685896587, -9.728699378245413 ], [ -35.874369472056252, -9.729086546533665 ], [ -35.874346365136077, -9.729348454238997 ], [ -35.874346365136077, -9.729530650782523 ], [ -35.87442723935667, -9.729712847226693 ], [ -35.874473453196991, -9.729883656302867 ], [ -35.874392578976412, -9.730043078028537 ], [ -35.874334811675993, -9.730122788862859 ], [ -35.874219277075149, -9.730270823218985 ], [ -35.873965100953306, -9.73044163200991 ], [ -35.873710924831457, -9.7306693769287 ], [ -35.873583836770528, -9.730965445091037 ], [ -35.873445195249523, -9.731386772408168 ], [ -35.873271893348267, -9.731705614349 ], [ -35.873193920932529, -9.731850776171854 ] ] ] ] } },
{ "type": "Feature", "properties": { "id": null, "Nome": "Laguna Mundaú" }, "geometry": { "type": "MultiPolygon", "coordinates": [ [ [ [ -35.779254816421215, -9.655342470332426 ], [ -35.781755857178332, -9.654796887435147 ], [ -35.781734499001566, -9.654748578361616 ], [ -35.78171514499887, -9.654656640197713 ], [ -35.781721632283627, -9.654582148294775 ], [ -35.781736460846183, -9.654542143340217 ], [ -35.78172520289403, -9.654510496506047 ], [ -35.781728501024446, -9.654467516247392 ], [ -35.78174330232963, -9.654430378443548 ], [ -35.781784217376966, -9.654382015356701 ], [ -35.781816518652256, -9.654327836845527 ], [ -35.781860432074637, -9.65426803216411 ], [ -35.781913122709817, -9.65419683996288 ], [ -35.781995484323517, -9.654120190540528 ], [ -35.782059759809641, -9.654046239281392 ], [ -35.782132621784143, -9.653980970561841 ], [ -35.782193871588078, -9.653921327998724 ], [ -35.782255339299816, -9.65383874818005 ], [ -35.782301869579001, -9.653807641974211 ], [ -35.782351343745162, -9.653770828479596 ], [ -35.782386370832022, -9.653733879825225 ], [ -35.782427203977704, -9.653694118068451 ], [ -35.782453508329922, -9.653662822624311 ], [ -35.78248278380606, -9.653622952739243 ], [ -35.782526370148879, -9.653597553768488 ], [ -35.784196779955309, -9.653654752676262 ], [ -35.784260564950515, -9.653632409705439 ], [ -35.78580933820966, -9.652712322508389 ], [ -35.785878225076637, -9.652662017630593 ], [ -35.786005793348828, -9.652566438342051 ], [ -35.786005793454073, -9.652566438334448 ], [ -35.786133361621026, -9.652185378540635 ], [ -35.786130810255592, -9.652127527839999 ], [ -35.786123156159256, -9.65206967712948 ], [ -35.786130810255585, -9.652019372155715 ], [ -35.786169080737245, -9.651951460429215 ], [ -35.786171632102686, -9.651865941939322 ], [ -35.786355330414636, -9.651584233819124 ], [ -35.786428625540381, -9.651459590712108 ], [ -35.786448154216075, -9.651279902866474 ], [ -35.786526268918813, -9.651010370918362 ], [ -35.786604383621558, -9.650689499270401 ], [ -35.786662969648631, -9.650541898209759 ], [ -35.786819199054136, -9.650291618002571 ], [ -35.786884294639748, -9.65016326910629 ], [ -35.786923351991128, -9.65008625974502 ], [ -35.786983106336962, -9.649899285677668 ], [ -35.786977164355655, -9.649770411747602 ], [ -35.787000932280904, -9.649582958670463 ], [ -35.787012816243525, -9.649424795055491 ], [ -35.787084120019252, -9.649190478452439 ], [ -35.787387161066121, -9.648522675239938 ], [ -35.787648608243813, -9.647951526705695 ], [ -35.787749621926103, -9.647699635249714 ], [ -35.787921426138986, -9.647429760382364 ], [ -35.787962417075498, -9.647322475297821 ], [ -35.788141900225384, -9.647063481197538 ], [ -35.788693271647361, -9.646127950414808 ], [ -35.78879723358483, -9.64600425209183 ], [ -35.78891358231256, -9.645778668528182 ], [ -35.788995402037237, -9.645581096413375 ], [ -35.78904317591018, -9.645360539783326 ], [ -35.789153760402165, -9.645140568970898 ], [ -35.789224374273772, -9.644920225284892 ], [ -35.789290082931643, -9.644614834914798 ], [ -35.789320082155761, -9.644462113083023 ], [ -35.789476131793705, -9.644265232912671 ], [ -35.789546154871395, -9.644107217523068 ], [ -35.789663897126339, -9.643734311385076 ], [ -35.789752820549346, -9.643389470066857 ], [ -35.789801505201311, -9.643072587155633 ], [ -35.789856972592517, -9.642642432848906 ], [ -35.789958227117175, -9.642201371852938 ], [ -35.79001967200827, -9.641742939464375 ], [ -35.790065273702403, -9.641148357789739 ], [ -35.790148324317329, -9.64082046144836 ], [ -35.79019188735441, -9.640441196434098 ], [ -35.790224620040874, -9.639999496394745 ], [ -35.790264341749406, -9.639657231331089 ], [ -35.7902920132668, -9.638946593561876 ], [ -35.790306310970742, -9.638763806268585 ], [ -35.790303459301505, -9.63862243202278 ], [ -35.790319357148263, -9.638532820992827 ], [ -35.79057465470634, -9.638271834287456 ], [ -35.790827417738683, -9.637109124338686 ], [ -35.790928522951617, -9.635996966996386 ], [ -35.791130733377493, -9.634884809654084 ], [ -35.791585706835704, -9.633873757524718 ], [ -35.792343995932733, -9.632812152788885 ], [ -35.793051732423287, -9.631598890233647 ], [ -35.793456153275031, -9.630537285497812 ], [ -35.793911126733249, -9.629880101613725 ], [ -35.794618863223803, -9.629273470336106 ], [ -35.795377152320825, -9.628616286452019 ], [ -35.795781573172569, -9.627807444748527 ], [ -35.796817901605166, -9.626518353283586 ], [ -35.797677295915129, -9.625911722005966 ], [ -35.799446637141514, -9.624041275566642 ], [ -35.800053268419134, -9.62323243386315 ], [ -35.801418188793775, -9.622069723914379 ], [ -35.802580898742548, -9.620856461359141 ], [ -35.803238082626635, -9.620098172262118 ], [ -35.803844713904255, -9.619036567526283 ], [ -35.804097476936597, -9.61797496279045 ], [ -35.80404692433013, -9.617216673693427 ], [ -35.8031369774137, -9.616104516351125 ], [ -35.802783109168423, -9.614234069911799 ], [ -35.802631451349015, -9.613223017782435 ], [ -35.802631451349015, -9.611959202620728 ], [ -35.802707280258716, -9.610012927271699 ], [ -35.802707280258716, -9.609102980355271 ], [ -35.802909490684591, -9.608091928225905 ], [ -35.803364464142803, -9.606979770883603 ], [ -35.804274411059232, -9.605867613541303 ], [ -35.804982147549786, -9.605210429657214 ], [ -35.805689884040341, -9.604806008805468 ], [ -35.806549278350303, -9.604401587953722 ], [ -35.807358120053792, -9.603491641037294 ], [ -35.807914198724944, -9.602834457153207 ], [ -35.80841972478963, -9.602177273269119 ], [ -35.80902635606725, -9.602076168056183 ], [ -35.809531882131928, -9.602379483694993 ], [ -35.810593486867766, -9.602885009759675 ], [ -35.811655091603598, -9.602682799333802 ], [ -35.812565038520027, -9.602278378482056 ], [ -35.812918906765304, -9.601520089385032 ], [ -35.812716696339429, -9.600559589862135 ], [ -35.812059512455342, -9.600559589862135 ], [ -35.811301223358321, -9.600812352894476 ], [ -35.810896802506576, -9.601216773746222 ], [ -35.810542934261292, -9.601570641991501 ], [ -35.809885750377205, -9.601671747204437 ], [ -35.809253842796359, -9.601279964504307 ], [ -35.808748316731673, -9.60092609625903 ], [ -35.807838369815251, -9.601128306684902 ], [ -35.807181185931164, -9.601583280143117 ], [ -35.806574554653544, -9.602088806207799 ], [ -35.805917370769457, -9.602088806207799 ], [ -35.805563502524173, -9.601937148388394 ], [ -35.805159081672429, -9.601734937962522 ], [ -35.80465355560775, -9.601937148388394 ], [ -35.804249134755999, -9.601937148388394 ], [ -35.803895266510722, -9.601785490568989 ], [ -35.803895266510722, -9.601330517110776 ], [ -35.804299687362466, -9.60092609625903 ], [ -35.80435023996894, -9.600268912374942 ], [ -35.803996371723663, -9.600167807162006 ], [ -35.803693056084853, -9.600268912374942 ], [ -35.803288635233102, -9.600673333226689 ], [ -35.802682003955482, -9.601027201471966 ], [ -35.802125925284336, -9.600824991046093 ], [ -35.802075372677869, -9.600268912374942 ], [ -35.802429240923146, -9.599864491523196 ], [ -35.802833661774891, -9.598701781574427 ], [ -35.802783109168423, -9.598297360722681 ], [ -35.802783109168423, -9.597640176838594 ], [ -35.803086424807233, -9.597185203380379 ], [ -35.803541398265445, -9.5968313351351 ], [ -35.803490845658978, -9.595971940825141 ], [ -35.803339187839569, -9.596022493431608 ], [ -35.802479793529614, -9.596073046038077 ], [ -35.801873162251994, -9.596073046038077 ], [ -35.801215978367907, -9.596376361676887 ], [ -35.800811557516163, -9.595971940825141 ], [ -35.800306031451477, -9.595567519973395 ], [ -35.799446637141514, -9.5957191777928 ], [ -35.79843558501215, -9.596123598644546 ], [ -35.797449809186027, -9.596073046038077 ], [ -35.797305897927671, -9.59557240303587 ], [ -35.797554565126397, -9.595615201187483 ], [ -35.797822770925116, -9.595288172306599 ], [ -35.798260362866024, -9.594970975852528 ], [ -35.801173481221802, -9.59372638440772 ], [ -35.802644979919755, -9.592863116721622 ], [ -35.802552659524217, -9.592620897835285 ], [ -35.802127748999965, -9.592774519999974 ], [ -35.801891306356197, -9.592584900779487 ], [ -35.801853280394504, -9.592596723850956 ], [ -35.8018077685308, -9.592597092023881 ], [ -35.801762234395298, -9.592594750019467 ], [ -35.801717610486499, -9.592592400625826 ], [ -35.801672113479299, -9.592594575566309 ], [ -35.801634919961202, -9.592610235137741 ], [ -35.801608812648801, -9.592645680989003 ], [ -35.801571700802299, -9.592671277873036 ], [ -35.801540102352298, -9.592703154329374 ], [ -35.8015204038064, -9.592743065609167 ], [ -35.801502540583201, -9.592784768943137 ], [ -35.801474605337297, -9.592819326124006 ], [ -35.8014402612989, -9.592849417889351 ], [ -35.801426912132598, -9.592886567449419 ], [ -35.801430924308093, -9.592931707653761 ], [ -35.801405682639896, -9.592961725787147 ], [ -35.801366728003401, -9.592984627207217 ], [ -35.801335136929602, -9.593017407047315 ], [ -35.801294302388001, -9.593033096045522 ], [ -35.801249745242302, -9.593038877157904 ], [ -35.801231377132702, -9.593019149744643 ], [ -35.8012328338231, -9.592974868744882 ], [ -35.801225188143292, -9.592930661364099 ], [ -35.8011833839752, -9.59293913056424 ], [ -35.801138834257699, -9.592945815047385 ], [ -35.8010933594311, -9.592950700113168 ], [ -35.80104880970061, -9.592957384583315 ], [ -35.801004289657101, -9.592967682627592 ], [ -35.800960702124897, -9.59298068349902 ], [ -35.800917121994999, -9.592994587741204 ], [ -35.800874452117704, -9.593008484620201 ], [ -35.8008327369974, -9.593027794503712 ], [ -35.8007928646281, -9.593049799838166 ], [ -35.800752992245698, -9.593071805172622 ], [ -35.8007131124482, -9.593092907110293 ], [ -35.800673240052802, -9.593114912444735 ], [ -35.800633360242195, -9.593136014369394 ], [ -35.800595330584798, -9.593160715154809 ], [ -35.800558226010494, -9.593187215357576 ], [ -35.800522956745901, -9.593215507627516 ], [ -35.800489530232298, -9.593246495348405 ], [ -35.800458856696196, -9.593280171183075 ], [ -35.800430928722399, -9.593315631721705 ], [ -35.800404836058398, -9.593352884314514 ], [ -35.800375072748892, -9.593386552785967 ], [ -35.8003398034583, -9.593414845042894 ], [ -35.800302691403694, -9.59344044183587 ], [ -35.800265586777392, -9.593466942025625 ], [ -35.800227564470205, -9.5934925461818 ], [ -35.800190452402603, -9.593518142974778 ], [ -35.800162524376802, -9.593553603500403 ], [ -35.800140094903902, -9.593593536830758 ], [ -35.800102057740197, -9.593617334193354 ], [ -35.800059409978495, -9.593633941184656 ], [ -35.800015822303202, -9.59364694196503 ], [ -35.7999740921964, -9.593664444989917 ], [ -35.7999304748081, -9.593673832183136 ], [ -35.799885828445397, -9.593668772417004 ], [ -35.799842136852796, -9.593669125642382 ], [ -35.799797616640099, -9.593679423569579 ], [ -35.799753044481797, -9.593683397732274 ], [ -35.799708516840894, -9.593692792262686 ], [ -35.799669561957302, -9.593715693539661 ], [ -35.799632442383398, -9.593740386896824 ], [ -35.799608184938002, -9.593779431543785 ], [ -35.799588486105904, -9.593819342797568 ], [ -35.799544861263399, -9.593827826541967 ], [ -35.799499386241699, -9.593832711438631 ], [ -35.799454836316094, -9.593839395752672 ], [ -35.799410330894901, -9.59385150042139 ], [ -35.799365795786699, -9.593859991515979 ], [ -35.799320268819301, -9.593858552622141 ], [ -35.799280965159497, -9.593838994315265 ], [ -35.799245235694997, -9.593811276023533 ], [ -35.799205954306899, -9.593794427894 ], [ -35.799162322023193, -9.593802008202589 ], [ -35.799125209812495, -9.593827604904501 ], [ -35.799091775662397, -9.593857689163544 ], [ -35.799060184250294, -9.593890468886569 ], [ -35.7990239971097, -9.593917865018845 ], [ -35.798986884886006, -9.593943461707747 ], [ -35.798947937313599, -9.593967266329482 ], [ -35.798909914837303, -9.59399287038157 ], [ -35.798871877504396, -9.594016667640105 ], [ -35.798829229599598, -9.594033274514326 ], [ -35.798785634353003, -9.594045371767814 ], [ -35.798742053936799, -9.594059275814866 ], [ -35.798698451275001, -9.594070469658554 ], [ -35.798657638666896, -9.594088868599949 ], [ -35.798625107276209, -9.594118042073005 ], [ -35.798606325968798, -9.594158849334365 ], [ -35.798599414917696, -9.59420407794911 ], [ -35.798607970602895, -9.594248278122809 ], [ -35.798584571308396, -9.594280991616065 ], [ -35.798543743843695, -9.594297583750885 ], [ -35.798500155960298, -9.594310584375147 ], [ -35.798455605917596, -9.594317268585092 ], [ -35.798410078859199, -9.594315829587195 ], [ -35.7983645666312, -9.594316197369837 ], [ -35.798320971319498, -9.594328294584288 ], [ -35.798277390838301, -9.594342198579326 ], [ -35.798235653094999, -9.594358798038289 ], [ -35.798193005099201, -9.594375404860475 ], [ -35.798150357103303, -9.594392011669648 ], [ -35.798108634177503, -9.594410417922212 ], [ -35.798065031424599, -9.59442161171385 ], [ -35.798022368572205, -9.594436411716442 ], [ -35.7979843385245, -9.594461112306719 ], [ -35.7979509042054, -9.594491196487711 ], [ -35.797913621223103, -9.594496015011527 ], [ -35.797872497019, -9.594476471248909 ], [ -35.797869425134301, -9.594434937112407 ], [ -35.7978882065457, -9.594394129851064 ], [ -35.797916134909798, -9.594358669416499 ], [ -35.797946816238294, -9.594325897121726 ], [ -35.7979784078195, -9.594293117450741 ], [ -35.798008171480298, -9.594259449109359 ], [ -35.7980388379654, -9.594224870008011 ], [ -35.798066766290397, -9.594189409573453 ], [ -35.798091031385198, -9.594151268375317 ], [ -35.798116214147903, -9.594114023223762 ], [ -35.798134988105005, -9.594072312565622 ], [ -35.798143734530896, -9.594028876018047 ], [ -35.798136096578602, -9.593985571864915 ], [ -35.798118460781893, -9.593944155396485 ], [ -35.798096288604704, -9.593904582498583 ], [ -35.798105042471796, -9.593862049360794 ], [ -35.798125644323399, -9.59382122738606 ], [ -35.798140769880796, -9.593778642757902 ], [ -35.798160461492799, -9.593737828146375 ], [ -35.798169207918704, -9.593694391611795 ], [ -35.798149788745008, -9.59365750682767 ], [ -35.798122229295501, -9.593627012011762 ], [ -35.798166779286099, -9.59362032786685 ], [ -35.798208502120794, -9.593601921640317 ], [ -35.798219076454195, -9.593559373789139 ], [ -35.798234201998604, -9.593516789161002 ], [ -35.798250245197899, -9.593475100579447 ], [ -35.798229042634198, -9.593442747492634 ], [ -35.7981969245713, -9.593411386056896 ], [ -35.798177483164892, -9.593371791082415 ], [ -35.798207246760597, -9.593338122754059 ], [ -35.798247134246594, -9.593317924447327 ], [ -35.798273242014304, -9.593282478726159 ], [ -35.798294761494695, -9.593242552811033 ], [ -35.798313542815102, -9.593201745562693 ], [ -35.798331406493595, -9.593160042267767 ], [ -35.798347442251597, -9.593117450289423 ], [ -35.798363485437903, -9.593075761707885 ], [ -35.798375872822199, -9.593032295759539 ], [ -35.798393736474701, -9.592990592464616 ], [ -35.798409779647898, -9.592948903883059 ], [ -35.798426725645598, -9.592906304554541 ], [ -35.798443679045398, -9.592864608622797 ], [ -35.798459722218702, -9.592822920041252 ], [ -35.798470296513003, -9.592780372190084 ], [ -35.798472671235494, -9.592736987145862 ], [ -35.798489632050597, -9.592696194610904 ], [ -35.798486530504896, -9.592651046900263 ], [ -35.798468894786403, -9.592609630444837 ], [ -35.798453072144795, -9.592567295879233 ], [ -35.798450880838793, -9.59252214080538 ], [ -35.798448689545801, -9.592476985744563 ], [ -35.798478475296093, -9.592446027593549 ], [ -35.7985137447168, -9.592417735505727 ], [ -35.798516171359005, -9.592380674225998 ], [ -35.798513084656797, -9.592337333308928 ], [ -35.798521823641401, -9.592292993377553 ], [ -35.798536038894198, -9.592250416125633 ], [ -35.798563093899602, -9.592219480038185 ], [ -35.798607621436396, -9.592210085702924 ], [ -35.798653103704304, -9.592206104385172 ], [ -35.798698615633, -9.592205736654568 ], [ -35.798744134990002, -9.592206272294717 ], [ -35.798789602414402, -9.592200484170377 ], [ -35.798835092084495, -9.592197406223384 ], [ -35.798879745693299, -9.592203369581435 ], [ -35.798922645573001, -9.592217478197913 ], [ -35.798965567711399, -9.592234297004763 ], [ -35.799005781389702, -9.592253848039505 ], [ -35.799043316281796, -9.592279744915334 ], [ -35.799077239902395, -9.592309284779059 ], [ -35.799108462478095, -9.592342460293503 ], [ -35.799136961763196, -9.592376561268306 ], [ -35.799162760003398, -9.592414297880813 ], [ -35.7991849321416, -9.592453870713678 ], [ -35.799201657685593, -9.592495294467257 ], [ -35.7992165553351, -9.592535829537443 ], [ -35.799245964885799, -9.592569923136033 ], [ -35.799256333609002, -9.592613205173555 ], [ -35.799261255737903, -9.592658338131777 ], [ -35.799284338141803, -9.592697903588419 ], [ -35.799310121603597, -9.592733833394353 ], [ -35.799344955528795, -9.592763365855847 ], [ -35.799380692278397, -9.59279198757037 ], [ -35.799417317021998, -9.592817891731338 ], [ -35.799457538206596, -9.592838346084827 ], [ -35.799497751975892, -9.592857897041524 ], [ -35.799537958343102, -9.592876544601431 ], [ -35.799577919851302, -9.592865380132491 ], [ -35.799600356791501, -9.592826350211901 ], [ -35.799610923527403, -9.592782898976953 ], [ -35.799584222384794, -9.592746073176453 ], [ -35.799580210443402, -9.592700932868039 ], [ -35.799547196997395, -9.592671385719186 ], [ -35.799518690231999, -9.592636381399625 ], [ -35.799482058086298, -9.592609573854878 ], [ -35.799453551333897, -9.592574569535328 ], [ -35.799429566105694, -9.592535914838667 ], [ -35.799413750775301, -9.592494483747897 ], [ -35.799410649112502, -9.592449336076289 ], [ -35.799406696558094, -9.592411422929137 ], [ -35.7993611920446, -9.592412694160608 ], [ -35.799320075515901, -9.592394053924865 ], [ -35.799281645201603, -9.592369971231843 ], [ -35.799254944124002, -9.592333145379301 ], [ -35.799237308353398, -9.59229172898892 ], [ -35.799229662959895, -9.592247521491061 ], [ -35.799242057629399, -9.592204958939492 ], [ -35.799238075440002, -9.592163432192205 ], [ -35.799221342506804, -9.592121105041844 ], [ -35.799232841793099, -9.592080356634041 ], [ -35.799270945667899, -9.592064689959587 ], [ -35.799315547318002, -9.592064329501117 ], [ -35.799347227595895, -9.592042390539522 ], [ -35.799355981306796, -9.591999857414738 ], [ -35.799342896747298, -9.591958404247391 ], [ -35.799314390073, -9.591923399888806 ], [ -35.799281361900597, -9.591892045894335 ], [ -35.799251952414899, -9.591857952282739 ], [ -35.799227064453405, -9.591820208307011 ], [ -35.799210338974397, -9.591778784540438 ], [ -35.7992099680826, -9.591733614792227 ], [ -35.799205963660498, -9.591689377854577 ], [ -35.799195587600195, -9.591645192420293 ], [ -35.799186121766397, -9.591600999622804 ], [ -35.799181207117797, -9.591556770035357 ], [ -35.799188125558103, -9.59151244484338 ], [ -35.799170526941694, -9.5914755453979 ], [ -35.799144736220796, -9.591438712156158 ], [ -35.799156272596299, -9.591402480732288 ], [ -35.799192466931004, -9.591375988061836 ], [ -35.7992268333712, -9.591348606694993 ], [ -35.799256589291502, -9.591314034943812 ], [ -35.799294982386499, -9.59133360069195 ], [ -35.799326610692603, -9.591305337991894 ], [ -35.799366757490702, -9.591316758468597 ], [ -35.799388004467701, -9.591354531871085 ], [ -35.799426390147495, -9.591373194209417 ], [ -35.799471946450595, -9.591378246755449 ], [ -35.799517473079703, -9.591379685727341 ], [ -35.799562089456302, -9.591381132049424 ], [ -35.799607668018105, -9.591388894772797 ], [ -35.799652336327298, -9.591396664846355 ], [ -35.7996959386249, -9.591385470989653 ], [ -35.799741405893094, -9.591379682774255 ], [ -35.799759313841903, -9.591343399847014 ], [ -35.799756219607396, -9.591299155585208 ], [ -35.799721504547101, -9.591284077433237 ], [ -35.799675977943899, -9.591282638487376 ], [ -35.799630436497303, -9.59127939274792 ], [ -35.799585760785902, -9.591270719264573 ], [ -35.799545562055194, -9.591252975062412 ], [ -35.799511631123394, -9.591222531814914 ], [ -35.7994768270542, -9.591196612901529 ], [ -35.799433143175996, -9.591197869393595 ], [ -35.799396031225498, -9.591223466043477 ], [ -35.799361679654801, -9.591252654216893 ], [ -35.799317174532796, -9.591264758781547 ], [ -35.799278751789899, -9.591241579459272 ], [ -35.799260213285997, -9.591201073789858 ], [ -35.799231706702699, -9.591166069405253 ], [ -35.799198154091094, -9.591181699276722 ], [ -35.799182096204405, -9.591221581051679 ], [ -35.799191547181699, -9.591263967068603 ], [ -35.799175400286195, -9.59129300810817 ], [ -35.799137133302303, -9.591288800066351 ], [ -35.799109551789101, -9.591255595099121 ], [ -35.799090110486802, -9.59121600017667 ], [ -35.799053493392698, -9.591190999321427 ], [ -35.799012406694096, -9.591175972568749 ], [ -35.798993905318298, -9.591139983870233 ], [ -35.799033799933405, -9.591120688947306 ], [ -35.799076699670003, -9.591134797589795 ], [ -35.799121375368401, -9.591143471138199 ], [ -35.799125652111698, -9.591110008745231 ], [ -35.799096264988798, -9.591078625271935 ], [ -35.7990560292209, -9.59105636402081 ], [ -35.799013129497297, -9.591042255378317 ], [ -35.7989722134012, -9.591048006712663 ], [ -35.798934183769795, -9.591072707276915 ], [ -35.7988942075742, -9.591082064835211 ], [ -35.798853187638699, -9.591075168627587 ], [ -35.79882132198, -9.591074522630532 ], [ -35.798824621785599, -9.591032937029679 ], [ -35.798858965993098, -9.591002845524512 ], [ -35.798831584769303, -9.590994032192425 ], [ -35.798809516639601, -9.590967106836496 ], [ -35.798807332787796, -9.590922855172456 ], [ -35.798825203764501, -9.590882055300332 ], [ -35.798833032483401, -9.59083772274516 ], [ -35.798822656527101, -9.590793537271852 ], [ -35.798831402900902, -9.5907501007503 ], [ -35.798829211633901, -9.590704945689463 ], [ -35.798822476610098, -9.59066073078937 ], [ -35.798810287602798, -9.59061746342624 ], [ -35.798793554851798, -9.590575136210818 ], [ -35.798773195985696, -9.590534645202732 ], [ -35.798754650196592, -9.5904932360845 ], [ -35.798737014634199, -9.590451819616051 ], [ -35.798724825652897, -9.590408552239905 ], [ -35.798698124835504, -9.590371726270272 ], [ -35.798709639017396, -9.590332784669076 ], [ -35.798711096137097, -9.590288503591252 ], [ -35.798697996942195, -9.590245243552282 ], [ -35.798688538679798, -9.590201954099532 ], [ -35.798680893468401, -9.590157746549631 ], [ -35.7986741510814, -9.590112628252776 ], [ -35.798676518440701, -9.590068339811763 ], [ -35.798703521409394, -9.590031079998862 ], [ -35.798699517143497, -9.58998684303519 ], [ -35.798691871945095, -9.589942635485279 ], [ -35.798685129571098, -9.589897517175404 ], [ -35.798678394612296, -9.589853302262309 ], [ -35.798675293183699, -9.589808154551658 ], [ -35.7986776531408, -9.589762962713873 ], [ -35.798685481898801, -9.589718630158703 ], [ -35.798702450051096, -9.589678741046571 ], [ -35.798738629464204, -9.589650441673609 ], [ -35.7987720633541, -9.58962035755764 ], [ -35.798740042118496, -9.589600740215094 ], [ -35.7986992448092, -9.589620945793943 ], [ -35.798661089222897, -9.589630288573806 ], [ -35.798660718500201, -9.589585118799594 ], [ -35.798691458760395, -9.589559573731128 ], [ -35.798735031240902, -9.589544766456406 ], [ -35.7987786481999, -9.589535379562388 ], [ -35.798824144946899, -9.589533205116249 ], [ -35.798869671341897, -9.589534644244273 ], [ -35.798915219982604, -9.589538793549618 ], [ -35.798959007492002, -9.589550184716618 ], [ -35.798999228221192, -9.58957063925223 ], [ -35.799040359190101, -9.589591086424647 ], [ -35.7990823707377, -9.589607912659726 ], [ -35.7991225914799, -9.589628367169315 ], [ -35.799161021430002, -9.58965244996644 ], [ -35.799200361619597, -9.589676525400355 ], [ -35.799239679550503, -9.589697890643908 ], [ -35.799280803130095, -9.589717434380518 ], [ -35.7993237026716, -9.589731543036013 ], [ -35.799366624471801, -9.589748361868864 ], [ -35.799406837824797, -9.589767912955663 ], [ -35.799445267800799, -9.589791995700743 ], [ -35.799483705205098, -9.589816981842603 ], [ -35.799523925986399, -9.589837436300167 ], [ -35.799561453164095, -9.589862429792218 ], [ -35.799601681373595, -9.589883787620526 ], [ -35.7996428198228, -9.589905138098665 ], [ -35.799681242409598, -9.589928317420927 ], [ -35.7997187696132, -9.589953310886971 ], [ -35.79975449860941, -9.589981029243745 ], [ -35.799787526573702, -9.590012383238204 ], [ -35.799818748928203, -9.590045558726633 ], [ -35.7998399661533, -9.59007971852896 ], [ -35.799812038257599, -9.590115178963524 ], [ -35.799773808505904, -9.590115487918656 ], [ -35.7997309385864, -9.590104992928334 ], [ -35.799689208830699, -9.590122495797102 ], [ -35.799650261700606, -9.590146300366804 ], [ -35.7996122322254, -9.590171000970084 ], [ -35.799595264177199, -9.590210890095237 ], [ -35.799582869546704, -9.59025345263378 ], [ -35.799560432684601, -9.59029248250231 ], [ -35.799567951902098, -9.59032133228084 ], [ -35.7996089643052, -9.590327325039647 ], [ -35.799647038311008, -9.590308044804084 ], [ -35.799656687405097, -9.590263697548535 ], [ -35.7996827800171, -9.590226445033803 ], [ -35.799721734575499, -9.590203543860898 ], [ -35.799765314458206, -9.590189639852857 ], [ -35.799809878759007, -9.59018476242346 ], [ -35.799851623332103, -9.590169066322236 ], [ -35.799896157945895, -9.590160575305704 ], [ -35.799940707403202, -9.590153891069733 ], [ -35.799982637422197, -9.590160779823091 ], [ -35.800018359042099, -9.590187594744046 ], [ -35.800041426433403, -9.590225353381104 ], [ -35.800055436023904, -9.590268605965809 ], [ -35.800069445614504, -9.590311858537511 ], [ -35.800087991533708, -9.590353267538685 ], [ -35.800105627226195, -9.59039468390305 ], [ -35.800089569482701, -9.590434565678011 ], [ -35.800090835822701, -9.590477921256442 ], [ -35.800107561301594, -9.590519344957977 ], [ -35.8001414699227, -9.590547077963082 ], [ -35.800171752454709, -9.590576647188534 ], [ -35.800183031378495, -9.590619921823812 ], [ -35.800187043293803, -9.590665062106217 ], [ -35.800190144969498, -9.590710209738816 ], [ -35.800191426179097, -9.590755372097783 ], [ -35.800189066456099, -9.590800563896558 ], [ -35.800185796493601, -9.590845763032492 ], [ -35.8001870703009, -9.590890021994703 ], [ -35.800191992455801, -9.590935154926909 ], [ -35.800194183904999, -9.590980309922713 ], [ -35.800189086073999, -9.591024620388254 ], [ -35.800187636590699, -9.59106980482381 ], [ -35.800209808689793, -9.591109377578631 ], [ -35.800234696664397, -9.591147121463269 ], [ -35.800271180245296, -9.591155861085314 ], [ -35.800299189760594, -9.59113033793734 ], [ -35.800301556872796, -9.591086049548363 ], [ -35.800293001174602, -9.591041849452735 ], [ -35.800279901732495, -9.590998589543839 ], [ -35.800254110959592, -9.590961756406177 ], [ -35.800233751924395, -9.590921265541196 ], [ -35.8002224729617, -9.590877990918923 ], [ -35.800223922445007, -9.590832806483368 ], [ -35.800234489102898, -9.590789355274438 ], [ -35.800241414828299, -9.590745933479253 ], [ -35.800234679622406, -9.590701718670235 ], [ -35.800222483030801, -9.590657548001369 ], [ -35.800211204094005, -9.590614273366088 ], [ -35.800201738208202, -9.590570080620646 ], [ -35.800187728578599, -9.590526828061936 ], [ -35.800172816137596, -9.590484486250229 ], [ -35.800163350264896, -9.590440293504773 ], [ -35.800156615097904, -9.59039607868274 ], [ -35.800151692981999, -9.59035094575052 ], [ -35.800143137348797, -9.59030674564189 ], [ -35.800125501656304, -9.590265329290526 ], [ -35.800102426836794, -9.590226667256676 ], [ -35.800120290203097, -9.590184963974762 ], [ -35.800152215105598, -9.590192837016003 ], [ -35.800190652587901, -9.590217823053793 ], [ -35.8002281798436, -9.590242816441775 ], [ -35.800264811703201, -9.590269623973519 ], [ -35.800297839745504, -9.590300977902949 ], [ -35.800330860385593, -9.590331428422578 ], [ -35.8003656940637, -9.590360960845052 ], [ -35.800400520326498, -9.590389589857727 ], [ -35.800438047608303, -9.590414583206663 ], [ -35.800474686935104, -9.590442294096174 ], [ -35.800507707588196, -9.590472744602788 ], [ -35.800537116995898, -9.590506838110331 ], [ -35.800563817982393, -9.590543663858789 ], [ -35.800582356564298, -9.590584169424135 ], [ -35.800599089510598, -9.590626496483434 ], [ -35.800623074660699, -9.590665151102048 ], [ -35.800653290442696, -9.590686589717395 ], [ -35.800691394070299, -9.590670922938887 ], [ -35.800730712196298, -9.590692287961293 ], [ -35.800767344146998, -9.590719095401958 ], [ -35.800808467895699, -9.590738638904392 ], [ -35.800848696261397, -9.59075999653758 ], [ -35.800892469083401, -9.590769580611809 ], [ -35.800937988167199, -9.590770116030797 ], [ -35.800983522081502, -9.590772458230351 ], [ -35.801022832792299, -9.590792919803938 ], [ -35.801057659159198, -9.590821548725549 ], [ -35.801089784507298, -9.590853813284864 ], [ -35.801120999628701, -9.590886085207387 ], [ -35.801157572244399, -9.590905665460776 ], [ -35.801169049011904, -9.590862206875624 ], [ -35.801160500637799, -9.590818910228803 ], [ -35.801139238713198, -9.590779330201864 ], [ -35.801121610292796, -9.590738817338357 ], [ -35.801122156847697, -9.590694543688796 ], [ -35.801143698131497, -9.590657327911993 ], [ -35.801178049455103, -9.590628139634486 ], [ -35.801211475708492, -9.590597151926593 ], [ -35.801174947662197, -9.590582992040925 ], [ -35.801137821102394, -9.59060678202731 ], [ -35.801103469765899, -9.590635970304817 ], [ -35.801067283119593, -9.590663366515155 ], [ -35.801036275832899, -9.590656389611558 ], [ -35.801012290656701, -9.590617735031982 ], [ -35.800981082989601, -9.590586366480217 ], [ -35.800941750032997, -9.59056319471628 ], [ -35.8009069311464, -9.590535469165442 ], [ -35.8008720974033, -9.590505936821026 ], [ -35.800833667284195, -9.590481854284103 ], [ -35.800797027931296, -9.590454143446628 ], [ -35.800764910076502, -9.590422782219065 ], [ -35.800733695033202, -9.590390510244495 ], [ -35.800701569763206, -9.590358245620143 ], [ -35.800668541681802, -9.590326891742741 ], [ -35.800634618230298, -9.590297352009109 ], [ -35.8005979789165, -9.590269641145639 ], [ -35.800561354459205, -9.590243737049715 ], [ -35.8005256253849, -9.590216018810027 ], [ -35.800488986097101, -9.590188307907537 ], [ -35.800452354224497, -9.590161500414816 ], [ -35.800414826968797, -9.590136507052849 ], [ -35.8003772848827, -9.59010970689733 ], [ -35.800340660451297, -9.590083802762377 ], [ -35.800303133208601, -9.590058809387411 ], [ -35.800267396758201, -9.590030187711914 ], [ -35.800230764924599, -9.590003380167172 ], [ -35.800191432072197, -9.589980208286143 ], [ -35.800158411497193, -9.589949757727496 ], [ -35.800125383506902, -9.589918403772041 ], [ -35.800086953478804, -9.589894321118024 ], [ -35.800047628067603, -9.589872052594762 ], [ -35.800009198052592, -9.589847969914743 ], [ -35.799972566258099, -9.589821162343984 ], [ -35.799935934463498, -9.589794354760192 ], [ -35.799896609065406, -9.589772086210914 ], [ -35.799852806699498, -9.589758888393444 ], [ -35.7998107951259, -9.589742062275446 ], [ -35.799774163344402, -9.589715254665659 ], [ -35.799740240010003, -9.589685714801929 ], [ -35.799705406462003, -9.589656182301404 ], [ -35.799667879297402, -9.589631188822366 ], [ -35.7996276585421, -9.589610734377825 ], [ -35.7995856321511, -9.589592101427227 ], [ -35.799544523427898, -9.589574364523225 ], [ -35.799504287842197, -9.589552103272098 ], [ -35.799464962495996, -9.589529834657773 ], [ -35.7994256297346, -9.589506662646665 ], [ -35.799385401577098, -9.589485304779302 ], [ -35.799345180847894, -9.589464850295734 ], [ -35.799306743495599, -9.589439864114839 ], [ -35.799270119207399, -9.589413959836788 ], [ -35.7992316818682, -9.589388973655904 ], [ -35.799195050164798, -9.589362165955055 ], [ -35.7991548368637, -9.589342614842234 ], [ -35.799114601330004, -9.589320353526073 ], [ -35.799075276022897, -9.589298084859712 ], [ -35.799036838709704, -9.589273098652798 ], [ -35.799004721102094, -9.589241737191053 ], [ -35.798972596092298, -9.58920947231951 ], [ -35.798948618669598, -9.589171720902554 ], [ -35.798936429753397, -9.589128453526396 ], [ -35.798934245966699, -9.589084201849344 ], [ -35.798942074698694, -9.589039869307197 ], [ -35.798955372231497, -9.588996396034673 ], [ -35.7989695874193, -9.588953818795742 ], [ -35.798988368570498, -9.588913011599468 ], [ -35.799012625924796, -9.588873967056557 ], [ -35.799036898096602, -9.588836729320256 ], [ -35.799065736244998, -9.588801261600553 ], [ -35.799095499450402, -9.588767593311204 ], [ -35.799127090524202, -9.588734813718281 ], [ -35.7991632772355, -9.588707417729101 ], [ -35.799203186407802, -9.588689929664772 ], [ -35.799248734931396, -9.588694078957118 ], [ -35.799292507480203, -9.588703663330554 ], [ -35.799335399476398, -9.588716868615302 ], [ -35.7993790311357, -9.588709288462814 ], [ -35.799417067922107, -9.588685491334381 ], [ -35.799448651541695, -9.588651808318659 ], [ -35.799472006006603, -9.588613674522733 ], [ -35.799495353056301, -9.588574637330026 ], [ -35.7994822761462, -9.588534087520442 ], [ -35.799483733213897, -9.588489806455636 ], [ -35.799508012735899, -9.588453472090091 ], [ -35.799533224730197, -9.588419840564709 ], [ -35.7995176173646, -9.588403704479861 ], [ -35.799490607162795, -9.588440060895977 ], [ -35.799471826089594, -9.588480868105282 ], [ -35.799462176956496, -9.588525215360811 ], [ -35.799449782312998, -9.588567777873347 ], [ -35.799427345489903, -9.588606807715871 ], [ -35.799403998427302, -9.588645844908575 ], [ -35.799363851967399, -9.588634424340814 ], [ -35.799324526738395, -9.588612155687452 ], [ -35.799286992327595, -9.588586258733562 ], [ -35.799245003168899, -9.588572142675845 ], [ -35.799199528810604, -9.588577027325332 ], [ -35.799159649312195, -9.588598128963788 ], [ -35.799125312728094, -9.588629123826726 ], [ -35.799092796610203, -9.588660103989284 ], [ -35.7990529170728, -9.588681205614723 ], [ -35.799013962605493, -9.58870410668356 ], [ -35.798981446461596, -9.5887350868331 ], [ -35.798951683243196, -9.58876875510942 ], [ -35.798916391915, -9.588794336941824 ], [ -35.798873729765099, -9.58880913685336 ], [ -35.798841191349496, -9.588837406812544 ], [ -35.798820582303797, -9.588877325325457 ], [ -35.7987953998663, -9.588914570411946 ], [ -35.798760130757799, -9.588942862421703 ], [ -35.798734948307398, -9.588980107508201 ], [ -35.798707945390703, -9.589017367308104 ], [ -35.798674504124598, -9.589046548001267 ], [ -35.798638317348299, -9.58907394396442 ], [ -35.798599370205196, -9.589097748404003 ], [ -35.798559498004899, -9.589119753387225 ], [ -35.798522378730297, -9.589144446510211 ], [ -35.798491697778999, -9.589177218726924 ], [ -35.798455510963599, -9.589204614677087 ], [ -35.798416563794397, -9.589228419103662 ], [ -35.798373908968699, -9.589244122372955 ], [ -35.798331246727798, -9.589258922232446 ], [ -35.7982885919021, -9.589274625488715 ], [ -35.798256038564894, -9.589301088628327 ], [ -35.798233601559694, -9.589340118431814 ], [ -35.7982010704552, -9.589369291748767 ], [ -35.798159348062796, -9.589387697832183 ], [ -35.798113858731007, -9.589390775584038 ], [ -35.798068376801403, -9.589394756732675 ], [ -35.798022909689195, -9.589400544661871 ], [ -35.797978360232001, -9.589407228624639 ], [ -35.7979337662833, -9.58940849221972 ], [ -35.797889068573298, -9.589397108246814 ], [ -35.797862642196009, -9.589393707826169 ], [ -35.797877494988604, -9.589428822669225 ], [ -35.797882409360199, -9.589473052323992 ], [ -35.797861800167595, -9.58951297082179 ], [ -35.797806861580604, -9.589584787517182 ], [ -35.7977844245003, -9.58962381731139 ], [ -35.797761077193904, -9.589662854459743 ], [ -35.797696969523003, -9.589726614084219 ], [ -35.797663535511802, -9.589756698117446 ], [ -35.797621790799703, -9.589772393977535 ], [ -35.797580689486793, -9.589755560196311 ], [ -35.797542652406598, -9.589779357211665 ], [ -35.797498117696797, -9.589787847920269 ], [ -35.797456387787399, -9.589805350550103 ], [ -35.797412637312, -9.589798476159348 ], [ -35.797368842347495, -9.589786181391887 ], [ -35.797323367752007, -9.589791065847676 ], [ -35.797282555477004, -9.589809464508246 ], [ -35.7972472787079, -9.589836853027668 ], [ -35.797173069394702, -9.589889852672792 ], [ -35.797135039668696, -9.589914553046027 ], [ -35.797114378497803, -9.589948147755265 ], [ -35.797135528779499, -9.589974177230188 ], [ -35.797181003428904, -9.589969292787911 ], [ -35.797217501713298, -9.589979839578227 ], [ -35.797223326257196, -9.590024061905833 ], [ -35.797213676833501, -9.590068409186308 ], [ -35.797187494959203, -9.590094820819951 ], [ -35.797142923128, -9.590098794523236 ], [ -35.797116289197, -9.590070098951065 ], [ -35.797073825560595, -9.589998165277667 ], [ -35.797031163133099, -9.590012965026069 ], [ -35.796990365633803, -9.590033170442904 ], [ -35.796954178571099, -9.590060566302956 ], [ -35.796913166155498, -9.590054573207654 ], [ -35.796871154589397, -9.590037746699634 ], [ -35.796829143023295, -9.59002092017808 ], [ -35.796786221217396, -9.590004101010686 ], [ -35.796744217059398, -9.589988177874035 ], [ -35.796698696561798, -9.589992128007134 ], [ -35.796659735703699, -9.590009639377431 ], [ -35.796627219191897, -9.5900406194009 ], [ -35.796588234710001, -9.590059906684097 ], [ -35.796499194720496, -9.590080501492363 ], [ -35.796455547904699, -9.590086274557256 ], [ -35.796422520138698, -9.59005492014751 ], [ -35.796388745138401, -9.590043447842433 ], [ -35.796352558021702, -9.590070843635001 ], [ -35.7962671737669, -9.590093215796454 ], [ -35.796225451130702, -9.590111621703228 ], [ -35.796180908877901, -9.590119208865014 ], [ -35.796135419358301, -9.59012228638912 ], [ -35.796090499272999, -9.590121345892932 ], [ -35.796113166599, -9.590151454512862 ], [ -35.796132341442807, -9.590190973986997 ], [ -35.79612907093, -9.590236173240836 ], [ -35.7961102671307, -9.590274270220133 ], [ -35.796077757946001, -9.590306153614984 ], [ -35.795994282960102, -9.590339351794587 ], [ -35.795814855392898, -9.590327248018765 ], [ -35.795747023857096, -9.590269974149297 ], [ -35.795703228838597, -9.590257679179416 ], [ -35.795662273745002, -9.590254196431315 ], [ -35.795612190453497, -9.590256606919281 ], [ -35.795590033694005, -9.590218840498308 ], [ -35.795585322231695, -9.590173939125162 ], [ -35.795558552388307, -9.590154045586781 ], [ -35.795521084585801, -9.590136278774748 ], [ -35.795494406300598, -9.590102162650455 ], [ -35.795522334748597, -9.590066702446309 ], [ -35.795503959688695, -9.590046071191228 ], [ -35.795463768601998, -9.590029229799509 ], [ -35.79542893525371, -9.589999696759815 ], [ -35.795390512803294, -9.589976516884738 ], [ -35.795346717825197, -9.589964221847394 ], [ -35.795309450014699, -9.589970846750765 ], [ -35.795295226938599, -9.590012520566328 ], [ -35.795268941188901, -9.590026284528413 ], [ -35.795227825073304, -9.590007643653605 ], [ -35.795194804796296, -9.589977192493766 ], [ -35.795161821560008, -9.589951258339271 ], [ -35.795117145974601, -9.589942584195565 ], [ -35.795026129840899, -9.589944221968585 ], [ -35.794981491269098, -9.589940064803203 ], [ -35.7949368082757, -9.589930487247624 ], [ -35.794892125282196, -9.589920909678558 ], [ -35.794803669535099, -9.589901747186303 ], [ -35.794760059678893, -9.58991203702713 ], [ -35.794726632711395, -9.589943024256307 ], [ -35.794681135743197, -9.589945198193133 ], [ -35.794654098275501, -9.589908128483433 ], [ -35.7946196316528, -9.58988245223861 ], [ -35.794576075037803, -9.58986592253339 ], [ -35.794531354401499, -9.589848795481183 ], [ -35.794491791453098, -9.589833793220933 ], [ -35.794449787349102, -9.589817869773931 ], [ -35.794359599992802, -9.589809562621888 ], [ -35.794269582901698, -9.589822033632236 ], [ -35.794193508053098, -9.589869627042223 ], [ -35.794156195780403, -9.589870831433933 ], [ -35.7941159677342, -9.589849472874956 ], [ -35.794073282880007, -9.589861562090913 ], [ -35.794030598025799, -9.589873651293383 ], [ -35.793985108425197, -9.589876728534126 ], [ -35.793939633640804, -9.589881612558095 ], [ -35.793907027988794, -9.589901751612262 ], [ -35.793889082343007, -9.589933517394913 ], [ -35.793848869099499, -9.58991396559218 ], [ -35.793819460257005, -9.58987987131438 ], [ -35.793778418195593, -9.589870264234314 ], [ -35.793732921186901, -9.589872438036213 ], [ -35.793645353468605, -9.589850557684354 ], [ -35.793564031585099, -9.589813268148795 ], [ -35.793532262132096, -9.589824365824708 ], [ -35.793531721947105, -9.589869543137583 ], [ -35.793504511074005, -9.589881507508631 ], [ -35.793472393763601, -9.589850145407405 ], [ -35.793438470776501, -9.589820604784174 ], [ -35.793311533489394, -9.589771034541718 ], [ -35.793268611764496, -9.589754214861566 ], [ -35.793181029270499, -9.589730527578045 ], [ -35.793135502656398, -9.589729087705503 ], [ -35.793090886268502, -9.589727640492336 ], [ -35.793046210696595, -9.589718966065242 ], [ -35.7930006322662, -9.589711202363684 ], [ -35.792955956694399, -9.589702527923109 ], [ -35.792911288503596, -9.589694756880899 ], [ -35.792866620326393, -9.589686985838677 ], [ -35.792777276577404, -9.589670540315415 ], [ -35.792731705555006, -9.589663679971734 ], [ -35.792687089167103, -9.589662232704571 ], [ -35.792641569947598, -9.589661696162942 ], [ -35.792596050714593, -9.58966115960782 ], [ -35.792550494495003, -9.589656106047375 ], [ -35.792504945670011, -9.589651955885284 ], [ -35.792460299690099, -9.589646894984208 ], [ -35.792414750865099, -9.589642744795125 ], [ -35.792369194632002, -9.589637691221181 ], [ -35.7923245560468, -9.589633533691478 ], [ -35.792278999827197, -9.589628480104029 ], [ -35.792187976150402, -9.589629213696066 ], [ -35.792143322762399, -9.58962324934263 ], [ -35.792053083549298, -9.589608617754331 ], [ -35.792008407977498, -9.589599943178809 ], [ -35.791963732405698, -9.589591268603295 ], [ -35.791919071609598, -9.589584400824515 ], [ -35.791873507995298, -9.589578443771256 ], [ -35.791828854607395, -9.589572479377336 ], [ -35.791783313177, -9.589569232505664 ], [ -35.791605595075595, -9.589543560711686 ], [ -35.791515385454503, -9.589532542568408 ], [ -35.791379878438896, -9.589548089726497 ], [ -35.791334381376309, -9.589550263218042 ], [ -35.791201545882501, -9.589558561099816 ], [ -35.7911115211134, -9.589570127888697 ], [ -35.791065964866796, -9.589565074125842 ], [ -35.791020416014796, -9.589560923761344 ], [ -35.790930206366795, -9.589549905469644 ], [ -35.790884657514802, -9.589545755078168 ], [ -35.790840033691794, -9.589543404156274 ], [ -35.790753672024998, -9.589557651723684 ], [ -35.790722997501796, -9.589591326883141 ], [ -35.790692315570503, -9.589624098630741 ], [ -35.790661641047301, -9.589657773776691 ], [ -35.790618038329391, -9.58966896651663 ], [ -35.790573525385192, -9.589680166597194 ], [ -35.790529937456398, -9.589693166133852 ], [ -35.7904863421196, -9.589705262272144 ], [ -35.790442746796202, -9.58971735839696 ], [ -35.790356503308395, -9.589746060324725 ], [ -35.790311916404498, -9.589748226354187 ], [ -35.7901754175655, -9.589753842985136 ], [ -35.7901299130273, -9.589755112916366 ], [ -35.790085326109896, -9.589757278918833 ], [ -35.789961044718801, -9.589809777079308 ], [ -35.7898785234092, -9.589848387013024 ], [ -35.789789445610005, -9.58986446316972 ], [ -35.789706377314594, -9.589836221287058 ], [ -35.789689645627696, -9.58979389330414 ], [ -35.789663966763001, -9.589770610066342 ], [ -35.789643275163499, -9.589800590925734 ], [ -35.789645465185004, -9.58984574639212 ], [ -35.789630323705403, -9.589886524095999 ], [ -35.789607885532099, -9.589925553633826 ], [ -35.789565030358794, -9.589916864080166 ], [ -35.789535051577403, -9.589924333170963 ], [ -35.789530862526099, -9.589968636542505 ], [ -35.789520301796699, -9.590012991217595 ], [ -35.789479073736203, -9.590091924383037 ], [ -35.789420469806998, -9.590161059368791 ], [ -35.789388847895594, -9.590190224769115 ], [ -35.789301679122403, -9.590217127011391 ], [ -35.789166066774001, -9.590331151635105 ], [ -35.7890936687105, -9.590383231864694 ], [ -35.789031394122404, -9.590448782525113 ], [ -35.788938437319601, -9.590547104838665 ], [ -35.788905905087496, -9.590576277539149 ], [ -35.788862331705104, -9.59059108372411 ], [ -35.7888276316624, -9.590577811139825 ], [ -35.788800036228594, -9.590542798256122 ], [ -35.788776962442, -9.590504135102732 ], [ -35.788755694372604, -9.59046365049832 ], [ -35.788734433697897, -9.590424069292277 ], [ -35.788713173023105, -9.590384488072729 ], [ -35.788710745240401, -9.590421549589559 ], [ -35.788726566633606, -9.590463884980583 ], [ -35.788743298266496, -9.590506213030967 ], [ -35.788759119673202, -9.59054854840851 ], [ -35.788758030721205, -9.590637999973254 ], [ -35.788735592399497, -9.5906770294976 ], [ -35.7887135456957, -9.590763939391685 ], [ -35.788713004917, -9.590809116879974 ], [ -35.7887124641383, -9.590854294368279 ], [ -35.788678689097495, -9.590842821240095 ], [ -35.788591387059299, -9.590853462109401 ], [ -35.788579915968597, -9.590897824125127 ], [ -35.788524937912293, -9.590965122924583 ], [ -35.788470914409295, -9.591037834827585 ], [ -35.788453042035094, -9.591078634526394 ], [ -35.788431521293795, -9.591118560121966 ], [ -35.788365516822402, -9.591173299189148 ], [ -35.7883200193954, -9.591175472343332 ], [ -35.7882745145873, -9.591176742085656 ], [ -35.788158505736497, -9.591239111332978 ], [ -35.788036110350795, -9.59129972503311 ], [ -35.787963697106797, -9.591349998317567 ], [ -35.787955866907595, -9.591394331038181 ], [ -35.787892593020501, -9.591449048083437 ], [ -35.787803462878799, -9.591458800046754 ], [ -35.787764514398297, -9.591482603552626 ], [ -35.787725565918002, -9.591506407045001 ], [ -35.787672348995201, -9.591566463908805 ], [ -35.787707167324797, -9.591594191069332 ], [ -35.787768700440502, -9.591660552128657 ], [ -35.787778135339295, -9.591701132053469 ], [ -35.787773953480304, -9.591746338863866 ], [ -35.787700600310004, -9.591793005855019 ], [ -35.787657936938004, -9.591807804618359 ], [ -35.787614363312699, -9.59182261070886 ], [ -35.787528118920804, -9.591851312137354 ], [ -35.787496504053095, -9.591881380855083 ], [ -35.787470402386198, -9.591917729452444 ], [ -35.787443390452594, -9.591954085363454 ], [ -35.787401629898696, -9.591967973387797 ], [ -35.787357086903697, -9.591975559537568 ], [ -35.787312551289901, -9.591984049099183 ], [ -35.787224982923902, -9.591962167155055 ], [ -35.787233738246499, -9.591919633917504 ], [ -35.787245216907202, -9.591876175300156 ], [ -35.787264909963298, -9.59183536096053 ], [ -35.787286046791699, -9.591748458366604 ], [ -35.787262995188996, -9.591712505313847 ], [ -35.787232676403598, -9.591678417661541 ], [ -35.787203267857997, -9.591644322668582 ], [ -35.787172949072598, -9.591610235002756 ], [ -35.787141727442098, -9.59157705806247 ], [ -35.7871105131928, -9.591544784534024 ], [ -35.787078388717198, -9.591512518305764 ], [ -35.787045368764097, -9.591482066214857 ], [ -35.786978411237101, -9.59142026593485 ], [ -35.786909655414398, -9.591361190490741 ], [ -35.786901881227074, -9.591350727693358 ], [ -35.786864855832754, -9.591378009562861 ], [ -35.786883509366298, -9.591392118616941 ], [ -35.786918327642006, -9.59141984587195 ], [ -35.7869531606799, -9.591449379937171 ], [ -35.786988896590003, -9.59147800326339 ], [ -35.787023722260301, -9.591506633903268 ], [ -35.787120088333005, -9.591602529162731 ], [ -35.787148594006496, -9.591637534894703 ], [ -35.787197450074501, -9.591712129267822 ], [ -35.787195998880698, -9.591757314123765 ], [ -35.787176254129704, -9.591791804620843 ], [ -35.7871372907926, -9.591813801276025 ], [ -35.787047168989304, -9.591813622955074 ], [ -35.787001693584294, -9.591818506169421 ], [ -35.786956218165699, -9.591823389383773 ], [ -35.786911645619298, -9.591827361859114 ], [ -35.786875961363592, -9.591805062375409 ], [ -35.786880844928795, -9.591845678962978 ], [ -35.786899389592598, -9.591887089095639 ], [ -35.786933297682495, -9.591914823650793 ], [ -35.786962647138694, -9.591941691429847 ], [ -35.786939298293895, -9.591980728240859 ], [ -35.786907639045005, -9.592005376487439 ], [ -35.786862163613002, -9.592010259701773 ], [ -35.7868194853842, -9.592023251573931 ], [ -35.786777754314301, -9.592040753137773 ], [ -35.786735105610099, -9.592057358616891 ], [ -35.786692449524693, -9.592073060697633 ], [ -35.786649800806998, -9.592089666176758 ], [ -35.786607100394399, -9.592099947813356 ], [ -35.786572547906601, -9.592104743101908 ], [ -35.7865811019822, -9.59214894402831 ], [ -35.786561216828005, -9.592166269821515 ], [ -35.786516570375802, -9.592161208218752 ], [ -35.786490402103404, -9.592189426136366 ], [ -35.786459230157199, -9.592273699079856 ], [ -35.786444088245695, -9.592314476783736 ], [ -35.7863985905893, -9.592316649722019 ], [ -35.786353092933005, -9.59231882266031 ], [ -35.786307595263104, -9.592320995598589 ], [ -35.786262090225598, -9.592322265125047 ], [ -35.786227648454698, -9.592340611470039 ], [ -35.7862042921073, -9.592378744855685 ], [ -35.786159778515398, -9.592389944504454 ], [ -35.786115242766598, -9.592398433931146 ], [ -35.786069759859011, -9.592402413639189 ], [ -35.786025201953393, -9.592408192843777 ], [ -35.785980695729094, -9.592420295877423 ], [ -35.785949976150008, -9.592448550363313 ], [ -35.7859275447776, -9.592488483232041 ], [ -35.785901442867797, -9.592524831775419 ], [ -35.7858725732927, -9.592556685240952 ], [ -35.785827911997394, -9.592549816747011 ], [ -35.7857879643799, -9.592562786556753 ], [ -35.785755446410704, -9.592593765905544 ], [ -35.785717400492096, -9.592616658523982 ], [ -35.785678444306697, -9.592639558469557 ], [ -35.7856404205179, -9.592665161296585 ], [ -35.785615243583102, -9.592703309309551 ], [ -35.785608293802298, -9.592744021123053 ], [ -35.785619571162094, -9.592787296737113 ], [ -35.7856016467016, -9.59282177256641 ], [ -35.785565450773497, -9.592848264164495 ], [ -35.785519930852303, -9.592847726799748 ], [ -35.785474403563398, -9.592846286023111 ], [ -35.785428854117697, -9.592842135024437 ], [ -35.785384214925202, -9.592837976698574 ], [ -35.785338665479493, -9.592833825686384 ], [ -35.785293116033799, -9.592829674660702 ], [ -35.785250216142011, -9.592815564217561 ], [ -35.785210076534305, -9.592805045426946 ], [ -35.785188555307201, -9.592844970955019 ], [ -35.785155963432295, -9.592866916212202 ], [ -35.785110473022094, -9.592869992413918 ], [ -35.785066869548501, -9.592881184627572 ], [ -35.7849815569055, -9.592912588451757 ], [ -35.784938893182598, -9.592927386958721 ], [ -35.784897169250904, -9.592945791772475 ], [ -35.784860040845203, -9.592969580408154 ], [ -35.784845865207494, -9.592987013288944 ], [ -35.784831200632695, -9.593005047453655 ], [ -35.784794064845798, -9.593027932690973 ], [ -35.784751408477099, -9.593043634582815 ], [ -35.784708486414793, -9.593026813850132 ], [ -35.784665608652794, -9.593015413548121 ], [ -35.784620073915399, -9.593013069251692 ], [ -35.7845745465726, -9.593011628367133 ], [ -35.784529019216301, -9.593010187469064 ], [ -35.784488212865007, -9.593029488327062 ], [ -35.784450181533202, -9.59305418764777 ], [ -35.784418581009497, -9.593086063013798 ], [ -35.784378544669998, -9.593088191813763 ], [ -35.784333846388094, -9.593076806098589 ], [ -35.784293625561098, -9.593056349737019 ], [ -35.784254292870898, -9.593033175826225 ], [ -35.784223988901694, -9.59300089467378 ], [ -35.784182850467303, -9.592979542200505 ], [ -35.784141756306198, -9.592963610157925 ], [ -35.784096228949799, -9.592962169205888 ], [ -35.784050708961203, -9.592961631652221 ], [ -35.784005181604897, -9.592960190673192 ], [ -35.783967691564499, -9.59293971231669 ], [ -35.783935965548203, -9.592956229721578 ], [ -35.783900694446594, -9.592984520681297 ], [ -35.783859895409002, -9.593004724870175 ], [ -35.783820006624602, -9.593024921745405 ], [ -35.783779214954599, -9.593046029346162 ], [ -35.783699459488702, -9.59308913329172 ], [ -35.783659592820698, -9.593112040375537 ], [ -35.783629820063098, -9.593144804458639 ], [ -35.783603717843, -9.593181152894072 ], [ -35.783530415234097, -9.593234143093545 ], [ -35.783492398543096, -9.593260649156997 ], [ -35.783455284724198, -9.593286244494951 ], [ -35.783418178272903, -9.593312743244763 ], [ -35.783381064440498, -9.593338338582717 ], [ -35.783343950594592, -9.59336393392066 ], [ -35.783305926495402, -9.593389536558782 ], [ -35.783268812636003, -9.593415131896723 ], [ -35.7832317061578, -9.593441630619568 ], [ -35.783193682045095, -9.593467233271156 ], [ -35.783113918995703, -9.59350943372389 ], [ -35.783072180072395, -9.593526031538515 ], [ -35.783030455911394, -9.59354443616337 ], [ -35.782988724355697, -9.593561937389866 ], [ -35.782947932550805, -9.593583044909629 ], [ -35.782907140745799, -9.593604152442918 ], [ -35.782792121087198, -9.593676450557631 ], [ -35.782718818221895, -9.593729440635661 ], [ -35.782681704281593, -9.593755035933121 ], [ -35.782644597695395, -9.593781534615472 ], [ -35.782608408743499, -9.593808929409509 ], [ -35.782568519770194, -9.593829126176795 ], [ -35.782523976248996, -9.593836711813783 ], [ -35.782478492963499, -9.593840691130499 ], [ -35.782441364233897, -9.593864479577256 ], [ -35.782406100270499, -9.593893673854383 ], [ -35.782383660990796, -9.593932703230275 ], [ -35.782334216402901, -9.594008991726653 ], [ -35.782307196332496, -9.594044444023423 ], [ -35.782250425405003, -9.594115370571371 ], [ -35.782216989288699, -9.594145453619541 ], [ -35.782183560526597, -9.594176440079558 ], [ -35.782150131750903, -9.594207426526106 ], [ -35.782083266832004, -9.594268496020804 ], [ -35.782044310133898, -9.594291395669517 ], [ -35.782004428420301, -9.594312495821674 ], [ -35.781962711451399, -9.594331803763932 ], [ -35.781917191206396, -9.594331265980854 ], [ -35.781872551730501, -9.594327107250201 ], [ -35.781842461611596, -9.594321024690821 ], [ -35.781873675834007, -9.594353298772516 ], [ -35.781883095484801, -9.594392072197458 ], [ -35.781870698447598, -9.5944346347706 ], [ -35.781838179884701, -9.594465613889975 ], [ -35.781802915799901, -9.594494808126615 ], [ -35.781768561954799, -9.594523995063097 ], [ -35.781731455220104, -9.594550493704945 ], [ -35.781696695717898, -9.594529991383229 ], [ -35.781665511093202, -9.59450133270334 ], [ -35.781602163363004, -9.594436711866701 ], [ -35.781566436404198, -9.594408167893208 ], [ -35.781537964884201, -9.594370387359033 ], [ -35.781494072784895, -9.594327647555708 ], [ -35.781441737176799, -9.594284416618114 ], [ -35.781432662178695, -9.594293579723006 ], [ -35.781495693784201, -9.594341494899304 ], [ -35.781542703349601, -9.594400227314523 ], [ -35.781570770266406, -9.594433108051657 ], [ -35.781605139121496, -9.594465678943722 ], [ -35.781636360711502, -9.594498856450764 ], [ -35.781666672048203, -9.594532041271464 ], [ -35.781696087880498, -9.594567040216024 ], [ -35.781701910737695, -9.594611263353286 ], [ -35.781681247610202, -9.594644857644209 ], [ -35.781644133480903, -9.59467045287421 ], [ -35.781608478560798, -9.594651766457732 ], [ -35.781594492881595, -9.594611222750352 ], [ -35.781587752403603, -9.594566103514902 ], [ -35.7815764753812, -9.594522827644463 ], [ -35.781560661828003, -9.594481395152524 ], [ -35.781535405430297, -9.594443400172722 ], [ -35.781508172532895, -9.59440773240688 ], [ -35.781480797991492, -9.594372906247759 ], [ -35.781408538785008, -9.59432589423387 ], [ -35.781404185820698, -9.594334890359997 ], [ -35.781445393882301, -9.594362749331173 ], [ -35.781492690779402, -9.594406953300153 ], [ -35.781510071283201, -9.594428827433203 ], [ -35.781546090327701, -9.594480608732175 ], [ -35.781565537539699, -9.594521108571119 ], [ -35.781578627701002, -9.59456346640239 ], [ -35.781587181317803, -9.59460766761215 ], [ -35.781594832049002, -9.594652779547427 ], [ -35.781576966057301, -9.594694482563646 ], [ -35.781564550909394, -9.594721739497423 ], [ -35.781575716350297, -9.594758781040404 ], [ -35.781584392278198, -9.594823618791635 ], [ -35.781580209663495, -9.594868825777461 ], [ -35.781567819953494, -9.594912291748965 ], [ -35.781553602369293, -9.594954868935906 ], [ -35.781535736364198, -9.594996571965611 ], [ -35.781516952724594, -9.595037378897135 ], [ -35.781470245967199, -9.595114548837429 ], [ -35.781440487580596, -9.595149119649784 ], [ -35.781404291004698, -9.595175610964498 ], [ -35.781371764966202, -9.595205686672012 ], [ -35.781328721324591, -9.595285537579766 ], [ -35.781262186885698, -9.595405572593334 ], [ -35.781241708971798, -9.59544343991216 ], [ -35.781180799203597, -9.595564993849612 ], [ -35.781161105243399, -9.595605808094787 ], [ -35.781138673128808, -9.595645740869065 ], [ -35.781116233619699, -9.595684770217986 ], [ -35.781094704377296, -9.595723792266744 ], [ -35.781054385305801, -9.595806071769616 ], [ -35.781034712175895, -9.595846242315904 ], [ -35.780930725058397, -9.595932003520792 ], [ -35.780854668494001, -9.595982305128773 ], [ -35.780785952990904, -9.596039775522385 ], [ -35.780710769787596, -9.596085552757437 ], [ -35.7806671951233, -9.596100358200212 ], [ -35.780624530712196, -9.596115156342867 ], [ -35.780581866287598, -9.596129954472 ], [ -35.780540141613798, -9.596148358921434 ], [ -35.780498424307602, -9.596167666782719 ], [ -35.780457617268198, -9.596186967330345 ], [ -35.780391632430302, -9.596244415729018 ], [ -35.780321568030104, -9.596359718879533 ], [ -35.780210224724698, -9.59643650435364 ], [ -35.780128610510801, -9.596475105394926 ], [ -35.780094234212008, -9.59650158201485 ], [ -35.780082761947398, -9.596545944111561 ], [ -35.780007600617594, -9.596594431474225 ], [ -35.779917528620096, -9.596600575524963 ], [ -35.779871971145496, -9.596595520507186 ], [ -35.779835361550496, -9.596571420784766 ], [ -35.779804147220197, -9.596539146527661 ], [ -35.779781073676503, -9.596500482618632 ], [ -35.779774642868396, -9.596493306505854 ], [ -35.7797895608632, -9.596536553229615 ], [ -35.779793548330197, -9.596578984264912 ], [ -35.779776555456699, -9.596616162921668 ], [ -35.7797453411264, -9.596583888651075 ], [ -35.779713216529402, -9.596551621694136 ], [ -35.779680196414397, -9.596521168861061 ], [ -35.779683933287401, -9.596532883947123 ], [ -35.779713341819601, -9.596566979655258 ], [ -35.779746361948099, -9.596597432488322 ], [ -35.779772151543199, -9.596634267659661 ], [ -35.779746811521996, -9.596652540490277 ], [ -35.779705739031897, -9.596639318224478 ], [ -35.779667471045293, -9.596635108122804 ], [ -35.779628528623597, -9.596659814433311 ], [ -35.779591414089595, -9.596685409541877 ], [ -35.779565318548897, -9.596722661281223 ], [ -35.779531881919802, -9.596752744207935 ], [ -35.779460420463003, -9.596808429543392 ], [ -35.7794127880288, -9.59688379987915 ], [ -35.7793738234503, -9.596905795954092 ], [ -35.7793301748803, -9.596911567183826 ], [ -35.779285527618498, -9.596906504784938 ], [ -35.779262118618199, -9.596938314125637 ], [ -35.779246080163304, -9.596980905939903 ], [ -35.779209603185699, -9.596973067536508 ], [ -35.779199708147296, -9.596987602481992 ], [ -35.779215529027702, -9.597029938534231 ], [ -35.7792249927763, -9.597074132565281 ], [ -35.779197942682096, -9.597105971133621 ], [ -35.779192761105705, -9.597140344571741 ], [ -35.779201255633097, -9.597177318621581 ], [ -35.779171496841599, -9.59721188935298 ], [ -35.779131607207098, -9.597232085890868 ], [ -35.779092657296395, -9.597255888776026 ], [ -35.7790156751092, -9.597304390617571 ], [ -35.778974875181, -9.59732459445561 ], [ -35.778934067871702, -9.597343894881805 ], [ -35.778891417912504, -9.597360499686223 ], [ -35.778849678233598, -9.597377097190492 ], [ -35.778806103258894, -9.597391902471362 ], [ -35.778762491446102, -9.597402190692947 ], [ -35.778717000145299, -9.59740526624695 ], [ -35.778674092292093, -9.59739025166329 ], [ -35.778587395802901, -9.597363843416602 ], [ -35.778546279026095, -9.5973452005582 ], [ -35.778506953312203, -9.597322929438548 ], [ -35.7784658439165, -9.597305189978508 ], [ -35.778420330512795, -9.597305555256472 ], [ -35.778450634576402, -9.597337836962165 ], [ -35.778481848906701, -9.597370111354197 ], [ -35.778513980884895, -9.597403281844457 ], [ -35.778545195242202, -9.597435556236489 ], [ -35.778576409586002, -9.597467830615035 ], [ -35.778613048719002, -9.597495544106325 ], [ -35.778643360190692, -9.597528729196901 ], [ -35.778628994822206, -9.597553238173663 ], [ -35.778585390350003, -9.597564429807099 ], [ -35.778539913757498, -9.59756931215783 ], [ -35.778494429797298, -9.597573291096717 ], [ -35.778455457689304, -9.597594383692327 ], [ -35.778418350320393, -9.597620882131784 ], [ -35.778382153218203, -9.597647373271064 ], [ -35.778341360563196, -9.597668480466995 ], [ -35.778261595759602, -9.59771068024504 ], [ -35.778218945719495, -9.597727284995504 ], [ -35.7781345411302, -9.597758680345542 ], [ -35.778095998039703, -9.597781576695533 ], [ -35.778056633644198, -9.59780538252857 ], [ -35.778002599413703, -9.597877190291051 ], [ -35.7779851011963, -9.597964063846254 ], [ -35.777953001819199, -9.598046537225711 ], [ -35.777917268702396, -9.598129943231166 ], [ -35.777901230058603, -9.598172535045432 ], [ -35.7778851840336, -9.598214223434336 ], [ -35.777867317461698, -9.598255926450555 ], [ -35.777850361169996, -9.598297622153121 ], [ -35.777813710391804, -9.598380132060374 ], [ -35.7777660774045, -9.598455502328671 ], [ -35.777729887521502, -9.598482896852834 ], [ -35.777692780004202, -9.598509395251797 ], [ -35.777671250221999, -9.598548417246583 ], [ -35.7776533762555, -9.598589216850948 ], [ -35.777630025912892, -9.59862825344605 ], [ -35.777554863719395, -9.598676740498359 ], [ -35.777483394139296, -9.59873152220603 ], [ -35.7774348581314, -9.598807803186348 ], [ -35.777396379303703, -9.598889424282069 ], [ -35.777342344803294, -9.59896123203103 ], [ -35.777292898461198, -9.599037520311523 ], [ -35.777275942075093, -9.599079216014083 ], [ -35.777255329859798, -9.599119134107061 ], [ -35.777199452642094, -9.599188246220786 ], [ -35.777164180285602, -9.599216536816172 ], [ -35.777090867893698, -9.599268622861606 ], [ -35.777045346812002, -9.599268084619744 ], [ -35.776960956431694, -9.599301286645076 ], [ -35.776880280767699, -9.599343493561355 ], [ -35.776846851007001, -9.599374479764995 ], [ -35.776814331499502, -9.599405458668494 ], [ -35.776755723319702, -9.599474592655699 ], [ -35.776712670812699, -9.599553540030135 ], [ -35.776693886417505, -9.599594346921178 ], [ -35.776675109389899, -9.599636057224062 ], [ -35.776664907785197, -9.599724679228681 ], [ -35.776665276004799, -9.599769849835136 ], [ -35.776677455723899, -9.599812215263427 ], [ -35.776699626382005, -9.599851790113885 ], [ -35.776719073594101, -9.599892290290173 ], [ -35.776730350414098, -9.599935566430482 ], [ -35.776727077539803, -9.599980766237577 ], [ -35.776710113691507, -9.600021558528287 ], [ -35.776679429412305, -9.600054329668666 ], [ -35.776644156920895, -9.600082620250548 ], [ -35.776611644713597, -9.600114502565891 ], [ -35.7765850139401, -9.600197835556234 ], [ -35.776584471892996, -9.600243013462849 ], [ -35.776581191637597, -9.600287309858098 ], [ -35.7765788290301, -9.600332502378524 ], [ -35.776576466436005, -9.60037769488545 ], [ -35.776561720811401, -9.600467256829726 ], [ -35.776525972500501, -9.600548856024956 ], [ -35.776501704307606, -9.600586996508353 ], [ -35.776479271383501, -9.600626929215165 ], [ -35.776454085542703, -9.600664173586873 ], [ -35.776412308458902, -9.600676253869914 ], [ -35.776366779807198, -9.600674812175731 ], [ -35.776322117243403, -9.600667942710214 ], [ -35.776278313399906, -9.600654742034541 ], [ -35.7762363080409, -9.600638816522954 ], [ -35.776192504210904, -9.600625615847287 ], [ -35.776159505902001, -9.600597872925949 ], [ -35.776154969236096, -9.600599716263964 ], [ -35.7761798192154, -9.600632945371416 ], [ -35.7762227201328, -9.600647056759112 ], [ -35.776263844682106, -9.600666603231772 ], [ -35.776306767688901, -9.600683424855053 ], [ -35.776350564164801, -9.600695722105359 ], [ -35.776395175182103, -9.600696267687864 ], [ -35.776434479184402, -9.600715828733861 ], [ -35.776442966276697, -9.600751899493295 ], [ -35.776432396425399, -9.600795350918453 ], [ -35.776432764658502, -9.600840521524907 ], [ -35.776430402051005, -9.600885714031827 ], [ -35.776451655155704, -9.600924392784085 ], [ -35.776462909913192, -9.600964958688825 ], [ -35.776454167990003, -9.601009298912011 ], [ -35.776428071842098, -9.601046550597385 ], [ -35.776418412270999, -9.601089994708875 ], [ -35.7764160423094, -9.601134283817451 ], [ -35.776424595710296, -9.601178485283596 ], [ -35.776428605064297, -9.601223626675901 ], [ -35.776429883591099, -9.6012687899822 ], [ -35.776429341557403, -9.601313967888817 ], [ -35.776425158402894, -9.60135917500957 ], [ -35.776423706089098, -9.601404360216341 ], [ -35.776423156701398, -9.60144863471109 ], [ -35.776410766289601, -9.601492100736566 ], [ -35.776380089256598, -9.601525775302301 ], [ -35.776337409152198, -9.601538766310846 ], [ -35.776293730396496, -9.601540923690768 ], [ -35.776252613106898, -9.601522280670448 ], [ -35.776209697332803, -9.601506362486003 ], [ -35.776167684484804, -9.601489533576066 ], [ -35.776078366495497, -9.60147669804341 ], [ -35.776033674353201, -9.601466214903475 ], [ -35.775989885137001, -9.60145482105152 ], [ -35.775946103288497, -9.601444330611416 ], [ -35.775901403792098, -9.601432944046129 ], [ -35.775820064784895, -9.601393843746642 ], [ -35.775785238480296, -9.601365212013786 ], [ -35.775750404821693, -9.601335676855546 ], [ -35.775714675618097, -9.601307955821209 ], [ -35.775677147943405, -9.601282959622765 ], [ -35.775601182327399, -9.601232974499048 ], [ -35.775515380344096, -9.601204751575217 ], [ -35.775472471991606, -9.601189736681214 ], [ -35.775430459197601, -9.601172907663326 ], [ -35.775389334594294, -9.601153361109672 ], [ -35.775379907859303, -9.601113683935514 ], [ -35.775396864542302, -9.601071988246439 ], [ -35.775418394702292, -9.601032966278657 ], [ -35.775465608854695, -9.600906101561375 ], [ -35.775440405526005, -9.600829508576748 ], [ -35.775396807800703, -9.600841603352164 ], [ -35.775356478321392, -9.600919625373779 ], [ -35.775355025859099, -9.600964810621027 ], [ -35.775353573383398, -9.601009995854792 ], [ -35.775339347554493, -9.601051669656876 ], [ -35.775313251244597, -9.601088921288273 ], [ -35.775287147580698, -9.601125269521299 ], [ -35.7753368475258, -9.601191727871107 ], [ -35.775454825908895, -9.601258542080192 ], [ -35.775497741629003, -9.601274460372579 ], [ -35.775539754436593, -9.60129128937696 ], [ -35.775581767257599, -9.601308118381356 ], [ -35.775624675623604, -9.601323133248382 ], [ -35.775665800240297, -9.601342679775026 ], [ -35.775706917516402, -9.601361322876336 ], [ -35.775748937691603, -9.601379055265607 ], [ -35.775720991418297, -9.601412707876861 ], [ -35.775679866788096, -9.601393161363706 ], [ -35.775638742157803, -9.601373614837065 ], [ -35.775642699884401, -9.601412432373351 ], [ -35.775681108409202, -9.601433807624192 ], [ -35.775711405388599, -9.601465186120441 ], [ -35.775743478762998, -9.601491129531714 ], [ -35.775789014917294, -9.60149347469175 ], [ -35.775834536349805, -9.601494013014559 ], [ -35.775880050401199, -9.601493647925532 ], [ -35.7759255644661, -9.601493282822986 ], [ -35.776014867733693, -9.601504311572414 ], [ -35.776058679052809, -9.601518415659941 ], [ -35.776101587459195, -9.601533430459508 ], [ -35.776143585585494, -9.601548452545735 ], [ -35.7761874042722, -9.601563460018127 ], [ -35.7762302979569, -9.601576667980487 ], [ -35.776272310818399, -9.601593496876921 ], [ -35.776315233960197, -9.601610318459713 ], [ -35.776357246821696, -9.601627147342684 ], [ -35.776401058154299, -9.601641251376238 ], [ -35.776416857012798, -9.601680877341325 ], [ -35.776444857787695, -9.601765578970266 ], [ -35.776477387887802, -9.601847533835848 ], [ -35.776504088046494, -9.601884361922931 ], [ -35.7765307882052, -9.601921189996524 ], [ -35.776544231904701, -9.602006911880386 ], [ -35.776535490008499, -9.602051252103582 ], [ -35.776525837832096, -9.602095599640446 ], [ -35.776521647336892, -9.602139903349334 ], [ -35.776546014453096, -9.602225537577308 ], [ -35.776535798194097, -9.602312352771683 ], [ -35.776509687256898, -9.602347797660336 ], [ -35.7764744219307, -9.602376991708056 ], [ -35.776439149236793, -9.602405282343911 ], [ -35.776413045653797, -9.6024416306444 ], [ -35.776392433236104, -9.602481548764379 ], [ -35.776327857720695, -9.602600421639917 ], [ -35.776298090886897, -9.602634088918975 ], [ -35.776269241687501, -9.60266865229624 ], [ -35.776242227797297, -9.602705007896891 ], [ -35.776215213893501, -9.602741363497543 ], [ -35.776188199976296, -9.602777719098208 ], [ -35.776161186072599, -9.60281407469888 ], [ -35.776134172141902, -9.602850430286026 ], [ -35.776107158224697, -9.602886785886689 ], [ -35.776080144294006, -9.602923141487333 ], [ -35.776052212701899, -9.602958600976301 ], [ -35.776025206125304, -9.602995859988814 ], [ -35.776000020122694, -9.603033104387528 ], [ -35.7759239023097, -9.603076178241832 ], [ -35.775880245441002, -9.603081045857325 ], [ -35.775824382189498, -9.603151964821741 ], [ -35.775772182161596, -9.603225564794117 ], [ -35.775745565867098, -9.603310704662153 ], [ -35.7757377341701, -9.603355037598675 ], [ -35.775726253944207, -9.603398496337482 ], [ -35.775685021498198, -9.603477429165586 ], [ -35.775662588371695, -9.603517361899375 ], [ -35.775645631702197, -9.603559057628933 ], [ -35.775625019149501, -9.603598975748893 ], [ -35.775601668361602, -9.603638012357491 ], [ -35.7755865396202, -9.603680596898576 ], [ -35.7755850798982, -9.603724878720501 ], [ -35.775579429627101, -9.603813464278288 ], [ -35.775560644989099, -9.603854271209793 ], [ -35.7755382044814, -9.603893300518227 ], [ -35.775510272767896, -9.603928760007184 ], [ -35.775480491023409, -9.603960620435535 ], [ -35.775479948962797, -9.604005798369142 ], [ -35.7754803171959, -9.604050969002571 ], [ -35.775478864841602, -9.604096154249845 ], [ -35.775475591926799, -9.604141354097404 ], [ -35.7754695807768, -9.604185672433616 ], [ -35.775462666700697, -9.604230901495344 ], [ -35.775457565830905, -9.604275212531382 ], [ -35.775455203196302, -9.604320405078806 ], [ -35.775451012620294, -9.604364708814678 ], [ -35.775395149139293, -9.604435627779111 ], [ -35.775362629119101, -9.604466606723074 ], [ -35.775324595803596, -9.604491305571504 ], [ -35.775287487490196, -9.604517803956984 ], [ -35.7752558851044, -9.604549678999145 ], [ -35.775186735410301, -9.604665878139926 ], [ -35.775179813939602, -9.604710203789773 ], [ -35.775178500339564, -9.604760044435661 ], [ -35.7751785003449, -9.604760044438184 ], [ -35.775178707702203, -9.604797849446857 ], [ -35.775159211536796, -9.604863055825495 ], [ -35.775136859314195, -9.604912926098024 ], [ -35.775064308505399, -9.604946936577683 ], [ -35.775019110614402, -9.604986148445242 ], [ -35.774989372936595, -9.605023429359859 ], [ -35.774959944534892, -9.605098653603633 ], [ -35.774958595251896, -9.605156486649118 ], [ -35.774981949035293, -9.605229480545271 ], [ -35.774976907040895, -9.605281018903748 ], [ -35.774990070895399, -9.605332411199916 ], [ -35.774975896517397, -9.605380408937982 ], [ -35.774946247176501, -9.605428530799188 ], [ -35.774901834324005, -9.605452377351398 ], [ -35.774858434848305, -9.605488864393815 ], [ -35.774874336939796, -9.605541138206018 ], [ -35.774904106986298, -9.605619501475424 ], [ -35.774917263490295, -9.605669990364763 ], [ -35.7749200459279, -9.605676292354087 ], [ -35.7749321964057, -9.60571504417617 ], [ -35.7749417338337, -9.605768272511385 ], [ -35.774939709949699, -9.605855022071536 ], [ -35.774920044364201, -9.605899449979978 ], [ -35.774862938889896, -9.605929722676896 ], [ -35.774814973149802, -9.605964439401047 ], [ -35.774770928427195, -9.606033456617755 ], [ -35.774827646508406, -9.606067333560254 ], [ -35.774857129427602, -9.606110463704937 ], [ -35.774859465537801, -9.606173688014465 ], [ -35.774845379512797, -9.606232526699117 ], [ -35.774793669477496, -9.606254624872244 ], [ -35.774777637669303, -9.606298120148473 ], [ -35.774776627162005, -9.606397510198843 ], [ -35.774784432411394, -9.606461594101358 ], [ -35.774804856598699, -9.606510217742402 ], [ -35.774817095510301, -9.606559810527202 ], [ -35.774833144985799, -9.606630152589091 ], [ -35.774848497775999, -9.606726700945121 ], [ -35.774852816535592, -9.606809785729503 ], [ -35.7748369246642, -9.606870445864692 ], [ -35.774829240184999, -9.606932847092787 ], [ -35.774867708329303, -9.606961449559824 ], [ -35.774887266475602, -9.607015500976472 ], [ -35.774902472010695, -9.607093981050593 ], [ -35.774891242123395, -9.607168155857465 ], [ -35.774886155976596, -9.607214273742633 ], [ -35.774886752573593, -9.607287450196527 ], [ -35.774887179782901, -9.607339848147975 ], [ -35.774890301044401, -9.607387707126062 ], [ -35.774906556870704, -9.607483344724589 ], [ -35.774917210971694, -9.607561861310248 ], [ -35.774940542977099, -9.607632144921407 ], [ -35.774984730812001, -9.607692322991362 ], [ -35.774985253821804, -9.607756465296259 ], [ -35.774964707349, -9.607804514182712 ], [ -35.774966947819898, -9.607855994106602 ], [ -35.774964607325096, -9.607903896898533 ], [ -35.774964139010095, -9.607958108982084 ], [ -35.7749519178304, -9.608022353551531 ], [ -35.774932230080196, -9.608064071239436 ], [ -35.774918055702102, -9.608112068993636 ], [ -35.774912353936799, -9.608194330712706 ], [ -35.774938313790102, -9.608251944608314 ], [ -35.774995069140495, -9.608290338472191 ], [ -35.775006486308598, -9.608350779473634 ], [ -35.774958007827095, -9.608434287920915 ], [ -35.774921156975005, -9.60849240583703 ], [ -35.774975144637494, -9.608526304541391 ], [ -35.775018238173892, -9.608563904549182 ], [ -35.775062470403, -9.608629503044073 ], [ -35.775068381597897, -9.608684567386087 ], [ -35.775064448941897, -9.608760490588166 ], [ -35.775062204263698, -9.608820137749623 ], [ -35.775097164075696, -9.60886503078129 ], [ -35.775115731107, -9.608909151896032 ], [ -35.775118918798498, -9.608965141567927 ], [ -35.775167105848595, -9.608957527065147 ], [ -35.775228280256499, -9.60897962290089 ], [ -35.775270323582298, -9.609000065319803 ], [ -35.775346261775802, -9.609046436367798 ], [ -35.775397223928898, -9.609044220399136 ], [ -35.775462898284005, -9.609059955762614 ], [ -35.775518787738598, -9.609103777256999 ], [ -35.775564538638399, -9.609132321128243 ], [ -35.775636592487196, -9.609148908701803 ], [ -35.775696687136794, -9.609150233256814 ], [ -35.775766002716495, -9.609165939330445 ], [ -35.775815350624001, -9.609189033438575 ], [ -35.775803944127297, -9.609241526352273 ], [ -35.775799842148004, -9.609296671035803 ], [ -35.775830250606596, -9.609341600482301 ], [ -35.775866010335804, -9.609372934915585 ], [ -35.7759046483676, -9.609422315643258 ], [ -35.775945987834604, -9.609468060804401 ], [ -35.775990872725707, -9.609502032354527 ], [ -35.776033892787702, -9.609530598052116 ], [ -35.776075936226299, -9.609551040342053 ], [ -35.776126246088197, -9.609580450963515 ], [ -35.776159356046399, -9.609621744795128 ], [ -35.776197002769599, -9.609661195253127 ], [ -35.776205704075203, -9.609723464894575 ], [ -35.776244320103402, -9.60977013532113 ], [ -35.7762957319691, -9.609823027314894 ], [ -35.776347987807604, -9.609867781264157 ], [ -35.7763956036978, -9.609901730810634 ], [ -35.776450443038399, -9.609928394587202 ], [ -35.776507294672896, -9.609978532417621 ], [ -35.776554932695696, -9.610015192168492 ], [ -35.776605014122694, -9.610016596936086 ], [ -35.776621001488301, -9.60996768113819 ], [ -35.776678240000095, -9.609953669409791 ], [ -35.776733672649307, -9.609941479131935 ], [ -35.776687921572197, -9.609912935486365 ], [ -35.776597757336297, -9.609908238731535 ], [ -35.776554759310194, -9.609882383367312 ], [ -35.776528924337697, -9.609840127694294 ], [ -35.776533055655207, -9.609788596686485 ], [ -35.776579178859897, -9.609751184007907 ], [ -35.7766161916364, -9.609712941010061 ], [ -35.7766303362732, -9.609661329596261 ], [ -35.776671078707999, -9.609633898303503 ], [ -35.7767347482649, -9.60962706269755 ], [ -35.776702622296803, -9.609594795744913 ], [ -35.776690146987093, -9.60951629398955 ], [ -35.776700584049898, -9.609456581107287 ], [ -35.776668428614599, -9.609420700495033 ], [ -35.776680656806498, -9.609357359348561 ], [ -35.776668446910698, -9.609311380400689 ], [ -35.77666057476381, -9.609239165949425 ], [ -35.776675688673301, -9.609194774520303 ], [ -35.776678872818493, -9.609138733764484 ], [ -35.776692833156694, -9.609064537066821 ], [ -35.776696905491605, -9.609005778772046 ], [ -35.776710191422104, -9.608960498556803 ], [ -35.776724225460399, -9.608895335975896 ], [ -35.776718557256693, -9.608870084301481 ], [ -35.776751840294196, -9.608821029630754 ], [ -35.776805319471002, -9.608792592585996 ], [ -35.776883538918796, -9.608783833232701 ], [ -35.776910435063499, -9.608733022896695 ], [ -35.776934629821397, -9.608685848143361 ], [ -35.776973492548301, -9.608651204168261 ], [ -35.777018742119701, -9.608618315858433 ], [ -35.777058448787095, -9.608575533871084 ], [ -35.777096415957601, -9.608542704028096 ], [ -35.777151759882898, -9.608519672803654 ], [ -35.777185168155796, -9.608485976113714 ], [ -35.777136679019101, -9.608456551000481 ], [ -35.777170990215296, -9.608421943569169 ], [ -35.777226636404599, -9.608435952202534 ], [ -35.777274579947601, -9.608398524887118 ], [ -35.777301354612902, -9.608444386836835 ], [ -35.777347978920396, -9.608468406065299 ], [ -35.777402618954795, -9.608470677631438 ], [ -35.777449051548494, -9.608471208169172 ], [ -35.777509835097497, -9.608445422813626 ], [ -35.777530351684099, -9.608393760219183 ], [ -35.777583779083798, -9.60835899922983 ], [ -35.777645627738202, -9.608352178164003 ], [ -35.777696353718902, -9.608321052741182 ], [ -35.777723286600803, -9.608274759439379 ], [ -35.777764939083795, -9.608247320763732 ], [ -35.777807509223592, -9.608220778192614 ], [ -35.7778423512637, -9.608251216295695 ], [ -35.7778645302459, -9.608291694283665 ], [ -35.7778849181312, -9.608335800535874 ], [ -35.777909065206501, -9.60839433210443 ], [ -35.777928712431297, -9.608459224096896 ], [ -35.7779528079068, -9.608511431785326 ], [ -35.777974187262004, -9.608565468226594 ], [ -35.777979454096595, -9.608653062484983 ], [ -35.778016190545898, -9.608692520035749 ], [ -35.778074560286896, -9.608705603145786 ], [ -35.7781166774095, -9.608735079294599 ], [ -35.778168118790703, -9.608791584593332 ], [ -35.778205824577199, -9.608838262080397 ], [ -35.778205401059402, -9.608897894476048 ], [ -35.778214909713498, -9.608947508909845 ], [ -35.778223478561898, -9.608993517018597 ], [ -35.778202947338599, -9.609043372799354 ], [ -35.778186997113096, -9.609096805663688 ], [ -35.778175650018198, -9.609156525816001 ], [ -35.778197888128098, -9.609204231042604 ], [ -35.778195562898794, -9.609253940551499 ], [ -35.778186073282399, -9.6093181631334 ], [ -35.778192939580599, -9.60937864043683 ], [ -35.778190636483892, -9.609431060166264 ], [ -35.7781865570402, -9.609488915005828 ], [ -35.7781687345704, -9.609536038626901 ], [ -35.778152688447797, -9.609577727153937 ], [ -35.778113158905597, -9.609642191098926 ], [ -35.778101774912301, -9.609697394217029 ], [ -35.778133211980894, -9.609756770628881 ], [ -35.778180791069396, -9.609786202834876 ], [ -35.778154882187103, -9.609734913238503 ], [ -35.778149932366198, -9.609686165651654 ], [ -35.7781776501416, -9.609624507002277 ], [ -35.778228103293095, -9.609559955284507 ], [ -35.778280819596198, -9.60954959354992 ], [ -35.778339086218296, -9.609550028835253 ], [ -35.778401348138296, -9.609593798552565 ], [ -35.778449940780796, -9.609635871135913 ], [ -35.778517457961399, -9.60965430145437 ], [ -35.778548127868504, -9.60961972316781 ], [ -35.7786347392328, -9.609635289594857 ], [ -35.778704920918003, -9.609645567231988 ], [ -35.778768841171399, -9.609669447216854 ], [ -35.778786631191799, -9.609729836666899 ], [ -35.778766966073903, -9.609774264704283 ], [ -35.778730915541892, -9.609818824408922 ], [ -35.778665801755899, -9.609871748916483 ], [ -35.778615252771594, -9.609924556361443 ], [ -35.778606570277894, -9.609976123880783 ], [ -35.778610639372701, -9.610028492397324 ], [ -35.7786074260666, -9.610080919445164 ], [ -35.778581403571394, -9.610127205509142 ], [ -35.778546160001, -9.610159110151194 ], [ -35.778505469359494, -9.610192865517526 ], [ -35.778498718108899, -9.610257969567096 ], [ -35.778457220441297, -9.610304379995984 ], [ -35.778405539744199, -9.610330092441274 ], [ -35.7783602016586, -9.610352140046329 ], [ -35.778338774878797, -9.610403809991443 ], [ -35.778318169874701, -9.610444631687646 ], [ -35.7782867223926, -9.610495478696388 ], [ -35.7782379053452, -9.61053743057402 ], [ -35.778198095429794, -9.610567564962311 ], [ -35.778160142992903, -9.610602201780186 ], [ -35.778110341842499, -9.610635126859465 ], [ -35.778067963287498, -9.610685158218024 ], [ -35.778032948281002, -9.610745068568901 ], [ -35.778004106224095, -9.610780535641569 ], [ -35.777948043561295, -9.610827063052476 ], [ -35.777902911890799, -9.610874406113574 ], [ -35.777852237268199, -9.610911855545487 ], [ -35.777818924795795, -9.610957296701683 ], [ -35.777788306343403, -9.61099819885227 ], [ -35.777745223913598, -9.611073533001413 ], [ -35.777690959649902, -9.611117335554956 ], [ -35.777655789650694, -9.611158274281546 ], [ -35.777618740024195, -9.61119200034191 ], [ -35.777574385815903, -9.61122307468082 ], [ -35.777540044959203, -9.61125406856536 ], [ -35.777492115891796, -9.611293302839565 ], [ -35.777432470842001, -9.611347086762805 ], [ -35.777395354801598, -9.611372682113247 ], [ -35.777319397957299, -9.611435631788252 ], [ -35.777272416014, -9.611479375794358 ], [ -35.777230051966896, -9.611531213934352 ], [ -35.777194778623098, -9.611559504868456 ], [ -35.777170657581408, -9.611615713803054 ], [ -35.777152864433702, -9.61166645108373 ], [ -35.777125864960496, -9.611704613723935 ], [ -35.7770689138341, -9.611753858641565 ], [ -35.777013879168798, -9.611814833259638 ], [ -35.7769625594605, -9.611884812736889 ], [ -35.776932976517394, -9.61194106553371 ], [ -35.776900743771201, -9.612007277809429 ], [ -35.776842919124093, -9.612061047063571 ], [ -35.776798572089199, -9.612093024760968 ], [ -35.776747090085806, -9.612143129174839 ], [ -35.776704740627302, -9.612196774128554 ], [ -35.776664226546899, -9.61225221125907 ], [ -35.776625348715598, -9.612285048484956 ], [ -35.776588335729699, -9.612323291547302 ], [ -35.776549465249097, -9.612357032196149 ], [ -35.7765206892837, -9.612400629914273 ], [ -35.776475660474198, -9.612460620671154 ], [ -35.776443265368499, -9.612506957867403 ], [ -35.776389925757705, -9.612552559835576 ], [ -35.776355732123896, -9.612601621905313 ], [ -35.7763097413279, -9.61265529606824 ], [ -35.776276509616096, -9.6127106746997 ], [ -35.776236868846702, -9.612761587445334 ], [ -35.776207138261597, -9.612799772008595 ], [ -35.776159993797499, -9.612823640902979 ], [ -35.776117526212502, -9.612862831234366 ], [ -35.776062402742696, -9.6129129648575 ], [ -35.776023613248398, -9.612956642997737 ], [ -35.775970192393402, -9.612992307393945 ], [ -35.7759203464297, -9.613019811838734 ], [ -35.775876857891497, -9.613045458289216 ], [ -35.775828920989895, -9.613083789043733 ], [ -35.775763548076696, -9.613105093876602 ], [ -35.775723796612098, -9.61314245542291 ], [ -35.7756977145539, -9.613181514135425 ], [ -35.775656090828797, -9.613212566406199 ], [ -35.775604512638104, -9.613250926402189 ], [ -35.775574759823698, -9.613286400696575 ], [ -35.775535008310598, -9.613323762226743 ], [ -35.775480721253501, -9.613364854366312 ], [ -35.775431096341798, -9.613419461145316 ], [ -35.775390596656401, -9.61347670505728 ], [ -35.775359192730299, -9.613532972442588 ], [ -35.775334065146701, -9.613577444326086 ], [ -35.775296377462894, -9.613644603838605 ], [ -35.775304983096902, -9.613695129142773 ], [ -35.775278930457503, -9.613737801498756 ], [ -35.775218086813595, -9.613756359486732 ], [ -35.775164813181497, -9.613810092068112 ], [ -35.775131500096499, -9.613855533127598 ], [ -35.775105572740898, -9.613913563496615 ], [ -35.775074990590497, -9.613958982633036 ], [ -35.775029740196999, -9.613991870942867 ], [ -35.774968889121801, -9.614009525475629 ], [ -35.774924350018395, -9.614018014321095 ], [ -35.774868916595395, -9.614030204518363 ], [ -35.774782657740701, -9.614058001216724 ], [ -35.7747364159098, -9.614080959272981 ], [ -35.774682972615899, -9.614113913319708 ], [ -35.774630579661604, -9.614164024890833 ], [ -35.774589880766698, -9.614196876624643 ], [ -35.774540108180602, -9.614233415089487 ], [ -35.774476658724602, -9.614267352916807 ], [ -35.774440489276202, -9.614297457854061 ], [ -35.774397155198898, -9.61434207586432 ], [ -35.7743600975286, -9.614374898340532 ], [ -35.774295715601596, -9.61440613321739 ], [ -35.774233183770093, -9.614440967117012 ], [ -35.774179799313799, -9.614481148434599 ], [ -35.774134688760398, -9.614531201506647 ], [ -35.774087691229099, -9.614573138489494 ], [ -35.7740452305434, -9.614613232098767 ], [ -35.773993681400697, -9.614655205609285 ], [ -35.773951228065599, -9.614696202625399 ], [ -35.773938667836298, -9.614718890254442 ], [ -35.773937764897006, -9.614719800963606 ], [ -35.773902645659199, -9.614767063425248 ], [ -35.773867408520594, -9.614799871264587 ], [ -35.773837655399902, -9.614835345510613 ], [ -35.773805178679204, -9.614871745086504 ], [ -35.773761579187898, -9.614883840160326 ], [ -35.773723566849498, -9.614911249433314 ], [ -35.773685547144304, -9.614937755299431 ], [ -35.773647512705594, -9.614962454319656 ], [ -35.773610395939698, -9.614988049444412 ], [ -35.773567809889599, -9.615012784992308 ], [ -35.773531618163496, -9.615040179644538 ], [ -35.773505520984898, -9.615077431478873 ], [ -35.773463830491302, -9.615100352878542 ], [ -35.773423042953098, -9.615122363569043 ], [ -35.773398788503201, -9.615162311035405 ], [ -35.773356158204002, -9.615181626077755 ], [ -35.773315363266796, -9.615202733345294 ], [ -35.773276418441299, -9.61522743965171 ], [ -35.773236563293494, -9.615252153260407 ], [ -35.773195768340202, -9.615273260511845 ], [ -35.773155032321199, -9.615301595082464 ], [ -35.773118847897393, -9.615329893109317 ], [ -35.773088176942601, -9.615364471218552 ], [ -35.773056580948001, -9.615397249784195 ], [ -35.773025917359895, -9.615432731300263 ], [ -35.772996164094096, -9.615468205514057 ], [ -35.772956345715798, -9.615497436173092 ], [ -35.772915558080896, -9.615519446815227 ], [ -35.772876627908396, -9.615545959919208 ], [ -35.772841361125302, -9.615575154050591 ], [ -35.772803385459696, -9.615607080341663 ], [ -35.772769961405395, -9.615638970088945 ], [ -35.772735612279199, -9.615669060324846 ], [ -35.772704016220096, -9.615701838890487 ], [ -35.772665981587899, -9.615726537846227 ], [ -35.772620539174397, -9.615735937191278 ], [ -35.772576983674199, -9.615753452657774 ], [ -35.772539903565104, -9.615783564784499 ], [ -35.772498176076297, -9.61580196905321 ], [ -35.772451823308195, -9.615811375684483 ], [ -35.772414713699597, -9.615837874151579 ], [ -35.772385870643298, -9.615873341030809 ], [ -35.7723414195383, -9.615892670613313 ], [ -35.772295037287002, -9.615898463568827 ], [ -35.772249602175798, -9.615908766288506 ], [ -35.772214335296006, -9.615937960371516 ], [ -35.772183678929601, -9.615974345262197 ], [ -35.772153918152, -9.616008916020771 ], [ -35.772120501351601, -9.61604170915879 ], [ -35.772072394159501, -9.616059261088465 ], [ -35.772026151812696, -9.616082218902942 ], [ -35.772001016265897, -9.616125787282872 ], [ -35.771960235836602, -9.616148701267372 ], [ -35.771913765167696, -9.616143653211838 ], [ -35.771865665310202, -9.616162108548377 ], [ -35.771819187258401, -9.616156157053746 ], [ -35.771775639012198, -9.616174575862606 ], [ -35.771734858566795, -9.616197489830995 ], [ -35.771695906100398, -9.616221292601603 ], [ -35.7716743823595, -9.616261218112676 ], [ -35.771630811996801, -9.61627692665266 ], [ -35.771585369438199, -9.616286325884875 ], [ -35.771547342011601, -9.616311928182981 ], [ -35.771547732290195, -9.616359809180835 ], [ -35.7715362662627, -9.616405074855919 ], [ -35.771488092704999, -9.616414495995077 ], [ -35.771438949906901, -9.616416697117321 ], [ -35.771390776349193, -9.61642611824035 ], [ -35.771345348475798, -9.61643732428626 ], [ -35.771299927969196, -9.616449433738996 ], [ -35.771266518390597, -9.616483130235489 ], [ -35.771217412394201, -9.616489848408063 ], [ -35.771171866700506, -9.616486599783304 ], [ -35.771119985536501, -9.616487919341152 ], [ -35.771070828004802, -9.616488313569109 ], [ -35.7710243719727, -9.616485072230558 ], [ -35.770978870447607, -9.616487244079091 ], [ -35.770932392331297, -9.616481292487741 ], [ -35.770885995201297, -9.616485278452265 ], [ -35.770839620155492, -9.616491974653441 ], [ -35.770793200941299, -9.61649325036519 ], [ -35.770749601030893, -9.616505345148841 ], [ -35.770705098165003, -9.616518350657755 ], [ -35.770660617367199, -9.616534066403322 ], [ -35.770619814676294, -9.616554270022235 ], [ -35.770579034053597, -9.616577183893884 ], [ -35.770530808880004, -9.616580280991707 ], [ -35.770490938595692, -9.616603187544952 ], [ -35.770445459106398, -9.616608069581755 ], [ -35.770400993009893, -9.616625592124898 ], [ -35.770355587124094, -9.616639508310715 ], [ -35.770310122352193, -9.616646197161222 ], [ -35.770265604704392, -9.616657395775857 ], [ -35.7702248093319, -9.616678502785486 ], [ -35.770180269583705, -9.616686991147356 ], [ -35.7701602939323, -9.616693475629928 ], [ -35.770144906710001, -9.616704440683504 ], [ -35.7700877107225, -9.616723872208176 ], [ -35.770054352485701, -9.616763892552555 ], [ -35.770013512912506, -9.616779579040523 ], [ -35.770008073047002, -9.616782333074902 ], [ -35.769999916899899, -9.616786915845999 ], [ -35.769982723734401, -9.616799702334015 ], [ -35.769961911347998, -9.616815228251788 ], [ -35.769933075287703, -9.616851598441153 ], [ -35.769900568471101, -9.616884384147877 ], [ -35.769868046937098, -9.616915363008703 ], [ -35.769849298057402, -9.616960687086157 ], [ -35.769828721150297, -9.617005122329124 ], [ -35.769794393656895, -9.617037922624375 ], [ -35.769771996089098, -9.617082372471977 ], [ -35.769748658764101, -9.617123215946156 ], [ -35.769728970095002, -9.617164933650191 ], [ -35.769701969348397, -9.617203096064717 ], [ -35.769682280679298, -9.617244813768755 ], [ -35.769640574855593, -9.617265928016209 ], [ -35.769597077806203, -9.617290670543994 ], [ -35.769558147101698, -9.617317183406172 ], [ -35.769527490316193, -9.617353568167898 ], [ -35.769485777093493, -9.617373778992393 ], [ -35.769451449535694, -9.617406579271515 ], [ -35.769419875028902, -9.617442067912581 ], [ -35.769373558643402, -9.617455991304002 ], [ -35.769323549433601, -9.617463619960047 ], [ -35.769274546201395, -9.617482985731696 ], [ -35.7692420319052, -9.617514867983223 ], [ -35.769212285377598, -9.617551245442632 ], [ -35.769165888021902, -9.617555231229847 ], [ -35.769127874942001, -9.617582640180435 ], [ -35.769085273416799, -9.617605568511639 ], [ -35.769047267687597, -9.617633880885181 ], [ -35.769023027262001, -9.617675635052404 ], [ -35.769002420790997, -9.617716456619663 ], [ -35.7689855144951, -9.617764476345243 ], [ -35.768954842879303, -9.617799054261059 ], [ -35.768909414667398, -9.617810260049042 ], [ -35.768873229550401, -9.617838557817972 ], [ -35.768829732355897, -9.617863300265178 ], [ -35.768802738830999, -9.617902366070417 ], [ -35.7687812219893, -9.617943194939985 ], [ -35.768754250516402, -9.617984970998011 ], [ -35.768745515101095, -9.618030214798427 ], [ -35.768724952718003, -9.618076456871215 ], [ -35.768695206109705, -9.618112834314514 ], [ -35.768663609389698, -9.618145612670586 ], [ -35.768623768169498, -9.618172132770585 ], [ -35.768584815219597, -9.618195935315514 ], [ -35.768540429690404, -9.618223395301664 ], [ -35.768499656063696, -9.61824721243508 ], [ -35.768453302715301, -9.618256618647225 ], [ -35.768412514354999, -9.618278628934721 ], [ -35.768367078679596, -9.618288931267507 ], [ -35.768325357912801, -9.618308238588426 ], [ -35.768290134524399, -9.61834285295131 ], [ -35.768273183963302, -9.618385452155248 ], [ -35.768230552841892, -9.618404766778491 ], [ -35.768201738543496, -9.618443847156119 ], [ -35.768180771470604, -9.618440401256183 ], [ -35.768165273746497, -9.618437814997593 ], [ -35.768137009313499, -9.618432620621842 ], [ -35.768092579567394, -9.618454660054093 ], [ -35.768060087129797, -9.618489252510045 ], [ -35.768014754395907, -9.618512202667562 ], [ -35.767971190835894, -9.618528814291986 ], [ -35.767929492072696, -9.618550831833444 ], [ -35.767893306778397, -9.61857912953788 ], [ -35.767857158269798, -9.618611944324913 ], [ -35.767822830405699, -9.618644744523429 ], [ -35.767785742123699, -9.618673952920902 ], [ -35.767746796395492, -9.618698658824314 ], [ -35.767706022623699, -9.618722475893264 ], [ -35.767683595282499, -9.6187633120329 ], [ -35.767638100656598, -9.618766386949755 ], [ -35.767592672235104, -9.618777592624896 ], [ -35.767547310001902, -9.618796929042222 ], [ -35.7675102216716, -9.618826137439697 ], [ -35.767462099004405, -9.618841882055994 ], [ -35.767415855835402, -9.618864839451339 ], [ -35.767375992353699, -9.618888649185747 ], [ -35.767338874588397, -9.61891424389137 ], [ -35.7673127764265, -9.618951495516153 ], [ -35.767288535694703, -9.618993249651137 ], [ -35.767270682032894, -9.619036759580345 ], [ -35.767267415773006, -9.619082863086579 ], [ -35.767252293094202, -9.619126351125002 ], [ -35.767221613821498, -9.61916002553723 ], [ -35.767186368155492, -9.619191929582874 ], [ -35.767145572218901, -9.619213036350692 ], [ -35.767099152472703, -9.619214311675565 ], [ -35.767052710658398, -9.619212876731565 ], [ -35.767001555389001, -9.619191603042303 ], [ -35.766954217953796, -9.619191982214296 ], [ -35.766904920114598, -9.619175211003002 ], [ -35.766858485667001, -9.619174679449713 ], [ -35.766812110024901, -9.619181375247889 ], [ -35.766765697629296, -9.619183553931254 ], [ -35.766715673299004, -9.619189375467323 ], [ -35.766673056637295, -9.619210496775283 ], [ -35.766625741254003, -9.619213586151698 ], [ -35.766589585169001, -9.619245497435143 ], [ -35.7665543100197, -9.619273787756677 ], [ -35.766510746233998, -9.619290399252147 ], [ -35.766462601369703, -9.619303433518938 ], [ -35.766420006727699, -9.619327265047428 ], [ -35.766374666385296, -9.619349311620784 ], [ -35.7663293260267, -9.619371358194162 ], [ -35.766294072881095, -9.619402358752346 ], [ -35.766267981924699, -9.61944051376785 ], [ -35.766230871332802, -9.619467011799726 ], [ -35.766196557912103, -9.619501618747449 ], [ -35.766174115627798, -9.61954064800892 ], [ -35.766154426410601, -9.619582365664593 ], [ -35.766136594607396, -9.619628585830466 ], [ -35.766113249335298, -9.619668525817191 ], [ -35.766103610561601, -9.619714680375129 ], [ -35.766070192745701, -9.619747473174618 ], [ -35.766033096822902, -9.619775778052411 ], [ -35.766011579545996, -9.619816606873625 ], [ -35.765994628662497, -9.619859206077566 ], [ -35.765962128503404, -9.619892895013825 ], [ -35.765921339740096, -9.61991490510788 ], [ -35.765876865487002, -9.619931523825066 ], [ -35.7658333236404, -9.619950845524928 ], [ -35.765789767076399, -9.619968360378873 ], [ -35.765744220754002, -9.619965111157674 ], [ -35.765711720562699, -9.619998800077818 ], [ -35.765676452602897, -9.620027993773954 ], [ -35.7656393565995, -9.620056298619515 ], [ -35.765602260579996, -9.620084603465074 ], [ -35.765578922561907, -9.62012544684255 ], [ -35.765535424770903, -9.620150189031817 ], [ -35.765502006842198, -9.620182981815194 ], [ -35.765482332213608, -9.620226506300668 ], [ -35.765462642883499, -9.620268223956341 ], [ -35.765428351353599, -9.620305541124578 ], [ -35.765390352314199, -9.62033475666316 ], [ -35.7653468397735, -9.620357691990408 ], [ -35.765301403646703, -9.620367994016915 ], [ -35.7652540659697, -9.62036837301158 ], [ -35.765220633307401, -9.620399358932916 ], [ -35.765193617101794, -9.620435714372574 ], [ -35.765183970864499, -9.620480965523633 ], [ -35.765150552887398, -9.62051375829089 ], [ -35.765110696353297, -9.62053847128705 ], [ -35.765088290645004, -9.620582017631094 ], [ -35.765048434110902, -9.620606730643386 ], [ -35.7650131807073, -9.620637731137087 ], [ -35.764975166885897, -9.620665139813637 ], [ -35.764936235375501, -9.620691652353393 ], [ -35.764923858074695, -9.620736925379163 ], [ -35.764879435098898, -9.620759867960352 ], [ -35.764844166977895, -9.620789061608122 ], [ -35.7648235965993, -9.620834400209594 ], [ -35.764781875236096, -9.620853707256492 ], [ -35.764737452228097, -9.620876649821554 ], [ -35.764697691156002, -9.620913107251731 ], [ -35.764660587624597, -9.620940508625972 ], [ -35.764624401766099, -9.620968806136972 ], [ -35.764581762681608, -9.620987217014855 ], [ -35.764546516548094, -9.621019120899287 ], [ -35.7645066893039, -9.621047447538926 ], [ -35.764479687686709, -9.621085609792264 ], [ -35.764453589041196, -9.621122861336445 ], [ -35.764418350242202, -9.621155668643841 ], [ -35.764382164335395, -9.621183966122617 ], [ -35.764342337058899, -9.621212292762255 ], [ -35.7642978404959, -9.621226201097707 ], [ -35.764251457083901, -9.621231993214998 ], [ -35.764206042815701, -9.621245005397553 ], [ -35.764159519805503, -9.621233632510815 ], [ -35.764107630243096, -9.621234047807469 ], [ -35.764062179221497, -9.621242542875201 ], [ -35.764017689976896, -9.621257354601379 ], [ -35.763984315878197, -9.621295567825793 ], [ -35.763938938314894, -9.621313097090914 ], [ -35.763885257446105, -9.621317140603432 ], [ -35.763837971014198, -9.621323843381516 ], [ -35.763787072599101, -9.621334188963964 ], [ -35.763733443136694, -9.621344556404983 ], [ -35.763688873034702, -9.621349430462441 ], [ -35.763628893207098, -9.621362559143426 ], [ -35.763567878144208, -9.621360336936366 ], [ -35.763558745309297, -9.621356796090303 ], [ -35.763505064408193, -9.62136083955445 ], [ -35.763449673009802, -9.621378448887061 ], [ -35.763394164081298, -9.621381603484529 ], [ -35.7633358800175, -9.621379359386646 ], [ -35.7632757018186, -9.62136809563154 ], [ -35.763221081176503, -9.621368532641688 ], [ -35.763195070513298, -9.621416625196934 ], [ -35.763159941700401, -9.621462983735903 ], [ -35.763103537086401, -9.621467952400993 ], [ -35.7630471177551, -9.621471114220171 ], [ -35.762987952707192, -9.621472491051982 ], [ -35.762932392307903, -9.621469321608096 ], [ -35.762873241945201, -9.621472505253593 ], [ -35.762816837299098, -9.621477473886458 ], [ -35.762763215106702, -9.621488744605328 ], [ -35.762705841349003, -9.621486493124566 ], [ -35.762651161901495, -9.621479702686539 ], [ -35.762594801311003, -9.621490091808802 ], [ -35.762539277616696, -9.621491439415253 ], [ -35.762483849384395, -9.621504531504083 ], [ -35.762429338841095, -9.621518519729701 ], [ -35.762374630007102, -9.621508115551462 ], [ -35.762320016651202, -9.621509455855614 ], [ -35.762264625107704, -9.621527065027029 ], [ -35.762213807324294, -9.62154734805247 ], [ -35.762164861624001, -9.621573940450169 ], [ -35.7621074070574, -9.621561751236207 ], [ -35.762051758498401, -9.621547740603962 ], [ -35.761992571366299, -9.621546406989587 ], [ -35.761936144619796, -9.621548665208454 ], [ -35.761877904530998, -9.621551841406578 ], [ -35.761815083347599, -9.621551440311526 ], [ -35.761759662385401, -9.62156543571049 ], [ -35.761705100371302, -9.621573099878646 ], [ -35.761646038023201, -9.621587124374001 ], [ -35.7615896553162, -9.621594803082303 ], [ -35.761541612539204, -9.621620484722474 ], [ -35.761512885223596, -9.621670405885503 ], [ -35.761467632202596, -9.621703293066933 ], [ -35.761413011415399, -9.621703729803045 ], [ -35.761358412664102, -9.621706876808037 ], [ -35.761301978518595, -9.621708231507238 ], [ -35.761247423790699, -9.621716799033877 ], [ -35.761191914684893, -9.621719953292816 ], [ -35.761134518794599, -9.621714991285229 ], [ -35.761078980318395, -9.621714531836208 ], [ -35.76102163581831, -9.621715893773235 ], [ -35.760968960492001, -9.621731674078958 ], [ -35.760918913432597, -9.621734784620758 ], [ -35.760912540999399, -9.621734835575728 ], [ -35.760857053881104, -9.621740700039066 ], [ -35.760802506455498, -9.621750170924196 ], [ -35.760757238652602, -9.621781251179099 ], [ -35.760722072715602, -9.621823092442058 ], [ -35.760674976852904, -9.621853283830264 ], [ -35.760632476754104, -9.621888859357547 ], [ -35.760582613139, -9.621914555441133 ], [ -35.7605262890117, -9.621929461371936 ], [ -35.760475485671797, -9.62195155103376 ], [ -35.760420996906397, -9.621968249254214 ], [ -35.760363718369, -9.621977741901176 ], [ -35.760309273610901, -9.621999860643292 ], [ -35.760263132061802, -9.622035465250843 ], [ -35.760208643248099, -9.622052163439058 ], [ -35.760158720859998, -9.622070632090601 ], [ -35.760106177474903, -9.622102673912902 ], [ -35.760057253472006, -9.622131976353813 ], [ -35.760001846953095, -9.622147778373019 ], [ -35.759946337686102, -9.622150932454625 ], [ -35.759891841505699, -9.622166727171523 ], [ -35.759863077211094, -9.622212131171365 ], [ -35.759805805927499, -9.622222527176822 ], [ -35.759750392041894, -9.622237425724704 ], [ -35.759696791498506, -9.622251406309484 ], [ -35.759651538155097, -9.622284293313594 ], [ -35.759594208163001, -9.622287461886982 ], [ -35.759540688299602, -9.622311380108231 ], [ -35.759488020098196, -9.62232806365958 ], [ -35.759435388553499, -9.622349264325761 ], [ -35.759392880894396, -9.622383936317226 ], [ -35.759349521573299, -9.622425842994685 ], [ -35.759315302405604, -9.622472194037918 ], [ -35.759279233206698, -9.622514945929446 ], [ -35.7592295013879, -9.622556903513511 ], [ -35.759177904852798, -9.622593455083837 ], [ -35.759138179534602, -9.622634429209699 ], [ -35.759098483554602, -9.622679017043536 ], [ -35.759063324645794, -9.622721761664986 ], [ -35.7590354998827, -9.622770772054366 ], [ -35.759019553703396, -9.622825108438379 ], [ -35.759018209820596, -9.622883845567749 ], [ -35.759003188648698, -9.622939981527619 ], [ -35.7589945399423, -9.62299606656477 ], [ -35.758974930325195, -9.623047721776294 ], [ -35.758939793387796, -9.623093176666632 ], [ -35.758944799950697, -9.623149152604386 ], [ -35.758965253170004, -9.623201391194623 ], [ -35.758973879147298, -9.623254627783226 ], [ -35.758957015262794, -9.623308068014339 ], [ -35.758914522111596, -9.623344546851728 ], [ -35.758927729199698, -9.623401360749572 ], [ -35.758923624915198, -9.623456506013413 ], [ -35.7588903086546, -9.623501946363625 ], [ -35.758847778798398, -9.623533908070085 ], [ -35.758831920601402, -9.623599085561876 ], [ -35.758812230272, -9.623640803104713 ], [ -35.758780639306799, -9.62367448438402 ], [ -35.758763694693805, -9.623717986946444 ], [ -35.758741265950199, -9.623758822892656 ], [ -35.758717016497499, -9.623799673378986 ], [ -35.758686335870699, -9.623833347388237 ], [ -35.758655669896896, -9.623868828243399 ], [ -35.758653907880394, -9.623876070183346 ], [ -35.758643247702196, -9.623908680747526 ], [ -35.758602457794403, -9.623930690229033 ], [ -35.758555244063203, -9.623946426656417 ], [ -35.758514534835399, -9.623978373806606 ], [ -35.758471872860703, -9.623994073851403 ], [ -35.758426472487798, -9.624008892299567 ], [ -35.758380066395098, -9.624011973487065 ], [ -35.758335547006396, -9.624023170941067 ], [ -35.758290139282792, -9.624037085934026 ], [ -35.758246610928602, -9.624058213786656 ], [ -35.758208632716006, -9.624090139094427 ], [ -35.758172497216101, -9.62412476013092 ], [ -35.758129849862001, -9.624142267005524 ], [ -35.758105607647202, -9.624184020898706 ], [ -35.758090483630397, -9.624227508920983 ], [ -35.758060786606897, -9.624270209873664 ], [ -35.7580190789133, -9.624291323170043 ], [ -35.758003066545697, -9.624337528731273 ], [ -35.757986136489095, -9.624382838155745 ], [ -35.757956424748102, -9.624423732262496 ], [ -35.757910950949096, -9.624429516400452 ], [ -35.757863531737698, -9.624419956855954 ], [ -35.757811604761002, -9.624415854215675 ], [ -35.757766204275299, -9.624430672583248 ], [ -35.757733710112802, -9.624465264507236 ], [ -35.757686488902003, -9.624480097431041 ], [ -35.757637344298395, -9.624482296925194 ], [ -35.757587304009398, -9.624486310535314 ], [ -35.757551168396603, -9.624520931523465 ], [ -35.757511369346098, -9.624552871339112 ], [ -35.757476144071696, -9.6245874850572 ], [ -35.7574381143883, -9.624613086339735 ], [ -35.757398271314393, -9.624639605585392 ], [ -35.757374858661102, -9.62467141452367 ], [ -35.757343348118098, -9.62471503340721 ], [ -35.757309245803398, -9.624775839201694 ], [ -35.757277918559595, -9.624842043739871 ], [ -35.757253749512898, -9.624892831862674 ], [ -35.757227723084497, -9.624939117410792 ], [ -35.757190001307102, -9.625002662554438 ], [ -35.757150488110398, -9.625069835946196 ], [ -35.757090124661801, -9.625148017657313 ], [ -35.757046940676695, -9.625211606437515 ], [ -35.756992046657395, -9.625290647951182 ], [ -35.756934392220302, -9.625366097567106 ], [ -35.756880305855695, -9.625432483840873 ], [ -35.756819802986101, -9.625493500451251 ], [ -35.756758345722496, -9.625549103761687 ], [ -35.756695038411699, -9.6256011079043 ], [ -35.756628955997797, -9.625647713303215 ], [ -35.756557257431304, -9.625675390343648 ], [ -35.756519280507398, -9.625694374338096 ], [ -35.756413992239494, -9.625747006086188 ], [ -35.756244421793696, -9.625830577110854 ], [ -35.756184006680797, -9.625902434764535 ], [ -35.756085532272202, -9.625996279928309 ], [ -35.755986698632007, -9.626045857173532 ], [ -35.755910536049598, -9.626084411591471 ], [ -35.755860678689096, -9.62611101067893 ], [ -35.755779200493301, -9.626167677208773 ], [ -35.755733887586899, -9.626193336522919 ], [ -35.755684845264, -9.626208183793427 ], [ -35.755558032093703, -9.626287799304039 ], [ -35.7555108324513, -9.626305342303311 ], [ -35.755464594472897, -9.626329202009355 ], [ -35.755422974278098, -9.626361156220071 ], [ -35.755283635713596, -9.626467976216633 ], [ -35.7552373097529, -9.62648099476653 ], [ -35.755178136097001, -9.626481467079234 ], [ -35.755068685544401, -9.626569075265184 ], [ -35.755039883642098, -9.62660996200515 ], [ -35.7549958546848, -9.626681688765343 ], [ -35.754966127742804, -9.626720775913324 ], [ -35.754933662386499, -9.62675898141633 ], [ -35.754903032392299, -9.626798979257361 ], [ -35.7548112889395, -9.626937041288004 ], [ -35.754785203431595, -9.626976099371829 ], [ -35.754755542387699, -9.627023317342584 ], [ -35.754728605121102, -9.627069610112427 ], [ -35.754661492727003, -9.627213799973132 ], [ -35.754634526122295, -9.627256479018884 ], [ -35.754607544848398, -9.627297351218704 ], [ -35.754583287351899, -9.627337298185358 ], [ -35.754560850580496, -9.627377230628001 ], [ -35.754492716024401, -9.627619908615245 ], [ -35.754485821419593, -9.627667848402318 ], [ -35.754474404299899, -9.627719438215461 ], [ -35.754471002842493, -9.627861312663935 ], [ -35.754462302165599, -9.627911073837076 ], [ -35.754449064304701, -9.627962678190361 ], [ -35.754443065433698, -9.628008803845319 ], [ -35.754435890633104, -9.628134445680155 ], [ -35.754437225988397, -9.628186837199783 ], [ -35.754438532053904, -9.628235615027558 ], [ -35.754452597945104, -9.628286097984757 ], [ -35.754467198758697, -9.628402531156665 ], [ -35.754467587135096, -9.628450412815431 ], [ -35.754467997499098, -9.628501004759205 ], [ -35.754469303564598, -9.628549782586973 ], [ -35.754471005357196, -9.628647345480355 ], [ -35.754476833986097, -9.628692473265932 ], [ -35.754491766321202, -9.628737528383049 ], [ -35.754505185692103, -9.628820541998142 ], [ -35.754499899352396, -9.628842267850247 ], [ -35.754481635941495, -9.628869675938391 ], [ -35.754435136754303, -9.628939457745549 ], [ -35.754324796932003, -9.629029783518808 ], [ -35.754238002139402, -9.629104562079947 ], [ -35.7542047781889, -9.629136334911665 ], [ -35.754185603607702, -9.629154672006839 ], [ -35.754182101336497, -9.629171866203979 ], [ -35.7541715359271, -9.629216221347248 ], [ -35.754150927118694, -9.62925704268882 ], [ -35.754088961433894, -9.629362341628941 ], [ -35.754066524517505, -9.629402274087683 ], [ -35.754034029549004, -9.629436865898839 ], [ -35.753892995043401, -9.629447026263778 ], [ -35.753842902542097, -9.629444715558535 ], [ -35.753794594173797, -9.62943787315 ], [ -35.753670541663098, -9.629409048002834 ], [ -35.753621322924197, -9.629402212848246 ], [ -35.753574183263801, -9.629314950788498 ], [ -35.753531241883003, -9.629296320196556 ], [ -35.753484754272101, -9.629289463231753 ], [ -35.753448288072697, -9.629283429783641 ], [ -35.753431981952396, -9.629293498232979 ], [ -35.753418692652893, -9.629338778609405 ], [ -35.753422487983599, -9.629357721540284 ], [ -35.7534282212794, -9.629391104811255 ], [ -35.753429512595197, -9.629438075809217 ], [ -35.753419857443703, -9.629482423698525 ], [ -35.753398455359495, -9.629537707158168 ], [ -35.753356783307005, -9.629563337279182 ], [ -35.753311301254698, -9.629568217591174 ], [ -35.753230270659792, -9.629567960607936 ], [ -35.753205697906608, -9.629569060145444 ], [ -35.753182938560194, -9.629569241719857 ], [ -35.753139321191895, -9.629579528061717 ], [ -35.753101319895698, -9.629608742826546 ], [ -35.753129827174803, -9.629643751385148 ], [ -35.753211724197499, -9.629638580544428 ], [ -35.753255282953894, -9.629621066770524 ], [ -35.753300706410393, -9.629608959026468 ], [ -35.753381009772795, -9.629631808966662 ], [ -35.753425808567599, -9.629654942181649 ], [ -35.753469726297695, -9.629681696358524 ], [ -35.753577582657897, -9.629734141444539 ], [ -35.753620524087097, -9.629752772020346 ], [ -35.7536562777874, -9.629783205255219 ], [ -35.753715127868801, -9.629855014565351 ], [ -35.753731866292298, -9.629898248344777 ], [ -35.753729538161501, -9.629947958675794 ], [ -35.753733795133499, -9.630023817575642 ], [ -35.753756003147593, -9.630067911189853 ], [ -35.753781816052005, -9.630107458592855 ], [ -35.753831679715397, -9.630193795354961 ], [ -35.753854768826294, -9.630234267975005 ], [ -35.753875148812902, -9.630277472674155 ], [ -35.7539104831705, -9.630368442791571 ], [ -35.753922721082695, -9.630418036865954 ], [ -35.753927639357002, -9.630463171937722 ], [ -35.753948915093503, -9.630504562504758 ], [ -35.754004101898303, -9.630573690481214 ], [ -35.754035362470205, -9.630611387401755 ], [ -35.754052108325006, -9.630655524571909 ], [ -35.7540561822073, -9.630708797736514 ], [ -35.7540520040776, -9.630754908883581 ], [ -35.754049676027392, -9.630804619214592 ], [ -35.7540682353211, -9.630847838421642 ], [ -35.754105809940093, -9.630878257035777 ], [ -35.754133451033098, -9.630918693273253 ], [ -35.754146562755999, -9.630963762930518 ], [ -35.754148764619799, -9.631010726626172 ], [ -35.754132890850897, -9.631074097368776 ], [ -35.754104073941001, -9.631113177295047 ], [ -35.754044230890699, -9.631143470012876 ], [ -35.7539996956883, -9.631152860346909 ], [ -35.753952370713698, -9.631155045059124 ], [ -35.753882015159498, -9.631123984583311 ], [ -35.753838155831701, -9.631104457951308 ], [ -35.753789781242901, -9.631089484768362 ], [ -35.753767924868093, -9.631088755714202 ], [ -35.753684309368701, -9.631106589290567 ], [ -35.753639759497197, -9.631114172730328 ], [ -35.753594269932897, -9.631118149716077 ], [ -35.753508364700195, -9.631078178392272 ], [ -35.753468095593796, -9.631052298638675 ], [ -35.753425190627802, -9.631038185242133 ], [ -35.753328697933696, -9.631039858728235 ], [ -35.753283186381999, -9.631041125380614 ], [ -35.753235905350195, -9.631048730566112 ], [ -35.753135800431203, -9.631054046775967 ], [ -35.753087447846099, -9.631041783781289 ], [ -35.753058918434398, -9.631004064953807 ], [ -35.752985236444694, -9.631011880761754 ], [ -35.752951860153701, -9.631050093518699 ], [ -35.752931331702897, -9.631100852577324 ], [ -35.752896083361001, -9.631132755849201 ], [ -35.752870004736401, -9.631172717355993 ], [ -35.752867639884393, -9.631217910572204 ], [ -35.752822531200898, -9.631268865761493 ], [ -35.752786343150099, -9.631297162579367 ], [ -35.752736308938395, -9.631302079209441 ], [ -35.752673934372602, -9.631244753666378 ], [ -35.752643598872602, -9.631208856192721 ], [ -35.752600598654205, -9.631182998120369 ], [ -35.752546085805797, -9.631196985314308 ], [ -35.752534609800094, -9.631241347743762 ], [ -35.752567639819901, -9.631272706292403 ], [ -35.752581727666396, -9.631325899647457 ], [ -35.752545568889296, -9.631357810173281 ], [ -35.752496357146399, -9.631351878361047 ], [ -35.752428842593403, -9.631334347209885 ], [ -35.752378881614199, -9.631348298085721 ], [ -35.752349117435294, -9.631382868038306 ], [ -35.7523839608779, -9.631413308656075 ], [ -35.752425096428297, -9.631433760714684 ], [ -35.752465328910404, -9.631455123450188 ], [ -35.752495664426498, -9.631491020939958 ], [ -35.752538642705701, -9.631514168727316 ], [ -35.752550887855698, -9.631564666321392 ], [ -35.752506403769495, -9.631580380503316 ], [ -35.752491286249004, -9.631624771980809 ], [ -35.752436809960493, -9.631643276337913 ], [ -35.752394175921495, -9.631662589687688 ], [ -35.752347070548097, -9.631691877072607 ], [ -35.752271648174798, -9.631709644992663 ], [ -35.752226187755397, -9.631717235541283 ], [ -35.752179897516399, -9.631734771077049 ], [ -35.752114474647598, -9.631750652228776 ], [ -35.752071884519204, -9.631775386132432 ], [ -35.7520676988131, -9.631820593904896 ], [ -35.752107924025196, -9.631841053249671 ], [ -35.752153552913597, -9.631854241574246 ], [ -35.752200048245896, -9.631862002058723 ], [ -35.752235824111096, -9.631895145707567 ], [ -35.752239831853593, -9.63194028811388 ], [ -35.752223796579699, -9.631983783438486 ], [ -35.752194310678298, -9.6320526837054 ], [ -35.752191945761894, -9.632097876937722 ], [ -35.752192333977199, -9.632145758677074 ], [ -35.752164397809501, -9.632181217560852 ], [ -35.752132908012804, -9.632227546616559 ], [ -35.752126901565397, -9.632272768913035 ], [ -35.752114522443101, -9.632318042051635 ], [ -35.752114581038896, -9.632325269483689 ], [ -35.752127619367904, -9.632361304975825 ], [ -35.752143484077394, -9.632409063252952 ], [ -35.752167468986599, -9.632447721869871 ], [ -35.752176028662795, -9.632492827958075 ], [ -35.7521370800008, -9.632517532845922 ], [ -35.752097264878699, -9.632547665557752 ], [ -35.752071178742199, -9.632586723625455 ], [ -35.752067940079499, -9.632636441274897 ], [ -35.752079318801592, -9.632692366725173 ], [ -35.752076058167596, -9.632739374089597 ], [ -35.752055456290698, -9.632781098870259 ], [ -35.752031183577103, -9.632819238990999 ], [ -35.7519904140932, -9.632843958386756 ], [ -35.751956207724596, -9.632892116114709 ], [ -35.751934688126497, -9.632932944726351 ], [ -35.751920378341396, -9.632964680947831 ], [ -35.751902485621201, -9.633003673649386 ], [ -35.751890687250004, -9.633008285210629 ], [ -35.751859778139895, -9.633013952705065 ], [ -35.751827289974102, -9.633049447874688 ], [ -35.751819250325397, -9.633068485251989 ], [ -35.751783796616095, -9.633075092487505 ], [ -35.751746412276304, -9.633068162789765 ], [ -35.751680520367202, -9.633026224468956 ], [ -35.751617344997598, -9.632982457475901 ], [ -35.751587075282899, -9.632954690792776 ], [ -35.751560439796698, -9.632925991622539 ], [ -35.751536535454704, -9.632897270674327 ], [ -35.751522586755101, -9.63286124242002 ], [ -35.751517256279101, -9.632877547718232 ], [ -35.751533921486093, -9.632911747332523 ], [ -35.751555116639196, -9.632943200359819 ], [ -35.751575342826001, -9.632967433209014 ], [ -35.751579020981197, -9.632971921308037 ], [ -35.751602939976202, -9.633002449102168 ], [ -35.751633173066601, -9.633025698638239 ], [ -35.751665197640598, -9.633045319926199 ], [ -35.751698125283006, -9.633064030521131 ], [ -35.751731074896696, -9.633085451401096 ], [ -35.7517666604505, -9.633095105907854 ], [ -35.751803971557692, -9.633093001311494 ], [ -35.751820299875092, -9.633085643147155 ], [ -35.751834072835692, -9.633099989089166 ], [ -35.751873255977699, -9.633104193961769 ], [ -35.751906984133598, -9.633109345829384 ], [ -35.751919810083102, -9.633119181862178 ], [ -35.7519437730693, -9.633155130210193 ], [ -35.751957817053601, -9.633202903027474 ], [ -35.751943058345695, -9.633291562552492 ], [ -35.751919476240204, -9.633302592520865 ], [ -35.751908500354098, -9.633296355672007 ], [ -35.751883707548402, -9.633270352311106 ], [ -35.751842901375596, -9.63329055457594 ], [ -35.751822240870695, -9.633325051924555 ], [ -35.751824361941601, -9.63336207799987 ], [ -35.751823590734006, -9.633379250419058 ], [ -35.751838559741898, -9.633428822828304 ], [ -35.751860870455701, -9.633485564573549 ], [ -35.751851185837005, -9.633526298771015 ], [ -35.751839680444796, -9.633567047508622 ], [ -35.751853695139296, -9.633611206601813 ], [ -35.751860441408802, -9.633657230653128 ], [ -35.7518636047432, -9.63371051118451 ], [ -35.751820089349394, -9.633733445528456 ], [ -35.751771992699695, -9.633752802466399 ], [ -35.751723896066096, -9.633772159388192 ], [ -35.751666644271502, -9.633785264937138 ], [ -35.751630389968014, -9.633805430867747 ], [ -35.751596161499201, -9.633850878310684 ], [ -35.751586498819599, -9.63389432280929 ], [ -35.751592988718492, -9.633908726847393 ], [ -35.751624256818403, -9.633947327384337 ], [ -35.751643741168003, -9.633992346344565 ], [ -35.751620466646003, -9.634041320367475 ], [ -35.751609849636893, -9.634079351550003 ], [ -35.751623695878592, -9.634102731770025 ], [ -35.7516419182666, -9.63410439337575 ], [ -35.751651381059595, -9.634148588803166 ], [ -35.751643583112504, -9.634197439347766 ], [ -35.751642209150006, -9.634252563059313 ], [ -35.751613399042697, -9.6342925463602 ], [ -35.751609271932395, -9.634344981580828 ], [ -35.751598750143501, -9.634394757342454 ], [ -35.751562612967099, -9.634429378169399 ], [ -35.751542936017202, -9.634472902558164 ], [ -35.751504053027496, -9.634505738301035 ], [ -35.751516078511798, -9.634529133061172 ], [ -35.751516232327795, -9.634548105072314 ], [ -35.751500858275399, -9.634560876552712 ], [ -35.751478252379002, -9.634580030132405 ], [ -35.751437563229494, -9.634614687259729 ], [ -35.751464403978602, -9.634668682422312 ], [ -35.751464587096002, -9.634691268159997 ], [ -35.751428259438896, -9.634702399809965 ], [ -35.751357468839309, -9.634730069153514 ], [ -35.7513096064121, -9.634778335815769 ], [ -35.751264753462401, -9.634860911015767 ], [ -35.751256052404706, -9.634910672267047 ], [ -35.751254487977008, -9.634942306829043 ], [ -35.751241779143697, -9.634946925646103 ], [ -35.751207001231201, -9.63492461585961 ], [ -35.751173360759502, -9.634930305127723 ], [ -35.7511653869756, -9.634957473375884 ], [ -35.751158609221797, -9.635019868121542 ], [ -35.751094520836304, -9.63508814094132 ], [ -35.751061827354008, -9.635098340090709 ], [ -35.751025843854002, -9.63515193291515 ], [ -35.750993348105503, -9.635186524665974 ], [ -35.750968194065607, -9.63522828576224 ], [ -35.750933635840298, -9.635233078847959 ], [ -35.750903929835999, -9.635274876249769 ], [ -35.750887901660008, -9.635319275020263 ], [ -35.750910102581003, -9.635362465381403 ], [ -35.750826939812093, -9.635436311253272 ], [ -35.750813635473904, -9.635479784810872 ], [ -35.750794883431702, -9.63552510879655 ], [ -35.750817084363398, -9.635568299162786 ], [ -35.750875591113399, -9.635597647616512 ], [ -35.750899517633798, -9.635629078861378 ], [ -35.750895529618703, -9.635698679271178 ], [ -35.750883855650301, -9.635718649130634 ], [ -35.750844943157503, -9.635747871137813 ], [ -35.750793822047704, -9.635731112613678 ], [ -35.750743779775604, -9.635735125709326 ], [ -35.750698304108298, -9.635740909352146 ], [ -35.7506471733832, -9.635835279964105 ], [ -35.750549334320006, -9.635895690541856 ], [ -35.750525002703299, -9.635926603211225 ], [ -35.750510031322101, -9.635989063327473 ], [ -35.750477286465795, -9.635992938438525 ], [ -35.7504629032534, -9.636015640366109 ], [ -35.750465934679397, -9.636052659221916 ], [ -35.750444429425997, -9.636095294700803 ], [ -35.750402792989803, -9.636125441892654 ], [ -35.750392095280496, -9.636153535358666 ], [ -35.750376801664096, -9.636176244546633 ], [ -35.750371610251911, -9.636209715030343 ], [ -35.750361976715396, -9.636256773271674 ], [ -35.750331345532892, -9.636296771066577 ], [ -35.750286977880897, -9.636326940035728 ], [ -35.750257308337396, -9.636373254579913 ], [ -35.750269494958893, -9.636416524849047 ], [ -35.750279008984997, -9.636467044341209 ], [ -35.750252929751696, -9.636507005833389 ], [ -35.7502405723396, -9.636554989289763 ], [ -35.750209023404999, -9.636594090914882 ], [ -35.750172549028207, -9.636587153891435 ], [ -35.750140633948803, -9.636581083992363 ], [ -35.750144421981609, -9.636599123559265 ], [ -35.750174713987604, -9.636629600598972 ], [ -35.750224954137501, -9.636649980167279 ], [ -35.750246796294299, -9.636648902481255 ], [ -35.750237133452195, -9.636692347004988 ], [ -35.750231097544003, -9.636733955625557 ], [ -35.750208637904798, -9.636771177787082 ], [ -35.750203453805796, -9.636805551704795 ], [ -35.750173476662397, -9.63681392217948 ], [ -35.750142523215807, -9.636814169038812 ], [ -35.750143580068205, -9.636832230386387 ], [ -35.750173791548399, -9.636852769685863 ], [ -35.750182190152003, -9.636878000390464 ], [ -35.750171485093404, -9.636905190429882 ], [ -35.750138710846898, -9.636905451812536 ], [ -35.750126331450303, -9.636950724981153 ], [ -35.750132174617903, -9.636997659798691 ], [ -35.750125301535, -9.637048309986644 ], [ -35.7500809118091, -9.637075768669183 ], [ -35.750059062298902, -9.637075942921941 ], [ -35.750023783848597, -9.637104232424687 ], [ -35.7500104647483, -9.637145899133479 ], [ -35.749982410878197, -9.637166903107309 ], [ -35.749961486402199, -9.637168876956181 ], [ -35.7499561777976, -9.637187892559144 ], [ -35.749961008041701, -9.637222186617505 ], [ -35.749965955451096, -9.637270935563723 ], [ -35.7499627385819, -9.637323363575403 ], [ -35.749982208414096, -9.637366575769866 ], [ -35.750020657457299, -9.637392470309724 ], [ -35.750018175246595, -9.637423208727631 ], [ -35.749990099390295, -9.637441502416557 ], [ -35.749946568743702, -9.63746262982429 ], [ -35.7499156957822, -9.637472814415704 ], [ -35.749900358157014, -9.637490103023099 ], [ -35.749897817355105, -9.63751361399876 ], [ -35.749897309708395, -9.637563309939779 ], [ -35.749905935333196, -9.637616546998037 ], [ -35.749918143971598, -9.637662527568638 ], [ -35.749931270336006, -9.637709404307678 ], [ -35.749953508010599, -9.637757111868407 ], [ -35.749973036467495, -9.637807551499783 ], [ -35.749977051542899, -9.637853597411034 ], [ -35.749965589846006, -9.63789976675697 ], [ -35.749944069823002, -9.637940595389734 ], [ -35.749951580031897, -9.637968543648235 ], [ -35.749981740362799, -9.63798275892529 ], [ -35.7499801465882, -9.638010779791832 ], [ -35.749962900273196, -9.63801724176361 ], [ -35.749962180280093, -9.638040738217105 ], [ -35.749979638973393, -9.638060475728629 ], [ -35.749993382838696, -9.638071207978465 ], [ -35.749972324189301, -9.638168952734294 ], [ -35.749979085127897, -9.638216783721102 ], [ -35.749949327561204, -9.638252257126274 ], [ -35.749930589988402, -9.638299387994318 ], [ -35.749904583860499, -9.638348383812124 ], [ -35.749913143630103, -9.638393489987783 ], [ -35.749898972696698, -9.638442391412688 ], [ -35.749871982923999, -9.638482360187858 ], [ -35.749877657704594, -9.638508516106652 ], [ -35.749901650345699, -9.638548078259671 ], [ -35.749905702066798, -9.638598641322833 ], [ -35.7498933885512, -9.638652045379651 ], [ -35.749860033286396, -9.638692968417642 ], [ -35.749859174150409, -9.638699299692517 ], [ -35.749869562061697, -9.638745294775813 ], [ -35.749866359875199, -9.638799529651893 ], [ -35.749803261622098, -9.638877732963872 ], [ -35.7497917925811, -9.638922998887312 ], [ -35.749759787095599, -9.639018120499898 ], [ -35.749735572423305, -9.639063488080549 ], [ -35.749632518934199, -9.639154658901573 ], [ -35.749601850865901, -9.639190139568909 ], [ -35.749577592224199, -9.639230086563032 ], [ -35.749522694784602, -9.639309127945227 ], [ -35.749505763288397, -9.639354437437259 ], [ -35.749468722370999, -9.63938996892637 ], [ -35.7494445296105, -9.639438046796288 ], [ -35.749441268795294, -9.639485054240815 ], [ -35.749407471678801, -9.639583804104795 ], [ -35.749385539091094, -9.639686073305349 ], [ -35.749351756599395, -9.639786630034678 ], [ -35.7493106542451, -9.639882727696353 ], [ -35.749294640438201, -9.639928933362791 ], [ -35.749279087978003, -9.640032055176537 ], [ -35.749264358045394, -9.640124328560084 ], [ -35.749261111871199, -9.640173142871918 ], [ -35.749249149770101, -9.640269911629481 ], [ -35.749226741142103, -9.640313457831901 ], [ -35.749204339832602, -9.640357907465285 ], [ -35.749180991497397, -9.640397847204614 ], [ -35.749149464149696, -9.6404396591513 ], [ -35.749114251232797, -9.640476079553332 ], [ -35.749078091287899, -9.640507990059101 ], [ -35.749087722600095, -9.640572964487928 ], [ -35.749063266116401, -9.640588518849318 ], [ -35.749045990362298, -9.640591367091316 ], [ -35.749031497086797, -9.640600517568757 ], [ -35.749027157415796, -9.640626753371675 ], [ -35.748996496502002, -9.640663137468076 ], [ -35.748956724190997, -9.6406986907354 ], [ -35.748936128998501, -9.640741318984443 ], [ -35.748922831704, -9.640785696013882 ], [ -35.7489095783436, -9.640835493630515 ], [ -35.748909092652397, -9.640887899897018 ], [ -35.748922924508996, -9.640909473339304 ], [ -35.748901440867002, -9.640954819144396 ], [ -35.748871675679105, -9.640989389118364 ], [ -35.748848349243794, -9.641032039150351 ], [ -35.748814010037194, -9.641063935130331 ], [ -35.748815711289801, -9.64116149843985 ], [ -35.748804308020702, -9.64121489526417 ], [ -35.748735666175598, -9.641283204381915 ], [ -35.748690731543796, -9.641355841888743 ], [ -35.748674922661202, -9.64142734364192 ], [ -35.748637925400892, -9.641468295712823 ], [ -35.748607286352005, -9.64150739009974 ], [ -35.748594010976298, -9.641554477429088 ], [ -35.748590742780998, -9.641600581467728 ], [ -35.748589720109194, -9.641699070004396 ], [ -35.748577333173294, -9.641743439781292 ], [ -35.748537458196097, -9.641766345006282 ], [ -35.748499440644494, -9.641793752865418 ], [ -35.748476084839197, -9.641832789173115 ], [ -35.748475577156, -9.641882485161183 ], [ -35.748492337984402, -9.641928429484372 ], [ -35.748488864757903, -9.641949237446653 ], [ -35.748434408536795, -9.641970451964667 ], [ -35.748421125812904, -9.642016635866508 ], [ -35.748409378340007, -9.642027571421997 ], [ -35.748390406157299, -9.642045792507501 ], [ -35.748384443326202, -9.642096435488938 ], [ -35.748383774549794, -9.642126255987556 ], [ -35.748363076728097, -9.642156236202473 ], [ -35.7483204997434, -9.642182776924894 ], [ -35.748282584639298, -9.642222832818986 ], [ -35.748234022823297, -9.642297306226183 ], [ -35.748197891911197, -9.642332830439862 ], [ -35.748170901720002, -9.642372799215481 ], [ -35.7481576116352, -9.642418079688943 ], [ -35.748087553835596, -9.642424059250194 ], [ -35.748074139269498, -9.64245398138511 ], [ -35.748087251128197, -9.642499051339499 ], [ -35.7480875366779, -9.642534285175168 ], [ -35.748062176921295, -9.642550750206938 ], [ -35.7480222944912, -9.642572751975559 ], [ -35.747995289621095, -9.642610913884436 ], [ -35.747997359382005, -9.642641616045484 ], [ -35.748000302948498, -9.642667793788455 ], [ -35.747996873625702, -9.642694022345941 ], [ -35.747987056768594, -9.642718494854686 ], [ -35.747952739295407, -9.642753101111195 ], [ -35.747919317585399, -9.642785893243447 ], [ -35.747885895868798, -9.642818685374209 ], [ -35.747851571053801, -9.64285238819426 ], [ -35.747814522312495, -9.642887016221351 ], [ -35.747713375953396, -9.642989013581246 ], [ -35.747678941287504, -9.643009164913813 ], [ -35.747649080650397, -9.643031990247195 ], [ -35.747616532692099, -9.643060257946685 ], [ -35.747577633790897, -9.64309128674973 ], [ -35.747518859500502, -9.643141447307119 ], [ -35.747489072046605, -9.643173306953742 ], [ -35.747452933646095, -9.643207927703001 ], [ -35.747423094936195, -9.643233463322076 ], [ -35.747353542025699, -9.643301779605848 ], [ -35.747328284656795, -9.643330892659712 ], [ -35.747303974300792, -9.643364515616206 ], [ -35.747261711843201, -9.643429903858447 ], [ -35.747241028496596, -9.643461690918045 ], [ -35.747223134955497, -9.643500683662422 ], [ -35.7472152999065, -9.643545017165009 ], [ -35.747211958374301, -9.643582086920381 ], [ -35.747198675469299, -9.643628270835055 ], [ -35.7471779847886, -9.643659154463256 ], [ -35.747146486233007, -9.64370458010157 ], [ -35.747125846785195, -9.643741787755586 ], [ -35.7471107796352, -9.643792503348802 ], [ -35.747101131061697, -9.643837754801954 ], [ -35.747084191832599, -9.643882160884841 ], [ -35.747065351244899, -9.643916643727136 ], [ -35.747040145055202, -9.643952080805388 ], [ -35.747026774283299, -9.643987423534112 ], [ -35.747013469390396, -9.644030897154835 ], [ -35.746996449625193, -9.644065365482044 ], [ -35.746983071527097, -9.644099804778921 ], [ -35.746976998727803, -9.64413689631246 ], [ -35.746953774393795, -9.644192194389971 ], [ -35.746939632273005, -9.644244709594561 ], [ -35.746933566790702, -9.644282704561576 ], [ -35.746923925516697, -9.644328859451599 ], [ -35.746915165379605, -9.644371393354371 ], [ -35.746905502143498, -9.644414837947592 ], [ -35.746889436696598, -9.644454719614565 ], [ -35.746876146423403, -9.644500000103957 ], [ -35.746872826813295, -9.644514699568763 ], [ -35.746867357001101, -9.644538920278046 ], [ -35.746846812654098, -9.64458787255915 ], [ -35.746825299323099, -9.644629604637844 ], [ -35.746806495285199, -9.644668604646267 ], [ -35.746788616303299, -9.644709404262347 ], [ -35.746772587437007, -9.644753803093824 ], [ -35.746752072350404, -9.644806369106496 ], [ -35.746719155422596, -9.644901498056889 ], [ -35.746706753584007, -9.644944060994534 ], [ -35.746691642443501, -9.644989356002853 ], [ -35.7466801729813, -9.645034621981566 ], [ -35.746667807737296, -9.645081702083399 ], [ -35.746659047573402, -9.645124235992402 ], [ -35.746652996710395, -9.645164037831213 ], [ -35.7466451689262, -9.645209274781179 ], [ -35.746638266202396, -9.645256311339164 ], [ -35.746630379856896, -9.645294320828516 ], [ -35.746618895746899, -9.645337779944313 ], [ -35.746608292776394, -9.645377618072214 ], [ -35.746598636826299, -9.6454219661062 ], [ -35.746591734099795, -9.645469002665751 ], [ -35.746583032490399, -9.645518764038865 ], [ -35.7465751607808, -9.645558580395225 ], [ -35.746566415249404, -9.645602921172868 ], [ -35.746565878155103, -9.645649003497434 ], [ -35.746564379398897, -9.645688769050841 ], [ -35.7465702072735, -9.645733891959438 ], [ -35.746570207942398, -9.645733897138562 ], [ -35.746555133377704, -9.645783709317394 ], [ -35.746542746156408, -9.645828079127334 ], [ -35.746533031639004, -9.645865199702826 ], [ -35.746527002732698, -9.645907711843844 ], [ -35.746513734365699, -9.645955702643345 ], [ -35.746501405700698, -9.646007299916381 ], [ -35.746496309176699, -9.646052515098727 ], [ -35.746491139450001, -9.646088695954093 ], [ -35.746485095901498, -9.646129401231013 ], [ -35.746475447260998, -9.646174652703044 ], [ -35.746469367110194, -9.646210840816826 ], [ -35.746463382123899, -9.646258773556324 ], [ -35.746459232626101, -9.646308498645819 ], [ -35.746455964271398, -9.646354602746626 ], [ -35.746451814775298, -9.646404327836436 ], [ -35.746447592075299, -9.646445018599033 ], [ -35.746447054995699, -9.646491100926365 ], [ -35.746451907258802, -9.64652810537833 ], [ -35.746459585965205, -9.646576832681015 ], [ -35.746470921015693, -9.646627337815753 ], [ -35.746481250477196, -9.64666610558217 ], [ -35.746492541612696, -9.646711190118127 ], [ -35.746502929648607, -9.646757185343755 ], [ -35.746516959389297, -9.646803151534693 ], [ -35.746530049426298, -9.646845511251723 ], [ -35.746537632989899, -9.646882493922462 ], [ -35.746538858220902, -9.646921334267573 ], [ -35.746534686790497, -9.646968349057619 ], [ -35.746532255679497, -9.647005411571612 ], [ -35.746529140941192, -9.647045545611787 ], [ -35.7465289580704, -9.647047901940134 ], [ -35.7465246475398, -9.647077751510347 ], [ -35.746517349491008, -9.647076002713858 ], [ -35.746479060359498, -9.647069983543707 ], [ -35.746464449620397, -9.647064679082968 ], [ -35.746447078320394, -9.647055782665864 ], [ -35.746428796595303, -9.647046893505957 ], [ -35.746414171215804, -9.647039782177155 ], [ -35.746372123252499, -9.647019337102373 ], [ -35.746327395259904, -9.647005237824711 ], [ -35.746313702270804, -9.647000829530926 ], [ -35.746308298280503, -9.647008100541335 ], [ -35.746314685902007, -9.64700985660099 ], [ -35.746358481507301, -9.647021252840096 ], [ -35.746399655648801, -9.647046222338636 ], [ -35.746441703616696, -9.647066667408639 ], [ -35.746483729625396, -9.647084402174064 ], [ -35.746495616409, -9.647090631841934 ], [ -35.746514881774907, -9.64710854806501 ], [ -35.746515850770194, -9.647115768267614 ], [ -35.746513207346403, -9.64712663123524 ], [ -35.746501650012895, -9.64716105603803 ], [ -35.746483792906297, -9.647204565977891 ], [ -35.746462257485703, -9.647243587788907 ], [ -35.7464516178933, -9.647278908766467 ], [ -35.7464374317683, -9.647326003403538 ], [ -35.746430499769794, -9.647369426241669 ], [ -35.746428986404702, -9.647407384932242 ], [ -35.746426577255903, -9.6474471577469 ], [ -35.746425959676998, -9.64748330231348 ], [ -35.746423638384798, -9.647533916320569 ], [ -35.746427682763397, -9.647583576083962 ], [ -35.746427153044394, -9.647630561842654 ], [ -35.746424765865299, -9.647673044955418 ], [ -35.746420587117399, -9.647719156316608 ], [ -35.746415424728497, -9.647756240609874 ], [ -35.746413000944393, -9.647794206559494 ], [ -35.746415187872095, -9.64783936367629 ], [ -35.7464246216189, -9.647879945557959 ], [ -35.7464349365111, -9.647916906448977 ], [ -35.746438011910598, -9.647959346007298 ], [ -35.746438752498399, -9.647963379258703 ], [ -35.7464456321323, -9.648000845837263 ], [ -35.746455983642697, -9.648042323889015 ], [ -35.746459037085003, -9.648082053147929 ], [ -35.746476613456601, -9.648116245662941 ], [ -35.7464905554396, -9.648151370645923 ], [ -35.746489100677898, -9.648196556795364 ], [ -35.746486735488695, -9.648241750204193 ], [ -35.746480670008395, -9.648279745189713 ], [ -35.746466564426797, -9.648336777595057 ], [ -35.746455080301295, -9.648380236733326 ], [ -35.746449000175197, -9.648416424854451 ], [ -35.746441113833704, -9.648454434359849 ], [ -35.746428682665311, -9.648493383595207 ], [ -35.746418116286797, -9.648537738907905 ], [ -35.746418445777898, -9.648578393377191 ], [ -35.746422468245193, -9.648625342836976 ], [ -35.746423671559498, -9.648661472883187 ], [ -35.746424882197196, -9.648698506361875 ], [ -35.746426158736099, -9.64874367073417 ], [ -35.746427405988094, -9.648785221375718 ], [ -35.7464314797231, -9.648838494862289 ], [ -35.746435487560696, -9.648883637454709 ], [ -35.746439575947292, -9.648938717805466 ], [ -35.746442622103103, -9.648977543628488 ], [ -35.746452136470396, -9.649028063256097 ], [ -35.7464625173386, -9.649073155027036 ], [ -35.746464675038894, -9.649114698406265 ], [ -35.746461428733497, -9.64916351280592 ], [ -35.746462727264401, -9.649211387472981 ], [ -35.746466742447296, -9.649257433494432 ], [ -35.746468892833001, -9.6492980734402 ], [ -35.746472864084396, -9.649338698865462 ], [ -35.746477745770108, -9.649379317030114 ], [ -35.746480611445797, -9.649423284251752 ], [ -35.746480865176999, -9.649427177175253 ], [ -35.746479366519303, -9.649466942728372 ], [ -35.746477838570897, -9.649503094551283 ], [ -35.746477250347496, -9.649542852844126 ], [ -35.746481316809898, -9.649595222890909 ], [ -35.746489854885894, -9.649637618877053 ], [ -35.746500199184794, -9.649678193476298 ], [ -35.746511417304497, -9.649714243651331 ], [ -35.746519940744797, -9.649754832769601 ], [ -35.746527517139008, -9.649790911985123 ], [ -35.746547053664102, -9.649842255163247 ], [ -35.7465499680482, -9.649864819193217 ], [ -35.746558776498603, -9.649897877703239 ], [ -35.746560297721594, -9.649903586921353 ], [ -35.746561486446502, -9.649937910094572 ], [ -35.746553460985098, -9.649958754388971 ], [ -35.746522108450499, -9.650022248791492 ], [ -35.746509655315293, -9.650058487742626 ], [ -35.746499045016499, -9.650097422469971 ], [ -35.7464946173451, -9.650112817126619 ], [ -35.746484763686496, -9.650132772510633 ], [ -35.746455878791295, -9.650163721560633 ], [ -35.746424291881496, -9.650198306121897 ], [ -35.746394489217792, -9.650228358997831 ], [ -35.746351000739296, -9.650254907050112 ], [ -35.746319303963702, -9.65027594011729 ], [ -35.746284853910694, -9.650294284665742 ], [ -35.746251299642211, -9.650310815086083 ], [ -35.746208648344897, -9.650328321538773 ], [ -35.746166011687393, -9.650347634852887 ], [ -35.746128866924202, -9.650370518334158 ], [ -35.746095356572695, -9.650392469340204 ], [ -35.746070091390095, -9.650420679035079 ], [ -35.7460484899118, -9.650451569988286 ], [ -35.746028709300695, -9.650482446421535 ], [ -35.745964256309698, -9.650618484057459 ], [ -35.745949093764693, -9.650657455087886 ], [ -35.745929415649499, -9.650700979581755 ], [ -35.745904230979598, -9.65073912703642 ], [ -35.745885404713704, -9.65077541680723 ], [ -35.745864845439499, -9.650822562292838 ], [ -35.745846958892201, -9.650862458536052 ], [ -35.745826319065202, -9.650899666259292 ], [ -35.745763547702296, -9.651018524152411 ], [ -35.745751939008898, -9.651046624950116 ], [ -35.745742151188502, -9.651074711228857 ], [ -35.745739493098803, -9.651083767337788 ], [ -35.745705760497103, -9.651190648298959 ], [ -35.7457032415277, -9.651216869636233 ], [ -35.745702536111402, -9.651242173021476 ], [ -35.745704588821098, -9.651383101318606 ], [ -35.745716512382998, -9.651393848139573 ], [ -35.745732041085795, -9.651400048755857 ], [ -35.745734823656697, -9.65140635100785 ], [ -35.745734896880798, -9.651415385338135 ], [ -35.745724962608598, -9.651425402958566 ], [ -35.745707774120298, -9.651439092388646 ], [ -35.745698750284696, -9.651449102749035 ], [ -35.745678022553498, -9.651475469279891 ], [ -35.7456267279928, -9.651549964590068 ], [ -35.7456177700521, -9.651568105847719 ], [ -35.7455962050919, -9.651603513968057 ], [ -35.745574669416399, -9.651642535820768 ], [ -35.745511956464703, -9.651768621191581 ], [ -35.745504848681399, -9.651790361663261 ], [ -35.7454809843844, -9.651879094120121 ], [ -35.745479383168693, -9.651906211634886 ], [ -35.745479463712009, -9.651916149400071 ], [ -35.745476041617493, -9.651943281433745 ], [ -35.745473742305499, -9.65199660577076 ], [ -35.745474137703901, -9.652045391163297 ], [ -35.745478489722601, -9.65213299514445 ], [ -35.745481433390005, -9.652159172927934 ], [ -35.745486080781596, -9.652170881261091 ], [ -35.745487166958299, -9.652192556397676 ], [ -35.745488472807303, -9.652241334529425 ], [ -35.745485763453097, -9.652244066608052 ], [ -35.745476681015596, -9.652246849504523 ], [ -35.745461225494395, -9.65224968321832 ], [ -35.7454439637362, -9.652254338317114 ], [ -35.745438530382202, -9.652257995607524 ], [ -35.745432223198804, -9.652266177323526 ], [ -35.7454286546592, -9.652275240693978 ], [ -35.745428742526499, -9.65228608189256 ], [ -35.745428662676893, -9.652288161707766 ], [ -35.745426487153701, -9.652344826830385 ], [ -35.745430348587007, -9.652371900788202 ], [ -35.745444915640498, -9.652371784633475 ], [ -35.745458601542701, -9.652375289470617 ], [ -35.745460481003803, -9.652382502416653 ], [ -35.745460649420004, -9.652403281379945 ], [ -35.745465348074006, -9.652421313744776 ], [ -35.745470905912299, -9.652433014817356 ], [ -35.745478248020298, -9.652440184204224 ], [ -35.745483725311402, -9.652441947511532 ], [ -35.745494643280701, -9.652440956960072 ], [ -35.745510164713096, -9.652446254140761 ], [ -35.745512961939696, -9.65245436325929 ], [ -35.745517587371197, -9.652463361291005 ], [ -35.745520369952899, -9.652469663543096 ], [ -35.7455204651476, -9.652481408173895 ], [ -35.745518666233494, -9.652484132993221 ], [ -35.7455086879947, -9.652488730018478 ], [ -35.745495060668496, -9.652492452650005 ], [ -35.745481521212895, -9.65250701647906 ], [ -35.745482482912294, -9.652513333251322 ], [ -35.745499759326798, -9.652510485013433 ], [ -35.745506110447003, -9.652507723894388 ], [ -35.745516110654293, -9.65250583716846 ], [ -35.7455288861211, -9.652509349261061 ], [ -35.745530743617003, -9.652513851906685 ], [ -35.745530838812492, -9.652525596537336 ], [ -35.745526323220197, -9.6525301500031 ], [ -35.745524568242296, -9.652538295421307 ], [ -35.745519398504101, -9.652574476306773 ], [ -35.745523113497001, -9.652583481597906 ], [ -35.745532261847096, -9.652588829595976 ], [ -35.745538700841898, -9.652596909673393 ], [ -35.745554302833696, -9.65261214461405 ], [ -35.7455653526197, -9.652627415854612 ], [ -35.745568164496099, -9.652637331838026 ], [ -35.7455738761251, -9.65266800500167 ], [ -35.745579419327001, -9.652677899204033 ], [ -35.745585050405495, -9.652698634603142 ], [ -35.745585152927696, -9.652711282666209 ], [ -35.745588067328598, -9.652733846712101 ], [ -35.745592663475492, -9.652739231008795 ], [ -35.745602722272899, -9.652744571743119 ], [ -35.7456054682442, -9.652746356828091 ], [ -35.745616444806799, -9.652752593734549 ], [ -35.745633853047401, -9.652766007281556 ], [ -35.745640292048598, -9.652774087355407 ], [ -35.745660570759, -9.652804644346221 ], [ -35.745662464875693, -9.652813664155191 ], [ -35.7456644249025, -9.652830814861183 ], [ -35.745664754453003, -9.652871469346572 ], [ -35.7456629848324, -9.652877807898932 ], [ -35.745653953645494, -9.652886914835387 ], [ -35.745638571333302, -9.652898782894994 ], [ -35.745624929348196, -9.652900698669715 ], [ -35.745612227098, -9.652906220915579 ], [ -35.745609525064502, -9.652909856429353 ], [ -35.745609627590007, -9.65292250449202 ], [ -35.745612410179298, -9.652928806741713 ], [ -35.745631536788792, -9.652929557702722 ], [ -35.745650700014899, -9.652934825827735 ], [ -35.745666236119398, -9.652941929860331 ], [ -35.745680876429098, -9.652950848018749 ], [ -35.745683673667003, -9.652958957133427 ], [ -35.745688394318599, -9.652979699788242 ], [ -35.745686697933699, -9.652995072670583 ], [ -35.745682196986593, -9.65300143300542 ], [ -35.745673209738897, -9.653015960541056 ], [ -35.745641827601297, -9.653075841245712 ], [ -35.745642840572394, -9.653088482047162 ], [ -35.745650226642205, -9.653101072023233 ], [ -35.745654888708103, -9.653114587214388 ], [ -35.745655894356702, -9.653126324582603 ], [ -35.745655923650801, -9.653129938314615 ], [ -35.745661422924798, -9.653134411914699 ], [ -35.745675116183499, -9.653138820166919 ], [ -35.745679705015199, -9.653143301027479 ], [ -35.745683427345902, -9.653153209746685 ], [ -35.745687230237095, -9.653173056228532 ], [ -35.745687347415696, -9.65318751115613 ], [ -35.745691633673204, -9.653266984213708 ], [ -35.745694584715004, -9.653294065419622 ], [ -35.745701016407196, -9.653301242055985 ], [ -35.745707492042499, -9.653313839289861 ], [ -35.745712991320595, -9.653318312888061 ], [ -35.745728549417201, -9.653328127211292 ], [ -35.7457422426845, -9.653332535458397 ], [ -35.745753175326698, -9.653333351756853 ], [ -35.745780459325793, -9.653329520187601 ], [ -35.745789475868797, -9.653318606379914 ], [ -35.745799439474595, -9.653312202475224 ], [ -35.7458402263089, -9.653289289891793 ], [ -35.745853882953895, -9.653289180970281 ], [ -35.745869389781497, -9.653292671256555 ], [ -35.745876709946593, -9.653297130328637 ], [ -35.745886739468006, -9.653298857317418 ], [ -35.745894999373597, -9.653306922858695 ], [ -35.745898699740295, -9.65331412127485 ], [ -35.745906137095801, -9.653333035270894 ], [ -35.745911797512598, -9.653357384386608 ], [ -35.745911907378598, -9.653370935878554 ], [ -35.745908419418399, -9.653389937013959 ], [ -35.7459067669935, -9.653410730491634 ], [ -35.7459067889667, -9.653413440790032 ], [ -35.745910467362002, -9.653417928907242 ], [ -35.745917802179498, -9.653424194843092 ], [ -35.745935247092397, -9.653442125525412 ], [ -35.745935364284897, -9.653456580449783 ], [ -35.7459318104057, -9.653467450690252 ], [ -35.745921031575001, -9.653485606487239 ], [ -35.745920187052199, -9.653493744644077 ], [ -35.7459230575489, -9.653510888081531 ], [ -35.745924799983094, -9.653512589512323 ], [ -35.745926542417294, -9.65351429094312 ], [ -35.745934988534302, -9.653522538303937 ], [ -35.745938113999493, -9.653525590219353 ], [ -35.745957932739195, -9.653544942575957 ], [ -35.745974408620299, -9.653555653053925 ], [ -35.745995480669201, -9.653571747816985 ], [ -35.746046824433598, -9.653615609340536 ], [ -35.746062441151793, -9.653632651103406 ], [ -35.746071662789902, -9.653647033403244 ], [ -35.746096523126404, -9.653681167760748 ], [ -35.746103857953401, -9.65368743369004 ], [ -35.746108483424401, -9.653696431704244 ], [ -35.746110406864901, -9.653709065236184 ], [ -35.746116008707503, -9.653726186881304 ], [ -35.746120590228294, -9.65372976429941 ], [ -35.746126970661294, -9.653730616894562 ], [ -35.746129643391093, -9.653723367646155 ], [ -35.746134158984397, -9.653718814170553 ], [ -35.746142331003902, -9.653716038510023 ], [ -35.746152338561593, -9.653715055189425 ], [ -35.746173300747202, -9.653717598447681 ], [ -35.746187052635896, -9.653729234131562 ], [ -35.746195371163601, -9.653744527121086 ], [ -35.746199981987097, -9.653751718268024 ], [ -35.7462073754212, -9.653765211654539 ], [ -35.746209291540801, -9.653776941752183 ], [ -35.7462103851229, -9.653799520303131 ], [ -35.746206853229502, -9.65381310084244 ], [ -35.746205186177498, -9.653832087451541 ], [ -35.746210685470302, -9.653836561037515 ], [ -35.746223475642402, -9.65384187995325 ], [ -35.746229892705401, -9.653847249708477 ], [ -35.746229980612902, -9.653858090898854 ], [ -35.746226404766603, -9.653866250843089 ], [ -35.746223768667001, -9.653878017254602 ], [ -35.746227439746697, -9.653881601933234 ], [ -35.746246654310703, -9.653893194034925 ], [ -35.746249444249401, -9.653900399706169 ], [ -35.746250435276593, -9.653910330200857 ], [ -35.746250530511098, -9.653922074823505 ], [ -35.746246983968, -9.653933848498058 ], [ -35.7462415432787, -9.653936602373372 ], [ -35.74622972947811, -9.653939407089211 ], [ -35.746212474987402, -9.653944965679688 ], [ -35.746210712703601, -9.653952207665775 ], [ -35.746209890167002, -9.653963056119139 ], [ -35.746215404113897, -9.653969336569466 ], [ -35.7462318653726, -9.653978240161823 ], [ -35.746254758350403, -9.653994320372055 ], [ -35.746262115165301, -9.654003296592681 ], [ -35.746264912431599, -9.654011405695931 ], [ -35.746268546884203, -9.654010473211104 ], [ -35.746281293108595, -9.654010371527676 ], [ -35.746284024442396, -9.654010349738309 ], [ -35.746291307999101, -9.654010291633218 ], [ -35.746361426882501, -9.654011539228751 ], [ -35.746375171464202, -9.654022271467429 ], [ -35.746420025013705, -9.654051728827541 ], [ -35.746442830086608, -9.654056967833029 ], [ -35.746461949423001, -9.65405681529729 ], [ -35.746507522936902, -9.654062776138902 ], [ -35.746533073997199, -9.654069800211099 ], [ -35.746561319758399, -9.654072285328057 ], [ -35.746595916650698, -9.654072009297902 ], [ -35.746728885505796, -9.654076369321633 ], [ -35.746830921224195, -9.654083686587759 ], [ -35.746861039163001, -9.654092481174164 ], [ -35.7468774271616, -9.654092350408927 ], [ -35.746955783995801, -9.654098953086729 ], [ -35.746981313075501, -9.65410326682642 ], [ -35.747005050578302, -9.654111208821957 ], [ -35.747020586754999, -9.654118312770112 ], [ -35.747036108276205, -9.654123609853567 ], [ -35.746966314538604, -9.654413412572513 ], [ -35.746915752226904, -9.654642679137465 ], [ -35.746904133143403, -9.654695493156021 ], [ -35.746890049404243, -9.65473704018725 ], [ -35.746890049404399, -9.654737040186975 ], [ -35.746904133142898, -9.654695493158581 ], [ -35.746915752227103, -9.654642679139416 ], [ -35.746966314539101, -9.65441341257263 ], [ -35.747036108276703, -9.654123609853565 ], [ -35.747045234702298, -9.65412624749877 ], [ -35.747079948836003, -9.654140426324952 ], [ -35.7471630997319, -9.654176805876984 ], [ -35.747192417162601, -9.654199159170288 ], [ -35.747217189699199, -9.654222452223513 ], [ -35.747244649606998, -9.654240302882718 ], [ -35.7472748848216, -9.654263552332607 ], [ -35.747325252422797, -9.65429928997065 ], [ -35.747351845871101, -9.654322568477276 ], [ -35.747450936126704, -9.654415740601694 ], [ -35.747465679151397, -9.654437306692069 ], [ -35.747475781994901, -9.654448067938191 ], [ -35.747499673447301, -9.654474981953044 ], [ -35.747524533981895, -9.654509116149317 ], [ -35.747571516402409, -9.654576502900644 ], [ -35.747599196253198, -9.654621456461749 ], [ -35.747623139035198, -9.654654694480621 ], [ -35.7476434327099, -9.65468705813675 ], [ -35.747668271289299, -9.654718482017339 ], [ -35.747690415187598, -9.654754444856851 ], [ -35.747750334517498, -9.654845219037247 ], [ -35.747791722419002, -9.654896387575809 ], [ -35.747803587535003, -9.654899906815386 ], [ -35.747824542449798, -9.654901546519518 ], [ -35.747872869383698, -9.654910195630446 ], [ -35.747903024060903, -9.654923507252628 ], [ -35.747924940737697, -9.654931463703088 ], [ -35.747963238107701, -9.654938385887597 ], [ -35.748001484163694, -9.654938984047284 ], [ -35.748108902094195, -9.654936319500766 ], [ -35.748128851253099, -9.654926221853163 ], [ -35.748190490282902, -9.654892300628592 ], [ -35.748228597021701, -9.654875733578708 ], [ -35.7482984447037, -9.654843553785483 ], [ -35.748324722968796, -9.654827984655885 ], [ -35.748364657913498, -9.654812306484104 ], [ -35.748383769930001, -9.654811250398284 ], [ -35.748422941069201, -9.654813648113198 ], [ -35.748447574413497, -9.654819775852745 ], [ -35.748478632197802, -9.654832176719687 ], [ -35.748519697549199, -9.654843594186904 ], [ -35.748532465777494, -9.654846202707686 ], [ -35.748553494008398, -9.654856876669035 ], [ -35.748607400919802, -9.654879936950739 ], [ -35.748645742278299, -9.654892279636503 ], [ -35.748695934086498, -9.654906334670857 ], [ -35.748730626332602, -9.654917803004301 ], [ -35.748733394334899, -9.654922298344264 ], [ -35.748733416331802, -9.654925008633928 ], [ -35.748725383654907, -9.654944949540756 ], [ -35.748719979647404, -9.654952220609252 ], [ -35.748766896347895, -9.655011476236453 ], [ -35.748780450362894, -9.654998719154998 ], [ -35.748795839935305, -9.654987754386713 ], [ -35.748810407057597, -9.654987638060838 ], [ -35.748835033081797, -9.654992862339254 ], [ -35.748844159533398, -9.654995499921984 ], [ -35.748844225534498, -9.655003630796188 ], [ -35.748833490861699, -9.655027207237268 ], [ -35.748830796196401, -9.655031746201402 ], [ -35.748827697089901, -9.655098629142854 ], [ -35.748828291105298, -9.655171807010776 ], [ -35.748829362893503, -9.655191675210677 ], [ -35.748831249785596, -9.655199791543504 ], [ -35.748840449579298, -9.655211463435533 ], [ -35.748844106032699, -9.65521324121255 ], [ -35.748856932947206, -9.655223077156826 ], [ -35.748862876511495, -9.655226191900622 ], [ -35.748868820075799, -9.655229306644438 ], [ -35.748918006154099, -9.655231624306227 ], [ -35.74895350621, -9.655230437306269 ], [ -35.7489735140134, -9.655227567050929 ], [ -35.749001664493903, -9.655218307342317 ], [ -35.749017993847097, -9.655210949015089 ], [ -35.749032480301899, -9.655200894939588 ], [ -35.749053354544003, -9.65519259682641 ], [ -35.749069713229801, -9.655188852223954 ], [ -35.749080653241798, -9.655190571824987 ], [ -35.749090741486697, -9.655199526143649 ], [ -35.749092650391297, -9.655210352766147 ], [ -35.749093678185695, -9.655224800376288 ], [ -35.749120462499498, -9.655271567877845 ], [ -35.749129684311001, -9.655285950049125 ], [ -35.7491370265505, -9.655293119317495 ], [ -35.749169060851791, -9.65531364370203 ], [ -35.749180947990695, -9.655319873184434 ], [ -35.749230486139396, -9.655365555444508 ], [ -35.749243342407397, -9.655379005087505 ], [ -35.749282740971104, -9.65540940901446 ], [ -35.749295575236999, -9.655420148367822 ], [ -35.749313886852399, -9.655432650946365 ], [ -35.749334959144797, -9.655448745424591 ], [ -35.749357830320804, -9.655462115071746 ], [ -35.749390731081498, -9.65547721157763 ], [ -35.7493999015634, -9.655485269718881 ], [ -35.749415474509199, -9.655496890677014 ], [ -35.749439204793298, -9.655503929031237 ], [ -35.749462971756202, -9.655515484534924 ], [ -35.749483912015101, -9.655515317264708 ], [ -35.749495755155003, -9.655516126146949 ], [ -35.749512223877396, -9.655525932966805 ], [ -35.749533252165499, -9.655536606850058 ], [ -35.749553436032699, -9.655555418875629 ], [ -35.7495617327506, -9.655568001439608 ], [ -35.749579214627097, -9.655590448999432 ], [ -35.749588363106895, -9.655595796850996 ], [ -35.7496231214582, -9.655615395928496 ], [ -35.749632365308301, -9.655632488363421 ], [ -35.749640155454301, -9.655638750549635 ], [ -35.749647945600294, -9.655645012735848 ], [ -35.749661675658295, -9.655653937935291 ], [ -35.749687285540304, -9.655668189161208 ], [ -35.749700119821895, -9.655678928493721 ], [ -35.749713945255301, -9.655699598276536 ], [ -35.749732308252405, -9.655718424833063 ], [ -35.749744254103597, -9.655731881723343 ], [ -35.749756148599104, -9.655739014604395 ], [ -35.749780032970904, -9.655765024949854 ], [ -35.749800209528303, -9.655782933524721 ], [ -35.749839674213, -9.65582146822697 ], [ -35.749856245677805, -9.655843923039253 ], [ -35.749880056691907, -9.655860899080599 ], [ -35.749896496091999, -9.655867092154866 ], [ -35.749925681749495, -9.655873183392574 ], [ -35.7499475398131, -9.655873912242509 ], [ -35.749966651855601, -9.655872856052557 ], [ -35.750000235665901, -9.65585993889089 ], [ -35.750027490369796, -9.655852493221627 ], [ -35.750083886695897, -9.655845718200304 ], [ -35.750119460151097, -9.655853565353475 ], [ -35.750145092071698, -9.655870526822207 ], [ -35.750017522326999, -9.656150494473064 ], [ -35.749979895128696, -9.656233072033631 ], [ -35.749939330474398, -9.656322096206313 ], [ -35.749923388955892, -9.656357081848904 ], [ -35.749923388956041, -9.656357081848974 ], [ -35.749939330474795, -9.656322096206496 ], [ -35.749979895129698, -9.656233072034095 ], [ -35.750017522328598, -9.656150494473774 ], [ -35.750145092075797, -9.655870526822495 ], [ -35.750156993912597, -9.65587856311604 ], [ -35.750167126233094, -9.655892937963554 ], [ -35.750183763754301, -9.655923523618808 ], [ -35.750184953035699, -9.655957846665585 ], [ -35.750189754760299, -9.655988526888047 ], [ -35.750244733796293, -9.656031454999166 ], [ -35.750324170169698, -9.656058828361905 ], [ -35.750377005440903, -9.656062020112707 ], [ -35.750400669728101, -9.656060927518732 ], [ -35.750413430664203, -9.656062632518616 ], [ -35.750414275059498, -9.656054494379225 ], [ -35.750418783261296, -9.65604903742139 ], [ -35.750430633752899, -9.65605074969989 ], [ -35.750435244690898, -9.656057940753792 ], [ -35.750442594314499, -9.656066013412989 ], [ -35.7504840932612, -9.656018700414636 ], [ -35.750563904342101, -9.655980116116474 ], [ -35.750614125683398, -9.655997784523889 ], [ -35.750660962110096, -9.656047102038462 ], [ -35.750681527113599, -9.656049047076296 ], [ -35.7507402370317, -9.656054599859797 ], [ -35.750762043715504, -9.65604900464459 ], [ -35.750814695836802, -9.655917578138737 ], [ -35.750828191061601, -9.655897593555476 ], [ -35.750830893041801, -9.655893958009795 ], [ -35.750887120515401, -9.65586640398452 ], [ -35.750965969669004, -9.655821502894888 ], [ -35.751049400379799, -9.65578017912183 ], [ -35.751138213004197, -9.655728873952153 ], [ -35.7512044332926, -9.655698529556611 ], [ -35.751257136355093, -9.655685459466584 ], [ -35.751299068220099, -9.655691448701081 ], [ -35.751332806084697, -9.655697503424932 ], [ -35.751384767524904, -9.655705219449322 ], [ -35.751410282017503, -9.655707725952789 ], [ -35.751456729408901, -9.655709161624761 ], [ -35.751488617013003, -9.655711617177758 ], [ -35.751507890520294, -9.655730436334805 ], [ -35.751535277293002, -9.655739252268503 ], [ -35.75156228230901, -9.655701089929327 ], [ -35.751576592484099, -9.655669353478551 ], [ -35.7516018059735, -9.655634819406377 ], [ -35.751618906206701, -9.655610288557583 ], [ -35.751638671705798, -9.655577605012132 ], [ -35.751647548567099, -9.655549525942941 ], [ -35.751660838172704, -9.655504245354575 ], [ -35.751680691749698, -9.655482402947614 ], [ -35.751685082465293, -9.655462491132349 ], [ -35.751692241217491, -9.655447074627727 ], [ -35.751692241215196, -9.655447074625583 ], [ -35.751714635246003, -9.655401721244873 ], [ -35.7517535714437, -9.655375208848762 ], [ -35.751812625497401, -9.655359377456405 ], [ -35.751855306238099, -9.655345483924551 ], [ -35.751879800122794, -9.655334446256891 ], [ -35.751922400091402, -9.655310615015885 ], [ -35.751948523959797, -9.655276073652944 ], [ -35.751960183521398, -9.655254296752281 ], [ -35.751964552190501, -9.655231674654063 ], [ -35.751975271940104, -9.655206291320376 ], [ -35.751986938832893, -9.655185417846539 ], [ -35.751986711236093, -9.655157411572729 ], [ -35.751992056423404, -9.655142913048717 ], [ -35.7520247809842, -9.655136327004515 ], [ -35.752059370485298, -9.655135146972791 ], [ -35.752080097754899, -9.65510878013194 ], [ -35.752085516354498, -9.655103315890267 ], [ -35.752105384577099, -9.655083280332644 ], [ -35.752132338096196, -9.655038793979228 ], [ -35.752189791427, -9.654938047591431 ], [ -35.752220489489105, -9.654906180116535 ], [ -35.752249190441596, -9.65485264492524 ], [ -35.752270813443097, -9.654824463949442 ], [ -35.752293390933403, -9.6548016962603 ], [ -35.752315931710292, -9.654774411437137 ], [ -35.752332121414, -9.654749887849407 ], [ -35.752358252549399, -9.654716249906128 ], [ -35.752379890220496, -9.654689875791091 ], [ -35.752401403053497, -9.654648143391807 ], [ -35.752421109689003, -9.654608232415908 ], [ -35.752445324472802, -9.654562864472524 ], [ -35.752467637595899, -9.654507573382663 ], [ -35.752491867056399, -9.654464012292898 ], [ -35.752512491460294, -9.654424997462501 ], [ -35.752536669502298, -9.654375112385081 ], [ -35.752559959136498, -9.654327944862297 ], [ -35.752577764089892, -9.654278110739916 ], [ -35.752597456005901, -9.654236392910422 ], [ -35.752617118546901, -9.654191061366562 ], [ -35.752635892673098, -9.654148447384449 ], [ -35.752660122090802, -9.654104886294691 ], [ -35.752702244551202, -9.654022332218497 ], [ -35.752723764665497, -9.653981503253146 ], [ -35.752770365870596, -9.65388987850225 ], [ -35.7528123340823, -9.653788352448846 ], [ -35.7528427309284, -9.653719444432047 ], [ -35.752873920711998, -9.653636074290752 ], [ -35.752915139873799, -9.653442398638832 ], [ -35.752918311666399, -9.653384550162201 ], [ -35.752917959203003, -9.653341185639803 ], [ -35.752917702195695, -9.653309565680154 ], [ -35.752917188188, -9.653246325753724 ], [ -35.752957342792492, -9.653145717704055 ], [ -35.752996366651395, -9.653018014110105 ], [ -35.753020911633904, -9.652901268124856 ], [ -35.753020757342398, -9.652770263870904 ], [ -35.753019171367704, -9.652687155828911 ], [ -35.753020346072098, -9.652607639657303 ], [ -35.753051293475202, -9.652494456431361 ], [ -35.753061675331097, -9.652427515443154 ], [ -35.753093966314097, -9.652255594883567 ], [ -35.753090229116701, -9.652243879446129 ], [ -35.753096499360801, -9.652231180501524 ], [ -35.753102710869399, -9.652211254142443 ], [ -35.753102519957402, -9.652187765031204 ], [ -35.7531075787196, -9.652138032847443 ], [ -35.753120589085498, -9.652058422039948 ], [ -35.753128621454103, -9.652038481118222 ], [ -35.753141000398202, -9.651993207832133 ], [ -35.753165053445095, -9.651927964513261 ], [ -35.753178526385796, -9.651905269630278 ], [ -35.753193893613002, -9.651891594466973 ], [ -35.753206602969698, -9.651886975408583 ], [ -35.753233629615899, -9.651851523344632 ], [ -35.753288519883206, -9.651771577667308 ], [ -35.753302844496901, -9.651741648088542 ], [ -35.753359122374398, -9.651608385645542 ], [ -35.753385135746299, -9.651560292880481 ], [ -35.753491802988599, -9.651353445147338 ], [ -35.753644248567298, -9.651065821116228 ], [ -35.753670357338201, -9.651029472899655 ], [ -35.753676656921598, -9.651020387669412 ], [ -35.753680254582797, -9.651014937983266 ], [ -35.753714469099002, -9.650967683120172 ], [ -35.753729814239698, -9.650951297669302 ], [ -35.753765012612504, -9.650913069792974 ], [ -35.753850820558498, -9.650828359423551 ], [ -35.753903265668498, -9.650783669221433 ], [ -35.7539376784136, -9.650760806875024 ], [ -35.754015505381005, -9.650702361393577 ], [ -35.754032649323896, -9.650683251092509 ], [ -35.754112906429597, -9.650587743260855 ], [ -35.754142598077905, -9.65054413849025 ], [ -35.754150711154395, -9.650534135270547 ], [ -35.754166041568496, -9.65051594295182 ], [ -35.754200358793497, -9.650481336042628 ], [ -35.754232032860301, -9.650457592106248 ], [ -35.754276320720898, -9.650417484534485 ], [ -35.754316937486493, -9.650373792387924 ], [ -35.754442377999098, -9.65023636282104 ], [ -35.7544983251004, -9.650174478341494 ], [ -35.7545217905705, -9.650148993069202 ], [ -35.754546195845499, -9.650127114222801 ], [ -35.754561570289894, -9.650114342457789 ], [ -35.754621188443302, -9.650056042545877 ], [ -35.754645556976499, -9.650029646558318 ], [ -35.754659984256193, -9.650012364947717 ], [ -35.754687979811195, -9.649984132981229 ], [ -35.7547268564105, -9.64995039306368 ], [ -35.754865094005197, -9.64981918546026 ], [ -35.754914836921998, -9.64977813073091 ], [ -35.754941114418592, -9.649762561280992 ], [ -35.754977421293496, -9.649748718575788 ], [ -35.755088089287298, -9.649698141608084 ], [ -35.755114352071502, -9.649680765304563 ], [ -35.7552528685532, -9.649583887798554 ], [ -35.755282692214003, -9.649556544660573 ], [ -35.755295372053098, -9.649548311859308 ], [ -35.755340643556295, -9.649517231195826 ], [ -35.755531766186003, -9.649395538663532 ], [ -35.755596127173199, -9.649360691306473 ], [ -35.755780986840101, -9.649252601060001 ], [ -35.755819899974298, -9.649223378198052 ], [ -35.755910991883297, -9.649149098150733 ], [ -35.755928438161597, -9.649134871745856 ], [ -35.755981749043698, -9.649084753537551 ], [ -35.756023386058303, -9.6490546053834 ], [ -35.756120272329007, -9.648988779237294 ], [ -35.756149295656904, -9.64897499472568 ], [ -35.756174625853198, -9.648954915373121 ], [ -35.756226255447295, -9.648921976794014 ], [ -35.756261629677297, -9.648905430997029 ], [ -35.7562970627, -9.64889611260023 ], [ -35.756383427963598, -9.64888006221887 ], [ -35.756418016694397, -9.648878881923268 ], [ -35.756528199920098, -9.648880710563821 ], [ -35.756581973669398, -9.648887508058941 ], [ -35.756608471474301, -9.648899041270601 ], [ -35.756661415651301, -9.648915783720529 ], [ -35.756898823864297, -9.648999714424345 ], [ -35.756991092652697, -9.649037825635395 ], [ -35.757124506919595, -9.649097291037753 ], [ -35.757162928467899, -9.649119570549809 ], [ -35.757216849263003, -9.649144436417032 ], [ -35.757289015285899, -9.649173673634845 ], [ -35.757352906638097, -9.649193038761039 ], [ -35.757390285451599, -9.649199063886142 ], [ -35.757451327914197, -9.649203996070199 ], [ -35.757499565628393, -9.64920180289964 ], [ -35.757524080886398, -9.649193475269934 ], [ -35.757560431634701, -9.649185052883125 ], [ -35.757589557821099, -9.649183916197034 ], [ -35.757637751412297, -9.649176302458516 ], [ -35.757657721894304, -9.649168914697919 ], [ -35.757703147453597, -9.649156805705006 ], [ -35.757722266334, -9.649156652618796 ], [ -35.757765922508902, -9.649150882161917 ], [ -35.757818675559903, -9.649144135379359 ], [ -35.757842221545395, -9.649128587630795 ], [ -35.757861281597499, -9.649121207151538 ], [ -35.7579002827068, -9.649102825197316 ], [ -35.758095317592399, -9.649014529076425 ], [ -35.758126124867296, -9.648996212718357 ], [ -35.758141535861, -9.648987957959003 ], [ -35.758146065910296, -9.648985211236264 ], [ -35.758175933351701, -9.648963288473702 ], [ -35.758218524626898, -9.648938553363728 ], [ -35.758232158890699, -9.648935733727862 ], [ -35.758300374339697, -9.648927056088034 ], [ -35.758340440248794, -9.648927638701336 ], [ -35.758441541175294, -9.648932249907842 ], [ -35.7584570624729, -9.648937546493558 ], [ -35.758486240085098, -9.648942733702414 ], [ -35.758529044615493, -9.648944197841487 ], [ -35.758636474350595, -9.648943337403754 ], [ -35.758663831131202, -9.648948539182411 ], [ -35.758714858863897, -9.648953551361254 ], [ -35.7587813196266, -9.648953019018368 ], [ -35.7588359963963, -9.648958905434496 ], [ -35.758855225580497, -9.648972303636302 ], [ -35.758885379817897, -9.648985614326651 ], [ -35.758916326793099, -9.648984462949562 ], [ -35.758969035607009, -9.648972295463521 ], [ -35.758997933697401, -9.648943152553558 ], [ -35.759010650171398, -9.648939436757953 ], [ -35.759062455908001, -9.648928179980071 ], [ -35.759085238502102, -9.648930707920609 ], [ -35.759112617340705, -9.648938619929774 ], [ -35.7591199007094, -9.648938561586428 ], [ -35.759130825762497, -9.648938474067837 ], [ -35.759151802230399, -9.648942823431781 ], [ -35.759162793493005, -9.648950866718813 ], [ -35.759171104983892, -9.648965255844592 ], [ -35.759193168423799, -9.648991280063619 ], [ -35.759202272638305, -9.648991207129088 ], [ -35.759262198590108, -9.64897085045132 ], [ -35.759276787392601, -9.648973444016525 ], [ -35.759285017968807, -9.64897789549023 ], [ -35.759296912294396, -9.648985028054859 ], [ -35.759319716960796, -9.648990266247299 ], [ -35.759333395347497, -9.648992867108095 ], [ -35.7593525509768, -9.648997231048957 ], [ -35.759368945912698, -9.648998003176496 ], [ -35.759388989892699, -9.648999649555609 ], [ -35.759400832721298, -9.649000458153973 ], [ -35.759422690180102, -9.649001186522225 ], [ -35.759434525656097, -9.649001091700933 ], [ -35.7594700173644, -9.648999000376271 ], [ -35.759476382950503, -9.648998045894574 ], [ -35.759497300561598, -9.648995167858331 ], [ -35.759518196100501, -9.648989579555918 ], [ -35.7595381444319, -9.648979481429324 ], [ -35.759545413088198, -9.648977616225231 ], [ -35.759560860809401, -9.648973878528595 ], [ -35.759573599348499, -9.648972872984892 ], [ -35.759578151448601, -9.648972836514066 ], [ -35.759583650763297, -9.648977309860285 ], [ -35.759590045781394, -9.648979969064408 ], [ -35.759612806303295, -9.648979786703155 ], [ -35.759624641772092, -9.64897969186757 ], [ -35.759664700285903, -9.648979370904303 ], [ -35.759684707474101, -9.648976500149374 ], [ -35.759692886546098, -9.648974627649695 ], [ -35.7597192151689, -9.648965381873634 ], [ -35.759737335287703, -9.648954394911426 ], [ -35.759756336397295, -9.648939786953516 ], [ -35.759767158435004, -9.648927051502422 ], [ -35.759776159634001, -9.648914330635387 ], [ -35.759789683493899, -9.648897959604565 ], [ -35.759804154568599, -9.64888609839077 ], [ -35.759815020750594, -9.648878783472004 ], [ -35.759829550689098, -9.648874149637004 ], [ -35.759843199636798, -9.648873136790577 ], [ -35.759863243602496, -9.648874783141164 ], [ -35.759874271656798, -9.648887343512309 ], [ -35.759889888610104, -9.648904384518135 ], [ -35.759913714067395, -9.648923166710118 ], [ -35.759940256066699, -9.648940120168822 ], [ -35.759960425127197, -9.64895712468954 ], [ -35.759985131575398, -9.648972285892963 ], [ -35.760004368140898, -9.648986587443133 ], [ -35.760028149453795, -9.648999949088509 ], [ -35.760043729622396, -9.649012472967435 ], [ -35.760054742978596, -9.649023226484974 ], [ -35.760073076488098, -9.649038438750399 ], [ -35.760092320420398, -9.649053643713099 ], [ -35.760108818378896, -9.649067063716091 ], [ -35.760132636490695, -9.649084942467006 ], [ -35.760152783493297, -9.649099236707297 ], [ -35.760173870350712, -9.649117137337866 ], [ -35.760199479883404, -9.649131387797485 ], [ -35.760224186345901, -9.649146548972386 ], [ -35.760235177629802, -9.649154592216608 ], [ -35.760255339359098, -9.649170693296263 ], [ -35.760268180920697, -9.649182335628025 ], [ -35.760279201643797, -9.6491939925581 ], [ -35.760302990337898, -9.649208257601762 ], [ -35.760320457611705, -9.649228897673719 ], [ -35.760333335972199, -9.649245057110976 ], [ -35.760346221699699, -9.649262119975047 ], [ -35.760357271868997, -9.649277390590953 ], [ -35.760370120804701, -9.64928993634239 ], [ -35.760386618777396, -9.649303356331115 ], [ -35.760404041899598, -9.649318575863623 ], [ -35.7604278526873, -9.649335551159188 ], [ -35.7604489616526, -9.64935616202737 ], [ -35.760470944241895, -9.649372248494448 ], [ -35.760492934191006, -9.649389238374061 ], [ -35.760511267743198, -9.649404450603852 ], [ -35.7605341754821, -9.649422336607543 ], [ -35.760554307793598, -9.649434823965718 ], [ -35.760576312476502, -9.649453620684678 ], [ -35.760604697465006, -9.649473269747071 ], [ -35.760625777012599, -9.649490266915157 ], [ -35.760645931410593, -9.64950546453233 ], [ -35.760666100535303, -9.649522468996018 ], [ -35.760682613256094, -9.649537695802714 ], [ -35.760700924743297, -9.649550197752053 ], [ -35.7607210644289, -9.649563588522778 ], [ -35.760736629927997, -9.649574305519554 ], [ -35.7607485022099, -9.649578727753825 ], [ -35.760757665316895, -9.649585882141045 ], [ -35.760761336447494, -9.649589466637378 ], [ -35.760774133871898, -9.649595688415426 ], [ -35.760789728817194, -9.649610019090908 ], [ -35.760802548335199, -9.649618951135105 ], [ -35.760814472149796, -9.649629697314261 ], [ -35.7608300302891, -9.649639510884217 ], [ -35.760838312419409, -9.649650286259995 ], [ -35.760851161383599, -9.649662831982901 ], [ -35.760868599261094, -9.64967985832623 ], [ -35.760888753687702, -9.649695055922029 ], [ -35.760906176845609, -9.649710275418869 ], [ -35.760914436896599, -9.64971834052848 ], [ -35.760939165516803, -9.649736211891069 ], [ -35.760959319943403, -9.649751409486891 ], [ -35.760975803239297, -9.649763022586352 ], [ -35.760988630124196, -9.649772858043082 ], [ -35.761004239810397, -9.649788995550791 ], [ -35.761015282662697, -9.649803362704228 ], [ -35.761029049423904, -9.64981680454409 ], [ -35.761049152324901, -9.649825678180765 ], [ -35.761067419660499, -9.649832759569259 ], [ -35.761082941008105, -9.649838056012339 ], [ -35.761102148219997, -9.64984874379109 ], [ -35.7611369356719, -9.649871955370301 ], [ -35.761147926998603, -9.649879998571745 ], [ -35.761150680346603, -9.649882686936872 ], [ -35.761160790703798, -9.649894351126871 ], [ -35.761165401710599, -9.649901541999197 ], [ -35.761181921834002, -9.64991767218989 ], [ -35.761202068922195, -9.649931966344631 ], [ -35.761225006171394, -9.649953465969993 ], [ -35.761245190079897, -9.649972277223092 ], [ -35.7612635089625, -9.649985682549335 ], [ -35.761276321135, -9.649993711145333 ], [ -35.761294610571397, -9.650003502778597 ], [ -35.761312929461198, -9.650016908104821 ], [ -35.761333032383604, -9.650025781720116 ], [ -35.761350418763996, -9.650036484068655 ], [ -35.761370536405906, -9.650047164523286 ], [ -35.761389706818996, -9.650053335175132 ], [ -35.761411608500595, -9.650059483918817 ], [ -35.761425309009496, -9.650064794938784 ], [ -35.761441718700596, -9.650067373798706 ], [ -35.761453568917496, -9.650069085738314 ], [ -35.7614699712488, -9.650070761178544 ], [ -35.7614891490216, -9.650077835235809 ], [ -35.761509244584197, -9.650085805417152 ], [ -35.7615229156469, -9.650087502751298 ], [ -35.761532049329006, -9.650091043431296 ], [ -35.761541175637007, -9.650093680691608 ], [ -35.761547570690702, -9.650096339852958 ], [ -35.761549435716496, -9.650101745772714 ], [ -35.761549479896594, -9.650107166297886 ], [ -35.761549531436394, -9.650113490249872 ], [ -35.761559671268401, -9.650128768097192 ], [ -35.761582564373299, -9.650144847161702 ], [ -35.761603658726003, -9.650163651083563 ], [ -35.761619253728298, -9.65017798170912 ], [ -35.761624760445599, -9.650183358432225 ], [ -35.761644004506294, -9.650198563266578 ], [ -35.761657793389602, -9.65021471532979 ], [ -35.761672514796395, -9.650233570356447 ], [ -35.761678065700899, -9.650244367604733 ], [ -35.7616918030444, -9.650254195715966 ], [ -35.761700055757004, -9.650261357377385 ], [ -35.761707383327099, -9.65026671949504 ], [ -35.761718396768899, -9.650277472927007 ], [ -35.761740320551198, -9.650286331908303 ], [ -35.761756781803498, -9.650295234698815 ], [ -35.761776862653697, -9.650301398012289 ], [ -35.7618033532843, -9.650312027326443 ], [ -35.761822538445394, -9.650320004781987 ], [ -35.761840798449796, -9.650326182700898 ], [ -35.761860886666902, -9.650333249434039 ], [ -35.761876430129398, -9.650341256093345 ], [ -35.761901099921403, -9.650351899998702 ], [ -35.761921188138501, -9.650358966724705 ], [ -35.761943097201296, -9.650366018852393 ], [ -35.761961371939499, -9.650374003596394 ], [ -35.761988773007296, -9.650384625593579 ], [ -35.762014338495398, -9.650393455342588 ], [ -35.762038068404003, -9.65040049285771 ], [ -35.762059059684198, -9.650406648854192 ], [ -35.762077319695699, -9.650412826751701 ], [ -35.762099250859301, -9.650422589124148 ], [ -35.762119339083497, -9.650429655843022 ], [ -35.762135778249302, -9.650435848338873 ], [ -35.762154948690892, -9.650442018933653 ], [ -35.762162261534399, -9.650445574197704 ], [ -35.762177775550704, -9.650449967156913 ], [ -35.762195147232902, -9.650458862616178 ], [ -35.762201557020497, -9.650463328602616 ], [ -35.762210690716799, -9.650466869261221 ], [ -35.762216175347696, -9.650469535703898 ], [ -35.762217996193399, -9.650469521098453 ], [ -35.762228055039301, -9.650474861293661 ], [ -35.762466906923898, -9.650400666989169 ], [ -35.762467002679401, -9.650412411452074 ], [ -35.762472612540492, -9.650430436043516 ], [ -35.762478207667904, -9.650446653788455 ], [ -35.762479309616097, -9.650470135411556 ], [ -35.762483098631499, -9.650488174608434 ], [ -35.762499670401596, -9.650510628651297 ], [ -35.762518921872001, -9.650526736848271 ], [ -35.762536300935494, -9.650536535705815 ], [ -35.762556352339395, -9.650539085283526 ], [ -35.762579112904092, -9.650538902694036 ], [ -35.762602783898899, -9.650538712801822 ], [ -35.7626237236178, -9.650538544817779 ], [ -35.7626373799609, -9.650538435262664 ], [ -35.762651946719799, -9.650538318397674 ], [ -35.7626719833899, -9.650539061136039 ], [ -35.762700206491893, -9.650538834715947 ], [ -35.762723062826403, -9.650550396575108 ], [ -35.762742240642005, -9.650557470553917 ], [ -35.762768694466502, -9.650563582677 ], [ -35.762796088181602, -9.650573301168931 ], [ -35.762821690525698, -9.650586647952135 ], [ -35.762841808238903, -9.650597328299797 ], [ -35.7628601050993, -9.650608023252897 ], [ -35.7628765811139, -9.650618732811457 ], [ -35.762892183547301, -9.650633966778241 ], [ -35.762901405660898, -9.650648348451558 ], [ -35.7629096805098, -9.650658220329193 ], [ -35.762919849880795, -9.650677111798155 ], [ -35.762928161564297, -9.650691500774197 ], [ -35.762930951775296, -9.650698706223425 ], [ -35.762941091678599, -9.650713984006567 ], [ -35.762953030327004, -9.6507265369252 ], [ -35.762974272131899, -9.650763409133603 ], [ -35.763004009843009, -9.650837255809925 ], [ -35.763022778278199, -9.650905769622272 ], [ -35.763029475439296, -9.650945468961801 ], [ -35.763033198181098, -9.650955377360207 ], [ -35.763035210602098, -9.650978851666325 ], [ -35.763035409537103, -9.651003244004697 ], [ -35.763026541085097, -9.651032226490086 ], [ -35.763020359693094, -9.651055766542111 ], [ -35.763017746309295, -9.651070243179351 ], [ -35.7630170127279, -9.651091932561423 ], [ -35.763016249664503, -9.651110008264791 ], [ -35.763015486608396, -9.651128083968151 ], [ -35.763015641334796, -9.651147055781339 ], [ -35.763015832910092, -9.651170544700046 ], [ -35.763016883332703, -9.651187702371161 ], [ -35.763017038066295, -9.651206674191467 ], [ -35.7630171633323, -9.651222032325965 ], [ -35.763017281224201, -9.651236487047901 ], [ -35.763018353747597, -9.651256354978038 ], [ -35.763024837247002, -9.651269855139844 ], [ -35.763031291264497, -9.651279741622947 ], [ -35.763041453304204, -9.651297729657966 ], [ -35.763050682813102, -9.651313014743819 ], [ -35.763055286517201, -9.651319302153659 ], [ -35.763062695173303, -9.651334601844964 ], [ -35.763070089095599, -9.651348094704048 ], [ -35.763078341865203, -9.65135525630842 ], [ -35.763090258441402, -9.651365098953777 ], [ -35.763103988496304, -9.651374023566891 ], [ -35.763114994649598, -9.651383873522114 ], [ -35.763125993428794, -9.651392820050512 ], [ -35.7631351639954, -9.651400877771842 ], [ -35.763143402031197, -9.651406232536852 ], [ -35.763152579964697, -9.651415193677852 ], [ -35.763161750531296, -9.651423251399157 ], [ -35.763174562796408, -9.651431279895307 ], [ -35.763187382428498, -9.651440211811153 ], [ -35.7632038290255, -9.651447307662485 ], [ -35.763213887914198, -9.651452647814898 ], [ -35.763223946795698, -9.651457987967348 ], [ -35.763234013051395, -9.651464231532326 ], [ -35.763243139409397, -9.651466868735596 ], [ -35.763253205665002, -9.651473112307681 ], [ -35.763333625177793, -9.651509509560913 ], [ -35.763343728282301, -9.6515202702314 ], [ -35.763353816652895, -9.651529224055418 ], [ -35.763375792124798, -9.651544406831817 ], [ -35.763402268142798, -9.651553229142598 ], [ -35.763423200544793, -9.651552157667576 ], [ -35.763449617606099, -9.651553752613836 ], [ -35.763473325499596, -9.651558079741536 ], [ -35.7634988321309, -9.65155968199052 ], [ -35.763518883584801, -9.651562231496911 ], [ -35.763550777931393, -9.651565589430525 ], [ -35.763568127591398, -9.651571774538056 ], [ -35.7635836564057, -9.651577974251033 ], [ -35.763600110376593, -9.651585973500623 ], [ -35.763602012301199, -9.651595896497344 ], [ -35.763602152336595, -9.651613061471194 ], [ -35.763609553654298, -9.651627457721423 ], [ -35.763643342558602, -9.651639835224929 ], [ -35.763671676285405, -9.651653159993005 ], [ -35.7636981817924, -9.651665595946843 ], [ -35.763713762203494, -9.651678119590411 ], [ -35.763733909484294, -9.651692413538335 ], [ -35.763763124159198, -9.651702117303582 ], [ -35.763788704502396, -9.651712753720787 ], [ -35.763816120446499, -9.651725182357641 ], [ -35.763838073832005, -9.651737654839357 ], [ -35.763862743759496, -9.651748298559285 ], [ -35.763879205118798, -9.651757201207182 ], [ -35.763884689785201, -9.651759867621335 ], [ -35.763900218606601, -9.651766067320047 ], [ -35.763921239461396, -9.651775836845465 ], [ -35.763941372008297, -9.651788323932628 ], [ -35.763964213723099, -9.651798078838336 ], [ -35.763983421106197, -9.651808766396014 ], [ -35.764002621115296, -9.65181855052686 ], [ -35.764030066555598, -9.651834592821029 ], [ -35.764049273938703, -9.651845280371568 ], [ -35.764059340215702, -9.651851523915157 ], [ -35.764076726753004, -9.651862226078265 ], [ -35.764090456843597, -9.651871150641465 ], [ -35.764104194315394, -9.651880978624327 ], [ -35.7641169992351, -9.651888103650888 ], [ -35.764131625014798, -9.651895214064867 ], [ -35.764143512144699, -9.651901442981606 ], [ -35.764156302330598, -9.651906761175953 ], [ -35.764169995565297, -9.651911168633635 ], [ -35.764184599229999, -9.651915568788581 ], [ -35.764201016373498, -9.651919050904153 ], [ -35.764207396721908, -9.65191990316197 ], [ -35.764214643263195, -9.651915327591883 ], [ -35.764225443036096, -9.651899881767658 ], [ -35.764236257557002, -9.651886242775655 ], [ -35.764251631573501, -9.651873470654051 ], [ -35.764265243715201, -9.651867940509554 ], [ -35.764279810516804, -9.651867823559012 ], [ -35.764296198164203, -9.651867691995882 ], [ -35.764313496241599, -9.651867553122893 ], [ -35.764323533036695, -9.651870182980636 ], [ -35.764328114647199, -9.651873760110066 ], [ -35.764331881676, -9.651889088990858 ], [ -35.764332021754193, -9.651906253950433 ], [ -35.764330318857503, -9.651920723270687 ], [ -35.764319570695697, -9.651942493032653 ], [ -35.7643115169396, -9.651959723773794 ], [ -35.764307090141095, -9.651975118443287 ], [ -35.764307222845297, -9.651991379976051 ], [ -35.764313750645996, -9.652010300613117 ], [ -35.7643265850689, -9.652021039304115 ], [ -35.764343105427599, -9.652037169273745 ], [ -35.764358737485601, -9.652056016812278 ], [ -35.764377974379094, -9.652070318012983 ], [ -35.764395397793699, -9.652085537253088 ], [ -35.7644109561327, -9.652095350594838 ], [ -35.764428350058296, -9.652106956156246 ], [ -35.764441169747499, -9.652115888007884 ], [ -35.764451213916601, -9.652119421271058 ], [ -35.764456720705198, -9.652124797929977 ], [ -35.764460480374197, -9.652139223391092 ], [ -35.764466978693001, -9.652154530335208 ], [ -35.764472551840896, -9.652168037756942 ], [ -35.764481774061395, -9.652182419358935 ], [ -35.764496429351503, -9.652193143430219 ], [ -35.764516510330004, -9.652199306536874 ], [ -35.764533823162601, -9.65220097448899 ], [ -35.764556628042897, -9.652206212246378 ], [ -35.764585820652698, -9.652213205674144 ], [ -35.764621489466407, -9.652232795779875 ], [ -35.764650741061395, -9.652247016550781 ], [ -35.764662606090603, -9.652250535187097 ], [ -35.764685469963197, -9.65226300028765 ], [ -35.764708296972699, -9.65227094828983 ], [ -35.764728385325299, -9.652278014809017 ], [ -35.764751227082897, -9.652287769643396 ], [ -35.764774061466397, -9.652296621065254 ], [ -35.764795097119197, -9.652308197351568 ], [ -35.764810640717194, -9.652316203839707 ], [ -35.764832586799997, -9.652327772816179 ], [ -35.764855443305599, -9.652339334482791 ], [ -35.764874650738697, -9.652350021969148 ], [ -35.764893858171703, -9.652360709462622 ], [ -35.764913990782702, -9.652373196471329 ], [ -35.764933212963804, -9.652385690797047 ], [ -35.764950614299202, -9.652398199735343 ], [ -35.764970746910301, -9.652410686744069 ], [ -35.764984462295601, -9.652417804417977 ], [ -35.765015542138897, -9.652432913946059 ], [ -35.765029309149696, -9.652446355543454 ], [ -35.7650458369395, -9.652463388882827 ], [ -35.765058708268299, -9.652478644629424 ], [ -35.765064281444694, -9.652492152036903 ], [ -35.765068981075501, -9.652510183845481 ], [ -35.765076375104698, -9.652523676626114 ], [ -35.765079283378803, -9.652545336725971 ], [ -35.7650803708, -9.652567011452669 ], [ -35.7650805404243, -9.652587790069553 ], [ -35.765080695293399, -9.652606761854202 ], [ -35.765080901795102, -9.652632057562338 ], [ -35.765078413883998, -9.652661892298415 ], [ -35.7650730324469, -9.652671873773976 ], [ -35.765061469774793, -9.652705395301576 ], [ -35.765052601508195, -9.65273437780121 ], [ -35.765041009332698, -9.652764285657222 ], [ -35.765032118936901, -9.652790557904982 ], [ -35.765023265411202, -9.652821347243988 ], [ -35.765020748003998, -9.652847568308488 ], [ -35.7650173127927, -9.652872893270301 ], [ -35.765012893403899, -9.652889191359465 ], [ -35.765003085204, -9.652914567497401 ], [ -35.764989642665299, -9.652940876301559 ], [ -35.764978879784003, -9.652960839245562 ], [ -35.764965400367899, -9.652982630965608 ], [ -35.764951802960098, -9.652989967985095 ], [ -35.764931869426697, -9.653001873279104 ], [ -35.764912942192893, -9.65302551570476 ], [ -35.764904000157401, -9.653045464021906 ], [ -35.764893178269503, -9.653058199622773 ], [ -35.764886005468597, -9.653071809389605 ], [ -35.764881865870493, -9.653080363727852 ], [ -35.764881601972597, -9.653090055072175 ], [ -35.764881748322892, -9.653107982683117 ], [ -35.764881903191998, -9.653126954467783 ], [ -35.764882109686503, -9.653152250183039 ], [ -35.764879518524701, -9.653169437065063 ], [ -35.764870583863193, -9.653190288801877 ], [ -35.764870768228391, -9.653212874258115 ], [ -35.764871870404896, -9.65323635582417 ], [ -35.764871188591499, -9.65326436910831 ], [ -35.7648686343069, -9.653286073081569 ], [ -35.764859743889701, -9.653312345336444 ], [ -35.764854362445497, -9.653322326804881 ], [ -35.764841830315298, -9.653348628299184 ], [ -35.764830201241196, -9.653374019071089 ], [ -35.764827654323497, -9.653396626464026 ], [ -35.764828763874, -9.653421011449751 ], [ -35.764838962962195, -9.653443516476182 ], [ -35.764848207376097, -9.653460608308666 ], [ -35.764866541327699, -9.653475820181875 ], [ -35.764877532847002, -9.653483863205034 ], [ -35.764892166086305, -9.653491876981631 ], [ -35.764892247207897, -9.653501814583791 ], [ -35.764895940553295, -9.653508109260718 ], [ -35.764896036430102, -9.653519853702225 ], [ -35.764885280908608, -9.653540720065898 ], [ -35.764872675023796, -9.653557987384845 ], [ -35.764872874151393, -9.653582379680428 ], [ -35.764886729722001, -9.653606662292528 ], [ -35.764896943572502, -9.653630974158293 ], [ -35.7649071721711, -9.653657092856308 ], [ -35.764916468224698, -9.653680508612263 ], [ -35.7649257274009, -9.653699407269846 ], [ -35.7649331952205, -9.653721934232962 ], [ -35.764940648284792, -9.653742654356749 ], [ -35.764950832646299, -9.653763352536686 ], [ -35.764961053885102, -9.65378856781502 ], [ -35.764968514337795, -9.65381019135134 ], [ -35.764976899968495, -9.653833614417142 ], [ -35.764982517431896, -9.653852542328409 ], [ -35.764989096957798, -9.653877786853302 ], [ -35.764993833501599, -9.653900335745979 ], [ -35.765000302388501, -9.653912028989993 ], [ -35.76500188656572, -9.653918317674128 ], [ -35.77517464795136, -9.653199842819715 ], [ -35.775185115697383, -9.653268277399107 ], [ -35.775263011292296, -9.653242438209176 ], [ -35.775310877600738, -9.653262757627774 ], [ -35.775346503038101, -9.653306807090814 ], [ -35.775362029689944, -9.653358616398174 ], [ -35.775377669847416, -9.653398504367107 ], [ -35.775401281425367, -9.653442441202026 ], [ -35.775429124639579, -9.653462572900533 ], [ -35.77545689218983, -9.653490652157847 ], [ -35.775476650489693, -9.65351865632991 ], [ -35.775500602587869, -9.653526829143152 ], [ -35.775568567762264, -9.653539388692391 ], [ -35.775644428707302, -9.653563944653053 ], [ -35.775696186230206, -9.653596222923193 ], [ -35.775747981595522, -9.653624527407567 ], [ -35.775763810960754, -9.65364454647127 ], [ -35.77578398543374, -9.653628839042765 ], [ -35.77582010276447, -9.653621229330275 ], [ -35.775851912826646, -9.653645372327473 ], [ -35.775863548420418, -9.653685222758217 ], [ -35.775859203319776, -9.653720949253698 ], [ -35.77588689527169, -9.653756976057668 ], [ -35.77592652546727, -9.653801063039394 ], [ -35.775942279191653, -9.653829029664506 ], [ -35.775985346596315, -9.653932760912483 ], [ -35.776040163110942, -9.654064421249807 ], [ -35.776115116351747, -9.654184347935873 ], [ -35.776170273401014, -9.65428024423881 ], [ -35.776210168481143, -9.654296514739142 ], [ -35.77625278205258, -9.654447931392379 ], [ -35.776316442819933, -9.654449811915955 ], [ -35.776312234419791, -9.654470662321566 ], [ -35.776298947694066, -9.654497396162691 ], [ -35.776295817430871, -9.65451029863463 ], [ -35.776296725134877, -9.654520254691001 ], [ -35.776288421951193, -9.654550019507278 ], [ -35.776286208858522, -9.654571883369048 ], [ -35.776286085765022, -9.654584814027777 ], [ -35.77629200542134, -9.65459481706295 ], [ -35.776302937031268, -9.654604867076875 ], [ -35.776314975188029, -9.654603985159456 ], [ -35.776331987423823, -9.654607128884313 ], [ -35.776347893115016, -9.654621204540062 ], [ -35.776353803305213, -9.654632202241086 ], [ -35.776368716076178, -9.654645273834769 ], [ -35.776384659644819, -9.654655370825271 ], [ -35.776392574618519, -9.654666387317306 ], [ -35.776393463387336, -9.654678332706718 ], [ -35.776389330732499, -9.654691225784457 ], [ -35.776382238246939, -9.654699117344505 ], [ -35.776373197790555, -9.654701022116273 ], [ -35.77636608636719, -9.654710903008038 ], [ -35.776367013009192, -9.654718869732724 ], [ -35.776360903976226, -9.654728760019895 ], [ -35.776351825644291, -9.654734643455228 ], [ -35.776347711924075, -9.654745547199457 ], [ -35.77634758883066, -9.654758477858845 ], [ -35.776352468224374, -9.654772450163133 ], [ -35.776368421265715, -9.654781552490013 ], [ -35.776384421651343, -9.654785681485713 ], [ -35.776404469477214, -9.65478586939869 ], [ -35.77642461198878, -9.654776110648717 ], [ -35.776440820682026, -9.654758356985615 ], [ -35.776453946452612, -9.654748532464623 ], [ -35.776468036740297, -9.654742696003144 ], [ -35.776493105989886, -9.654741936220804 ], [ -35.776515063915618, -9.654752089579821 ], [ -35.776528936434694, -9.654769130440059 ], [ -35.776541740286298, -9.654793124569041 ], [ -35.776546487134141, -9.654821022201489 ], [ -35.776552189032557, -9.654853902560827 ], [ -35.776549957011405, -9.654877755761468 ], [ -35.776537663198283, -9.654905493673821 ], [ -35.776528442836714, -9.654926297107345 ], [ -35.776528244000765, -9.654947185099076 ], [ -35.776525019051633, -9.654970034236996 ], [ -35.77651983665978, -9.654987891252437 ], [ -35.776516734799053, -9.654997809728574 ], [ -35.776518692240792, -9.655002801850857 ], [ -35.776527685364016, -9.655005870409001 ], [ -35.776540725929507, -9.655004997883633 ], [ -35.776548773471397, -9.655002089048143 ], [ -35.776555790216023, -9.655002154815937 ], [ -35.776565785732011, -9.655005232768566 ], [ -35.776572821413453, -9.655003309203389 ], [ -35.776582921080895, -9.654995445826055 ], [ -35.776590959154234, -9.654993531655707 ], [ -35.77659793802605, -9.654997576087933 ], [ -35.776600859988342, -9.655006556270758 ], [ -35.776602770090292, -9.655016521724688 ], [ -35.776606713381412, -9.655023521970154 ], [ -35.776612670925346, -9.655029546339762 ], [ -35.776618609533067, -9.655037560042036 ], [ -35.776618514850874, -9.655047506705586 ], [ -35.77661337033399, -9.655061385058223 ], [ -35.77661227325904, -9.655071322326419 ], [ -35.776611195120502, -9.655079270261888 ], [ -35.77661911010869, -9.655090286754083 ], [ -35.776632065464341, -9.65509836622352 ], [ -35.776649096668017, -9.655099520608864 ], [ -35.77665916793358, -9.655094641228843 ], [ -35.776667187073372, -9.655094716390149 ], [ -35.776673144619565, -9.655100740759449 ], [ -35.776685182797742, -9.655099858834518 ], [ -35.776694242202595, -9.655095964724625 ], [ -35.776707386921366, -9.65508415086309 ], [ -35.776723482008983, -9.655078333184376 ], [ -35.776734479922631, -9.655081420528294 ], [ -35.776754470965763, -9.655087576425492 ], [ -35.776765497283805, -9.655087679769114 ], [ -35.776778528387098, -9.655087801902047 ], [ -35.776782481150654, -9.655093807480394 ], [ -35.776785422053933, -9.655100798330437 ], [ -35.776785365247186, -9.655106766329535 ], [ -35.776783322590717, -9.655110726205933 ], [ -35.776773270260861, -9.655113616256999 ], [ -35.77676822042627, -9.655117547948651 ], [ -35.776769184947497, -9.655121536009542 ], [ -35.776776107017717, -9.655131548438689 ], [ -35.776782007759884, -9.655143540805998 ], [ -35.776792986740993, -9.655148617481917 ], [ -35.776811975397081, -9.655154763982567 ], [ -35.776825895283615, -9.655166831507943 ], [ -35.776836807992495, -9.655178870848877 ], [ -35.776848770433524, -9.655185946251562 ], [ -35.776855673571966, -9.655197948013431 ], [ -35.776858557671076, -9.655210906863081 ], [ -35.776857413262661, -9.655225817467095 ], [ -35.776853252206898, -9.655241694553375 ], [ -35.776841109876557, -9.655253517814906 ], [ -35.776818981485405, -9.655261268460933 ], [ -35.776800900537772, -9.655265078018896 ], [ -35.776778838421535, -9.655265865996284 ], [ -35.776760814282049, -9.655263707552995 ], [ -35.776752795137519, -9.655263632392572 ], [ -35.77674672397076, -9.655269544020928 ], [ -35.776741617324504, -9.655279443710082 ], [ -35.776740520250378, -9.655289380979587 ], [ -35.776745532216019, -9.65528942795518 ], [ -35.776755584551566, -9.655286537906735 ], [ -35.776765646355067, -9.655282653191435 ], [ -35.776782658634502, -9.655285796906309 ], [ -35.776792663630225, -9.655287880189173 ], [ -35.776812645218605, -9.655295030753786 ], [ -35.776817534102065, -9.655308008393321 ], [ -35.776826385219515, -9.655325996945288 ], [ -35.776835378355827, -9.655329065499023 ], [ -35.776842395109213, -9.655329131263176 ], [ -35.77684346377746, -9.655322177992131 ], [ -35.776836503831348, -9.655316144228703 ], [ -35.776831605479202, -9.655304161255723 ], [ -35.776827709520504, -9.655292187677651 ], [ -35.776827832602535, -9.655279257012518 ], [ -35.776836967754939, -9.65526740556748 ], [ -35.776852050991188, -9.655262573156659 ], [ -35.776867086888672, -9.655262714077976 ], [ -35.77689005672309, -9.655271882155514 ], [ -35.776903002626497, -9.655280956285623 ], [ -35.776912912947971, -9.655292986231492 ], [ -35.77691783023856, -9.65530297987095 ], [ -35.77691967407597, -9.655319907993018 ], [ -35.776920572325594, -9.655330858720648 ], [ -35.776922529774353, -9.655335850843112 ], [ -35.776928544135039, -9.655335907210903 ], [ -35.776938643810148, -9.655328043823767 ], [ -35.776939731411609, -9.655319101218465 ], [ -35.776939845022177, -9.655307165218597 ], [ -35.776946965918505, -9.655296289647142 ], [ -35.776957075059343, -9.655287431592255 ], [ -35.776976167869961, -9.655282636753649 ], [ -35.776993284295735, -9.6552748391249 ], [ -35.777005369819697, -9.655268983856869 ], [ -35.777017455343348, -9.65526312858827 ], [ -35.777036557619937, -9.655257339078807 ], [ -35.777052633781899, -9.655253510719094 ], [ -35.777071669788242, -9.655254683874826 ], [ -35.777084672500706, -9.655257789998652 ], [ -35.77709970840143, -9.655257930909732 ], [ -35.777112711114619, -9.655261037032618 ], [ -35.777129666600281, -9.655270148732081 ], [ -35.777143605439633, -9.655280226916011 ], [ -35.777157468544793, -9.655298262434641 ], [ -35.77716634808381, -9.655313266982983 ], [ -35.777181289319763, -9.65532335456024 ], [ -35.777192258849212, -9.655329425894111 ], [ -35.777200154930306, -9.65534243171466 ], [ -35.777204069837211, -9.655352415959118 ], [ -35.777209043938889, -9.655356441595943 ], [ -35.777215077235205, -9.655354508624995 ], [ -35.77722115786527, -9.655347602319269 ], [ -35.777234245784719, -9.65534175643654 ], [ -35.777236345239274, -9.655331828554548 ], [ -35.777236439906183, -9.655321881885071 ], [ -35.777237574833357, -9.655307965941516 ], [ -35.777244695722167, -9.655297090360801 ], [ -35.777252771671051, -9.655291197508232 ], [ -35.777260790820193, -9.65529127265723 ], [ -35.77726977449683, -9.655295335867558 ], [ -35.777279817366626, -9.655293440469341 ], [ -35.777288867309224, -9.655290541010263 ], [ -35.777300886566913, -9.655291648399423 ], [ -35.777309870244387, -9.655295711608861 ], [ -35.77731383248706, -9.655300722517854 ], [ -35.777313737822631, -9.655310669188099 ], [ -35.777312650230776, -9.655319611797822 ], [ -35.777314569820213, -9.655328582588014 ], [ -35.777325586685777, -9.655329680583296 ], [ -35.777332660241029, -9.655323778335202 ], [ -35.777340792988085, -9.65531191747799 ], [ -35.777352850112614, -9.655309046197393 ], [ -35.777369030407549, -9.655294276484641 ], [ -35.777379111142665, -9.655288402414955 ], [ -35.777385220167325, -9.655278512103543 ], [ -35.777389352802707, -9.655265619004171 ], [ -35.777396492618621, -9.655252754084184 ], [ -35.777405589890598, -9.655244881285761 ], [ -35.77741562329328, -9.655243980549949 ], [ -35.777431642659913, -9.655246120173731 ], [ -35.777439586081272, -9.65525415265544 ], [ -35.777449543756497, -9.655261209255992 ], [ -35.777454442133347, -9.655273192227101 ], [ -35.777459378374402, -9.655281196529589 ], [ -35.777462338225924, -9.655286198044493 ], [ -35.777480352917266, -9.655289351119976 ], [ -35.777492381643654, -9.655289463835441 ], [ -35.777501469449646, -9.655282585701277 ], [ -35.777513649629249, -9.655266783740354 ], [ -35.777525735149908, -9.655260928450964 ], [ -35.777535815882622, -9.655255054375472 ], [ -35.777545877683636, -9.6552511696341 ], [ -35.777558908803279, -9.655251291739521 ], [ -35.777570890201069, -9.655256377788184 ], [ -35.777583883458817, -9.655260478561903 ], [ -35.777600924154868, -9.655260638236399 ], [ -35.777616971922811, -9.655259793850204 ], [ -35.77763196996969, -9.65526391340741 ], [ -35.777645908830557, -9.655273991575736 ], [ -35.777658911556159, -9.655277097679779 ], [ -35.777667933102208, -9.65527718221162 ], [ -35.777684037663754, -9.655270369818137 ], [ -35.777699111435048, -9.655266532033577 ], [ -35.777706184984638, -9.65526062977524 ], [ -35.777712265605217, -9.655253723456967 ], [ -35.777720369943864, -9.655244846588117 ], [ -35.777725504960877, -9.655231962872611 ], [ -35.777732597439524, -9.65522407127844 ], [ -35.777752702108479, -9.655218291116583 ], [ -35.777764749765652, -9.655216414486748 ], [ -35.77786519651611, -9.655300915147187 ], [ -35.777913207484332, -9.655320082972683 ], [ -35.778437725643585, -9.655477837622374 ], [ -35.779141338856391, -9.655190341342145 ], [ -35.779185314542495, -9.655198701494863 ], [ -35.779217087262587, -9.655226818099047 ], [ -35.779248708802335, -9.655270829879974 ], [ -35.779252146516924, -9.655330474302824 ], [ -35.779254816421215, -9.655342470332426 ] ] ] ] } },
{ "type": "Feature", "properties": { "id": null, "Nome": "Canais do CELMM" }, "geometry": { "type": "MultiPolygon", "coordinates": [ [ [ [ -35.882143197200747, -9.739505711294985 ], [ -35.873193920932529, -9.731850776171854 ], [ -35.873167912207514, -9.731899196807499 ], [ -35.873017717226411, -9.732104166347147 ], [ -35.872832861865078, -9.732229425448365 ], [ -35.872671113423905, -9.732297748574684 ], [ -35.872486258062551, -9.732343297317778 ], [ -35.872370723461721, -9.732320522947003 ], [ -35.872301402701225, -9.732309135761035 ], [ -35.87215120772013, -9.732240812637029 ], [ -35.87196635235879, -9.732138327924865 ], [ -35.871816157377701, -9.732024455985545 ], [ -35.871677515856696, -9.731830873599634 ], [ -35.871481107035272, -9.731637291101535 ], [ -35.871283502184852, -9.731343877162574 ], [ -35.871162132267237, -9.731273329936885 ], [ -35.870969185218712, -9.731224253597182 ], [ -35.870719607468658, -9.731241366367044 ], [ -35.870696365307317, -9.731222276582853 ], [ -35.870634386210405, -9.731233730453498 ], [ -35.870556912339282, -9.731203186797572 ], [ -35.87040583829058, -9.73118027905379 ], [ -35.87030512225811, -9.731187914968581 ], [ -35.870262511628972, -9.7312184586259 ], [ -35.870208279919183, -9.731245184323749 ], [ -35.870146300822285, -9.731264274106646 ], [ -35.870088195418944, -9.731313907537022 ], [ -35.869983605692916, -9.731344451182817 ], [ -35.869925500289561, -9.731390266646295 ], [ -35.869840279031308, -9.731416992330409 ], [ -35.869762805160185, -9.731428446194386 ], [ -35.869681457595505, -9.731474261646316 ], [ -35.869611731111483, -9.731508623231164 ], [ -35.869553625708143, -9.73153153095242 ], [ -35.869476151837006, -9.731558256625247 ], [ -35.869410299046542, -9.731581164343105 ], [ -35.869332825175412, -9.731573528437339 ], [ -35.86929021454629, -9.731542984812465 ], [ -35.869247603917167, -9.731474261646321 ], [ -35.869208866981609, -9.73143990005795 ], [ -35.869174003739602, -9.731371176870615 ], [ -35.869143014191145, -9.731275727975829 ], [ -35.869154635271812, -9.731180279053786 ], [ -35.86914688788471, -9.731084830104482 ], [ -35.869166256352486, -9.731004652965979 ], [ -35.869208866981609, -9.730928293768562 ], [ -35.869224361755833, -9.730882478241742 ], [ -35.86922436175584, -9.730840480669968 ], [ -35.869232109142949, -9.730775575321418 ], [ -35.869243730223616, -9.730729759773652 ], [ -35.869255351304297, -9.730680126256489 ], [ -35.869286340852746, -9.730603766984906 ], [ -35.869313456707644, -9.73052740769589 ], [ -35.869352193643209, -9.730481592114081 ], [ -35.869383183191658, -9.730409050763395 ], [ -35.869421920127223, -9.730344145331037 ], [ -35.869460657062795, -9.730267785982679 ], [ -35.869491646611245, -9.730210516459948 ], [ -35.869553625708143, -9.730160882865654 ], [ -35.869592362643715, -9.730099795354855 ], [ -35.869623352192171, -9.730023435950656 ], [ -35.869681457595519, -9.729966166386069 ], [ -35.869747310385968, -9.729947076529015 ], [ -35.869809289482873, -9.729935622614271 ], [ -35.869890637047568, -9.729901260867665 ], [ -35.869960363531582, -9.729870717089932 ], [ -35.870045584789828, -9.729809629526066 ], [ -35.870115311273842, -9.729752359924825 ], [ -35.870416156387357, -9.72960255041561 ], [ -35.870708876356751, -9.729379777129864 ], [ -35.87108977712407, -9.728983604285418 ], [ -35.871201810894178, -9.728713682478235 ], [ -35.871159958312894, -9.728358003242988 ], [ -35.871078763560789, -9.728190327229811 ], [ -35.87104009939312, -9.728129354113261 ], [ -35.870985969558383, -9.728041705238716 ], [ -35.870939572557191, -9.727988353738604 ], [ -35.870866110638616, -9.727923569762764 ], [ -35.870827446470948, -9.727900704827089 ], [ -35.870769450219441, -9.727900704827105 ], [ -35.870688255467336, -9.727904515649819 ], [ -35.870622526382299, -9.727908326472495 ], [ -35.870491068212232, -9.727896894004344 ], [ -35.870390541376295, -9.727881650712852 ], [ -35.870290014540359, -9.72786259659752 ], [ -35.870212686205015, -9.727820677539977 ], [ -35.870123758619378, -9.727774947653019 ], [ -35.870038697450511, -9.72774446105824 ], [ -35.869961369115181, -9.72768729868554 ], [ -35.869880174363075, -9.727633947128854 ], [ -35.869768048276832, -9.727569163084308 ], [ -35.869675254274426, -9.727508189854428 ], [ -35.86953997663759, -9.727456089366076 ], [ -35.869446615162495, -9.727364070172065 ], [ -35.869278256124261, -9.727265567100339 ], [ -35.869029330416161, -9.727204118962343 ], [ -35.86874886889828, -9.727187720606334 ], [ -35.868682318707599, -9.727192405850978 ], [ -35.868558725496321, -9.727211146828983 ], [ -35.868463653795345, -9.727225202561762 ], [ -35.868368582094369, -9.72723925829397 ], [ -35.868297278318629, -9.727257999269332 ], [ -35.8681594243522, -9.727276740243646 ], [ -35.868050091896087, -9.727286110730411 ], [ -35.86796452736521, -9.727323592674825 ], [ -35.867853621672893, -9.727367894892685 ], [ -35.867805942961674, -9.727383559301824 ], [ -35.867716942700717, -9.72738355930181 ], [ -35.86765972824724, -9.727392957946954 ], [ -35.867631121020509, -9.727424286762131 ], [ -35.867573906567046, -9.727449349812121 ], [ -35.867542120759566, -9.7274744128603 ], [ -35.867488084886837, -9.727496343025875 ], [ -35.867430870433374, -9.727505741667819 ], [ -35.867392727464392, -9.727521406070505 ], [ -35.867354584495409, -9.727515140309526 ], [ -35.867325977268671, -9.727537070472431 ], [ -35.867287834299702, -9.727543336233007 ], [ -35.867236977007721, -9.727543336233005 ], [ -35.867202012619501, -9.727537070472454 ], [ -35.867176583973517, -9.727521406070515 ], [ -35.86715115532752, -9.727518273190022 ], [ -35.867116190939299, -9.727530804711751 ], [ -35.867065333647318, -9.727543336233003 ], [ -35.867008119193855, -9.727537070472431 ], [ -35.866966797644125, -9.727518273190029 ], [ -35.86691594035215, -9.727502608787216 ], [ -35.866820582929698, -9.727483811502863 ], [ -35.866731582668749, -9.727458748455412 ], [ -35.866638609181869, -9.727432118965448 ], [ -35.866625894858871, -9.727419587440021 ], [ -35.866625894858878, -9.727391391506085 ], [ -35.866635430601121, -9.727366328451716 ], [ -35.866632252020374, -9.727338132513315 ], [ -35.866600466212894, -9.727338132513298 ], [ -35.866543251759424, -9.727360062687826 ], [ -35.866447894336972, -9.727334999631113 ], [ -35.866377965560517, -9.727331866748878 ], [ -35.866273072395821, -9.727350664041776 ], [ -35.866165000650376, -9.727360062687822 ], [ -35.866091893293174, -9.727397657269391 ], [ -35.866012428774461, -9.727419587439998 ], [ -35.865948857159488, -9.727425853202792 ], [ -35.865904357029024, -9.727425853202778 ], [ -35.865863035479293, -9.727422720321403 ], [ -35.865840785414051, -9.727388258624384 ], [ -35.865774035218351, -9.727385125742675 ], [ -35.865659606311404, -9.727369461333604 ], [ -35.865586498954187, -9.727372594215479 ], [ -35.865522927339228, -9.727397657269391 ], [ -35.865491141531734, -9.727419587440012 ], [ -35.865433927078271, -9.727457182014877 ], [ -35.865367176882565, -9.727485377943259 ], [ -35.865262283717868, -9.727513573869246 ], [ -35.865185997779911, -9.727494776585509 ], [ -35.865139908359069, -9.727494776585504 ], [ -35.865076336744096, -9.727491643704777 ], [ -35.865047729517364, -9.727482245062426 ], [ -35.865000050806145, -9.727447783371549 ], [ -35.86496190783717, -9.727447783371559 ], [ -35.864914229125944, -9.727457182014859 ], [ -35.864857014672474, -9.727454049133787 ], [ -35.864812514542002, -9.727435251846709 ], [ -35.864768014411531, -9.727463447776918 ], [ -35.86471715711955, -9.727485377943223 ], [ -35.864669478408324, -9.727513573869233 ], [ -35.864624978277853, -9.72751983963024 ], [ -35.86456140666288, -9.727516706749746 ], [ -35.86451372795166, -9.727497909466184 ], [ -35.864478763563433, -9.727475979300717 ], [ -35.864446977755939, -9.727450916252671 ], [ -35.864383406140973, -9.727444650490384 ], [ -35.864332548849006, -9.7274352518467 ], [ -35.864297584460779, -9.727403923032552 ], [ -35.864265798653292, -9.727378859979096 ], [ -35.864192691296083, -9.727375727097312 ], [ -35.864138655423368, -9.727363195569767 ], [ -35.864100512454392, -9.727306803690016 ], [ -35.86408144096989, -9.727272341981045 ], [ -35.864043298000922, -9.727237880268515 ], [ -35.864027405097175, -9.727219082969281 ], [ -35.863998797870437, -9.727187754134873 ], [ -35.863951119159225, -9.727172089716568 ], [ -35.863900261867244, -9.727131362225515 ], [ -35.863878011802015, -9.727093767613992 ], [ -35.863874865824165, -9.727001271045442 ], [ -35.863791678085811, -9.726808004538137 ], [ -35.863643128553029, -9.726638164181866 ], [ -35.86344110118845, -9.726444897464614 ], [ -35.863262841749119, -9.726298483210456 ], [ -35.863031104477983, -9.726175495187423 ], [ -35.862817193150789, -9.726075933421322 ], [ -35.862555745973097, -9.725993941356412 ], [ -35.862401254459002, -9.72602908081528 ], [ -35.862264588888841, -9.726029080815266 ], [ -35.862145749262631, -9.726046650543303 ], [ -35.861961547841972, -9.726163782040004 ], [ -35.861842708215761, -9.726269200351917 ], [ -35.861765462458706, -9.726392188340473 ], [ -35.861676332739037, -9.726526889418889 ], [ -35.861610970944618, -9.72668501670255 ], [ -35.861569377075433, -9.72680214797553 ], [ -35.861391117636096, -9.726977844808049 ], [ -35.861236626122015, -9.727094975978448 ], [ -35.861099960551847, -9.727229676773634 ], [ -35.860868223280711, -9.727399516829321 ], [ -35.860743441673186, -9.727528360951919 ], [ -35.860689963841374, -9.727730411862366 ], [ -35.860559240252535, -9.728023239051998 ], [ -35.860369096850569, -9.728374631340918 ], [ -35.860326704680119, -9.728569864926582 ], [ -35.860321951002774, -9.728958738408345 ], [ -35.860288675907434, -9.729094609756824 ], [ -35.860293429492479, -9.72921642540164 ], [ -35.860336211757925, -9.729366352288128 ], [ -35.860340965342964, -9.729558446013122 ], [ -35.860375968020925, -9.729699608396546 ], [ -35.860483567314304, -9.729790976027694 ], [ -35.860491639662925, -9.729855606044358 ], [ -35.860534735736067, -9.729886128402759 ], [ -35.860599359757273, -9.729934063609328 ], [ -35.860650890110165, -9.729990485837845 ], [ -35.860724390727952, -9.730016984063791 ], [ -35.860789135430238, -9.730052009200259 ], [ -35.860858258114654, -9.730082770866344 ], [ -35.860949351054238, -9.730083608502918 ], [ -35.861031808687599, -9.730080062992634 ], [ -35.861136196344894, -9.730050896775882 ], [ -35.861201182335797, -9.730060101738893 ], [ -35.86126170996846, -9.730082176863897 ], [ -35.861352561739118, -9.730108834507321 ], [ -35.861499683841238, -9.730148920635992 ], [ -35.861534225146229, -9.730166453088062 ], [ -35.861594551846473, -9.730210044933601 ], [ -35.861663996262848, -9.730206379640153 ], [ -35.86175042997327, -9.730241604027457 ], [ -35.861828348958191, -9.730259535228235 ], [ -35.861888796310211, -9.730290216975009 ], [ -35.861944785327076, -9.73033376890371 ], [ -35.861983543871496, -9.730364251263508 ], [ -35.862021980875802, -9.730429160461846 ], [ -35.862060458085672, -9.730489766305073 ], [ -35.862116406966116, -9.730537621578037 ], [ -35.862198462872293, -9.730577109374501 ], [ -35.862263167716115, -9.730616437668171 ], [ -35.862327711815119, -9.730672979379447 ], [ -35.862357674320116, -9.730716292044708 ], [ -35.8624047869775, -9.730781280977649 ], [ -35.862452261358563, -9.730807539698612 ], [ -35.862512507940629, -9.730859738167867 ], [ -35.862585727684063, -9.730916359598181 ], [ -35.862615609864967, -9.730968278972348 ], [ -35.862671558911778, -9.731016134202919 ], [ -35.862710237233031, -9.73105522324003 ], [ -35.862731524257029, -9.731098456160403 ], [ -35.862759328002568, -9.731140673043942 ], [ -35.86284130378629, -9.731188767470984 ], [ -35.862875443434845, -9.731249333426065 ], [ -35.862927215525588, -9.731279935338437 ], [ -35.862961355196433, -9.731340501292417 ], [ -35.862986859492999, -9.731396684155182 ], [ -35.863034253647704, -9.73143154955393 ], [ -35.863068353163392, -9.731496418866776 ], [ -35.863107152135669, -9.731522597811837 ], [ -35.86312390052047, -9.731587307663368 ], [ -35.863158000062604, -9.731652176977164 ], [ -35.863205394270338, -9.731687042368568 ], [ -35.863230978988639, -9.731734618513634 ], [ -35.863243510156821, -9.731786378425088 ], [ -35.863242947584368, -9.731846625462371 ], [ -35.863268451946325, -9.731902808329524 ], [ -35.863276564957815, -9.731963135097862 ], [ -35.863284758336981, -9.732014855146899 ], [ -35.863275439800276, -9.732083629174785 ], [ -35.863257254785353, -9.732172764428107 ], [ -35.863230424299118, -9.732258592423895 ], [ -35.863216727745154, -9.732331629936239 ], [ -35.863168610102107, -9.732374224987225 ], [ -35.863120492447273, -9.732416820027483 ], [ -35.863059602517005, -9.732433475294748 ], [ -35.862994334595989, -9.732454394037378 ], [ -35.862933565230541, -9.732458139202896 ], [ -35.862873157587252, -9.732423154134111 ], [ -35.862804114557164, -9.732383785955388 ], [ -35.862761058129529, -9.732348960364668 ], [ -35.862722419891803, -9.732305567929634 ], [ -35.862679122325815, -9.732296562478368 ], [ -35.862605219037725, -9.732313098042368 ], [ -35.862513763591693, -9.732350990867236 ], [ -35.8624221071479, -9.732410400442287 ], [ -35.862312858302438, -9.732495470600485 ], [ -35.862264820953655, -9.7325294587689 ], [ -35.862225217989398, -9.732589346821426 ], [ -35.862212164398649, -9.732593530533979 ], [ -35.862207344197209, -9.732645130916698 ], [ -35.862176175593689, -9.73273091884961 ], [ -35.862127977387651, -9.732782120403238 ], [ -35.862092872970372, -9.732824834886509 ], [ -35.862049022587996, -9.73287500046548 ], [ -35.862009097898138, -9.732969315302272 ], [ -35.861999698612294, -9.733046695910319 ], [ -35.861977446729881, -9.733106743441265 ], [ -35.861928283475685, -9.733261225435596 ], [ -35.861896953871536, -9.733364226715368 ], [ -35.861904986162081, -9.733433160153432 ], [ -35.861891570663481, -9.733476074026125 ], [ -35.861867871282307, -9.733691042258899 ], [ -35.861900625440597, -9.733838019669012 ], [ -35.861945493756274, -9.733851824228081 ], [ -35.861994402658283, -9.733914769786198 ], [ -35.861980320737686, -9.733977136098723 ], [ -35.861979736847353, -9.734039626534887 ], [ -35.861987943113512, -9.734124517734665 ], [ -35.862005356609231, -9.734187173673432 ], [ -35.862054182141001, -9.734259046446464 ], [ -35.862080761176074, -9.734303930726098 ], [ -35.862102965984789, -9.734335382821813 ], [ -35.862133877557703, -9.734398162888709 ], [ -35.862169371903946, -9.734452057124248 ], [ -35.862186868845853, -9.734505785861995 ], [ -35.862231195094814, -9.734577617260426 ], [ -35.862275729886093, -9.734627130640348 ], [ -35.862293268552207, -9.734676395776622 ], [ -35.862328596124527, -9.734748144427625 ], [ -35.862355133516182, -9.734797492312453 ], [ -35.862408917294019, -9.734820306811413 ], [ -35.862435621518323, -9.734851800278021 ], [ -35.862462200635669, -9.73489668455732 ], [ -35.862493320823248, -9.734937146604459 ], [ -35.862564810161189, -9.734991371811507 ], [ -35.862663420806314, -9.735032454418931 ], [ -35.862703539758051, -9.735072999199254 ], [ -35.862775404472259, -9.735087051930128 ], [ -35.862815731947165, -9.735105278674016 ], [ -35.862837686668961, -9.735163512394662 ], [ -35.862845976496544, -9.735239476433851 ], [ -35.862791608793614, -9.73527915245448 ], [ -35.862719452123685, -9.735296344952062 ], [ -35.862620591178498, -9.735282043964959 ], [ -35.862544435598764, -9.735245631794088 ], [ -35.862472821109044, -9.735204797380655 ], [ -35.862423828573178, -9.735150779016463 ], [ -35.862370420102373, -9.73508779206754 ], [ -35.862316886531197, -9.735038195927608 ], [ -35.862263311269217, -9.734993063387673 ], [ -35.862227775167931, -9.734943632744081 ], [ -35.862192364198407, -9.734880811290157 ], [ -35.862161536012259, -9.734809104006366 ], [ -35.862116584146833, -9.734804226639358 ], [ -35.862044969815088, -9.734763392180971 ], [ -35.861959774017933, -9.734731360782591 ], [ -35.861883743795239, -9.734681557718737 ], [ -35.861812421508525, -9.734609478016337 ], [ -35.861808339267895, -9.734564800619509 ], [ -35.861662461986526, -9.734463826398253 ], [ -35.86158640462574, -9.734351382955404 ], [ -35.861453304244378, -9.734276420639178 ], [ -35.861282175182609, -9.734201458306094 ], [ -35.861139567631156, -9.734182717720184 ], [ -35.861025481589976, -9.734131181103535 ], [ -35.860920902718895, -9.733999996952578 ], [ -35.860664209126256, -9.73385944244793 ], [ -35.860502587234592, -9.733765739411966 ], [ -35.860436037043911, -9.733681406657142 ], [ -35.860293429492444, -9.733643925425934 ], [ -35.860179343451271, -9.733550222329528 ], [ -35.860103286090485, -9.733522111395461 ], [ -35.859894128348337, -9.733447148893084 ], [ -35.859646941925803, -9.733212890964733 ], [ -35.859607223236544, -9.733119916693418 ], [ -35.859329475634752, -9.732970570871705 ], [ -35.859269195945728, -9.732922298582258 ], [ -35.859163706489952, -9.732870313031992 ], [ -35.859099659320378, -9.732822040728045 ], [ -35.859039379631362, -9.732755202141838 ], [ -35.858945192617277, -9.73269207679818 ], [ -35.858854773083756, -9.732654944237474 ], [ -35.85879449339474, -9.732628951442537 ], [ -35.858715376302911, -9.73262152492933 ], [ -35.858673934016707, -9.732595532131807 ], [ -35.85862872424994, -9.732547259788168 ], [ -35.858564677080373, -9.732506413953466 ], [ -35.858493094949672, -9.732465568113795 ], [ -35.858444117702341, -9.732461854855393 ], [ -35.858391372974452, -9.732472994630468 ], [ -35.858338628246564, -9.732458141596952 ], [ -35.858248208713043, -9.732406155974427 ], [ -35.858120114373882, -9.732339317305041 ], [ -35.858025927359805, -9.732305897965317 ], [ -35.857897833020644, -9.732268765361704 ], [ -35.857811180967694, -9.732268765361699 ], [ -35.85774336631755, -9.732268765361695 ], [ -35.857664249225714, -9.732235346014916 ], [ -35.857521084964304, -9.732179647096187 ], [ -35.85739864184599, -9.732149941002417 ], [ -35.857278082467964, -9.73213137469245 ], [ -35.857176360492751, -9.732112808381462 ], [ -35.857082173478666, -9.732086815544333 ], [ -35.856991753945145, -9.732045969653372 ], [ -35.856882497008804, -9.731997697230302 ], [ -35.856754402669644, -9.731979130911897 ], [ -35.856618773369362, -9.731967991120355 ], [ -35.856490679030202, -9.731941998271941 ], [ -35.856377654613297, -9.731919718686026 ], [ -35.856279700118655, -9.731897439098601 ], [ -35.85620435050739, -9.73187144624473 ], [ -35.856095093571057, -9.731860306449578 ], [ -35.855993371595837, -9.731860306449574 ], [ -35.855914254504007, -9.731864019714667 ], [ -35.855857742295555, -9.731882586039493 ], [ -35.85582006748993, -9.731897439098592 ], [ -35.855774857723162, -9.731901152363237 ], [ -35.855722112995267, -9.731890012569112 ], [ -35.855624158500618, -9.731875159509666 ], [ -35.855548808889353, -9.7318714462447 ], [ -35.855439551953019, -9.73186773297971 ], [ -35.855375504783431, -9.731875159509652 ], [ -35.85530392265273, -9.731871446244698 ], [ -35.855155107170475, -9.731893725833851 ], [ -35.855057152675826, -9.731904865627891 ], [ -35.854929058336666, -9.73191229215703 ], [ -35.854831103842017, -9.731912292157036 ], [ -35.854695474541742, -9.731912292157018 ], [ -35.854503333033001, -9.731908578892472 ], [ -35.853971161470646, -9.731985376727687 ], [ -35.853933132697009, -9.732013487797756 ], [ -35.85372397495486, -9.732069709917386 ], [ -35.853476788532312, -9.732088450621839 ], [ -35.853286645130339, -9.732097820973667 ], [ -35.853029951537714, -9.732125932027579 ], [ -35.852849315305853, -9.73216341342911 ], [ -35.852678186244091, -9.732219635523535 ], [ -35.852459521331838, -9.732285227955044 ], [ -35.852288392270076, -9.732294598301356 ], [ -35.852098248868124, -9.732275857608485 ], [ -35.852003177167148, -9.732219635523528 ], [ -35.851927119806362, -9.732154043079097 ], [ -35.85185106244559, -9.732060339564766 ], [ -35.851765497914691, -9.731985376734334 ], [ -35.851679933383821, -9.731910413887123 ], [ -35.851458891679052, -9.731680840062856 ], [ -35.851344805637879, -9.731559025316528 ], [ -35.851278255447191, -9.7314746920046 ], [ -35.851164169406019, -9.731371617927744 ], [ -35.850916982983478, -9.731259173444023 ], [ -35.850698318071224, -9.731081136267406 ], [ -35.850460638818781, -9.730837506293032 ], [ -35.850299016927117, -9.730640728107092 ], [ -35.850241973906542, -9.730509542585407 ], [ -35.850127887865362, -9.730453320203218 ], [ -35.85005183050459, -9.730303393804443 ], [ -35.849909222953116, -9.730190948961214 ], [ -35.849795136911943, -9.730041022444706 ], [ -35.849624007850181, -9.729862984618981 ], [ -35.84949090746882, -9.729750539627547 ], [ -35.849338792747254, -9.72960998333504 ], [ -35.849167663685492, -9.729506908682939 ], [ -35.849015548963926, -9.729441315705966 ], [ -35.848673290840416, -9.729029016698805 ], [ -35.848568711969335, -9.728724477332763 ], [ -35.848416597247784, -9.728527697902468 ], [ -35.848331032716906, -9.728452734279518 ], [ -35.848245468186015, -9.728359029727157 ], [ -35.84813138214485, -9.728143509157052 ], [ -35.848093353464456, -9.7280591749831 ], [ -35.848017296103677, -9.727956099852689 ], [ -35.847950745912989, -9.727834283748484 ], [ -35.847893980936085, -9.727742911706683 ], [ -35.847859962802765, -9.727625560141314 ], [ -35.847825944669438, -9.727575266600699 ], [ -35.847745151602794, -9.727533355311039 ], [ -35.847647349469504, -9.727409716976 ], [ -35.847587817736184, -9.727334276613503 ], [ -35.847502702504912, -9.727260507996094 ], [ -35.847351503453226, -9.727201760610383 ], [ -35.847301596939346, -9.72712961051406 ], [ -35.847244128659682, -9.727093235263185 ], [ -35.847179502079356, -9.727049624982303 ], [ -35.847143979494213, -9.726984776616932 ], [ -35.847102694949243, -9.726925903861833 ], [ -35.847064967408159, -9.726925555519934 ], [ -35.846802454844038, -9.726754688209455 ], [ -35.846652130082703, -9.72669091367996 ], [ -35.846596533810178, -9.726584343359702 ], [ -35.846375149674522, -9.726518865851341 ], [ -35.84630462981896, -9.726459702072205 ], [ -35.846259676864008, -9.726430164216804 ], [ -35.846117325840005, -9.726393241893884 ], [ -35.845989959134329, -9.726352627333981 ], [ -35.845855100269489, -9.726297243835196 ], [ -35.845765194359601, -9.726286167134363 ], [ -35.845656558051807, -9.726234475858867 ], [ -35.845491730550329, -9.726153246695512 ], [ -35.845405570720018, -9.726123708813015 ], [ -35.845315664810123, -9.726086786456264 ], [ -35.845233251059391, -9.7260572485679 ], [ -35.845162075547393, -9.726016633967166 ], [ -35.845075915717075, -9.725979711598583 ], [ -35.8449167897545, -9.725960701288832 ], [ -35.844551705939509, -9.725829851636055 ], [ -35.844286190437678, -9.725786235073752 ], [ -35.844098116957234, -9.725720810219611 ], [ -35.843987485593026, -9.725688097780917 ], [ -35.843936171005197, -9.725691716983549 ], [ -35.843879979811504, -9.72565848681972 ], [ -35.84383502685656, -9.72563633337532 ], [ -35.843760105264991, -9.725614179929419 ], [ -35.843658961116354, -9.725592026482097 ], [ -35.843336798272567, -9.725451721281519 ], [ -35.84314949429362, -9.725414798850526 ], [ -35.842998714590578, -9.72536126131835 ], [ -35.842927539078573, -9.725320646633065 ], [ -35.842856363566575, -9.725291108677013 ], [ -35.842743981179211, -9.72523203275709 ], [ -35.842654075269316, -9.725217263775454 ], [ -35.842586645836889, -9.72519141805607 ], [ -35.842534200722788, -9.725147111103892 ], [ -35.842399341857941, -9.725054804934658 ], [ -35.842334721985218, -9.725019728583701 ], [ -35.842274784711954, -9.724990190601051 ], [ -35.842199863120371, -9.724975421608752 ], [ -35.842139925847107, -9.724942191373719 ], [ -35.842087480733007, -9.724923730130568 ], [ -35.841956367947745, -9.724897884388499 ], [ -35.841843985560374, -9.724860961896344 ], [ -35.841716618854697, -9.724820347150272 ], [ -35.841559283512375, -9.724772347898508 ], [ -35.84152931487575, -9.724713271886921 ], [ -35.841416932488393, -9.724687426128575 ], [ -35.841390709931325, -9.724750194395394 ], [ -35.841342010896803, -9.724761271147141 ], [ -35.841259597146063, -9.724731733141679 ], [ -35.841132230440387, -9.724668964871373 ], [ -35.840988006376591, -9.724608042715424 ], [ -35.840879370068805, -9.724567427938604 ], [ -35.84074076512438, -9.724508351890792 ], [ -35.840579683702494, -9.724467737101884 ], [ -35.840381141484812, -9.724390199763871 ], [ -35.840171361028396, -9.724301585641296 ], [ -35.83994285017409, -9.724212971495213 ], [ -35.83959821085282, -9.724013589580681 ], [ -35.839493320624612, -9.723972974731643 ], [ -35.839407160794302, -9.72388805275865 ], [ -35.839332239202726, -9.723840053373095 ], [ -35.83922360289494, -9.723777284935396 ], [ -35.838953885165253, -9.723577902761054 ], [ -35.838826518459577, -9.723474519364578 ], [ -35.838736612549674, -9.723385904999306 ], [ -35.838639214480622, -9.723319444209929 ], [ -35.838526832093265, -9.72321975300112 ], [ -35.838440672262948, -9.723138523105296 ], [ -35.838320797716435, -9.72299452460509 ], [ -35.838227245956496, -9.722873797232275 ], [ -35.838125412729681, -9.72272637801737 ], [ -35.83806176696293, -9.722594641642694 ], [ -35.837985392042825, -9.722422129644997 ], [ -35.837972662889463, -9.722268437062965 ], [ -35.837979027466147, -9.722177476113808 ], [ -35.838004485772842, -9.722133563922601 ], [ -35.838058584674599, -9.722083378554167 ], [ -35.83810950128801, -9.72203946635061 ], [ -35.838160417901413, -9.721935958990805 ], [ -35.838201787649808, -9.721832451598992 ], [ -35.838249521974873, -9.721678758745972 ], [ -35.838313474540101, -9.721560853624359 ], [ -35.838363258696681, -9.721370028685918 ], [ -35.838435169145093, -9.72115194290866 ], [ -35.83850154802056, -9.720922952689509 ], [ -35.8385568637501, -9.720710318774156 ], [ -35.838578990041917, -9.720644892926853 ], [ -35.838661963636241, -9.720118759606246 ], [ -35.838756000376478, -9.719300934148828 ], [ -35.838761531949437, -9.718919281584469 ], [ -35.838783658241255, -9.718772072621842 ], [ -35.838816847678984, -9.718526724206825 ], [ -35.838809695188779, -9.718410830827709 ], [ -35.838788994349926, -9.71818638931688 ], [ -35.83874759267222, -9.7179986744831 ], [ -35.83870205082674, -9.717835444107262 ], [ -35.838644088477956, -9.717651809839246 ], [ -35.838565425290312, -9.717472256235274 ], [ -35.838486762102669, -9.717345752501888 ], [ -35.83843708008942, -9.71725597562984 ], [ -35.838383257908397, -9.717158037196455 ], [ -35.838350136566227, -9.717060098734454 ], [ -35.838333575895149, -9.716909110215997 ], [ -35.838325295559621, -9.716770363949784 ], [ -35.838296314385218, -9.716647940725933 ], [ -35.83827147337859, -9.716488790467958 ], [ -35.838242492204202, -9.716325559355514 ], [ -35.838213511029807, -9.71616232816346 ], [ -35.838176249519869, -9.715995016108913 ], [ -35.838143128273607, -9.715884834947294 ], [ -35.838063429948122, -9.715725684333277 ], [ -35.837984766760471, -9.715591018364131 ], [ -35.837881262566206, -9.71543594839317 ], [ -35.837744637029772, -9.715256393600185 ], [ -35.837674254177678, -9.715129889029104 ], [ -35.837612151661112, -9.715011545999944 ], [ -35.837570749983406, -9.714938091684944 ], [ -35.837500367131298, -9.714840152573185 ], [ -35.837405143272576, -9.714709567046265 ], [ -35.837280938239459, -9.714591223868496 ], [ -35.837210555387358, -9.714489203854049 ], [ -35.837090490522002, -9.714403507017895 ], [ -35.837015967502126, -9.714366779795675 ], [ -35.836369753868887, -9.71393933345974 ], [ -35.836316866146355, -9.713958289592428 ], [ -35.836247150638968, -9.713955920076746 ], [ -35.836189455046643, -9.713936963950882 ], [ -35.836158203267459, -9.713927485887529 ], [ -35.836134163437329, -9.713910899276051 ], [ -35.836081275811026, -9.71390142121197 ], [ -35.836033196150744, -9.713863508952983 ], [ -35.835987520473495, -9.713863508952986 ], [ -35.835937036830209, -9.713868247985582 ], [ -35.835886553186924, -9.713851661371162 ], [ -35.835860109373769, -9.713837444272437 ], [ -35.835819241662541, -9.71382085765647 ], [ -35.835773565985285, -9.713818488139854 ], [ -35.835535571666924, -9.713714229391453 ], [ -35.835316809212692, -9.713626557236985 ], [ -35.834938078012229, -9.713539455499211 ], [ -35.83473397688649, -9.713473854931127 ], [ -35.834503253874779, -9.713427934525813 ], [ -35.834250345958111, -9.713353587189587 ], [ -35.83389982445955, -9.713305480080853 ], [ -35.832962261919015, -9.712943841177122 ], [ -35.832159418664553, -9.712634166524118 ], [ -35.832035183196695, -9.712546698860566 ], [ -35.831964191500795, -9.712485471482518 ], [ -35.831884325842893, -9.712398003780118 ], [ -35.831786712261021, -9.712284295732873 ], [ -35.83172459452711, -9.712183707812706 ], [ -35.83167578773616, -9.712069999692638 ], [ -35.831600359059266, -9.71193005118419 ], [ -35.831547115287329, -9.711737621889506 ], [ -35.831542678306342, -9.711658900782556 ], [ -35.831502745477387, -9.711575806260647 ], [ -35.831453938686451, -9.711527698896447 ], [ -35.831422879819492, -9.711431484147306 ], [ -35.831431753781473, -9.711361509766929 ], [ -35.831467249629441, -9.711309028972053 ], [ -35.831462812648446, -9.711182200350443 ], [ -35.831471686610435, -9.711020384453141 ], [ -35.831520493401371, -9.710915422748203 ], [ -35.831564863211327, -9.710819207823087 ], [ -35.831631417926246, -9.710766726943206 ], [ -35.83171128358412, -9.710727366277906 ], [ -35.831800023204018, -9.710718619462769 ], [ -35.831884325842907, -9.710722992870362 ], [ -35.831959754519801, -9.710705499239635 ], [ -35.832026309234728, -9.710661765158774 ], [ -35.832137233759589, -9.710622404481118 ], [ -35.832243721303449, -9.710613657663236 ], [ -35.832310276018369, -9.710613657663229 ], [ -35.832412326581228, -9.710653018341915 ], [ -35.832483318277148, -9.710705499239639 ], [ -35.832598679782997, -9.710810461010386 ], [ -35.832678545440885, -9.710880435505933 ], [ -35.832745100155798, -9.710932916368003 ], [ -35.832785032984752, -9.71094166317754 ], [ -35.832816091851718, -9.710932916367994 ], [ -35.832829402794701, -9.710906675937993 ], [ -35.832820528832713, -9.710880435505931 ], [ -35.832776159022764, -9.710867315289118 ], [ -35.832736226193816, -9.710849821665928 ], [ -35.832669671478897, -9.710788593977513 ], [ -35.832607553744985, -9.710688005607985 ], [ -35.832567620916045, -9.710576483684687 ], [ -35.832532125068084, -9.710454028196692 ], [ -35.832505503182119, -9.710331572663941 ], [ -35.832461133372185, -9.710156636110872 ], [ -35.832470007334173, -9.710021060219375 ], [ -35.832487755258136, -9.709889857691497 ], [ -35.832505503182126, -9.709806762730569 ], [ -35.832549872992061, -9.709679933539919 ], [ -35.832549872992075, -9.709548730878357 ], [ -35.832545436011074, -9.709426275014524 ], [ -35.832514377144115, -9.709299445679774 ], [ -35.832474444315174, -9.709176989724771 ], [ -35.832456696391198, -9.709032666577452 ], [ -35.832390141676285, -9.70890583709363 ], [ -35.83232802394236, -9.708809621591083 ], [ -35.832270343189428, -9.708722152928457 ], [ -35.832234847341482, -9.708639057677775 ], [ -35.832163855645568, -9.708529721790185 ], [ -35.832092863949669, -9.708416012429231 ], [ -35.832061805082702, -9.708289182711859 ], [ -35.832079553006686, -9.70816672638745 ], [ -35.832119485835634, -9.708061763788022 ], [ -35.832119485835634, -9.708018029361904 ], [ -35.832075116025699, -9.707948054268194 ], [ -35.832017435272768, -9.707843091600251 ], [ -35.832021872253762, -9.7077512492388 ], [ -35.832021872253762, -9.707676900642026 ], [ -35.832021872253769, -9.707615672373489 ], [ -35.832062469269019, -9.707390913507952 ], [ -35.831791149242065, -9.707309530862862 ], [ -35.831808897166049, -9.707055870542073 ], [ -35.832029332493384, -9.706942642899707 ], [ -35.831946443576868, -9.706701620462249 ], [ -35.831753303322401, -9.706537155307846 ], [ -35.831717057766575, -9.706432154777966 ], [ -35.831571207022805, -9.706104496029097 ], [ -35.831580660827541, -9.705812262472683 ], [ -35.831456282674012, -9.705779082827531 ], [ -35.831440866067531, -9.705731727865732 ], [ -35.831437344975129, -9.705684483051618 ], [ -35.831410069868419, -9.705633083935751 ], [ -35.831374864429925, -9.705581611388373 ], [ -35.831285676778585, -9.705328726433482 ], [ -35.8310474579187, -9.705397599494672 ], [ -35.830964041398872, -9.705412564409922 ], [ -35.830872509486717, -9.705447125890551 ], [ -35.830749404292426, -9.70546565753695 ], [ -35.83064627298377, -9.70546863673454 ], [ -35.830452111650722, -9.705338390497557 ], [ -35.830347901492509, -9.705201976725016 ], [ -35.830307974671925, -9.705158509644228 ], [ -35.830292954632547, -9.7051060381303 ], [ -35.830287415831094, -9.705035184179307 ], [ -35.830282224589254, -9.704927392935605 ], [ -35.830258157776136, -9.704847132247441 ], [ -35.830209444898045, -9.704748173027742 ], [ -35.830166417761852, -9.704545826502684 ], [ -35.82969048937472, -9.704208087598774 ], [ -35.829371769955316, -9.704081641297403 ], [ -35.829235956454127, -9.704006502122526 ], [ -35.82906592893638, -9.703940281043474 ], [ -35.828936059775536, -9.703892902211621 ], [ -35.828805929902032, -9.703873226273751 ], [ -35.828641470080363, -9.703874780790505 ], [ -35.828483186242273, -9.70387947082844 ], [ -35.828418034413474, -9.703878867090962 ], [ -35.828284918085487, -9.703846849808343 ], [ -35.828158122649462, -9.703802577579244 ], [ -35.828046955509677, -9.703746136672354 ], [ -35.827926640418035, -9.703672679925225 ], [ -35.827827709340895, -9.703634822589832 ], [ -35.827716252509582, -9.703609162613404 ], [ -35.827579744132102, -9.703607897354766 ], [ -35.827505198070597, -9.70361644148991 ], [ -35.82743671200835, -9.703640433620627 ], [ -35.827210994684727, -9.703407835524263 ], [ -35.826965378970876, -9.703331232998085 ], [ -35.826827187545781, -9.703303990114328 ], [ -35.826616445622498, -9.703303990114328 ], [ -35.826395339342334, -9.703286963310873 ], [ -35.826191506990313, -9.703297179393063 ], [ -35.825956581567645, -9.703334638358381 ], [ -35.825728565716233, -9.703394232158239 ], [ -35.825573100362988, -9.703458933986091 ], [ -35.825452182866023, -9.70350660900915 ], [ -35.825113613972654, -9.703629201887349 ], [ -35.824980604627861, -9.703682836267625 ], [ -35.824845867988387, -9.703716889833434 ], [ -35.824676583492639, -9.703795213021715 ], [ -35.82443129371309, -9.703924616510069 ], [ -35.824196412383934, -9.70404729937168 ], [ -35.824125545185048, -9.704212368824738 ], [ -35.824087542543147, -9.704239611634636 ], [ -35.823935531975543, -9.704365609601549 ], [ -35.823828433621081, -9.70446777008047 ], [ -35.823738609194763, -9.704569930528237 ], [ -35.823669513482209, -9.704641442823158 ], [ -35.823638420411569, -9.704665280251398 ], [ -35.823538231628362, -9.704750413909858 ], [ -35.823472590701442, -9.704825331511389 ], [ -35.823410404560157, -9.704900249096188 ], [ -35.823375856703869, -9.704981977351386 ], [ -35.823344763633223, -9.705022841471518 ], [ -35.823268758349414, -9.705128407092127 ], [ -35.823156477816518, -9.705290160801079 ], [ -35.823066653390207, -9.705419563712011 ], [ -35.823025195962678, -9.705494481163909 ], [ -35.822973374178268, -9.705583019949106 ], [ -35.822852456681296, -9.70575328677797 ], [ -35.822769541924764, -9.705886094837265 ], [ -35.822653700320046, -9.706037494312062 ], [ -35.822539037462121, -9.706219136024288 ], [ -35.822457135420763, -9.706340230444356 ], [ -35.822371138277312, -9.706477470734185 ], [ -35.822171864011267, -9.706628456905415 ], [ -35.822088949057601, -9.706761264631972 ], [ -35.822023308130696, -9.706798723209982 ], [ -35.821943848061252, -9.706853208406875 ], [ -35.821860933206189, -9.706900882946915 ], [ -35.821722741781095, -9.706979205390784 ], [ -35.821570731213484, -9.707043906526273 ], [ -35.821508545072192, -9.707043906526264 ], [ -35.821425630217121, -9.707084770394847 ], [ -35.821332351005182, -9.707118823614875 ], [ -35.821256345721373, -9.707142660866827 ], [ -35.82115270215256, -9.707173308759717 ], [ -35.821021420298706, -9.707207361970729 ], [ -35.820917776729885, -9.707224388574941 ], [ -35.820776130519157, -9.707227793895679 ], [ -35.820634484308414, -9.707227793895671 ], [ -35.820523931168339, -9.707220983254158 ], [ -35.820409923242643, -9.707220983254158 ], [ -35.820278641388789, -9.707166498117065 ], [ -35.820171543034334, -9.707146066188393 ], [ -35.820085173393657, -9.707118823614861 ], [ -35.819974620253575, -9.707064338461155 ], [ -35.819891705398511, -9.707026879912846 ], [ -35.819832974042846, -9.706989421360351 ], [ -35.819753513973417, -9.706917909566673 ], [ -35.819718966117129, -9.706866829704703 ], [ -35.819698237403379, -9.706768075282817 ], [ -35.819663689547099, -9.706628456912494 ], [ -35.819601503405806, -9.706550134386612 ], [ -35.819542772050148, -9.706512675780811 ], [ -35.819487495480104, -9.70646500118553 ], [ -35.819463311980705, -9.706410515925466 ], [ -35.819439128481314, -9.706311761369051 ], [ -35.819416672374736, -9.706240249430692 ], [ -35.81936830537596, -9.706138089492269 ], [ -35.819302664449033, -9.706025713524038 ], [ -35.819268116592767, -9.705906526849857 ], [ -35.819233568736486, -9.70580096147448 ], [ -35.819226659165231, -9.705681774720331 ], [ -35.819219749593969, -9.70558301994906 ], [ -35.819230113950859, -9.705453617101256 ], [ -35.819240478307741, -9.705317403523269 ], [ -35.819250842664623, -9.70526632341725 ], [ -35.819240478307741, -9.7051982165971 ], [ -35.819219749593984, -9.705157352498341 ], [ -35.819205930451474, -9.70511308305243 ], [ -35.819195566094592, -9.705051786886887 ], [ -35.819195566094592, -9.704970058648684 ], [ -35.819219749593991, -9.704799791421763 ], [ -35.819254297450257, -9.704598875982725 ], [ -35.819288845306538, -9.70441839251948 ], [ -35.81935103144783, -9.704265151766828 ], [ -35.819416672374757, -9.704128937705628 ], [ -35.81947885851605, -9.704019966416805 ], [ -35.819706874367469, -9.703716889833371 ], [ -35.819775970080016, -9.70358067554926 ], [ -35.819824337078813, -9.70350235231086 ], [ -35.819924525862007, -9.703379759379164 ], [ -35.820014350288325, -9.703267382485711 ], [ -35.820086900786507, -9.703202680620869 ], [ -35.820159451284674, -9.703161816278746 ], [ -35.820228546997221, -9.703131168018892 ], [ -35.82030109749541, -9.703120951931652 ], [ -35.820394376707348, -9.703124357294101 ], [ -35.820477291562419, -9.703134573381252 ], [ -35.82052220377556, -9.703182248450451 ], [ -35.820525658561202, -9.703246950319235 ], [ -35.820529113346822, -9.703308246814979 ], [ -35.820529113346815, -9.703396786177903 ], [ -35.820501475061803, -9.703515973744953 ], [ -35.820466927205523, -9.703645377341131 ], [ -35.820408195849858, -9.703740727327403 ], [ -35.820366738422329, -9.703808834443839 ], [ -35.820363283636688, -9.703856509417092 ], [ -35.82037019320795, -9.70390418438358 ], [ -35.820422014992374, -9.703972291466814 ], [ -35.820439288920497, -9.704026777123394 ], [ -35.820425469777987, -9.704060830654273 ], [ -35.820394376707341, -9.704122127001121 ], [ -35.820342554922924, -9.704227692905526 ], [ -35.820339100137296, -9.704275367819191 ], [ -35.820332190566042, -9.704336664126807 ], [ -35.82030455228103, -9.704404771122098 ], [ -35.82025964006786, -9.704442229963604 ], [ -35.820211273069077, -9.704489904846731 ], [ -35.820187089569686, -9.704530769026883 ], [ -35.820124903428393, -9.70458525459266 ], [ -35.820052352930212, -9.704619308066786 ], [ -35.819990166788912, -9.704649956190496 ], [ -35.819927980647613, -9.704660172231126 ], [ -35.819803608365035, -9.704743603217914 ], [ -35.819737967438108, -9.704801494094486 ], [ -35.819724148295606, -9.704845763581584 ], [ -35.819724148295599, -9.704873006339975 ], [ -35.819793244008146, -9.704862790305825 ], [ -35.819865794506327, -9.704825331511342 ], [ -35.819931435433247, -9.704794683403643 ], [ -35.819990166788919, -9.70477765667593 ], [ -35.820124903428393, -9.704685712331351 ], [ -35.820232001782841, -9.704603984003866 ], [ -35.820394376707334, -9.704471175429175 ], [ -35.820508384633051, -9.704433716590907 ], [ -35.820612028201865, -9.704396257748437 ], [ -35.820708762199445, -9.704328150751408 ], [ -35.820829679696402, -9.704222584878663 ], [ -35.82091950412272, -9.704134045733934 ], [ -35.821057695547822, -9.704062533330728 ], [ -35.821130246046003, -9.704031885153253 ], [ -35.821230434829204, -9.704018263740142 ], [ -35.821289166184869, -9.704021669093482 ], [ -35.821347897540534, -9.704045506565825 ], [ -35.821403174110579, -9.704117018972648 ], [ -35.821451541109354, -9.704212368824692 ], [ -35.821486088965635, -9.704304313299192 ], [ -35.821524091607536, -9.704386041699777 ], [ -35.821541365535666, -9.704433716590934 ], [ -35.821579368177574, -9.704508634263281 ], [ -35.821610461248213, -9.704563119832669 ], [ -35.821648463890121, -9.704576741223633 ], [ -35.821679556960767, -9.704573335875939 ], [ -35.821686466532029, -9.704535877049084 ], [ -35.821669192603885, -9.704399663097956 ], [ -35.821620825605109, -9.704154477846332 ], [ -35.821596642105717, -9.703973994143698 ], [ -35.821610461248227, -9.703875238869051 ], [ -35.821613916033861, -9.703783294276807 ], [ -35.82158973253447, -9.703677728232392 ], [ -35.821575913391953, -9.703599405016654 ], [ -35.82158973253447, -9.703454677287223 ], [ -35.821572458606326, -9.703328678977737 ], [ -35.821586277748843, -9.703192464535839 ], [ -35.821620825605116, -9.703059655401674 ], [ -35.821662283032651, -9.702950683765089 ], [ -35.821745197887708, -9.702865549649335 ], [ -35.821817748385882, -9.702800847706923 ], [ -35.821890298884071, -9.702773604780035 ], [ -35.821959394596611, -9.702770199414035 ], [ -35.822004306809774, -9.702780415511972 ], [ -35.822052673808557, -9.702732740385601 ], [ -35.822073402522321, -9.702620363275168 ], [ -35.822097586021719, -9.702467121700215 ], [ -35.822142498234882, -9.702351339130425 ], [ -35.822142498234875, -9.702225340406095 ], [ -35.822170136519908, -9.702116368498196 ], [ -35.822183955662418, -9.702053369097797 ], [ -35.822177046091149, -9.701964829379891 ], [ -35.822216776125877, -9.701923964886822 ], [ -35.822206411768988, -9.701774128369573 ], [ -35.822192592626486, -9.701644724050759 ], [ -35.822168409127087, -9.70150850892437 ], [ -35.82214768041333, -9.701416563682747 ], [ -35.822140770842068, -9.701321213035165 ], [ -35.822137316056455, -9.701266726938666 ], [ -35.822116587342684, -9.701208835451389 ], [ -35.822106222985802, -9.701161160101464 ], [ -35.822088949057658, -9.701072620147851 ], [ -35.822102768200175, -9.701014728627072 ], [ -35.822075129915156, -9.700902350940542 ], [ -35.82203367248762, -9.700834243233393 ], [ -35.821971486346335, -9.70075591935308 ], [ -35.821971486346335, -9.700684406228968 ], [ -35.821874752348762, -9.70046646137569 ], [ -35.821628798187362, -9.699971107822675 ], [ -35.821549072463952, -9.699840131079499 ], [ -35.821495718155994, -9.699796774735447 ], [ -35.821438675135411, -9.699749918451037 ], [ -35.821391139284927, -9.699679634012094 ], [ -35.821315081924141, -9.699618720819791 ], [ -35.821286560413853, -9.699595292665938 ], [ -35.821234270978316, -9.699543750721727 ], [ -35.821177227957726, -9.699515636930631 ], [ -35.821053634746463, -9.699487523137165 ], [ -35.820944302290336, -9.699482837504714 ], [ -35.820820709079065, -9.699487523137151 ], [ -35.820716130207984, -9.699515636930627 ], [ -35.820616304921963, -9.699585921403948 ], [ -35.820539212049944, -9.699593894677083 ], [ -35.820432910854763, -9.699567699311633 ], [ -35.8204010205259, -9.699515308560303 ], [ -35.82036913019703, -9.699436722417936 ], [ -35.820337239868159, -9.699321462709154 ], [ -35.820310664594103, -9.69923239836158 ], [ -35.820209678552686, -9.699101421336888 ], [ -35.82011932262089, -9.699028074180696 ], [ -35.820034281743908, -9.698991400596579 ], [ -35.819954555921733, -9.69895996609273 ], [ -35.819912035483249, -9.698965205176895 ], [ -35.819848254825509, -9.698986161512815 ], [ -35.819811049441817, -9.698959966092719 ], [ -35.81980573438701, -9.698918053416298 ], [ -35.819826994606252, -9.698881379820186 ], [ -35.819848254825509, -9.698823749875261 ], [ -35.819874830099558, -9.698771359007651 ], [ -35.819869515044751, -9.698708489955735 ], [ -35.819864199989937, -9.698593229996547 ], [ -35.81985888493513, -9.698509404546808 ], [ -35.819803441878619, -9.698517595819297 ], [ -35.819736891687938, -9.698466053709391 ], [ -35.819703616592584, -9.69839108335354 ], [ -35.819660834327152, -9.698283313437651 ], [ -35.819570516211236, -9.69815680088351 ], [ -35.819537241115889, -9.698025602628762 ], [ -35.819470690925208, -9.69788971866797 ], [ -35.81940414073452, -9.697763205965293 ], [ -35.819366112054141, -9.69760389360512 ], [ -35.819375619224232, -9.697491437775877 ], [ -35.819394633564428, -9.697397724556057 ], [ -35.819399387149474, -9.697285268657691 ], [ -35.819375619224232, -9.69720092670914 ], [ -35.819366112054148, -9.697135327401194 ], [ -35.819313822618604, -9.697069728080358 ], [ -35.819252026012968, -9.697008814413854 ], [ -35.819223504502681, -9.696957272071998 ], [ -35.819223504502681, -9.696877615709901 ], [ -35.819194982992379, -9.696840130356478 ], [ -35.81915220072694, -9.696783902318513 ], [ -35.819123679216645, -9.69676984530753 ], [ -35.819061882611024, -9.696769845307536 ], [ -35.819004839590434, -9.69676984530752 ], [ -35.818914521474497, -9.696737045612986 ], [ -35.818881246379149, -9.696694874572422 ], [ -35.818838464113725, -9.696629275165423 ], [ -35.818814696188475, -9.696544933051912 ], [ -35.818771913923044, -9.696465276591853 ], [ -35.818757653167893, -9.696380934437054 ], [ -35.818748145997802, -9.696305963615009 ], [ -35.818729131657605, -9.696221621420142 ], [ -35.818733885242651, -9.696156021920572 ], [ -35.818698064401943, -9.696143194770945 ], [ -35.818566843197601, -9.696011024112524 ], [ -35.818497683051433, -9.69593410917583 ], [ -35.818451380043214, -9.695903632329332 ], [ -35.818363345474168, -9.695851966244495 ], [ -35.81828018766106, -9.695777232556287 ], [ -35.818217971982023, -9.695705004681058 ], [ -35.818188039717235, -9.695667746017902 ], [ -35.818151010451238, -9.69564197787199 ], [ -35.818123167628528, -9.695630162790579 ], [ -35.818081327068889, -9.695620528966007 ], [ -35.818027970759182, -9.695596920431115 ], [ -35.817976921971074, -9.695575644614488 ], [ -35.817930749928877, -9.695531301214295 ], [ -35.81787539147598, -9.695473004742849 ], [ -35.817825062450275, -9.695375463095978 ], [ -35.817795544646692, -9.695294293800501 ], [ -35.817751701981422, -9.695249972034556 ], [ -35.81771933143623, -9.695224247145312 ], [ -35.817666062466301, -9.695191394241572 ], [ -35.817638372380443, -9.695163401543017 ], [ -35.817594420699436, -9.695130635193005 ], [ -35.817538975121231, -9.695081583044583 ], [ -35.817492672334211, -9.695051106132121 ], [ -35.817285654506279, -9.69490530303143 ], [ -35.817215317071948, -9.694817565650773 ], [ -35.817161561283868, -9.69473233594915 ], [ -35.817081758227658, -9.694642156997016 ], [ -35.816992289613125, -9.694570717171105 ], [ -35.816912197862024, -9.694511132547758 ], [ -35.816818074236004, -9.694430234976053 ], [ -35.816764163098441, -9.69436147913661 ], [ -35.816647394755137, -9.694292139209864 ], [ -35.816550699350962, -9.694232400253998 ], [ -35.816465797185742, -9.694179831722485 ], [ -35.816383444751736, -9.694108457942637 ], [ -35.816327184003868, -9.694037326625939 ], [ -35.816219051033869, -9.693932762624256 ], [ -35.816064942515972, -9.693798351137467 ], [ -35.81599927309734, -9.693731860780115 ], [ -35.815940450582588, -9.693615895478523 ], [ -35.815881628067828, -9.693550181789798 ], [ -35.815818884052092, -9.693499930136804 ], [ -35.815767904539307, -9.693465140526497 ], [ -35.81569731752159, -9.693414888860753 ], [ -35.815626730503887, -9.693349175132672 ], [ -35.815587515494052, -9.693260268303572 ], [ -35.815524771478302, -9.693186823513956 ], [ -35.81548163496749, -9.693152033871153 ], [ -35.81539928344683, -9.693097916641843 ], [ -35.815356146936011, -9.693043799403787 ], [ -35.815297324421252, -9.692951026975399 ], [ -35.815254187910433, -9.692896909713671 ], [ -35.815195365395674, -9.692881447637298 ], [ -35.815077720366162, -9.692846657962805 ], [ -35.815026740853376, -9.692823464844462 ], [ -35.814975761340577, -9.692784809643726 ], [ -35.814924781827798, -9.692742288917728 ], [ -35.814865959313039, -9.692711364749991 ], [ -35.814803215297303, -9.692688171622322 ], [ -35.814724785277626, -9.692688171622311 ], [ -35.814677727265817, -9.692695902665051 ], [ -35.814650276758933, -9.692722961313216 ], [ -35.814607140248114, -9.692730692355168 ], [ -35.814567925238265, -9.692726826834223 ], [ -35.814465966212694, -9.69268817162232 ], [ -35.814356164185149, -9.692653381927787 ], [ -35.814305184672364, -9.692587668050525 ], [ -35.814183618141861, -9.69256060939145 ], [ -35.814085580617267, -9.692549012822566 ], [ -35.813983621591689, -9.692549012822573 ], [ -35.813889505568085, -9.692549012822571 ], [ -35.813807154047417, -9.692537416253312 ], [ -35.813732645528731, -9.692510357590187 ], [ -35.813654215509054, -9.692514223113609 ], [ -35.813587549992342, -9.692518088636991 ], [ -35.81350911997265, -9.692518088637012 ], [ -35.813446375956921, -9.692494895495981 ], [ -35.813391474943145, -9.692475567877224 ], [ -35.813316966424452, -9.69239439186628 ], [ -35.81326990841265, -9.692286157154459 ], [ -35.813254222408716, -9.692185653462227 ], [ -35.813234614903799, -9.692116073965353 ], [ -35.813187556892004, -9.692050359982828 ], [ -35.813128734377237, -9.691992377046377 ], [ -35.813046382856584, -9.691973049398685 ], [ -35.812936580829032, -9.691957587279722 ], [ -35.812775799288701, -9.69195372174986 ], [ -35.812638546754265, -9.691949856219951 ], [ -35.812513058722793, -9.691957587279697 ], [ -35.812403256695234, -9.691973049398678 ], [ -35.812352277182448, -9.692007839163757 ], [ -35.812316983673604, -9.692038763396329 ], [ -35.812173848887682, -9.692063889333205 ], [ -35.811993459842434, -9.692044561689626 ], [ -35.811875814812929, -9.692152796479382 ], [ -35.81174640538093, -9.692166325818393 ], [ -35.811507193720466, -9.692274560576109 ], [ -35.811264060659461, -9.6923750642417 ], [ -35.811095436117149, -9.692460105781375 ], [ -35.810922890073869, -9.692591533573015 ], [ -35.810730736525656, -9.692746154438456 ], [ -35.810530739975491, -9.69287371659874 ], [ -35.810322900423344, -9.693009009746087 ], [ -35.810225792541246, -9.693056673539939 ], [ -35.810014213237892, -9.693274299917604 ], [ -35.8098762268014, -9.693419384086081 ], [ -35.809738240364908, -9.693564468191813 ], [ -35.809600253928423, -9.693718619985379 ], [ -35.80937027653426, -9.693936245926283 ], [ -35.809213891906232, -9.694190142678872 ], [ -35.809094303661261, -9.694416836045548 ], [ -35.808977756162733, -9.694855250603458 ], [ -35.808934003788885, -9.695174394162088 ], [ -35.80889900188982, -9.695467660948207 ], [ -35.808855249515979, -9.695760927477869 ], [ -35.8088379047513, -9.695887591761082 ], [ -35.808875938580925, -9.695940516492835 ], [ -35.808860358650911, -9.696059849486634 ], [ -35.80885423062221, -9.696198387041351 ], [ -35.808862370919584, -9.696356174035227 ], [ -35.808874739639421, -9.696576129062617 ], [ -35.808897057798944, -9.696762722914015 ], [ -35.808915011828269, -9.696901484848684 ], [ -35.80893710381681, -9.697111972231216 ], [ -35.808982961349066, -9.69735613493998 ], [ -35.809042788628346, -9.697526488343543 ], [ -35.809057408443728, -9.697643667503204 ], [ -35.809082636393555, -9.69774794073707 ], [ -35.809099877471908, -9.697865144325519 ], [ -35.809096739246563, -9.697919735123724 ], [ -35.80908821078264, -9.69798988142133 ], [ -35.80910564878937, -9.698086279213753 ], [ -35.809088444116888, -9.698242176154013 ], [ -35.809066058415986, -9.698391522423714 ], [ -35.809039033307585, -9.698477102078177 ], [ -35.809017324576089, -9.69855492840529 ], [ -35.809002962620013, -9.698687443223182 ], [ -35.808991443490513, -9.69879657594319 ], [ -35.80899575045531, -9.698895452328019 ], [ -35.808960959915929, -9.698970555774553 ], [ -35.808892043568321, -9.699050543088516 ], [ -35.808834341464369, -9.699122832030858 ], [ -35.808749254190865, -9.699249485746225 ], [ -35.808679795995417, -9.699386688901066 ], [ -35.808612909754991, -9.699529117901614 ], [ -35.808533187946914, -9.699642816749932 ], [ -35.808501240103297, -9.699694538014477 ], [ -35.808466153805632, -9.699800850021731 ], [ -35.808402381183349, -9.699891288900936 ], [ -35.80831312494373, -9.699973687343819 ], [ -35.808252121296526, -9.700048546271857 ], [ -35.808167452217205, -9.700130987414504 ], [ -35.808074599053, -9.70024716459384 ], [ -35.807968737946346, -9.700352816644958 ], [ -35.807870789882585, -9.700453340519044 ], [ -35.807799202379272, -9.700538504428589 ], [ -35.807717376058747, -9.700597563335096 ], [ -35.8076199698354, -9.700640871233766 ], [ -35.807506885176558, -9.700678830995464 ], [ -35.807377826434454, -9.700742651245539 ], [ -35.807248841572246, -9.700798669271766 ], [ -35.807067628162315, -9.700833392540883 ], [ -35.806926005028231, -9.700839874521302 ], [ -35.806768703506158, -9.700841008307698 ], [ -35.806608854657881, -9.700834315416353 ], [ -35.806404312701666, -9.700832799729104 ], [ -35.806260497785438, -9.70075977144008 ], [ -35.806217511830766, -9.700721137527651 ], [ -35.806198744103739, -9.700668392201566 ], [ -35.806247406965106, -9.70061627591703 ], [ -35.806315199836021, -9.700578675414292 ], [ -35.806344551503862, -9.700531158078043 ], [ -35.806253446153484, -9.700487296190772 ], [ -35.806133396740442, -9.700447943387481 ], [ -35.805955413903895, -9.700422387414841 ], [ -35.805715224712451, -9.700353238979609 ], [ -35.805523336177089, -9.700270203744008 ], [ -35.805259789741015, -9.70012437137024 ], [ -35.805121290233146, -9.699998822173502 ], [ -35.804968250868328, -9.699882695486878 ], [ -35.804820390488565, -9.699728384235982 ], [ -35.804678026240481, -9.699502437653081 ], [ -35.804655620218213, -9.699325401610421 ], [ -35.80470968834836, -9.699211207609205 ], [ -35.804801925570729, -9.699135602620949 ], [ -35.804922880215528, -9.699079381991126 ], [ -35.805048288907102, -9.699061435732254 ], [ -35.805245627196314, -9.699077614305759 ], [ -35.805308376844415, -9.699063862433523 ], [ -35.805327869079328, -9.699040148745869 ], [ -35.805328503161597, -9.698973247126386 ], [ -35.805314461457286, -9.698930104133387 ], [ -35.8053439488911, -9.698868250816803 ], [ -35.805440640035627, -9.698830920015757 ], [ -35.805431369466881, -9.698792600646168 ], [ -35.805359394600515, -9.698763254502889 ], [ -35.805282512729796, -9.698743420786483 ], [ -35.805153374731148, -9.698646633762884 ], [ -35.805028373841452, -9.698621571939814 ], [ -35.804879517287972, -9.698572391947327 ], [ -35.804726387935496, -9.698465822747936 ], [ -35.804545428318171, -9.698373331131144 ], [ -35.804425832984819, -9.698286191198786 ], [ -35.804277112645671, -9.69822267497165 ], [ -35.804167059695935, -9.698145182245893 ], [ -35.80402824417682, -9.698053083754981 ], [ -35.803918236659904, -9.697970812303826 ], [ -35.803769516608561, -9.697907295930243 ], [ -35.803692997601885, -9.697849232510011 ], [ -35.803621521591303, -9.69776732063869 ], [ -35.803507286913685, -9.697622881334949 ], [ -35.803460119613135, -9.697517300841222 ], [ -35.803364561661589, -9.697435164176868 ], [ -35.80328890377271, -9.69728630583923 ], [ -35.803123391454598, -9.697088817763705 ], [ -35.803032831365456, -9.696987611320889 ], [ -35.802918415898517, -9.696862286686457 ], [ -35.80285670900799, -9.696766128670763 ], [ -35.80268522199065, -9.696563805665882 ], [ -35.802556992061646, -9.696371444661667 ], [ -35.802423537995743, -9.696222046758713 ], [ -35.802318937045669, -9.696077697307775 ], [ -35.802224422152847, -9.695885651050707 ], [ -35.802096237997254, -9.695688511361865 ], [ -35.802073198492138, -9.695578377053316 ], [ -35.80197804930183, -9.695453232227223 ], [ -35.801849230878766, -9.695322993946609 ], [ -35.801754263129382, -9.695178734420848 ], [ -35.801634941654108, -9.695062922069013 ], [ -35.801602042925154, -9.694976591201588 ], [ -35.80159392750322, -9.694901060857156 ], [ -35.801582442656525, -9.694833135897913 ], [ -35.801540629189041, -9.694793503215051 ], [ -35.801470232332235, -9.694756138618875 ], [ -35.80136734476779, -9.694649382585684 ], [ -35.801286117743231, -9.694521275301 ], [ -35.801248211798445, -9.694409181386774 ], [ -35.801172399908857, -9.694313100859004 ], [ -35.801091172884298, -9.694243709349644 ], [ -35.801037021534597, -9.694168980015826 ], [ -35.800993700454818, -9.694056885983841 ], [ -35.800944964240095, -9.693998170047376 ], [ -35.800869152350508, -9.693907427216265 ], [ -35.800787925325942, -9.693795333096867 ], [ -35.800728358841276, -9.693752630565339 ], [ -35.800668792356596, -9.69368323894 ], [ -35.800620056141874, -9.693587158204325 ], [ -35.800544244252272, -9.693528442185638 ], [ -35.800473847497663, -9.693475063977893 ], [ -35.800414281012991, -9.693362969714002 ], [ -35.800381790203161, -9.693266888886585 ], [ -35.800289732908659, -9.693181483683562 ], [ -35.800246411828901, -9.693090740631494 ], [ -35.800197675614164, -9.693005335383594 ], [ -35.800089372914755, -9.692882565301664 ], [ -35.799970239945402, -9.692706416844745 ], [ -35.799872767515936, -9.692530268295332 ], [ -35.79980237076132, -9.692370133170142 ], [ -35.799748219411619, -9.692242025014954 ], [ -35.799672407522024, -9.692167295235171 ], [ -35.799574935092565, -9.692055200534295 ], [ -35.799477462663091, -9.691911078720956 ], [ -35.799379990233618, -9.691708240508429 ], [ -35.799293348074094, -9.691524084656622 ], [ -35.799255442129308, -9.691422665448702 ], [ -35.799174215104742, -9.691283881219757 ], [ -35.799098403215154, -9.691150434791627 ], [ -35.799017176190588, -9.691027664030887 ], [ -35.798968439975866, -9.690904893225174 ], [ -35.79889804322125, -9.690771446646314 ], [ -35.798833061601606, -9.690638000014378 ], [ -35.798800570791784, -9.690531242670605 ], [ -35.798741004307104, -9.690355092979113 ], [ -35.798697683227346, -9.690216308308571 ], [ -35.798670607552495, -9.69012556445451 ], [ -35.79865436214758, -9.690056172078959 ], [ -35.798611041067815, -9.689981441812277 ], [ -35.798567719988057, -9.689837319108159 ], [ -35.798546059448178, -9.689741237271024 ], [ -35.798546059448178, -9.689597114463727 ], [ -35.798540644313206, -9.689415626396128 ], [ -35.798567719988064, -9.689303530775934 ], [ -35.798611041067822, -9.689186097228882 ], [ -35.798676022687474, -9.689100690987051 ], [ -35.798719343767239, -9.689036636291416 ], [ -35.798805985926769, -9.688993933154185 ], [ -35.798908873491207, -9.688993933154176 ], [ -35.798963024840909, -9.688991264207925 ], [ -35.799044251865467, -9.68897525052995 ], [ -35.799071327540332, -9.688937885278339 ], [ -35.799087572945233, -9.688847141078545 ], [ -35.799092988080211, -9.688788424230292 ], [ -35.799103818350147, -9.688617611522465 ], [ -35.799109233485126, -9.68832936488084 ], [ -35.799109233485133, -9.688041117991649 ], [ -35.799082157810268, -9.687784898326784 ], [ -35.799103818350162, -9.687555368044222 ], [ -35.799076742675311, -9.687272458410193 ], [ -35.799044251865496, -9.687021576082435 ], [ -35.798995515650759, -9.686829410768382 ], [ -35.798925118896143, -9.686631907414277 ], [ -35.798849307006556, -9.686429066010739 ], [ -35.798735589172182, -9.686220886548069 ], [ -35.798616456202836, -9.685980679315334 ], [ -35.798529814043299, -9.685852568720945 ], [ -35.798518983773356, -9.685788513405388 ], [ -35.798515343530248, -9.68570036581159 ], [ -35.798473947599305, -9.685577948232609 ], [ -35.798379656867723, -9.685398855768202 ], [ -35.798375057319838, -9.685276438079304 ], [ -35.798342860484667, -9.685199360252243 ], [ -35.798269267718531, -9.685140418372578 ], [ -35.798200274500282, -9.685076942490609 ], [ -35.798158878569339, -9.684986262638358 ], [ -35.798080686255332, -9.684963592671467 ], [ -35.798048489420154, -9.684963592671457 ], [ -35.798011693139955, -9.684922786719792 ], [ -35.797942554202564, -9.684871824961983 ], [ -35.797921534116306, -9.684827793883105 ], [ -35.797832198749695, -9.684781172734413 ], [ -35.797798041109516, -9.684726781386141 ], [ -35.797774393512476, -9.684698290676383 ], [ -35.797742863383085, -9.68467498009387 ], [ -35.797703450721343, -9.684649079444725 ], [ -35.797669293081171, -9.684612818532591 ], [ -35.797656155527257, -9.684545476828207 ], [ -35.79760339909965, -9.684491330624049 ], [ -35.797603398996202, -9.684491330630967 ], [ -35.797571829673409, -9.684468096229482 ], [ -35.79756056998783, -9.684436449159323 ], [ -35.797540668346223, -9.684401853934823 ], [ -35.797509235033544, -9.684364283568055 ], [ -35.797460463419498, -9.684326551274419 ], [ -35.797397297630269, -9.684282949651806 ], [ -35.797357004790435, -9.684265368661245 ], [ -35.797308042805426, -9.684247706700864 ], [ -35.79724449623798, -9.684244245748697 ], [ -35.797181357703479, -9.684197776908208 ], [ -35.797152623755245, -9.684180303859057 ], [ -35.797112412554895, -9.684154121272826 ], [ -35.797066340323624, -9.68413648627725 ], [ -35.796985836348924, -9.684092722663095 ], [ -35.796942653851545, -9.684075114646737 ], [ -35.796893719135859, -9.684054585451783 ], [ -35.796859341812848, -9.684022722448489 ], [ -35.796842221164106, -9.683999622969116 ], [ -35.796796040159528, -9.683993456711375 ], [ -35.796732384855439, -9.684001464443512 ], [ -35.796689039159631, -9.684001059545785 ], [ -35.796631353724997, -9.68398905091253 ], [ -35.796541935874153, -9.683971010952355 ], [ -35.796449764364674, -9.683938608027782 ], [ -35.796334529606646, -9.683900254737202 ], [ -35.796204900752095, -9.683856032052997 ], [ -35.796055043978541, -9.683811620343908 ], [ -35.795899980610734, -9.6837829308684 ], [ -35.795767162861324, -9.68377022011863 ], [ -35.795660243656378, -9.683769221084006 ], [ -35.795576550982091, -9.683756969284273 ], [ -35.795507334072234, -9.683741985292212 ], [ -35.795414999516417, -9.683726785262218 ], [ -35.795311078934127, -9.683714344380139 ], [ -35.795198217078692, -9.68373049431672 ], [ -35.795091270727951, -9.68373236229495 ], [ -35.795030614119291, -9.683728927976265 ], [ -35.794837248822127, -9.683701313813998 ], [ -35.794718552083154, -9.683647156786787 ], [ -35.794684202287584, -9.683612426459112 ], [ -35.794644045870371, -9.683580509296187 ], [ -35.794621200458991, -9.683551621373175 ], [ -35.794543586807578, -9.683507884339935 ], [ -35.794520714187584, -9.683481863598928 ], [ -35.794492089389259, -9.683452921652503 ], [ -35.794454604931509, -9.683443968963246 ], [ -35.794417202146157, -9.683426414718156 ], [ -35.794388495693092, -9.683406074319535 ], [ -35.794388876817308, -9.683365933742673 ], [ -35.794383315200193, -9.683342942248279 ], [ -35.794372055851461, -9.683311295180006 ], [ -35.79437246419679, -9.683268287419541 ], [ -35.794384485784846, -9.683219653333467 ], [ -35.794405176465439, -9.683171100276761 ], [ -35.794426084914619, -9.683099609743062 ], [ -35.794432218197265, -9.683062390367825 ], [ -35.794446993350391, -9.683028119204984 ], [ -35.794458797137182, -9.683002422584105 ], [ -35.79445966821973, -9.6829106726855 ], [ -35.794480440520033, -9.682853518060687 ], [ -35.794477904693849, -9.682816217654613 ], [ -35.794484282940815, -9.682753193614529 ], [ -35.79448188321345, -9.682701557286247 ], [ -35.794473704093932, -9.682649866941535 ], [ -35.794454020636437, -9.68259233419553 ], [ -35.794455218322781, -9.682466178082379 ], [ -35.794467430371157, -9.682397473687342 ], [ -35.794453444641469, -9.682348596513849 ], [ -35.794425337089798, -9.682265178090473 ], [ -35.794405898618848, -9.68218184069174 ], [ -35.794377872739275, -9.682089820719336 ], [ -35.794346793860953, -9.682014976846647 ], [ -35.794324846789173, -9.68189147186802 ], [ -35.794299356766977, -9.681836752302905 ], [ -35.794262226343292, -9.681790526259856 ], [ -35.79424826786213, -9.681738781910298 ], [ -35.794240320121197, -9.681662720513287 ], [ -35.794215347289658, -9.681553524457689 ], [ -35.794190292805446, -9.681452929956379 ], [ -35.794185248356669, -9.681375461978625 ], [ -35.794183733229445, -9.681230642188119 ], [ -35.794196135731532, -9.681141867514784 ], [ -35.794202568331549, -9.681073109113704 ], [ -35.794197278895275, -9.681021445790863 ], [ -35.794197659946555, -9.680981305215989 ], [ -35.794177840456051, -9.680938108415379 ], [ -35.794152268828753, -9.680891990419108 ], [ -35.794144021670583, -9.680847468051894 ], [ -35.794106483065207, -9.680844249787119 ], [ -35.794077395749191, -9.680864050007273 ], [ -35.794059703832779, -9.680901161352875 ], [ -35.794079577742828, -9.68093862378764 ], [ -35.794099533312398, -9.680967484671656 ], [ -35.794107712415212, -9.681019174997926 ], [ -35.794095364344194, -9.68110221529532 ], [ -35.794083206796458, -9.681165185305007 ], [ -35.794068377315917, -9.6812051908367 ], [ -35.794053547830508, -9.681245196366557 ], [ -35.794035883098246, -9.681279440519502 ], [ -35.794012438996724, -9.681313630653445 ], [ -35.793974764243146, -9.681324748274184 ], [ -35.793943086621361, -9.681312982443091 ], [ -35.793917351693622, -9.681284067529834 ], [ -35.793909063744081, -9.681243845939305 ], [ -35.793895431969126, -9.681157695402261 ], [ -35.793875285867486, -9.681148904789509 ], [ -35.793854921996946, -9.681163051639352 ], [ -35.793857539464277, -9.681191750478018 ], [ -35.793871661213352, -9.681226291720511 ], [ -35.793868308767408, -9.681275006821231 ], [ -35.793853452033538, -9.681317879516513 ], [ -35.793827009342984, -9.681363511352204 ], [ -35.793809181246985, -9.681414958580392 ], [ -35.793781295720365, -9.681612551088897 ], [ -35.793757484046104, -9.68168544815371 ], [ -35.79374194666466, -9.681800000395649 ], [ -35.793723329001111, -9.681934595897287 ], [ -35.793699068055531, -9.682054801454177 ], [ -35.79366630136753, -9.682157722868528 ], [ -35.793624920034816, -9.682254828865647 ], [ -35.793562642872374, -9.682346004626748 ], [ -35.793515591003079, -9.682431587834822 ], [ -35.793486285675904, -9.682474325401254 ], [ -35.79342530265388, -9.682505297054064 ], [ -35.79337609622165, -9.682513439310616 ], [ -35.793269313816431, -9.682498103754464 ], [ -35.793153780668511, -9.682491288653623 ], [ -35.793081538420303, -9.682490613172209 ], [ -35.793009350641938, -9.682484203315019 ], [ -35.792919988133548, -9.682460428238178 ], [ -35.792847909309856, -9.682442549630487 ], [ -35.792773076980531, -9.682410308089793 ], [ -35.792707049905808, -9.68236381170717 ], [ -35.792652581599789, -9.682317423408549 ], [ -35.792601030231218, -9.682268194949799 ], [ -35.792564090719544, -9.682201898529501 ], [ -35.792536119862824, -9.682104144209829 ], [ -35.792511447223895, -9.681963409230692 ], [ -35.792503949273438, -9.681840039465351 ], [ -35.792511212915493, -9.681683832253304 ], [ -35.792491815072395, -9.681520207139009 ], [ -35.792489960275653, -9.681411227314316 ], [ -35.792484834523101, -9.681342360974604 ], [ -35.792468367924208, -9.681250449118059 ], [ -35.792452091958559, -9.681138467010394 ], [ -35.792456125418624, -9.681018072513897 ], [ -35.792454352280437, -9.680900491153896 ], [ -35.792464028895715, -9.680794486590212 ], [ -35.792473405945174, -9.680720020993881 ], [ -35.792479838849843, -9.680651262734429 ], [ -35.792471414916641, -9.680625377063723 ], [ -35.792427687815319, -9.680589125275519 ], [ -35.792405251238584, -9.680517229642899 ], [ -35.792391347519512, -9.680459750965465 ], [ -35.792380524093417, -9.680382229056283 ], [ -35.792358605707406, -9.680331844023796 ], [ -35.792330444272096, -9.680254159999071 ], [ -35.792291023722221, -9.680144828931349 ], [ -35.792257328057474, -9.680041286263458 ], [ -35.79223521829794, -9.679934984498548 ], [ -35.792212700069648, -9.67987169041379 ], [ -35.792192799195064, -9.679837095134326 ], [ -35.792164256562792, -9.679799551617121 ], [ -35.792153242541225, -9.67974209997047 ], [ -35.792128134216334, -9.679647239907732 ], [ -35.792108968610194, -9.679535230816963 ], [ -35.792100708096875, -9.679492142084387 ], [ -35.792083805832355, -9.679446105115439 ], [ -35.792049374986476, -9.679419976276099 ], [ -35.792023776517915, -9.679376725426497 ], [ -35.791975333096687, -9.679304586637331 ], [ -35.791921137608192, -9.679229526629358 ], [ -35.791927298174436, -9.679189440180588 ], [ -35.791924816995646, -9.679146405493267 ], [ -35.791913421755794, -9.679129094346177 ], [ -35.791878882024321, -9.679114434214759 ], [ -35.79184731365136, -9.679091199568587 ], [ -35.791827385608606, -9.679059471471062 ], [ -35.791787801858497, -9.678967343501483 ], [ -35.791704846064327, -9.678877677396533 ], [ -35.791662018672341, -9.67882279571108 ], [ -35.791636556449603, -9.678765208976598 ], [ -35.791619735959671, -9.678710570484217 ], [ -35.791611584431116, -9.678656013056749 ], [ -35.791606404253848, -9.678592881120005 ], [ -35.791632737917944, -9.678558718184856 ], [ -35.791676164397245, -9.678550521963798 ], [ -35.791759719228352, -9.678577110145104 ], [ -35.791848971691785, -9.678612353881727 ], [ -35.791964231064142, -9.678647840767141 ], [ -35.792102553249791, -9.678689278117288 ], [ -35.792209633842717, -9.678673074668442 ], [ -35.792287899569935, -9.678647999490787 ], [ -35.792360385981318, -9.678622870261615 ], [ -35.792453127195287, -9.678595062933432 ], [ -35.792571793620326, -9.678576100232432 ], [ -35.79268165496083, -9.678571392350158 ], [ -35.792759485091452, -9.678592191929811 ], [ -35.792825538831032, -9.678635820894565 ], [ -35.792877198751576, -9.678673580437419 ], [ -35.792914464844053, -9.678705470562434 ], [ -35.792957401370714, -9.678748883429327 ], [ -35.792985862396677, -9.678795028424735 ], [ -35.793008435224856, -9.678852588123725 ], [ -35.79303703237202, -9.678884397214773 ], [ -35.793111864073055, -9.678916638459128 ], [ -35.7931664409532, -9.678951557810173 ], [ -35.793197737240405, -9.67900346417432 ], [ -35.793257848483719, -9.679064242170405 ], [ -35.793315042866787, -9.679127860336198 ], [ -35.793357761738619, -9.679194210640745 ], [ -35.793418118018394, -9.679229183990344 ], [ -35.793446878551549, -9.679243789976802 ], [ -35.793478637627231, -9.679246954240178 ], [ -35.793513449680063, -9.679232942414131 ], [ -35.793556903502278, -9.679221878785672 ], [ -35.793597086608557, -9.679250928699918 ], [ -35.793605265674906, -9.679302619004257 ], [ -35.793578877641359, -9.679342516500505 ], [ -35.793537959621069, -9.679390880504235 ], [ -35.793514243481631, -9.679453742455799 ], [ -35.793500163719301, -9.679490887538437 ], [ -35.793520119183064, -9.679519748414659 ], [ -35.793546126174483, -9.679519991482639 ], [ -35.793577939717203, -9.679517421380636 ], [ -35.793618177290369, -9.67954073693887 ], [ -35.793675807305448, -9.679558480168073 ], [ -35.793710211123575, -9.679587476071656 ], [ -35.79372433284216, -9.67962201729641 ], [ -35.793738264036548, -9.679676628801362 ], [ -35.793740772651056, -9.679716796367467 ], [ -35.793734557822987, -9.679762617279886 ], [ -35.793771932986132, -9.679783038643183 ], [ -35.793829835230888, -9.679772110031408 ], [ -35.793859004090997, -9.679743708256037 ], [ -35.793868108569875, -9.679697914340981 ], [ -35.793854340654626, -9.679626099735245 ], [ -35.793837438121514, -9.679580062773782 ], [ -35.793803088723067, -9.67954533251358 ], [ -35.793783323749132, -9.679496401364595 ], [ -35.793769501413095, -9.679430321129168 ], [ -35.793744202069689, -9.67935553132477 ], [ -35.793727517291309, -9.679286556903479 ], [ -35.79368204474823, -9.679205843698847 ], [ -35.793624986354693, -9.679127889654938 ], [ -35.793562203096641, -9.679044147232842 ], [ -35.79349644855175, -9.678968979349502 ], [ -35.793406963213911, -9.678882119928566 ], [ -35.793344261705485, -9.678789775952081 ], [ -35.793292846668244, -9.678726211821628 ], [ -35.793212453415016, -9.678670979156495 ], [ -35.793131978530873, -9.678624348024764 ], [ -35.793045887684976, -9.678560459776682 ], [ -35.79301183789309, -9.678494190504265 ], [ -35.792980650545346, -9.678430815422692 ], [ -35.792894668663727, -9.678355458438396 ], [ -35.792816470036726, -9.678297378805537 ], [ -35.792750416350863, -9.678253749860053 ], [ -35.792684172124751, -9.678230191168037 ], [ -35.792594810696734, -9.678206416372387 ], [ -35.792496998128421, -9.678159623083072 ], [ -35.792436696601804, -9.678118915302985 ], [ -35.792361837940604, -9.67808954116699 ], [ -35.79228098219118, -9.678083050422703 ], [ -35.792205851297339, -9.678082348047402 ], [ -35.792148112759875, -9.678076073390347 ], [ -35.792099152084695, -9.678058411057206 ], [ -35.792047301767788, -9.678040721702788 ], [ -35.791992425669392, -9.67803734121682 ], [ -35.791929016772869, -9.678019543781657 ], [ -35.791865716803017, -9.677990277625506 ], [ -35.791831313322263, -9.677961281638039 ], [ -35.791868222658792, -9.6777767443883 ], [ -35.791573600569677, -9.67771083914517 ], [ -35.791527693029174, -9.67767600071422 ], [ -35.791505038805482, -9.677627042551874 ], [ -35.791470717088366, -9.677589445019242 ], [ -35.791439203327201, -9.677560476035442 ], [ -35.791381492164497, -9.677551334105841 ], [ -35.791344090202578, -9.677533779782335 ], [ -35.79131241306527, -9.67752201385014 ], [ -35.791277873521565, -9.677507353718484 ], [ -35.791214383097063, -9.677498157723104 ], [ -35.791188458021075, -9.677489313000814 ], [ -35.791180143130433, -9.677451958647822 ], [ -35.7911372614833, -9.677402811330658 ], [ -35.791074016196447, -9.677367810735403 ], [ -35.791054224460311, -9.677321746768259 ], [ -35.791040184772733, -9.677278604021922 ], [ -35.790991605590598, -9.677220801128863 ], [ -35.790914293451074, -9.677145524952843 ], [ -35.790813755308129, -9.677081501281778 ], [ -35.790768093064798, -9.677020858226767 ], [ -35.790724939170055, -9.677000382641907 ], [ -35.790653052342073, -9.676962433759321 ], [ -35.790601474690227, -9.676916072519397 ], [ -35.790558484245871, -9.67687839387504 ], [ -35.790518328971295, -9.676846476602288 ], [ -35.790506320398599, -9.676817690001647 ], [ -35.790506647245039, -9.676783283911247 ], [ -35.790518369202154, -9.676766188967436 ], [ -35.790509945434721, -9.676740303323456 ], [ -35.790475406021372, -9.67672564314743 ], [ -35.790464147099229, -9.676693996129957 ], [ -35.790453051601766, -9.676645146068314 ], [ -35.790410442528433, -9.676567326985852 ], [ -35.790385062306214, -9.676501138754181 ], [ -35.790356629035308, -9.676452126540912 ], [ -35.790345533551033, -9.676403276482809 ], [ -35.790348777266587, -9.676366030248863 ], [ -35.790349131350695, -9.676328756989076 ], [ -35.790329339741788, -9.676282693029352 ], [ -35.790306794694416, -9.676222266175834 ], [ -35.790304463428157, -9.676163462088793 ], [ -35.790325153849672, -9.676114909311744 ], [ -35.790340146718577, -9.676057700960135 ], [ -35.790343472127866, -9.676011853203134 ], [ -35.790326570150476, -9.675965816273319 ], [ -35.790301108244215, -9.675908229574711 ], [ -35.79029301133103, -9.675847937851589 ], [ -35.790308004178208, -9.675790729498587 ], [ -35.790346263806548, -9.675717967878519 ], [ -35.790381266118423, -9.675683886074726 ], [ -35.790410380236793, -9.675661218915264 ], [ -35.790419457627607, -9.675618292372455 ], [ -35.790425944968824, -9.675543799889807 ], [ -35.790432268897597, -9.675486510451107 ], [ -35.79044715275181, -9.675440770775234 ], [ -35.790464844521289, -9.675403659642209 ], [ -35.790470950566331, -9.675369307594133 ], [ -35.790483230732065, -9.675293435560331 ], [ -35.790504029967899, -9.675233414047073 ], [ -35.790518995488355, -9.675179072837228 ], [ -35.790545628408104, -9.675113371009042 ], [ -35.790549117129785, -9.675050320188239 ], [ -35.7905699435575, -9.674987431486951 ], [ -35.790587798662507, -9.67493311728631 ], [ -35.79059202259603, -9.67479265274266 ], [ -35.790596055894696, -9.674672258420495 ], [ -35.79062020756183, -9.674563521925132 ], [ -35.790655536449648, -9.674495033943787 ], [ -35.790673309803168, -9.674449321249702 ], [ -35.790685576210024, -9.674374882767278 ], [ -35.7907067565001, -9.674274720756564 ], [ -35.790725019928402, -9.674177398898879 ], [ -35.790749280378357, -9.674057193665572 ], [ -35.790750042738786, -9.673976912755824 ], [ -35.790762663024914, -9.673865200977607 ], [ -35.790786841725165, -9.673753597254709 ], [ -35.790813692201048, -9.673664957943256 ], [ -35.790817099093523, -9.673610508621072 ], [ -35.790814971795179, -9.673530200690005 ], [ -35.790807119729443, -9.673444104380357 ], [ -35.790790748581671, -9.673342157565095 ], [ -35.790768530163589, -9.673247324663748 ], [ -35.790754871661321, -9.673164041506638 ], [ -35.790761413154357, -9.673083814618481 ], [ -35.790756096762799, -9.673035018608353 ], [ -35.790762515734897, -9.67296769400879 ], [ -35.790780261703603, -9.672924848450682 ], [ -35.79079495472385, -9.672899178931857 ], [ -35.790794954827902, -9.672899178921385 ], [ -35.790781449466536, -9.672693696113395 ], [ -35.790766197347835, -9.672538331420927 ], [ -35.790720440991741, -9.672425566679818 ], [ -35.790695020793912, -9.672325331322616 ], [ -35.790684852714797, -9.672215072395197 ], [ -35.790712814932398, -9.672096042830674 ], [ -35.790710272912619, -9.672013348582094 ], [ -35.790697562813705, -9.671960724958749 ], [ -35.790697562813698, -9.67187552478924 ], [ -35.790723987096591, -9.671846941522329 ], [ -35.79065791606137, -9.671641261741165 ], [ -35.790637051523923, -9.671552133796906 ], [ -35.790619664409398, -9.671463005829022 ], [ -35.790619664409398, -9.671380733837712 ], [ -35.790640528946831, -9.671308745828789 ], [ -35.79065443863847, -9.671233329802909 ], [ -35.790682258021725, -9.67103450565361 ], [ -35.790685735444619, -9.67091452550663 ], [ -35.790682258021725, -9.670801401328802 ], [ -35.790682258021725, -9.670725985189149 ], [ -35.790654438638477, -9.670650569032537 ], [ -35.790598799871965, -9.670612860947889 ], [ -35.790570980488702, -9.67057515285903 ], [ -35.790567503065795, -9.670513448704472 ], [ -35.790570980488695, -9.670448316529049 ], [ -35.790560548219993, -9.670383184341038 ], [ -35.790511864299297, -9.670324908162106 ], [ -35.790470135224417, -9.670309482113035 ], [ -35.79042492872663, -9.670271773990146 ], [ -35.790365356422775, -9.670092310547378 ], [ -35.790266628117912, -9.669594868722397 ], [ -35.790179770411697, -9.66936506376183 ], [ -35.790082402570306, -9.669217658843372 ], [ -35.78955557299993, -9.668634894579643 ], [ -35.789454862055749, -9.668372888941381 ], [ -35.789421952620799, -9.668243120916213 ], [ -35.789400012997497, -9.668107945836763 ], [ -35.789323224315943, -9.66795384617993 ], [ -35.789262890351864, -9.667921404137902 ], [ -35.789208041293598, -9.667878148077031 ], [ -35.789081888459613, -9.667818670984202 ], [ -35.788961220531462, -9.667721344809641 ], [ -35.788889916755721, -9.667688902745207 ], [ -35.78881312807416, -9.667672681711807 ], [ -35.788719884675139, -9.66765646067763 ], [ -35.788593731841146, -9.667580762507789 ], [ -35.788242697868306, -9.667396924024398 ], [ -35.788006846917824, -9.666531800400588 ], [ -35.788050726164428, -9.666412845728336 ], [ -35.788056211070256, -9.666331740245836 ], [ -35.788056211070256, -9.666218192537496 ], [ -35.788039756352781, -9.666142494043994 ], [ -35.787984907294529, -9.666066795533416 ], [ -35.787968452577061, -9.665991097005829 ], [ -35.787941028047925, -9.665926212540064 ], [ -35.78792457333045, -9.665877549182532 ], [ -35.787886178989673, -9.665801850612347 ], [ -35.787869724272191, -9.665758594278881 ], [ -35.787847784648903, -9.665693709768256 ], [ -35.787831329931414, -9.665628825245106 ], [ -35.787798420496465, -9.6655369054826 ], [ -35.787803905402292, -9.665466613882534 ], [ -35.787820360119767, -9.665417950458503 ], [ -35.787858754460551, -9.665358472930681 ], [ -35.787880694083853, -9.665277367194006 ], [ -35.787880694083853, -9.665217889641312 ], [ -35.787908118612975, -9.665120562714256 ], [ -35.788039756352788, -9.664909687609059 ], [ -35.78805072616445, -9.664866431160901 ], [ -35.787946512953759, -9.664617706475953 ], [ -35.787897148801342, -9.664471715814381 ], [ -35.787919088424644, -9.664363574542737 ], [ -35.787902633707169, -9.664266247368547 ], [ -35.787869724272213, -9.66422299083764 ], [ -35.787831329931436, -9.664125663622785 ], [ -35.787831329931436, -9.664028336379774 ], [ -35.787831329931443, -9.663931009108595 ], [ -35.78784229974309, -9.663844495955054 ], [ -35.788012331823673, -9.663871531317918 ], [ -35.787979422388723, -9.664077000004822 ], [ -35.788215273339219, -9.664049964658435 ], [ -35.788270122397478, -9.66384990302781 ], [ -35.788451124289722, -9.663866124245523 ], [ -35.788451124289722, -9.663703912033071 ], [ -35.787853269554745, -9.663636323588138 ], [ -35.787842299743097, -9.663203757219062 ], [ -35.787761397382177, -9.663041544687294 ], [ -35.787744942664695, -9.663019916343815 ], [ -35.787742200211781, -9.662992880912526 ], [ -35.787764139835083, -9.662955031305053 ], [ -35.787777852099651, -9.662936106499709 ], [ -35.787783337005472, -9.66289014625376 ], [ -35.787777852099651, -9.662841482457075 ], [ -35.787753170023436, -9.66281985410075 ], [ -35.787717518135572, -9.662806336377358 ], [ -35.787668153983127, -9.662779300928875 ], [ -35.787640729454012, -9.662738747752112 ], [ -35.787624274736537, -9.662665752021633 ], [ -35.787599592660321, -9.662592756275297 ], [ -35.787566683225378, -9.662500835683327 ], [ -35.787542001149163, -9.662408915066253 ], [ -35.787520061525854, -9.662304828454822 ], [ -35.787509091714206, -9.662272385868089 ], [ -35.787514576620026, -9.66225346102436 ], [ -35.787542001149163, -9.662239943278195 ], [ -35.787555713413731, -9.662226425531491 ], [ -35.78755297096081, -9.662164243889618 ], [ -35.78755297096081, -9.662129097739149 ], [ -35.787539258696242, -9.662104765786649 ], [ -35.787517319072947, -9.662099358685865 ], [ -35.787484409637997, -9.662102062236283 ], [ -35.787465212467602, -9.662064212528614 ], [ -35.787443272844307, -9.662002030856776 ], [ -35.787435045485566, -9.66192092431104 ], [ -35.787415848315185, -9.661823596430345 ], [ -35.787388423786048, -9.661750600501353 ], [ -35.787360999256919, -9.661672197448846 ], [ -35.787355514351106, -9.661588387269125 ], [ -35.787380196427307, -9.661509984178847 ], [ -35.787415848315177, -9.661450505960255 ], [ -35.787437787938487, -9.661407249067411 ], [ -35.787454242655947, -9.661355881499912 ], [ -35.787459727561789, -9.661328845934959 ], [ -35.787492636996738, -9.661274774798459 ], [ -35.78750909171422, -9.661223407210738 ], [ -35.787517319072954, -9.661150411151574 ], [ -35.787531031337522, -9.661096339986452 ], [ -35.787550228507904, -9.661047675930394 ], [ -35.787596850207429, -9.660993604748732 ], [ -35.787624274736565, -9.660926015759456 ], [ -35.787646214359853, -9.66086653743767 ], [ -35.787690093606464, -9.660825984030419 ], [ -35.787703805871018, -9.66077731993526 ], [ -35.787695578512285, -9.660728655833097 ], [ -35.787692836059385, -9.660685398847461 ], [ -35.787698320965205, -9.660639438294124 ], [ -35.787668153983162, -9.660561034982821 ], [ -35.787651699265695, -9.660475872744646 ], [ -35.787629759642392, -9.66042991216271 ], [ -35.787618789830731, -9.660400172959308 ], [ -35.787616047377824, -9.660367730188952 ], [ -35.787648956812781, -9.660327176721601 ], [ -35.787651699265687, -9.660224441249134 ], [ -35.787679123794817, -9.660159555671394 ], [ -35.787687351153558, -9.65987297755353 ], [ -35.787610562472011, -9.659689134858866 ], [ -35.787643471906954, -9.659656692019958 ], [ -35.787610562472011, -9.659567474196896 ], [ -35.787393908691897, -9.659362002756865 ], [ -35.787347286992386, -9.659345781322028 ], [ -35.787174512458868, -9.659243045550033 ], [ -35.78704287471907, -9.659148420469139 ], [ -35.786828963391869, -9.659105163280419 ], [ -35.78676314452197, -9.659045684636876 ], [ -35.786827592165423, -9.658926727318295 ], [ -35.786953744999408, -9.658748291261583 ], [ -35.787269127084379, -9.658699626866071 ], [ -35.787411734635839, -9.658650962463526 ], [ -35.78777373852521, -9.658594187310729 ], [ -35.787750427570572, -9.65855768900561 ], [ -35.787547486055026, -9.658582021214521 ], [ -35.787252927836455, -9.65864682093105 ], [ -35.786972077698252, -9.658704412081457 ], [ -35.786189362400719, -9.658966633318887 ], [ -35.786137542514879, -9.658946076937244 ], [ -35.78606530579205, -9.65894540160911 ], [ -35.786016320943368, -9.658930606554936 ], [ -35.785909546737244, -9.658915271206951 ], [ -35.78580290867972, -9.658885600009455 ], [ -35.785418390066525, -9.658752970939279 ], [ -35.785412583968835, -9.658755784029184 ], [ -35.785369487049728, -9.658729574286575 ], [ -35.785320665667498, -9.658697576177635 ], [ -35.785292070545133, -9.658665767199309 ], [ -35.785266310432924, -9.658639719564382 ], [ -35.785214545152364, -9.658613428752913 ], [ -35.785162779881752, -9.658587137936181 ], [ -35.785114013005909, -9.658549405486641 ], [ -35.785068298988534, -9.658494497083037 ], [ -35.78504597298457, -9.658411133225295 ], [ -35.785015169216841, -9.658307618174515 ], [ -35.784929710813195, -9.658177785282106 ], [ -35.784695416760137, -9.657897454886163 ], [ -35.784660647269284, -9.657831179165681 ], [ -35.78460067675887, -9.657756065518289 ], [ -35.7845550718434, -9.657689688463762 ], [ -35.784503851435133, -9.657606054400551 ], [ -35.784461299404185, -9.657522501406559 ], [ -35.784415612838835, -9.657464725832423 ], [ -35.784355506267296, -9.657403947979772 ], [ -35.784324103582577, -9.657363510480391 ], [ -35.784295617588526, -9.657320232844416 ], [ -35.784272828797782, -9.657285610735562 ], [ -35.78423281225286, -9.657239357843507 ], [ -35.784192659546328, -9.657207440748286 ], [ -35.784172678516981, -9.657181447141379 ], [ -35.784164364220857, -9.657144092994052 ], [ -35.784144464900052, -9.657109497908884 ], [ -35.784115093174641, -9.657083416472185 ], [ -35.784086498285461, -9.657051607471908 ], [ -35.784060874553084, -9.657011224018101 ], [ -35.78401791414894, -9.656970678413856 ], [ -35.783992208723404, -9.656938896436666 ], [ -35.783955027227321, -9.656898404880307 ], [ -35.783935345822769, -9.656840872522737 ], [ -35.783898246049638, -9.656791779489192 ], [ -35.783863790606866, -9.656768517909622 ], [ -35.783823719699264, -9.656727999323978 ], [ -35.783792180948723, -9.656701897608382 ], [ -35.783757671050715, -9.656684370340294 ], [ -35.783729185173321, -9.656641092697919 ], [ -35.783697591965016, -9.656620725295125 ], [ -35.783665971523931, -9.656603225048848 ], [ -35.783631597831842, -9.656571361982763 ], [ -35.783614451844436, -9.656551129712081 ], [ -35.783597360333978, -9.656525163125135 ], [ -35.783571682216092, -9.656490513981579 ], [ -35.783566311898575, -9.656447452557092 ], [ -35.783552246023149, -9.656407177208429 ], [ -35.783523487812374, -9.656392571143035 ], [ -35.78348895072552, -9.656377911020176 ], [ -35.78342846316572, -9.656357273324909 ], [ -35.78338245004965, -9.656333903607825 ], [ -35.783359661405697, -9.65629928148857 ], [ -35.783333792654545, -9.656284702441619 ], [ -35.783319617854133, -9.656255895723485 ], [ -35.783311140213847, -9.65623574453538 ], [ -35.78328816090761, -9.65622119251622 ], [ -35.783262264926755, -9.65620948062392 ], [ -35.783221444559729, -9.656171822411441 ], [ -35.783198601461741, -9.656142934604059 ], [ -35.783152588396014, -9.656119564870512 ], [ -35.783106956703158, -9.656056054938771 ], [ -35.782512494486681, -9.655666260377576 ], [ -35.782285428307887, -9.655537969805913 ], [ -35.782221451847128, -9.655504395980675 ], [ -35.782189940598322, -9.655475427039196 ], [ -35.782167070392099, -9.655449406360182 ], [ -35.782138394087383, -9.655426198761612 ], [ -35.782121357236477, -9.655394497846853 ], [ -35.782110208228893, -9.655351382389652 ], [ -35.782096060809124, -9.655319708512184 ], [ -35.782076052798239, -9.655296582023226 ], [ -35.782041597659735, -9.655273320349091 ], [ -35.78202164414963, -9.655244459551428 ], [ -35.782001745136945, -9.655209864446213 ], [ -35.781976121772182, -9.655169480959188 ], [ -35.781941830139004, -9.655129016359862 ], [ -35.78190742952286, -9.655100020373613 ], [ -35.781873219648055, -9.655050954312056 ], [ -35.781827588329826, -9.654987444331677 ], [ -35.781807798339578, -9.654941380613188 ], [ -35.781799647785434, -9.654886823587841 ], [ -35.781779667064498, -9.654860829942836 ], [ -35.781759958827749, -9.654806164766516 ], [ -35.781755857178332, -9.654796887435147 ], [ -35.779254816421215, -9.655342470332426 ], [ -35.779263669151945, -9.655382246147719 ], [ -35.779291361635117, -9.655418272836201 ], [ -35.779307040127101, -9.655454187008997 ], [ -35.779314595899606, -9.655501947555878 ], [ -35.779322151672076, -9.655549708103161 ], [ -35.779353924431106, -9.655577824708605 ], [ -35.7793934797538, -9.655629859092334 ], [ -35.779424798973501, -9.655705661236656 ], [ -35.779428236698884, -9.655765305667993 ], [ -35.779439834948526, -9.655809129929192 ], [ -35.779487248460725, -9.655877134506117 ], [ -35.779534699785479, -9.655941165286997 ], [ -35.77956613243412, -9.656005046050192 ], [ -35.779577768496885, -9.656044896519097 ], [ -35.779617323893518, -9.656096930904781 ], [ -35.779660959566577, -9.656141055201646 ], [ -35.779684496282542, -9.656192939571175 ], [ -35.779703650376021, -9.656284524398371 ], [ -35.779714946297624, -9.656360139035277 ], [ -35.779738407436639, -9.656419971000506 ], [ -35.779782005363401, -9.656468069096261 ], [ -35.779821523032531, -9.656524077280096 ], [ -35.77985295576196, -9.656587958050403 ], [ -35.779880119255758, -9.656679617895062 ], [ -35.779923528257797, -9.656747584973735 ], [ -35.779970564016139, -9.65685532752487 ], [ -35.780029727235949, -9.656951261195118 ], [ -35.780057079749263, -9.657023052062817 ], [ -35.780116205218533, -9.657122959532339 ], [ -35.78017121264611, -9.657234750893693 ], [ -35.780198640783219, -9.657298594170795 ], [ -35.780273029230372, -9.657478127610416 ], [ -35.780324409972977, -9.657550143496728 ], [ -35.780367592380372, -9.657641953371762 ], [ -35.780422599932329, -9.657753744744369 ], [ -35.780465895755668, -9.657833633227121 ], [ -35.780500993234519, -9.657933315703438 ], [ -35.780536052933158, -9.658036971981332 ], [ -35.780567296903968, -9.658120721766142 ], [ -35.780590569270629, -9.658200422752147 ], [ -35.780617921931523, -9.658272213642265 ], [ -35.780641156517468, -9.658355888430771 ], [ -35.780640438457617, -9.658431390616608 ], [ -35.780627668478196, -9.658510754096801 ], [ -35.780562761698995, -9.658597577641952 ], [ -35.780517954015657, -9.65867664108432 ], [ -35.780457089674577, -9.658759528294604 ], [ -35.780416173255787, -9.658850550607678 ], [ -35.780383115038937, -9.658957543112999 ], [ -35.780341896171137, -9.659080355785525 ], [ -35.780332903967789, -9.659183599516117 ], [ -35.780300110260846, -9.659262775408527 ], [ -35.780267429935726, -9.65933002989982 ], [ -35.780230442466454, -9.65942903725327 ], [ -35.780217747884819, -9.659500453076197 ], [ -35.780185029704647, -9.659571681343277 ], [ -35.78013636824052, -9.659634811962368 ], [ -35.780107919370671, -9.659678261145622 ], [ -35.780083437406958, -9.659725721633382 ], [ -35.780074898703369, -9.65978127976225 ], [ -35.780074482849649, -9.659824991526024 ], [ -35.78007395357843, -9.659880624679754 ], [ -35.780061258917186, -9.659952040479066 ], [ -35.780020417769883, -9.660035115065297 ], [ -35.780003718358159, -9.660106493341612 ], [ -35.779978858256555, -9.660193691768596 ], [ -35.779946064301697, -9.660272867564547 ], [ -35.779933634233394, -9.660316466771999 ], [ -35.779929213612029, -9.660360141011527 ], [ -35.779916178586653, -9.660467320951488 ], [ -35.77989094030616, -9.660594257312745 ], [ -35.779857427853685, -9.660748935196734 ], [ -35.779824595965472, -9.660832084747701 ], [ -35.779811901152499, -9.660903500505775 ], [ -35.779803211062031, -9.660974953782034 ], [ -35.779806535163608, -9.661046519619456 ], [ -35.779809783635095, -9.661126033047761 ], [ -35.779780842962907, -9.661221141484475 ], [ -35.779747935344602, -9.661312238595325 ], [ -35.779751221599071, -9.661387778224459 ], [ -35.779730517235549, -9.661459118919476 ], [ -35.779721940523174, -9.661518650796767 ], [ -35.779721373283401, -9.661578257720548 ], [ -35.779700820155647, -9.661633703228011 ], [ -35.779700252905265, -9.661693310150167 ], [ -35.77967161464376, -9.661756628191851 ], [ -35.779662848807753, -9.661836029034086 ], [ -35.779646073475107, -9.661915354822394 ], [ -35.779617132620473, -9.662010463204712 ], [ -35.779572134940793, -9.662109395262776 ], [ -35.779571189436275, -9.662208740117524 ], [ -35.77956616353233, -9.66231599503139 ], [ -35.779560872864089, -9.662451066502175 ], [ -35.779536163574996, -9.662522369618168 ], [ -35.779535596242468, -9.662581976527557 ], [ -35.779514967326961, -9.662645369579186 ], [ -35.779498040565784, -9.662740590507898 ], [ -35.779456820496243, -9.662863402797262 ], [ -35.779448054497067, -9.662942803604041 ], [ -35.77943513243121, -9.663038062049974 ], [ -35.779430030733998, -9.663153264526315 ], [ -35.779412876918997, -9.663272328192344 ], [ -35.779407396913577, -9.663427268596008 ], [ -35.779402711260971, -9.663498759339406 ], [ -35.779413817682453, -9.66359424298226 ], [ -35.779425037585376, -9.66367780524655 ], [ -35.779424432335951, -9.663741385938662 ], [ -35.779419897974719, -9.663796981508119 ], [ -35.779407127105159, -9.663876344763274 ], [ -35.779422503075551, -9.663944049392921 ], [ -35.779429793855073, -9.664019626536883 ], [ -35.779448947619358, -9.664111211464958 ], [ -35.779484233952523, -9.664191025162195 ], [ -35.779483779999609, -9.664238710682685 ], [ -35.779483250384914, -9.664294343789717 ], [ -35.779498702022742, -9.664354100838905 ], [ -35.779518120605211, -9.664417869219685 ], [ -35.779509694930653, -9.664461505872866 ], [ -35.779505274025382, -9.66450518006274 ], [ -35.779512375641879, -9.6646006261798 ], [ -35.779507879067474, -9.664652247955649 ], [ -35.779483623430437, -9.664675865485192 ], [ -35.779475235565798, -9.664715528340237 ], [ -35.779495070287602, -9.664735585000317 ], [ -35.779514678024235, -9.664779484420182 ], [ -35.779542030500316, -9.664851275471714 ], [ -35.779560919449736, -9.664970676969514 ], [ -35.779571798838035, -9.665090003391725 ], [ -35.779578976095941, -9.665177501927724 ], [ -35.779625514680561, -9.665758163809095 ], [ -35.779730428144468, -9.666096949887592 ], [ -35.779741496671306, -9.666196407359433 ], [ -35.779748636068888, -9.666287879702981 ], [ -35.779867720600635, -9.666400272175824 ], [ -35.779914567500917, -9.666527884086866 ], [ -35.779945395220956, -9.666655345839359 ], [ -35.779960582080996, -9.666742919485069 ], [ -35.779983702878972, -9.666838515803954 ], [ -35.780037954099463, -9.667029783530852 ], [ -35.780044980019369, -9.667133177281 ], [ -35.78007595911086, -9.667244743871857 ], [ -35.780098701584286, -9.667380078152993 ], [ -35.780217181194253, -9.667556051388795 ], [ -35.780319868653784, -9.667708031685098 ], [ -35.78042285885634, -9.66782822160968 ], [ -35.780566275624729, -9.667909048946633 ], [ -35.780709692475192, -9.667989876245517 ], [ -35.78086157299164, -9.6680230930028 ], [ -35.78102199277356, -9.668000751590395 ], [ -35.781142213049463, -9.667993929974816 ], [ -35.781270216035971, -9.668011026173691 ], [ -35.781422172341991, -9.668036295103329 ], [ -35.781581911418343, -9.668085481831678 ], [ -35.781717621613403, -9.668134443346236 ], [ -35.781877285185551, -9.668191577569376 ], [ -35.782076770218858, -9.668272929774652 ], [ -35.782182898166816, -9.668273924096765 ], [ -35.782246710731378, -9.668302341049342 ], [ -35.782314792827222, -9.668302978888384 ], [ -35.782418918394676, -9.66830395438094 ], [ -35.782531204873159, -9.668289109658625 ], [ -35.782607485690846, -9.668269953449258 ], [ -35.782683842120953, -9.668242849610062 ], [ -35.782776331284033, -9.668203974389469 ], [ -35.782860432716781, -9.668204762168839 ], [ -35.782912457706985, -9.668209223637408 ], [ -35.782980388611534, -9.668225756563245 ], [ -35.783068154667347, -9.668262346063587 ], [ -35.783127924723516, -9.668294699171547 ], [ -35.783239984434516, -9.668303697048936 ], [ -35.783316076263937, -9.668304409707247 ], [ -35.783364209864807, -9.668296912183246 ], [ -35.783452505198525, -9.668277868292579 ], [ -35.783540913923083, -9.668246902950777 ], [ -35.78361326550732, -9.668219761373576 ], [ -35.783665555121125, -9.668196406069811 ], [ -35.78369759378873, -9.668196706095561 ], [ -35.783729821434441, -9.668177137072725 ], [ -35.783774101371804, -9.668153706742501 ], [ -35.78382215937269, -9.668154156762867 ], [ -35.78387021737592, -9.668154606776548 ], [ -35.78391808641593, -9.668174925832867 ], [ -35.783937732656774, -9.668214851433557 ], [ -35.78395756786594, -9.668234907984541 ], [ -35.783985299369981, -9.668266960965344 ], [ -35.784029276976824, -9.668275321082554 ], [ -35.784072914461099, -9.668319445488828 ], [ -35.784132344556809, -9.668387562751874 ], [ -35.784167896809699, -9.668439559778573 ], [ -35.784207718447867, -9.668463777626743 ], [ -35.784251204816805, -9.668523797269684 ], [ -35.784278898580816, -9.668559824054176 ], [ -35.784310446029856, -9.66861178358096 ], [ -35.784354159171578, -9.668647960353749 ], [ -35.784401763796708, -9.668696096055568 ], [ -35.784449217278464, -9.668760127002356 ], [ -35.784508760886347, -9.668816322812292 ], [ -35.784548166924147, -9.668884252576673 ], [ -35.784583605917277, -9.668948171033527 ], [ -35.78461111080415, -9.669004066875168 ], [ -35.784634762003314, -9.669044029972085 ], [ -35.784666725206108, -9.669052277558741 ], [ -35.784702655471598, -9.669064536450332 ], [ -35.784726420047598, -9.669092578107225 ], [ -35.784757929814759, -9.669148511442817 ], [ -35.784813204181503, -9.669232486434925 ], [ -35.78486050665569, -9.669312412625935 ], [ -35.7848999128027, -9.669380342389882 ], [ -35.784947479813511, -9.669432451886431 ], [ -35.785007099185833, -9.66948070004554 ], [ -35.785066643006196, -9.669536895827784 ], [ -35.785117988211617, -9.669612885693567 ], [ -35.785173413862921, -9.669680965421572 ], [ -35.785220678682542, -9.669764865423652 ], [ -35.785283887390563, -9.669856863020092 ], [ -35.785319251022322, -9.669928729105914 ], [ -35.785386351291109, -9.670032685638049 ], [ -35.785409964848533, -9.670076622547759 ], [ -35.785461650235909, -9.670116848072505 ], [ -35.785489230888338, -9.670164796287214 ], [ -35.785532793223148, -9.670216868275807 ], [ -35.785568194711097, -9.670284760548194 ], [ -35.785579831486778, -9.670324611174664 ], [ -35.785627398718809, -9.670376720651452 ], [ -35.785670885534195, -9.670436740270127 ], [ -35.785698466233107, -9.670484688485326 ], [ -35.785729787338248, -9.67056049090405 ], [ -35.78576537779184, -9.670608514096696 ], [ -35.785828548983083, -9.670704485504809 ], [ -35.785879818927867, -9.670788422999012 ], [ -35.785935093767833, -9.670872397980698 ], [ -35.785986288196234, -9.670964283109754 ], [ -35.786037520426554, -9.671052194422234 ], [ -35.786068954967767, -9.671116075396689 ], [ -35.78612026279243, -9.671196039074978 ], [ -35.786155513339686, -9.671279826626572 ], [ -35.786190688340454, -9.67137156181594 ], [ -35.786241807324139, -9.671471394587998 ], [ -35.786269237039981, -9.671535238081679 ], [ -35.786296553426318, -9.671611003031503 ], [ -35.786316086723303, -9.671662850100326 ], [ -35.786355531116129, -9.671726806054098 ], [ -35.786363125322332, -9.67177059303015 ], [ -35.786358742647081, -9.671810293730452 ], [ -35.786514063437124, -9.672190562899422 ], [ -35.786543703909295, -9.672261015531342 ], [ -35.786573249091795, -9.672341492301296 ], [ -35.78659593220074, -9.672435271549842 ], [ -35.786611784995358, -9.672539011898145 ], [ -35.786624238511777, -9.672646062107363 ], [ -35.786643299982693, -9.672766540874985 ], [ -35.786665633666246, -9.672897075303128 ], [ -35.786681454691241, -9.673004157038973 ], [ -35.786690540683267, -9.673111175735057 ], [ -35.786696163849548, -9.67322818704856 ], [ -35.786667659121278, -9.673392497797114 ], [ -35.786669851194191, -9.673516160344048 ], [ -35.786661908920678, -9.673643069701239 ], [ -35.786661194103509, -9.67371825072826 ], [ -35.786677555168005, -9.673768529028866 ], [ -35.786663735608165, -9.673805158104637 ], [ -35.78664997958478, -9.673835104421007 ], [ -35.786639463999592, -9.673878447775319 ], [ -35.786655729748759, -9.673938750214777 ], [ -35.786668755058166, -9.67398565561543 ], [ -35.786671646023017, -9.674035807823584 ], [ -35.786661003341614, -9.6740925166926 ], [ -35.786684004145464, -9.674152882183702 ], [ -35.786703700969483, -9.674206533393376 ], [ -35.786709768831408, -9.674276765401563 ], [ -35.786726161674835, -9.67432370233051 ], [ -35.786738932822281, -9.674397338768362 ], [ -35.786748399983281, -9.674464260924356 ], [ -35.786781082428739, -9.674568994270039 ], [ -35.786797475284068, -9.674615931202723 ], [ -35.786793694722597, -9.674659337607995 ], [ -35.786786451310569, -9.674712736625304 ], [ -35.786819936004598, -9.674733100150691 ], [ -35.78686015576919, -9.674753526723242 ], [ -35.786873308188994, -9.674787066615751 ], [ -35.78687953491503, -9.674840591736386 ], [ -35.786899295320801, -9.674887560197009 ], [ -35.786952214800429, -9.674989141321849 ], [ -35.786985127653736, -9.675069649678953 ], [ -35.787011368984892, -9.675143412229364 ], [ -35.787044663108759, -9.675183824030276 ], [ -35.787054320930011, -9.675230697922155 ], [ -35.787080784675361, -9.675281070815295 ], [ -35.787120655043665, -9.675338252564815 ], [ -35.787153758572664, -9.675398712646768 ], [ -35.787176505323437, -9.675485809200849 ], [ -35.787202556079997, -9.675579620041455 ], [ -35.787245730494419, -9.675643516078706 ], [ -35.787272098974249, -9.675703913117546 ], [ -35.787275117043393, -9.675740699827744 ], [ -35.787288142434008, -9.675787605251051 ], [ -35.787321531949047, -9.675817992912844 ], [ -35.787344850604029, -9.675844944622654 ], [ -35.787361037044263, -9.675913600546339 ], [ -35.78737056781884, -9.675973839972075 ], [ -35.78737660396402, -9.676047413398431 ], [ -35.787426322924496, -9.676131420775217 ], [ -35.787469592737118, -9.676185292675591 ], [ -35.787515912414158, -9.676272609910681 ], [ -35.787569094290895, -9.676346624666678 ], [ -35.787615572853646, -9.676417234995174 ], [ -35.787635333396196, -9.67646420347269 ], [ -35.787701858459741, -9.676551709843512 ], [ -35.787748464145331, -9.676608954643408 ], [ -35.78780507720586, -9.676676318152909 ], [ -35.78785470103027, -9.676770349676305 ], [ -35.787874080396385, -9.676857414744996 ], [ -35.78792405370212, -9.676914691064811 ], [ -35.787977489885705, -9.67696197475537 ], [ -35.788041028762748, -9.677009353003164 ], [ -35.788101041265563, -9.677073406640355 ], [ -35.788147710612812, -9.677123968663247 ], [ -35.788227571158146, -9.67722580197287 ], [ -35.788280372119054, -9.677339913317237 ], [ -35.788350201522825, -9.677434133955071 ], [ -35.788389945228289, -9.677504681238297 ], [ -35.788486421397785, -9.677630061821231 ], [ -35.788549293418157, -9.677747609109574 ], [ -35.788612419587402, -9.67783842532307 ], [ -35.788685775553652, -9.677915970547014 ], [ -35.788745724793991, -9.677986706930096 ], [ -35.788788995012986, -9.678040578803856 ], [ -35.788875781650162, -9.678122426811019 ], [ -35.788921879517751, -9.678233133750032 ], [ -35.789001653163176, -9.678344155844838 ], [ -35.789058076148713, -9.67843156763211 ], [ -35.789141376260119, -9.678525914307125 ], [ -35.789204597984721, -9.678606706347368 ], [ -35.789311137755, -9.678736358167209 ], [ -35.789367497349531, -9.678830452722702 ], [ -35.789407082575309, -9.678917706939952 ], [ -35.789456770567291, -9.679005055697376 ], [ -35.789513416066669, -9.679069077769356 ], [ -35.789536639807309, -9.679106053617025 ], [ -35.789553064862297, -9.679149649215066 ], [ -35.789572889265422, -9.679189934938382 ], [ -35.789616286778475, -9.679230441246441 ], [ -35.789669723546567, -9.6792777248627 ], [ -35.789699587214749, -9.679324787896114 ], [ -35.789729450889972, -9.679371850929508 ], [ -35.789752515877574, -9.679425533716598 ], [ -35.789829112970502, -9.67951647595028 ], [ -35.789882454538954, -9.679573783722278 ], [ -35.789932555562245, -9.67961769442711 ], [ -35.789985873346296, -9.679677508235089 ], [ -35.790039056183112, -9.679751522943668 ], [ -35.790088776177413, -9.679835530309267 ], [ -35.790104915509382, -9.679909198415851 ], [ -35.790107806756652, -9.679959350761932 ], [ -35.790124136630077, -9.680012970535488 ], [ -35.790153841623621, -9.680076740515299 ], [ -35.790176747917009, -9.680147130255827 ], [ -35.79019638188695, -9.680207464320212 ], [ -35.790219415216278, -9.680264488505495 ], [ -35.790252487836831, -9.680328289998474 ], [ -35.790285592223292, -9.680388750102475 ], [ -35.790311961416869, -9.680449147188892 ], [ -35.790311612097703, -9.680485902475436 ], [ -35.790324828453592, -9.680512759629636 ], [ -35.790351483463411, -9.680543084209896 ], [ -35.790391378657958, -9.680597759901456 ], [ -35.790454886783451, -9.680648479413733 ], [ -35.790515059080171, -9.680695826022108 ], [ -35.790544986461093, -9.680736206276334 ], [ -35.790588606551388, -9.680753322826275 ], [ -35.790659485029138, -9.680737277518865 ], [ -35.790713398466025, -9.680734440228887 ], [ -35.790777255958155, -9.680748404402273 ], [ -35.790834155982289, -9.680785695295052 ], [ -35.790864242175033, -9.680809368578949 ], [ -35.790917901620702, -9.680833262392778 ], [ -35.790965016368077, -9.680837044842187 ], [ -35.791018802832205, -9.680847573076182 ], [ -35.791062327728255, -9.680874713754294 ], [ -35.791109156740937, -9.680908568716257 ], [ -35.791132476002005, -9.680935520372842 ], [ -35.791138798472645, -9.680979021477985 ], [ -35.791125010536057, -9.681012309389716 ], [ -35.791121293674792, -9.681049033201434 ], [ -35.7911479488032, -9.681079357755664 ], [ -35.791164374104468, -9.681122953370473 ], [ -35.79115728963118, -9.68115964568039 ], [ -35.791163453348119, -9.681219853748713 ], [ -35.791169521812151, -9.681290085994499 ], [ -35.791158879212325, -9.681346795153535 ], [ -35.791151635970408, -9.681400194422578 ], [ -35.791154400311356, -9.681463712379612 ], [ -35.791123266240504, -9.681550305037787 ], [ -35.791092481423917, -9.681600142375258 ], [ -35.791064730807307, -9.681685095827715 ], [ -35.79106390522761, -9.681771972017557 ], [ -35.791056249144077, -9.681868809369977 ], [ -35.79103899825548, -9.68191208993137 ], [ -35.791005036286244, -9.681941847388515 ], [ -35.790981145412005, -9.681975040754237 ], [ -35.790960526886195, -9.682018289799025 ], [ -35.790963545199112, -9.682055076613549 ], [ -35.790976634615227, -9.682095299343375 ], [ -35.790976285307792, -9.682132054650451 ], [ -35.790969105491619, -9.682178771115774 ], [ -35.790945341613558, -9.682198598906336 ], [ -35.790908202518587, -9.682208276485033 ], [ -35.790891046851293, -9.68224153285276 ], [ -35.790894128663588, -9.682271636883181 ], [ -35.790893779340699, -9.682308392186908 ], [ -35.790876655420846, -9.682338307160482 ], [ -35.79084615628129, -9.682358071919211 ], [ -35.790822328867414, -9.682384582476619 ], [ -35.790774769302828, -9.682427579410266 ], [ -35.790713834513028, -9.682460426115199 ], [ -35.790713453404486, -9.682500522802593 ], [ -35.790689403653104, -9.682550423077682 ], [ -35.790658713925232, -9.682590236152285 ], [ -35.790638190581745, -9.682623460979835 ], [ -35.790597151820855, -9.68268907527959 ], [ -35.790556295669951, -9.682735476576326 ], [ -35.790508608970981, -9.682791839004885 ], [ -35.790474360994629, -9.682851668872274 ], [ -35.790433218935206, -9.682928142648661 ], [ -35.790372220497446, -9.682967672030864 ], [ -35.790344866549511, -9.683010857958152 ], [ -35.790304232675076, -9.683033869476128 ], [ -35.790263249375826, -9.683093636266685 ], [ -35.790235927167217, -9.683133480788312 ], [ -35.790140680587186, -9.683232839916752 ], [ -35.790069293266953, -9.683302347150985 ], [ -35.790021828778926, -9.683335319740774 ], [ -35.789981321925403, -9.683344965648136 ], [ -35.789951045035522, -9.683341340564203 ], [ -35.789940783301425, -9.683357952937863 ], [ -35.789943833233856, -9.683391398339021 ], [ -35.789926518538664, -9.683441361545572 ], [ -35.789882167483889, -9.68350109672903 ], [ -35.789834512323935, -9.683554117602689 ], [ -35.789766714907941, -9.683600266543314 ], [ -35.789698917475704, -9.683646415464423 ], [ -35.789627752396065, -9.683692532839812 ], [ -35.789607101771736, -9.683739123096228 ], [ -35.789559287660758, -9.683808850838986 ], [ -35.789498034772762, -9.68387511107 ], [ -35.789433430115288, -9.683939669060063 ], [ -35.789358706644059, -9.684005803133285 ], [ -35.789301043761796, -9.684048705134519 ], [ -35.789246653163246, -9.684101662808876 ], [ -35.789188799574184, -9.684164613092792 ], [ -35.789124337815508, -9.684214134753844 ], [ -35.789080177192893, -9.684253821442997 ], [ -35.789032617143299, -9.684296817973818 ], [ -35.788985152428943, -9.684329790340287 ], [ -35.788937528791763, -9.684379469619145 ], [ -35.788869985377872, -9.684398887213607 ], [ -35.78882941482992, -9.68441521570033 ], [ -35.788798851833079, -9.684441662943089 ], [ -35.788774769824514, -9.684494904326577 ], [ -35.788733913193447, -9.684541305250038 ], [ -35.788710053665028, -9.684571156937753 ], [ -35.788662557099876, -9.684607470619854 ], [ -35.788611724675157, -9.684640411369481 ], [ -35.788564100941016, -9.684690090563686 ], [ -35.788502879487154, -9.68475300911598 ], [ -35.788414605639566, -9.684827370155958 ], [ -35.788363550630507, -9.68488370052679 ], [ -35.788302519850497, -9.684926570725962 ], [ -35.78825508678058, -9.684956201556417 ], [ -35.788231100011274, -9.684999418714817 ], [ -35.788193769845073, -9.685029144163863 ], [ -35.788156598637364, -9.685042162698174 ], [ -35.788132770814187, -9.685068672935353 ], [ -35.788102048738764, -9.685111826985818 ], [ -35.788078220905817, -9.685138337216141 ], [ -35.788047848553859, -9.68514473606275 ], [ -35.78802398892006, -9.685174587668355 ], [ -35.788013663434782, -9.685197882696469 ], [ -35.787983195692235, -9.685214305678485 ], [ -35.787945929074276, -9.685237348323493 ], [ -35.78791870178334, -9.685267168368805 ], [ -35.787891633469123, -9.685280281506405 ], [ -35.78784092807107, -9.68529985656089 ], [ -35.787810237733375, -9.685339669185323 ], [ -35.787779769971756, -9.685356092141772 ], [ -35.787749143217518, -9.685389221996033 ], [ -35.787718548255583, -9.685419010465386 ], [ -35.787701392058494, -9.685452266513661 ], [ -35.787643696949246, -9.685498509464527 ], [ -35.787589528468892, -9.685528077053966 ], [ -35.787555844092488, -9.685528596875917 ], [ -35.787512160142555, -9.685518162552661 ], [ -35.787478515521002, -9.685514505643068 ], [ -35.787454910224589, -9.685517626149332 ], [ -35.787431209523206, -9.685530770791477 ], [ -35.787414085095136, -9.685560685435052 ], [ -35.787390320784986, -9.685580512831022 ], [ -35.787359980199945, -9.685583570220365 ], [ -35.787336406702885, -9.685583349337628 ], [ -35.787302857491987, -9.685569668272928 ], [ -35.787272485106286, -9.685576067033258 ], [ -35.78724513052083, -9.68561925251076 ], [ -35.78721428106725, -9.685675771941407 ], [ -35.787190039668751, -9.685745719992774 ], [ -35.78712516388704, -9.685838678997051 ], [ -35.78705742932663, -9.685878144371804 ], [ -35.787013204651274, -9.685924513397573 ], [ -35.786972633877511, -9.685940841574586 ], [ -35.786952396201386, -9.685943993594464 ], [ -35.786928568223878, -9.685970503695456 ], [ -35.786901436214364, -9.685990299478364 ], [ -35.786884343519937, -9.68601687269471 ], [ -35.7868671872044, -9.686050128663787 ], [ -35.786836305825886, -9.686109989403096 ], [ -35.786785282175593, -9.686162978010026 ], [ -35.786734290319878, -9.68621262522722 ], [ -35.786626008686824, -9.686265912569988 ], [ -35.786561800709343, -9.686288702482193 ], [ -35.786534795908651, -9.68629513271604 ], [ -35.786501024000508, -9.686304841192861 ], [ -35.786477418659359, -9.686307961610785 ], [ -35.786463979886243, -9.686304493972401 ], [ -35.78641543525405, -9.686324731556139 ], [ -35.786348044898098, -9.686345605500048 ], [ -35.786308788197857, -9.686371044271368 ], [ -35.786286869715667, -9.686396645562027 ], [ -35.786201956837054, -9.686436710276723 ], [ -35.786186499225032, -9.686466673246409 ], [ -35.786173086029777, -9.68650955875261 ], [ -35.786153314329603, -9.686537330715193 ], [ -35.786105347526657, -9.686566988923646 ], [ -35.786042168811015, -9.686600805639426 ], [ -35.786000765262067, -9.686624073670455 ], [ -35.785961610899342, -9.686638760533675 ], [ -35.785933190537321, -9.686664300832311 ], [ -35.78591131296492, -9.686685601343807 ], [ -35.785898084027458, -9.686709133497846 ], [ -35.785873998213049, -9.686734714425622 ], [ -35.785816629965893, -9.686757714442995 ], [ -35.785812291316347, -9.686784674091241 ], [ -35.785797460505151, -9.686824678856981 ], [ -35.785771180088339, -9.686853106611666 ], [ -35.785733340841098, -9.686881425988819 ], [ -35.785412085280122, -9.686816943590275 ], [ -35.785399245463317, -9.686799618709022 ], [ -35.785356002303232, -9.686788460421596 ], [ -35.785261010745991, -9.686748859595252 ], [ -35.785170169424404, -9.686728652709347 ], [ -35.785118216212759, -9.686721713839555 ], [ -35.785077160843912, -9.686708425478862 ], [ -35.785036166931746, -9.686688686010838 ], [ -35.785014678517875, -9.6866691294584 ], [ -35.784949701180857, -9.686664218988865 ], [ -35.78491520911539, -9.686644540484284 ], [ -35.784858982836298, -9.686631109828912 ], [ -35.784818091379442, -9.686600618505009 ], [ -35.784772660524723, -9.686591590200138 ], [ -35.784740315271598, -9.686574082376383 ], [ -35.784691148029701, -9.686559104982818 ], [ -35.78466755383144, -9.686533076990376 ], [ -35.784635270050146, -9.686509118059249 ], [ -35.784611757804676, -9.686474488597627 ], [ -35.784579555978844, -9.686441928196729 ], [ -35.784545125425353, -9.686415798568515 ], [ -35.784504131595277, -9.686396059058021 ], [ -35.784478431609656, -9.686363559633755 ], [ -35.78445483744138, -9.686337531636159 ], [ -35.784424659508133, -9.686320044122628 ], [ -35.784379433589848, -9.686289512116275 ], [ -35.784364610963223, -9.686252813593876 ], [ -35.784336661778504, -9.686228895304762 ], [ -35.784297917211042, -9.68620057464301 ], [ -35.784242387646351, -9.686114031466909 ], [ -35.784203684076346, -9.686081410068889 ], [ -35.784167520575828, -9.686066554599213 ], [ -35.784130738430292, -9.686059757917048 ], [ -35.784093915310251, -9.686057261963196 ], [ -35.784063675960141, -9.686046225529285 ], [ -35.7840551502984, -9.686031091652508 ], [ -35.78400121439968, -9.686004779034631 ], [ -35.783977415402866, -9.686000254680293 ], [ -35.783910373449451, -9.685984571902724 ], [ -35.783882301386484, -9.685973555786578 ], [ -35.783845478286267, -9.685971059809617 ], [ -35.783817467698661, -9.685953592593211 ], [ -35.783795856471912, -9.685946938193243 ], [ -35.78378054215132, -9.685961848436365 ], [ -35.78374351414999, -9.685980856100803 ], [ -35.783704585258015, -9.685971888682605 ], [ -35.783674509867289, -9.685943649300658 ], [ -35.783620533047056, -9.685921637366613 ], [ -35.783581481219713, -9.68592557212666 ], [ -35.78355173762241, -9.68591937906033 ], [ -35.783525955805892, -9.685895481064112 ], [ -35.783497904264365, -9.685882314558159 ], [ -35.783478419338898, -9.685879981203065 ], [ -35.783437384683403, -9.685864542334578 ], [ -35.783383879232503, -9.685793071990435 ], [ -35.783369015747397, -9.685760674194912 ], [ -35.783382285755401, -9.685732841453779 ], [ -35.78332865737481, -9.685674273297034 ], [ -35.78329618935684, -9.685669667574231 ], [ -35.783239737954105, -9.685679890731086 ], [ -35.783205164153273, -9.685668813574246 ], [ -35.783153477654857, -9.685633919740191 ], [ -35.783132132892746, -9.685599310578169 ], [ -35.783093654947308, -9.685543035105329 ], [ -35.783065931363119, -9.685495462758112 ], [ -35.783046835856872, -9.685452272475326 ], [ -35.783038515195287, -9.685415634955 ], [ -35.783004433290458, -9.685352949060483 ], [ -35.782984328439746, -9.685188242898928 ], [ -35.782993284404377, -9.685158219143448 ], [ -35.782981530938535, -9.685026924956709 ], [ -35.782990896760751, -9.684953893925909 ], [ -35.782971821766708, -9.684908553287141 ], [ -35.782978733414659, -9.684865607014055 ], [ -35.782974726782982, -9.684831160528477 ], [ -35.782983805686285, -9.684788234587717 ], [ -35.783003618423237, -9.684756162129663 ], [ -35.78301482359285, -9.684717557246545 ], [ -35.782993540352976, -9.684676497006475 ], [ -35.782967984076201, -9.68462894500971 ], [ -35.782955503084246, -9.68457398873827 ], [ -35.782955830966458, -9.684539582919532 ], [ -35.78299993435769, -9.684460426114201 ], [ -35.782991695659106, -9.684415187145481 ], [ -35.783011487869942, -9.684385265042863 ], [ -35.783016396156896, -9.684325095520098 ], [ -35.782997464609089, -9.68426470234521 ], [ -35.782982560202292, -9.684236605291826 ], [ -35.782974198551308, -9.684204268507237 ], [ -35.782983195445084, -9.684169944014865 ], [ -35.78297918879786, -9.684135497530688 ], [ -35.782977349406416, -9.684101071378484 ], [ -35.782986387276445, -9.684062446157267 ], [ -35.782984568373521, -9.684025869641065 ], [ -35.782982728978446, -9.683991443488706 ], [ -35.782987452821601, -9.68395062723935 ], [ -35.783002808026978, -9.683931416284356 ], [ -35.782994671772265, -9.683875425499382 ], [ -35.782993078261867, -9.683815194980681 ], [ -35.7830086998365, -9.683768029292773 ], [ -35.783041516003017, -9.683736078795576 ], [ -35.783080246008701, -9.68370902252069 ], [ -35.783106580891854, -9.683674860658169 ], [ -35.783145816842897, -9.683651572591682 ], [ -35.783178469072013, -9.683636824987367 ], [ -35.783226374029525, -9.68361361822652 ], [ -35.783285258668613, -9.683575460549509 ], [ -35.783331262704905, -9.683524278700308 ], [ -35.783370375701502, -9.683513892785285 ], [ -35.78340286401226, -9.683516348069974 ], [ -35.783450277250729, -9.683544750023469 ], [ -35.783484953308196, -9.683545075264252 ], [ -35.783511083273545, -9.683532417002692 ], [ -35.783545861765141, -9.683521990411656 ], [ -35.783571807349347, -9.683528685430071 ], [ -35.783588899542146, -9.683554652426203 ], [ -35.783573585358937, -9.683569562693991 ], [ -35.783579820795516, -9.68359757842126 ], [ -35.783603619618759, -9.683602102747219 ], [ -35.783653609870612, -9.683587517703291 ], [ -35.783681743204568, -9.683592082676837 ], [ -35.783707504427511, -9.683618130976017 ], [ -35.783726702432737, -9.683650569392505 ], [ -35.78373727239228, -9.683678625773741 ], [ -35.78375640894528, -9.683717515286892 ], [ -35.783784398894603, -9.683737132814644 ], [ -35.783799590168734, -9.683735124730385 ], [ -35.783814842899062, -9.683726665548605 ], [ -35.783821570004037, -9.683703072503997 ], [ -35.783841280153894, -9.683681751777653 ], [ -35.78386524287184, -9.683669073162763 ], [ -35.783902188635032, -9.683658666861861 ], [ -35.783925966989472, -9.68366534153402 ], [ -35.78395612420541, -9.683684979374513 ], [ -35.78397109015107, -9.683706625306796 ], [ -35.783981864976809, -9.683713178028018 ], [ -35.784003537534751, -9.683713381273858 ], [ -35.784038049756845, -9.683730909392954 ], [ -35.784065937311752, -9.683761278733929 ], [ -35.784089346971989, -9.683806659989209 ], [ -35.784125739695106, -9.683854313555504 ], [ -35.784142954849628, -9.683867378345013 ], [ -35.78412602646614, -9.683824208428062 ], [ -35.78410903663454, -9.683787489610241 ], [ -35.784102801152464, -9.683759473877517 ], [ -35.784107299533709, -9.683742311595747 ], [ -35.784105296145881, -9.68372508834211 ], [ -35.784088101482503, -9.683709873187226 ], [ -35.784077490522826, -9.68368611753945 ], [ -35.784042978301201, -9.683668589425109 ], [ -35.784019384296847, -9.683642561465893 ], [ -35.784023964613759, -9.683616797721752 ], [ -35.784011288824125, -9.683582269919889 ], [ -35.783994319494298, -9.683543400737912 ], [ -35.783966247603544, -9.683532384692191 ], [ -35.783927462348345, -9.683508364826759 ], [ -35.783908243839456, -9.683478076783514 ], [ -35.783899841118647, -9.683450040729335 ], [ -35.783884936637435, -9.683421943701466 ], [ -35.783885182448429, -9.683396139312025 ], [ -35.783876861666357, -9.683359501795351 ], [ -35.783874960707394, -9.683331526715717 ], [ -35.783870979552518, -9.683294392257096 ], [ -35.783860491518382, -9.683257734416737 ], [ -35.783860696358943, -9.68323623075919 ], [ -35.783839310612564, -9.683205922394247 ], [ -35.783820215026431, -9.683162732159678 ], [ -35.783809767965955, -9.683121773589328 ], [ -35.783799238970104, -9.683089416481982 ], [ -35.783784293536506, -9.683065620188318 ], [ -35.783756528957007, -9.683022348656797 ], [ -35.783735491461883, -9.682955484078574 ], [ -35.783694887269135, -9.682894887675667 ], [ -35.783665016914121, -9.682845144723755 ], [ -35.783626457085262, -9.682797470837425 ], [ -35.783592293218092, -9.682743386504681 ], [ -35.783577511687014, -9.682702387289511 ], [ -35.783549562791102, -9.682678469045186 ], [ -35.783530426285424, -9.682639579545262 ], [ -35.783507016742504, -9.682594198299718 ], [ -35.783496487778635, -9.682561841196918 ], [ -35.7834684569589, -9.682546524411508 ], [ -35.783444863062051, -9.682520496450975 ], [ -35.783425788028858, -9.68247515585692 ], [ -35.783409064611782, -9.68241048230488 ], [ -35.783392095375866, -9.68237161313235 ], [ -35.783398965844782, -9.682332967541079 ], [ -35.783386569932169, -9.682286065335678 ], [ -35.783359788476048, -9.682215443163591 ], [ -35.78332413754044, -9.682115227390897 ], [ -35.783307414123364, -9.682050553838856 ], [ -35.783290990493839, -9.681992334781475 ], [ -35.783266431839337, -9.681928543557659 ], [ -35.783251463852352, -9.681823897552279 ], [ -35.783223391045404, -9.681827608431194 ], [ -35.783191351101721, -9.681827307942461 ], [ -35.783167396857337, -9.681819134966416 ], [ -35.783139324052136, -9.681822845838257 ], [ -35.783127081933095, -9.68184657597415 ], [ -35.783090923425846, -9.681858159323747 ], [ -35.783038972093912, -9.681845749596642 ], [ -35.782975270801984, -9.681805410550453 ], [ -35.782891620291245, -9.681756936069748 ], [ -35.782839706850844, -9.68174055251723 ], [ -35.782791646966281, -9.681740101733332 ], [ -35.782755639915251, -9.681735789838816 ], [ -35.782671875882762, -9.681699236725668 ], [ -35.782600240426689, -9.68165087489591 ], [ -35.78248451226758, -9.68160607360641 ], [ -35.782352574879688, -9.68158099101106 ], [ -35.782252601682679, -9.681564156542654 ], [ -35.782140613548627, -9.681547209331098 ], [ -35.781968323451842, -9.681553541270615 ], [ -35.781856259624718, -9.681544541569203 ], [ -35.78174419581557, -9.681535541833027 ], [ -35.781648038338012, -9.681538613768609 ], [ -35.781579877875267, -9.681545922528207 ], [ -35.781511679539221, -9.681557205070627 ], [ -35.781447599812466, -9.681556603787344 ], [ -35.781371580895119, -9.681547942154374 ], [ -35.781327563966691, -9.681543554959193 ], [ -35.781279693568841, -9.681523234990525 ], [ -35.781172316636976, -9.681442744328061 ], [ -35.781124599149614, -9.681429305450434 ], [ -35.781082950923583, -9.681422547246639 ], [ -35.781044495906031, -9.681417410845556 ], [ -35.780962667101129, -9.681418234753586 ], [ -35.780869821410079, -9.681396669483576 ], [ -35.780842519857934, -9.681399596938178 ], [ -35.780827839382674, -9.681424928604992 ], [ -35.780814899657507, -9.681435950045408 ], [ -35.78076515463659, -9.681437075015452 ], [ -35.780746010592431, -9.681425752460461 ], [ -35.780731603244377, -9.6814224335614 ], [ -35.780710763968919, -9.681420646135248 ], [ -35.780675578045191, -9.681409173016236 ], [ -35.780558533005738, -9.681401707101912 ], [ -35.780505867953039, -9.681372559671985 ], [ -35.780483515549768, -9.681361206992385 ], [ -35.780459543785369, -9.681351430951995 ], [ -35.780416367596978, -9.681351319189732 ], [ -35.780382048297774, -9.681372757308461 ], [ -35.780359888749061, -9.68139672736546 ], [ -35.780320673270062, -9.681420537322895 ], [ -35.780237784097721, -9.68142459487429 ], [ -35.780191420288823, -9.681431413075895 ], [ -35.780157100972893, -9.681452851164744 ], [ -35.780105725727154, -9.681474129140057 ], [ -35.780057672809114, -9.681466424634831 ], [ -35.780003999316726, -9.681473174188746 ], [ -35.779955037572634, -9.681496892599023 ], [ -35.779850311578194, -9.681491073831607 ], [ -35.779813924553736, -9.681473807595514 ], [ -35.779789881714684, -9.681439732616484 ], [ -35.77976321788416, -9.681424975464818 ], [ -35.779719313701229, -9.681429398886706 ], [ -35.779648607364535, -9.681433570669004 ], [ -35.779602358847285, -9.681428300849431 ], [ -35.779558616060676, -9.681415801138568 ], [ -35.779502667428098, -9.681405604626404 ], [ -35.77944678797202, -9.68138815534499 ], [ -35.779402999088411, -9.681380490791705 ], [ -35.77930797331198, -9.681379598556363 ], [ -35.779252047764174, -9.681366984421016 ], [ -35.779209115912231, -9.681333336509979 ], [ -35.779175142456388, -9.681318510687127 ], [ -35.779116757313929, -9.681308291241876 ], [ -35.779009756336194, -9.681285526259268 ], [ -35.778978173336839, -9.681275558473184 ], [ -35.778968588529018, -9.681258543850429 ], [ -35.778937143894474, -9.681234070546546 ], [ -35.778886022333992, -9.681228754881696 ], [ -35.77884455475904, -9.681233201076775 ], [ -35.778800581445637, -9.681244877141676 ], [ -35.778759159993498, -9.681244488154528 ], [ -35.778691028676143, -9.68123417711784 ], [ -35.778644987801172, -9.681207148915993 ], [ -35.778598923872615, -9.681182538295383 ], [ -35.778555088943961, -9.681179708818403 ], [ -35.778472407519665, -9.681162007691718 ], [ -35.778406758927304, -9.681146884320963 ], [ -35.77832382382433, -9.681155776592092 ], [ -35.7782433714072, -9.681159856558528 ], [ -35.778175895424575, -9.681144715983073 ], [ -35.778137118153296, -9.681122591554757 ], [ -35.778086111989978, -9.681105187860693 ], [ -35.778025313489522, -9.681092527781951 ], [ -35.777971663189803, -9.681096859439828 ], [ -35.777905576389131, -9.681127670069355 ], [ -35.77786868208262, -9.681163590504369 ], [ -35.777831926175089, -9.681185005433443 ], [ -35.777744117986728, -9.681193851779721 ], [ -35.77771002931194, -9.681191113751517 ], [ -35.777663919356968, -9.681171338193547 ], [ -35.777585857392673, -9.681180276056294 ], [ -35.777476097177122, -9.681191333904374 ], [ -35.777378704295735, -9.681183165515169 ], [ -35.777191666602072, -9.681120963283973 ], [ -35.777135579778779, -9.681125271913281 ], [ -35.777084527570032, -9.681112703249502 ], [ -35.776990705368199, -9.681049563403702 ], [ -35.776947055127721, -9.681027393081619 ], [ -35.776864466247446, -9.681000021282081 ], [ -35.776811162126769, -9.680968089045709 ], [ -35.776539330158869, -9.680854316018404 ], [ -35.776384614202506, -9.680724718871124 ], [ -35.776356206421148, -9.680637411229547 ], [ -35.776308513981256, -9.680528162193365 ], [ -35.776260498482038, -9.680452759274109 ], [ -35.776204873362893, -9.68040871619424 ], [ -35.776193772869838, -9.680359047050738 ], [ -35.776127026635301, -9.680203680829594 ], [ -35.776072140060215, -9.680082275212966 ], [ -35.776024401589225, -9.679977861347711 ], [ -35.775969561222254, -9.679851620579271 ], [ -35.775940692000667, -9.679812664536325 ], [ -35.775890078564586, -9.679754161775508 ], [ -35.775880632428311, -9.679722641656941 ], [ -35.775875967055939, -9.679700837650861 ], [ -35.775848260393282, -9.679648187987723 ], [ -35.775838502878408, -9.679607841306762 ], [ -35.775815233700925, -9.679566249449246 ], [ -35.775765176021878, -9.679497569179098 ], [ -35.775746549257114, -9.679471396116286 ], [ -35.775730901285463, -9.679457830728508 ], [ -35.775716316134741, -9.679450984491542 ], [ -35.775705442447638, -9.67940950912946 ], [ -35.775693324492131, -9.679380322204954 ], [ -35.775684672507893, -9.679342222304895 ], [ -35.775656154841137, -9.679289678732973 ], [ -35.775642899357607, -9.679261599312175 ], [ -35.775584018993975, -9.67917270863712 ], [ -35.77555720651268, -9.679148135931875 ], [ -35.775544036428393, -9.679111111765119 ], [ -35.775526465649328, -9.679062864303825 ], [ -35.77550319653281, -9.679021272448674 ], [ -35.775499305504859, -9.67895666020175 ], [ -35.775487240941544, -9.678921882814251 ], [ -35.775466182857222, -9.678884784515107 ], [ -35.775452895375501, -9.678860059376216 ], [ -35.775394499629762, -9.678729782623245 ], [ -35.775148774055459, -9.678457232269848 ], [ -35.774762969360808, -9.677754159316123 ], [ -35.774741330029144, -9.677503585838526 ], [ -35.774717679963558, -9.677463622262675 ], [ -35.774697883056177, -9.677439591416436 ], [ -35.774650203558643, -9.677399401978279 ], [ -35.774618543697073, -9.677359363113771 ], [ -35.774615183752744, -9.677291771358995 ], [ -35.774635587663717, -9.677252221864538 ], [ -35.774588401398447, -9.677160373403485 ], [ -35.774552395206094, -9.677156060837692 ], [ -35.774516502833976, -9.677139826955795 ], [ -35.774500748798268, -9.677111859982066 ], [ -35.774473017997614, -9.677079806303793 ], [ -35.774457377786305, -9.677039918018089 ], [ -35.77444585629722, -9.676988146065613 ], [ -35.774426287069041, -9.676940272595075 ], [ -35.774426742343046, -9.676892587348203 ], [ -35.774447449744372, -9.676821247698216 ], [ -35.774459616196197, -9.676805465547089 ], [ -35.774519803494492, -9.676794108885799 ], [ -35.774604285744466, -9.676755161666483 ], [ -35.774644676159511, -9.676719774140034 ], [ -35.774681213410346, -9.676668453878772 ], [ -35.774758482442749, -9.676545982113007 ], [ -35.774763056348981, -9.676486413172487 ], [ -35.774767478515876, -9.676442739319342 ], [ -35.774799934947062, -9.676399328934618 ], [ -35.774840742550012, -9.676320229868338 ], [ -35.77486126013811, -9.676268759013647 ], [ -35.774878076274938, -9.676185460338859 ], [ -35.77488748950384, -9.676038506026863 ], [ -35.774912315385507, -9.675955282614595 ], [ -35.774920780323818, -9.675907672612107 ], [ -35.774909258739861, -9.675855900661839 ], [ -35.774885836279758, -9.675792094489598 ], [ -35.774890296321914, -9.675744446852597 ], [ -35.774859129598383, -9.675652749004964 ], [ -35.774847645949677, -9.675597003285331 ], [ -35.774840243045496, -9.675533347655886 ], [ -35.774828645610526, -9.675489523255088 ], [ -35.774821090989974, -9.675441762716687 ], [ -35.77482128063464, -9.67542189385437 ], [ -35.774813536369393, -9.675394002178717 ], [ -35.774798009911791, -9.675342192600377 ], [ -35.774790720793042, -9.675266615656767 ], [ -35.774767677647944, -9.675163071772042 ], [ -35.77476824657343, -9.675103465187183 ], [ -35.774752644265661, -9.675059603157221 ], [ -35.774617995558593, -9.674899372715471 ], [ -35.774594459379273, -9.674847487874905 ], [ -35.774554903703283, -9.674795452495543 ], [ -35.774504054079955, -9.674667802553349 ], [ -35.774476702700582, -9.674596011223679 ], [ -35.774461631450322, -9.674496516401646 ], [ -35.774378970495796, -9.67434472276269 ], [ -35.774367638623723, -9.674273081979832 ], [ -35.77434081829503, -9.674145657865571 ], [ -35.774329220918844, -9.674101833481412 ], [ -35.774305684805711, -9.67404994865146 ], [ -35.774290423933266, -9.673970322697125 ], [ -35.774311244763879, -9.673887061683896 ], [ -35.774323904139088, -9.673819620481723 ], [ -35.774328629636543, -9.673744156468368 ], [ -35.774313027397184, -9.673700294454429 ], [ -35.774313444604033, -9.673656582974852 ], [ -35.774289908502183, -9.673604698153547 ], [ -35.774310880989653, -9.673505542047975 ], [ -35.774343223277967, -9.673474052940763 ], [ -35.774359546125638, -9.673442413300847 ], [ -35.774368314365944, -9.673363013141778 ], [ -35.774365409356371, -9.673247736146529 ], [ -35.774358234004168, -9.673160237918639 ], [ -35.774407392079141, -9.673045450116726 ], [ -35.774407960941204, -9.672985843545803 ], [ -35.774465014892435, -9.672883052294267 ], [ -35.774485456303474, -9.672839528947693 ], [ -35.774501930778385, -9.672791994198459 ], [ -35.774534993472486, -9.67268500337685 ], [ -35.774604327299343, -9.672554508545414 ], [ -35.77466984580601, -9.672404107194421 ], [ -35.774702453358849, -9.672344801597571 ], [ -35.774734909228165, -9.67230139108511 ], [ -35.774775261030335, -9.672269977131073 ], [ -35.774819503923133, -9.672250522111451 ], [ -35.774855850866935, -9.672219070521367 ], [ -35.7748923494647, -9.672171723831203 ], [ -35.77491671977166, -9.67213618559345 ], [ -35.774941014244362, -9.672108594899617 ], [ -35.774997423299673, -9.672073357611024 ], [ -35.775033580643907, -9.672061774860627 ], [ -35.775094070354122, -9.672018627620425 ], [ -35.775122521295764, -9.671975179426187 ], [ -35.775203073111335, -9.671928246468983 ], [ -35.775243766020004, -9.671861068456138 ], [ -35.775272330654005, -9.671805698913348 ], [ -35.775292771865644, -9.671762175461355 ], [ -35.775317180004301, -9.671722663395837 ], [ -35.775349408280753, -9.671703095431155 ], [ -35.775377897063798, -9.671655673420224 ], [ -35.775406272116989, -9.671620172731142 ], [ -35.775430831854699, -9.671564765546636 ], [ -35.775431248823288, -9.671521054013279 ], [ -35.77539493991636, -9.67154853193167 ], [ -35.775346616482636, -9.671575897004502 ], [ -35.775314274497177, -9.671607386298776 ], [ -35.775285520354124, -9.671682624729076 ], [ -35.775252950897006, -9.671737956662355 ], [ -35.77518445157552, -9.671781028722254 ], [ -35.77511591432819, -9.671828074537112 ], [ -35.775067515013731, -9.671863387098403 ], [ -35.775002793016462, -9.671930339367542 ], [ -35.774934141977077, -9.671989306448772 ], [ -35.774877543362038, -9.672044412596865 ], [ -35.774828916502237, -9.672103567745507 ], [ -35.77468326332118, -9.672257190479952 ], [ -35.774650769534517, -9.672304574759364 ], [ -35.774598175665488, -9.672359718452684 ], [ -35.774533605157679, -9.672410775482309 ], [ -35.774477044326723, -9.672461907747094 ], [ -35.774432194647595, -9.672544943052644 ], [ -35.774387041558441, -9.672659768516004 ], [ -35.774338073196738, -9.672754687477269 ], [ -35.774289142725841, -9.672845632651141 ], [ -35.774280450371663, -9.672917085266691 ], [ -35.774259781375996, -9.672984451215683 ], [ -35.774223092954074, -9.673051666632528 ], [ -35.774210585346708, -9.673103212753935 ], [ -35.774189916314818, -9.673170578689877 ], [ -35.774177370764704, -9.673226098577114 ], [ -35.774156815495736, -9.673281543195015 ], [ -35.774159606644126, -9.673408741479813 ], [ -35.774151027996709, -9.673468272765632 ], [ -35.774150534918846, -9.673519931779193 ], [ -35.774154084626886, -9.673567654657225 ], [ -35.774161563334722, -9.673623362711021 ], [ -35.774149055668694, -9.673674908818798 ], [ -35.774132543135309, -9.673726417289048 ], [ -35.774116144386298, -9.673766004446476 ], [ -35.774115651287637, -9.67381766345737 ], [ -35.774095058010388, -9.673877081824957 ], [ -35.774086441381364, -9.673940586870152 ], [ -35.774085720677895, -9.674016088498412 ], [ -35.774097014564283, -9.67409170303918 ], [ -35.774108232585725, -9.674175265120869 ], [ -35.774135470075521, -9.674258977755041 ], [ -35.774150730899706, -9.674338603707527 ], [ -35.774166105522802, -9.674406308350989 ], [ -35.774197158235914, -9.674509927479436 ], [ -35.774224471614929, -9.674585692580481 ], [ -35.774331123821838, -9.674741685847032 ], [ -35.774409704050171, -9.674901389424134 ], [ -35.774468108216134, -9.675076799906467 ], [ -35.774511365321921, -9.675160663108768 ], [ -35.774522128217306, -9.675291910473268 ], [ -35.774449129968659, -9.675386603500145 ], [ -35.774380629702897, -9.67542967511789 ], [ -35.774344699566903, -9.675417415049523 ], [ -35.774280393846141, -9.675440655429027 ], [ -35.774185035409218, -9.675360276641293 ], [ -35.774141057596388, -9.675351915043178 ], [ -35.774061642865405, -9.675279634344696 ], [ -35.774033684586541, -9.675271423306869 ], [ -35.773993521983357, -9.675282968183803 ], [ -35.773710048265542, -9.675188898720723 ], [ -35.773602903093639, -9.675084564292385 ], [ -35.773352607048821, -9.674871582789823 ], [ -35.773237034958363, -9.674810884446577 ], [ -35.773114212102556, -9.67467063545635 ], [ -35.772776986098513, -9.674333638702882 ], [ -35.772629716984611, -9.67423687513881 ], [ -35.772239062465097, -9.674042444098321 ], [ -35.771956843205167, -9.673817239543773 ], [ -35.771769905680834, -9.673680361535423 ], [ -35.771554554783926, -9.673582957419415 ], [ -35.771110529518978, -9.673105861379081 ], [ -35.770686131543783, -9.672251408944526 ], [ -35.770485150354268, -9.671907744672298 ], [ -35.770425799339847, -9.671831678234726 ], [ -35.77032402786908, -9.671584325908018 ], [ -35.770013152580013, -9.671005155284909 ], [ -35.76990657936161, -9.670841214169499 ], [ -35.769863817381065, -9.670705692117334 ], [ -35.769470399308688, -9.66996280652338 ], [ -35.769376486452771, -9.669731424662189 ], [ -35.769184010706297, -9.669336177082874 ], [ -35.769105433774648, -9.669176473488546 ], [ -35.769002752244837, -9.669024491337861 ], [ -35.768936037898023, -9.668880795787116 ], [ -35.768727315958103, -9.668509240056318 ], [ -35.768699548324825, -9.668481160055151 ], [ -35.768672388265955, -9.668389500055255 ], [ -35.768385166307716, -9.667850293291433 ], [ -35.768302319339732, -9.667718368297537 ], [ -35.768259634000337, -9.667574898865897 ], [ -35.767988280206659, -9.667051737891363 ], [ -35.767961120346371, -9.666960077928998 ], [ -35.767902454112665, -9.666812484054343 ], [ -35.767882810098726, -9.66677255817403 ], [ -35.767816893921307, -9.666545414004135 ], [ -35.767761321098696, -9.666493227749235 ], [ -35.76777382903532, -9.666441682087175 ], [ -35.767766123342142, -9.666409816749512 ], [ -35.767588226258276, -9.666165722514259 ], [ -35.767548596551613, -9.666121634477893 ], [ -35.767373244248475, -9.66561129928763 ], [ -35.767382127192043, -9.665519978508764 ], [ -35.767346920049349, -9.665432216965021 ], [ -35.767465756350788, -9.664312638037035 ], [ -35.767530933050189, -9.664198002221354 ], [ -35.767735649201036, -9.663730983789588 ], [ -35.768043272425693, -9.663392104335241 ], [ -35.76838805750932, -9.663355606012349 ], [ -35.768420247057676, -9.663340012312146 ], [ -35.768525432387221, -9.663229726501639 ], [ -35.768631452595223, -9.663032018115262 ], [ -35.768849528663623, -9.662843311524206 ], [ -35.769116799358073, -9.662535843946037 ], [ -35.769431518985243, -9.662292407822612 ], [ -35.770002417520452, -9.662273929428503 ], [ -35.770151821415226, -9.661726905939075 ], [ -35.770597420525732, -9.661198561891219 ], [ -35.770921777774078, -9.660784327188448 ], [ -35.771144803685985, -9.660496311816241 ], [ -35.771287356286784, -9.660247281465352 ], [ -35.771351848332344, -9.660204171945102 ], [ -35.771400435328431, -9.660148990658932 ], [ -35.771695962709359, -9.659817941064997 ], [ -35.771927791402938, -9.659446550138812 ], [ -35.77207710161219, -9.65932872858331 ], [ -35.772353171455933, -9.65893788267927 ], [ -35.77243104122558, -9.658751830018218 ], [ -35.772544877183527, -9.658574063209047 ], [ -35.772764652993011, -9.658206532867093 ], [ -35.772866360875085, -9.658040574362158 ], [ -35.773090746581687, -9.657609500848176 ], [ -35.773157169605163, -9.657363728472264 ], [ -35.773291330853418, -9.65715435887838 ], [ -35.773498939120358, -9.656802609821305 ], [ -35.773588897170413, -9.656608721700472 ], [ -35.773641752921698, -9.656525760970956 ], [ -35.773952240505288, -9.655884865252407 ], [ -35.773992703465105, -9.655841529430576 ], [ -35.774090253686666, -9.655691427644717 ], [ -35.77427031948536, -9.655287755500318 ], [ -35.774385288486982, -9.65499077409366 ], [ -35.774417817686519, -9.654939415494711 ], [ -35.7744915287862, -9.654769219204796 ], [ -35.774594596928758, -9.654460203598342 ], [ -35.774666460347959, -9.654063464374516 ], [ -35.774764387995049, -9.653873624348023 ], [ -35.774919742547993, -9.653541253949102 ], [ -35.775049366275255, -9.653387478130346 ], [ -35.775146498856351, -9.653281087210638 ], [ -35.775185115697383, -9.653268277399107 ], [ -35.77517464795136, -9.653199842819715 ], [ -35.76500188656572, -9.653918317674128 ], [ -35.765006889295599, -9.653938176934551 ], [ -35.765021655324603, -9.653962452222531 ], [ -35.765031898699803, -9.653990377745609 ], [ -35.765041209530004, -9.654015600333793 ], [ -35.765052341213099, -9.654040808288007 ], [ -35.765057995575205, -9.654064253283376 ], [ -35.765071865929499, -9.654090342720568 ], [ -35.765083841669096, -9.654107412594964 ], [ -35.765099518142499, -9.654131680565953 ], [ -35.765111442249498, -9.654142426516897 ], [ -35.765133388475007, -9.654153995436298 ], [ -35.765152603403202, -9.654165586299545 ], [ -35.765166326248199, -9.654173607364612 ], [ -35.765178257736402, -9.654185256728095 ], [ -35.7651865991443, -9.654203259268719 ], [ -35.765194992177598, -9.654227585732807 ], [ -35.765200653927998, -9.654251934140735 ], [ -35.765208092279899, -9.654270847418038 ], [ -35.765219201862301, -9.654293345106089 ], [ -35.765229371511396, -9.654312236439541 ], [ -35.765241406279003, -9.654336533649955 ], [ -35.765255239784395, -9.654358105981622 ], [ -35.765268162859897, -9.654379685623166 ], [ -35.765282914176602, -9.654402154050382 ], [ -35.765297687622407, -9.654427332736654 ], [ -35.765309722404297, -9.654451629947054 ], [ -35.765318996385702, -9.654472335422584 ], [ -35.765334665520697, -9.6544956999525 ], [ -35.765348506414398, -9.654518175689601 ], [ -35.765354042770497, -9.654527165984438 ], [ -35.765368801482595, -9.654550537831337 ], [ -35.765378993275199, -9.654572139402429 ], [ -35.765386453784906, -9.654593762924485 ], [ -35.765395735154598, -9.654615371812586 ], [ -35.765406822629096, -9.654635159234466 ], [ -35.7654161261352, -9.654659478374441 ], [ -35.765423616155296, -9.654684715560936 ], [ -35.765429263179001, -9.65470725712238 ], [ -35.7654376562623, -9.654731583579341 ], [ -35.7654468933735, -9.654747771956499 ], [ -35.7654570851874, -9.6547693735276 ], [ -35.765467277001399, -9.654790975091567 ], [ -35.765482938783698, -9.654813436194674 ], [ -35.765498534171201, -9.654827766534975 ], [ -35.765520539474494, -9.654846562754745 ], [ -35.765539791344295, -9.654862670666439 ], [ -35.765559975787596, -9.654881481520171 ], [ -35.765578250832498, -9.654889465978902 ], [ -35.765605615436499, -9.654895570456956 ], [ -35.765628427890498, -9.654901711512794 ], [ -35.7656439495019, -9.654907007663461 ], [ -35.7656549042009, -9.654910533552592 ], [ -35.765669530144592, -9.65491764385246 ], [ -35.765677842084798, -9.654932032700122 ], [ -35.765680698811998, -9.654947368855135 ], [ -35.765680838997199, -9.654964533793311 ], [ -35.765681919129904, -9.654985305078934 ], [ -35.765682125724297, -9.655010600779939 ], [ -35.765682347073799, -9.655037703306025 ], [ -35.765682435619397, -9.655048544320744 ], [ -35.765682620077307, -9.655071129762693 ], [ -35.765682848807998, -9.655099135708454 ], [ -35.765695794084102, -9.655123425566222 ], [ -35.765716008066299, -9.655145850070149 ], [ -35.765727088209601, -9.655164734058097 ], [ -35.765743623573101, -9.655182670731579 ], [ -35.765767390744095, -9.655194224959965 ], [ -35.765790306520195, -9.65521301384134 ], [ -35.765806745964198, -9.655219206080448 ], [ -35.765825065303197, -9.655232611028705 ], [ -35.765838825096793, -9.6552451491351 ], [ -35.765849831464095, -9.655254998940553 ], [ -35.765855441638998, -9.655273023396495 ], [ -35.765859570303796, -9.655283521109824 ], [ -35.765862880062201, -9.655291936638134 ], [ -35.765872109835001, -9.655307221574224 ], [ -35.765875803223302, -9.655313516236864 ], [ -35.765893330202502, -9.655341383174132 ], [ -35.765910783398596, -9.655360215936049 ], [ -35.765926415727598, -9.655379063331933 ], [ -35.765945741444696, -9.655404205383327 ], [ -35.765959567668894, -9.655424874238284 ], [ -35.765970610934794, -9.655439241120714 ], [ -35.765982616298906, -9.655459924609644 ], [ -35.765991831323703, -9.655473402706388 ], [ -35.7660065679921, -9.655494064244326 ], [ -35.766016730352703, -9.655512052115323 ], [ -35.766028757853199, -9.65553544584902 ], [ -35.766038017164995, -9.65555434444954 ], [ -35.766050918211, -9.655573213782121 ], [ -35.766056454609902, -9.655582204055566 ], [ -35.766071228184195, -9.655607382677637 ], [ -35.766088703538003, -9.655628925677183 ], [ -35.766100716297601, -9.655650512571516 ], [ -35.766110908190001, -9.655672114106945 ], [ -35.766124756579096, -9.655695493199532 ], [ -35.766132261454302, -9.655722537182582 ], [ -35.76613979584701, -9.655753194837223 ], [ -35.766153710666593, -9.655784704685487 ], [ -35.766169394692199, -9.655809875976301 ], [ -35.766184168287893, -9.655835054591249 ], [ -35.766201636282005, -9.655855694156845 ], [ -35.766221813444005, -9.65587360152672 ], [ -35.766238371015199, -9.655894248409322 ], [ -35.766254943348699, -9.65591670212412 ], [ -35.766272418738303, -9.655938245109409 ], [ -35.766288102778198, -9.655963416393092 ], [ -35.766303779444101, -9.65598768425712 ], [ -35.766313075690199, -9.656011099927504 ], [ -35.766323304517002, -9.656037218525647 ], [ -35.766333518581497, -9.65606153029873 ], [ -35.766348270062203, -9.656083998640385 ], [ -35.766359379801401, -9.656106496257104 ], [ -35.766370482166593, -9.656128090454157 ], [ -35.766382524486602, -9.656153290998677 ], [ -35.766392760708797, -9.656180313009374 ], [ -35.7664038704552, -9.656202810618966 ], [ -35.766417733656496, -9.656227996529513 ], [ -35.766432492532601, -9.656251368283707 ], [ -35.766448198751704, -9.656279249805021 ], [ -35.766455556046303, -9.656288225430231 ], [ -35.766472121034298, -9.656309775703964 ], [ -35.766488745078796, -9.656338553320852 ], [ -35.766506257416999, -9.656364613361726 ], [ -35.766519173289595, -9.656385289497999 ], [ -35.766533939561093, -9.656409564657595 ], [ -35.766546877584297, -9.65643295103864 ], [ -35.766561621712398, -9.656454515953486 ], [ -35.766577320571699, -9.656481494040868 ], [ -35.766592101619793, -9.656507576032698 ], [ -35.766605047031398, -9.656531865826274 ], [ -35.766618925030699, -9.656558858547639 ], [ -35.766632766124204, -9.656581334192021 ], [ -35.766645718924003, -9.65660652739815 ], [ -35.766658642199097, -9.656628106932704 ], [ -35.766673408492096, -9.656652382085186 ], [ -35.766683593081801, -9.656673080165286 ], [ -35.766699255056693, -9.656695541154287 ], [ -35.766707611390899, -9.656715350455823 ], [ -35.7667140804203, -9.656727043635634 ], [ -35.766725997296, -9.656736886074203 ], [ -35.766739735045903, -9.656746713871636 ], [ -35.766748891085498, -9.656752964596709 ], [ -35.7667608153495, -9.656763710440668 ], [ -35.766775485687198, -9.656776241165895 ], [ -35.766790156024904, -9.656788771891103 ], [ -35.766802117201799, -9.656804034826317 ], [ -35.766815958316698, -9.656826510449308 ], [ -35.7668197624795, -9.656846356335773 ], [ -35.766825409674396, -9.656868897840159 ], [ -35.766831849172, -9.656876977348407 ], [ -35.766844742943896, -9.656894943211386 ], [ -35.766856741041003, -9.656914723216451 ], [ -35.766867813938596, -9.656932703713416 ], [ -35.766883490704302, -9.65695697152751 ], [ -35.766895496196796, -9.656977654952252 ], [ -35.766903823020598, -9.656993850575075 ], [ -35.766912157232795, -9.657010949610449 ], [ -35.766923281819899, -9.657035254016606 ], [ -35.766934376875298, -9.657055944765471 ], [ -35.766943651063499, -9.657076650141159 ], [ -35.766951082226797, -9.657094659913202 ], [ -35.766962147757496, -9.657111736990494 ], [ -35.766969556770199, -9.657127036510637 ], [ -35.766980614912598, -9.657143210161101 ], [ -35.766988949138998, -9.657160309196488 ], [ -35.766999141152596, -9.657181910667735 ], [ -35.767000169724199, -9.65719635801563 ], [ -35.7670012130652, -9.657212612195762 ], [ -35.767004077280397, -9.657228851727638 ], [ -35.767006075367007, -9.657250519087437 ], [ -35.767007133477499, -9.657268580092653 ], [ -35.767007163009296, -9.657272193764213 ], [ -35.767007163008671, -9.657272193764452 ], [ -35.767032933611702, -9.657417446170754 ], [ -35.767043125639006, -9.657439047639278 ], [ -35.767052348157499, -9.65745342909536 ], [ -35.767058964887497, -9.657483190594245 ], [ -35.767069201229198, -9.657510212563139 ], [ -35.767080333237701, -9.657535420370991 ], [ -35.7670869204402, -9.657561568205978 ], [ -35.767094425475904, -9.657588612130127 ], [ -35.767100997909999, -9.65761295312859 ], [ -35.7671084586405, -9.65763457655232 ], [ -35.767115023694998, -9.657658014137109 ], [ -35.767123453934396, -9.657686857573243 ], [ -35.767136517599404, -9.657725601983048 ], [ -35.767145932134397, -9.657763472268114 ], [ -35.767159869318299, -9.657797692266652 ], [ -35.767176515678599, -9.65782918005976 ], [ -35.767199498188006, -9.657856099521974 ], [ -35.767225278474797, -9.657891127761205 ], [ -35.767250089252798, -9.657918935988038 ], [ -35.767270362613395, -9.657948587646489 ], [ -35.767284203816601, -9.657971063230546 ], [ -35.767298074565794, -9.657997152478483 ], [ -35.767310117055594, -9.65802235295263 ], [ -35.767328517851702, -9.658045695336893 ], [ -35.767348776462299, -9.658073540168024 ], [ -35.767364409017702, -9.658092387429962 ], [ -35.767386481119402, -9.658119314189175 ], [ -35.767404785916405, -9.658130912158949 ], [ -35.7674184942042, -9.658137126241828 ], [ -35.767442313343793, -9.658155004187686 ], [ -35.767457849891002, -9.658162107044337 ], [ -35.767477990345398, -9.658175497192412 ], [ -35.767500884271996, -9.658191575626272 ], [ -35.767523800364998, -9.658210364301187 ], [ -35.767546753383499, -9.658233670062804 ], [ -35.767568744263698, -9.658250659225686 ], [ -35.767588921652795, -9.658268566451317 ], [ -35.767606375115598, -9.658287399055025 ], [ -35.767623784264003, -9.658300811158346 ], [ -35.767642177708098, -9.658323250101388 ], [ -35.767660585929598, -9.658347495880985 ], [ -35.767675293308898, -9.658364543612576 ], [ -35.767688201965598, -9.658384316243422 ], [ -35.767702968436801, -9.658408591311957 ], [ -35.767717705362003, -9.658429252707428 ], [ -35.767734277944598, -9.65845170629035 ], [ -35.767746268777195, -9.658470582822888 ], [ -35.767763751804296, -9.658493029072131 ], [ -35.767771219997002, -9.658515555882001 ], [ -35.767780501671702, -9.658537164629122 ], [ -35.767785268095295, -9.658563327076473 ], [ -35.767786414907299, -9.658592229062947 ], [ -35.767787576496801, -9.658622937876766 ], [ -35.767787842419501, -9.658655460851659 ], [ -35.767788078805296, -9.65868437015348 ], [ -35.767787441672297, -9.658717803866562 ], [ -35.767782208020797, -9.658745853701882 ], [ -35.767780660452402, -9.658779294730325 ], [ -35.767780815580103, -9.658798266463368 ], [ -35.767781096280203, -9.658832596265594 ], [ -35.767781362212006, -9.658865119240472 ], [ -35.767783449023703, -9.658897627557122 ], [ -35.767786424122598, -9.658927418317397 ], [ -35.767791190555393, -9.65895358075556 ], [ -35.767797748322003, -9.65897611488078 ], [ -35.767798858217702, -9.659000499789714 ], [ -35.767798954244299, -9.659012244195015 ], [ -35.767807281187601, -9.659028439766264 ], [ -35.767800226656398, -9.659056504241484 ], [ -35.7677867768749, -9.659081909747375 ], [ -35.767781528455004, -9.659108152746166 ], [ -35.7677753695815, -9.659134403069505 ], [ -35.767765591114696, -9.659163392941148 ], [ -35.767754872648297, -9.659188776473449 ], [ -35.7677486473033, -9.659206896055345 ], [ -35.767745197596895, -9.659230414164067 ], [ -35.767741725733302, -9.659251222022592 ], [ -35.767740933481797, -9.659265684002623 ], [ -35.767736455147102, -9.659274754780368 ], [ -35.767729223321894, -9.659281137281493 ], [ -35.767721073663303, -9.659286623684306 ], [ -35.767711073569899, -9.659288511081467 ], [ -35.767690192493603, -9.659295906855037 ], [ -35.767669289260198, -9.659300592378399 ], [ -35.767647534674097, -9.659312512554054 ], [ -35.767625765310498, -9.659322625893163 ], [ -35.767597622844697, -9.65933279049481 ], [ -35.76757218955521, -9.659340222881839 ], [ -35.767556748961098, -9.659344864458022 ], [ -35.767540442255296, -9.65935493384999 ], [ -35.767519539003501, -9.659359619373333 ], [ -35.767497762251097, -9.659368829289601 ], [ -35.767471455433402, -9.659380786069546 ], [ -35.767449678671902, -9.6593899959858 ], [ -35.767430648012194, -9.659400990765013 ], [ -35.767417116944905, -9.65941645868376 ], [ -35.767402653266799, -9.659429223676854 ], [ -35.767386427791699, -9.659449230646752 ], [ -35.767377478474394, -9.659468275615909 ], [ -35.7673685808603, -9.659493644499152 ], [ -35.767363288089399, -9.659514467006725 ], [ -35.767362525374601, -9.659532542650634 ], [ -35.767362687872698, -9.659552417806546 ], [ -35.767362872537106, -9.659575003212646 ], [ -35.767362939017801, -9.659583133954074 ], [ -35.7673629759433, -9.659587651040814 ], [ -35.767363116284194, -9.659604815946505 ], [ -35.767373374920702, -9.659634548119714 ], [ -35.7673780748637, -9.659652579825634 ], [ -35.767380946538097, -9.659669722766925 ], [ -35.767381893917303, -9.659674232519947 ], [ -35.7673737220832, -9.659677008681731 ], [ -35.767366468082393, -9.659680680932675 ], [ -35.767361027581799, -9.65968343512086 ], [ -35.767358303637103, -9.659684360498952 ], [ -35.7673519600717, -9.659688025425353 ], [ -35.7673347133479, -9.659694488477939 ], [ -35.767316563568301, -9.659701862268733 ], [ -35.767299346390402, -9.659711938985202 ], [ -35.767283994415898, -9.659727421553033 ], [ -35.7672759333676, -9.659743748947472 ], [ -35.767270566727298, -9.659755537290755 ], [ -35.767270773548894, -9.659780832947062 ], [ -35.767270913889796, -9.659797997852767 ], [ -35.767271098545002, -9.659820583258886 ], [ -35.767271261043099, -9.659840458414781 ], [ -35.767267811309196, -9.659863976532677 ], [ -35.7672552349824, -9.659884857627311 ], [ -35.7672408673033, -9.659909367025703 ], [ -35.767226514401898, -9.659935683269794 ], [ -35.767221140363603, -9.659946568199418 ], [ -35.767214863278795, -9.659958363867242 ], [ -35.767208689600196, -9.659982807372407 ], [ -35.767203411588497, -9.660005436716508 ], [ -35.767198192668701, -9.660035293388358 ], [ -35.767185697581695, -9.660066112060941 ], [ -35.767171433299694, -9.660103269296664 ], [ -35.767158879111697, -9.660126860641496 ], [ -35.767145444025196, -9.660154072965549 ], [ -35.767130202818102, -9.660183106775198 ], [ -35.767115857287003, -9.660210326432965 ], [ -35.767105146145198, -9.66023661337894 ], [ -35.767091740595397, -9.660267439376057 ], [ -35.767076455064696, -9.660291052685297 ], [ -35.767062020886698, -9.660307431351425 ], [ -35.767052982904097, -9.660315635319799 ], [ -35.767026786798802, -9.660341143341556 ], [ -35.767003255546392, -9.660358498639134 ], [ -35.766977947719198, -9.660381289086157 ], [ -35.766970826642996, -9.660401222829112 ], [ -35.766968324269904, -9.660429250700037 ], [ -35.766966688026997, -9.660451850755212 ], [ -35.766966872682296, -9.660474436170487 ], [ -35.766967879144204, -9.660486173260434 ], [ -35.766967960393202, -9.660496110838388 ], [ -35.766970802521598, -9.660509640115801 ], [ -35.766978211650098, -9.660524939616289 ], [ -35.766987397362399, -9.660534803967309 ], [ -35.766996597842997, -9.660546475145672 ], [ -35.767005798323694, -9.660558146333219 ], [ -35.767015916646798, -9.660570713609905 ], [ -35.767019691386011, -9.660586945813 ], [ -35.767019809560601, -9.66060140047769 ], [ -35.7670198834209, -9.660610434641967 ], [ -35.767016396752197, -9.660629435673119 ], [ -35.767003798231599, -9.660647606526735 ], [ -35.7669929688876, -9.66065943880802 ], [ -35.766983967830498, -9.660672159863125 ], [ -35.766975906763896, -9.660688487266725 ], [ -35.766967779225801, -9.660696683919747 ], [ -35.7669505915296, -9.660710374300093 ], [ -35.76692882205591, -9.660720487630028 ], [ -35.766903359091899, -9.660724306325655 ], [ -35.766878784415297, -9.660725407455713 ], [ -35.766855157117803, -9.660731018338813 ], [ -35.766835178987101, -9.660737503355811 ], [ -35.7668088203379, -9.660743136203319 ], [ -35.766779767280703, -9.660753308101947 ], [ -35.766757997797797, -9.660763421422709 ], [ -35.766734385268698, -9.660770839133155 ], [ -35.766717145860198, -9.660778205590237 ], [ -35.766714436674803, -9.660780937804866 ], [ -35.766691815820899, -9.660798285777892 ], [ -35.766679254198195, -9.660820973699868 ], [ -35.766668513473697, -9.660843646981967 ], [ -35.766667913220296, -9.660881597800159 ], [ -35.7666679205999, -9.660882501213825 ], [ -35.766662672097397, -9.660908744230982 ], [ -35.7666482969653, -9.660932350215697 ], [ -35.766629354824104, -9.66095418597734 ], [ -35.766619546692098, -9.660979562185107 ], [ -35.766613454207409, -9.661013943277398 ], [ -35.766610085676596, -9.661047398982426 ], [ -35.766610351562598, -9.661079921975672 ], [ -35.766610595282103, -9.661109734727876 ], [ -35.7665980558074, -9.661135132909235 ], [ -35.766580031481098, -9.661157864760032 ], [ -35.7665665963303, -9.661185077093283 ], [ -35.766557742957097, -9.661215866486101 ], [ -35.766557127926099, -9.661252010476924 ], [ -35.766555945249003, -9.661265140543669 ], [ -35.766553788941302, -9.661289079845835 ], [ -35.766552270854596, -9.661326134574857 ], [ -35.766549842314198, -9.661363196619236 ], [ -35.7665455707277, -9.661397563071635 ], [ -35.766539470854305, -9.661431040741059 ], [ -35.766533400526797, -9.661468132083565 ], [ -35.7665246136158, -9.661507052217821 ], [ -35.7665121479831, -9.661541484563452 ], [ -35.766506825611202, -9.661558693416332 ], [ -35.7664925538486, -9.661594947238388 ], [ -35.766473751993196, -9.661633947924093 ], [ -35.766457666712093, -9.661671119808874 ], [ -35.766440670977296, -9.661708299018182 ], [ -35.7664209512795, -9.661746403605562 ], [ -35.7664002989709, -9.66178180527646 ], [ -35.76637963188471, -9.661815400101659 ], [ -35.766360763539495, -9.661846270036763 ], [ -35.766342835184702, -9.661880746311226 ], [ -35.766323056376599, -9.661911623570859 ], [ -35.766301419744799, -9.661937998392835 ], [ -35.766279797881495, -9.661966180042146 ], [ -35.766267346989601, -9.662002419215135 ], [ -35.7662657993477, -9.662035860289453 ], [ -35.766264251705898, -9.662069301354606 ], [ -35.766248070379795, -9.662094728824901 ], [ -35.766219971953007, -9.662110313890224 ], [ -35.766195603941895, -9.662136710667442 ], [ -35.766176794651798, -9.662174807939483 ], [ -35.766161678861195, -9.662219199836652 ], [ -35.766147473514998, -9.662263584418476 ], [ -35.766146895400396, -9.662304245505211 ], [ -35.766140839804599, -9.662343143684229 ], [ -35.766124695385699, -9.662373088232073 ], [ -35.766105819614999, -9.662403054753506 ], [ -35.766086936455501, -9.662432117852092 ], [ -35.766071680323897, -9.662459344834382 ], [ -35.766057312488897, -9.662483854241945 ], [ -35.766044758172399, -9.662507445586785 ], [ -35.766039384088202, -9.662518330516422 ], [ -35.766034106003097, -9.662540959878877 ], [ -35.766031574038195, -9.662565374104265 ], [ -35.766026355035699, -9.662595230794484 ], [ -35.7660193299036, -9.6626269089611 ], [ -35.766010491243598, -9.662659505190449 ], [ -35.7660016378153, -9.662690294592444 ], [ -35.7659927917666, -9.66272198739895 ], [ -35.765983916181199, -9.66275006655075 ], [ -35.765975951040197, -9.662778138368846 ], [ -35.76596797114, -9.662804403359591 ], [ -35.765960901684302, -9.66283066102581 ], [ -35.765952011321296, -9.662856933341073 ], [ -35.765944949254404, -9.662884094430156 ], [ -35.765934223215602, -9.662908574548783 ], [ -35.7659235193249, -9.662935764917613 ], [ -35.765910098850696, -9.66296478409655 ], [ -35.765894894394698, -9.662998334992915 ], [ -35.765881503448, -9.663030967835745 ], [ -35.765869022964296, -9.663063593354021 ], [ -35.7658583855358, -9.66309891448264 ], [ -35.765846778570996, -9.663127015598853 ], [ -35.7658369260512, -9.663146971306224 ], [ -35.765830744882798, -9.66317051140687 ], [ -35.765821869279002, -9.663198590558672 ], [ -35.765812956749599, -9.663222152614571 ], [ -35.765804962062695, -9.663246610777973 ], [ -35.7657896911169, -9.66327203092373 ], [ -35.765777181078001, -9.663301042778144 ], [ -35.765763745817097, -9.663328255111406 ], [ -35.765757483408798, -9.663341857624918 ], [ -35.765745861657294, -9.663368151904615 ], [ -35.765733351618394, -9.663397163759031 ], [ -35.765719050199699, -9.66342980391719 ], [ -35.765701077420502, -9.663458859700423 ], [ -35.765684022474503, -9.663488811581976 ], [ -35.765663333093499, -9.663519696156971 ], [ -35.765638091434894, -9.663550617345424 ], [ -35.765614700220496, -9.663585137557888 ], [ -35.765597674811197, -9.663618703103307 ], [ -35.7655833069119, -9.663643212510861 ], [ -35.765322536911896, -9.663732280346862 ], [ -35.765583306907502, -9.66364321251381 ], [ -35.7655779106354, -9.663651387195074 ], [ -35.765559027381499, -9.663680450300063 ], [ -35.765546495164202, -9.66370675190176 ], [ -35.765536672154198, -9.663730321284632 ], [ -35.765525931300097, -9.663752994575427 ], [ -35.7655160787507, -9.663772950289557 ], [ -35.765505293587395, -9.66379020307725 ], [ -35.7654963367156, -9.663808344631938 ], [ -35.765486462007594, -9.663825590094522 ], [ -35.765478400829402, -9.663841917497725 ], [ -35.7654703174925, -9.663855534649388 ], [ -35.765465809517202, -9.663860991762 ], [ -35.765456778804598, -9.663870099152822 ], [ -35.765445941943199, -9.66388102801228 ], [ -35.765435134621299, -9.66389557054841 ], [ -35.765425274675103, -9.663914622845386 ], [ -35.765418123952195, -9.663930942923491 ], [ -35.765409181842095, -9.663950891320518 ], [ -35.765399388363697, -9.663978074372112 ], [ -35.765393207167193, -9.664001614478533 ], [ -35.765391474867002, -9.664012470126924 ], [ -35.765390749021499, -9.664035062881567 ], [ -35.765390955789897, -9.664060358570618 ], [ -35.765391169947101, -9.664086557676869 ], [ -35.765387712735603, -9.664109172398803 ], [ -35.765383322918197, -9.66412908418631 ], [ -35.765377090023499, -9.664146300364502 ], [ -35.765370842359097, -9.66416170970831 ], [ -35.765356452278894, -9.664183508866314 ], [ -35.765338479440402, -9.664212564646204 ], [ -35.765328737644197, -9.664246071626049 ], [ -35.765328107798005, -9.664280408812026 ], [ -35.765322933056005, -9.66431568601671 ], [ -35.765315019551302, -9.664350081771532 ], [ -35.765305248215604, -9.66437997508265 ], [ -35.7652908876589, -9.664405387909392 ], [ -35.765278333243096, -9.66442897925956 ], [ -35.765271278503597, -9.664457043776977 ], [ -35.765261499779001, -9.664486033662937 ], [ -35.765250817972003, -9.664515934299139 ], [ -35.76523921093991, -9.664544035418102 ], [ -35.765228521744, -9.664573032629157 ], [ -35.765215996859794, -9.664600237648044 ], [ -35.765199837535093, -9.664628375376516 ], [ -35.765181842514103, -9.664654720904853 ], [ -35.765169258550898, -9.664674698586309 ], [ -35.765155889663198, -9.664710041684929 ], [ -35.765142446934796, -9.664736350611738 ], [ -35.765126294975097, -9.664765391749427 ], [ -35.765115591001504, -9.664792582134083 ], [ -35.765107500251901, -9.664805295868545 ], [ -35.765094109205599, -9.664837928715642 ], [ -35.765088016603599, -9.664872309828224 ], [ -35.765081872303398, -9.66490036702055 ], [ -35.765071124020601, -9.664922136902129 ], [ -35.7650631366512, -9.66494749847714 ], [ -35.765051529595198, -9.664975599596115 ], [ -35.765036273313093, -9.665002826582304 ], [ -35.765022830560802, -9.665029135509114 ], [ -35.765008469972202, -9.665054548343827 ], [ -35.765001437359395, -9.665085323104824 ], [ -35.765006240729697, -9.665116002703408 ], [ -35.765006440109197, -9.665140394983252 ], [ -35.765001176732895, -9.665164831181764 ], [ -35.764991375817793, -9.665191110824164 ], [ -35.764980686598001, -9.665220108043178 ], [ -35.764968169070698, -9.665248216487232 ], [ -35.764957465081196, -9.665275406863925 ], [ -35.764951335542897, -9.665305270898584 ], [ -35.764946086928305, -9.665331513939428 ], [ -35.7649444875399, -9.665358631105059 ], [ -35.764944694300297, -9.665383926802093 ], [ -35.764945833682596, -9.665411925433562 ], [ -35.764941502912301, -9.66543906456651 ], [ -35.764937179530797, -9.665467107124572 ], [ -35.764936497986497, -9.665495120390286 ], [ -35.764940339219294, -9.665519483385724 ], [ -35.764942344755696, -9.665542054181016 ], [ -35.764947977367498, -9.665562788865524 ], [ -35.764958132748397, -9.665579873271778 ], [ -35.764962751516798, -9.665587967424869 ], [ -35.764973839519598, -9.665607754757586 ], [ -35.764991271210093, -9.665623877169843 ], [ -35.764995993366696, -9.665644619171465 ], [ -35.764981536754895, -9.665658287574844 ], [ -35.764964356142002, -9.665672881362708 ], [ -35.764948137682595, -9.665693791753718 ], [ -35.7649337696893, -9.665718301163274 ], [ -35.764923058302898, -9.665744588130753 ], [ -35.764911392144008, -9.665765461920229 ], [ -35.764897890296801, -9.665784543509581 ], [ -35.764892634293396, -9.665809883125275 ], [ -35.764890117068703, -9.665836104206793 ], [ -35.764896674921602, -9.665858638400554 ], [ -35.764895934306395, -9.6658794243288 ], [ -35.7648878878421, -9.665897558574342 ], [ -35.764879841377798, -9.66591569281988 ], [ -35.764872727527397, -9.665936529999847 ], [ -35.764871091218602, -9.665959130079568 ], [ -35.7648739629171, -9.665976273054671 ], [ -35.764876819845803, -9.665991609195411 ], [ -35.764877870617596, -9.666008766804737 ], [ -35.764878950929003, -9.666029538090784 ], [ -35.764887300176902, -9.666048443973603 ], [ -35.764892969725103, -9.666073695744011 ], [ -35.764891340813101, -9.666097199248886 ], [ -35.764886943582894, -9.666116207627192 ], [ -35.764887128200705, -9.666138793064711 ], [ -35.764893708220207, -9.666164037510026 ], [ -35.764893885457099, -9.666185719538332 ], [ -35.764889392227495, -9.666192983485296 ], [ -35.764876712209201, -9.666201216743362 ], [ -35.764862174335903, -9.666204947557741 ], [ -35.7648558306323, -9.666208612478194 ], [ -35.764849464778095, -9.666209567147092 ], [ -35.764834001679702, -9.666211498444238 ], [ -35.7648203890395, -9.666217028767887 ], [ -35.764811358255301, -9.666226136158725 ], [ -35.764801387468196, -9.66623163719796 ], [ -35.764787796986596, -9.666239877781113 ], [ -35.764772459419099, -9.666257167178323 ], [ -35.764761770167397, -9.666286164397331 ], [ -35.764751139994694, -9.666322388961788 ], [ -35.764738696276304, -9.666359531593596 ], [ -35.764728051333798, -9.66639394932368 ], [ -35.7647146159225, -9.666421161675636 ], [ -35.764705754978401, -9.666451047677596 ], [ -35.764694170025201, -9.666481859056075 ], [ -35.764682577683111, -9.666511767017376 ], [ -35.764668239181397, -9.666539890111595 ], [ -35.764657557310599, -9.666569790755787 ], [ -35.7646486963584, -9.666599676749771 ], [ -35.764643455116797, -9.666626823215765 ], [ -35.764641863109297, -9.666654843814529 ], [ -35.764642099417195, -9.666683753180282 ], [ -35.764637731710501, -9.66670637523529 ], [ -35.764627871684603, -9.666725427540214 ], [ -35.764620787349799, -9.666749878396891 ], [ -35.764618314418399, -9.666781519981489 ], [ -35.7646212968939, -9.66681221423026 ], [ -35.764622347673694, -9.666829371847562 ], [ -35.764624419685902, -9.666860073413444 ], [ -35.764630111400699, -9.666888035435399 ], [ -35.764635795734499, -9.666915094048136 ], [ -35.764642331460692, -9.666934917990346 ], [ -35.764645195786301, -9.666951157548279 ], [ -35.764649014884299, -9.666972810292162 ], [ -35.764657423235207, -9.66699894351245 ], [ -35.764669458677396, -9.66702324061395 ], [ -35.764680583664401, -9.667047545040557 ], [ -35.764692626495496, -9.667072745559226 ], [ -35.764706490261197, -9.667097931435711 ], [ -35.764723870349194, -9.66710772991971 ], [ -35.764742827651197, -9.66708770097061 ], [ -35.7647644868035, -9.66706403638549 ], [ -35.764798048470396, -9.667048407376646 ], [ -35.764832631385701, -9.667046322308405 ], [ -35.764863712764296, -9.667061431466992 ], [ -35.764890300897399, -9.667083804564568 ], [ -35.764910530549201, -9.667108035756202 ], [ -35.764925319571795, -9.667135021133967 ], [ -35.764929175622093, -9.66716119095579 ], [ -35.764927568884701, -9.667187404704253 ], [ -35.764926835674196, -9.667209094049682 ], [ -35.764916006106006, -9.667220926350209 ], [ -35.764903355595294, -9.667232773292971 ], [ -35.764899861455497, -9.667250870928987 ], [ -35.764901889190298, -9.667276151983797 ], [ -35.764915752979903, -9.667301337836385 ], [ -35.764928632449596, -9.667317496842211 ], [ -35.764932333405604, -9.667324694895242 ], [ -35.764939735309795, -9.667339091001299 ], [ -35.764945316279395, -9.667353501741612 ], [ -35.764948136311595, -9.667364320788471 ], [ -35.764952769889604, -9.667374221767968 ], [ -35.764958343478298, -9.667387729099065 ], [ -35.7649630361432, -9.66740485742398 ], [ -35.764969564512398, -9.667423777933076 ], [ -35.7649779285939, -9.667444490634336 ], [ -35.7649890314541, -9.667466084785465 ], [ -35.765000149099997, -9.667489485763005 ], [ -35.765009416263901, -9.667509287721973 ], [ -35.765021340960999, -9.667520033541836 ], [ -35.765035989675098, -9.667529853969254 ], [ -35.765050645778004, -9.66754057781384 ], [ -35.765061652623004, -9.667550427533643 ], [ -35.765060830794098, -9.6675612758649 ], [ -35.765049942131, -9.667565880828001 ], [ -35.765033583275297, -9.667569626308492 ], [ -35.765014522569302, -9.667577007425017 ], [ -35.764990909530795, -9.667584425159026 ], [ -35.764959983206595, -9.667588287801117 ], [ -35.764929996893095, -9.667595756786843 ], [ -35.764903637671097, -9.66760138964583 ], [ -35.764874532281397, -9.667605237637733 ], [ -35.764846352124799, -9.667610885138915 ], [ -35.764820895977202, -9.66761560725563 ], [ -35.764796350300898, -9.667620322047235 ], [ -35.764776364345799, -9.667625903638545 ], [ -35.764763625192693, -9.667626909567135 ], [ -35.764768317857595, -9.667644037892053 ], [ -35.764770131403395, -9.667643119832661 ], [ -35.764771944957005, -9.667642201773281 ], [ -35.764776497289496, -9.667642165155788 ], [ -35.764782415324795, -9.667642117562632 ], [ -35.764788333360094, -9.667642069969475 ], [ -35.7648065353169, -9.667641020106274 ], [ -35.764829252669799, -9.667635416539696 ], [ -35.7648546866589, -9.667627984171446 ], [ -35.764881023722296, -9.66761964106092 ], [ -35.764908300796499, -9.667614904302026 ], [ -35.764935607418103, -9.66761378120386 ], [ -35.764960190022798, -9.667613583490194 ], [ -35.7649802202871, -9.667613422393993 ], [ -35.764998407466202, -9.667610565688461 ], [ -35.765019333424, -9.66760859042485 ], [ -35.765027505466897, -9.667605814271393 ], [ -35.765042976017902, -9.667604786359565 ], [ -35.765057543478498, -9.667604669197969 ], [ -35.765064827216698, -9.667604610613191 ], [ -35.765073954040204, -9.667607247637742 ], [ -35.765087736616103, -9.667622495885368 ], [ -35.765097921640098, -9.667643193936449 ], [ -35.765099919851501, -9.667664861306593 ], [ -35.765100119294807, -9.667689253578484 ], [ -35.765098490414701, -9.667712757075391 ], [ -35.765096854145703, -9.667735357163082 ], [ -35.765090643385697, -9.667755283608745 ], [ -35.765083492614998, -9.667771603710774 ], [ -35.765079102781598, -9.66779151550625 ], [ -35.765080212696198, -9.66781590045305 ], [ -35.765084949702199, -9.66783844928106 ], [ -35.7650887466895, -9.667857391749484 ], [ -35.765094342460699, -9.667873609324161 ], [ -35.7651008708538, -9.667892529833262 ], [ -35.765106466625099, -9.667908747407935 ], [ -35.765113898100601, -9.667926757166788 ], [ -35.765120389565396, -9.667941160582005 ], [ -35.7651223213009, -9.667954697197526 ], [ -35.765125200444004, -9.667972743573868 ], [ -35.765130855310098, -9.667996188485986 ], [ -35.7651383237299, -9.668018715338725 ], [ -35.765143016426698, -9.668035843647703 ], [ -35.765134925629305, -9.668048557406085 ], [ -35.765127760080802, -9.668063070673753 ], [ -35.765126101661295, -9.668082960501936 ], [ -35.765126197692496, -9.668094704925288 ], [ -35.765130046401801, -9.668119971321968 ], [ -35.765132999425404, -9.668147051870134 ], [ -35.765136870301298, -9.668175028518341 ], [ -35.765141651640398, -9.668202997841473 ], [ -35.765145515127394, -9.668230071072516 ], [ -35.7651503038634, -9.668258943804846 ], [ -35.7651559735232, -9.668284195551346 ], [ -35.765160703156305, -9.668305840954183 ], [ -35.7651672685096, -9.66832927853326 ], [ -35.765174729556499, -9.668350901960848 ], [ -35.765183093685799, -9.668371614646162 ], [ -35.765187808549101, -9.668391453214651 ], [ -35.765193441272594, -9.668412187867263 ], [ -35.765198141366199, -9.668430219593423 ], [ -35.765200110061997, -9.668448273294842 ], [ -35.765201160889596, -9.668465430896212 ], [ -35.765201286476305, -9.668480788996273 ], [ -35.7652014194597, -9.668497050505545 ], [ -35.765201522879799, -9.668509698346089 ], [ -35.765202625429396, -9.668533179875709 ], [ -35.765202773182693, -9.668551248219348 ], [ -35.765203942223998, -9.668582860503591 ], [ -35.765204222952697, -9.668617190364472 ], [ -35.765204496300598, -9.668650616808169 ], [ -35.765203881335701, -9.668686760820528 ], [ -35.765201460214001, -9.668724726325427 ], [ -35.765202680969395, -9.668762662529939 ], [ -35.765200267236601, -9.668801531444021 ], [ -35.765195870038198, -9.668820539830305 ], [ -35.765181583250602, -9.668854986876687 ], [ -35.7651745876219, -9.668890278747497 ], [ -35.765174868358599, -9.668924608608387 ], [ -35.765179664507293, -9.668954384757901 ], [ -35.765187177300099, -9.668982332097796 ], [ -35.765189123829302, -9.668997675547677 ], [ -35.765190034300595, -9.668997668222589 ], [ -35.765195733539699, -9.669026533629829 ], [ -35.765220471390002, -9.669045307637113 ], [ -35.765246956302299, -9.669055032814441 ], [ -35.765261693754397, -9.669075694216142 ], [ -35.765246407853098, -9.669099307589418 ], [ -35.765216591355795, -9.6691275552341 ], [ -35.765199454948593, -9.669147569580847 ], [ -35.765195227670006, -9.66918735656229 ], [ -35.765197373690398, -9.669227092276087 ], [ -35.765190422394795, -9.669267804650003 ], [ -35.765189015188398, -9.66931841067033 ], [ -35.765191050391799, -9.669344595118426 ], [ -35.765198511478602, -9.669366218538038 ], [ -35.765211413234297, -9.669385087755572 ], [ -35.765216187240398, -9.669412153653541 ], [ -35.765208177704501, -9.669434805008892 ], [ -35.765193787480797, -9.669456604214744 ], [ -35.7651876062762, -9.669480144337102 ], [ -35.765185992205694, -9.669505454676342 ], [ -35.765198997405399, -9.669536971734411 ], [ -35.765221136873294, -9.669572029210316 ], [ -35.765284452818101, -9.669743180392649 ], [ -35.765300315066099, -9.669790033559558 ], [ -35.765313527177696, -9.66984684629076 ], [ -35.765317442458496, -9.669880243426128 ], [ -35.765318456381706, -9.669892883933615 ], [ -35.765331432057899, -9.669920787314991 ], [ -35.765359789714395, -9.669936821738487 ], [ -35.765387296018496, -9.669960090816572 ], [ -35.765411256492698, -9.669995133618363 ], [ -35.765423358657799, -9.670027561394807 ], [ -35.765448118770401, -9.670049045613784 ], [ -35.765472782827793, -9.670058785401435 ], [ -35.765470258309996, -9.670084103057791 ], [ -35.765437776866705, -9.670120503472239 ], [ -35.765413378824, -9.670143286695163 ], [ -35.765378055102197, -9.670166157827143 ], [ -35.765363723989402, -9.670195184386392 ], [ -35.765373968267696, -9.670223109735062 ], [ -35.765431082682596, -9.67030396307003 ], [ -35.765453214857203, -9.670338117096854 ], [ -35.765463436985002, -9.670363332186016 ], [ -35.765519753339696, -9.670346616457369 ], [ -35.765546964089502, -9.670333748832233 ], [ -35.765566091422798, -9.670334498398603 ], [ -35.765597180548902, -9.670350510806994 ], [ -35.765610933728894, -9.670362145330094 ], [ -35.765628476602899, -9.670391818888485 ], [ -35.765635930364596, -9.670412538867 ], [ -35.765638853936395, -9.670436005722534 ], [ -35.765635478089997, -9.670468558041426 ], [ -35.765618393404793, -9.670494896332373 ], [ -35.765596675053892, -9.670511333675682 ], [ -35.7655832100872, -9.670534932414721 ], [ -35.765596156263797, -9.670559222103449 ], [ -35.765604417036798, -9.67056728691634 ], [ -35.765631886468299, -9.670586038868661 ], [ -35.765649479467797, -9.670591881708971 ], [ -35.765661102937905, -9.670595741998959 ], [ -35.765711644626599, -9.670652254289859 ], [ -35.765732822036696, -9.670680995106801 ], [ -35.765751186731599, -9.67069982031801 ], [ -35.765765820843299, -9.67070783383134 ], [ -35.765776702189292, -9.670702325411217 ], [ -35.765869074009693, -9.670752176692181 ], [ -35.765907513501297, -9.670776261182739 ], [ -35.765932510232602, -9.670826654671846 ], [ -35.7659693135749, -9.670873339226178 ], [ -35.766066636996896, -9.670971938289963 ], [ -35.766098791903701, -9.671006915054349 ], [ -35.766123677802206, -9.671043757261812 ], [ -35.766137541910602, -9.671068943002798 ], [ -35.766137800632201, -9.671100562580238 ], [ -35.766133447846698, -9.671124991469599 ], [ -35.766142107825196, -9.671181840746538 ], [ -35.766157089404402, -9.671232314819605 ], [ -35.766169191705096, -9.671264742540245 ], [ -35.766178747401, -9.671319777657738 ], [ -35.766180804906497, -9.671348672325481 ], [ -35.766219346805897, -9.671496532135629 ], [ -35.766247385585899, -9.671584847075449 ], [ -35.766289288538097, -9.671698347724348 ], [ -35.766300428653402, -9.671724458849805 ], [ -35.766310887487599, -9.671778583209084 ], [ -35.766327749231799, -9.671836269921583 ], [ -35.766371384500097, -9.671938914890221 ], [ -35.766393627810501, -9.671986620039288 ], [ -35.766408542945797, -9.672028963325824 ], [ -35.766415945065205, -9.672043359344206 ], [ -35.766416070755398, -9.672058717420363 ], [ -35.766411621882902, -9.672071401902292 ], [ -35.766415359910795, -9.672083116993409 ], [ -35.7664190461768, -9.672088508172234 ], [ -35.766419275382802, -9.672116514072993 ], [ -35.766416662246499, -9.67213099072319 ], [ -35.7664333835706, -9.672171512509234 ], [ -35.766459202274298, -9.672211057587344 ], [ -35.766484954446398, -9.672242471902857 ], [ -35.7664978638063, -9.672262244441916 ], [ -35.766502852447793, -9.672315509342527 ], [ -35.766502178579394, -9.672344425985546 ], [ -35.766532815893299, -9.672416457377055 ], [ -35.766541150690394, -9.672433556313933 ], [ -35.766563031755496, -9.672436994044988 ], [ -35.766575771059998, -9.672435987996828 ], [ -35.766585860268002, -9.672444941520919 ], [ -35.766598791826304, -9.672467424295595 ], [ -35.766605305672897, -9.672484537890609 ], [ -35.766602707338201, -9.672500821367182 ], [ -35.766593728251998, -9.672516252750047 ], [ -35.766603950563002, -9.672541467759494 ], [ -35.766612248399895, -9.672554049610456 ], [ -35.7666241068045, -9.672556664556113 ], [ -35.766640473240294, -9.672553822357303 ], [ -35.766648652759805, -9.672551949541335 ], [ -35.766659645058198, -9.672559992315174 ], [ -35.766670652142295, -9.672569841923382 ], [ -35.766671584804001, -9.672572544841875 ], [ -35.766664374922406, -9.672581637646291 ], [ -35.7666607477992, -9.67258347380492 ], [ -35.766682858102094, -9.672614917420798 ], [ -35.766714894946702, -9.672635439406669 ], [ -35.766813648196099, -9.672686142334994 ], [ -35.766853864568098, -9.672704791488966 ], [ -35.766893126095894, -9.672718027464906 ], [ -35.766998304501598, -9.672775002926301 ], [ -35.767042236766798, -9.672802656872001 ], [ -35.767098131008197, -9.672845573564068 ], [ -35.767133002869997, -9.672878721319572 ], [ -35.767169058885592, -9.672945288106005 ], [ -35.767213634682697, -9.673051539179138 ], [ -35.767230319182097, -9.673087543815521 ], [ -35.767248121271898, -9.673148836752118 ], [ -35.7672690024582, -9.673252568209389 ], [ -35.767276737506492, -9.673307617889376 ], [ -35.767285212915006, -9.673341881680958 ], [ -35.767299047651299, -9.673363453657561 ], [ -35.767316428145904, -9.673373251894498 ], [ -35.767331913705696, -9.673374030649637 ], [ -35.7673400192649, -9.673363123661849 ], [ -35.767340818791695, -9.673349565094979 ], [ -35.767357999563998, -9.673334971115812 ], [ -35.767380687600593, -9.673325753625432 ], [ -35.767405122619394, -9.673307487321036 ], [ -35.767418602292103, -9.67328569534463 ], [ -35.767419283453798, -9.673257682134739 ], [ -35.7674090314677, -9.673228853512352 ], [ -35.767406100299802, -9.673204483295457 ], [ -35.767411415238698, -9.673186370985327 ], [ -35.767425871962004, -9.673172702422528 ], [ -35.767440402645704, -9.673168068007646 ], [ -35.767459537519294, -9.673169720839766 ], [ -35.767481463005296, -9.67317857898621 ], [ -35.767506208706806, -9.673198256115771 ], [ -35.767523737145794, -9.673226122656487 ], [ -35.767545151629001, -9.673283772560232 ], [ -35.767558127671798, -9.673311675758281 ], [ -35.767583717281205, -9.673323214808111 ], [ -35.767607441551, -9.673329348036912 ], [ -35.767629441029101, -9.673347240323315 ], [ -35.767649678739296, -9.67337237460533 ], [ -35.7676617443189, -9.673400285128473 ], [ -35.767667488321592, -9.673434570903305 ], [ -35.767679590901203, -9.673466998504381 ], [ -35.767715528727003, -9.673519110544163 ], [ -35.767763362013397, -9.673578354551751 ], [ -35.767790920581398, -9.673607947215324 ], [ -35.767814104317004, -9.673659258508753 ], [ -35.767825311235001, -9.673693500261326 ], [ -35.767864091546599, -9.673759141495873 ], [ -35.767887127329701, -9.673792384477542 ], [ -35.767932902560503, -9.673933861208758 ], [ -35.767950734452796, -9.673998767710442 ], [ -35.767977759963202, -9.674074441839892 ], [ -35.767996509755399, -9.674140244417728 ], [ -35.7680122913318, -9.674177159724666 ], [ -35.768019234473293, -9.674246671324932 ], [ -35.768017716896303, -9.67428372600784 ], [ -35.768009048644203, -9.674337100840583 ], [ -35.768001105894896, -9.674367882974497 ], [ -35.7679966570782, -9.674380567464414 ], [ -35.767979602091899, -9.674410519535666 ], [ -35.767951606513193, -9.674438752801171 ], [ -35.767922537661299, -9.674447118277515 ], [ -35.767893276412302, -9.674431994962934 ], [ -35.767882913330403, -9.674389615154571 ], [ -35.767884460526496, -9.674356174124448 ], [ -35.767875696434494, -9.674286677190304 ], [ -35.767867169128692, -9.674246089534217 ], [ -35.767865925680702, -9.674205443189754 ], [ -35.767843341598201, -9.674116181153202 ], [ -35.767782658309898, -9.673933264664234 ], [ -35.767769600822298, -9.673895423925011 ], [ -35.767751250618097, -9.673878405731511 ], [ -35.767732108307797, -9.673875849514101 ], [ -35.7677175923939, -9.673882290779297 ], [ -35.767706836786004, -9.673903157339335 ], [ -35.767685199776302, -9.673929532415137 ], [ -35.767666227632901, -9.673947754745081 ], [ -35.767635419219495, -9.673966072420749 ], [ -35.767604559020398, -9.673978066192118 ], [ -35.767419864343793, -9.673995816512042 ], [ -35.767347062765701, -9.674000920298651 ], [ -35.767312449649395, -9.673999392152473 ], [ -35.767271566726002, -9.67401056315439 ], [ -35.767245258907096, -9.674022520228549 ], [ -35.767225331855698, -9.674035329380507 ], [ -35.767177076296598, -9.674035718056649 ], [ -35.767154284648697, -9.674032287722417 ], [ -35.767133380538603, -9.674036973468734 ], [ -35.767125223185602, -9.674041556544219 ], [ -35.767101609820294, -9.674048974533282 ], [ -35.767076116306001, -9.674049179858999 ], [ -35.767051659025, -9.674064735919824 ], [ -35.767003477418193, -9.674074158727942 ], [ -35.766976170342197, -9.674075282128987 ], [ -35.766944392211293, -9.67408637976839 ], [ -35.766898001967697, -9.674092174233689 ], [ -35.766858836423403, -9.67409068270501 ], [ -35.766806813169403, -9.674075742581454 ], [ -35.766780313017094, -9.674064210816868 ], [ -35.766752998536298, -9.67406443078478 ], [ -35.766727564188599, -9.67407186341606 ], [ -35.766679330788193, -9.674074962264051 ], [ -35.7666627793839, -9.674055219097085 ], [ -35.766632533767002, -9.674031068816223 ], [ -35.766597772722101, -9.674011472278595 ], [ -35.766567630644893, -9.673999969814371 ], [ -35.766537555139102, -9.673996598096796 ], [ -35.766477441087702, -9.673994371731638 ], [ -35.7664337896787, -9.674001047551165 ], [ -35.766313798210696, -9.674025504098925 ], [ -35.766272034307711, -9.674040295983046 ], [ -35.766227598109701, -9.67406233718787 ], [ -35.766199424895603, -9.67406888836131 ], [ -35.766108576215792, -9.674094013668295 ], [ -35.766024034359098, -9.674110956897175 ], [ -35.7659268270545, -9.674137940314163 ], [ -35.765899667819397, -9.674157131963181 ], [ -35.765885270135094, -9.674178027823588 ], [ -35.765879140748197, -9.674207891882153 ], [ -35.765875816751304, -9.674246768113363 ], [ -35.765880539226693, -9.67426751004326 ], [ -35.765892508607699, -9.674283676246656 ], [ -35.765911710108497, -9.674293459897164 ], [ -35.765934486994702, -9.67429508347672 ], [ -35.765973608229892, -9.674291154605932 ], [ -35.766001677952197, -9.674271955615886 ], [ -35.766024218219698, -9.67424466986156 ], [ -35.766049534305793, -9.67422278261116 ], [ -35.7660794323834, -9.674204472380135 ], [ -35.766118450070898, -9.674187895668807 ], [ -35.766196522422199, -9.67415925931609 ], [ -35.766205597683097, -9.67415557234067 ], [ -35.766230114178597, -9.674147243657142 ], [ -35.766261855381302, -9.674131628995598 ], [ -35.766349883853501, -9.674095684649719 ], [ -35.766390818618405, -9.67409083765577 ], [ -35.766434529202002, -9.674091389165731 ], [ -35.7665065165234, -9.674098037302954 ], [ -35.766541196235096, -9.674107696275488 ], [ -35.766584122053601, -9.674123613170758 ], [ -35.7666105704361, -9.674128821038979 ], [ -35.766629764540099, -9.674137701232459 ], [ -35.766652570989699, -9.674142938424962 ], [ -35.766710020174799, -9.674153317488155 ], [ -35.7667291772947, -9.674157680595721 ], [ -35.766799343657596, -9.674164343327318 ], [ -35.766898497539195, -9.674152703089225 ], [ -35.766953052540401, -9.674143228965626 ], [ -35.766989486647098, -9.674144742477552 ], [ -35.767062258693699, -9.674136025093954 ], [ -35.767205900431499, -9.674108667380009 ], [ -35.767338586743392, -9.67407778395421 ], [ -35.767424038920012, -9.674060833081393 ], [ -35.7674713322061, -9.674054127802091 ], [ -35.767515864451198, -9.674043830861232 ], [ -35.767564075613301, -9.674038021650098 ], [ -35.767596860366396, -9.674038661021285 ], [ -35.767638009615396, -9.674060012934325 ], [ -35.767666426924698, -9.674083274352546 ], [ -35.767689388739598, -9.674107483194271 ], [ -35.767721684736102, -9.674159624558326 ], [ -35.767741145213598, -9.674201027618912 ], [ -35.7677653948654, -9.674271303284291 ], [ -35.7677813614103, -9.674330803980913 ], [ -35.767799045334094, -9.674377642194761 ], [ -35.767808298142796, -9.674395637144023 ], [ -35.767811991869401, -9.674401931708145 ], [ -35.767826722370998, -9.674421689477464 ], [ -35.7678490105246, -9.674474814914401 ], [ -35.767861157572895, -9.674512662978708 ], [ -35.767874622085301, -9.674600191535401 ], [ -35.767889529871695, -9.674752758636721 ], [ -35.767891743021401, -9.674800624953717 ], [ -35.767891084121899, -9.674831348399215 ], [ -35.767884932727796, -9.674858502198285 ], [ -35.767862414818303, -9.674888498291804 ], [ -35.7678434352461, -9.674905817228494 ], [ -35.767818045279398, -9.674918670442571 ], [ -35.767764422908002, -9.674930847636084 ], [ -35.767713487577403, -9.674937582335309 ], [ -35.767391124284096, -9.674933855028051 ], [ -35.767357421559296, -9.674932319580723 ], [ -35.767317404622595, -9.674938062786312 ], [ -35.767287440005497, -9.674948242390245 ], [ -35.767177397117997, -9.674964487894322 ], [ -35.767072757931402, -9.674973462038665 ], [ -35.766993627116605, -9.674984037635854 ], [ -35.766948125050199, -9.674987114564358 ], [ -35.766908182065798, -9.675001891885994 ], [ -35.766713441781093, -9.675016108993622 ], [ -35.7667061578993, -9.675016167658129 ], [ -35.766671603830098, -9.675021866801583 ], [ -35.766587846571099, -9.675023444820534 ], [ -35.766558696242498, -9.675021872628191 ], [ -35.766428733485299, -9.675051830462273 ], [ -35.766403299049898, -9.675059263085574 ], [ -35.766246636338394, -9.67505329684332 ], [ -35.766169193275296, -9.675047596105722 ], [ -35.766120930128103, -9.675047081253092 ], [ -35.766098182773398, -9.675049071374138 ], [ -35.766075487180601, -9.675057385399491 ], [ -35.766053790812997, -9.675076533090021 ], [ -35.766034899851306, -9.675104692953163 ], [ -35.7660233815174, -9.675143635165988 ], [ -35.766019931838201, -9.675167153313076 ], [ -35.766031227422395, -9.675212236159505 ], [ -35.766043300390898, -9.675241050179531 ], [ -35.766042573899703, -9.675374770461035 ], [ -35.766040241786996, -9.67542357694022 ], [ -35.766034178979496, -9.675461571745462 ], [ -35.766021757547293, -9.675501424700547 ], [ -35.766000268218995, -9.675545868056227 ], [ -35.765984086512596, -9.675571295684584 ], [ -35.7659651437652, -9.675593131635436 ], [ -35.765944320868797, -9.675607754914955 ], [ -35.765908930177005, -9.675622495499539 ], [ -35.765883488288999, -9.675629024689735 ], [ -35.765846150900593, -9.67562842184835 ], [ -35.765744723484097, -9.67569609573145 ], [ -35.765847830462597, -9.675722369828714 ], [ -35.765940811153598, -9.675735173289459 ], [ -35.766026448778398, -9.67574080804509 ], [ -35.766108392679193, -9.675740148191785 ], [ -35.766161223155095, -9.675742433191415 ], [ -35.766233129494701, -9.675739143711008 ], [ -35.766259511448197, -9.675736220829357 ], [ -35.766302171234599, -9.675719614722329 ], [ -35.766330263215998, -9.67570312592939 ], [ -35.766450966028302, -9.675654269653021 ], [ -35.7665081639975, -9.675633932539212 ], [ -35.766597976760004, -9.675593456280508 ], [ -35.766619739684302, -9.675582439296965 ], [ -35.766643412344393, -9.675582248636895 ], [ -35.766749154575301, -9.675596756048504 ], [ -35.766788364689198, -9.675603668036203 ], [ -35.7668612480212, -9.675608501841905 ], [ -35.766904040900897, -9.675608157154972 ], [ -35.766929504939498, -9.675604338144357 ], [ -35.766967619619102, -9.675588672053165 ], [ -35.766995718941303, -9.675573086633257 ], [ -35.7670274824006, -9.675560182122135 ], [ -35.7670866344329, -9.675556091737519 ], [ -35.767140360533595, -9.675556562427147 ], [ -35.767187676235103, -9.675552567372737 ], [ -35.767225020974493, -9.675554073485833 ], [ -35.767324116011494, -9.675535205689329 ], [ -35.767352281894695, -9.675527750984095 ], [ -35.767438726289001, -9.675520730246127 ], [ -35.767465122987602, -9.675519614109842 ], [ -35.767491467890999, -9.675512174064876 ], [ -35.7675989348404, -9.675514922142659 ], [ -35.767661810169898, -9.675520739886789 ], [ -35.767725632983399, -9.675531067358204 ], [ -35.767754827732496, -9.67553805992719 ], [ -35.767779507052296, -9.675549606248966 ], [ -35.767807776516705, -9.675554799318776 ], [ -35.767826985522802, -9.675565486238357 ], [ -35.767835224297301, -9.675570840702017 ], [ -35.767894605692, -9.675594756043118 ], [ -35.7679247183328, -9.675602644673566 ], [ -35.767987889691895, -9.67564459894615 ], [ -35.7680071431108, -9.675660706341635 ], [ -35.768027233010095, -9.675667772250396 ], [ -35.768048174189701, -9.675667603502381 ], [ -35.768070070260002, -9.675672847904924 ], [ -35.768098487751892, -9.675696109242049 ], [ -35.768240871324601, -9.675848552461714 ], [ -35.768262937642, -9.675874575384382 ], [ -35.768295419003998, -9.675949301978605 ], [ -35.768304745921498, -9.67597633103879 ], [ -35.768318543855401, -9.675993385848544 ], [ -35.768340513966002, -9.67600766437236 ], [ -35.768379183722793, -9.676059754220509 ], [ -35.7683921155894, -9.676082236850448 ], [ -35.768427580145598, -9.676187657496175 ], [ -35.768464132877405, -9.67631475274009 ], [ -35.768472549338, -9.676341789127186 ], [ -35.768476465179901, -9.676375186107601 ], [ -35.768474925499596, -9.676409530533686 ], [ -35.768462371136103, -9.676433122049465 ], [ -35.768442481050897, -9.676450448372284 ], [ -35.768449091345595, -9.67647930626533 ], [ -35.768482335275202, -9.676535957184726 ], [ -35.768513861880102, -9.676605270576999 ], [ -35.768552013619797, -9.676705248678353 ], [ -35.768565922648598, -9.676735854681173 ], [ -35.768573443454294, -9.676764705227836 ], [ -35.768574427973498, -9.676773732032245 ], [ -35.7685783438423, -9.676807129006612 ], [ -35.768576670926898, -9.676825211971851 ], [ -35.768585087420099, -9.676852248349467 ], [ -35.768597982327599, -9.676870213886895 ], [ -35.768608271625098, -9.676903559484773 ], [ -35.768624645741596, -9.677012747846954 ], [ -35.768630515865112, -9.677062391596552 ], [ -35.768637155815505, -9.67709486313445 ], [ -35.768633965619202, -9.677261128060678 ], [ -35.768623543346095, -9.677433775604367 ], [ -35.7686178512336, -9.677628068392602 ], [ -35.768618073349394, -9.677655170820847 ], [ -35.768630524258199, -9.677730058785787 ], [ -35.768643700567296, -9.677782354052187 ], [ -35.768664930847798, -9.677928545675268 ], [ -35.768672747887393, -9.677993532776972 ], [ -35.7686737472307, -9.678004366407261 ], [ -35.768675183429202, -9.678068501475948 ], [ -35.7686753537294, -9.678089280002753 ], [ -35.768659179597101, -9.678115611141465 ], [ -35.768651059210697, -9.678124711346777 ], [ -35.768641443629498, -9.678173576458828 ], [ -35.7686435681928, -9.678210601761448 ], [ -35.768647380463499, -9.678231350927042 ], [ -35.768640563000801, -9.678288324746486 ], [ -35.768636210456904, -9.678312753632753 ], [ -35.768637128611999, -9.678424776996502 ], [ -35.7686458046227, -9.678594560143759 ], [ -35.768647337111901, -9.67867043959612 ], [ -35.768651297491502, -9.678709257043611 ], [ -35.768661971953904, -9.678789580157472 ], [ -35.768662749469506, -9.678884438646449 ], [ -35.768663104907894, -9.678927802526921 ], [ -35.768694639313196, -9.678998019236252 ], [ -35.768706053989, -9.679057556475893 ], [ -35.768701183438097, -9.679129873654025 ], [ -35.76871268699, -9.679200251861003 ], [ -35.7687105405276, -9.679271643600719 ], [ -35.768721866363599, -9.679320339866365 ], [ -35.7687274848507, -9.679339267514029 ], [ -35.7687330811222, -9.679355484919121 ], [ -35.768735923691303, -9.67936901410614 ], [ -35.768736034774207, -9.679382565317608 ], [ -35.768733547670401, -9.679412400007379 ], [ -35.768728395729894, -9.679450387448659 ], [ -35.768739566063495, -9.679480112015042 ], [ -35.768748256705194, -9.679540574684136 ], [ -35.768765201064205, -9.679608198588845 ], [ -35.7687666744024, -9.679676850715698 ], [ -35.768755985433302, -9.679705848067343 ], [ -35.768759931059293, -9.679742858676656 ], [ -35.768759339016192, -9.679781712823077 ], [ -35.768777298032703, -9.679973104445883 ], [ -35.768784034413095, -9.680017320338896 ], [ -35.768799986863698, -9.680075014019668 ], [ -35.768811149832899, -9.680103835161335 ], [ -35.768815954135, -9.680134514526058 ], [ -35.768807026911595, -9.680156269884831 ], [ -35.768807115787595, -9.680167110852889 ], [ -35.768821920753297, -9.680195902623812 ], [ -35.768836644250996, -9.680214756839581 ], [ -35.768838709659896, -9.680244554816014 ], [ -35.768832602808693, -9.680277129116178 ], [ -35.768850146684102, -9.680306802270374 ], [ -35.768869422679394, -9.680325619770269 ], [ -35.7688671207707, -9.680378039806962 ], [ -35.768861879981799, -9.680405186281025 ], [ -35.768873997913296, -9.680439420556651 ], [ -35.768888321998894, -9.680520617669769 ], [ -35.7688961392818, -9.680585604729588 ], [ -35.7689122251304, -9.680659559840946 ], [ -35.768926223337303, -9.680701006735536 ], [ -35.768931990022004, -9.680738002646601 ], [ -35.768945810464892, -9.680757767605835 ], [ -35.768973059367596, -9.680860543833488 ], [ -35.768979766193802, -9.680901146053337 ], [ -35.768978248897596, -9.680938200707146 ], [ -35.768999916320404, -9.681026566364203 ], [ -35.7690139145651, -9.681068013247272 ], [ -35.769021546722492, -9.681110414947439 ], [ -35.769019104121099, -9.681145670116031 ], [ -35.769026632575596, -9.681175424022262 ], [ -35.769043243810799, -9.681202394249883 ], [ -35.769061839022406, -9.68124922489107 ], [ -35.769072165657704, -9.681287087486796 ], [ -35.769075052725498, -9.681306037143877 ], [ -35.769061513745299, -9.681320601921312 ], [ -35.768991575582902, -9.681341945905745 ], [ -35.769083684990093, -9.681470399692115 ], [ -35.769086416492705, -9.681470377660132 ], [ -35.769095610399098, -9.681481145184629 ], [ -35.769107772870697, -9.681520799915132 ], [ -35.769116137768897, -9.681541512333277 ], [ -35.769139278118999, -9.681587402826928 ], [ -35.769214836413099, -9.681807240858904 ], [ -35.769259748141295, -9.681954144727946 ], [ -35.769297361087403, -9.682099300512432 ], [ -35.769302254422001, -9.682140820809494 ], [ -35.769310745314094, -9.682176891244477 ], [ -35.769340511192901, -9.682253446346223 ], [ -35.769360890498902, -9.682295745183245 ], [ -35.769403810981004, -9.682421885176076 ], [ -35.769415063047795, -9.682461547219953 ], [ -35.769419038501098, -9.682502171441351 ], [ -35.769416618202605, -9.682540136841897 ], [ -35.769437597749196, -9.682655612151589 ], [ -35.769445155949498, -9.682688979680382 ], [ -35.769468348331898, -9.682741194008548 ], [ -35.769489601151697, -9.682778968411499 ], [ -35.769515591755599, -9.682839291414274 ], [ -35.769528664871004, -9.682878938753685 ], [ -35.769533550861198, -9.682919555621492 ], [ -35.769575509168099, -9.683039379002475 ], [ -35.769599612112401, -9.683091585962034 ], [ -35.769611759928395, -9.683129433812447 ], [ -35.769617526802094, -9.683166429675202 ], [ -35.769618726330698, -9.683201655444535 ], [ -35.769642252289195, -9.683294523336754 ], [ -35.769669286889005, -9.683371100398164 ], [ -35.769678673569402, -9.683405356628993 ], [ -35.769699075256497, -9.683450365651888 ], [ -35.7697147761941, -9.683477343145034 ], [ -35.769719439893592, -9.683490857606236 ], [ -35.769736206981605, -9.683536799425791 ], [ -35.769770481215104, -9.683607897209713 ], [ -35.769808367844398, -9.683675351943457 ], [ -35.7698509552621, -9.683760838190462 ], [ -35.769866767411401, -9.683801366864019 ], [ -35.770032179393297, -9.684096370990371 ], [ -35.770061730739698, -9.684146726957273 ], [ -35.770089535210502, -9.684206131744686 ], [ -35.770110003741394, -9.684259271427864 ], [ -35.770134099485496, -9.684310574886709 ], [ -35.770168218237998, -9.684362700915244 ], [ -35.770200582707005, -9.684422972350145 ], [ -35.770218104761703, -9.684449935096845 ], [ -35.770231873584493, -9.684463376048551 ], [ -35.770251268555398, -9.6844966479824 ], [ -35.7702708340451, -9.684550698405296 ], [ -35.770276475023394, -9.684572336212373 ], [ -35.770305863358104, -9.684602817057378 ], [ -35.770349213297195, -9.684670227569411 ], [ -35.770458121336098, -9.684848235959675 ], [ -35.770522672566401, -9.684947096811927 ], [ -35.770540157607599, -9.68496954246455 ], [ -35.770615664663701, -9.685071928728265 ], [ -35.770639627095896, -9.685106970689681 ], [ -35.770657230797198, -9.685143870929103 ], [ -35.770680290145805, -9.685179823648182 ], [ -35.770700647632196, -9.685219412066768 ], [ -35.770709079511796, -9.685248255100253 ], [ -35.770731220949898, -9.685283311751084 ], [ -35.7707459003407, -9.685296745315235 ], [ -35.770753317899796, -9.68531294792561 ], [ -35.770757952020894, -9.685322848703874 ], [ -35.770777317446104, -9.685352506929421 ], [ -35.7707921229091, -9.685381298497992 ], [ -35.770830846362195, -9.685439711527261 ], [ -35.770889793875895, -9.685521451524952 ], [ -35.771025285364999, -9.685720928252953 ], [ -35.771062158217802, -9.685775742289815 ], [ -35.771082463880603, -9.685809006778237 ], [ -35.771094434027397, -9.685825172610393 ], [ -35.771151642251695, -9.685916864761431 ], [ -35.771214469344301, -9.686027484424841 ], [ -35.771234812129002, -9.686065265954692 ], [ -35.771254281494997, -9.686107571894354 ], [ -35.7712792213554, -9.686150737123423 ], [ -35.771348347954003, -9.686252271145833 ], [ -35.771376915053004, -9.686293600123225 ], [ -35.771403661135302, -9.68633494380377 ], [ -35.771424033639001, -9.686376338957507 ], [ -35.771446219755298, -9.686416815988979 ], [ -35.771469279298593, -9.686452768605148 ], [ -35.771495040711208, -9.68648508550937 ], [ -35.771513629306398, -9.686531012418255 ], [ -35.771522076151697, -9.68656166222466 ], [ -35.771568284311002, -9.686644408372057 ], [ -35.771591351306206, -9.686681264383207 ], [ -35.771616239333405, -9.686718105682042 ], [ -35.771645679932298, -9.686754910203801 ], [ -35.771740568268598, -9.686888760954192 ], [ -35.771825366839408, -9.687013658452825 ], [ -35.771841963840494, -9.68703882157228 ], [ -35.771863172772498, -9.68707117520303 ], [ -35.7718880015046, -9.687100789174792 ], [ -35.771895352395802, -9.687108861031136 ], [ -35.771896329689895, -9.687116984377072 ], [ -35.7719639598768, -9.687221265628711 ], [ -35.771983105104596, -9.687250909852503 ], [ -35.772017319683997, -9.687300406206928 ], [ -35.772163769931502, -9.687514585238381 ], [ -35.772199606653999, -9.687567173161183 ], [ -35.772736674302401, -9.688362105705458 ], [ -35.772978477576601, -9.688716101369417 ], [ -35.7730047429216, -9.688698136058591 ], [ -35.773132604132094, -9.688855209816879 ], [ -35.773175945163494, -9.68881058942029 ], [ -35.773301502819002, -9.688908956143479 ], [ -35.773332690602594, -9.688936711589365 ], [ -35.773355646604493, -9.688960016229158 ], [ -35.773360221469495, -9.688962689654664 ], [ -35.773392215823598, -9.688977789990656 ], [ -35.773413291392096, -9.688993882066486 ], [ -35.773450882519498, -9.689025199608732 ], [ -35.773462815785805, -9.689036848242322 ], [ -35.773558378484701, -9.689141781616298 ], [ -35.773581475612602, -9.689182251020505 ], [ -35.773632393285702, -9.689283931436453 ], [ -35.773663759367004, -9.689333368670276 ], [ -35.773689409843101, -9.689352134138154 ], [ -35.773773719704806, -9.689417405723757 ], [ -35.773802198298796, -9.689447893418677 ], [ -35.773840655469201, -9.689473783072735 ], [ -35.773870799141093, -9.689485284430777 ], [ -35.773895605964697, -9.689512187926111 ], [ -35.773906762436397, -9.689540105270948 ], [ -35.773918710592007, -9.689553560698126 ], [ -35.773955354171598, -9.689580368468695 ], [ -35.773981870634202, -9.689593706084274 ], [ -35.774010319551003, -9.689620580114068 ], [ -35.7740680610666, -9.689666190113826 ], [ -35.774091845981602, -9.689679549807826 ], [ -35.7741073470904, -9.689682134857524 ], [ -35.7741530141789, -9.689698931459871 ], [ -35.774171387980296, -9.689718659194348 ], [ -35.774205307464698, -9.689746392427814 ], [ -35.774228167013099, -9.689757952654272 ], [ -35.774257348198496, -9.689763137465803 ], [ -35.774267311910805, -9.689756732596985 ], [ -35.774289112366297, -9.689750231998962 ], [ -35.774648182965301, -9.690008430332275 ], [ -35.774758809056898, -9.690062647076568 ], [ -35.774784377907196, -9.690071474931164 ], [ -35.774811834668803, -9.690088418732325 ], [ -35.774888726988799, -9.69013748749564 ], [ -35.774920818094003, -9.690164331952515 ], [ -35.774952976079398, -9.690199307084058 ], [ -35.7750024933964, -9.690241369522026 ], [ -35.775069109968896, -9.690258899951777 ], [ -35.775101097062901, -9.690273096662933 ], [ -35.775121269692796, -9.690290099362606 ], [ -35.775217565408198, -9.690373342851984 ], [ -35.775245163410098, -9.690407451367841 ], [ -35.775245222862601, -9.69041467863631 ], [ -35.775243219597797, -9.690503234775916 ], [ -35.7752671160803, -9.690530145486338 ], [ -35.775294624921798, -9.690553413090862 ], [ -35.775339500545492, -9.690584671387864 ], [ -35.7754319536484, -9.690643552220378 ], [ -35.775492308146497, -9.690674685238458 ], [ -35.775534311019598, -9.690688800845768 ], [ -35.775572590052796, -9.690693008428301 ], [ -35.775607167541004, -9.690690018213054 ], [ -35.775801992991504, -9.690795954294378 ], [ -35.775868773217397, -9.690833359503259 ], [ -35.7759292169779, -9.690875333319442 ], [ -35.775972323683597, -9.690912930098962 ], [ -35.775997929780594, -9.690926274875521 ], [ -35.776019797152699, -9.690927904824427 ], [ -35.776037201128695, -9.690940412514664 ], [ -35.776059291526003, -9.690969144697892 ], [ -35.776077799316901, -9.691005133620491 ], [ -35.776099934328698, -9.691039286246092 ], [ -35.776111845448398, -9.69104822451731 ], [ -35.776113659056598, -9.691047306369777 ], [ -35.7761326015764, -9.691025469814662 ], [ -35.776134422618696, -9.69102545507493 ], [ -35.776149072736395, -9.691035274642942 ], [ -35.776145490127398, -9.69104253138523 ], [ -35.776136719465704, -9.691083258436963 ], [ -35.776149578281796, -9.691096706375376 ], [ -35.776171527443495, -9.691108273797227 ], [ -35.776180580614799, -9.691101876242232 ], [ -35.776192291003504, -9.691086422498906 ], [ -35.776205814999095, -9.691070050607529 ], [ -35.776206718085696, -9.691069139829645 ], [ -35.776214054298194, -9.691075404723319 ], [ -35.776221390510898, -9.691081669616755 ], [ -35.776220546901897, -9.691089807656857 ], [ -35.776211568078693, -9.691105239290426 ], [ -35.7762108285553, -9.691126025039502 ], [ -35.776216328857195, -9.691130497857467 ], [ -35.776223642767199, -9.691134052527188 ], [ -35.776276705793293, -9.691164340915273 ], [ -35.776296900834005, -9.691184053736704 ], [ -35.776351030532304, -9.691233306299763 ], [ -35.776369248398595, -9.691234062295011 ], [ -35.776419468354398, -9.691250821650565 ], [ -35.776435932096298, -9.691259723051951 ], [ -35.7765256093465, -9.691313205149784 ], [ -35.776591464338097, -9.69134881072204 ], [ -35.776632556789401, -9.691362933529271 ], [ -35.776658177809999, -9.691378085054213 ], [ -35.776670977166894, -9.691384305704586 ], [ -35.776732234955098, -9.691414527655196 ], [ -35.776746004326796, -9.691427968189091 ], [ -35.776822157686894, -9.691497822091096 ], [ -35.776841375323698, -9.691509411572206 ], [ -35.776845935369998, -9.691510278118935 ], [ -35.7768578539591, -9.691520119761092 ], [ -35.776897214633898, -9.691545098158652 ], [ -35.776912723255094, -9.691548586458426 ], [ -35.776922798492301, -9.691555732620412 ], [ -35.776950352136502, -9.691584420478733 ], [ -35.777002594002795, -9.691625556973964 ], [ -35.777018124939396, -9.691631755489013 ], [ -35.777024535780605, -9.691636220915937 ], [ -35.777040984677299, -9.69164331546413 ], [ -35.777062008497403, -9.691653083368678 ], [ -35.7771909945711, -9.691725219747088 ], [ -35.777228504491902, -9.691746599211307 ], [ -35.777441025066196, -9.691900274508113 ], [ -35.777494170114799, -9.691940500116598 ], [ -35.777551808276797, -9.691973461587867 ], [ -35.777574668049503, -9.691985021515592 ], [ -35.777569279303798, -9.69199409982895 ], [ -35.777574047649203, -9.692020261750878 ], [ -35.777618035428496, -9.692054237228144 ], [ -35.777693077705003, -9.692099706241134 ], [ -35.777737043185901, -9.692130971477056 ], [ -35.777767328510599, -9.692159637111516 ], [ -35.7778408771361, -9.692244870714784 ], [ -35.777856475069001, -9.692259199837503 ], [ -35.777892290515901, -9.692295951860203 ], [ -35.777899634222798, -9.692303120107628 ], [ -35.777983655331198, -9.692333157366669 ], [ -35.777993708289095, -9.692337593264961 ], [ -35.778054472478196, -9.692418413024983 ], [ -35.778073846454397, -9.692448973941937 ], [ -35.778082182540096, -9.692466072276339 ], [ -35.778159477584296, -9.69256392395134 ], [ -35.778212793962496, -9.692624927735794 ], [ -35.778285506699497, -9.692719202619669 ], [ -35.778306709207698, -9.692750652164699 ], [ -35.778320582876901, -9.692776740286774 ], [ -35.778327313746594, -9.69282005213924 ], [ -35.778326715773801, -9.692858002571185 ], [ -35.7783342529886, -9.692888659360722 ], [ -35.778352679291096, -9.692914710593504 ], [ -35.778360194185197, -9.692942657163236 ], [ -35.778388866966097, -9.692996632829376 ], [ -35.778432204903794, -9.693062234728632 ], [ -35.778457146303005, -9.693105399021317 ], [ -35.7784979387568, -9.693193608185284 ], [ -35.778514707777603, -9.693239549086252 ], [ -35.778558142534898, -9.693316895229584 ], [ -35.778576695411303, -9.693358304337877 ], [ -35.778599763707298, -9.693395159523753 ], [ -35.778619966458798, -9.693415775536755 ], [ -35.778666095632602, -9.693488582488781 ], [ -35.778674424341894, -9.693504777386616 ], [ -35.778675409299403, -9.693513804065836 ], [ -35.778680118235904, -9.693532738694433 ], [ -35.778748390364598, -9.693640601363308 ], [ -35.778813826751701, -9.693735838463814 ], [ -35.778865381963399, -9.693804084061528 ], [ -35.778918698698305, -9.693865087642099 ], [ -35.778962925073905, -9.693927971815537 ], [ -35.778993396786497, -9.693979222402502 ], [ -35.779044899966102, -9.694041144113628 ], [ -35.779144405730001, -9.69418218171926 ], [ -35.779213551473397, -9.694285519806996 ], [ -35.779231097191001, -9.69431519195221 ], [ -35.7792413661358, -9.694345826545852 ], [ -35.779277420234202, -9.694411487284414 ], [ -35.7792940256561, -9.694437553182611 ], [ -35.779306182679498, -9.694476303656918 ], [ -35.779310025823499, -9.694500666074651 ], [ -35.7793128690925, -9.694514195010321 ], [ -35.779332191217001, -9.694538431951109 ], [ -35.779336175834302, -9.694579959066662 ], [ -35.779367498642699, -9.694623974963923 ], [ -35.779412524063304, -9.694673300567519 ], [ -35.779470319235799, -9.694725233035914 ], [ -35.779506157488598, -9.694764694978472 ], [ -35.779541204365302, -9.694818618777235 ], [ -35.779556040901397, -9.694851023249688 ], [ -35.779584550267899, -9.694885123802026 ], [ -35.779600379255498, -9.694927458343361 ], [ -35.779625313539398, -9.694969719061895 ], [ -35.779631746818005, -9.694976894626846 ], [ -35.779636344144897, -9.694982278145929 ], [ -35.779676169122098, -9.694953044371996 ], [ -35.779690633328094, -9.694940278587362 ], [ -35.779703477545098, -9.69495191949942 ], [ -35.779704395521094, -9.694952815522026 ], [ -35.779672742968202, -9.694979272643788 ], [ -35.779663697253099, -9.694986573705467 ], [ -35.779695020148694, -9.695030589549425 ], [ -35.7797060805473, -9.6950467622495 ], [ -35.779708946183497, -9.695063001390523 ], [ -35.779700803549801, -9.695069391666225 ], [ -35.779695362715294, -9.69507214617515 ], [ -35.779714737035, -9.695102706911314 ], [ -35.779729499133396, -9.695126077318868 ], [ -35.779745194105502, -9.695152150557226 ], [ -35.779795831787197, -9.695219499874929 ], [ -35.7799199821836, -9.69536756496257 ], [ -35.780075321626001, -9.695543384471563 ], [ -35.780083590883898, -9.695552352063787 ], [ -35.780081844308597, -9.695561400877136 ], [ -35.780120578193795, -9.69562071545781 ], [ -35.780181328704401, -9.695699727711323 ], [ -35.7802145026047, -9.695747342318469 ], [ -35.780222771871898, -9.695756309904818 ], [ -35.780243565096796, -9.695738071976843 ], [ -35.7802516853817, -9.69572897147343 ], [ -35.780256275280699, -9.695733451573952 ], [ -35.780259044118402, -9.695737946443092 ], [ -35.780258148485999, -9.695739760636346 ], [ -35.780248207139699, -9.695748875908601 ], [ -35.780241878119398, -9.695754348025613 ], [ -35.780231929323101, -9.695762559893161 ], [ -35.780248460410398, -9.695779591659743 ], [ -35.780268581478403, -9.695790270056392 ], [ -35.780352058084802, -9.695864580626116 ], [ -35.780361245339002, -9.695874444226902 ], [ -35.780376620071394, -9.695861671025314 ], [ -35.780386717857006, -9.695871527240454 ], [ -35.780365932085694, -9.695890668581493 ], [ -35.780410935488, -9.695937283749858 ], [ -35.7804201301958, -9.695948050752278 ], [ -35.7804608061019, -9.695911582256405 ], [ -35.780469993353293, -9.695921445844775 ], [ -35.780428136403607, -9.695959193768504 ], [ -35.7804467888921, -9.695978552333546 ], [ -35.780494583511697, -9.696032372563041 ], [ -35.780559864499502, -9.696108637563695 ], [ -35.780576432872394, -9.696130186325702 ], [ -35.780587560409494, -9.696154489612059 ], [ -35.7805923365786, -9.696181554809156 ], [ -35.780591515451604, -9.696192403044664 ], [ -35.780615718258396, -9.696256352712707 ], [ -35.780637040469401, -9.696302256451297 ], [ -35.780653668464602, -9.696331032438167 ], [ -35.780668400891805, -9.696350789154316 ], [ -35.780676543524699, -9.696344398852426 ], [ -35.780702306649701, -9.696376714592073 ], [ -35.780694447148498, -9.696417434249328 ], [ -35.780700969891093, -9.696435450628384 ], [ -35.780702872915199, -9.696445373300975 ], [ -35.780728755268498, -9.696492143500263 ], [ -35.780750839027696, -9.696519971756134 ], [ -35.780780199599299, -9.69654683751479 ], [ -35.7807957755168, -9.696558456198291 ], [ -35.780839069783802, -9.696618637099514 ], [ -35.780854735124002, -9.696641096626053 ], [ -35.780862153511698, -9.696657298803759 ], [ -35.7808840211991, -9.696658928331267 ], [ -35.780903246707595, -9.696671420864382 ], [ -35.780915165600604, -9.696681262278904 ], [ -35.780927069590895, -9.696689296885097 ], [ -35.780915389150202, -9.696708364395521 ], [ -35.780917329442595, -9.696722804083993 ], [ -35.780903021725294, -9.696754541409526 ], [ -35.780911387911296, -9.696775253217066 ], [ -35.780919754097297, -9.696795965024604 ], [ -35.780935471616097, -9.696824748370508 ], [ -35.780938262829899, -9.696831953440492 ], [ -35.781094155043498, -9.697074624014606 ], [ -35.781120888429399, -9.697114159536927 ], [ -35.781282796928394, -9.697313414862 ], [ -35.781303940449298, -9.697337636827351 ], [ -35.781315963724602, -9.697360125867426 ], [ -35.781320717634102, -9.697384480821086 ], [ -35.7813373606648, -9.6974150635491 ], [ -35.781394372808499, -9.697482360719539 ], [ -35.781440302032195, -9.697530775068135 ], [ -35.781455937649298, -9.69754962092944 ], [ -35.781462460467701, -9.69756763727553 ], [ -35.781467162215698, -9.697585668394797 ], [ -35.781527025289002, -9.697667397818629 ], [ -35.781544489442396, -9.697687132297585 ], [ -35.781590299449903, -9.697721092158709 ], [ -35.781614092628899, -9.69773535448663 ], [ -35.781639632335398, -9.697740568000478 ], [ -35.781685166539397, -9.697741101924128 ], [ -35.781717915979399, -9.697737222282209 ], [ -35.781746209654401, -9.697745123827957 ], [ -35.781754568472998, -9.697764932189662 ], [ -35.781716460186594, -9.697781503819312 ], [ -35.781691927921898, -9.69778802716478 ], [ -35.781672022876897, -9.697803547592963 ], [ -35.781657581041195, -9.697819023682712 ], [ -35.781659588475101, -9.697841593984876 ], [ -35.781691956670898, -9.697901863361757 ], [ -35.781704186590098, -9.697921435483085 ], [ -35.78170487562501, -9.697922538178448 ], [ -35.781709629580597, -9.697946893115994 ], [ -35.781722010744197, -9.698012745481195 ], [ -35.7817340117154, -9.698032524281771 ], [ -35.781738618857197, -9.698049477190004 ], [ -35.7817396463929, -9.698053258214976 ], [ -35.781745489810504, -9.698099287436893 ], [ -35.781745026574498, -9.698153499017602 ], [ -35.781737621984099, -9.698249326265584 ], [ -35.781734180115102, -9.698383970289672 ], [ -35.781753666691905, -9.698428081848201 ], [ -35.781834337219003, -9.698603602480871 ], [ -35.781891938719305, -9.698742268320631 ], [ -35.7819052379837, -9.698809016670607 ], [ -35.7819505394096, -9.699001990135663 ], [ -35.781978788461394, -9.699004471212849 ], [ -35.781989677637497, -9.698999865501341 ], [ -35.782010679665596, -9.699006922721724 ], [ -35.782035569910704, -9.699043762670406 ], [ -35.782062400544199, -9.699095042278522 ], [ -35.782090216293199, -9.699155348518936 ], [ -35.782167319670599, -9.699339932565062 ], [ -35.782234094013006, -9.699486654971022 ], [ -35.782255640470098, -9.699559660564478 ], [ -35.7822660889411, -9.699611976603192 ], [ -35.782282015571099, -9.699666055089873 ], [ -35.782314473623202, -9.699737165154499 ], [ -35.782339386345697, -9.699776715263368 ], [ -35.782341595236893, -9.699823677414487 ], [ -35.782357432401596, -9.69986691505952 ], [ -35.782379680644198, -9.69991461796371 ], [ -35.782395622235498, -9.69997050324039 ], [ -35.782417027077898, -9.700026344154836 ], [ -35.782428184772897, -9.700054260914087 ], [ -35.782449597087798, -9.700111005225811 ], [ -35.782487622906594, -9.700194718524539 ], [ -35.7825673093215, -9.700361212114164 ], [ -35.782629270363799, -9.700476352217764 ], [ -35.782678379438195, -9.700578948187356 ], [ -35.782697045304296, -9.700633907839855 ], [ -35.782730802029903, -9.700751987335664 ], [ -35.782752998194198, -9.700793366366607 ], [ -35.782784979075302, -9.700806658581211 ], [ -35.7828187213631, -9.700812708784419 ], [ -35.782855135597607, -9.700811509581236 ], [ -35.783051842570401, -9.700813525797441 ], [ -35.783105527255302, -9.70080857244306 ], [ -35.783154718912805, -9.700810883275684 ], [ -35.7831620703978, -9.700818954726239 ], [ -35.783159383536798, -9.70082439732564 ], [ -35.783139448600501, -9.700836304260225 ], [ -35.783113080180499, -9.700841035748708 ], [ -35.783014846063104, -9.700854482107763 ], [ -35.782868465081499, -9.700881871419764 ], [ -35.782868554603603, -9.700892712245841 ], [ -35.782870882982799, -9.700954128803126 ], [ -35.782883436226896, -9.701040759272171 ], [ -35.782899422764203, -9.701102064896981 ], [ -35.782926813305593, -9.701221099508444 ], [ -35.782960592605093, -9.701341889145565 ], [ -35.782973616267398, -9.701375211481382 ], [ -35.782988319263694, -9.701391354385111 ], [ -35.783001268322195, -9.701415642698045 ], [ -35.783003193863301, -9.701428275534836 ], [ -35.783005208936395, -9.70145174919603 ], [ -35.783015553205097, -9.701491417529816 ], [ -35.783018471363704, -9.701513980392473 ], [ -35.783051220828497, -9.701620322965743 ], [ -35.783048630958902, -9.701637509792301 ], [ -35.783049862337698, -9.701676348681953 ], [ -35.783058251232497, -9.701699770567361 ], [ -35.7831559029094, -9.70194652606707 ], [ -35.783181793652901, -9.701994199257371 ], [ -35.783233657248999, -9.702099483045796 ], [ -35.78329006615121, -9.702203826428631 ], [ -35.783353042944498, -9.702331606454267 ], [ -35.783407578605001, -9.702429640778844 ], [ -35.783500872215093, -9.702589699078903 ], [ -35.783553422686396, -9.702667873317422 ], [ -35.783800449817598, -9.703029057826084 ], [ -35.783847380401305, -9.70308830494757 ], [ -35.783964169549094, -9.703226488988795 ], [ -35.784020198208701, -9.70328475867017 ], [ -35.78434803378061, -9.703617278442124 ], [ -35.7844242066463, -9.703688936205198 ], [ -35.784721464681894, -9.703957558202374 ], [ -35.784795712052798, -9.704016583035273 ], [ -35.784847904622602, -9.704051393699899 ], [ -35.784937683654903, -9.704116616443825 ], [ -35.785053973222297, -9.704194272059713 ], [ -35.785090544587099, -9.704212043925175 ], [ -35.7851518651158, -9.704249490690726 ], [ -35.7852671396465, -9.704314506008638 ], [ -35.785318421749594, -9.70434932397858 ], [ -35.785362322357003, -9.704372456972285 ], [ -35.785435450208006, -9.704406193811996 ], [ -35.785445503607697, -9.704410629360902 ], [ -35.785470193037597, -9.704423077033939 ], [ -35.785513205520999, -9.704448927607222 ], [ -35.785753875492802, -9.704591524004675 ], [ -35.785850827143598, -9.704643136177124 ], [ -35.785894660571095, -9.704658138484325 ], [ -35.785922119037004, -9.704675080894859 ], [ -35.785980663234497, -9.704707129282507 ], [ -35.786043722835096, -9.704734623626811 ], [ -35.786284131628896, -9.704845600552007 ], [ -35.786326278493902, -9.704876878793081 ], [ -35.786389442759102, -9.704917020646317 ], [ -35.786418647636197, -9.704924914196363 ], [ -35.786470720902898, -9.704945270138433 ], [ -35.786504568213402, -9.70496396743092 ], [ -35.786506396787892, -9.704964856014309 ], [ -35.786674663047798, -9.705051122625513 ], [ -35.786815545581895, -9.705129480805981 ], [ -35.786859408983702, -9.705148096555012 ], [ -35.786926155753299, -9.70518098144985 ], [ -35.787245201330201, -9.705331069858635 ], [ -35.787281698129902, -9.705339807436431 ], [ -35.787363864524501, -9.705365339060453 ], [ -35.787441515550704, -9.705395424706962 ], [ -35.787599601620599, -9.705461897489831 ], [ -35.787724840598401, -9.705520506416194 ], [ -35.7877779067882, -9.705550792078963 ], [ -35.788063359724404, -9.705712897927089 ], [ -35.788158445943296, -9.705759103691427 ], [ -35.788190397508998, -9.705768781614745 ], [ -35.788249800234702, -9.705794498301218 ], [ -35.788388750025398, -9.705859319502531 ], [ -35.788418962767103, -9.705878949601283 ], [ -35.788639565044598, -9.706017189443484 ], [ -35.788815251216, -9.706119656533598 ], [ -35.788844478644499, -9.706130260022828 ], [ -35.788856345742396, -9.706133777216838 ], [ -35.788888327270001, -9.706147068648303 ], [ -35.788926697625008, -9.706162114963933 ], [ -35.7889997662108, -9.706188623652469 ], [ -35.789070050781092, -9.706208830789221 ], [ -35.789288241308, -9.706275716547042 ], [ -35.789385059101008, -9.706311066282259 ], [ -35.789510141434597, -9.706350703044496 ], [ -35.789565789866593, -9.706362898161339 ], [ -35.789611354884002, -9.706367044287251 ], [ -35.7896633536268, -9.706378365658649 ], [ -35.789686289532, -9.706398958346675 ], [ -35.789694738916296, -9.706429607075334 ], [ -35.789704345790099, -9.706490060474508 ], [ -35.7897117349696, -9.706502648686662 ], [ -35.7897400144739, -9.706508742516576 ], [ -35.789858588325792, -9.706532169905344 ], [ -35.7898776874747, -9.706529303937376 ], [ -35.789898667594997, -9.706533650304037 ], [ -35.789926902200001, -9.706534323738063 ], [ -35.789982423437593, -9.706531161035263 ], [ -35.790019786014, -9.706534470467384 ], [ -35.790099123798399, -9.706548279396099 ], [ -35.790116506614496, -9.706558075800675 ], [ -35.790139337776594, -9.706566020898926 ], [ -35.790177730653397, -9.70658377723362 ], [ -35.790208734334797, -9.706588945367519 ], [ -35.790228729061702, -9.706584265168463 ], [ -35.7902642181433, -9.706581265636219 ], [ -35.790297945995398, -9.706585508108196 ], [ -35.790311664154196, -9.706592623989033 ], [ -35.790316239368799, -9.706595297081234 ], [ -35.790328031638893, -9.706589780253774 ], [ -35.7903644088153, -9.706584063103561 ], [ -35.790385501209002, -9.706601960379061 ], [ -35.790409250412495, -9.706610801433303 ], [ -35.790434783296398, -9.706615110666041 ], [ -35.790504322086797, -9.706655199590168 ], [ -35.790512659274903, -9.706672297335702 ], [ -35.790528280882, -9.706689335721713 ], [ -35.790548350457804, -9.706693689463201 ], [ -35.790571121748897, -9.706694407359558 ], [ -35.790601214884695, -9.706699582873295 ], [ -35.790612201395099, -9.706706720999275 ], [ -35.790617702136004, -9.706711193457998 ], [ -35.790716832552896, -9.70669593031379 ], [ -35.790743275993101, -9.706700232100152 ], [ -35.790772496005296, -9.70670993199737 ], [ -35.790857394447002, -9.706735440350736 ], [ -35.790905818406692, -9.706754921749706 ], [ -35.790936956852399, -9.706776350931907 ], [ -35.790979924993501, -9.706796780239385 ], [ -35.7910053830213, -9.706792055467389 ], [ -35.7910472609327, -9.706790810692068 ], [ -35.791085608936498, -9.706803146530742 ], [ -35.791181523876112, -9.706839406477959 ], [ -35.791218193039803, -9.706868921655699 ], [ -35.791250346885001, -9.706902990914662 ], [ -35.791275268730402, -9.706943443313104 ], [ -35.791305586509303, -9.706975720616581 ], [ -35.791372558513494, -9.707035706277079 ], [ -35.791428409222, -9.707072292712015 ], [ -35.791544648457702, -9.707143621639117 ], [ -35.791636250390006, -9.707208827175313 ], [ -35.791672039031397, -9.707241963284966 ], [ -35.7917068497269, -9.707266976256975 ], [ -35.791748019319598, -9.70729013046881 ], [ -35.791854197661401, -9.707356120540307 ], [ -35.791896397656402, -9.707393721622624 ], [ -35.791928559107099, -9.707428694178558 ], [ -35.792014870125598, -9.707514722195503 ], [ -35.792062533478102, -9.707552278699403 ], [ -35.792300827917501, -9.707737350889792 ], [ -35.792372240637199, -9.707783748215423 ], [ -35.792765108304593, -9.708050677263772 ], [ -35.792779782064393, -9.708063205951953 ], [ -35.792816451483596, -9.708092720880021 ], [ -35.792869533363998, -9.708124812295324 ], [ -35.792909755100602, -9.708143456771424 ], [ -35.792968315307199, -9.708177310390486 ], [ -35.793054386979698, -9.708234429407231 ], [ -35.793116709325297, -9.708282707583455 ], [ -35.793254139301503, -9.708383676857796 ], [ -35.793347525479795, -9.708444349918869 ], [ -35.793394166119597, -9.708468362680479 ], [ -35.793451830851495, -9.708504030402857 ], [ -35.793558980341906, -9.708577239459602 ], [ -35.793628624727297, -9.708629975035725 ], [ -35.793677138982694, -9.708660296640627 ], [ -35.793801716536493, -9.708748722113221 ], [ -35.793855859060599, -9.708798873755073 ], [ -35.793935624586098, -9.708864175013348 ], [ -35.7939694875501, -9.708884678123455 ], [ -35.794033601252195, -9.708929327626425 ], [ -35.794046506455501, -9.708948194849651 ], [ -35.794041118086398, -9.708957273366913 ], [ -35.794041268015505, -9.708975341230031 ], [ -35.794066980974101, -9.709001331562986 ], [ -35.794124938225899, -9.709072231455803 ], [ -35.794151681704399, -9.709112668636115 ], [ -35.794198637352004, -9.709174623752245 ], [ -35.794313791397997, -9.709334498733375 ], [ -35.794330526300598, -9.709375921031686 ], [ -35.794338073168497, -9.709407480326975 ], [ -35.7943528894968, -9.709437173378813 ], [ -35.794358427813798, -9.709446162714777 ], [ -35.794375960821093, -9.709474026682251 ], [ -35.794395449906503, -9.709518136854777 ], [ -35.794416895075202, -9.7095784932309 ], [ -35.794486708985005, -9.709761324526285 ], [ -35.794515408663599, -9.709818007853196 ], [ -35.794578293899001, -9.709934040070666 ], [ -35.794625369747799, -9.710010449354106 ], [ -35.794713900685601, -9.710144341240595 ], [ -35.794751406059696, -9.710164814488035 ], [ -35.7947722589089, -9.710153802800749 ], [ -35.794781132011401, -9.71012572329434 ], [ -35.794779966475602, -9.710095015382237 ], [ -35.794785009862196, -9.710044380798108 ], [ -35.794800339361196, -9.710026186573698 ], [ -35.794828484163098, -9.710016018807998 ], [ -35.794870332327093, -9.710011159886289 ], [ -35.794915732724093, -9.709995430514386 ], [ -35.794925441374602, -9.709958309650299 ], [ -35.794921446663594, -9.70991587994245 ], [ -35.794908436374897, -9.7098843652831 ], [ -35.7948854699534, -9.709860159534927 ], [ -35.794867011326005, -9.709830496260409 ], [ -35.794894298048298, -9.709826659675285 ], [ -35.794929034217098, -9.709842638249906 ], [ -35.7949611587105, -9.709873093400706 ], [ -35.795113406240702, -9.710003754581255 ], [ -35.7951563824546, -9.710025086566503 ], [ -35.7952633152251, -9.710072096471627 ], [ -35.795312620352597, -9.710087956033872 ], [ -35.795327226779499, -9.710092354031106 ], [ -35.795360089365694, -9.71010202367418 ], [ -35.795426672591496, -9.710115031769542 ], [ -35.795510631427398, -9.710136932491409 ], [ -35.795564519361001, -9.710156368400183 ], [ -35.795599278085497, -9.710175057063637 ], [ -35.795645068530099, -9.710206303974791 ], [ -35.7957138029739, -9.710259046372169 ], [ -35.795737582506007, -9.710271500510292 ], [ -35.795769639583703, -9.710293825026708 ], [ -35.795779888287896, -9.710321748368532 ], [ -35.795817315918498, -9.710442505391791 ], [ -35.795838686398497, -9.710493827671222 ], [ -35.7958570476166, -9.710511746766382 ], [ -35.7958708860549, -9.710533316611711 ], [ -35.795881127276999, -9.710560336554119 ], [ -35.795902377734301, -9.710597204558276 ], [ -35.795922567582195, -9.710616012164621 ], [ -35.795972985939301, -9.71065625573557 ], [ -35.796012312534096, -9.710676713931901 ], [ -35.796108393909698, -9.710732846644495 ], [ -35.796135800715398, -9.710743464207058 ], [ -35.796157661630403, -9.710744189088874 ], [ -35.796272489584105, -9.710754995977901 ], [ -35.796277952936499, -9.710754951348395 ], [ -35.796387798191695, -9.710719331369798 ], [ -35.7964723021936, -9.710691928904996 ], [ -35.796479519121796, -9.710683738874422 ], [ -35.796544944242697, -9.710666942238413 ], [ -35.79657497765681, -9.710664889971127 ], [ -35.796576227832617, -9.710664521817693 ], [ -35.796552214339016, -9.710781881076722 ], [ -35.796535590675695, -9.710863123308229 ], [ -35.796497330968784, -9.711050104061609 ], [ -35.796581742463388, -9.711036743550022 ], [ -35.796831665939756, -9.711180107502511 ], [ -35.797077317275715, -9.711479402311697 ], [ -35.79714310410634, -9.71155170449958 ], [ -35.797203029221919, -9.71163255411507 ], [ -35.797471820440606, -9.711936152885226 ], [ -35.797892607024373, -9.712364475000385 ], [ -35.798242563277775, -9.712795001166869 ], [ -35.798624255929958, -9.713079584616928 ], [ -35.798882307768608, -9.713297059053817 ], [ -35.799689482060451, -9.713896743056553 ], [ -35.799944481742905, -9.714131393220127 ], [ -35.80014603070596, -9.714288121891128 ], [ -35.80029827288255, -9.71438704003609 ], [ -35.80055144655487, -9.714509842296341 ], [ -35.80101755280478, -9.714732130267945 ], [ -35.801259412465193, -9.714829019216964 ], [ -35.801377575016964, -9.714864534211546 ], [ -35.801612646000088, -9.714915480189068 ], [ -35.801915740937488, -9.714955592548668 ], [ -35.802264394771186, -9.715067817198364 ], [ -35.802421273817885, -9.715287211227537 ], [ -35.80249739653874, -9.715488645173377 ], [ -35.802559941184704, -9.715598193519137 ], [ -35.802602882506235, -9.715641607008303 ], [ -35.802857012447348, -9.715740043659409 ], [ -35.802833129594227, -9.715820109096551 ], [ -35.802798040890615, -9.715862792778744 ], [ -35.802724946205572, -9.715951000295082 ], [ -35.802627402494466, -9.716114579367369 ], [ -35.80350606, -9.716109989 ], [ -35.803849211, -9.715885869 ], [ -35.804002718, -9.71575155 ], [ -35.80422435, -9.715658304 ], [ -35.804443108, -9.71560157 ], [ -35.804705298, -9.71558489 ], [ -35.804948247, -9.715575921 ], [ -35.805171238, -9.715583792 ], [ -35.805337943, -9.715596541 ], [ -35.805465446, -9.715633841 ], [ -35.80569618, -9.715780051 ], [ -35.805871084, -9.715918224 ], [ -35.805907351, -9.715997051 ], [ -35.805977514, -9.71618495 ], [ -35.8060176, -9.71631351 ], [ -35.806119931, -9.716484841 ], [ -35.806179788, -9.716607299 ], [ -35.806254676, -9.716784147 ], [ -35.806297989, -9.716970001 ], [ -35.806290747, -9.717111652 ], [ -35.80633089960584, -9.717195907465934 ], [ -35.806330899692597, -9.71719590764798 ], [ -35.806360334, -9.717257672 ], [ -35.806485991, -9.717377534 ], [ -35.806621658, -9.717566617 ], [ -35.806725734, -9.717814146 ], [ -35.806802336, -9.718166074 ], [ -35.806788706, -9.718339985 ], [ -35.806701853, -9.718660451 ], [ -35.806667267, -9.718855586 ], [ -35.806614875, -9.71917946 ], [ -35.806591457836809, -9.719213275119339 ], [ -35.806600753688521, -9.71924921554433 ], [ -35.806626192418982, -9.719309670068423 ], [ -35.806686870869207, -9.719387658700706 ], [ -35.806740910636378, -9.719479922630928 ], [ -35.806789442547007, -9.719543460419937 ], [ -35.806820498088065, -9.719621172237247 ], [ -35.806828514921385, -9.719690066368198 ], [ -35.806833274215727, -9.719797640869366 ], [ -35.806844507752047, -9.719832155451522 ], [ -35.806864438658444, -9.719863883840057 ], [ -35.806875590533956, -9.7199070000622 ], [ -35.806880962310856, -9.719950062271961 ], [ -35.80687485555142, -9.719984414816441 ], [ -35.806851381265112, -9.720021472532547 ], [ -35.806836549902634, -9.720061478479758 ], [ -35.806804133225334, -9.720127127296578 ], [ -35.806777414966163, -9.720201431760481 ], [ -35.806750914478854, -9.720252798516498 ], [ -35.806732866348312, -9.720327183995106 ], [ -35.806717762706462, -9.720395862053767 ], [ -35.80670001402089, -9.720438708187309 ], [ -35.806656254844611, -9.7204813112312 ], [ -35.806597773130811, -9.720552451336532 ], [ -35.80653940029601, -9.720612122575387 ], [ -35.806495477715131, -9.720671928856158 ], [ -35.806445992825765, -9.720708743407348 ], [ -35.806396589610337, -9.720736956312875 ], [ -35.806355720412526, -9.720779586305641 ], [ -35.806317768488768, -9.720819376092297 ], [ -35.806282434319144, -9.720887864998765 ], [ -35.806264004796631, -9.721002391363383 ], [ -35.806240366968062, -9.721056652258204 ], [ -35.806239767902632, -9.72111973090338 ], [ -35.806247730087286, -9.721194359438526 ], [ -35.80629890701136, -9.721283729258243 ], [ -35.806329962454534, -9.721361441128737 ], [ -35.806340841939701, -9.72143322947287 ], [ -35.806345941301174, -9.721504963787442 ], [ -35.806342452165119, -9.721568015422074 ], [ -35.806344743149509, -9.721631121087297 ], [ -35.806350060349374, -9.721679917711553 ], [ -35.806334602476014, -9.721785869451072 ], [ -35.80633124947591, -9.721834585026739 ], [ -35.806327705849974, -9.721903371080723 ], [ -35.806330051277335, -9.721960742322347 ], [ -35.806366995800559, -9.722027039397462 ], [ -35.80642716979726, -9.722082083757144 ], [ -35.806467385654202, -9.722108266885211 ], [ -35.806495986785869, -9.722140076371279 ], [ -35.806512918726867, -9.722183246641118 ], [ -35.806526960602255, -9.72222638989574 ], [ -35.806532332273143, -9.722269452103664 ], [ -35.806528924810891, -9.722323902111219 ], [ -35.806540103850217, -9.722364151139685 ], [ -35.806580238053712, -9.722398935903326 ], [ -35.806605867451644, -9.72243932001108 ], [ -35.80665704457077, -9.722528689862701 ], [ -35.806719645848489, -9.722632503836889 ], [ -35.806779329854358, -9.722739158008865 ], [ -35.80685327365336, -9.722866017743444 ], [ -35.806915956722086, -9.722961230081189 ], [ -35.806978884887187, -9.723030637502269 ], [ -35.807111066022955, -9.723112162095617 ], [ -35.807208620744539, -9.723187628081574 ], [ -35.807288617216017, -9.723285869690988 ], [ -35.807383091362055, -9.723381379140633 ], [ -35.807515299983564, -9.723460036437034 ], [ -35.807621742961096, -9.723512645680625 ], [ -35.807850293101041, -9.72364238397547 ], [ -35.808166923027422, -9.723780113909754 ], [ -35.808429049905094, -9.723874322303011 ], [ -35.808604583178138, -9.72395625159538 ], [ -35.808771800110264, -9.72400082598846 ], [ -35.808950577475109, -9.724045508314621 ], [ -35.809061641871523, -9.724068051943858 ], [ -35.809240419357181, -9.724112734141622 ], [ -35.809442154394326, -9.724174835550123 ], [ -35.809606481576239, -9.724219382607018 ], [ -35.809690049425022, -9.724245970438648 ], [ -35.809776480178996, -9.724275452468406 ], [ -35.80987700772274, -9.724342343317419 ], [ -35.809974481967309, -9.7244264104833 ], [ -35.810060559115321, -9.724493166340498 ], [ -35.810172375122193, -9.724588837325349 ], [ -35.810261451281441, -9.724644151261336 ], [ -35.810350937135659, -9.724732444984749 ], [ -35.810462562879046, -9.724848186481712 ], [ -35.810536644559583, -9.724960709884343 ], [ -35.810610617465208, -9.725084702177075 ], [ -35.810673002788441, -9.725211453738194 ], [ -35.810746649331087, -9.725369852710587 ], [ -35.810780160850072, -9.725493467169118 ], [ -35.810810700657669, -9.725625656312317 ], [ -35.810852664895833, -9.725772289531735 ], [ -35.810889420217613, -9.725858657087397 ], [ -35.810928848031722, -9.72596798942145 ], [ -35.810956606587965, -9.726088682697645 ], [ -35.810981991918851, -9.726154871739674 ], [ -35.81100159702531, -9.726221006805167 ], [ -35.81103249055694, -9.726315922064364 ], [ -35.81105449611109, -9.726433694149433 ], [ -35.811067912926497, -9.726542783598452 ], [ -35.8110757399349, -9.726631748503825 ], [ -35.811092427734323, -9.726700723811629 ], [ -35.811120975271137, -9.726738267615204 ], [ -35.811167081173146, -9.72675303556036 ], [ -35.811227637684631, -9.726767938443086 ], [ -35.811290893901408, -9.726802938875322 ], [ -35.811319495877555, -9.726834748223046 ], [ -35.811339345883283, -9.726875078280337 ], [ -35.811350498322142, -9.726918194599165 ], [ -35.81137029392729, -9.726964259106419 ], [ -35.811404567355858, -9.727007591327816 ], [ -35.811502846821483, -9.727083063486901 ], [ -35.811617608545959, -9.727173026928762 ], [ -35.811720864233386, -9.727257147957868 ], [ -35.811778394754896, -9.727286359921813 ], [ -35.811812885873223, -9.727306754322791 ], [ -35.811859046306353, -9.727315787756819 ], [ -35.811919657381239, -9.727324956106262 ], [ -35.811977351135923, -9.727336964688535 ], [ -35.812008979348036, -9.727354464865101 ], [ -35.812037554243076, -9.727389141414765 ], [ -35.812054432634724, -9.727438046163133 ], [ -35.812068393701118, -9.727489791155246 ], [ -35.812093969686231, -9.727535909628156 ], [ -35.812105013429338, -9.727590494864931 ], [ -35.812118892906334, -9.727650841538757 ], [ -35.812138688642122, -9.727696906047134 ], [ -35.812164400638849, -9.72772868838911 ], [ -35.81219354851433, -9.727779141433206 ], [ -35.812213235469301, -9.727836674849792 ], [ -35.812215935211768, -9.727856772420372 ], [ -35.812230086692175, -9.727888446830535 ], [ -35.812261578975715, -9.727920283138516 ], [ -35.812298987523981, -9.727937837275688 ], [ -35.812362516074863, -9.727944165341176 ], [ -35.812420291560535, -9.727947572205062 ], [ -35.812483602549506, -9.727976838069443 ], [ -35.812520875140386, -9.728008728326026 ], [ -35.812540861318979, -9.728034722240874 ], [ -35.812540262996713, -9.728097801249541 ], [ -35.812560276376708, -9.728120927937601 ], [ -35.812620806061609, -9.728138697898075 ], [ -35.812672746932542, -9.728147785225763 ], [ -35.812724497442481, -9.72817694314363 ], [ -35.812779056516092, -9.728214729720628 ], [ -35.812824945189369, -9.728252435355857 ], [ -35.812885447730885, -9.728273072509841 ], [ -35.812972097498729, -9.728279616313106 ], [ -35.813044459738968, -9.728268821835245 ], [ -35.81311406780106, -9.728243664217732 ], [ -35.813163336119324, -9.728229786668427 ], [ -35.813224110608736, -9.728221751472134 ], [ -35.813261628033302, -9.7282278366115 ], [ -35.813302608586952, -9.728249725229599 ], [ -35.813322458897204, -9.7282900552713 ], [ -35.813319079327755, -9.728341638432948 ], [ -35.813318725849044, -9.728378912420339 ], [ -35.813300922760192, -9.728427493474488 ], [ -35.8132858466576, -9.728493304879787 ], [ -35.813290811198165, -9.728579375722081 ], [ -35.813313089400054, -9.728668475651004 ], [ -35.813358733480072, -9.728731986321057 ], [ -35.813410375392905, -9.728772613101558 ], [ -35.813478868755098, -9.728865011871694 ], [ -35.813541554668568, -9.728960223920303 ], [ -35.813587307584612, -9.729012265663492 ], [ -35.813647934698473, -9.729095988556798 ], [ -35.813693823595841, -9.729133694142927 ], [ -35.813739685314765, -9.729174266956932 ], [ -35.813770960353963, -9.7292290410549 ], [ -35.813813632865383, -9.729301126433384 ], [ -35.813847607751171, -9.729375998123054 ], [ -35.813885043765339, -9.729390684931817 ], [ -35.813960269253087, -9.729382784531619 ], [ -35.814058398453184, -9.729398037741325 ], [ -35.814170788124947, -9.729433496403985 ], [ -35.814262756462696, -9.729488836872253 ], [ -35.814363340925929, -9.729549992698999 ], [ -35.814421445173018, -9.729594980934213 ], [ -35.814501771437762, -9.729658815185886 ], [ -35.814593685541482, -9.729719890067555 ], [ -35.814688788852465, -9.729749452334904 ], [ -35.814775357629372, -9.729764597512755 ], [ -35.814879212999664, -9.729785638934349 ], [ -35.814971426220872, -9.729815174170719 ], [ -35.815063639465549, -9.729844709387265 ], [ -35.815164115519678, -9.729917333995836 ], [ -35.815304673362199, -9.730030477361266 ], [ -35.81542840671225, -9.730088981452667 ], [ -35.815485666392881, -9.730146865399965 ], [ -35.81556885602545, -9.730213593702587 ], [ -35.815646591481539, -9.730245861241745 ], [ -35.815712983708458, -9.730255083038008 ], [ -35.815806846085621, -9.730263127318755 ], [ -35.815919154867146, -9.73030718726463 ], [ -35.816065765248474, -9.730391711993075 ], [ -35.816218020190632, -9.730490626782325 ], [ -35.816298238407704, -9.730565929735913 ], [ -35.816367113356371, -9.730618186955878 ], [ -35.816453139148585, -9.73069067656615 ], [ -35.81651887944912, -9.730768711961048 ], [ -35.816550155089324, -9.730823485991472 ], [ -35.816598663085486, -9.730889890702615 ], [ -35.816730877415736, -9.730968546027039 ], [ -35.816799806859656, -9.73101506872805 ], [ -35.816915321298247, -9.731102170748116 ], [ -35.81701552654674, -9.731203467450532 ], [ -35.817170672374054, -9.731302408968428 ], [ -35.817354747249546, -9.731398752698256 ], [ -35.817507301921886, -9.731466127521832 ], [ -35.81760813223103, -9.73150147759017 ], [ -35.817672031287309, -9.731545085787246 ], [ -35.817741123988945, -9.731574404925812 ], [ -35.8177896323364, -9.73164080957452 ], [ -35.817852374317816, -9.731730286887856 ], [ -35.817950015813949, -9.731797149609406 ], [ -35.818079395055946, -9.731870043190877 ], [ -35.818231977321616, -9.731934550559917 ], [ -35.818387341218667, -9.732010553794877 ], [ -35.818445392232327, -9.732061276132908 ], [ -35.818554676196918, -9.732119644785014 ], [ -35.818663770115634, -9.732198084122929 ], [ -35.818749796886898, -9.732270573434484 ], [ -35.818841848471585, -9.732317311413068 ], [ -35.818913668753879, -9.732363860803982 ], [ -35.818982626021686, -9.732407516002668 ], [ -35.81900277589844, -9.732416306305437 ], [ -35.820034163542715, -9.732698330428299 ], [ -35.820138074900427, -9.732713636141286 ], [ -35.820227698155648, -9.732711603691991 ], [ -35.820311459592155, -9.732718119108988 ], [ -35.820415425280892, -9.732727690245451 ], [ -35.820539568090737, -9.732743184333561 ], [ -35.820686561113583, -9.732787566276734 ], [ -35.820790336893545, -9.732817208058783 ], [ -35.820934059872798, -9.7329017044966 ], [ -35.821034429908245, -9.732985797061023 ], [ -35.821151842703557, -9.733101590903059 ], [ -35.82119754321441, -9.733159366671174 ], [ -35.821309935534877, -9.733194823613058 ], [ -35.821378703456404, -9.733258549239178 ], [ -35.821456593219516, -9.733351034866503 ], [ -35.821590597391236, -9.733447947205029 ], [ -35.821924177263043, -9.733573409649335 ], [ -35.82209420682144, -9.7336041254071 ], [ -35.822223073146212, -9.733640284233276 ], [ -35.822398479310472, -9.73372348809572 ], [ -35.822509121622694, -9.733823568241244 ], [ -35.82254940301776, -9.733911340282569 ], [ -35.822678159317284, -9.733959150892169 ], [ -35.82277722193853, -9.734041643781435 ], [ -35.822868273042225, -9.734127201762798 ], [ -35.823006153878573, -9.734220258034206 ], [ -35.823158499184501, -9.734288740948662 ], [ -35.823406834863377, -9.734365176867669 ], [ -35.823573744882246, -9.734398498088453 ], [ -35.823726290747423, -9.734445804387247 ], [ -35.823868363942566, -9.734471834858546 ], [ -35.82398543333089, -9.734508221693408 ], [ -35.824260752489231, -9.734553140806558 ], [ -35.824413465490331, -9.73458279981892 ], [ -35.824573327265178, -9.734608995581558 ], [ -35.824676199517391, -9.734641720376326 ], [ -35.824800651462844, -9.734649937931787 ], [ -35.824914463766433, -9.7346545267206 ], [ -35.825072680324034, -9.734666588085341 ], [ -35.825179210471205, -9.734688757626028 ], [ -35.825267952245753, -9.734710761630433 ], [ -35.825370824661469, -9.734743486246632 ], [ -35.825484403513308, -9.734772780726939 ], [ -35.825562672493398, -9.734773508907738 ], [ -35.825612480029378, -9.734773972286197 ], [ -35.825690682294486, -9.734781759259022 ], [ -35.825751062797494, -9.734792910142264 ], [ -35.82578061735483, -9.734825474052847 ], [ -35.825895826893429, -9.734907087333122 ], [ -35.826325648963575, -9.735142331758018 ], [ -35.82640638740699, -9.735176929932374 ], [ -35.826811433710908, -9.735232089348203 ], [ -35.8269068295971, -9.735232976536377 ], [ -35.826974657956676, -9.735228625958749 ], [ -35.827049994041523, -9.735226835870233 ], [ -35.827145084032253, -9.735260099054855 ], [ -35.827430754174841, -9.73531755054416 ], [ -35.827576240905579, -9.735331356747853 ], [ -35.827638526260934, -9.735322242225436 ], [ -35.827785961679368, -9.735349920750274 ], [ -35.827859679388574, -9.73536030019649 ], [ -35.828007114806994, -9.735336081488127 ], [ -35.82812646728857, -9.735332621672514 ], [ -35.828273902706989, -9.735322242225431 ], [ -35.828382724087255, -9.735315322593857 ], [ -35.82864600162015, -9.735360300196493 ], [ -35.828856130152808, -9.735366096918682 ], [ -35.828983713509082, -9.735421750133662 ], [ -35.829091832354798, -9.735424405501787 ], [ -35.829741236156998, -9.735379329180414 ], [ -35.830053658829364, -9.73528245434197 ], [ -35.830341508931987, -9.73520287856082 ], [ -35.830625848667523, -9.735130222396213 ], [ -35.830885615833317, -9.73506794567113 ], [ -35.831103258690746, -9.735028157750378 ], [ -35.831290503889782, -9.734970272322522 ], [ -35.831489553277287, -9.734911417367625 ], [ -35.831811349787081, -9.734764279935051 ], [ -35.832083429525035, -9.734668803763938 ], [ -35.832149121515904, -9.734604057643541 ], [ -35.832168442689699, -9.734554545895932 ], [ -35.832388704167542, -9.734394584808067 ], [ -35.832442803357452, -9.734326030042642 ], [ -35.832477581470265, -9.734280326853222 ], [ -35.832551001930646, -9.734265092455363 ], [ -35.832616693921508, -9.734257475256161 ], [ -35.832674657442865, -9.734242240857258 ], [ -35.832755806372766, -9.73420415485697 ], [ -35.832825362598392, -9.734154643050077 ], [ -35.832867869180724, -9.734082279626801 ], [ -35.832933561171586, -9.734032767801851 ], [ -35.833073532480412, -9.734321935482045 ], [ -35.833790821702038, -9.733605681550065 ], [ -35.834265789878856, -9.733231255595273 ], [ -35.834441749557548, -9.733069194760116 ], [ -35.834627004791834, -9.7329212508357 ], [ -35.83477987906906, -9.732707529189744 ], [ -35.834922796397947, -9.732549838440608 ], [ -35.835116488048882, -9.732256986939412 ], [ -35.835316501253544, -9.732043701968498 ], [ -35.835397960320428, -9.73190414879153 ], [ -35.835460211029506, -9.731801833078473 ], [ -35.835607621297648, -9.731667568226518 ], [ -35.835736131577207, -9.731537805010595 ], [ -35.835855478139131, -9.731379895057374 ], [ -35.835899004917358, -9.731263374762177 ], [ -35.835995045798477, -9.731077186953646 ], [ -35.836090513988012, -9.730951794158436 ], [ -35.836067428720597, -9.730900133702724 ], [ -35.836157610329629, -9.730835492249794 ], [ -35.83619043179943, -9.730854504273561 ], [ -35.836436878268067, -9.730716479790837 ], [ -35.836488071139172, -9.730787108546503 ], [ -35.836559000551077, -9.730764381120219 ], [ -35.836658609958604, -9.730699826864992 ], [ -35.836753857645242, -9.730597816505993 ], [ -35.836839589318608, -9.730505071834452 ], [ -35.836953780730894, -9.730393883010493 ], [ -35.836987570852621, -9.730310010891227 ], [ -35.837048896156695, -9.730305902158005 ], [ -35.83709572741796, -9.730339074774676 ], [ -35.837167493202529, -9.730227492740585 ], [ -35.837229654952559, -9.730134529525868 ], [ -35.837301156502811, -9.730051006734685 ], [ -35.837440095799387, -9.729940046928085 ], [ -35.837554154771354, -9.729842887429628 ], [ -35.837649489970723, -9.729731523549457 ], [ -35.837735309198898, -9.729629425396022 ], [ -35.83790699150029, -9.729420552420198 ], [ -35.837974394915427, -9.72927151397592 ], [ -35.838036732258573, -9.729159844268404 ], [ -35.838080213825499, -9.729047999904795 ], [ -35.838132771168517, -9.728973655272043 ], [ -35.838247093617397, -9.728848436041867 ], [ -35.83834632815406, -9.728823631722754 ], [ -35.838443733725569, -9.728742686877451 ], [ -35.83847970418902, -9.72867754248148 ], [ -35.83852036656377, -9.728614780004962 ], [ -35.838577461668628, -9.728559185124119 ], [ -35.838627529861661, -9.728498848199362 ], [ -35.838682487943629, -9.728419848681284 ], [ -35.838730243126008, -9.728354813348229 ], [ -35.838806369819501, -9.728280686755825 ], [ -35.838788130029037, -9.728215040375838 ], [ -35.838897298121076, -9.728136542697669 ], [ -35.838946442383637, -9.728174413404906 ], [ -35.838993757577683, -9.728156143589164 ], [ -35.839057835433422, -9.728109967155648 ], [ -35.839179729388029, -9.727994171437571 ], [ -35.839284205411417, -9.727913291665397 ], [ -35.83937460560179, -9.727825266101343 ], [ -35.839472186577773, -9.727725614545987 ], [ -35.83954128607504, -9.727646745680516 ], [ -35.83962452729191, -9.727568007680722 ], [ -35.839716910454591, -9.727519754555713 ], [ -35.839816320497178, -9.727476243399741 ], [ -35.839906214738889, -9.727441998080767 ], [ -35.839993642078412, -9.727419422327545 ], [ -35.840162169000898, -9.727357842789678 ], [ -35.840334710643752, -9.727307992726708 ], [ -35.840445663574201, -9.727290311496182 ], [ -35.840537650921213, -9.72728414717565 ], [ -35.840714203054148, -9.727309165566584 ], [ -35.840876767341065, -9.727317685055121 ], [ -35.84094505324628, -9.727325332267624 ], [ -35.840992104535758, -9.727335121506442 ], [ -35.841057703811593, -9.727377821151673 ], [ -35.841120902188067, -9.727425175553185 ], [ -35.841245073904282, -9.727505832828134 ], [ -35.841335168623047, -9.727575651650815 ], [ -35.841454384787987, -9.727681986408145 ], [ -35.841580649949762, -9.727790724838178 ], [ -35.841623426933481, -9.727753704709574 ], [ -35.841803155260017, -9.727942446228587 ], [ -35.841752867848825, -9.728026166682239 ], [ -35.841820692491957, -9.728082917767008 ], [ -35.841862590510303, -9.728139429037212 ], [ -35.841989368309477, -9.728256356860363 ], [ -35.842159954855951, -9.728414613412784 ], [ -35.842302455657659, -9.728551563766457 ], [ -35.84246843842125, -9.728698085223506 ], [ -35.842636800281305, -9.728842290154216 ], [ -35.842788751342106, -9.728976989322177 ], [ -35.842831089030888, -9.728986734803744 ], [ -35.842869240049247, -9.728940317782422 ], [ -35.842904265144554, -9.728975719033567 ], [ -35.842863801087823, -9.729017437687576 ], [ -35.842899393462119, -9.729055182678275 ], [ -35.843049558953815, -9.729129064504098 ], [ -35.843171418816929, -9.729205023044049 ], [ -35.843319073711427, -9.729295251017549 ], [ -35.843422187707617, -9.729359343711954 ], [ -35.84355365141856, -9.729416683024914 ], [ -35.843675862985016, -9.729455228819813 ], [ -35.843704849647359, -9.729380665045813 ], [ -35.843797555039281, -9.729423614989759 ], [ -35.843900779024636, -9.729476016129992 ], [ -35.843952698522379, -9.729469480629776 ], [ -35.843990388274221, -9.729472167547787 ], [ -35.844020875302341, -9.729488818837138 ], [ -35.844039511531925, -9.729512376051774 ], [ -35.844050923074136, -9.729552235932415 ], [ -35.844055351520311, -9.729582677285235 ], [ -35.844090310936473, -9.72962509334539 ], [ -35.844148906088392, -9.729660712418228 ], [ -35.844345882535499, -9.729770103977003 ], [ -35.844519091627575, -9.729900322221562 ], [ -35.844671417373469, -9.729995269973587 ], [ -35.844790767339674, -9.730087574404402 ], [ -35.844800349006697, -9.730071293500037 ], [ -35.844912606117099, -9.730165870844584 ], [ -35.844955471086514, -9.730119497112142 ], [ -35.845028501202648, -9.730186819187434 ], [ -35.845032907773806, -9.730219598849702 ], [ -35.845128753904405, -9.730304670500908 ], [ -35.845259933001955, -9.730392407170788 ], [ -35.845290881281876, -9.730359954237436 ], [ -35.84534231793134, -9.730404861010596 ], [ -35.845332648446409, -9.730430495107905 ], [ -35.845412259242671, -9.730487354725927 ], [ -35.845433801509706, -9.73045247635843 ], [ -35.845454882709447, -9.730466702150352 ], [ -35.845438054428321, -9.730501624082411 ], [ -35.845473409320569, -9.730501950801692 ], [ -35.845532290233862, -9.730507171912929 ], [ -35.845600379579899, -9.730535863073536 ], [ -35.845679119321176, -9.730559975645912 ], [ -35.845756504953293, -9.730602783666798 ], [ -35.845808051481185, -9.730635998929442 ], [ -35.845880591445891, -9.730692793140367 ], [ -35.8459271166737, -9.730758700957864 ], [ -35.845980800716703, -9.730815320931478 ], [ -35.846065213543746, -9.730862870837212 ], [ -35.846111980299291, -9.730903057404364 ], [ -35.846201063266122, -9.730955327434645 ], [ -35.846266642136172, -9.73100036479735 ], [ -35.846400178884778, -9.731088122981848 ], [ -35.846561977763777, -9.731178480734441 ], [ -35.846712145380799, -9.731252361492652 ], [ -35.846801272462741, -9.731299954831119 ], [ -35.846874522733124, -9.73134389373941 ], [ -35.846939948163978, -9.731405299100777 ], [ -35.84699404948941, -9.731417491360554 ], [ -35.847045749925336, -9.731434338434417 ], [ -35.847057161849392, -9.731474198343937 ], [ -35.847218807538653, -9.731580923978228 ], [ -35.847189952891249, -9.731641458446301 ], [ -35.847438215422962, -9.731812123609306 ], [ -35.847433084459041, -9.731856507725078 ], [ -35.84762257578403, -9.732010260466708 ], [ -35.847732514609874, -9.732087882232097 ], [ -35.847793290375982, -9.732143175586847 ], [ -35.847910166849267, -9.732212292267402 ], [ -35.848045743558274, -9.732276801156372 ], [ -35.848218720738735, -9.732355133361931 ], [ -35.848326247094157, -9.732428857773918 ], [ -35.848438448508496, -9.732525621039947 ], [ -35.848597400512162, -9.732663854228536 ], [ -35.848821803340869, -9.732802087359907 ], [ -35.848999455580248, -9.73291728159235 ], [ -35.849181782878574, -9.733014044716906 ], [ -35.84934073488224, -9.733083161217305 ], [ -35.849565137710947, -9.73322600193943 ], [ -35.849738114891395, -9.733327372737424 ], [ -35.849897066895075, -9.733387273649056 ], [ -35.849985893014761, -9.733405704696642 ], [ -35.850056018898734, -9.733442566788742 ], [ -35.850186920548801, -9.733530114241152 ], [ -35.850285096786365, -9.733553153040617 ], [ -35.850467424084677, -9.733693689682863 ], [ -35.850528199850785, -9.733767413799425 ], [ -35.850788252938528, -9.733763397214384 ], [ -35.850989996749036, -9.73379101381167 ], [ -35.851146908601656, -9.733840723681034 ], [ -35.851354256406893, -9.733890433543007 ], [ -35.851572812201603, -9.733912526812613 ], [ -35.851690496091074, -9.733945666714297 ], [ -35.851796971991057, -9.733962236663899 ], [ -35.852037943764714, -9.734011946507799 ], [ -35.852211667601544, -9.73402851645411 ], [ -35.852379787443631, -9.734067179658979 ], [ -35.852531095301508, -9.734083749602558 ], [ -35.852700616142272, -9.734111366173355 ], [ -35.852846320005419, -9.734127936114746 ], [ -35.852997627863303, -9.734122412801057 ], [ -35.853137727731706, -9.734083749602569 ], [ -35.853345075536943, -9.734067179658995 ], [ -35.853591651305344, -9.734056133029499 ], [ -35.853934257438823, -9.734036380359907 ], [ -35.854202034243556, -9.734119466767828 ], [ -35.854433651514476, -9.734166599308141 ], [ -35.854668164074731, -9.734256314935076 ], [ -35.85483243490004, -9.734373287153218 ], [ -35.855338722577891, -9.734654684053005 ], [ -35.855415064518745, -9.734676096942371 ], [ -35.855511956727284, -9.734732214764358 ], [ -35.855595385777967, -9.734739886705233 ], [ -35.855692471937061, -9.734775296934362 ], [ -35.855796515934372, -9.734810771256374 ], [ -35.85590049533684, -9.73485314807373 ], [ -35.856004410150028, -9.734902427388393 ], [ -35.856094667861178, -9.734923968377187 ], [ -35.856219391568985, -9.73498034249093 ], [ -35.856323371111905, -9.735022719212127 ], [ -35.856385539155603, -9.735071613813052 ], [ -35.856503434402462, -9.735114118702461 ], [ -35.856642073933671, -9.735170620908544 ], [ -35.8567529468366, -9.73521996415869 ], [ -35.856870842216836, -9.735262468951607 ], [ -35.856995566253723, -9.73531884286071 ], [ -35.857120484156844, -9.735354509152673 ], [ -35.857266340196979, -9.735383465142464 ], [ -35.857467471364536, -9.735454348936742 ], [ -35.857564299690381, -9.735517368882267 ], [ -35.8577169199542, -9.735567096392028 ], [ -35.857786692118438, -9.735547029586639 ], [ -35.85789093052459, -9.735561795812695 ], [ -35.857974101663409, -9.735597077387386 ], [ -35.858029635218323, -9.735611395050107 ], [ -35.858078598455563, -9.735584233425751 ], [ -35.858065005703928, -9.735549592608344 ], [ -35.857988856985372, -9.735507472596673 ], [ -35.857891834776424, -9.735465160347452 ], [ -35.857808792861981, -9.7354160737 ], [ -35.857712287450667, -9.735318541157893 ], [ -35.857629762349632, -9.735214234233197 ], [ -35.857526428406295, -9.735102832531254 ], [ -35.857429858568317, -9.735012202492106 ], [ -35.857416847254328, -9.734915438903467 ], [ -35.857473220371688, -9.734840023715547 ], [ -35.857543444511329, -9.734771639197982 ], [ -35.857613604032821, -9.734710157188452 ], [ -35.857718681801273, -9.734635190462614 ], [ -35.857823501189898, -9.734587833821971 ], [ -35.857962270089807, -9.734630530425514 ], [ -35.858059292106049, -9.734672842583347 ], [ -35.858204889767372, -9.734729408246899 ], [ -35.858274015980406, -9.73477836663764 ], [ -35.858419807469147, -9.734814224623792 ], [ -35.858558060035307, -9.734912141340549 ], [ -35.8587938515019, -9.73499714972206 ], [ -35.859072661540466, -9.735132601711513 ], [ -35.859301560104882, -9.735210643237416 ], [ -35.859544439063235, -9.73528191018033 ], [ -35.859710523645028, -9.735380082755354 ], [ -35.859751818881342, -9.735428784800929 ], [ -35.859806836180759, -9.735498322556891 ], [ -35.85990398791018, -9.735526829246083 ], [ -35.860042757696135, -9.735569525205067 ], [ -35.860161363941081, -9.735536100996473 ], [ -35.86023783580071, -9.735543707865869 ], [ -35.860321200985176, -9.735558281295395 ], [ -35.860425052526175, -9.735614462082083 ], [ -35.860528581426905, -9.735705155601387 ], [ -35.860576834700367, -9.73575392161978 ], [ -35.860597192000334, -9.735809334096746 ], [ -35.860666706097824, -9.735816876869446 ], [ -35.860708517813741, -9.73581035844375 ], [ -35.860757158328369, -9.735817709136381 ], [ -35.860812756712001, -9.735825123841305 ], [ -35.860867967917436, -9.73587395385532 ], [ -35.860902111946039, -9.735943299473192 ], [ -35.860957323183094, -9.735992129482597 ], [ -35.861040365919351, -9.736041215550326 ], [ -35.861165284970816, -9.736076880576764 ], [ -35.861296710270317, -9.736160927465678 ], [ -35.861386581948338, -9.736223882600749 ], [ -35.861462473385224, -9.736293612262827 ], [ -35.861517684774327, -9.73634244222424 ], [ -35.861565486658222, -9.736439526075996 ], [ -35.861648207025965, -9.736523124846084 ], [ -35.861751478507912, -9.736641428415091 ], [ -35.861834134453588, -9.736731929728329 ], [ -35.861902552077083, -9.736856815826631 ], [ -35.861936051226941, -9.736995187031422 ], [ -35.861962398937301, -9.73715420191605 ], [ -35.861960785999912, -9.737326765906223 ], [ -35.861973282403603, -9.737478750227474 ], [ -35.861929986476959, -9.73764402761361 ], [ -35.861837339852421, -9.737877882494534 ], [ -35.861780708653441, -9.737980908773865 ], [ -35.861752425301788, -9.738028970626756 ], [ -35.861688448964685, -9.738173348163819 ], [ -35.861688449038894, -9.738173348197355 ], [ -35.861633536891318, -9.738287414974192 ], [ -35.86154510648597, -9.738437957435355 ], [ -35.861440597825087, -9.738580576546466 ], [ -35.861320010908692, -9.738762811988655 ], [ -35.861167267481264, -9.738937124057658 ], [ -35.861054719692632, -9.73908766622581 ], [ -35.860845702462996, -9.739301594446676 ], [ -35.86049198074948, -9.739713603986521 ], [ -35.860299203135384, -9.739919750288424 ], [ -35.860238098516191, -9.739962679762042 ], [ -35.860217490385004, -9.740002636510836 ], [ -35.860195415258715, -9.740019160974493 ], [ -35.860164800346404, -9.740047316201498 ], [ -35.860123912648831, -9.740092104541436 ], [ -35.860076358976848, -9.740128467651918 ], [ -35.859999068591208, -9.740189230310579 ], [ -35.859957977420358, -9.740255762746616 ], [ -35.859927472009822, -9.740272209562292 ], [ -35.859864665584873, -9.740316796033708 ], [ -35.859832317618924, -9.740349953563564 ], [ -35.859801812195755, -9.740366400363264 ], [ -35.859777941426955, -9.740394617635289 ], [ -35.859730325078523, -9.740437671171239 ], [ -35.859713214156024, -9.740464277912778 ], [ -35.859699475334303, -9.740490915704244 ], [ -35.859673173285351, -9.740508655769439 ], [ -35.859650988546733, -9.740536888551825 ], [ -35.85964074702742, -9.740550176392748 ], [ -35.859620310939135, -9.740571734198767 ], [ -35.859621730924204, -9.740600184345173 ], [ -35.859616469303106, -9.740621881887041 ], [ -35.859596017556647, -9.740645112314331 ], [ -35.859579063123277, -9.740654992795864 ], [ -35.859575471898921, -9.740678378487244 ], [ -35.859568492916502, -9.740703405749411 ], [ -35.859553177577396, -9.740718319629007 ], [ -35.859536191835709, -9.740731545355928 ], [ -35.859527589402234, -9.740749866590679 ], [ -35.859523998171333, -9.740773252279972 ], [ -35.859518736538092, -9.740794949817291 ], [ -35.859510071493304, -9.740819961548789 ], [ -35.859429830038877, -9.740960669795866 ], [ -35.859345924386652, -9.741299077275183 ], [ -35.859342047945724, -9.741361156505148 ], [ -35.859321848586866, -9.74140673936048 ], [ -35.859308239573316, -9.741452382912765 ], [ -35.859301129125782, -9.741507893938772 ], [ -35.859290907060775, -9.741543761063218 ], [ -35.859282110771915, -9.741603343068002 ], [ -35.859257152182586, -9.741629266836227 ], [ -35.859251888170057, -9.741663545020868 ], [ -35.859238477994715, -9.741687940552172 ], [ -35.859182352880332, -9.74169886581088 ], [ -35.859150764995583, -9.741769509342761 ], [ -35.859109033620278, -9.741812854447685 ], [ -35.859067123175898, -9.741875329551045 ], [ -35.859058321574182, -9.741932643443633 ], [ -35.859044138249963, -9.741976242291747 ], [ -35.859027225691896, -9.742017082903358 ], [ -35.859001971958257, -9.742066045955875 ], [ -35.858949170119466, -9.74211475523007 ], [ -35.858934910022413, -9.742166552639612 ], [ -35.858917946272022, -9.742212858953629 ], [ -35.858745293917522, -9.742415672144165 ], [ -35.858588426503943, -9.742564698290241 ], [ -35.858188036950047, -9.743106467643456 ], [ -35.858176239231398, -9.743151500324684 ], [ -35.858141444836967, -9.743222653563326 ], [ -35.858114269019701, -9.743290115220425 ], [ -35.858075612455288, -9.743368756416926 ], [ -35.858006728043925, -9.743435833674981 ], [ -35.857942022779987, -9.74346156981953 ], [ -35.857910336255593, -9.743504538284034 ], [ -35.857868064057683, -9.743564337199702 ], [ -35.857802724656452, -9.743657779537701 ], [ -35.85775630843488, -9.743755158050229 ], [ -35.857709962639383, -9.743845013633681 ], [ -35.857644200349718, -9.74398359338862 ], [ -35.857616777711165, -9.744077385148247 ], [ -35.857607925963286, -9.744212727678919 ], [ -35.857607503171963, -9.744257865156214 ], [ -35.857599144657094, -9.74434054729344 ], [ -35.85759879232544, -9.744378161857261 ], [ -35.857590433796027, -9.744460843992153 ], [ -35.857567049399805, -9.744528340487918 ], [ -35.857528075376649, -9.744640834636893 ], [ -35.857523015206823, -9.744776212100064 ], [ -35.857505628525438, -9.745013044005336 ], [ -35.857503866676581, -9.745201116799137 ], [ -35.857506636494549, -9.74531023397506 ], [ -35.85751617924123, -9.745505934549024 ], [ -35.857526074351313, -9.745664020566073 ], [ -35.857577184941213, -9.745875151504352 ], [ -35.857598807574107, -9.745995727843571 ], [ -35.85760157734731, -9.746104845026176 ], [ -35.857566288978042, -9.746228658443096 ], [ -35.857546449371753, -9.746322520041021 ], [ -35.857519414057691, -9.746374935694455 ], [ -35.857532272503285, -9.746621450888286 ], [ -35.857550385298161, -9.746711900629313 ], [ -35.857591248437934, -9.746802560138354 ], [ -35.857601760172948, -9.74689482068921 ], [ -35.857589750629124, -9.746962422009746 ], [ -35.857573420698955, -9.747086410201655 ], [ -35.857580475500008, -9.747142901961503 ], [ -35.857616877305674, -9.747304994182272 ], [ -35.857616101938135, -9.747387746209643 ], [ -35.857607425899467, -9.747504281411937 ], [ -35.85761705647294, -9.747690578360602 ], [ -35.857649948500068, -9.74782254398688 ], [ -35.857686808501732, -9.74793573730166 ], [ -35.857772732025794, -9.748073834611857 ], [ -35.857817069819788, -9.748198382229361 ], [ -35.857891600591955, -9.748338255382203 ], [ -35.857992779353829, -9.748467088904503 ], [ -35.858112846431005, -9.74860362014296 ], [ -35.858221538357846, -9.748740046486587 ], [ -35.858345274113752, -9.748889777759009 ], [ -35.85844153363243, -9.749138942966038 ], [ -35.858502483612007, -9.749109410648126 ], [ -35.858691472234263, -9.749175103353103 ], [ -35.858732829153269, -9.749213102473247 ], [ -35.858913943217701, -9.749262907725985 ], [ -35.859079134752044, -9.749371964268938 ], [ -35.859104056563957, -9.749411623041842 ], [ -35.85912870978968, -9.74947995500291 ], [ -35.859131919920941, -9.74952299809091 ], [ -35.859145868389284, -9.749576893542242 ], [ -35.859188754600638, -9.74962747129117 ], [ -35.859213609290073, -9.749674298363111 ], [ -35.85920959338246, -9.749717274842748 ], [ -35.85920537602717, -9.749781756214301 ], [ -35.859204838838465, -9.749839102593771 ], [ -35.859218888039727, -9.749882245602846 ], [ -35.859228854175342, -9.749975533389073 ], [ -35.859246382107038, -9.750033046301153 ], [ -35.859249457937338, -9.750090425988521 ], [ -35.859234300756015, -9.750165559886202 ], [ -35.859208505934291, -9.750219088966935 ], [ -35.859193449457621, -9.750283470411894 ], [ -35.859189265633759, -9.750344367629658 ], [ -35.859199668227753, -9.750391061484912 ], [ -35.859213381664233, -9.750470045986177 ], [ -35.85922719583133, -9.750538278042695 ], [ -35.859237430544916, -9.750602892643217 ], [ -35.859262033446186, -9.750676600849706 ], [ -35.859282805071139, -9.750773572716323 ], [ -35.859281730605467, -9.750888265476981 ], [ -35.859299023503752, -9.750970867443177 ], [ -35.859309123908503, -9.751049818643891 ], [ -35.859337390232504, -9.751118183944484 ], [ -35.859358396910253, -9.751190066777109 ], [ -35.859379336437442, -9.751269117909059 ], [ -35.859382479390227, -9.751319329304389 ], [ -35.859392781266763, -9.751376775616542 ], [ -35.859424794968383, -9.751430837635702 ], [ -35.859463698987547, -9.751520807765401 ], [ -35.859481159804744, -9.75158548899755 ], [ -35.859527760016469, -9.751625347656075 ], [ -35.859574393816672, -9.751661622162 ], [ -35.859598980015136, -9.751737122462684 ], [ -35.859619818866207, -9.751826926055378 ], [ -35.859629986465428, -9.751898708975538 ], [ -35.859629617116703, -9.751938134622717 ], [ -35.859657984263393, -9.751995747488193 ], [ -35.859671764913642, -9.752067563719457 ], [ -35.859681966092751, -9.752135762493111 ], [ -35.859706518741383, -9.752214846952709 ], [ -35.859750750110777, -9.75231472347466 ], [ -35.859793535926052, -9.752376053729618 ], [ -35.859821869541541, -9.752437250750924 ], [ -35.859843144940747, -9.752480460404596 ], [ -35.859842842748563, -9.752512717757824 ], [ -35.859849598779384, -9.752562962479697 ], [ -35.859881713351719, -9.752606272059928 ], [ -35.859894937270788, -9.752616108574644 ], [ -35.859924230602999, -9.752696275521505 ], [ -35.859945270986323, -9.752764574232121 ], [ -35.859962530431851, -9.752850760389226 ], [ -35.860008761507721, -9.752930044711709 ], [ -35.860029634025942, -9.75301626418079 ], [ -35.860050674432195, -9.753084562896829 ], [ -35.860100787221207, -9.753135207322007 ], [ -35.86015785754239, -9.753214591569472 ], [ -35.86016805878581, -9.753282790366651 ], [ -35.860133979889923, -9.75344915362755 ], [ -35.860115410901777, -9.753502749351307 ], [ -35.860085901972006, -9.753566997597233 ], [ -35.860042075074652, -9.753616775993788 ], [ -35.859976636919683, -9.753659186214987 ], [ -35.859918492045708, -9.753694494740794 ], [ -35.859849474378017, -9.753733287465831 ], [ -35.859784170510949, -9.75376136103537 ], [ -35.85972615993672, -9.753782332917424 ], [ -35.85969691956646, -9.753817907900929 ], [ -35.859638606725831, -9.753871137107581 ], [ -35.859591468918318, -9.753888624753863 ], [ -35.859533424732675, -9.753913180741208 ], [ -35.859464541336159, -9.753937636764528 ], [ -35.85941335382136, -9.754001684994435 ], [ -35.859354973734526, -9.754062082424484 ], [ -35.859293282852548, -9.754090189184991 ], [ -35.859227911715223, -9.754125430906518 ], [ -35.859166355176242, -9.754139201046184 ], [ -35.85906880230651, -9.754138301364586 ], [ -35.859025579844058, -9.754123564908392 ], [ -35.85899279349168, -9.7541519381813 ], [ -35.85894926870364, -9.754169459038291 ], [ -35.858866000153967, -9.754186613322506 ], [ -35.858774110459557, -9.754159778477923 ], [ -35.858745407480349, -9.75413800699736 ], [ -35.858683918137018, -9.754144608750673 ], [ -35.858611421612316, -9.75416903124021 ], [ -35.85855354533583, -9.754175666294314 ], [ -35.858509953344964, -9.754200355377638 ], [ -35.858484460286071, -9.75422162695123 ], [ -35.858440700295539, -9.754264236747906 ], [ -35.858415207227722, -9.754285508313318 ], [ -35.858371548017381, -9.754317365660903 ], [ -35.858331468268744, -9.754352840475546 ], [ -35.858302194119133, -9.754391999420637 ], [ -35.85827285276104, -9.754438326650019 ], [ -35.858250804735242, -9.754477552249233 ], [ -35.858225278038077, -9.754502407935657 ], [ -35.858210355337256, -9.754552452626546 ], [ -35.858177636091142, -9.754573657497053 ], [ -35.85814832829773, -9.754616400560835 ], [ -35.858126246638676, -9.754659210287324 ], [ -35.858093493773936, -9.754683999288552 ], [ -35.858046255014166, -9.754712239089748 ], [ -35.858071008856861, -9.754769818732935 ], [ -35.858088738182097, -9.754805826844478 ], [ -35.8580776301322, -9.754834399990381 ], [ -35.858044885645164, -9.754858292944286 ], [ -35.858026417022835, -9.754901135990103 ], [ -35.858007645947865, -9.754976236324875 ], [ -35.857970876695589, -9.755044001685546 ], [ -35.857963280879574, -9.755083360588559 ], [ -35.857984690485075, -9.755112233756845 ], [ -35.857969834907891, -9.755155110129181 ], [ -35.857936913942481, -9.755197819811922 ], [ -35.857896901243414, -9.755226126240149 ], [ -35.8578497632082, -9.755243613555407 ], [ -35.857824068373027, -9.755286389897117 ], [ -35.857834470697249, -9.755333083771136 ], [ -35.857863207278555, -9.755351271197977 ], [ -35.857902648667221, -9.755383895211445 ], [ -35.857902178157083, -9.755434073214046 ], [ -35.857908866587294, -9.755491486180487 ], [ -35.857883171729114, -9.755534262522543 ], [ -35.857871996402302, -9.755570003933439 ], [ -35.857918630364431, -9.755606278775415 ], [ -35.857928940275251, -9.755662829046557 ], [ -35.857942922083694, -9.755713140407186 ], [ -35.857953324419967, -9.755759834285961 ], [ -35.857952853898929, -9.755810012289926 ], [ -35.85796312180014, -9.755871042742154 ], [ -35.857951946458321, -9.755906784154229 ], [ -35.857976969177329, -9.755935690677981 ], [ -35.857972784738529, -9.75599658777216 ], [ -35.857979742035873, -9.756025327597497 ], [ -35.857982817373156, -9.756082707228458 ], [ -35.857967995322731, -9.756121999441975 ], [ -35.857960298611808, -9.756172110764304 ], [ -35.857956450254605, -9.756197166425078 ], [ -35.85800689904098, -9.756211969765625 ], [ -35.858042727435553, -9.756244560457187 ], [ -35.858067716571377, -9.756277051127556 ], [ -35.858092772929588, -9.756302373510561 ], [ -35.858121509598419, -9.756320560945152 ], [ -35.858135659477966, -9.756352951595648 ], [ -35.858149842968089, -9.756381758102668 ], [ -35.858200190972894, -9.756407313857371 ], [ -35.858228431939011, -9.756478367410759 ], [ -35.858235086782827, -9.756539364535843 ], [ -35.858227457297552, -9.756582307584873 ], [ -35.858237725230374, -9.756643338049575 ], [ -35.858251841517841, -9.75667931284652 ], [ -35.85830242482951, -9.756679779593091 ], [ -35.858360099901823, -9.756694649586006 ], [ -35.858406834877513, -9.756720171991143 ], [ -35.858417203662526, -9.756770450027997 ], [ -35.858431286365558, -9.756810008969577 ], [ -35.858434731425554, -9.756827963030343 ], [ -35.858470828777811, -9.756831880551875 ], [ -35.858510169557341, -9.756875257000184 ], [ -35.858538939905692, -9.756889860276573 ], [ -35.858585641319543, -9.756918966814764 ], [ -35.858650341021452, -9.756955408320119 ], [ -35.858714872716256, -9.757009770545077 ], [ -35.858757860253903, -9.757049596170805 ], [ -35.858786294589365, -9.757100040891652 ], [ -35.858785924940626, -9.757139466494783 ], [ -35.858829080522106, -9.757161371389751 ], [ -35.858875916419088, -9.757176141323326 ], [ -35.858911946621092, -9.757187227103616 ], [ -35.858960261451024, -9.757236959121444 ], [ -35.858981570432675, -9.757276584733109 ], [ -35.859028540767262, -9.757277018066585 ], [ -35.85906450378517, -9.757295272128957 ], [ -35.859086081598228, -9.757306224565138 ], [ -35.859103743893513, -9.757349400989103 ], [ -35.85914679872694, -9.757382058299257 ], [ -35.859204440392652, -9.757400512345168 ], [ -35.859225783013223, -9.757436553806327 ], [ -35.859272719780925, -9.757440571260501 ], [ -35.859326916362747, -9.757441071222098 ], [ -35.859391885066579, -9.75744883946019 ], [ -35.859456786580402, -9.757463775982771 ], [ -35.859521654505926, -9.757482296642976 ], [ -35.859604621574917, -9.757497399783746 ], [ -35.85968390835761, -9.757519637877168 ], [ -35.859763564705652, -9.757502450316032 ], [ -35.859810703081251, -9.757484962805647 ], [ -35.859868680776827, -9.757467575261812 ], [ -35.859948303522714, -9.757453971800155 ], [ -35.860002264993426, -9.757479560704075 ], [ -35.860055957736421, -9.757533822802287 ], [ -35.860073183474981, -9.757623593169441 ], [ -35.860087333584424, -9.757655983813029 ], [ -35.860163040949935, -9.757674604342682 ], [ -35.86022580011894, -9.757725365587293 ], [ -35.860272535437716, -9.7577508878242 ], [ -35.860315758423539, -9.757765624283099 ], [ -35.860398658477244, -9.757787895565331 ], [ -35.860434319358632, -9.757838406884405 ], [ -35.860451948267254, -9.75788516745175 ], [ -35.860491490991258, -9.757907038878914 ], [ -35.860501860090004, -9.757957316958816 ], [ -35.860508817608377, -9.757986056810378 ], [ -35.860552107818549, -9.757993624948519 ], [ -35.86059168415165, -9.758011912218173 ], [ -35.860616740848421, -9.758037234513381 ], [ -35.860638218020092, -9.758058939337316 ], [ -35.860674282013363, -9.758066440826259 ], [ -35.8607066657177, -9.758081077298234 ], [ -35.860738847903519, -9.758117218681656 ], [ -35.860756510449086, -9.758160395098177 ], [ -35.860785213875211, -9.75818216655359 ], [ -35.860814387516001, -9.758153759872396 ], [ -35.860868584293591, -9.758154259624977 ], [ -35.860915353324465, -9.758176197654151 ], [ -35.860954862539259, -9.758201653200322 ], [ -35.860990725056325, -9.758230659581374 ], [ -35.86104809838055, -9.758277786617802 ], [ -35.861095169700306, -9.758267467250002 ], [ -35.861138325648433, -9.758289371943352 ], [ -35.861167029118079, -9.758311143377602 ], [ -35.861206571956835, -9.758333014751464 ], [ -35.861242736756964, -9.758329763731307 ], [ -35.861246517790519, -9.758311876274542 ], [ -35.861308578909131, -9.758244343661392 ], [ -35.861301856387911, -9.758190514723985 ], [ -35.861291554327465, -9.758133068320818 ], [ -35.861295637582437, -9.758082923474007 ], [ -35.861295872649045, -9.758057834394554 ], [ -35.861245691959923, -9.758014358178588 ], [ -35.861217257154074, -9.757963913525375 ], [ -35.861210534639412, -9.757910084591792 ], [ -35.861229708394653, -9.757791974069045 ], [ -35.861248378421159, -9.757727625852112 ], [ -35.86124168947407, -9.757670212764307 ], [ -35.861242126014517, -9.757623618760864 ], [ -35.861217438657384, -9.757558870811698 ], [ -35.861189138193794, -9.757494089552605 ], [ -35.861178869717186, -9.757433059002864 ], [ -35.861186666797138, -9.757372195006958 ], [ -35.861223335177378, -9.757315181644678 ], [ -35.861256256118814, -9.757272471581928 ], [ -35.861296436849337, -9.757226243976731 ], [ -35.86135451523095, -9.757198103677204 ], [ -35.861409114801496, -9.757155593438004 ], [ -35.861416710361105, -9.757116234349812 ], [ -35.86141714685197, -9.75706964033701 ], [ -35.861428389089816, -9.757026730399499 ], [ -35.86145401660427, -9.756991121996455 ], [ -35.861483055770087, -9.756977051826224 ], [ -35.861530026175927, -9.756977484801771 ], [ -35.861591180425613, -9.757006724234426 ], [ -35.861659560907263, -9.757036030268253 ], [ -35.861742427416651, -9.757061885350803 ], [ -35.861785482586022, -9.757094542396146 ], [ -35.861835495410972, -9.757155939294488 ], [ -35.861863896724721, -9.757209968062003 ], [ -35.861892432332496, -9.757249660204151 ], [ -35.861946629020238, -9.75725015973944 ], [ -35.861979617023714, -9.757200281262079 ], [ -35.861972760075837, -9.757160788934863 ], [ -35.861944258031293, -9.757117512642054 ], [ -35.861944795160369, -9.757060166135616 ], [ -35.861970523346038, -9.757013805207034 ], [ -35.862017863043079, -9.756974812390808 ], [ -35.862057707959529, -9.75696442622151 ], [ -35.862097452169444, -9.756964792518358 ], [ -35.862148203551243, -9.756947337920771 ], [ -35.862205979746449, -9.756951454855953 ], [ -35.862252681646666, -9.75698056099268 ], [ -35.862310323589149, -9.756999014544043 ], [ -35.862386064664385, -9.757014050413026 ], [ -35.862447319738614, -9.757032537241896 ], [ -35.862486694760435, -9.75707232923968 ], [ -35.862508239178091, -9.757086865647842 ], [ -35.862548016983865, -9.75708364773797 ], [ -35.862577056142634, -9.757069577462429 ], [ -35.862598264929638, -9.757119955455108 ], [ -35.862594181922717, -9.75717010038473 ], [ -35.86257216759688, -9.757205742202444 ], [ -35.862557245236545, -9.757255787243324 ], [ -35.86256423651416, -9.757280942945744 ], [ -35.86262923902401, -9.757285126419756 ], [ -35.862687048871507, -9.757285659134032 ], [ -35.862733918686509, -9.757296844435187 ], [ -35.862766268916999, -9.757315064875767 ], [ -35.862773260211526, -9.75734022057911 ], [ -35.862783730372946, -9.75737974621418 ], [ -35.862768841588235, -9.75742620711196 ], [ -35.862757532352127, -9.757476285461324 ], [ -35.862757196719116, -9.757512127055055 ], [ -35.862789479842483, -9.757537515819058 ], [ -35.862832870829763, -9.757534331185907 ], [ -35.862872917196263, -9.757502439975642 ], [ -35.862905770880609, -9.757466898013119 ], [ -35.862956388098944, -9.757463779946139 ], [ -35.863021424232741, -9.757464379197447 ], [ -35.863061101418857, -9.757471913721339 ], [ -35.863090308406804, -9.757439922603348 ], [ -35.86314102630493, -9.757426052024929 ], [ -35.863266621353212, -9.75751950930073 ], [ -35.863364287598571, -9.757502316173014 ], [ -35.863459593149422, -9.757429092910257 ], [ -35.863539358772051, -9.757419947583866 ], [ -35.863579102851325, -9.757430193897711 ], [ -35.863643698549126, -9.757445609233978 ], [ -35.86370331468428, -9.757460978687901 ], [ -35.863767864159101, -9.757481333666572 ], [ -35.8637974179073, -9.757516186529617 ], [ -35.863852054495609, -9.757531510092598 ], [ -35.863916742720171, -9.757537046060754 ], [ -35.864011539591814, -9.75751815890767 ], [ -35.864061427813986, -9.757508738253419 ], [ -35.864116249373701, -9.757504303121147 ], [ -35.864171209642222, -9.757485048986599 ], [ -35.864235944117475, -9.757485645228209 ], [ -35.86428057535818, -9.757505816663041 ], [ -35.8643847303575, -9.757551236772896 ], [ -35.864458776764785, -9.757621080020025 ], [ -35.864499360570527, -9.757633352508021 ], [ -35.864539309743137, -9.757646972236495 ], [ -35.864569488649963, -9.757633998368954 ], [ -35.864596359125819, -9.757617681077363 ], [ -35.864633154888317, -9.757611394044016 ], [ -35.864686430797718, -9.757628449439274 ], [ -35.864733244861455, -9.757622254656049 ], [ -35.864743666181141, -9.757579282251458 ], [ -35.86479094525383, -9.757523397458124 ], [ -35.864891912249377, -9.75754621572867 ], [ -35.864950300489284, -9.757537620691719 ], [ -35.864996499912024, -9.757519780699523 ], [ -35.865054717246274, -9.757529449482409 ], [ -35.865147258499029, -9.757478549589479 ], [ -35.865220932608246, -9.757476183721074 ], [ -35.865257556049123, -9.757497830585427 ], [ -35.86530665314114, -9.757498282642484 ], [ -35.86532952499666, -9.75751371441261 ], [ -35.8653787360184, -9.757501990562817 ], [ -35.865507276094732, -9.757416290551379 ], [ -35.865581450695139, -9.757360430632529 ], [ -35.865555682405436, -9.757328620767941 ], [ -35.865609726403108, -9.757316530396301 ], [ -35.865648174692076, -9.757275973615826 ], [ -35.865692908357005, -9.757241768651983 ], [ -35.865740784706709, -9.757210739590926 ], [ -35.865807576085849, -9.757192472567768 ], [ -35.865826579435819, -9.757195794485066 ], [ -35.865858330185404, -9.757192939785238 ], [ -35.865890257553929, -9.757171204822011 ], [ -35.865941188269652, -9.757152791764945 ], [ -35.865982602588439, -9.757134291100042 ], [ -35.866030125686493, -9.757141022510567 ], [ -35.866065078001085, -9.757135050277771 ], [ -35.866115979275236, -9.757119783900478 ], [ -35.8661508727212, -9.757120105079359 ], [ -35.866198189794368, -9.757148863443712 ], [ -35.866239427510187, -9.757149243009541 ], [ -35.866280871256109, -9.757127595591754 ], [ -35.866344490489396, -9.757109299251866 ], [ -35.866382703231849, -9.757093916044989 ], [ -35.866462389133581, -9.757053738674514 ], [ -35.866522806790492, -9.757038559810892 ], [ -35.866557729671371, -9.757035734233373 ], [ -35.866589745285047, -9.757004559048802 ], [ -35.866615357771714, -9.756979618897589 ], [ -35.86666305746089, -9.756967469942273 ], [ -35.866723327963541, -9.756968024598244 ], [ -35.866767531816883, -9.756990460274469 ], [ -35.866796228143308, -9.756974989435287 ], [ -35.866824865613658, -9.756965812018699 ], [ -35.866885194978224, -9.756960073219782 ], [ -35.866897736375648, -9.756975923547635 ], [ -35.866935801965404, -9.75697627383199 ], [ -35.86696147328302, -9.756945040219263 ], [ -35.866971283935129, -9.756913660655067 ], [ -35.867012727627959, -9.756892013123835 ], [ -35.867063511165391, -9.756889333433959 ], [ -35.867088947071103, -9.756883273515475 ], [ -35.867117613956552, -9.75687094935539 ], [ -35.867184375849334, -9.756855828730616 ], [ -35.867228827899154, -9.75679602410999 ], [ -35.867225002012198, -9.756708445401861 ], [ -35.867213972640002, -9.756646141956351 ], [ -35.867200513390202, -9.756595335036646 ], [ -35.867165960638992, -9.756565068024145 ], [ -35.867129021093206, -9.756541690377722 ], [ -35.867124721353868, -9.756504790394754 ], [ -35.867125173675454, -9.75645641525454 ], [ -35.867130227281869, -9.756412690003172 ], [ -35.867155922061499, -9.756396799985014 ], [ -35.867184025175447, -9.756371717017069 ], [ -35.867202968785847, -9.756332727112877 ], [ -35.86722427764871, -9.756289151414951 ], [ -35.867254552165171, -9.756280214850948 ], [ -35.867298867459652, -9.756259888580965 ], [ -35.867292180900833, -9.756229877965605 ], [ -35.867281022278746, -9.756181395992805 ], [ -35.867267498402128, -9.756137499812622 ], [ -35.867246943373274, -9.756100450273617 ], [ -35.867223850792428, -9.756086415153565 ], [ -35.867189168849869, -9.75606996962826 ], [ -35.867156873705525, -9.756046634731195 ], [ -35.867131566643749, -9.756021060350859 ], [ -35.867127116126525, -9.756000285416251 ], [ -35.867241464811393, -9.755817035349295 ], [ -35.86726496657473, -9.755787302471147 ], [ -35.867300014616603, -9.755764587144967 ], [ -35.867325795477015, -9.755739482780786 ], [ -35.867358521332449, -9.755716746082136 ], [ -35.867395805398267, -9.755703266420204 ], [ -35.867439862180085, -9.755710583051547 ], [ -35.86746523386207, -9.755729246672448 ], [ -35.867509247581879, -9.755741170454451 ], [ -35.86752047084952, -9.755782741689362 ], [ -35.867552636802472, -9.755819898027005 ], [ -35.867573170329017, -9.755859251132424 ], [ -35.867570503594031, -9.755896087037037 ], [ -35.867567944531352, -9.755921405045601 ], [ -35.867579490827822, -9.755928422594573 ], [ -35.867600368915284, -9.755930918433526 ], [ -35.867625762157324, -9.755947278470975 ], [ -35.867641823610974, -9.755968160218371 ], [ -35.867671904288358, -9.755979955818994 ], [ -35.867673924989475, -9.756012227292148 ], [ -35.867678267871227, -9.756044520127205 ], [ -35.867714326283199, -9.756037940495442 ], [ -35.867744557707837, -9.756033611035578 ], [ -35.867774896800682, -9.756017763674746 ], [ -35.867807450405635, -9.756013455569589 ], [ -35.867846819822937, -9.756025336601324 ], [ -35.867881458749316, -9.75604638922786 ], [ -35.867911453316921, -9.756067399131661 ], [ -35.867932439084875, -9.756058377053938 ], [ -35.867981334099483, -9.756045004133016 ], [ -35.868016166828738, -9.756045324527888 ], [ -35.86802291805472, -9.756068424407959 ], [ -35.868048225208156, -9.756093998744239 ], [ -35.868073038757466, -9.756048151412145 ], [ -35.868091831529576, -9.756025286481844 ], [ -35.868115182537743, -9.756011678588711 ], [ -35.868145284779636, -9.756021170573376 ], [ -35.868154724225114, -9.756005130944533 ], [ -35.86817577457925, -9.755989198107001 ], [ -35.868220068281225, -9.755971175267669 ], [ -35.868284895607111, -9.755992505511868 ], [ -35.868322028993575, -9.755995150812197 ], [ -35.868359033204456, -9.756011617594066 ], [ -35.868386662571375, -9.756037213269073 ], [ -35.868407346923007, -9.75606044129146 ], [ -35.86844426503059, -9.756086122391867 ], [ -35.868467250043651, -9.756111675350615 ], [ -35.868504361921993, -9.756116624216801 ], [ -35.868513758300089, -9.756105191735989 ], [ -35.868525606032676, -9.756079959123348 ], [ -35.868546699439101, -9.756059419096216 ], [ -35.868577081575701, -9.756038964489893 ], [ -35.868605098470091, -9.756023095687102 ], [ -35.868663217633085, -9.756016718824439 ], [ -35.868712005009407, -9.756014863695748 ], [ -35.868767737410913, -9.756015376204799 ], [ -35.868804892346958, -9.756015717872447 ], [ -35.868842004231794, -9.75602066670001 ], [ -35.86887915917108, -9.756021008359751 ], [ -35.868923388291876, -9.756009896164679 ], [ -35.868958586981293, -9.755971055564224 ], [ -35.868982045594485, -9.755945929687851 ], [ -35.868993871762434, -9.755923000628194 ], [ -35.869054506825734, -9.755895912801364 ], [ -35.869114948165034, -9.755889557203972 ], [ -35.869161736213613, -9.75585312691198 ], [ -35.869232389745839, -9.755845553781329 ], [ -35.869298796048547, -9.755805507154962 ], [ -35.869546328257442, -9.75563216642599 ], [ -35.869562497771241, -9.755607469014993 ], [ -35.869617393535151, -9.755580868879095 ], [ -35.869662823517224, -9.755592580174573 ], [ -35.869692653664345, -9.755568008332954 ], [ -35.869720080443116, -9.755556966792355 ], [ -35.869749847289079, -9.755539170560784 ], [ -35.869775123878881, -9.755514556850025 ], [ -35.869807146394855, -9.755499040079538 ], [ -35.869820912524794, -9.755487872955205 ], [ -35.869846210203335, -9.755461000696883 ], [ -35.869857805043353, -9.755438519944825 ], [ -35.869880973620667, -9.7553958169774 ], [ -35.869922208697382, -9.755369091205097 ], [ -35.869954231194846, -9.755353574414155 ], [ -35.869990891620411, -9.755329065314873 ], [ -35.870216884172962, -9.755186782835821 ], [ -35.870259271469202, -9.755152397995339 ], [ -35.870287010063528, -9.755185109047117 ], [ -35.870414236860306, -9.755075000182046 ], [ -35.870621391259306, -9.75491462325342 ], [ -35.870704326763899, -9.754792515731594 ], [ -35.87077970523444, -9.75472887568497 ], [ -35.870831937482315, -9.754641260407354 ], [ -35.870884364497947, -9.754532782243853 ], [ -35.870920044250184, -9.754465879506526 ], [ -35.87103591118882, -9.75432089144822 ], [ -35.87107877442913, -9.75423550830925 ], [ -35.871129494386047, -9.754113329709384 ], [ -35.871177754551759, -9.754052068925532 ], [ -35.871219487829002, -9.754023657051478 ], [ -35.871240335265483, -9.754011507740541 ], [ -35.871251334973259, -9.753943734218261 ], [ -35.871270416370905, -9.753898659794942 ], [ -35.871306083544546, -9.753853737732619 ], [ -35.871333841793039, -9.753767606901766 ], [ -35.871383867909131, -9.753739271171924 ], [ -35.871403045261694, -9.753683913585482 ], [ -35.871434738726954, -9.753620443744152 ], [ -35.871451516477542, -9.753600029804138 ], [ -35.871437541462626, -9.753542310875471 ], [ -35.871440305796241, -9.75346829126466 ], [ -35.87145963668867, -9.753396480631729 ], [ -35.87149943101165, -9.753353653239786 ], [ -35.871570146057472, -9.753330135306406 ], [ -35.871649657868645, -9.753252706993695 ], [ -35.87169164054356, -9.753197558829129 ], [ -35.871692043646163, -9.75315436960255 ], [ -35.871696631575382, -9.753107105199369 ], [ -35.871763627206604, -9.753037789104502 ], [ -35.87175782983244, -9.752992486121553 ], [ -35.871770576254804, -9.752959694287105 ], [ -35.871805955325293, -9.752945621569392 ], [ -35.871818740128361, -9.752908716470802 ], [ -35.871831673680042, -9.752855872487117 ], [ -35.871832076750231, -9.752812683253866 ], [ -35.871842749936462, -9.752779872371857 ], [ -35.871986511145359, -9.752260820514291 ], [ -35.872001503435499, -9.752209538017389 ], [ -35.87203095064168, -9.752164558674586 ], [ -35.872087292044071, -9.752125996705093 ], [ -35.872137413794221, -9.752087377611341 ], [ -35.872185366369841, -9.752059022624662 ], [ -35.872223048820572, -9.752020289292089 ], [ -35.8722503268175, -9.751985574034581 ], [ -35.872589271222282, -9.751546986522147 ], [ -35.872629180265022, -9.751491819088974 ], [ -35.872658742426026, -9.751434499852454 ], [ -35.872682353542871, -9.75134833066515 ], [ -35.872697364836284, -9.75129499145717 ], [ -35.872760098312277, -9.751237976711083 ], [ -35.872789622048977, -9.751184770712934 ], [ -35.872813132379243, -9.751109398819018 ], [ -35.872851006477696, -9.751050099035231 ], [ -35.872895560590976, -9.750941497154107 ], [ -35.872931265525686, -9.750892461483126 ], [ -35.872952381264156, -9.750851519128631 ], [ -35.872940268129959, -9.750816442196841 ], [ -35.872934489716187, -9.750769082558712 ], [ -35.872964032547578, -9.750713819889974 ], [ -35.872995245743937, -9.750701765531414 ], [ -35.873091610707917, -9.750595695943881 ], [ -35.873096313384565, -9.750536091645635 ], [ -35.873149045042908, -9.750439905592129 ], [ -35.873195135078703, -9.750388908368276 ], [ -35.873276603844921, -9.75032383815536 ], [ -35.873308162232419, -9.750274764352259 ], [ -35.873354175503032, -9.750231993625663 ], [ -35.87340220442983, -9.750195411815396 ], [ -35.873435452415933, -9.750187489688942 ], [ -35.873527056977103, -9.75014719411749 ], [ -35.873556594845063, -9.750092445506407 ], [ -35.873596311740663, -9.750057844191582 ], [ -35.873638389488399, -9.749992412382468 ], [ -35.873667855406659, -9.749945376129325 ], [ -35.873709798887312, -9.749894340741726 ], [ -35.873753547092306, -9.749872117247893 ], [ -35.873809907092571, -9.749831498171844 ], [ -35.873845611753737, -9.749782462323425 ], [ -35.873885213532866, -9.749760200761008 ], [ -35.873908306386248, -9.749729560481017 ], [ -35.873949981358642, -9.749707317929305 ], [ -35.873966662851046, -9.74969718692587 ], [ -35.873983665511872, -9.749652607288684 ], [ -35.874006950088067, -9.749601400648379 ], [ -35.87423539408848, -9.749463902437141 ], [ -35.874348557172233, -9.749195818984349 ], [ -35.874209775764676, -9.748973363015375 ], [ -35.874522121634214, -9.748836213484378 ], [ -35.874507198752177, -9.748651115018177 ], [ -35.874649333894467, -9.748557889022022 ], [ -35.874900507961762, -9.748210498604506 ], [ -35.874921330100243, -9.748041983146463 ], [ -35.875269046854221, -9.747713386536283 ], [ -35.87554186634825, -9.747224194320451 ], [ -35.875634802225854, -9.747004298195529 ], [ -35.87566734466391, -9.746682895606432 ], [ -35.875701503316932, -9.746616660871682 ], [ -35.875739170165829, -9.746597433255289 ], [ -35.875808512322038, -9.746566752245975 ], [ -35.87584035169872, -9.746537684744506 ], [ -35.875854471695426, -9.746504540235509 ], [ -35.875876701921293, -9.746447982578953 ], [ -35.875898658700585, -9.746420781771072 ], [ -35.87593437087844, -9.746399578915282 ], [ -35.875966301370575, -9.746360725775245 ], [ -35.875980457800395, -9.746323667007148 ], [ -35.875994595997639, -9.746288565361127 ], [ -35.875996787606397, -9.746265097959437 ], [ -35.876036718919323, -9.746214574394278 ], [ -35.876289916113201, -9.745933087753961 ], [ -35.876449210548479, -9.745865445950463 ], [ -35.87708420007985, -9.744784773638381 ], [ -35.87740740065167, -9.744252335897487 ], [ -35.877414797180634, -9.744182162750903 ], [ -35.877466021966967, -9.744112391049132 ], [ -35.877503605472107, -9.744059218413312 ], [ -35.877540971071873, -9.744029457408981 ], [ -35.877561230626277, -9.744026298163954 ], [ -35.87758183257759, -9.743986349196966 ], [ -35.877615920138382, -9.743946523740432 ], [ -35.87764666741306, -9.743903322879763 ], [ -35.877656999504929, -9.743880003870839 ], [ -35.877697580847737, -9.743866996318358 ], [ -35.877738068813883, -9.743864022321802 ], [ -35.877772031845865, -9.743837574922507 ], [ -35.877782519548454, -9.743797533302626 ], [ -35.87780989538404, -9.743754301539905 ], [ -35.877833588573438, -9.743744484106536 ], [ -35.877860715411082, -9.743728008504238 ], [ -35.878221329875387, -9.743462071572248 ], [ -35.878458027742916, -9.743231806159935 ], [ -35.878772371384265, -9.742813090811607 ], [ -35.878781383129777, -9.742773172724451 ], [ -35.878799194008792, -9.742716192078346 ], [ -35.878825458539225, -9.742679289108665 ], [ -35.878817190902943, -9.742639212839064 ], [ -35.878780230626099, -9.742587445173308 ], [ -35.87885640501004, -9.742534507246015 ], [ -35.879079466636547, -9.741616707885916 ], [ -35.879113543927083, -9.74135547777286 ], [ -35.879172151202766, -9.741247441088992 ], [ -35.879290773621605, -9.740879949673289 ], [ -35.879580328966789, -9.740714025296349 ], [ -35.879783977073203, -9.740804461463343 ], [ -35.88013730320241, -9.740897342221105 ], [ -35.880272574411109, -9.740914647596837 ], [ -35.880484498066181, -9.740817800048452 ], [ -35.880913608130214, -9.740737651199602 ], [ -35.88117748308909, -9.740701212239422 ], [ -35.881279910982606, -9.740681000295963 ], [ -35.881364144422797, -9.740604626442359 ], [ -35.881553858731969, -9.740334928053173 ], [ -35.881591881186893, -9.740272417502485 ], [ -35.881803200836337, -9.740157204815818 ], [ -35.881841515184753, -9.740063267764265 ], [ -35.881905483013924, -9.739998137174034 ], [ -35.881930087963475, -9.739829787737527 ], [ -35.882005601776058, -9.739761905473879 ], [ -35.882017333607337, -9.739739155181866 ], [ -35.882011918864464, -9.739701962166459 ], [ -35.882012210798365, -9.739670535708902 ], [ -35.882032714953006, -9.739633579645432 ], [ -35.88208191172172, -9.739608314657286 ], [ -35.882122681157838, -9.739560115070899 ], [ -35.882143197200747, -9.739505711294985 ] ], [ [ -35.837570839757404, -9.718146113086904 ], [ -35.837581535323771, -9.718209365594518 ], [ -35.837581535323764, -9.718265590035704 ], [ -35.83756727456862, -9.718328842520743 ], [ -35.837545883435901, -9.718363982785027 ], [ -35.837542318247117, -9.718413179148847 ], [ -35.837520927114397, -9.718483459656042 ], [ -35.837485275226527, -9.718515085879426 ], [ -35.837478144848951, -9.718553740148437 ], [ -35.837467449282592, -9.718620506602571 ], [ -35.83743536258352, -9.718676730974648 ], [ -35.837413971450793, -9.718764581537105 ], [ -35.837381884751714, -9.718831347949155 ], [ -35.837335537297491, -9.718905142389058 ], [ -35.837278494276894, -9.718982450832462 ], [ -35.83722858163388, -9.719077329352213 ], [ -35.837171538613291, -9.719184506906977 ], [ -35.837132321536643, -9.7192864134026 ], [ -35.837093104459989, -9.71938831986718 ], [ -35.837064582949694, -9.719472656228207 ], [ -35.837050322194543, -9.719549964540462 ], [ -35.837011105117888, -9.719611459776077 ], [ -35.836996844362751, -9.719653627931105 ], [ -35.8369825836076, -9.719720394165721 ], [ -35.836946931719737, -9.719794188409498 ], [ -35.836921975398219, -9.719871496647418 ], [ -35.836882758321572, -9.719948804867498 ], [ -35.836843541244917, -9.720057739147254 ], [ -35.836815019734622, -9.720178972416903 ], [ -35.836786498224328, -9.72022816851379 ], [ -35.836772237469184, -9.720277364603438 ], [ -35.836757976714026, -9.720316018668813 ], [ -35.836747281147673, -9.720372242755911 ], [ -35.836733020392529, -9.720435494842601 ], [ -35.836725890014961, -9.720491718909624 ], [ -35.836704498882234, -9.720572540989401 ], [ -35.83666528180558, -9.720667419058127 ], [ -35.836626064728925, -9.7208220351125 ], [ -35.836597543218623, -9.72092745510855 ], [ -35.836544065386825, -9.721001249086044 ], [ -35.836529804631688, -9.72106098705587 ], [ -35.836526239442897, -9.721113697020403 ], [ -35.836511978687746, -9.721198032946369 ], [ -35.836494152743811, -9.721271826864168 ], [ -35.836487022366242, -9.721349134760565 ], [ -35.836483457177451, -9.721426442639093 ], [ -35.836458500855947, -9.721489694526397 ], [ -35.836437109723221, -9.721598628304333 ], [ -35.836429979345645, -9.721658366167448 ], [ -35.836401457835358, -9.721749729937502 ], [ -35.836372936325063, -9.721893803524182 ], [ -35.83635511038112, -9.722034363061102 ], [ -35.83635511038112, -9.722139782675036 ], [ -35.836340262829708, -9.722667863008892 ], [ -35.836285269216468, -9.722932858894206 ], [ -35.836211944398812, -9.723143650925714 ], [ -35.836022521953197, -9.723553189349927 ], [ -35.835897258819244, -9.723766992291658 ], [ -35.835726167481845, -9.724212665611182 ], [ -35.835634511459766, -9.724586067118402 ], [ -35.835536745132487, -9.724920321332753 ], [ -35.835498251581789, -9.725150547501862 ], [ -35.835436978986401, -9.725385405478377 ], [ -35.835314433795588, -9.725747757461329 ], [ -35.835178272472483, -9.726076557994856 ], [ -35.835048919215524, -9.726365096972099 ], [ -35.835001262752435, -9.726519431671674 ], [ -35.834490657790774, -9.727653454017624 ], [ -35.834245567409177, -9.728119811203127 ], [ -35.833959628630652, -9.728462029731052 ], [ -35.833700922116748, -9.728810958065392 ], [ -35.833258397816628, -9.729341060029947 ], [ -35.832863529979626, -9.729944972635749 ], [ -35.832666096061118, -9.730287189294526 ], [ -35.832482278274917, -9.730609275241456 ], [ -35.832380157282579, -9.730803868683909 ], [ -35.832339308885658, -9.731038722687698 ], [ -35.832230379923899, -9.731327257373653 ], [ -35.832257612091794, -9.731518495353747 ], [ -35.832339308885643, -9.73172650846336 ], [ -35.832414197613353, -9.732015042562281 ], [ -35.832468662142603, -9.73237067727157 ], [ -35.832414197710037, -9.732511589025799 ], [ -35.832262061601334, -9.732731450512413 ], [ -35.832153051974018, -9.732710985624596 ], [ -35.831908126025553, -9.732281939764935 ], [ -35.831893688225357, -9.732248736390563 ], [ -35.831835937024593, -9.732187072972255 ], [ -35.83165305822218, -9.732115922860102 ], [ -35.831479804619882, -9.732106436177311 ], [ -35.830940793412765, -9.732106436177313 ], [ -35.830858979211676, -9.732077976127382 ], [ -35.830757914610338, -9.732059002759401 ], [ -35.83066166260906, -9.732054259417271 ], [ -35.830570223207857, -9.732068489443529 ], [ -35.83043547040608, -9.732092206152634 ], [ -35.830368094005188, -9.732087462810949 ], [ -35.830175590002639, -9.732082719469192 ], [ -35.829980679700064, -9.732061374430449 ], [ -35.829792988297584, -9.732061374430453 ], [ -35.829355041691791, -9.732104064506533 ], [ -35.828984471486891, -9.732137267895288 ], [ -35.828772717084085, -9.732160984599519 ], [ -35.828642776882376, -9.732142011236276 ], [ -35.82852246188078, -9.732142011236274 ], [ -35.82835402087855, -9.732118294530691 ], [ -35.82824814367715, -9.732094577823419 ], [ -35.828175954676198, -9.732080347798274 ], [ -35.828089327875055, -9.732080347798254 ], [ -35.828031576674285, -9.732080347798258 ], [ -35.827954575073271, -9.732066117772492 ], [ -35.827892011272446, -9.732042401061518 ], [ -35.827829447471622, -9.732037657719125 ], [ -35.827733195470351, -9.732042401061509 ], [ -35.827646568669202, -9.732032914376658 ], [ -35.827569567068174, -9.732009197663338 ], [ -35.827458877266714, -9.731980737605133 ], [ -35.827410751266086, -9.73196650757512 ], [ -35.827381875665701, -9.731966507575114 ], [ -35.827338562265126, -9.731980737605134 ], [ -35.827256748064045, -9.731975994261855 ], [ -35.827174933862956, -9.73195227754449 ], [ -35.827059431461436, -9.731933304169401 ], [ -35.826929491259719, -9.731923817481453 ], [ -35.826582984055136, -9.731897729088161 ], [ -35.826428980853102, -9.731892985743702 ], [ -35.826255727250818, -9.731883499054618 ], [ -35.826169100449668, -9.731878755709964 ], [ -35.825971783847059, -9.731883499054604 ], [ -35.825851468845464, -9.731874012365243 ], [ -35.825788905044639, -9.731859782330666 ], [ -35.825731153843876, -9.731850295640653 ], [ -35.825644527042726, -9.731802862186376 ], [ -35.825195556362445, -9.731772866818506 ], [ -35.823716229583646, -9.731444277778531 ], [ -35.823265242533111, -9.731384085375428 ], [ -35.822445479613158, -9.731259070339052 ], [ -35.822036772598629, -9.731212768463134 ], [ -35.821938119181333, -9.731203508087171 ], [ -35.821689136747196, -9.731175726957783 ], [ -35.821524714385021, -9.73107386279689 ], [ -35.821240498587557, -9.731050711846907 ], [ -35.821080774007164, -9.73107386279688 ], [ -35.820798907100595, -9.730925696689265 ], [ -35.820521737975795, -9.730796051291174 ], [ -35.820418143586245, -9.73084930992527 ], [ -35.82030166551727, -9.730825557734054 ], [ -35.820201253388838, -9.730789929444123 ], [ -35.820084775319849, -9.730726590252564 ], [ -35.820016495072522, -9.730675127150612 ], [ -35.81987190160757, -9.730576159624581 ], [ -35.819751407053445, -9.730433646335586 ], [ -35.819630912499321, -9.730283215575682 ], [ -35.819606813588514, -9.730208000170336 ], [ -35.819550582796587, -9.73006548672431 ], [ -35.819179026529952, -9.729538740876208 ], [ -35.819071404620175, -9.729388469445517 ], [ -35.818972751202871, -9.729317753454714 ], [ -35.818883066278055, -9.729255876950521 ], [ -35.818712664920895, -9.729167481924634 ], [ -35.818533295071255, -9.729061407862696 ], [ -35.818371862206583, -9.728919975727754 ], [ -35.818255271804318, -9.728822741100254 ], [ -35.818084870447159, -9.728760864504382 ], [ -35.817762004717821, -9.728690148380803 ], [ -35.817591603360654, -9.728760864504391 ], [ -35.817591603360654, -9.728787383046884 ], [ -35.817349454063638, -9.728778543532959 ], [ -35.816963808886925, -9.728734345959788 ], [ -35.816596100695165, -9.728690148380803 ], [ -35.816398793860564, -9.728672469347556 ], [ -35.816246329488372, -9.72861059272388 ], [ -35.816049022653765, -9.72855755560871 ], [ -35.815878621296619, -9.728513358006341 ], [ -35.81574409390938, -9.728477999920226 ], [ -35.815591629537195, -9.728407283736789 ], [ -35.815448133657483, -9.728318888486443 ], [ -35.815304637777771, -9.728239332741127 ], [ -35.815214952852948, -9.728195135096687 ], [ -35.814972803555946, -9.728124418853355 ], [ -35.814865181646162, -9.728124418853358 ], [ -35.814694780289003, -9.72800066539159 ], [ -35.814605095364186, -9.727695701308045 ], [ -35.814488504961922, -9.727368638068606 ], [ -35.814452630992001, -9.727112290981569 ], [ -35.814371914559665, -9.726776387604378 ], [ -35.814255324157408, -9.726475842191267 ], [ -35.814120796770176, -9.726192975673264 ], [ -35.814049048830327, -9.725954306862539 ], [ -35.813986269382951, -9.7257863546343 ], [ -35.813838289257006, -9.725560944932198 ], [ -35.813605108452471, -9.725295756852814 ], [ -35.813300179708087, -9.72497753087983 ], [ -35.813049061918598, -9.72475654044262 ], [ -35.812923503023868, -9.724637205545783 ], [ -35.812771038651675, -9.724548809298438 ], [ -35.812591668802028, -9.724531130046172 ], [ -35.8123584879975, -9.724495771538821 ], [ -35.812125307192971, -9.724433894141962 ], [ -35.811936968850858, -9.724398535624308 ], [ -35.811856252418515, -9.724327818577837 ], [ -35.81172172503129, -9.724301299681532 ], [ -35.811560292166611, -9.724221742980051 ], [ -35.811452670256834, -9.724124506985882 ], [ -35.81134504834705, -9.724009591683553 ], [ -35.811219489452299, -9.723921195270282 ], [ -35.811013214125225, -9.723779760960417 ], [ -35.810717253873321, -9.723629486940645 ], [ -35.810439230606384, -9.723488052507408 ], [ -35.810250892264271, -9.723417335268344 ], [ -35.810080490907112, -9.723355457671905 ], [ -35.8099369950274, -9.723337778356525 ], [ -35.809730719700312, -9.72324938176563 ], [ -35.809448212187135, -9.723099107507496 ], [ -35.809250905352542, -9.723019550519966 ], [ -35.809098440980343, -9.722984191852763 ], [ -35.808990819070566, -9.722939993513531 ], [ -35.80892803962319, -9.722895795168405 ], [ -35.808901134145749, -9.722807398460704 ], [ -35.808901134145749, -9.722745520751376 ], [ -35.808874228668294, -9.722639444651632 ], [ -35.808757638266037, -9.722515689159406 ], [ -35.80862311087882, -9.722400773304175 ], [ -35.80847064650662, -9.722223979603646 ], [ -35.808318182134435, -9.722126743028529 ], [ -35.808192623239684, -9.722002987346533 ], [ -35.808085001329907, -9.721852712528309 ], [ -35.807959442435155, -9.721711277343569 ], [ -35.807887694495307, -9.721596361211947 ], [ -35.80780697806297, -9.721446086210971 ], [ -35.807753167108075, -9.721251612580092 ], [ -35.807681419168233, -9.721039459399263 ], [ -35.807493080826113, -9.720610732768849 ], [ -35.807358553438881, -9.720345540763631 ], [ -35.807115869414787, -9.719464833322924 ], [ -35.806911630058444, -9.718169096938373 ], [ -35.806834159833706, -9.717841031437363 ], [ -35.806679003587661, -9.717492720744806 ], [ -35.806598654892241, -9.717375648596827 ], [ -35.806355988170225, -9.717161431618729 ], [ -35.806328223363955, -9.717064128623429 ], [ -35.806325138385475, -9.716991151358416 ], [ -35.806334393320896, -9.716887766872366 ], [ -35.806312798471595, -9.716763097302596 ], [ -35.806275778729905, -9.716639948047845 ], [ -35.806152379590941, -9.716424056652345 ], [ -35.806056745258246, -9.716168635666518 ], [ -35.806025895473496, -9.716065250926338 ], [ -35.806022810495023, -9.715936019956217 ], [ -35.805961031823543, -9.71582846388602 ], [ -35.805957393130974, -9.715728041804494 ], [ -35.806001057441691, -9.715638379206242 ], [ -35.806019250904491, -9.715537957067687 ], [ -35.806008334826807, -9.71546981345648 ], [ -35.806008334826807, -9.715394496817437 ], [ -35.806001057441698, -9.715315593653598 ], [ -35.806001057441698, -9.715222344435983 ], [ -35.806001057441705, -9.715121922172555 ], [ -35.805990141364013, -9.714953356162642 ], [ -35.805979225286343, -9.714718439560412 ], [ -35.80594283836075, -9.714585738506129 ], [ -35.805917367512841, -9.71446738346738 ], [ -35.805840954969092, -9.714349028386765 ], [ -35.80573543288488, -9.714234259783762 ], [ -35.805495279175972, -9.714047760719971 ], [ -35.805275138276137, -9.713739319732564 ], [ -35.805227835272866, -9.713642483549979 ], [ -35.805136867958879, -9.713538474285656 ], [ -35.805027707182113, -9.713438051516977 ], [ -35.804896714249971, -9.713269484659005 ], [ -35.804816663013675, -9.713190580994183 ], [ -35.804445516372631, -9.712900071886144 ], [ -35.804372742521444, -9.712803235460775 ], [ -35.80392700268294, -9.712345951962478 ], [ -35.803799648443366, -9.712245528836066 ], [ -35.803595881660051, -9.712051855578597 ], [ -35.803355727951143, -9.711822316758033 ], [ -35.803173793323175, -9.711700374195578 ], [ -35.802824478837493, -9.711287921081649 ], [ -35.80272623413839, -9.711112180035224 ], [ -35.802629808785575, -9.71087726073729 ], [ -35.802557034934388, -9.710740971603395 ], [ -35.802386016384105, -9.710493499086873 ], [ -35.802298687762679, -9.710335690430108 ], [ -35.802200443063583, -9.710289065130885 ], [ -35.801956650662113, -9.709977034115347 ], [ -35.801883876810933, -9.709844331181529 ], [ -35.801796548189508, -9.70972238789869 ], [ -35.801683748720173, -9.709596858002312 ], [ -35.801512730169897, -9.70945339520596 ], [ -35.800808643159677, -9.708875956829125 ], [ -35.800641263301948, -9.708757599771792 ], [ -35.800324697049305, -9.708406114930703 ], [ -35.800226452350209, -9.708302104039632 ], [ -35.800008130796648, -9.708172987026495 ], [ -35.799800725320779, -9.708072562648514 ], [ -35.799622429385373, -9.708022350448244 ], [ -35.799058432038692, -9.707703144141854 ], [ -35.79813056543609, -9.706684551197307 ], [ -35.798101455895612, -9.706616405784127 ], [ -35.798035959429548, -9.706541087153424 ], [ -35.797904966497413, -9.706447835491977 ], [ -35.797573845474517, -9.706229052645872 ], [ -35.797410104309357, -9.70613580089754 ], [ -35.797311859610268, -9.706117867866025 ], [ -35.796746042917299, -9.705664161849652 ], [ -35.796607772600048, -9.705549390269844 ], [ -35.796444031434881, -9.705481244625751 ], [ -35.796320315887868, -9.705452551718814 ], [ -35.796185684263179, -9.705423858809445 ], [ -35.795941891861702, -9.705395165897581 ], [ -35.795496152023198, -9.705118996495449 ], [ -35.79530330131756, -9.704889452922991 ], [ -35.795219611388703, -9.704835653625455 ], [ -35.795154114922632, -9.704817720524373 ], [ -35.794881212980691, -9.704781854319275 ], [ -35.794559188689199, -9.704475198109087 ], [ -35.794206235510948, -9.704026869811262 ], [ -35.79391150141366, -9.703757872544632 ], [ -35.793709553976619, -9.70366462010845 ], [ -35.793582199737045, -9.703528328039667 ], [ -35.79344756811237, -9.703445835444748 ], [ -35.793010925005255, -9.703205530813459 ], [ -35.792745300448431, -9.702925772965941 ], [ -35.792425095503212, -9.702475649272269 ], [ -35.792155832253833, -9.701822879176238 ], [ -35.792046125494934, -9.701597794803826 ], [ -35.791929938866595, -9.701282850859927 ], [ -35.791900892209505, -9.701209227557655 ], [ -35.79179992629669, -9.701079656385875 ], [ -35.791585399011176, -9.700845384157928 ], [ -35.791546109905667, -9.700793754721287 ], [ -35.79144289453432, -9.700706764529485 ], [ -35.791405572284276, -9.700680607884522 ], [ -35.791316287512487, -9.700648229373124 ], [ -35.791276157338906, -9.700613444117435 ], [ -35.791118526569392, -9.700474330159494 ], [ -35.790929107580581, -9.700334918260108 ], [ -35.79086891942508, -9.700282023505553 ], [ -35.79077404628876, -9.700229520530481 ], [ -35.790469717042754, -9.700017345638775 ], [ -35.790098352616546, -9.699755671393666 ], [ -35.790002457562927, -9.699712443832901 ], [ -35.789919993573236, -9.699646184623139 ], [ -35.789779473358337, -9.69955171358659 ], [ -35.789667823102882, -9.699452226529132 ], [ -35.789585121905162, -9.699357284413937 ], [ -35.789449380575327, -9.699257993470747 ], [ -35.789294524565612, -9.699177981273925 ], [ -35.789163878447937, -9.699112114197348 ], [ -35.789124660241875, -9.699031160166109 ], [ -35.789152699627287, -9.69892575448103 ], [ -35.789190573206703, -9.698844172655905 ], [ -35.789257197978039, -9.69874323354191 ], [ -35.789347992964572, -9.698651659165415 ], [ -35.789518407330227, -9.698573778713307 ], [ -35.789628395998619, -9.698472486403347 ], [ -35.789762792151258, -9.698409241573737 ], [ -35.789907259798021, -9.698398503314117 ], [ -35.790042288756702, -9.698411745805627 ], [ -35.790283556001029, -9.698452807511968 ], [ -35.790418941021734, -9.698509073997446 ], [ -35.790568701617723, -9.698555661729138 ], [ -35.790737695567678, -9.698597311892463 ], [ -35.790926239429758, -9.69867226813345 ], [ -35.791076039685052, -9.698723636061271 ], [ -35.791235713874116, -9.698803608127534 ], [ -35.791308422595911, -9.698855604169214 ], [ -35.791438633415552, -9.698868885309206 ], [ -35.791647790791991, -9.698814592033123 ], [ -35.791606756728527, -9.698805364925706 ], [ -35.791543921918745, -9.698781973158146 ], [ -35.79138450001664, -9.698732476669344 ], [ -35.791285251516577, -9.69867591614496 ], [ -35.791203163634236, -9.698655071593299 ], [ -35.791128303091554, -9.698634168123874 ], [ -35.791014758266229, -9.698596847125849 ], [ -35.790901035391066, -9.698538014015552 ], [ -35.79081886840477, -9.698507608435861 ], [ -35.790731883205957, -9.698477242089558 ], [ -35.790697720412744, -9.698424931825768 ], [ -35.790697324746738, -9.698377127222662 ], [ -35.790670686048259, -9.69836061152041 ], [ -35.79061310478513, -9.698389765351168 ], [ -35.790528865029323, -9.698400013230208 ], [ -35.790434751439854, -9.698381656827449 ], [ -35.790318916290943, -9.6983586965644 ], [ -35.790222274918584, -9.698326018335365 ], [ -35.790133019124475, -9.698312403052187 ], [ -35.789990841991198, -9.698308780382051 ], [ -35.789860670849073, -9.698300279077511 ], [ -35.789740215252685, -9.698301260164994 ], [ -35.789677815648318, -9.698330453100832 ], [ -35.789551698135952, -9.698375104920522 ], [ -35.78949650605869, -9.698401848738269 ], [ -35.789419809917263, -9.698450281219047 ], [ -35.789352769981924, -9.698501025445722 ], [ -35.78928582889295, -9.698563720829879 ], [ -35.789226273311904, -9.69864547921776 ], [ -35.789173925280259, -9.698724788515261 ], [ -35.789107142298235, -9.69880660575231 ], [ -35.789066721170769, -9.69887147555662 ], [ -35.789031217129143, -9.698948257292562 ], [ -35.789000649948314, -9.699039341195151 ], [ -35.788991725287573, -9.699125468073268 ], [ -35.788992160288707, -9.699178053211138 ], [ -35.789009557999201, -9.699242452190354 ], [ -35.789036552655574, -9.699301992226292 ], [ -35.788998738333973, -9.699390744757808 ], [ -35.788960192391507, -9.699391058648409 ], [ -35.788844554556285, -9.699392000294257 ], [ -35.788724019379941, -9.69938342019773 ], [ -35.788468257042183, -9.699337694744511 ], [ -35.788279950143092, -9.699291419921767 ], [ -35.788081967246249, -9.699240442956329 ], [ -35.787927348578172, -9.699189112875567 ], [ -35.787709895127264, -9.699114390182721 ], [ -35.787550181614598, -9.699029635805248 ], [ -35.78741463842664, -9.698954246215639 ], [ -35.787279016248654, -9.698869295606697 ], [ -35.787143433647771, -9.698789125399193 ], [ -35.787022266309314, -9.698704057026344 ], [ -35.786919858307037, -9.698556685592237 ], [ -35.786902579578545, -9.698506627810096 ], [ -35.786861110885184, -9.698444814850445 ], [ -35.786836585063014, -9.698392425626359 ], [ -35.786840455019828, -9.698277654997661 ], [ -35.786856706416096, -9.698203420411973 ], [ -35.786889841382425, -9.698131438858981 ], [ -35.786937450790724, -9.698061729937788 ], [ -35.786980241950459, -9.69799206021791 ], [ -35.787032689311182, -9.697924702329061 ], [ -35.78710211899314, -9.697871548650422 ], [ -35.787171607922929, -9.697825565676016 ], [ -35.787262482488018, -9.697743552708522 ], [ -35.787336769832564, -9.6976951402712 ], [ -35.787420713360355, -9.697649039645853 ], [ -35.787470968814702, -9.697607993937339 ], [ -35.787516188684258, -9.697540694828721 ], [ -35.787573137943717, -9.697435053910121 ], [ -35.787670775279736, -9.697296811518937 ], [ -35.787701500906898, -9.697224849562225 ], [ -35.787732325323091, -9.697164838788144 ], [ -35.787791920701196, -9.697087861098549 ], [ -35.787847093046025, -9.697058727340286 ], [ -35.787931392030039, -9.697055650900197 ], [ -35.78800609410267, -9.697057433338131 ], [ -35.788066361293581, -9.697061723638049 ], [ -35.788032357137389, -9.69702853483442 ], [ -35.787947623427762, -9.69697902610584 ], [ -35.787911269466086, -9.696953027598592 ], [ -35.787869741614337, -9.696884044046168 ], [ -35.78785965071129, -9.69682914703542 ], [ -35.787842055863564, -9.696740845531043 ], [ -35.787838974934985, -9.696659597103823 ], [ -35.787833484909775, -9.69657836828031 ], [ -35.78783514316585, -9.696487519697632 ], [ -35.787844167047716, -9.696413343956152 ], [ -35.787841461561648, -9.696377510016244 ], [ -35.787790396210809, -9.696320556026052 ], [ -35.787739706278963, -9.696309016516723 ], [ -35.787689154652043, -9.696314208655108 ], [ -35.787626952655721, -9.696367303533611 ], [ -35.787612893185504, -9.696415225883806 ], [ -35.787608766487907, -9.696498923374998 ], [ -35.787595260225913, -9.696613772355482 ], [ -35.787588902250313, -9.696719001581247 ], [ -35.787570261656043, -9.696795645981995 ], [ -35.787546881876494, -9.69688189053719 ], [ -35.787489656045274, -9.696954068113749 ], [ -35.787413196843715, -9.69703118298135 ], [ -35.787355635094023, -9.697062726518167 ], [ -35.787240393019644, -9.697111472147228 ], [ -35.787107971053501, -9.69712211114817 ], [ -35.787040417224098, -9.697110708765614 ], [ -35.786970316007164, -9.697082594302188 ], [ -35.786909673451646, -9.697032889282632 ], [ -35.78687286520681, -9.696951915166348 ], [ -35.786845614404058, -9.696861301695485 ], [ -35.786852130627253, -9.696775194324527 ], [ -35.78683210717697, -9.696684522052724 ], [ -35.786776263183974, -9.696632387549185 ], [ -35.786701580887765, -9.696632995052973 ], [ -35.78664628994472, -9.696647787203215 ], [ -35.786603321038768, -9.696695944708798 ], [ -35.7865627217273, -9.69673930213875 ], [ -35.78648330017861, -9.696749509749319 ], [ -35.786442444095876, -9.696761794062979 ], [ -35.786375423559157, -9.696814927981151 ], [ -35.786339780662928, -9.69687497788191 ], [ -35.786297107918912, -9.696958988959159 ], [ -35.786234866043316, -9.697007303198557 ], [ -35.78616521908161, -9.697034164056229 ], [ -35.786083348821435, -9.697039610710736 ], [ -35.786035008629298, -9.697020880650403 ], [ -35.786001142851035, -9.69700442326727 ], [ -35.785984358065498, -9.697014121373979 ], [ -35.785977288709702, -9.697033302070961 ], [ -35.785917297898749, -9.697062474755731 ], [ -35.785859637201327, -9.697082066880302 ], [ -35.785806814463925, -9.697104010054819 ], [ -35.785792754712432, -9.697151932409461 ], [ -35.785766629651, -9.697197562480323 ], [ -35.785704091455045, -9.697210023048333 ], [ -35.785653401364279, -9.697198483247787 ], [ -35.785592976101363, -9.697175070594913 ], [ -35.785489068355339, -9.697137669090624 ], [ -35.785402004668569, -9.697097740188415 ], [ -35.785324636674034, -9.697064903631082 ], [ -35.785247347657986, -9.697041628017919 ], [ -35.785172625690947, -9.697037454730737 ], [ -35.785061845994257, -9.697043136184799 ], [ -35.785023418632044, -9.697057791009208 ], [ -35.78497051684689, -9.697070173100578 ], [ -35.784895696162565, -9.697054048542752 ], [ -35.784818328196138, -9.697021211854192 ], [ -35.784741058931679, -9.697000326356514 ], [ -35.784695305520373, -9.697003088684355 ], [ -35.784671411765693, -9.697027186942947 ], [ -35.784618391532227, -9.697025227525534 ], [ -35.784582077195239, -9.697004009079714 ], [ -35.78454556549454, -9.696958888199429 ], [ -35.784480440491947, -9.696949855938682 ], [ -35.784391441447944, -9.696967312151299 ], [ -35.784324223089051, -9.696996543335192 ], [ -35.784266621437517, -9.697023305944516 ], [ -35.784182598452112, -9.697059844899755 ], [ -35.784103235802952, -9.697077222730274 ], [ -35.784040638279905, -9.69708251227333 ], [ -35.783997057143523, -9.69705657200525 ], [ -35.783955391811745, -9.696970856048319 ], [ -35.783891822496081, -9.696858426029129 ], [ -35.783845990138246, -9.696851627262449 ], [ -35.783843265320456, -9.696813402929324 ], [ -35.783859576633304, -9.696746339048572 ], [ -35.783890599128526, -9.696710230883058 ], [ -35.783926380646996, -9.696666912829418 ], [ -35.783969527616506, -9.696640267751398 ], [ -35.784002978934481, -9.696606530248236 ], [ -35.784077286476958, -9.69656050869907 ], [ -35.784107855080251, -9.696469424915341 ], [ -35.78411204185921, -9.696392897954686 ], [ -35.784114036587773, -9.696342683254962 ], [ -35.784130288649742, -9.696268448649493 ], [ -35.784168479208162, -9.696225111013524 ], [ -35.784218695565869, -9.696179285241012 ], [ -35.784268990841881, -9.696143020439292 ], [ -35.784348215129945, -9.696108910929242 ], [ -35.784459562724855, -9.696026134654522 ], [ -35.784519632513835, -9.696006523212636 ], [ -35.784589417657905, -9.695996394412168 ], [ -35.78463969312147, -9.695957739331526 ], [ -35.784678080929559, -9.695938304094209 ], [ -35.784740382162674, -9.695897160856264 ], [ -35.784795337647239, -9.695841734900837 ], [ -35.784838188383752, -9.695779236123448 ], [ -35.784873989423772, -9.695738308272782 ], [ -35.784921954393248, -9.695711623963653 ], [ -35.784998966753129, -9.695701436353094 ], [ -35.785061425796506, -9.695679415015874 ], [ -35.785138260492083, -9.695647715200019 ], [ -35.785164444806639, -9.695609255908909 ], [ -35.785209645330426, -9.695539566802672 ], [ -35.785262428438863, -9.695512843293026 ], [ -35.785349175824528, -9.695514528489417 ], [ -35.785428834081735, -9.695533004109295 ], [ -35.785467458661167, -9.695542251704243 ], [ -35.785486455104419, -9.695508631640523 ], [ -35.785531833207152, -9.695460454683941 ], [ -35.785641627576346, -9.695408467204237 ], [ -35.78565963660089, -9.695401149580608 ], [ -35.785710069760945, -9.695381616326879 ], [ -35.78574104257131, -9.695339532479862 ], [ -35.785757570652734, -9.695298761276749 ], [ -35.785775352635376, -9.69526395588181 ], [ -35.785795731262539, -9.69525183818533 ], [ -35.785819605082402, -9.695225349663181 ], [ -35.785834928602632, -9.695184588254074 ], [ -35.785855208511215, -9.695160519353413 ], [ -35.785872012967424, -9.695153211517381 ], [ -35.785905631748371, -9.695139790963653 ], [ -35.785915110196797, -9.695120590688207 ], [ -35.785943733092871, -9.695085697145151 ], [ -35.785985833059165, -9.695078183628054 ], [ -35.786007317498459, -9.695054104928825 ], [ -35.786027577643388, -9.695027645783268 ], [ -35.786062420694201, -9.695016605665048 ], [ -35.78609378830339, -9.695022326607878 ], [ -35.786145623357825, -9.695026685917293 ], [ -35.78622515564301, -9.69499346998845 ], [ -35.786244680183607, -9.694987335219746 ], [ -35.786268724245396, -9.694981462498328 ], [ -35.786287352777421, -9.694976231413804 ], [ -35.78630540618424, -9.694974291805559 ], [ -35.786351178995638, -9.694973919582385 ], [ -35.786396833330947, -9.694959205916549 ], [ -35.786420687331606, -9.69493032713169 ], [ -35.786460990324841, -9.694851116180846 ], [ -35.786504050462447, -9.694668199215904 ], [ -35.786514535954154, -9.694625086748667 ], [ -35.786508937814183, -9.694530711480839 ], [ -35.786506015339043, -9.694468584850947 ], [ -35.786488707430799, -9.694414941602551 ], [ -35.786465445910864, -9.694369713165505 ], [ -35.786438659613822, -9.694335270187743 ], [ -35.78637953080549, -9.694286449002867 ], [ -35.786364316038494, -9.694267449521313 ], [ -35.786337564312241, -9.694237189449662 ], [ -35.786318686556179, -9.694212243749373 ], [ -35.786301669914884, -9.694193856514795 ], [ -35.786269433583662, -9.6941558722301 ], [ -35.78618338747372, -9.694239040689288 ], [ -35.786191310795537, -9.694250330667279 ], [ -35.78616503290457, -9.694277436337357 ], [ -35.786132184430635, -9.694238261814801 ], [ -35.786160288882954, -9.694213531696342 ], [ -35.786175982519019, -9.694217587294002 ], [ -35.786244730543338, -9.694154877892894 ], [ -35.786253626428596, -9.694138072757182 ], [ -35.786235444735738, -9.694124475791162 ], [ -35.786179680313879, -9.694081901998743 ], [ -35.786140779528537, -9.694039191081066 ], [ -35.786082586301113, -9.693994246612563 ], [ -35.786034088665765, -9.693956394504452 ], [ -35.785999887645922, -9.693899302945919 ], [ -35.78597510584747, -9.693815840391997 ], [ -35.785969932347307, -9.693772855235457 ], [ -35.785942859926045, -9.69370375370274 ], [ -35.785908737914987, -9.693656223085284 ], [ -35.785850167280046, -9.693565565195202 ], [ -35.785835317986823, -9.693517877886588 ], [ -35.785831270107728, -9.693465321965736 ], [ -35.78584044259307, -9.69340907297066 ], [ -35.785858165305903, -9.693367096876099 ], [ -35.785880706184535, -9.693325081613311 ], [ -35.785918787672564, -9.693268597608224 ], [ -35.785946225662371, -9.693236104138562 ], [ -35.785977227924626, -9.693197605689774 ], [ -35.786018073775011, -9.693184126425416 ], [ -35.786058978839691, -9.693177817878187 ], [ -35.786094937426689, -9.693156011935512 ], [ -35.786133236000872, -9.693125820563942 ], [ -35.78614617998366, -9.693088664119696 ], [ -35.786183664067913, -9.69303278256079 ], [ -35.786200399328393, -9.693017108899193 ], [ -35.786227807660445, -9.69298103005978 ], [ -35.786238431381513, -9.692954649282298 ], [ -35.786256262603622, -9.692925819506719 ], [ -35.786273057077523, -9.692917316563797 ], [ -35.78629580515959, -9.692900398814793 ], [ -35.786307574192016, -9.692866837524415 ], [ -35.786312135723357, -9.692835725233111 ], [ -35.78632991758279, -9.692800919857383 ], [ -35.786342861539474, -9.692763763414639 ], [ -35.78635216226435, -9.692723050991956 ], [ -35.786366350238779, -9.692690665236185 ], [ -35.786389029209232, -9.692665381647203 ], [ -35.786421295137771, -9.692634044111813 ], [ -35.786448851480451, -9.692615892066701 ], [ -35.78647281394403, -9.692600159640229 ], [ -35.786490655003163, -9.692572524982564 ], [ -35.786501387275443, -9.692559290523251 ], [ -35.786526554271035, -9.692543548301254 ], [ -35.786554258662918, -9.692543323047058 ], [ -35.786598875951547, -9.692548936275299 ], [ -35.786644808830147, -9.692567984799082 ], [ -35.786655876718697, -9.692595384403578 ], [ -35.786658502965679, -9.692621657446736 ], [ -35.786658907691951, -9.692670657350627 ], [ -35.786677242308393, -9.692702778665877 ], [ -35.78670384088656, -9.692714514385806 ], [ -35.786754441404433, -9.69271529813655 ], [ -35.786771413543036, -9.692728307326309 ], [ -35.78677408916225, -9.692760555963007 ], [ -35.786773052445341, -9.692780882788876 ], [ -35.78677573793852, -9.692814326544797 ], [ -35.786786934186793, -9.69285726269246 ], [ -35.786801704570152, -9.692895388976311 ], [ -35.786829636046136, -9.692922651438307 ], [ -35.786856382731486, -9.692952313930677 ], [ -35.786870007823936, -9.692997620719446 ], [ -35.786882428381425, -9.693042937301906 ], [ -35.786882714686669, -9.693077595763027 ], [ -35.786885271856796, -9.693095502962395 ], [ -35.786923325947306, -9.693108639496627 ], [ -35.786947564848298, -9.693126370373548 ], [ -35.786967044827598, -9.693151311146636 ], [ -35.787016727182753, -9.693186763092779 ], [ -35.787065056905725, -9.693204298037625 ], [ -35.78709287982101, -9.693218414154222 ], [ -35.787136322271664, -9.693227622438163 ], [ -35.787178491065859, -9.693228474679289 ], [ -35.787230414671043, -9.693243589968922 ], [ -35.787271428294495, -9.693250427589433 ], [ -35.787312382672347, -9.693250094491193 ], [ -35.787340116726831, -9.693253454513878 ], [ -35.787376351686348, -9.693265111784902 ], [ -35.787419784266191, -9.693273124910206 ], [ -35.787460906514433, -9.693293108812098 ], [ -35.787585322285445, -9.693334227563559 ], [ -35.787615504926457, -9.693342348439275 ], [ -35.78767945420509, -9.69335497543052 ], [ -35.787728850240399, -9.693355768808049 ], [ -35.787772243323978, -9.693359001409265 ], [ -35.787809623581083, -9.693363478117869 ], [ -35.787854290338394, -9.693375066737595 ], [ -35.787891789113957, -9.693393884855977 ], [ -35.787925674271484, -9.693412732367257 ], [ -35.787953388578295, -9.693413702098281 ], [ -35.787983511965429, -9.693414652227817 ], [ -35.787994412090377, -9.693421734740371 ], [ -35.788006615525781, -9.693440758634498 ], [ -35.788026174607715, -9.693475260265062 ], [ -35.788060227691268, -9.693514424766505 ], [ -35.788068965671791, -9.693551404827836 ], [ -35.788111100161657, -9.693620981130392 ], [ -35.788127203687033, -9.693674634038363 ], [ -35.78813115315144, -9.693715238650249 ], [ -35.788124459299489, -9.69377983382644 ], [ -35.788107901926203, -9.693817019691902 ], [ -35.788080780248421, -9.693887757067039 ], [ -35.788041534119124, -9.693949031501834 ], [ -35.788006869086331, -9.693981583899607 ], [ -35.78797466251909, -9.694020092286179 ], [ -35.78796654679941, -9.694058404668864 ], [ -35.787953691927356, -9.694106317197988 ], [ -35.787931200708762, -9.694154308128949 ], [ -35.787924299405638, -9.69419380583065 ], [ -35.787927103591848, -9.694241590958352 ], [ -35.787943049106225, -9.694276121982307 ], [ -35.78797236313752, -9.694324886617528 ], [ -35.787997945012386, -9.694359339232168 ], [ -35.788031978455976, -9.694396113474385 ], [ -35.788057313389139, -9.694400688129859 ], [ -35.788097971530888, -9.694364501358187 ], [ -35.788111053580302, -9.69434407654138 ], [ -35.788139468708621, -9.694284085417816 ], [ -35.788139221751152, -9.694254207468299 ], [ -35.788138747595042, -9.694196841805052 ], [ -35.788138401858077, -9.69415501267547 ], [ -35.788137977097641, -9.694103622601839 ], [ -35.788148640175201, -9.694082022270464 ], [ -35.788179691570399, -9.694049499262224 ], [ -35.788195083909507, -9.694017103665477 ], [ -35.788215165997698, -9.693969132331874 ], [ -35.788249821125078, -9.69393538480109 ], [ -35.788291812159507, -9.693914724758072 ], [ -35.788335076879676, -9.693902420734661 ], [ -35.788416084610652, -9.693865606824545 ], [ -35.788459378953007, -9.693856888141465 ], [ -35.788507560611457, -9.693856496069504 ], [ -35.7885437758884, -9.69386576295188 ], [ -35.78857876686601, -9.693872649396889 ], [ -35.788625882295051, -9.693888998754979 ], [ -35.788702015400339, -9.693918259135494 ], [ -35.788755242466102, -9.693945315515373 ], [ -35.788804964597936, -9.693985547584232 ], [ -35.788849829051983, -9.694021038386415 ], [ -35.788889855586405, -9.694054178159295 ], [ -35.788915071916286, -9.694044411348825 ], [ -35.788949815887108, -9.694021419819276 ], [ -35.788993021285883, -9.694001945012861 ], [ -35.789041034962587, -9.693981235869785 ], [ -35.789079432064746, -9.693962995387798 ], [ -35.789109328204177, -9.693936457712264 ], [ -35.789136785612428, -9.693906354292755 ], [ -35.789131591954913, -9.693860979063578 ], [ -35.789113306453828, -9.693834833549982 ], [ -35.789066121860785, -9.693810118444013 ], [ -35.789039374940366, -9.693780456199232 ], [ -35.789023357729661, -9.693737260651337 ], [ -35.789013513908401, -9.693712241620188 ], [ -35.789006049527401, -9.693683617629995 ], [ -35.789003413189867, -9.69365614954271 ], [ -35.788996008096269, -9.69363469625452 ], [ -35.788978986444533, -9.693615711626714 ], [ -35.788948645691029, -9.69358846901225 ], [ -35.788918374104568, -9.693569592214327 ], [ -35.788893039243575, -9.693565017608185 ], [ -35.788849606642259, -9.693557004690359 ], [ -35.788813342002065, -9.693541762246577 ], [ -35.788773443984759, -9.693524158970721 ], [ -35.788743123012317, -9.693499306565787 ], [ -35.7887164255432, -9.693475619867639 ], [ -35.788694575875176, -9.69345547931022 ], [ -35.788665459453938, -9.693430617092837 ], [ -35.788626763346109, -9.693376251677018 ], [ -35.788618756015644, -9.693354803272818 ], [ -35.788608398881557, -9.693340545176937 ], [ -35.78859445776687, -9.693329901838235 ], [ -35.788576246431226, -9.69331271965747 ], [ -35.788558020279268, -9.693293744798799 ], [ -35.788558713823051, -9.693283292274316 ], [ -35.788499824303386, -9.693237817934932 ], [ -35.788466611729419, -9.693212171268616 ], [ -35.787845080262173, -9.692732226228475 ], [ -35.787844477305256, -9.692734221261613 ], [ -35.78785192179933, -9.692760455075307 ], [ -35.787864579480669, -9.692834454428837 ], [ -35.787865231288642, -9.692913332240495 ], [ -35.787865883102171, -9.692992210051731 ], [ -35.787859248429115, -9.693063975945453 ], [ -35.787847617829968, -9.693114268904548 ], [ -35.787821513001319, -9.693162289212999 ], [ -35.787785692840124, -9.693200826963849 ], [ -35.787694404574992, -9.693232644733468 ], [ -35.787602997782351, -9.693250121060315 ], [ -35.787533193698955, -9.693257860055015 ], [ -35.787444037963418, -9.693256194847724 ], [ -35.787354704481942, -9.693233017477592 ], [ -35.787157791704516, -9.693165297461437 ], [ -35.787102205124128, -9.6931442359496 ], [ -35.787022350025161, -9.693101858200631 ], [ -35.786973852479065, -9.693064006217586 ], [ -35.786925098253079, -9.692995081122509 ], [ -35.786902903159486, -9.692933111234771 ], [ -35.786887876079966, -9.692863911855767 ], [ -35.786855669549155, -9.692756605784144 ], [ -35.786840603008699, -9.692682625919851 ], [ -35.786827886325149, -9.692601455746694 ], [ -35.786796074729708, -9.692541954434628 ], [ -35.786747616784588, -9.69250888286687 ], [ -35.786679965204037, -9.692485528952162 ], [ -35.786597740716964, -9.692447951110914 ], [ -35.786510934985351, -9.692439095292979 ], [ -35.786465399415597, -9.692468150316778 ], [ -35.786379422772761, -9.692559684537541 ], [ -35.786348479826188, -9.692605353714297 ], [ -35.786332070306599, -9.69266046633388 ], [ -35.786310842625483, -9.692715618126162 ], [ -35.786289476756991, -9.69275403823926 ], [ -35.786196114842753, -9.692826509283815 ], [ -35.786189282398759, -9.69287437284304 ], [ -35.786187465516761, -9.692946099632756 ], [ -35.786163730023283, -9.692989319811641 ], [ -35.786127850416527, -9.693020686716483 ], [ -35.786089463023018, -9.693040122002966 ], [ -35.786031763487735, -9.69305493348428 ], [ -35.785974024467244, -9.693064964476156 ], [ -35.785834781254152, -9.693124661242628 ], [ -35.785771908241216, -9.693096487517117 ], [ -35.785751688193521, -9.692981912612279 ], [ -35.785751096085207, -9.6929102053815 ], [ -35.785740749236503, -9.692824235033331 ], [ -35.78573020503584, -9.692714362272001 ], [ -35.785670354332595, -9.692468637386924 ], [ -35.785640458634091, -9.692349360292154 ], [ -35.785624820085935, -9.692206063292964 ], [ -35.78562395177233, -9.692100892671572 ], [ -35.785623162404896, -9.692005283015146 ], [ -35.78559310894083, -9.691866883965243 ], [ -35.785567992063157, -9.691742787196537 ], [ -35.785542756820277, -9.691604348970214 ], [ -35.785527039508004, -9.691451490973032 ], [ -35.78550705658008, -9.691365598894102 ], [ -35.785506069989715, -9.691246086806414 ], [ -35.78551499593177, -9.691159959793435 ], [ -35.78555271231523, -9.691059256402845 ], [ -35.78555192305442, -9.690963646734794 ], [ -35.785551812465783, -9.690961370587859 ], [ -35.785459766803115, -9.690890293158008 ], [ -35.785544125536887, -9.690602759385502 ], [ -35.785638593982469, -9.690372513121099 ], [ -35.785752650531556, -9.690180354111275 ], [ -35.785953117438169, -9.689949246441344 ], [ -35.786030900038384, -9.689780758734027 ], [ -35.786032650372022, -9.689768404644132 ], [ -35.786038864221354, -9.689751813474533 ], [ -35.786054072287598, -9.689734886659251 ], [ -35.786082532002098, -9.689720477650736 ], [ -35.786110492857595, -9.689709748399032 ], [ -35.786130524395219, -9.689700133789486 ], [ -35.786131383395642, -9.689675972180577 ], [ -35.786155319081232, -9.68962641819574 ], [ -35.786291299776863, -9.6894567535139 ], [ -35.786651179960096, -9.689396390514691 ], [ -35.786723450532676, -9.689394200665602 ], [ -35.786775301857681, -9.689411891290309 ], [ -35.786806761241898, -9.689446595238314 ], [ -35.786835303595801, -9.689484139255716 ], [ -35.786863845955466, -9.689521683272709 ], [ -35.786883473381629, -9.689584950472113 ], [ -35.786865534277482, -9.689647865482707 ], [ -35.786845005787285, -9.689679214619153 ], [ -35.786818725130743, -9.68970764240699 ], [ -35.786798005490851, -9.689759061668942 ], [ -35.786797623208017, -9.689799201930825 ], [ -35.786817469067238, -9.689839531841514 ], [ -35.786822784335854, -9.689888327774225 ], [ -35.786822183601402, -9.689951405329614 ], [ -35.786842029467024, -9.689991735242431 ], [ -35.78685009793994, -9.690054894077571 ], [ -35.78686969805522, -9.690121028446999 ], [ -35.786883491391912, -9.690189975793308 ], [ -35.786894094619427, -9.690290434826814 ], [ -35.786925199087953, -9.690362411896604 ], [ -35.786964836254704, -9.690448806056427 ], [ -35.787004664580159, -9.69051513008368 ], [ -35.787044520224661, -9.690578586949041 ], [ -35.787078528131822, -9.690649157534663 ], [ -35.787092458030692, -9.690703769080359 ], [ -35.787121000484895, -9.690741313116261 ], [ -35.787187136920842, -9.690776342188757 ], [ -35.787244576835285, -9.690814157140437 ], [ -35.787293347529776, -9.690851890812461 ], [ -35.787336256831814, -9.690898171787371 ], [ -35.78735315843258, -9.690944208941104 ], [ -35.787378947710444, -9.690967390064698 ], [ -35.787407845171828, -9.69096766097362 ], [ -35.787425374776873, -9.690947753375839 ], [ -35.787411144478945, -9.690924680617879 ], [ -35.787385628241474, -9.690872827866617 ], [ -35.787360030097418, -9.690829576604793 ], [ -35.787331596822874, -9.690780563926367 ], [ -35.787299891548962, -9.6907716644366 ], [ -35.78726835010594, -9.690745561968072 ], [ -35.787242478935823, -9.690730982331795 ], [ -35.787207938537968, -9.690716321419115 ], [ -35.787193817483143, -9.690681780009673 ], [ -35.787168355901017, -9.690624192933402 ], [ -35.787096767676672, -9.690554703735351 ], [ -35.787048160880857, -9.690499767082867 ], [ -35.787016837931688, -9.690450727308733 ], [ -35.786988677790823, -9.690373043007313 ], [ -35.786954601649107, -9.690309640331652 ], [ -35.786937782031046, -9.690255001699034 ], [ -35.786929774986952, -9.690185391745544 ], [ -35.786910366000505, -9.690099187241957 ], [ -35.786885286767387, -9.69000145990802 ], [ -35.786868630995336, -9.689929618309328 ], [ -35.786881370899884, -9.689805721931855 ], [ -35.786908197660964, -9.689719950902539 ], [ -35.786949063504977, -9.689677322751509 ], [ -35.787010184777458, -9.689632017063605 ], [ -35.787036492718045, -9.689600722091544 ], [ -35.787097313636067, -9.689586955166455 ], [ -35.787120568017215, -9.689572836069669 ], [ -35.787146848641619, -9.689544408246835 ], [ -35.787179270477424, -9.68947804469231 ], [ -35.787205714897233, -9.689432413884198 ], [ -35.787217683346626, -9.689389514794758 ], [ -35.787244182353049, -9.689338149653784 ], [ -35.787268010021926, -9.689263820116926 ], [ -35.787300697966884, -9.689169501693542 ], [ -35.787318609642853, -9.689109453787356 ], [ -35.78733365887895, -9.689046511628721 ], [ -35.787386636290158, -9.688945931665968 ], [ -35.787413135218017, -9.688894566491213 ], [ -35.787422268469562, -9.688845905966955 ], [ -35.787445850354729, -9.688797380864028 ], [ -35.787449149545075, -9.688754400494918 ], [ -35.787458419267324, -9.688691404148424 ], [ -35.787479084106607, -9.688645719117387 ], [ -35.78752292134115, -9.688594516422395 ], [ -35.787555145066264, -9.688548939714062 ], [ -35.787587593969633, -9.688479708896724 ], [ -35.787596781757102, -9.68842531402697 ], [ -35.787614829776793, -9.688350930252746 ], [ -35.787638438875064, -9.68829953795106 ], [ -35.787676523876435, -9.688245413886184 ], [ -35.787743287750601, -9.688214497932808 ], [ -35.787778264657817, -9.688183284084447 ], [ -35.787833387744278, -9.688160861280993 ], [ -35.787888592701634, -9.688129836971532 ], [ -35.787900397220852, -9.688104140802212 ], [ -35.78794405691837, -9.688071574581528 ], [ -35.787976144071756, -9.688040333623759 ], [ -35.788019844690503, -9.688003466640295 ], [ -35.788069297455017, -9.687969520967387 ], [ -35.788113079924059, -9.687924052468912 ], [ -35.788136607039007, -9.687881261594546 ], [ -35.788168939754854, -9.687824216114958 ], [ -35.788204080313996, -9.687775799201455 ], [ -35.788250861608347, -9.68771888908198 ], [ -35.788309092619528, -9.687673555911889 ], [ -35.788338453699936, -9.687625084824738 ], [ -35.78838239980066, -9.687562413266409 ], [ -35.788414541434321, -9.687525437904981 ], [ -35.788438013902514, -9.687488381320863 ], [ -35.788464376083816, -9.687451351805581 ], [ -35.788479370377061, -9.687394143831872 ], [ -35.78850575982856, -9.687354247142585 ], [ -35.788535066275145, -9.687311510353465 ], [ -35.788663018725309, -9.687228120027219 ], [ -35.788749873953975, -9.687211729106902 ], [ -35.788801970721558, -9.687203614843398 ], [ -35.788894550823059, -9.687193012355019 ], [ -35.788940786314079, -9.687193445436815 ], [ -35.788969874457266, -9.687173645932878 ], [ -35.788981978926358, -9.687116410837703 ], [ -35.788993946990857, -9.687073511581728 ], [ -35.788988658586767, -9.687021848420661 ], [ -35.78900662430916, -9.686956065949323 ], [ -35.78905348718007, -9.686890554132077 ], [ -35.789111636114619, -9.686853822248265 ], [ -35.789172483813118, -9.68683718759622 ], [ -35.789242218869759, -9.68679769677134 ], [ -35.789280085213655, -9.686766509738694 ], [ -35.789318278859803, -9.686700916669198 ], [ -35.789388177525375, -9.686644222783313 ], [ -35.789440246942689, -9.686638975558663 ], [ -35.789483756312158, -9.686622178463068 ], [ -35.789544631241846, -9.686602676555367 ], [ -35.789597027933596, -9.686563023263997 ], [ -35.789646534899568, -9.686523342900925 ], [ -35.789664227725382, -9.686486232045539 ], [ -35.789702162180319, -9.686447877015999 ], [ -35.789748643047609, -9.686422505421932 ], [ -35.789780538985497, -9.686411334381576 ], [ -35.78980676457688, -9.686388640539258 ], [ -35.789888058346271, -9.686349257758929 ], [ -35.789937810675511, -9.686283772793011 ], [ -35.789981429064404, -9.686255506926479 ], [ -35.790079979264902, -9.686224887932896 ], [ -35.790254234593164, -9.686134761696488 ], [ -35.79036131756888, -9.686118559623417 ], [ -35.790454088300294, -9.686087886392976 ], [ -35.790570031253715, -9.686051695191452 ], [ -35.790715062158604, -9.685995704223192 ], [ -35.791019136296164, -9.685929732073086 ], [ -35.79112635553539, -9.685899193855409 ], [ -35.791233492994095, -9.685877257122073 ], [ -35.79133190679611, -9.685860973570044 ], [ -35.791424650191374, -9.685833167199977 ], [ -35.791494194105354, -9.685813745990417 ], [ -35.791563819777615, -9.685785723237037 ], [ -35.79164173303667, -9.685797922050723 ], [ -35.791710922762348, -9.685815774072459 ], [ -35.791769521777553, -9.685818176829871 ], [ -35.791812833483966, -9.685829820730831 ], [ -35.79186795747394, -9.68583176138095 ], [ -35.791920128393024, -9.685829820730824 ], [ -35.792004783091919, -9.685813325204366 ], [ -35.792061345135899, -9.685805102462577 ], [ -35.792093880979408, -9.685792541425492 ], [ -35.792141975340215, -9.685780125952439 ], [ -35.792175635729215, -9.685769143056589 ], [ -35.792181770305099, -9.685752594532941 ], [ -35.792196328719236, -9.685730194136569 ], [ -35.79225785536358, -9.685671462912531 ], [ -35.792301136084241, -9.685645772812618 ], [ -35.792338372402682, -9.685627142980747 ], [ -35.792372000113716, -9.685610851658469 ], [ -35.792426027738337, -9.68558644821492 ], [ -35.792471744229985, -9.685556036323151 ], [ -35.79249605986093, -9.685513266312732 ], [ -35.792517621314516, -9.685508723466445 ], [ -35.792531999373516, -9.685505299557368 ], [ -35.792548655439958, -9.685513758332398 ], [ -35.792561770525097, -9.685517439432235 ], [ -35.792582136625299, -9.685512885399554 ], [ -35.792591845967181, -9.685497556438602 ], [ -35.792587222329416, -9.685480907261251 ], [ -35.792601769434761, -9.685459692866983 ], [ -35.792647283043941, -9.685450629519885 ], [ -35.792693901850782, -9.68545106560531 ], [ -35.792732277143841, -9.68543837705935 ], [ -35.792774204689913, -9.685429280148973 ], [ -35.792814970688283, -9.685416613954509 ], [ -35.79285467655717, -9.685389704184253 ], [ -35.792878797744066, -9.685367393186375 ], [ -35.792918379648931, -9.685353529762528 ], [ -35.792982976655843, -9.685349092876045 ], [ -35.793053603958903, -9.685339078222936 ], [ -35.793107530108486, -9.685325348935898 ], [ -35.793156607233684, -9.685318691116311 ], [ -35.793209225351653, -9.685316810959311 ], [ -35.793259373891836, -9.685323210665329 ], [ -35.793306015243537, -9.685321274596044 ], [ -35.79335865590258, -9.685317022349926 ], [ -35.793394448932766, -9.685324473920181 ], [ -35.793426633368682, -9.685334264016689 ], [ -35.793457678786147, -9.685338112766322 ], [ -35.793488679138974, -9.68534670564601 ], [ -35.793534068816186, -9.6853506885336 ], [ -35.793555652798709, -9.685343773547519 ], [ -35.793577191715762, -9.685341602692835 ], [ -35.793617766179779, -9.685349098955719 ], [ -35.793657212888171, -9.685349467836117 ], [ -35.793687141822701, -9.685345003154431 ], [ -35.793712323135153, -9.685336935657929 ], [ -35.793738654739101, -9.685333623470799 ], [ -35.793756539999755, -9.685338535271544 ], [ -35.793775643147271, -9.685341086182278 ], [ -35.793794847684758, -9.685332962790426 ], [ -35.793806857561243, -9.685327144398849 ], [ -35.79383677523068, -9.685323865736322 ], [ -35.793882097333118, -9.685334964779758 ], [ -35.79391907448462, -9.685343613510476 ], [ -35.793950164982938, -9.685342718082746 ], [ -35.79397059866924, -9.685331047755632 ], [ -35.793992126326536, -9.685330062907454 ], [ -35.794008759916217, -9.68534089368802 ], [ -35.794021751117796, -9.685357621106476 ], [ -35.79404203836387, -9.685361369213981 ], [ -35.794063577288966, -9.685359198328021 ], [ -35.794085082420764, -9.685360585542208 ], [ -35.794102956429263, -9.685366683360819 ], [ -35.794118327083837, -9.685384619164498 ], [ -35.79413606592238, -9.685404949388852 ], [ -35.794159815334275, -9.685421777393531 ], [ -35.794194401800048, -9.685430403746867 ], [ -35.794237288175061, -9.685446224534971 ], [ -35.79426948393585, -9.685454828529702 ], [ -35.794300484343211, -9.685463421345899 ], [ -35.79433149601676, -9.685470828125688 ], [ -35.794373367270076, -9.685467661177661 ], [ -35.794399721421819, -9.685461976872469 ], [ -35.794430766890578, -9.685465825541167 ], [ -35.794455768000063, -9.685476734535595 ], [ -35.794485550536791, -9.68548768823033 ], [ -35.794510664282278, -9.685486736878444 ], [ -35.794546524972318, -9.685487072135867 ], [ -35.794578878434777, -9.685479071623432 ], [ -35.794610126642446, -9.685461571656855 ], [ -35.794644893340688, -9.685451221417752 ], [ -35.794679592462835, -9.685447987381663 ], [ -35.794714212748751, -9.685453055583865 ], [ -35.794733304664881, -9.68545679248013 ], [ -35.794759602507547, -9.685457038318139 ], [ -35.794778818309048, -9.685447728830935 ], [ -35.794811171769098, -9.685439728293515 ], [ -35.79482798559404, -9.685431582489063 ], [ -35.794847167607557, -9.685425831101144 ], [ -35.79487104095228, -9.685429612685965 ], [ -35.794897259964308, -9.685438160756281 ], [ -35.794929523331298, -9.68543964848512 ], [ -35.794942649731269, -9.68544214346633 ], [ -35.794965338985129, -9.685444727836671 ], [ -35.79498082231509, -9.68545080326858 ], [ -35.795005896653507, -9.685454003001228 ], [ -35.795026566818485, -9.685417425867703 ], [ -35.795031483379923, -9.685403238142007 ], [ -35.795032870176989, -9.685383086721167 ], [ -35.795029419241637, -9.685368820781623 ], [ -35.795013958435824, -9.685360373282958 ], [ -35.795009267099921, -9.685350840309837 ], [ -35.79500936845097, -9.685340165995459 ], [ -35.794999873167477, -9.685332960398563 ], [ -35.794992701029436, -9.685332893357915 ], [ -35.794981931561168, -9.685333978831533 ], [ -35.794976011086192, -9.685327992789549 ], [ -35.794976101176736, -9.685318504510422 ], [ -35.79498576537835, -9.685307919584124 ], [ -35.794990693199438, -9.685292545824048 ], [ -35.79499323030759, -9.685277149716981 ], [ -35.794996996554879, -9.685258206678391 ], [ -35.795006717059273, -9.685241691576044 ], [ -35.795023553393264, -9.685231173687296 ], [ -35.79504272413353, -9.685226608318555 ], [ -35.795060710778486, -9.68522084574051 ], [ -35.795075167659242, -9.685209119467126 ], [ -35.795090853677323, -9.685193846260686 ], [ -35.795113689308224, -9.685181012160397 ], [ -35.795137731554213, -9.685167003195691 ], [ -35.795156936072559, -9.685158879713526 ], [ -35.795184586904291, -9.685142532192106 ], [ -35.795208572844317, -9.685134453396438 ], [ -35.795232570043865, -9.685125188563513 ], [ -35.795244636204103, -9.685113439934952 ], [ -35.795255507007681, -9.685101680133394 ], [ -35.795273654100207, -9.685079016538397 ], [ -35.795285675217585, -9.685072012048453 ], [ -35.795295238063687, -9.685072101425408 ], [ -35.795305962486069, -9.685075760080057 ], [ -35.795309480994305, -9.685082909808026 ], [ -35.795310608790949, -9.685090037191911 ], [ -35.79532252857004, -9.685093707018341 ], [ -35.795332046377901, -9.685098540535771 ], [ -35.795336737723204, -9.685108073506386 ], [ -35.795334189373897, -9.685124655656931 ], [ -35.795338801900613, -9.685142490874936 ], [ -35.795350676642812, -9.685150904842454 ], [ -35.795356507046151, -9.68516637916192 ], [ -35.795358740121323, -9.685183006000798 ], [ -35.795356270590098, -9.685191285904184 ], [ -35.795351444125679, -9.685195985357394 ], [ -35.795337111110413, -9.685194665257177 ], [ -35.795332262125896, -9.685201736780652 ], [ -35.795327356841383, -9.685214738480541 ], [ -35.795322417776383, -9.685231298286139 ], [ -35.795322293916371, -9.685244344674464 ], [ -35.795324526989042, -9.685260971513113 ], [ -35.795347114902803, -9.685274230173121 ], [ -35.795360362349051, -9.685263975257314 ], [ -35.795363057078625, -9.685231974647065 ], [ -35.795365537870161, -9.685222508708316 ], [ -35.795373905364876, -9.685222586912438 ], [ -35.795379938445755, -9.685216712595553 ], [ -35.795382396717081, -9.685209618727235 ], [ -35.795382509314585, -9.685197758373503 ], [ -35.795386298058446, -9.685176443252455 ], [ -35.795394834447166, -9.685158730924833 ], [ -35.795406866826404, -9.685150540395338 ], [ -35.795417658810742, -9.68514708283516 ], [ -35.795427322995884, -9.685136497890259 ], [ -35.795438306390523, -9.685112877726644 ], [ -35.795450473879832, -9.685090454769188 ], [ -35.795462585070624, -9.685073961988165 ], [ -35.795479500202291, -9.685055141821117 ], [ -35.795491667685994, -9.685032718860603 ], [ -35.795506124547494, -9.685020992561487 ], [ -35.795526546928109, -9.685010508153184 ], [ -35.795536177328593, -9.685003481309462 ], [ -35.795542289214985, -9.684989304738442 ], [ -35.795559159302272, -9.684975228706977 ], [ -35.795567650639498, -9.684962260512714 ], [ -35.795578543946071, -9.684948128624372 ], [ -35.79559301205984, -9.684935216283755 ], [ -35.795613411916158, -9.684927103939007 ], [ -35.795649376726629, -9.684916468231782 ], [ -35.795686489043689, -9.68491088434252 ], [ -35.795704531961384, -9.684899191542719 ], [ -35.795721345747829, -9.6848910456785 ], [ -35.795733321820478, -9.684888785310809 ], [ -35.795744080021258, -9.684888885843975 ], [ -35.795757240191534, -9.684887822681526 ], [ -35.795768043424609, -9.684883179070548 ], [ -35.795783639338062, -9.684877394104003 ], [ -35.79579559289467, -9.684877505805611 ], [ -35.795811143776341, -9.684876464981176 ], [ -35.795825555591456, -9.684869482806391 ], [ -35.795837565437047, -9.684863664326812 ], [ -35.795861506323703, -9.684860329617656 ], [ -35.795877124750945, -9.68485217257404 ], [ -35.795891525306864, -9.684846376431699 ], [ -35.795907121218121, -9.684840591458299 ], [ -35.795922683356785, -9.684838364592103 ], [ -35.79594417724455, -9.684840937717285 ], [ -35.795960799651709, -9.68485295445174 ], [ -35.795976282990644, -9.684859029835808 ], [ -35.795984650481394, -9.684859108022128 ], [ -35.7959930517438, -9.684855628099903 ], [ -35.79600150929187, -9.684846217996832 ], [ -35.796008703940942, -9.684843912940813 ], [ -35.796019450886114, -9.684845199501018 ], [ -35.796032543514961, -9.684851252544103 ], [ -35.796044452045528, -9.684856108381428 ], [ -35.796052706966826, -9.684868046927868 ], [ -35.796068145281566, -9.684878866453335 ], [ -35.796076501516623, -9.684880130673763 ], [ -35.796083741194103, -9.684873081471391 ], [ -35.796099303335801, -9.684870854597273 ], [ -35.796112418481513, -9.684874535565573 ], [ -35.796123210456123, -9.684871077977922 ], [ -35.796139956697388, -9.684870048307111 ], [ -35.796145910964285, -9.684872476224287 ], [ -35.796157740701901, -9.684885634312518 ], [ -35.796170754539958, -9.684899989605842 ], [ -35.796198123910798, -9.684913292888291 ], [ -35.796214825129233, -9.684917007359893 ], [ -35.796232687935323, -9.684924291108597 ], [ -35.796254136811633, -9.684931608362465 ], [ -35.796286343897371, -9.68493902613193 ], [ -35.796312450384761, -9.684959434458072 ], [ -35.796327877458744, -9.684971440012271 ], [ -35.796344511146714, -9.684982270697981 ], [ -35.79636236270477, -9.684990740478455 ], [ -35.796385085738976, -9.684989766638735 ], [ -35.796404200191382, -9.684991131366239 ], [ -35.796426799412167, -9.685003203926389 ], [ -35.796442192725983, -9.685018767587252 ], [ -35.796453988714418, -9.685035483780441 ], [ -35.79646347278014, -9.685043875381046 ], [ -35.796475313793316, -9.685055847427465 ], [ -35.796491899654939, -9.685071718764721 ], [ -35.796509649922328, -9.685090862870455 ], [ -35.796528651827096, -9.685104087960179 ], [ -35.796547642477982, -9.685118499086052 ], [ -35.796565415262123, -9.685135271117133 ], [ -35.796574854311636, -9.685148406863503 ], [ -35.796584282106338, -9.685162728646601 ], [ -35.796597239697427, -9.68518301411674 ], [ -35.796618632326769, -9.685196261539604 ], [ -35.796635299803505, -9.685203534107124 ], [ -35.796651911004652, -9.685216736858326 ], [ -35.796663707009579, -9.685233453049733 ], [ -35.796677916242096, -9.685247819502274 ], [ -35.796690930117734, -9.685262174787178 ], [ -35.79670863257175, -9.68528635954619 ], [ -35.79673118680585, -9.685303176243709 ], [ -35.796746512616764, -9.685325856121347 ], [ -35.796761872194693, -9.685344977887992 ], [ -35.796777254284329, -9.685361727580517 ], [ -35.796795060857661, -9.685374941496265 ], [ -35.796811638308988, -9.685391702355437 ], [ -35.796826941618718, -9.685416754306491 ], [ -35.796839842957624, -9.685442969960324 ], [ -35.796845605908814, -9.685465560500241 ], [ -35.796857401930211, -9.685482276690614 ], [ -35.79687870455146, -9.685505012403221 ], [ -35.796897627711807, -9.685526539744203 ], [ -35.796916607148312, -9.685542136899175 ], [ -35.796935547195147, -9.685561885183718 ], [ -35.796944963759543, -9.685577393002424 ], [ -35.796956703515647, -9.685600039378066 ], [ -35.796970879010999, -9.685617963938807 ], [ -35.796979077709018, -9.685635832665055 ], [ -35.796984818160055, -9.685660795280873 ], [ -35.796994110927173, -9.685689349509206 ], [ -35.797004644073873, -9.685713170755712 ], [ -35.797017635469729, -9.685729898112609 ], [ -35.7970281911279, -9.685751347284786 ], [ -35.797050722899257, -9.685770536050592 ], [ -35.797066127529071, -9.685784913666051 ], [ -35.797074359997609, -9.685799224280899 ], [ -35.797077754752131, -9.685819420415349 ], [ -35.797079909127902, -9.685844349532372 ], [ -35.797089314449352, -9.685861043388883 ], [ -35.797104741593252, -9.685873048929759 ], [ -35.797123766075167, -9.6858839019329 ], [ -35.797147436949373, -9.685909032050429 ], [ -35.797163935660919, -9.685934095167998 ], [ -35.797173295970929, -9.685955533173916 ], [ -35.797181517192321, -9.685971029826284 ], [ -35.797188391119377, -9.686002526817379 ], [ -35.797208453412473, -9.686029995509839 ], [ -35.797225019658228, -9.686047942402894 ], [ -35.797247551459343, -9.686067131165446 ], [ -35.797261636952022, -9.686094544025067 ], [ -35.797278056899138, -9.686127909405212 ], [ -35.797292108633101, -9.686158880377725 ], [ -35.797307378239324, -9.686187490441709 ], [ -35.797314415362116, -9.686201789890559 ], [ -35.797331001315342, -9.686217661217105 ], [ -35.797347488796966, -9.68624391037231 ], [ -35.797360468971902, -9.686261823765422 ], [ -35.797368622681923, -9.686284436643955 ], [ -35.797372051212633, -9.686301074669396 ], [ -35.797368217534888, -9.686327133998061 ], [ -35.797371567286461, -9.686352074286948 ], [ -35.797383284577769, -9.686377092740246 ], [ -35.797396298520141, -9.686391448021245 ], [ -35.797410395285929, -9.686417674844908 ], [ -35.797406651639605, -9.686434245873187 ], [ -35.797396863652096, -9.686457877295375 ], [ -35.797394281604667, -9.686478017602401 ], [ -35.797402514097044, -9.686492328218792 ], [ -35.797423766164151, -9.686520401098209 ], [ -35.797453346389851, -9.686552703273351 ], [ -35.797479363038036, -9.686582599873605 ], [ -35.797494553892278, -9.686619512204125 ], [ -35.797502662597097, -9.686646869235711 ], [ -35.797509440890131, -9.686688447554324 ], [ -35.797514945040426, -9.686738316971287 ], [ -35.797531094929198, -9.6868001472629 ], [ -35.797548665267115, -9.686838267966031 ], [ -35.797567543513267, -9.686864539457661 ], [ -35.797577983870013, -9.686898145522024 ], [ -35.797582551502778, -9.686920724905569 ], [ -35.797583454261826, -9.68695157305519 ], [ -35.797587864336926, -9.686990756968493 ], [ -35.797587639254132, -9.687014477724935 ], [ -35.797608643768328, -9.687068643440234 ], [ -35.797628683630613, -9.6870984842138 ], [ -35.797642780429236, -9.687124711042316 ], [ -35.797649705034203, -9.687150870873337 ], [ -35.797654205145307, -9.687180566485642 ], [ -35.797652615884189, -9.687222066645289 ], [ -35.797648782193363, -9.687248125979531 ], [ -35.797650936587154, -9.687273055107754 ], [ -35.797650767773426, -9.687290845675898 ], [ -35.797660060602723, -9.687319399916476 ], [ -35.797666973953945, -9.687346745786524 ], [ -35.797670287137628, -9.687375540704759 ], [ -35.797678418364804, -9.687400525665813 ], [ -35.797692548935736, -9.68742319438347 ], [ -35.797698289430734, -9.687448157011945 ], [ -35.79768971365683, -9.687470020548062 ], [ -35.797670373950062, -9.687492376603332 ], [ -35.797661837563197, -9.687510089005198 ], [ -35.79766640519685, -9.687532668391436 ], [ -35.797666225124807, -9.687551644997455 ], [ -35.797656504622431, -9.687568160194008 ], [ -35.797643186762031, -9.68758582792745 ], [ -35.797638157689661, -9.687611876092721 ], [ -35.797635541860515, -9.68763557451574 ], [ -35.797625798843598, -9.687654461785737 ], [ -35.797630456511726, -9.687667552869542 ], [ -35.797635057906184, -9.687686574142536 ], [ -35.797630062593662, -9.687709064193388 ], [ -35.797620285808357, -9.687731509575812 ], [ -35.797604453396652, -9.687762201386498 ], [ -35.797594631587003, -9.687789390918185 ], [ -35.797591981984191, -9.687816647452552 ], [ -35.79758216017062, -9.687843836982973 ], [ -35.79757001514951, -9.687863887951382 ], [ -35.797561422466011, -9.687887530534324 ], [ -35.797537138042962, -9.687927039448002 ], [ -35.797513050585053, -9.687945792698823 ], [ -35.797498469795393, -9.687970565477309 ], [ -35.797491027448345, -9.687998963374222 ], [ -35.797493136794053, -9.688028636650881 ], [ -35.797500005103572, -9.68806072667426 ], [ -35.797498528341571, -9.688090366447543 ], [ -35.797489935642666, -9.688114009024943 ], [ -35.797498066854999, -9.68813899399084 ], [ -35.797490714546392, -9.688157903585264 ], [ -35.797485831766487, -9.688168533251917 ], [ -35.797473686722739, -9.68818858421097 ], [ -35.797468697009805, -9.688210481234258 ], [ -35.797477989821957, -9.688239035481699 ], [ -35.797486154801263, -9.688260462335544 ], [ -35.797493135667501, -9.688280691983776 ], [ -35.797489346950201, -9.688302007156558 ], [ -35.797481994634616, -9.688320916749328 ], [ -35.797485355622655, -9.688344671006138 ], [ -35.797497027920343, -9.688374433628626 ], [ -35.797501527998421, -9.688404129242064 ], [ -35.79750483270621, -9.688433813687432 ], [ -35.797505698834314, -9.688468516456274 ], [ -35.797511383026063, -9.688499409276041 ], [ -35.797514710245345, -9.688526721646474 ], [ -35.797513301006596, -9.688549245193132 ], [ -35.797508176207636, -9.688585374667184 ], [ -35.797504274918133, -9.688618550215164 ], [ -35.797513500195457, -9.688654220691415 ], [ -35.797504918726567, -9.688676677226653 ], [ -35.797485713993453, -9.688684800792888 ], [ -35.797473749025741, -9.688685875144273 ], [ -35.797467738400513, -9.688689377413725 ], [ -35.79746646423343, -9.688697668507995 ], [ -35.797471144408973, -9.688708387520819 ], [ -35.797486459104015, -9.688732253464977 ], [ -35.797483741920836, -9.688766626217495 ], [ -35.797478645249555, -9.688799790594738 ], [ -35.797470041258329, -9.688824619202123 ], [ -35.797467402866978, -9.688850689690717 ], [ -35.797465903562397, -9.688882701535771 ], [ -35.797458368298457, -9.688920884233031 ], [ -35.797458019334954, -9.688957651396708 ], [ -35.797452866367372, -9.68899674595912 ], [ -35.79745373528683, -9.689031152216504 ], [ -35.797454615462364, -9.689064372436333 ], [ -35.797450804203578, -9.689088059679312 ], [ -35.79745180820543, -9.689108233486317 ], [ -35.797462420216689, -9.689123752496856 ], [ -35.797471870627298, -9.689135702225563 ], [ -35.797480080637527, -9.689152384935289 ], [ -35.797479878010165, -9.689173733611133 ], [ -35.797474938919159, -9.689190293459971 ], [ -35.79746522959281, -9.689205622594011 ], [ -35.797450817574173, -9.689212604787611 ], [ -35.797421965392196, -9.689229534266106 ], [ -35.797415595087251, -9.689268006361248 ], [ -35.797437092919104, -9.68926626963685 ], [ -35.797440979883156, -9.689268243554588 ], [ -35.797448551530543, -9.689293503082634 ], [ -35.797446433350778, -9.689310921676434 ], [ -35.797442325714904, -9.689332196877624 ], [ -35.797435732107388, -9.689409639203335 ], [ -35.79743521720016, -9.689463887147033 ], [ -35.797422857493082, -9.689531587599628 ], [ -35.797416033987183, -9.689633247752775 ], [ -35.797432596643333, -9.68973997042893 ], [ -35.797424215828201, -9.689799957664455 ], [ -35.797420433292395, -9.689992713352783 ], [ -35.797433329648214, -9.6900742129944 ], [ -35.797442568917191, -9.690129520885096 ], [ -35.797436251099242, -9.690177901805603 ], [ -35.79744562829859, -9.690218678998319 ], [ -35.797462761055328, -9.69026534146027 ], [ -35.797468122545432, -9.690317706718396 ], [ -35.797460035947438, -9.69034669512641 ], [ -35.797461675980202, -9.690379649624505 ], [ -35.797469174062137, -9.690412658865313 ], [ -35.797466945509662, -9.690441702015418 ], [ -35.797456777481457, -9.690484234159939 ], [ -35.797464054863951, -9.690540492519187 ], [ -35.79747326653866, -9.690598706553292 ], [ -35.797484449289712, -9.690655001409397 ], [ -35.797503369215391, -9.690719118964092 ], [ -35.797521460727005, -9.690819074349445 ], [ -35.797546625279246, -9.690904705225854 ], [ -35.797566717612128, -9.690919230220421 ], [ -35.797600605598639, -9.691002702843241 ], [ -35.797614292380331, -9.691083119240625 ], [ -35.797630896157315, -9.691160695452563 ], [ -35.797630460669751, -9.691206570523034 ], [ -35.797638476768064, -9.691275464144852 ], [ -35.797646465646807, -9.691347224959264 ], [ -35.797654699489684, -9.691393181046887 ], [ -35.797677355011537, -9.691442139355075 ], [ -35.797714051164846, -9.691534240572244 ], [ -35.797727710736879, -9.691617524170798 ], [ -35.797750148528401, -9.69168942001912 ], [ -35.797784458465017, -9.691728451180396 ], [ -35.79780962274296, -9.691817577190157 ], [ -35.79784648225364, -9.691892475261906 ], [ -35.797894683170725, -9.691990418895729 ], [ -35.797903025908823, -9.692024906221786 ], [ -35.797922655608822, -9.692088173494916 ], [ -35.797942394184993, -9.692139971998595 ], [ -35.797987705359176, -9.692237888632944 ], [ -35.798024619366934, -9.692307052325821 ], [ -35.798047383839787, -9.692344541872826 ], [ -35.798055644938302, -9.692387630781109 ], [ -35.798080972593802, -9.69245955364921 ], [ -35.798106517997795, -9.692508538974462 ], [ -35.798129119181873, -9.692563231681442 ], [ -35.798131736795135, -9.692591930617121 ], [ -35.798128710915584, -9.692606239577538 ], [ -35.798108509598912, -9.692603183349119 ], [ -35.798112489420681, -9.692639823097894 ], [ -35.798118803650958, -9.692669324328412 ], [ -35.79814223446273, -9.692703859167583 ], [ -35.79816554331984, -9.692684004855751 ], [ -35.79818877052189, -9.692672752121123 ], [ -35.798211535028031, -9.692710241670339 ], [ -35.798260008279925, -9.692779513386474 ], [ -35.798313988966179, -9.692877511045634 ], [ -35.798370859471866, -9.692975535709865 ], [ -35.798436589906707, -9.693053571028916 ], [ -35.798462135387979, -9.693102556357312 ], [ -35.798473150243794, -9.693160008250345 ], [ -35.798541988256751, -9.69321513301842 ], [ -35.798573395003416, -9.693255570770935 ], [ -35.798581656157694, -9.693298659693408 ], [ -35.798601367641936, -9.693353325405642 ], [ -35.798681764909986, -9.693408558177165 ], [ -35.798750385288194, -9.693486620487318 ], [ -35.798921432903441, -9.693734819355564 ], [ -35.799101395075979, -9.693957294457901 ], [ -35.799121133871481, -9.694009092982299 ], [ -35.799173410202187, -9.694058328065264 ], [ -35.799224936883981, -9.694110423590955 ], [ -35.79923897772624, -9.694153566529252 ], [ -35.799258634908739, -9.694213966643675 ], [ -35.799301492199149, -9.694265981169115 ], [ -35.799361851628184, -9.694300954512048 ], [ -35.799387397302112, -9.694349939842017 ], [ -35.79940443682527, -9.694381640996721 ], [ -35.799438896845636, -9.694404902556165 ], [ -35.799496312083889, -9.694445583281905 ], [ -35.799530608851157, -9.694486048016396 ], [ -35.799533090492027, -9.694529082965373 ], [ -35.799561743703208, -9.69455515771968 ], [ -35.799593368363766, -9.694572657880443 ], [ -35.799642223057354, -9.694601788813959 ], [ -35.799688242369108, -9.694625158351496 ], [ -35.799768939442174, -9.694648851848068 ], [ -35.799840722209495, -9.694698269118497 ], [ -35.799895329369548, -9.694730321218836 ], [ -35.799976053704206, -9.694751147481263 ], [ -35.800062503268904, -9.694777762113494 ], [ -35.800169414291254, -9.694856182006191 ], [ -35.800206709830235, -9.694885204911412 ], [ -35.800226476031163, -9.694934136243168 ], [ -35.800240353775024, -9.694994482382603 ], [ -35.800288800507424, -9.695066621241901 ], [ -35.800331603652168, -9.695124370119764 ], [ -35.800359848889634, -9.695193452826398 ], [ -35.800359386381857, -9.695242195208021 ], [ -35.800384687394704, -9.69531698532152 ], [ -35.800424573550501, -9.695377574407967 ], [ -35.8004557630478, -9.69544094971396 ], [ -35.800492623374112, -9.695515847803778 ], [ -35.800512144774494, -9.69559058393634 ], [ -35.800534447177604, -9.695676815860784 ], [ -35.80055625987201, -9.695814657375848 ], [ -35.800549963298323, -9.695869080176731 ], [ -35.800537914274727, -9.695920581789805 ], [ -35.800522975418708, -9.695972056407056 ], [ -35.80051384341651, -9.696020717811505 ], [ -35.800519024507793, -9.696083850183074 ], [ -35.800587509739913, -9.696176248423267 ], [ -35.800664963767339, -9.696237188446984 ], [ -35.800679059226617, -9.696274597010122 ], [ -35.800701878590097, -9.696306352154879 ], [ -35.800727859851186, -9.696309462295103 ], [ -35.800747871010252, -9.696332588846101 ], [ -35.80077044766923, -9.696342253055164 ], [ -35.800794956859171, -9.696367032528375 ], [ -35.800848473818576, -9.696416633491971 ], [ -35.800926627052725, -9.696477623902558 ], [ -35.801060229008087, -9.696621711313878 ], [ -35.801135667215163, -9.696731777441409 ], [ -35.801256561915835, -9.697029745058195 ], [ -35.801362643367412, -9.697229372128559 ], [ -35.801451005833762, -9.697399819421415 ], [ -35.801558976812899, -9.697637405918487 ], [ -35.801661004591992, -9.69779012589629 ], [ -35.801775214275622, -9.69802219100044 ], [ -35.801830388078045, -9.698134299749912 ], [ -35.802074243495113, -9.698512647160833 ], [ -35.802269354398661, -9.698753279338835 ], [ -35.802373843754744, -9.698883703585803 ], [ -35.802460529277603, -9.698993874734306 ], [ -35.802549845219218, -9.69906389676699 ], [ -35.802616625797306, -9.699138172097827 ], [ -35.802705497257413, -9.699255059253524 ], [ -35.80276909580855, -9.69936836260934 ], [ -35.80287797829638, -9.699509987197397 ], [ -35.802993608799767, -9.699651674786384 ], [ -35.803239536431605, -9.699916967539602 ], [ -35.803385152068586, -9.700104712023681 ], [ -35.803494260089252, -9.700180284676774 ], [ -35.803575419528009, -9.700211727199086 ], [ -35.803611069930859, -9.700247769997496 ], [ -35.803681353375303, -9.700367831361641 ], [ -35.80372120612531, -9.700435159612823 ], [ -35.803776846444933, -9.700498171506828 ], [ -35.803843860365951, -9.700547898337812 ], [ -35.80391991391339, -9.700593245803503 ], [ -35.804011363517603, -9.700675562899143 ], [ -35.804060573426398, -9.700705036639556 ], [ -35.804150101807473, -9.700752741736899 ], [ -35.804189958053151, -9.700800416195726 ], [ -35.804281944752432, -9.700852889192484 ], [ -35.804329452466, -9.700835516142234 ], [ -35.804402924766116, -9.700874012602775 ], [ -35.80445963598401, -9.700921805264988 ], [ -35.804537737168822, -9.700974523907535 ], [ -35.804589707549667, -9.70101990914238 ], [ -35.80463244265092, -9.701034487017631 ], [ -35.80471279110786, -9.701101405608091 ], [ -35.80485023180087, -9.701175946547426 ], [ -35.804921300212129, -9.701216783667642 ], [ -35.804994548656715, -9.701278909624019 ], [ -35.805075367717784, -9.701296206058158 ], [ -35.805153693137086, -9.701325295038755 ], [ -35.805201057196257, -9.701354095064271 ], [ -35.805269968076793, -9.701371280329242 ], [ -35.805314950511296, -9.701400058118184 ], [ -35.805362337001185, -9.70142649517067 ], [ -35.805461524294508, -9.701453415611901 ], [ -35.805518258191199, -9.701498845217817 ], [ -35.805534660912926, -9.701527356293996 ], [ -35.805577396150937, -9.701541934084478 ], [ -35.805634466074743, -9.701551919296005 ], [ -35.805694096845258, -9.701543023049505 ], [ -35.805751099582764, -9.701560097120481 ], [ -35.805817539325375, -9.701586711911899 ], [ -35.805867217954479, -9.701622622975908 ], [ -35.805877059982372, -9.701652254414951 ], [ -35.805930291666968, -9.701665427734394 ], [ -35.806007324571276, -9.701694821147125 ], [ -35.806242388081046, -9.701746442011718 ], [ -35.806678760593833, -9.701784172856827 ], [ -35.806855087200539, -9.70178549351561 ], [ -35.807007753045831, -9.70176122214278 ], [ -35.80711609662076, -9.701763649280894 ], [ -35.807332783770647, -9.701695689407622 ], [ -35.807505148548955, -9.701647146632563 ], [ -35.807677513327278, -9.701598603850462 ], [ -35.807849878105586, -9.701520935384492 ], [ -35.807972995804391, -9.701477246864476 ], [ -35.808145360582692, -9.701394724088907 ], [ -35.808337424192835, -9.701287929878585 ], [ -35.808376821856449, -9.701258804178956 ], [ -35.808544261926812, -9.701113175642856 ], [ -35.808711701997183, -9.700943275604091 ], [ -35.808844669111878, -9.70076852118865 ], [ -35.808982560934538, -9.700622892439485 ], [ -35.809194323376467, -9.700219985903852 ], [ -35.809287892928388, -9.700118045611957 ], [ -35.809445483482016, -9.699836496100758 ], [ -35.809598149428531, -9.699486986024688 ], [ -35.809696643587564, -9.699258833417316 ], [ -35.809795137746605, -9.699030680654682 ], [ -35.80991825544541, -9.698792819098504 ], [ -35.810051222560112, -9.698554957373551 ], [ -35.810194039090717, -9.698329231294826 ], [ -35.810258060294096, -9.698183601485979 ], [ -35.810317156789523, -9.69804768027395 ], [ -35.810405801532653, -9.697872924348969 ], [ -35.810548618063251, -9.697727294341901 ], [ -35.81077055718832, -9.697554505213429 ], [ -35.810877804313897, -9.697406725785658 ], [ -35.811064513932727, -9.697250934554075 ], [ -35.811224597915867, -9.697112398578831 ], [ -35.811340499128896, -9.696982202792672 ], [ -35.811430933466745, -9.696746749912645 ], [ -35.811476771260033, -9.696563391765666 ], [ -35.811513706255596, -9.696388702378762 ], [ -35.811538747320995, -9.696305794704214 ], [ -35.811597111466696, -9.696196942239364 ], [ -35.811628643324894, -9.696127222462362 ], [ -35.811629263951502, -9.696061590768901 ], [ -35.811625433222723, -9.696000293470629 ], [ -35.811604293587408, -9.695903828400498 ], [ -35.811591601533017, -9.695846824448648 ], [ -35.811543422819184, -9.695811369321479 ], [ -35.811473111501243, -9.695784459823715 ], [ -35.81143350449927, -9.695775339463971 ], [ -35.811371682131735, -9.695783515616572 ], [ -35.811331702737569, -9.695813774251318 ], [ -35.811274124824379, -9.695839493216136 ], [ -35.811229528547209, -9.695891588002029 ], [ -35.811136339784831, -9.695951982044187 ], [ -35.811034248280954, -9.696021044820704 ], [ -35.810963233480621, -9.696068517755302 ], [ -35.810922881563798, -9.696138155308088 ], [ -35.810856069772726, -9.696207546482293 ], [ -35.810806980632101, -9.696268350999368 ], [ -35.810779899969774, -9.696333736261938 ], [ -35.810717787801359, -9.696372540354066 ], [ -35.810642569856228, -9.696398094909249 ], [ -35.810554411705574, -9.696392898154604 ], [ -35.810466626087319, -9.696348322407434 ], [ -35.810405300347334, -9.696303993052565 ], [ -35.810335361639666, -9.696237704351693 ], [ -35.810300537171031, -9.696189245957292 ], [ -35.810195608489352, -9.696092000612511 ], [ -35.810152460839689, -9.695990954795962 ], [ -35.81014908571013, -9.695881527727925 ], [ -35.810150203323857, -9.695763390848823 ], [ -35.810164550819273, -9.69564537717328 ], [ -35.81022287375832, -9.695540900485488 ], [ -35.810290099359285, -9.695427755025584 ], [ -35.81034829804149, -9.695336404613537 ], [ -35.81037125838629, -9.695240350231852 ], [ -35.810420512921972, -9.695162043986313 ], [ -35.810474136004757, -9.695088154229357 ], [ -35.810514487800667, -9.695018516715376 ], [ -35.810546019660926, -9.694948797070648 ], [ -35.810581671777257, -9.694909746572472 ], [ -35.810625978268163, -9.694888279954784 ], [ -35.810714674000288, -9.694836595811369 ], [ -35.810772500012511, -9.694784624240917 ], [ -35.810812686182423, -9.694732488431606 ], [ -35.810870636298063, -9.694667390503694 ], [ -35.810928255368196, -9.694637296107432 ], [ -35.810999311180154, -9.69458544763779 ], [ -35.811065874266433, -9.694542308982877 ], [ -35.811114838894845, -9.694494630661236 ], [ -35.811181484699361, -9.694442741083673 ], [ -35.81126548069232, -9.694421643797243 ], [ -35.811327509653538, -9.694391590357213 ], [ -35.811411588376018, -9.694361742136353 ], [ -35.81148692992015, -9.694323060906843 ], [ -35.811553410175534, -9.694288673012554 ], [ -35.811589103481886, -9.694245246901763 ], [ -35.811598543898143, -9.694179697290755 ], [ -35.811576742340847, -9.694153239393575 ], [ -35.811541545461445, -9.694144160149737 ], [ -35.811484216091287, -9.69414362657194 ], [ -35.811435541150153, -9.694160676859138 ], [ -35.811422021709831, -9.694191181843191 ], [ -35.811425852487325, -9.694252479130739 ], [ -35.811412043449117, -9.69431361223312 ], [ -35.811367530208351, -9.694356956221347 ], [ -35.811305542627593, -9.694382634226599 ], [ -35.811265728927225, -9.694395391126605 ], [ -35.811234735132757, -9.694408230119398 ], [ -35.811199372756242, -9.694416652614178 ], [ -35.811129061743955, -9.694389743145857 ], [ -35.811107218850708, -9.694367660670922 ], [ -35.81108088325874, -9.694354288033306 ], [ -35.811023595254106, -9.694349378922967 ], [ -35.810961524916372, -9.694383807745533 ], [ -35.810881525115683, -9.694448700442498 ], [ -35.81082786087044, -9.694526965770102 ], [ -35.810752188205342, -9.694600650358046 ], [ -35.810694486374707, -9.694639495606856 ], [ -35.810627757713135, -9.694700135937085 ], [ -35.810560863495454, -9.694778278014402 ], [ -35.810493927860612, -9.694860795510047 ], [ -35.810435977647394, -9.694925893339501 ], [ -35.810395625855584, -9.694995530842904 ], [ -35.810372831104594, -9.695074083470486 ], [ -35.810328069314892, -9.695143679892206 ], [ -35.810287883018617, -9.695195815603759 ], [ -35.81023920790274, -9.695212865651667 ], [ -35.810164238585251, -9.695212167533269 ], [ -35.810124673121088, -9.695198671614486 ], [ -35.810094175925386, -9.695159005187024 ], [ -35.810081566913773, -9.695093250388165 ], [ -35.810122291285879, -9.694984233986233 ], [ -35.810136804224904, -9.694848718539218 ], [ -35.810217590595684, -9.694700692724114 ], [ -35.810311896433326, -9.694522161964263 ], [ -35.810375373887105, -9.694338968285527 ], [ -35.810447215934317, -9.694203986545961 ], [ -35.810541273164318, -9.694051708287459 ], [ -35.810688456519998, -9.693878045413289 ], [ -35.810848828169171, -9.693708881022838 ], [ -35.811119944643032, -9.693488237359807 ], [ -35.811381537680191, -9.69334189386085 ], [ -35.811691557149004, -9.693204752405732 ], [ -35.811860044790848, -9.693110051961787 ], [ -35.812107414994443, -9.693068595379122 ], [ -35.81233290090131, -9.693009431652404 ], [ -35.812738532794206, -9.693021956998329 ], [ -35.813033420152792, -9.693085961820687 ], [ -35.813235905539266, -9.69312722778694 ], [ -35.813400782444596, -9.693181271378116 ], [ -35.813594324091781, -9.693235581497948 ], [ -35.813739563060615, -9.69326756311699 ], [ -35.813985734958294, -9.693352993391832 ], [ -35.814183521529216, -9.693424846080298 ], [ -35.814381266788885, -9.693501074146946 ], [ -35.814609262186103, -9.693643221024633 ], [ -35.814775476926805, -9.693789169270033 ], [ -35.814893802067722, -9.693869034570614 ], [ -35.815168440594036, -9.694092568024775 ], [ -35.815631806938363, -9.694530084330864 ], [ -35.815684872956915, -9.694606724263302 ], [ -35.815824857710716, -9.694702642116301 ], [ -35.815899472665365, -9.694770156054028 ], [ -35.816076266926807, -9.694989286856304 ], [ -35.816130530511998, -9.69500136492786 ], [ -35.816193546288353, -9.695046226332673 ], [ -35.816291570829357, -9.695135949124314 ], [ -35.816386094493879, -9.695210142953108 ], [ -35.816442108517307, -9.695306767449711 ], [ -35.81651212604659, -9.695396490171658 ], [ -35.816606649711119, -9.695486212869575 ], [ -35.816659162858095, -9.695586288158168 ], [ -35.81674318389323, -9.695655305581168 ], [ -35.816806199669585, -9.695734675600081 ], [ -35.816869215445934, -9.695820947338431 ], [ -35.816956737357536, -9.695896866449853 ], [ -35.817033756639752, -9.695983138146486 ], [ -35.817103774169034, -9.696107369350635 ], [ -35.817163289068922, -9.696203993588744 ], [ -35.817215802215891, -9.696317872119318 ], [ -35.817296322374567, -9.696442103199475 ], [ -35.817362839027375, -9.696562883372168 ], [ -35.817432856556657, -9.696652605758008 ], [ -35.817509875838873, -9.696838952174975 ], [ -35.817592146435778, -9.69705635619718 ], [ -35.81762715520042, -9.697128824173275 ], [ -35.817655162212134, -9.697197841278776 ], [ -35.817679668347388, -9.697256505807305 ], [ -35.817693671853235, -9.697332424593666 ], [ -35.817777692888377, -9.697442851888631 ], [ -35.817858213047053, -9.697539475741886 ], [ -35.817945734958656, -9.697674058919668 ], [ -35.818057763005513, -9.697774133555267 ], [ -35.818106775276014, -9.697839699679651 ], [ -35.818106775276007, -9.697908716638857 ], [ -35.818138283164181, -9.697960479348913 ], [ -35.818183794558223, -9.698039848822138 ], [ -35.818222304199324, -9.698060553899026 ], [ -35.818257312963965, -9.698070906437007 ], [ -35.818281819099219, -9.698105414894579 ], [ -35.818309826110927, -9.698164079264297 ], [ -35.81832382961678, -9.698191686022955 ], [ -35.818327330592581, -9.698233096149515 ], [ -35.818376342863068, -9.698291760496927 ], [ -35.818460363798891, -9.698353875684223 ], [ -35.818516377822313, -9.69845740095891 ], [ -35.818614402363316, -9.698588532927602 ], [ -35.818677418139664, -9.698657549732639 ], [ -35.818698423497736, -9.698705861480521 ], [ -35.818831217372995, -9.698910792971862 ], [ -35.818924163162656, -9.699105977565795 ], [ -35.818992862224604, -9.699197594784957 ], [ -35.819073684650405, -9.699273278555847 ], [ -35.819171535533656, -9.699388393841335 ], [ -35.819257300495977, -9.699414812307724 ], [ -35.819289462394053, -9.699483500292038 ], [ -35.819391308404583, -9.699610308841466 ], [ -35.819487794098784, -9.699758252088504 ], [ -35.819557478211259, -9.699898269744322 ], [ -35.819616441691046, -9.700009227090405 ], [ -35.819707567068889, -9.700109617038519 ], [ -35.819852295610204, -9.700194155918927 ], [ -35.819980943202467, -9.700220574314656 ], [ -35.82012567174376, -9.700204723277448 ], [ -35.820297201866786, -9.700157170161386 ], [ -35.820458011357118, -9.700114900719186 ], [ -35.820586658949395, -9.700067347590352 ], [ -35.820677784327245, -9.700062063908948 ], [ -35.820779630337782, -9.700072631271672 ], [ -35.820843954133927, -9.700099049677011 ], [ -35.820902917613722, -9.700151886481393 ], [ -35.820940439828114, -9.700199439598229 ], [ -35.821017463991005, -9.700587783429302 ], [ -35.82096897053551, -9.700870600470621 ], [ -35.820880065867129, -9.701073750592441 ], [ -35.820783078956175, -9.701229100602538 ], [ -35.820589105134232, -9.701452167157754 ], [ -35.820496159344557, -9.701563700379667 ], [ -35.820338555614235, -9.701738966796283 ], [ -35.820184993005206, -9.701870416548577 ], [ -35.820035471517464, -9.702071574403059 ], [ -35.81974451078456, -9.702350406872924 ], [ -35.819574783690371, -9.702479864726493 ], [ -35.819417179960048, -9.702694963818773 ], [ -35.819287864078753, -9.702874212956868 ], [ -35.819147158524018, -9.703093086541156 ], [ -35.819056365071397, -9.703275340742477 ], [ -35.818910732257891, -9.703503886366612 ], [ -35.818822586081289, -9.703670101268058 ], [ -35.818726775019776, -9.703809872825904 ], [ -35.818634796400715, -9.70396097714718 ], [ -35.818538985339195, -9.70414985745294 ], [ -35.81848533114475, -9.704340626453705 ], [ -35.8183702101161, -9.704682888336402 ], [ -35.81829455110433, -9.705082888296356 ], [ -35.818280794920369, -9.705445599711576 ], [ -35.818425234851915, -9.706021869376704 ], [ -35.818542162415554, -9.706326952915736 ], [ -35.818521528139613, -9.706493053836812 ], [ -35.818597187151376, -9.706723561101061 ], [ -35.818762261358849, -9.707001525532245 ], [ -35.818927335566343, -9.707259150896649 ], [ -35.819123361187721, -9.707438810572965 ], [ -35.819184294936697, -9.707403398177156 ], [ -35.819335854676304, -9.707531446432922 ], [ -35.819588454242329, -9.70765238085175 ], [ -35.819862705199711, -9.707780429012299 ], [ -35.820072537880776, -9.70786592564299 ], [ -35.820203221628368, -9.707893044041747 ], [ -35.820354539651895, -9.707933721635751 ], [ -35.82046458912356, -9.707933721635754 ], [ -35.820615907147086, -9.707913382839383 ], [ -35.820746590894672, -9.707913382839374 ], [ -35.820877274642271, -9.707920162438327 ], [ -35.820980446021949, -9.707960840029024 ], [ -35.821097373585587, -9.707981178822541 ], [ -35.821255569701101, -9.707947280832682 ], [ -35.821441278184523, -9.707940501234292 ], [ -35.821668255219812, -9.707893044041754 ], [ -35.821881476071148, -9.707825248040754 ], [ -35.822046550278635, -9.707764231628142 ], [ -35.822266649221952, -9.707689655997605 ], [ -35.8224454796134, -9.70763541916495 ], [ -35.822706847108591, -9.707608300745344 ], [ -35.823033556477583, -9.707482878026076 ], [ -35.823398095352452, -9.707272710120936 ], [ -35.823673219031591, -9.707157456697598 ], [ -35.824017123630519, -9.70688627201568 ], [ -35.824264734941757, -9.70679135732513 ], [ -35.824474516747109, -9.706604917676135 ], [ -35.82465334713855, -9.706435426996068 ], [ -35.82478403088615, -9.706333732546859 ], [ -35.824773407823393, -9.706253846683488 ], [ -35.824847975207518, -9.706011296736058 ], [ -35.824922542591651, -9.705856946678074 ], [ -35.825004566714213, -9.705783446625453 ], [ -35.825071677359929, -9.705695246541019 ], [ -35.825101504313594, -9.705548246348735 ], [ -35.82516861495931, -9.705467396215466 ], [ -35.825258095820274, -9.705386546062678 ], [ -35.825287922773931, -9.70531304590688 ], [ -35.825302836250764, -9.705232195716857 ], [ -35.825429600803794, -9.705173395566389 ], [ -35.825511624926342, -9.705166045546845 ], [ -35.825533995141583, -9.705158695527155 ], [ -35.825533995141583, -9.705121945426285 ], [ -35.825489254711094, -9.7051145954056 ], [ -35.825407230588546, -9.705129295446763 ], [ -35.825310292989172, -9.705143995487294 ], [ -35.825228268866631, -9.705114595405597 ], [ -35.825213355389799, -9.70504109519014 ], [ -35.825153701482499, -9.705011695099406 ], [ -35.825108961052003, -9.704974944982387 ], [ -35.825097775944393, -9.704934519849028 ], [ -35.825067948990736, -9.704879394659303 ], [ -35.825064220621528, -9.704809569405944 ], [ -35.825086590836769, -9.704754444195656 ], [ -35.825105232682802, -9.704691968946362 ], [ -35.825123874528842, -9.704647868763356 ], [ -35.825231997235846, -9.704574368445504 ], [ -35.825470612865075, -9.704482493025465 ], [ -35.825563822095241, -9.704453092885737 ], [ -35.825701771755888, -9.704383267543564 ], [ -35.825806166093692, -9.704364892451077 ], [ -35.825944115754346, -9.704313442186805 ], [ -35.826022411507687, -9.70431711720593 ], [ -35.826085793784195, -9.704317117205944 ], [ -35.826130534214677, -9.704302417129139 ], [ -35.826167817906743, -9.704287717051697 ], [ -35.826190188121984, -9.704291392071115 ], [ -35.826220015173604, -9.704324467237035 ], [ -35.826533493933191, -9.704300808936543 ], [ -35.826778579870677, -9.704321431529927 ], [ -35.826859278898866, -9.704321431529927 ], [ -35.82693842265649, -9.704300943082957 ], [ -35.826980786763748, -9.704308535430428 ], [ -35.827084771390624, -9.704319923951315 ], [ -35.82719645858247, -9.704335108645211 ], [ -35.827439089378544, -9.704342700991921 ], [ -35.827508412463139, -9.70436927420401 ], [ -35.827570032982777, -9.704384458895669 ], [ -35.827643207349844, -9.704414828276967 ], [ -35.827727935564347, -9.704422420621862 ], [ -35.827808812496365, -9.704441401483324 ], [ -35.827893540710875, -9.704445197655513 ], [ -35.828016781847793, -9.704490751711097 ], [ -35.828216200834326, -9.7045148282235 ], [ -35.828621016533596, -9.704633288150731 ], [ -35.828785472951083, -9.704742395934909 ], [ -35.828905652640792, -9.704804743224184 ], [ -35.829044808070982, -9.704879559956025 ], [ -35.829196613994824, -9.704960611396652 ], [ -35.829342094671844, -9.705029193369548 ], [ -35.829614080285374, -9.705234939204049 ], [ -35.829993595094997, -9.705584083361282 ], [ -35.830158051512484, -9.70577112472442 ], [ -35.830265580708534, -9.705951931276166 ], [ -35.830335158423622, -9.706114033618904 ], [ -35.830499614841131, -9.706506819739444 ], [ -35.830575517803041, -9.706778028934819 ], [ -35.830638770271314, -9.707127171483712 ], [ -35.830702022739565, -9.707177048960988 ], [ -35.830742274310289, -9.707313361801329 ], [ -35.830790576195142, -9.70749190036485 ], [ -35.830808689499115, -9.707813269532387 ], [ -35.830808689401948, -9.707813269539365 ], [ -35.830814727137572, -9.708179272945843 ], [ -35.830796613930744, -9.708521470890927 ], [ -35.830808689401948, -9.70879522899525 ], [ -35.830869066758019, -9.709116596919092 ], [ -35.830881142229245, -9.709396305786976 ], [ -35.830863029119563, -9.709592696973127 ], [ -35.830808689401934, -9.70993786910107 ], [ -35.830736236671832, -9.710348504429703 ], [ -35.830609444224073, -9.710872212532852 ], [ -35.830512840357166, -9.711062651646975 ], [ -35.830512840357166, -9.711175724815577 ], [ -35.830524915828391, -9.711360212535013 ], [ -35.830603406391276, -9.71159826105502 ], [ -35.830712085632207, -9.711764894918337 ], [ -35.830736236574637, -9.711973187130825 ], [ -35.830808689401927, -9.712157674410804 ], [ -35.830941519585288, -9.712413575953413 ], [ -35.831064651635621, -9.712679040141879 ], [ -35.831064651538519, -9.712679040148892 ], [ -35.83129849021627, -9.713069511628657 ], [ -35.831766167280605, -9.713600985982893 ], [ -35.832061213894463, -9.714022627566251 ], [ -35.832266246216143, -9.714217502625393 ], [ -35.832463956048365, -9.714390724798728 ], [ -35.832566472257668, -9.714535076541361 ], [ -35.83278279131374, -9.714711132556696 ], [ -35.83281844310482, -9.714700590369651 ], [ -35.83292183357964, -9.714742759143613 ], [ -35.832996702544158, -9.714806012294583 ], [ -35.83307513669746, -9.714834124802278 ], [ -35.833121484151697, -9.714834124802289 ], [ -35.833203483493783, -9.71485872324458 ], [ -35.833303308779819, -9.714932518560648 ], [ -35.833399568877049, -9.714985229490738 ], [ -35.833599219449106, -9.715087137265353 ], [ -35.83372400105663, -9.715174988770283 ], [ -35.833945042761407, -9.715297980838461 ], [ -35.834198171165255, -9.715431515032702 ], [ -35.83435503947188, -9.715501796166176 ], [ -35.83460460268693, -9.715628302169222 ], [ -35.834740079860822, -9.715730209748013 ], [ -35.834822079202915, -9.715782920552442 ], [ -35.834925469677721, -9.715807518925001 ], [ -35.835050251285267, -9.715860229717281 ], [ -35.835142054896522, -9.715972679379661 ], [ -35.8352276194274, -9.716057016601676 ], [ -35.835270401692839, -9.716102699254735 ], [ -35.835413009244313, -9.716215148835643 ], [ -35.835505704152759, -9.716267859563706 ], [ -35.835580573117262, -9.716327598378784 ], [ -35.835673268025729, -9.716440047884147 ], [ -35.83581587557719, -9.716587637802562 ], [ -35.835912135674434, -9.716657918693198 ], [ -35.836076134358613, -9.71675279787218 ], [ -35.836129612190412, -9.716812536600685 ], [ -35.836243698231584, -9.71690390169425 ], [ -35.836364914650332, -9.716967154436723 ], [ -35.836489696257864, -9.717051491408069 ], [ -35.836610912676619, -9.71712528624057 ], [ -35.836682216452346, -9.717220165287022 ], [ -35.836771346172007, -9.717315044306538 ], [ -35.836857802000083, -9.7174116803173 ], [ -35.836921975398248, -9.717520615423236 ], [ -35.836993279173981, -9.717590896117919 ], [ -35.837153712669377, -9.717749027626979 ], [ -35.837264233521765, -9.71784742052823 ], [ -35.837331972108707, -9.717879046811762 ], [ -35.837421101828376, -9.717924729216046 ], [ -35.83747101447139, -9.71792824324689 ], [ -35.837520927114397, -9.717952841461747 ], [ -35.837560144191059, -9.717987981765512 ], [ -35.837585100512563, -9.718065290420862 ], [ -35.837570839757404, -9.718146113086904 ] ], [ [ -35.863695436747527, -9.737284724987379 ], [ -35.863701363843205, -9.737223667275625 ], [ -35.863725938532696, -9.737173409210598 ], [ -35.863713019466893, -9.737122806442928 ], [ -35.863700150040351, -9.737066890027483 ], [ -35.863708581512121, -9.737024454704249 ], [ -35.863717137072342, -9.736968735258813 ], [ -35.863720286744254, -9.736918280218937 ], [ -35.863696580731485, -9.73687554944274 ], [ -35.863707690313497, -9.736833138738632 ], [ -35.863732140865679, -9.736796164784458 ], [ -35.863729859828773, -9.736753630974993 ], [ -35.863733108756868, -9.736692548635913 ], [ -35.863768420679087, -9.736639732208625 ], [ -35.863836489564513, -9.736578916917711 ], [ -35.863976271730834, -9.736343147162041 ], [ -35.86538543624151, -9.735847231628245 ], [ -35.865489299532655, -9.735837890742697 ], [ -35.866059242255616, -9.735639195867513 ], [ -35.866200676079387, -9.735578638878499 ], [ -35.866286519865028, -9.735535898977817 ], [ -35.869047411494108, -9.734534810877893 ], [ -35.872259967840066, -9.733270331890592 ], [ -35.872486522379091, -9.73322316729047 ], [ -35.872650732714384, -9.733208258483709 ], [ -35.87278045172193, -9.733195769144041 ], [ -35.87285783354514, -9.733177328972348 ], [ -35.87288836724877, -9.733155723907958 ], [ -35.872943639974181, -9.733142552337904 ], [ -35.873009763513735, -9.733148629422793 ], [ -35.87304537882887, -9.733173576207708 ], [ -35.873080815889978, -9.733217670601539 ], [ -35.873116431218456, -9.733242617382842 ], [ -35.873162999241863, -9.733275871333701 ], [ -35.873187432707269, -9.733317129298632 ], [ -35.873206351633549, -9.733358336737981 ], [ -35.873252639569024, -9.733421679791821 ], [ -35.873271303857599, -9.73349024096631 ], [ -35.87330375451927, -9.733558928455043 ], [ -35.873347259753793, -9.733624981620677 ], [ -35.873379863224869, -9.733677256868367 ], [ -35.873431818562523, -9.73372423820263 ], [ -35.873456201154013, -9.733770966915714 ], [ -35.873480507358515, -9.733825901750944 ], [ -35.873488218977791, -9.733886155763683 ], [ -35.873479488788519, -9.73393531670877 ], [ -35.873479055892638, -9.73398181806559 ], [ -35.873489677572202, -9.734025685097583 ], [ -35.873478164629581, -9.734077556152736 ], [ -35.873466779005994, -9.734115750336857 ], [ -35.87346644796056, -9.734151310197184 ], [ -35.873455138726378, -9.734181298258081 ], [ -35.873451923070753, -9.734230509723929 ], [ -35.873423891890127, -9.734279493819168 ], [ -35.873423484436849, -9.734323259798845 ], [ -35.873447943441455, -9.734361782403052 ], [ -35.873494435235827, -9.734403242487273 ], [ -35.873538067899077, -9.734455618801762 ], [ -35.873551395933923, -9.734504981849057 ], [ -35.873567302995824, -9.734573517778383 ], [ -35.873572206391366, -9.734639217282176 ], [ -35.873560769806652, -9.734682882213846 ], [ -35.873538329546712, -9.734723710715635 ], [ -35.873529573837338, -9.734775607029363 ], [ -35.87352911544393, -9.734824843760082 ], [ -35.873531592598596, -9.734854958137259 ], [ -35.873530930468924, -9.734926077859171 ], [ -35.873497282767026, -9.734985952910698 ], [ -35.873491309785699, -9.735035139109636 ], [ -35.873473925639281, -9.73512525485358 ], [ -35.873487202723901, -9.735180088654635 ], [ -35.873500607148578, -9.735221245587431 ], [ -35.873491774992587, -9.735281348014295 ], [ -35.873496933019169, -9.735319693777878 ], [ -35.873488406471999, -9.73534697171856 ], [ -35.873471506181687, -9.735385115355767 ], [ -35.873443500321969, -9.735431364046951 ], [ -35.87342100903318, -9.735477663266455 ], [ -35.873412304188228, -9.735524088816387 ], [ -35.873420092144727, -9.735576136713439 ], [ -35.873436126505609, -9.735630995784996 ], [ -35.873424486073645, -9.735696543681929 ], [ -35.873401918343617, -9.735751049013519 ], [ -35.873382311657679, -9.735783696621811 ], [ -35.873359667499926, -9.735846408066354 ], [ -35.873359132618376, -9.735903850905883 ], [ -35.873366563965746, -9.735994194029736 ], [ -35.873368709958775, -9.736059868257517 ], [ -35.87335456688993, -9.736098037140653 ], [ -35.873334985640639, -9.736127949364654 ], [ -35.87329342244081, -9.736149453313265 ], [ -35.873252063014291, -9.736149074271214 ], [ -35.873207869876964, -9.736156876072805 ], [ -35.873171999569884, -9.736159282933523 ], [ -35.873147082023735, -9.736169996990688 ], [ -35.873100080643546, -9.73618324425126 ], [ -35.873094387738838, -9.736202341317265 ], [ -35.873124539671487, -9.736221766905917 ], [ -35.873151985259, -9.736235696476871 ], [ -35.87320171847017, -9.736225209853913 ], [ -35.873240091356024, -9.736250181991558 ], [ -35.873286532358961, -9.73629711292017 ], [ -35.873316556954464, -9.736330215363481 ], [ -35.87333008871768, -9.736357695442718 ], [ -35.873334991980727, -9.736423394937713 ], [ -35.873323351453365, -9.736488942813835 ], [ -35.873325573828126, -9.736546410919281 ], [ -35.873325089847079, -9.736598383008383 ], [ -35.873313500246979, -9.736658460134967 ], [ -35.873285315893668, -9.736723856381065 ], [ -35.87325457801623, -9.736767344366806 ], [ -35.873237703054073, -9.736802752586186 ], [ -35.873242810070352, -9.73684656909467 ], [ -35.873264384470886, -9.736898743351141 ], [ -35.873294103411318, -9.736964670287204 ], [ -35.87331565234868, -9.737019579917996 ], [ -35.873331686684963, -9.737074439006806 ], [ -35.87332573901989, -9.737120889805478 ], [ -35.873338914157067, -9.737186665116187 ], [ -35.873335774738891, -9.737227670440138 ], [ -35.873321478727689, -9.737282251541044 ], [ -35.873276966993323, -9.737324245465864 ], [ -35.873243650058349, -9.73734856054979 ], [ -35.873232238705455, -9.737389490049557 ], [ -35.873218095518666, -9.737427658902103 ], [ -35.873212071388593, -9.73748231580913 ], [ -35.873236428575574, -9.737531779977791 ], [ -35.873244241927203, -9.737581092506991 ], [ -35.873235409530821, -9.737641194886356 ], [ -35.873218356157935, -9.737695750697446 ], [ -35.873179422651745, -9.737730956704016 ], [ -35.873154071859439, -9.737788172056462 ], [ -35.873142533076816, -9.737842778406371 ], [ -35.873122773316283, -9.737891838184467 ], [ -35.873099975978398, -9.737970961779274 ], [ -35.873082565851568, -9.738063812781899 ], [ -35.873073835302733, -9.738112973653781 ], [ -35.87307324928738, -9.738175887214359 ], [ -35.873064162019347, -9.738263343294612 ], [ -35.873063703390336, -9.738312579993341 ], [ -35.873049330796874, -9.738375367167869 ], [ -35.87303756262758, -9.738454591849518 ], [ -35.873037103985496, -9.738503828546413 ], [ -35.873044980984204, -9.738546302645567 ], [ -35.873041892426095, -9.738581837204736 ], [ -35.873016949193484, -9.738595286565477 ], [ -35.872983810458365, -9.738600453973818 ], [ -35.872942323336339, -9.738613751658754 ], [ -35.872908878821541, -9.738651743519167 ], [ -35.87287814064976, -9.738695231396241 ], [ -35.872841709461682, -9.738757816309258 ], [ -35.872797184690903, -9.73880117777396 ], [ -35.872741834513107, -9.738822555136849 ], [ -35.87268640787881, -9.738852138601704 ], [ -35.872636444899491, -9.738887243359603 ], [ -35.872602898382965, -9.738936176653445 ], [ -35.87255293538346, -9.738971281392299 ], [ -35.872516860900262, -9.738995571052943 ], [ -35.872499883740872, -9.739041920654634 ], [ -35.872510428774596, -9.739093993827927 ], [ -35.872498558459128, -9.739184159922528 ], [ -35.87247862006781, -9.739252367199011 ], [ -35.872478186792371, -9.739298868496787 ], [ -35.872458528741774, -9.739336986693948 ], [ -35.872419620425376, -9.739369457155961 ], [ -35.872364346601628, -9.739382628309597 ], [ -35.872339530728873, -9.739382400742683 ], [ -35.872303456183651, -9.739406690361557 ], [ -35.872267203211194, -9.739450127564064 ], [ -35.872261178790254, -9.73950478438895 ], [ -35.872235955080036, -9.739548322728199 ], [ -35.872219232731112, -9.739567318596462 ], [ -35.872151781437516, -9.739629618885623 ], [ -35.872151475552251, -9.739662443320089 ], [ -35.872131766454494, -9.739706032218391 ], [ -35.872095513420874, -9.739749469384892 ], [ -35.872059260377284, -9.739792906544503 ], [ -35.872022981831734, -9.739839079066391 ], [ -35.872025407757448, -9.739874664154701 ], [ -35.872047389860917, -9.739883072574582 ], [ -35.87207802630838, -9.739850526320057 ], [ -35.872108662749753, -9.739817980060868 ], [ -35.872155792135246, -9.739791056263451 ], [ -35.872183824184916, -9.739742072487939 ], [ -35.872223012960227, -9.73967951300723 ], [ -35.872278592707943, -9.739633517455346 ], [ -35.872328504866452, -9.73960388353775 ], [ -35.872367336757321, -9.73957961920814 ], [ -35.872453119560561, -9.739547578606793 ], [ -35.872489270580445, -9.739515082862248 ], [ -35.872533642581189, -9.739488133704855 ], [ -35.872588865452869, -9.739480433268602 ], [ -35.872658053329239, -9.739453711641461 ], [ -35.872707888984017, -9.73943228376222 ], [ -35.872746567927422, -9.739424431601142 ], [ -35.872068834389992, -9.74113250722649 ], [ -35.872090697109286, -9.741816219758272 ], [ -35.873096075083126, -9.742517001250329 ], [ -35.873087469026906, -9.742308779453378 ], [ -35.87589307267433, -9.742076720032866 ], [ -35.875831494146361, -9.742174637866693 ], [ -35.875789522654046, -9.74223990798828 ], [ -35.875656906146105, -9.742430255906214 ], [ -35.875447910947393, -9.74294069866658 ], [ -35.875416830765388, -9.743000965221901 ], [ -35.875385858999735, -9.743049588267526 ], [ -35.875364255189297, -9.743100626061672 ], [ -35.875311918130222, -9.743174671178011 ], [ -35.875257255318928, -9.743246366064026 ], [ -35.875216893844659, -9.743294903021003 ], [ -35.875167207765529, -9.743336367808066 ], [ -35.875025465293902, -9.743557478450873 ], [ -35.87494900862491, -9.74370058710716 ], [ -35.874901431264725, -9.743767689037277 ], [ -35.874701252441994, -9.744265586447131 ], [ -35.874619508231305, -9.744426325091061 ], [ -35.874505773876713, -9.744575397989879 ], [ -35.874424495632724, -9.744686102260818 ], [ -35.874363850475781, -9.744796995685022 ], [ -35.87429562825465, -9.744982877415895 ], [ -35.874259798648772, -9.74513721344028 ], [ -35.874236046430049, -9.74522570031259 ], [ -35.874212167038309, -9.745327832885831 ], [ -35.874167241180302, -9.745474124784742 ], [ -35.874082928177735, -9.7456644077881 ], [ -35.874012561274213, -9.745834348337285 ], [ -35.873910182952287, -9.745994897341307 ], [ -35.873617972948367, -9.7464758279585 ], [ -35.873470043785559, -9.746789459373677 ], [ -35.873442911033237, -9.746823413259134 ], [ -35.873400456019688, -9.746857226576276 ], [ -35.873396377487438, -9.746883791330868 ], [ -35.87335392246144, -9.746917604638208 ], [ -35.87330377087298, -9.74695514763715 ], [ -35.873280397802425, -9.746996736611967 ], [ -35.873245603881756, -9.747030620183734 ], [ -35.873207014815534, -9.747060668621216 ], [ -35.873157690538044, -9.747333754621478 ], [ -35.873147674452056, -9.747355565104273 ], [ -35.873127937214115, -9.74736755200197 ], [ -35.873127733025676, -9.747389452508997 ], [ -35.873107950409384, -9.747406306183915 ], [ -35.873100387292411, -9.747428139170236 ], [ -35.873075562592334, -9.747459548165679 ], [ -35.873060731297187, -9.747471580070753 ], [ -35.873040925984093, -9.747490867128583 ], [ -35.873021370243976, -9.747483386901079 ], [ -35.873011694473398, -9.747468696534765 ], [ -35.872992116046809, -9.747463649695531 ], [ -35.872962680341693, -9.747463379602721 ], [ -35.872942897714587, -9.747480233264014 ], [ -35.872932836230568, -9.747506910512973 ], [ -35.87290569467212, -9.747523696646132 ], [ -35.872893339035066, -9.747533317660377 ], [ -35.872895565113971, -9.747557674059909 ], [ -35.872887956598433, -9.74758437381414 ], [ -35.872904900533896, -9.747608865265477 ], [ -35.87290219796958, -9.747635610037074 ], [ -35.872882301877375, -9.747664630635867 ], [ -35.872857522517933, -9.747691172825176 ], [ -35.872844894586883, -9.747729994502771 ], [ -35.872832380104924, -9.747756649234297 ], [ -35.872792928251457, -9.747778189580385 ], [ -35.872763447141978, -9.747782786239281 ], [ -35.872731467672359, -9.747792227162495 ], [ -35.872699488201803, -9.747801668082159 ], [ -35.872657606053203, -9.747820752509103 ], [ -35.872652495869524, -9.747842607983833 ], [ -35.872635075412241, -9.747869217679803 ], [ -35.872615201974078, -9.74789580486267 ], [ -35.872583267878476, -9.74790037899059 ], [ -35.872558896952491, -9.747883120156155 ], [ -35.872546359748419, -9.747912208256279 ], [ -35.872511881901211, -9.747926493417451 ], [ -35.872484989920927, -9.747916512230482 ], [ -35.872489623553591, -9.747945757912285 ], [ -35.872501638813951, -9.747972637743175 ], [ -35.872499004287157, -9.747992082335783 ], [ -35.872471771895405, -9.748018601967038 ], [ -35.87244719672465, -9.748023243615757 ], [ -35.872430025876916, -9.748023086025533 ], [ -35.872432183830369, -9.748054742581857 ], [ -35.872404860650242, -9.74809099575598 ], [ -35.872370428170342, -9.748100414119447 ], [ -35.872360570866007, -9.748105190840635 ], [ -35.872352939590286, -9.748134323952726 ], [ -35.87233299802682, -9.748168211269956 ], [ -35.872305788302867, -9.748192297491491 ], [ -35.872290934254231, -9.748206762731384 ], [ -35.872276034812749, -9.748226094745355 ], [ -35.872246394796719, -9.748247725057245 ], [ -35.872228906193691, -9.748281634877564 ], [ -35.872199084597433, -9.748322732281748 ], [ -35.872179256487918, -9.748344452644714 ], [ -35.87220353662515, -9.748371445059801 ], [ -35.872198381000651, -9.748398167289952 ], [ -35.872185821039047, -9.748429688747574 ], [ -35.872060041341314, -9.748567538910327 ], [ -35.871908562233081, -9.748518229907463 ], [ -35.871805232828756, -9.74898284512431 ], [ -35.871789808772533, -9.749459965051836 ], [ -35.8718958526497, -9.749534312743627 ], [ -35.871858876214631, -9.749553442029153 ], [ -35.871831598217661, -9.749584828324295 ], [ -35.871779813034358, -9.749613556017591 ], [ -35.871718397515671, -9.749622726524798 ], [ -35.871664068518406, -9.749661165217493 ], [ -35.871622186084878, -9.749680249424118 ], [ -35.871555841876891, -9.749691808237259 ], [ -35.871518820004226, -9.749715804245325 ], [ -35.871477096496278, -9.74971785473093 ], [ -35.871130465739974, -9.749639996469107 ], [ -35.870526915011183, -9.749611117909108 ], [ -35.86926130871521, -9.749442606917812 ], [ -35.868352484534704, -9.749335861226005 ], [ -35.868291515998116, -9.749332611460364 ], [ -35.868245318882323, -9.749344289149544 ], [ -35.868216842620896, -9.749345372114023 ], [ -35.868209877170941, -9.749365478586618 ], [ -35.868170432005869, -9.749379907722622 ], [ -35.868132480400824, -9.749379558886174 ], [ -35.868101017011824, -9.74941019777267 ], [ -35.868042432766032, -9.749441932060375 ], [ -35.867997528252999, -9.749460345087073 ], [ -35.867936635076269, -9.749449027748636 ], [ -35.86792333212734, -9.749422011477572 ], [ -35.867901884134966, -9.749396265033807 ], [ -35.867843601325724, -9.749395729272209 ], [ -35.867823948090312, -9.749359241730707 ], [ -35.867803792723237, -9.749340230662515 ], [ -35.86781856518116, -9.749209930638845 ], [ -35.867696678470416, -9.749198052588813 ], [ -35.867691519469886, -9.749314993978615 ], [ -35.867599351348936, -9.749314146673276 ], [ -35.867592059281201, -9.749369212290924 ], [ -35.867191785441221, -9.749382002286245 ], [ -35.865898051647903, -9.748858982562693 ], [ -35.865871339616803, -9.748862517707035 ], [ -35.865829207082704, -9.748884815193438 ], [ -35.865787109880181, -9.748903332161737 ], [ -35.865718194629594, -9.74893672578615 ], [ -35.865649350044187, -9.748962558371044 ], [ -35.865603229840346, -9.749003723317374 ], [ -35.865557250981837, -9.749029766212828 ], [ -35.865503614862831, -9.749059519495132 ], [ -35.865431206673222, -9.749058853396642 ], [ -35.865400542311235, -9.749077475477835 ], [ -35.865354492750477, -9.749111079356689 ], [ -35.86530103331981, -9.749121930050732 ], [ -35.865221073902823, -9.749113632765511 ], [ -35.865201983774327, -9.749117237970077 ], [ -35.865144642700201, -9.749135614594106 ], [ -35.865094923536617, -9.749154061331183 ], [ -35.865045522477011, -9.749138483484053 ], [ -35.864996227461106, -9.749111564106645 ], [ -35.864954271597462, -9.749114958916142 ], [ -35.864916091343993, -9.74912216929234 ], [ -35.864858891657725, -9.749125423832249 ], [ -35.864805326189526, -9.749147615965081 ], [ -35.864752220247475, -9.749120661492478 ], [ -35.864702748526156, -9.749112644616307 ], [ -35.864668343882222, -9.749123670536616 ], [ -35.864626175926965, -9.749149748345188 ], [ -35.864564953189159, -9.749175650805379 ], [ -35.864507753508946, -9.749178905282294 ], [ -35.864454541545655, -9.749163292287815 ], [ -35.864404893076646, -9.749174177898741 ], [ -35.864328355803053, -9.749207501039944 ], [ -35.864259864680854, -9.749195528237328 ], [ -35.864214203937792, -9.749187546362101 ], [ -35.864126728773265, -9.749167837163483 ], [ -35.864039253625819, -9.749148127945576 ], [ -35.863985970997859, -9.74914007589515 ], [ -35.863902236113177, -9.749127962729826 ], [ -35.863864338740598, -9.749104928947794 ], [ -35.863814619571038, -9.749123375477057 ], [ -35.863776368613692, -9.749138146724793 ], [ -35.863698314820539, -9.749129866630618 ], [ -35.863640903019885, -9.749155803981074 ], [ -35.863560943760312, -9.749147506315861 ], [ -35.863526928096988, -9.749116946576555 ], [ -35.863496581940531, -9.749101543926644 ], [ -35.863450532266462, -9.749135147486813 ], [ -35.863404588675401, -9.7491574095306 ], [ -35.863339802512193, -9.749156813143816 ], [ -35.863271311498451, -9.749144840156385 ], [ -35.863229532509017, -9.749129332237558 ], [ -35.863168769509471, -9.749106087893779 ], [ -35.863130730748964, -9.749098176052179 ], [ -35.863073389675726, -9.74911655229241 ], [ -35.862993395113499, -9.749112035001984 ], [ -35.862932526039998, -9.749100132124148 ], [ -35.86287945571744, -9.749069396908078 ], [ -35.862841523087134, -9.749050143536484 ], [ -35.862799885625201, -9.74901951357387 ], [ -35.862750378684531, -9.749015276932994 ], [ -35.862704718065146, -9.749007294873984 ], [ -35.862655317246677, -9.748991716721124 ], [ -35.862594412852729, -9.748983594292783 ], [ -35.862567842348973, -9.748972007166071 ], [ -35.862514524483338, -9.748967735404063 ], [ -35.862453867720845, -9.748933149460168 ], [ -35.862415935143076, -9.748913896053448 ], [ -35.862366746610512, -9.748875634875084 ], [ -35.862321156784418, -9.748860091776326 ], [ -35.862275531588942, -9.748848329171096 ], [ -35.862233964971431, -9.748810138166542 ], [ -35.86220012637547, -9.748760675852219 ], [ -35.862166181660015, -9.748722555031488 ], [ -35.862132130822893, -9.748695775703252 ], [ -35.862086682546796, -9.748665110593215 ], [ -35.862029836837557, -9.748630559698189 ], [ -35.862003761675865, -9.748566045578297 ], [ -35.861923979606495, -9.748538845099068 ], [ -35.86188622400784, -9.748500689171415 ], [ -35.861886507034853, -9.748470445195334 ], [ -35.861913395865777, -9.748448007881739 ], [ -35.861883226771148, -9.748413702644521 ], [ -35.861868478318812, -9.748360635304435 ], [ -35.861823100870822, -9.748322409186811 ], [ -35.861800836693938, -9.748257930166027 ], [ -35.861782383456124, -9.748193486242201 ], [ -35.861767705776607, -9.748132857911902 ], [ -35.861763410873408, -9.748082722461548 ], [ -35.861752437993424, -9.748033470718195 ], [ -35.861703568071661, -9.747961185038353 ], [ -35.861689031917933, -9.747885434725946 ], [ -35.861666980042038, -9.74779827273403 ], [ -35.861633424630107, -9.747718566449063 ], [ -35.86161123125364, -9.747646526445552 ], [ -35.861548895462015, -9.74738413046242 ], [ -35.861504296483908, -9.747262733443925 ], [ -35.861460086685433, -9.747099750975631 ], [ -35.86139280797159, -9.746958295789311 ], [ -35.8613668391109, -9.746882440208065 ], [ -35.861345105711933, -9.746761253779164 ], [ -35.861323301559381, -9.746647628343798 ], [ -35.861364202942774, -9.745512634584948 ], [ -35.861356623100235, -9.745325873026502 ], [ -35.861356623100235, -9.7451241704259 ], [ -35.861394522312906, -9.744855233435452 ], [ -35.861458950974438, -9.744618045770901 ], [ -35.861470320738228, -9.744502253306496 ], [ -35.861504430029619, -9.744412607499973 ], [ -35.861538539321018, -9.744296814964251 ], [ -35.86156885869115, -9.744177287143302 ], [ -35.861606757903807, -9.744076435511063 ], [ -35.861644657116479, -9.743945701868316 ], [ -35.861716665620527, -9.743725322183195 ], [ -35.861845522943575, -9.743553500632819 ], [ -35.861872052392435, -9.743452648812012 ], [ -35.861906161683834, -9.743303238651112 ], [ -35.861989539951693, -9.743079123284327 ], [ -35.862065338377015, -9.742965197915167 ], [ -35.862103237589672, -9.742886757474436 ], [ -35.86216387632993, -9.742756023365583 ], [ -35.862167666251203, -9.742681318137535 ], [ -35.862171456172469, -9.74258793657896 ], [ -35.862160086408657, -9.742442261295379 ], [ -35.862167666251196, -9.742330203341666 ], [ -35.862213145306399, -9.742225615884253 ], [ -35.862277573967916, -9.742109822589608 ], [ -35.862326842944377, -9.741960411827467 ], [ -35.862422538456343, -9.741743766103527 ], [ -35.862468017511524, -9.741609296273102 ], [ -35.862536236094329, -9.741433738357411 ], [ -35.862615824440915, -9.741239503960077 ], [ -35.862718152315104, -9.741022857768165 ], [ -35.862873539087012, -9.74081741728388 ], [ -35.86299860648878, -9.740619447243011 ], [ -35.863051665386507, -9.740511123963381 ], [ -35.863089564599179, -9.740387859498995 ], [ -35.863131253733101, -9.740249653833255 ], [ -35.863157783181968, -9.740122653981858 ], [ -35.863176732788297, -9.740014330541015 ], [ -35.863210842079695, -9.739917212943467 ], [ -35.86323358160729, -9.739805154141983 ], [ -35.863275270741212, -9.739693095302856 ], [ -35.863279060662485, -9.739558624646238 ], [ -35.863282850583751, -9.739424153935476 ], [ -35.863657612748831, -9.737987716573594 ], [ -35.863695781818514, -9.737534491077389 ], [ -35.863683880376634, -9.737374958518847 ], [ -35.863695436747527, -9.737284724987379 ] ], [ [ -35.872998561642305, -9.739862273384359 ], [ -35.873003448876439, -9.73984137011491 ], [ -35.873020088011721, -9.739818247030019 ], [ -35.873041375867032, -9.739799821694621 ], [ -35.873062750449257, -9.739772086894323 ], [ -35.873081735619948, -9.739748985313577 ], [ -35.873095985337116, -9.739730495443899 ], [ -35.873105499602183, -9.739716617286286 ], [ -35.873103370377251, -9.73969332211902 ], [ -35.87311297136737, -9.739670134497464 ], [ -35.873117901951495, -9.739644576491351 ], [ -35.873122854215794, -9.739616691119041 ], [ -35.873151223541626, -9.739593675565485 ], [ -35.873167840970176, -9.739572879832043 ], [ -35.873186696034253, -9.739563742435459 ], [ -35.87319629701279, -9.739540554808432 ], [ -35.873212827712855, -9.739529068535308 ], [ -35.873233920413277, -9.739531589473597 ], [ -35.873238785941965, -9.739513013560446 ], [ -35.873248343554081, -9.739494480662596 ], [ -35.873260247206929, -9.739475969271822 ], [ -35.873260420648656, -9.739457350342329 ], [ -35.873262983492069, -9.739434098188006 ], [ -35.873267892376226, -9.739410867540977 ], [ -35.873286964227397, -9.739378456472554 ], [ -35.873310684797502, -9.739350743148561 ], [ -35.873338945690236, -9.73933936439987 ], [ -35.873364730465262, -9.739341928340256 ], [ -35.873376287238834, -9.73936065480493 ], [ -35.873395185645137, -9.739346862658204 ], [ -35.873402440558834, -9.739323653512251 ], [ -35.873437891322475, -9.739296047706333 ], [ -35.873452281907369, -9.73926242992602 ], [ -35.873490230447899, -9.739218554049934 ], [ -35.873516318708603, -9.739188534841251 ], [ -35.873584679048101, -9.739154247982853 ], [ -35.873643611861574, -9.739124529823661 ], [ -35.87370456556237, -9.739129743663106 ], [ -35.87376113065033, -9.739102331342421 ], [ -35.873798819029467, -9.739086383822569 ], [ -35.873848259283939, -9.73906821644367 ], [ -35.873902218217275, -9.73906871100194 ], [ -35.8739466846176, -9.739080756382497 ], [ -35.873984156248518, -9.73908808251711 ], [ -35.874015001566903, -9.739051124152724 ], [ -35.874034116675212, -9.739014058276968 ], [ -35.874069502346238, -9.738993434482516 ], [ -35.87409769817922, -9.738989037757541 ], [ -35.874130564420213, -9.73898701139939 ], [ -35.874168512853259, -9.738943135409647 ], [ -35.874222493455441, -9.738941302542592 ], [ -35.874288182590824, -9.738941904532625 ], [ -35.874286139956574, -9.738909299873537 ], [ -35.874260550232542, -9.738885789694631 ], [ -35.874249166783855, -9.738848444301428 ], [ -35.874247145823055, -9.738813512274822 ], [ -35.8742308535777, -9.738799397567847 ], [ -35.874222097906731, -9.738731817885329 ], [ -35.874225050755975, -9.738666673068371 ], [ -35.87424659853361, -9.738620319191021 ], [ -35.874260891476823, -9.738597174499416 ], [ -35.874284568569891, -9.738574115801233 ], [ -35.874315197090205, -9.738560431070223 ], [ -35.874423288205676, -9.738542801028371 ], [ -35.874460868156262, -9.738538490250233 ], [ -35.87451015662905, -9.738536614321962 ], [ -35.874538460773628, -9.738520580700733 ], [ -35.874594657348915, -9.738532733465256 ], [ -35.874629566233992, -9.738563311711488 ], [ -35.874652636587534, -9.738605419322587 ], [ -35.874699492365643, -9.73861283135151 ], [ -35.874744327128063, -9.738585311334822 ], [ -35.874765614822891, -9.738566885836397 ], [ -35.874821914345567, -9.738567983561886 ], [ -35.874850305155043, -9.73854264043149 ], [ -35.8748763932551, -9.738512621063087 ], [ -35.874916449250541, -9.738494367506149 ], [ -35.874975100225093, -9.738494904854228 ], [ -35.874989089795307, -9.738504343296979 ], [ -35.875047849103879, -9.738493243781578 ], [ -35.875036357230385, -9.738467535242174 ], [ -35.87502727639388, -9.738434866085349 ], [ -35.875091161070316, -9.738377262136391 ], [ -35.875164169904934, -9.738347672583782 ], [ -35.875180765489034, -9.738329204063087 ], [ -35.87521167560547, -9.738285263413806 ], [ -35.875228509485666, -9.738241193810797 ], [ -35.875266436034849, -9.738199644996595 ], [ -35.875287940312383, -9.738157945739703 ], [ -35.87538456110007, -9.738112279428364 ], [ -35.875445839677347, -9.738082582338594 ], [ -35.875474143756577, -9.738066548613284 ], [ -35.875518891755021, -9.738048337936837 ], [ -35.875547585728576, -9.737990411516629 ], [ -35.875601891146502, -9.737953667806364 ], [ -35.876693686065856, -9.73777341044361 ], [ -35.8773324191394, -9.737448253161638 ], [ -35.877420216671617, -9.737449056834627 ], [ -35.877465709372437, -9.737466894566884 ], [ -35.877514875998557, -9.737467344608183 ], [ -35.877571066431315, -9.73746785893246 ], [ -35.877609859367134, -9.737450792691444 ], [ -35.877662667506748, -9.73743733898764 ], [ -35.877750529865409, -9.737431174640406 ], [ -35.877807044305818, -9.737396849250114 ], [ -35.877873997244905, -9.73737307217435 ], [ -35.877923163876531, -9.737373522152573 ], [ -35.877943943703464, -9.737405070708894 ], [ -35.877982315447994, -9.737433296000834 ], [ -35.87802143235141, -9.737381390024076 ], [ -35.878067184280098, -9.737371355937057 ], [ -35.878091767600033, -9.73737158091309 ], [ -35.878144316558831, -9.737385998872785 ], [ -35.878193224036693, -9.737414320562136 ], [ -35.878256600281944, -9.737397479203139 ], [ -35.878344106327873, -9.73742963835698 ], [ -35.878354285701008, -9.737468058428847 ], [ -35.878424750555958, -9.737444313374043 ], [ -35.878470308138979, -9.737455183049372 ], [ -35.87852627187138, -9.737480085004252 ], [ -35.878596218453779, -9.737512083431001 ], [ -35.878638102192426, -9.73754034080449 ], [ -35.878648411169038, -9.737564824998255 ], [ -35.878715364138195, -9.737541047749078 ], [ -35.878743459392666, -9.737541304815531 ], [ -35.878799164048935, -9.737594078501573 ], [ -35.87909001858732, -9.738042725890011 ], [ -35.879285163610646, -9.738208271875871 ], [ -35.87933738892864, -9.738257529430975 ], [ -35.879514942172193, -9.738426398682467 ], [ -35.879574694503056, -9.738482195040227 ], [ -35.879574453831708, -9.738508086073521 ], [ -35.879552881541017, -9.738531428029136 ], [ -35.879543237940887, -9.738547817319221 ], [ -35.879540646533961, -9.738571332915939 ], [ -35.879538011366748, -9.738599555972886 ], [ -35.879547370534077, -9.738613765176474 ], [ -35.8795423846341, -9.738639612797627 ], [ -35.879523316221814, -9.73864885407257 ], [ -35.879508927391868, -9.738665199948368 ], [ -35.879496823651479, -9.738690982449587 ], [ -35.879454007236291, -9.738702360387508 ], [ -35.879444319863353, -9.738723457131574 ], [ -35.879429843503061, -9.738749217921551 ], [ -35.879412972646868, -9.738777310733232 ], [ -35.879393882343116, -9.738788905727159 ], [ -35.879374704512969, -9.738809915638832 ], [ -35.879355351628028, -9.738849755386736 ], [ -35.879329187243847, -9.738856577793294 ], [ -35.879305351707934, -9.738868129364606 ], [ -35.879278968500593, -9.738898489062366 ], [ -35.87926688661333, -9.738921917817404 ], [ -35.879250147027811, -9.738935888236766 ], [ -35.879221631906461, -9.738940335194478 ], [ -35.87920003767799, -9.738966030840263 ], [ -35.87918327620487, -9.738982354984111 ], [ -35.879164185883319, -9.73899394995891 ], [ -35.879144876726478, -9.739029082224835 ], [ -35.879116339714535, -9.739035882899996 ], [ -35.879092438509701, -9.739054495637456 ], [ -35.879059112500535, -9.739065960345474 ], [ -35.879039934634001, -9.7390869702265 ], [ -35.879018427920279, -9.739103250937452 ], [ -35.879001578893494, -9.739128989983016 ], [ -35.878970581719798, -9.739145183847263 ], [ -35.878946724270662, -9.739159089111842 ], [ -35.878922910590539, -9.73916828691665 ], [ -35.878903754595505, -9.739186943056703 ], [ -35.878891650783785, -9.739212725515342 ], [ -35.878858237212874, -9.739233605110925 ], [ -35.878829393777515, -9.739273357953957 ], [ -35.878822078957562, -9.739294476374358 ], [ -35.878793498150252, -9.739305984470111 ], [ -35.878774385913445, -9.739319933141314 ], [ -35.878733701272481, -9.739357223679299 ], [ -35.878728737171436, -9.739380717536323 ], [ -35.878702441420558, -9.739401662246911 ], [ -35.878680803346526, -9.739432065293821 ], [ -35.87866397616235, -9.739455450580875 ], [ -35.87861869947821, -9.739476221572529 ], [ -35.878599543448615, -9.739494877684431 ], [ -35.878570875066018, -9.739515800665286 ], [ -35.878527839652627, -9.739550715721604 ], [ -35.878527555095637, -9.739581314182935 ], [ -35.878517736294754, -9.739616533240186 ], [ -35.878470437198899, -9.739599622844777 ], [ -35.878451412492289, -9.739604156577762 ], [ -35.878415385455405, -9.739650905396191 ], [ -35.878379796213302, -9.739650579658656 ], [ -35.878330058838714, -9.739640708710541 ], [ -35.878306464024057, -9.739626369183183 ], [ -35.8782473675425, -9.739602288996121 ], [ -35.878199959017216, -9.739597147203293 ], [ -35.87810536089701, -9.73956332633076 ], [ -35.87810560170815, -9.739537435335482 ], [ -35.878101009722137, -9.739520915812374 ], [ -35.878089212325342, -9.739513746043672 ], [ -35.878030999862681, -9.73951268971132 ], [ -35.877993376424747, -9.739521655617095 ], [ -35.877969894247236, -9.739523768240735 ], [ -35.877951060880086, -9.739530578567042 ], [ -35.877932075976233, -9.739553680528243 ], [ -35.877938984247429, -9.739567709214972 ], [ -35.87784968268884, -9.739583184761736 ], [ -35.877715837123091, -9.739721032044711 ], [ -35.877649433153977, -9.739797234072574 ], [ -35.877623128590145, -9.739850527456596 ], [ -35.877597170433859, -9.739866582822934 ], [ -35.877580553191372, -9.739887378853567 ], [ -35.877539436118084, -9.740019674123763 ], [ -35.877515759043561, -9.740042733084703 ], [ -35.877496730772705, -9.740070489753748 ], [ -35.87746842653727, -9.740086523623024 ], [ -35.877449636438669, -9.740088679157427 ], [ -35.877419094408822, -9.740093054664268 ], [ -35.877416488518612, -9.740120961688316 ], [ -35.877428045575364, -9.74013968809375 ], [ -35.87743955932752, -9.740163069250031 ], [ -35.877429893614334, -9.740193239208283 ], [ -35.877410822019023, -9.740225650618132 ], [ -35.877398875203099, -9.740248816967243 ], [ -35.877375089833052, -9.740283512786366 ], [ -35.877351434380216, -9.740304244351016 ], [ -35.877327800578541, -9.740322648537957 ], [ -35.877327584038476, -9.740345922289402 ], [ -35.877317918305714, -9.740376092239419 ], [ -35.877298803376782, -9.740413158386206 ], [ -35.877255206418425, -9.740433707342223 ], [ -35.877222210026076, -9.740449698212903 ], [ -35.877205267897672, -9.740505404831092 ], [ -35.877195645456595, -9.74053092002289 ], [ -35.877190606852992, -9.74056811505397 ], [ -35.877159804912544, -9.740600419019605 ], [ -35.877166453284651, -9.740642376214863 ], [ -35.877107122804667, -9.740740280022681 ], [ -35.877089348498949, -9.740757590207409 ], [ -35.877073109575768, -9.740767634054134 ], [ -35.877065649421809, -9.740780670451349 ], [ -35.877061002623144, -9.740806837326275 ], [ -35.877049166630215, -9.740816921491435 ], [ -35.877029924672577, -9.740834218230509 ], [ -35.877022383224919, -9.740855990357201 ], [ -35.87701773642015, -9.740882157230054 ], [ -35.877008767970281, -9.740899548049629 ], [ -35.876482683090025, -9.741340876908561 ], [ -35.876436894189411, -9.741367321246727 ], [ -35.876249935387136, -9.741147746848764 ], [ -35.875310298801509, -9.74073314815544 ], [ -35.873086766663427, -9.741111891313823 ], [ -35.873075639228333, -9.742022559859562 ], [ -35.872988657072398, -9.739918044115564 ], [ -35.873000582442195, -9.739897205377888 ], [ -35.872998344812764, -9.739885547039817 ], [ -35.872998561642305, -9.739862273384359 ] ] ] ] } }
]
}
