{
"type": "FeatureCollection",
"name": "Areas_Embargadas",
"crs": { "type": "name", "properties": { "name": "urn:ogc:def:crs:OGC:1.3:CRS84" } },
"features": [
{ "type": "Feature", "properties": { "fid": 1.0, "LAT_GD": -9.28923, "LONG_GD": -37.87979, "IMG_ANTES": "05/2021", "IMG_DEPOIS": "10/2022", "BIOMA": "Caatinga", "COD_CAR": "AL-2700102-3FA5217D75AD41FD9E430ADB407E0AD8", "N_IMOVEL": "-", "NM_MUN": "Água Branca", "ORGAO": "-", "OPERACAO": "-", "PERIODO": "-", "N_PROCESSO": "2022.28115794692.AINF.IMA", "DATA_AI": "2022-11-28", "MOTIVO": "DESMATAMENTO", "AI": "2022.28111292355.UC'S.AINF", "TE": "SERIE C - TALAO 0032 - FOLHA 01578", "AI_APP": "-", "TE_APP": "-", "AI_RL": "-", "TE_RL": "-", "AREA_UTM": 5.65, "AREA_UC": 0.0, "AREA_TI": 0.0, "AREA_APP": 0.0, "AREA_RL": 0.0, "FORA_UC": 0.0, "FORA_TI": 0.0, "FORA_APP": 0.0, "FORA_RL": 0.0, "SITUACAO": "EMBARGADA" }, "geometry": { "type": "MultiPolygon", "coordinates": [ [ [ [ -37.878749264139117, -9.290967141472917 ], [ -37.87955745043962, -9.291205254298433 ], [ -37.879739018218793, -9.290853727277941 ], [ -37.880405988520899, -9.289161412183041 ], [ -37.880969249406633, -9.288438790526349 ], [ -37.881057373675823, -9.287627078190203 ], [ -37.881046011350087, -9.287174731554895 ], [ -37.880149124074777, -9.287801077684597 ], [ -37.87894937365855, -9.288680355925154 ], [ -37.878749264139117, -9.290967141472917 ] ] ] ] } },
{ "type": "Feature", "properties": { "fid": 2.0, "LAT_GD": -9.267269, "LONG_GD": -37.86036, "IMG_ANTES": "05/2021", "IMG_DEPOIS": "10/2022", "BIOMA": "Caatinga", "COD_CAR": "AL-2700102-F51BEE1F6D9D409FB90924116AD1A5DE", "N_IMOVEL": "FAZENDA BOA VISTA", "NM_MUN": "Água Branca", "ORGAO": "-", "OPERACAO": "-", "PERIODO": "-", "N_PROCESSO": "2022.28112864262.AINF.IMA", "DATA_AI": "2022-11-28", "MOTIVO": "DESMATAMENTO", "AI": "2022.28114796279.UC'S.AINF", "TE": "SERIE C - TALAO 0032 - FOLHA 01577", "AI_APP": "-", "TE_APP": "-", "AI_RL": "-", "TE_RL": "-", "AREA_UTM": 3.6, "AREA_UC": 0.0, "AREA_TI": 0.0, "AREA_APP": 0.0, "AREA_RL": 0.0, "FORA_UC": 0.0, "FORA_TI": 0.0, "FORA_APP": 0.0, "FORA_RL": 0.0, "SITUACAO": "EMBARGADA" }, "geometry": { "type": "MultiPolygon", "coordinates": [ [ [ [ -37.860747, -9.266172 ], [ -37.860312809718693, -9.2661676976228 ], [ -37.85976997437124, -9.2662689415532 ], [ -37.859337291939759, -9.267166063763959 ], [ -37.859996, -9.267501 ], [ -37.859681, -9.267697 ], [ -37.859702, -9.26794 ], [ -37.85989, -9.26793 ], [ -37.860029, -9.268385 ], [ -37.859927, -9.268724 ], [ -37.86019, -9.269221 ], [ -37.86041, -9.269216 ], [ -37.860367, -9.268612 ], [ -37.860582, -9.268639 ], [ -37.860721, -9.268888 ], [ -37.860909, -9.268708 ], [ -37.86129, -9.268909 ], [ -37.861483, -9.268782 ], [ -37.860239, -9.268406 ], [ -37.860180109302597, -9.268169580502226 ], [ -37.860407467239277, -9.268012552301263 ], [ -37.860363005889333, -9.267730710998967 ], [ -37.86073814213276, -9.26747274089397 ], [ -37.8611919849888, -9.267429112547973 ], [ -37.861049, -9.266961 ], [ -37.86099, -9.266241 ], [ -37.861564, -9.266209 ], [ -37.861601, -9.265971 ], [ -37.861367420919862, -9.26597100007613 ], [ -37.861003208895752, -9.266038930339844 ], [ -37.860747, -9.266172 ] ] ] ] } },
{ "type": "Feature", "properties": { "fid": 3.0, "LAT_GD": -9.394467, "LONG_GD": -37.85775, "IMG_ANTES": "06/2018", "IMG_DEPOIS": "08/2022", "BIOMA": "Caatinga", "COD_CAR": "AL-2700102-309534EB758146EB9938889CAED37517", "N_IMOVEL": "FAZENDA RIACHO SECO", "NM_MUN": "Água Branca", "ORGAO": "-", "OPERACAO": "-", "PERIODO": "-", "N_PROCESSO": "2022.01120269268.AINF.IMA", "DATA_AI": "2022-12-01", "MOTIVO": "DESMATAMENTO", "AI": "2022.01121816464.UC'S.AINF", "TE": "SERIE C - TALAO 0032 - FOLHA 01585", "AI_APP": "-", "TE_APP": "-", "AI_RL": "-", "TE_RL": "-", "AREA_UTM": 1.16, "AREA_UC": 0.0, "AREA_TI": 0.0, "AREA_APP": 0.0, "AREA_RL": 0.0, "FORA_UC": 0.0, "FORA_TI": 0.0, "FORA_APP": 0.0, "FORA_RL": 0.0, "SITUACAO": "EMBARGADA" }, "geometry": { "type": "MultiPolygon", "coordinates": [ [ [ [ -37.857333671915683, -9.394138742130655 ], [ -37.857011221303871, -9.394456876468089 ], [ -37.858461303321178, -9.395277836700464 ], [ -37.858571458182951, -9.395214403525991 ], [ -37.85752880513229, -9.39356399295804 ], [ -37.857334890933089, -9.393766905241257 ], [ -37.857333671915683, -9.394138742130655 ] ] ] ] } },
{ "type": "Feature", "properties": { "fid": 4.0, "LAT_GD": -9.393914, "LONG_GD": -37.8589, "IMG_ANTES": "06/2018", "IMG_DEPOIS": "08/2022", "BIOMA": "Caatinga", "COD_CAR": "AL-2700102-44C764D90CEE420D8A24DE331D5A433E", "N_IMOVEL": "FAZENDA RIACHO SECO", "NM_MUN": "Água Branca", "ORGAO": "-", "OPERACAO": "-", "PERIODO": "-", "N_PROCESSO": "2022.01123056882.AINF.IMA", "DATA_AI": "2022-12-01", "MOTIVO": "DESMATAMENTO", "AI": "2022.01124658798.UC'S.AINF", "TE": "SERIE C - TALAO 0032 - FOLHA 01589", "AI_APP": "-", "TE_APP": "-", "AI_RL": "-", "TE_RL": "-", "AREA_UTM": 4.16, "AREA_UC": 0.0, "AREA_TI": 0.0, "AREA_APP": 0.0, "AREA_RL": 0.0, "FORA_UC": 0.0, "FORA_TI": 0.0, "FORA_APP": 0.0, "FORA_RL": 0.0, "SITUACAO": "EMBARGADA" }, "geometry": { "type": "MultiPolygon", "coordinates": [ [ [ [ -37.858584670373808, -9.395206795222144 ], [ -37.860265061759492, -9.394239126600951 ], [ -37.859962118360983, -9.393649676456697 ], [ -37.859653723828927, -9.393808198080684 ], [ -37.858698, -9.392315 ], [ -37.858312, -9.392416 ], [ -37.858489, -9.392775 ], [ -37.858374342124513, -9.393389972325616 ], [ -37.857811361221053, -9.393793798120321 ], [ -37.857616686412939, -9.393472033652191 ], [ -37.857550585596563, -9.393541201804616 ], [ -37.858584670373808, -9.395206795222144 ] ] ] ] } },
{ "type": "Feature", "properties": { "fid": 5.0, "LAT_GD": -9.393695, "LONG_GD": -37.86058, "IMG_ANTES": "06/2018", "IMG_DEPOIS": "08/2022", "BIOMA": "Caatinga", "COD_CAR": "AL-2700102-C3EFBF36860542D8910CC78B2D110FCC", "N_IMOVEL": "FAZENDA RIACHO SECO", "NM_MUN": "Água Branca", "ORGAO": "-", "OPERACAO": "-", "PERIODO": "-", "N_PROCESSO": "2022.01125887598.AINF.IMA", "DATA_AI": "2022-12-01", "MOTIVO": "DESMATAMENTO", "AI": "2022.01121728368.UC'S.AINF", "TE": "SERIE C - TALAO 0032 - FOLHA 01585", "AI_APP": "-", "TE_APP": "-", "AI_RL": "-", "TE_RL": "-", "AREA_UTM": 0.72, "AREA_UC": 0.0, "AREA_TI": 0.0, "AREA_APP": 0.0, "AREA_RL": 0.0, "FORA_UC": 0.0, "FORA_TI": 0.0, "FORA_APP": 0.0, "FORA_RL": 0.0, "SITUACAO": "EMBARGADA" }, "geometry": { "type": "MultiPolygon", "coordinates": [ [ [ [ -37.860830077280859, -9.39320352399694 ], [ -37.860023083137492, -9.3936183391589 ], [ -37.860319473819168, -9.39420779268621 ], [ -37.861151740766452, -9.393728518746114 ], [ -37.860830077280859, -9.39320352399694 ] ] ] ] } },
{ "type": "Feature", "properties": { "fid": 6.0, "LAT_GD": -9.764212, "LONG_GD": -36.67738, "IMG_ANTES": "09/2020", "IMG_DEPOIS": "03/2024", "BIOMA": "Caatinga", "COD_CAR": "-", "N_IMOVEL": "-", "NM_MUN": "Arapiraca", "ORGAO": "-", "OPERACAO": "XIII FPI - 2024", "PERIODO": "-", "N_PROCESSO": "2024.08055609998.AINF.IMA", "DATA_AI": "2024-05-08", "MOTIVO": "DESMATAMENTO", "AI": "SERIE A - TALAO 0021 - FOLHA 01819", "TE": "SERIE C - TALAO 0048 - FOLHA 04727", "AI_APP": "-", "TE_APP": "-", "AI_RL": "-", "TE_RL": "-", "AREA_UTM": 7.5, "AREA_UC": 0.0, "AREA_TI": 0.0, "AREA_APP": 0.0, "AREA_RL": 0.0, "FORA_UC": 0.0, "FORA_TI": 0.0, "FORA_APP": 0.0, "FORA_RL": 0.0, "SITUACAO": "EMBARGADA" }, "geometry": { "type": "MultiPolygon", "coordinates": [ [ [ [ -36.677815743453955, -9.765744320623218 ], [ -36.678274869918823, -9.765735147019479 ], [ -36.678471959201318, -9.764927546341438 ], [ -36.678287745155899, -9.765145400328404 ], [ -36.678119025121283, -9.765069820549938 ], [ -36.678502, -9.764657 ], [ -36.678665, -9.764239 ], [ -36.678683, -9.763909 ], [ -36.678223, -9.763715 ], [ -36.678279, -9.763232 ], [ -36.678592, -9.763224 ], [ -36.678309, -9.762273 ], [ -36.678159, -9.762175 ], [ -36.67794, -9.762239 ], [ -36.677515, -9.762641 ], [ -36.677241, -9.762915 ], [ -36.677314, -9.763165 ], [ -36.677249, -9.763351 ], [ -36.67691, -9.763397 ], [ -36.676309, -9.763774 ], [ -36.67655, -9.764082 ], [ -36.676391, -9.76423 ], [ -36.676155, -9.764209 ], [ -36.675979, -9.764281 ], [ -36.675515, -9.764074 ], [ -36.675296, -9.764125 ], [ -36.675327, -9.764366 ], [ -36.675541, -9.764602 ], [ -36.675824, -9.764797 ], [ -36.675932, -9.764717 ], [ -36.67606, -9.764793 ], [ -36.675897, -9.76497 ], [ -36.676112, -9.76519 ], [ -36.67673, -9.765406 ], [ -36.677211, -9.765583 ], [ -36.677657, -9.765604 ], [ -36.67783, -9.765628 ], [ -36.677815743453955, -9.765744320623218 ] ] ] ] } },
{ "type": "Feature", "properties": { "fid": 7.0, "LAT_GD": -9.765654, "LONG_GD": -36.68113, "IMG_ANTES": "09/2020", "IMG_DEPOIS": "03/2024", "BIOMA": "Caatinga", "COD_CAR": "-", "N_IMOVEL": "-", "NM_MUN": "Arapiraca", "ORGAO": "-", "OPERACAO": "XIII FPI - 2024", "PERIODO": "-", "N_PROCESSO": "2024.08051029358.AINF.IMA", "DATA_AI": "2024-05-08", "MOTIVO": "DESMATAMENTO", "AI": "SERIE A - TALAO 0021 - FOLHA 01818", "TE": "SERIE C - TALAO 0048 - FOLHA 04731", "AI_APP": "-", "TE_APP": "-", "AI_RL": "-", "TE_RL": "-", "AREA_UTM": 16.17, "AREA_UC": 0.0, "AREA_TI": 0.0, "AREA_APP": 0.0, "AREA_RL": 0.0, "FORA_UC": 0.0, "FORA_TI": 0.0, "FORA_APP": 0.0, "FORA_RL": 0.0, "SITUACAO": "EMBARGADA" }, "geometry": { "type": "MultiPolygon", "coordinates": [ [ [ [ -36.678471959201318, -9.764927546341438 ], [ -36.678274869918823, -9.765735147019479 ], [ -36.677815743453955, -9.765744320623218 ], [ -36.677786, -9.765987 ], [ -36.678352, -9.766354 ], [ -36.678674, -9.766133 ], [ -36.678811, -9.766535 ], [ -36.678768, -9.766881 ], [ -36.678841, -9.767 ], [ -36.679627, -9.767046 ], [ -36.679884, -9.766987 ], [ -36.680045, -9.7668 ], [ -36.679928930947213, -9.766505833406837 ], [ -36.680879898415078, -9.766158167704544 ], [ -36.681478087628726, -9.766158167704544 ], [ -36.681340043964042, -9.766913962246187 ], [ -36.681938233177696, -9.767110468545923 ], [ -36.684177608182665, -9.767246511300836 ], [ -36.684484371881979, -9.766974425735384 ], [ -36.684975193800874, -9.76688373049747 ], [ -36.68528195750018, -9.766868614622092 ], [ -36.685481353904727, -9.766626760522522 ], [ -36.685450677534796, -9.766294210848686 ], [ -36.685113237465558, -9.766460485727128 ], [ -36.684039564517974, -9.766596528747712 ], [ -36.683057920680177, -9.766581412859288 ], [ -36.683149949789971, -9.765538414899916 ], [ -36.682935215200459, -9.7655535308357 ], [ -36.683134611605006, -9.764223325858714 ], [ -36.682521084206392, -9.764208209862536 ], [ -36.681938233177696, -9.764057049862901 ], [ -36.681508763998664, -9.764041933859174 ], [ -36.680925912969975, -9.764026817854749 ], [ -36.680020960057007, -9.764434949733301 ], [ -36.679698858172735, -9.76446518170439 ], [ -36.679438109028318, -9.764268673843167 ], [ -36.679007, -9.764051 ], [ -36.678594508855213, -9.76478261723522 ], [ -36.678471959201318, -9.764927546341438 ] ] ] ] } },
{ "type": "Feature", "properties": { "fid": 8.0, "LAT_GD": -9.681448, "LONG_GD": -36.6608, "IMG_ANTES": "09/2020", "IMG_DEPOIS": "03/2024", "BIOMA": "Caatinga", "COD_CAR": "-", "N_IMOVEL": "-", "NM_MUN": "Arapiraca", "ORGAO": "-", "OPERACAO": "XIII FPI - 2024", "PERIODO": "-", "N_PROCESSO": "2024.18060046246.AINF.IMA", "DATA_AI": "2024-05-08", "MOTIVO": "DESMATAMENTO", "AI": "SERIE A - TALAO 0013 - FOLHA 00609", "TE": "SERIE C - TALAO 0042 - FOLHA 04416", "AI_APP": "-", "TE_APP": "-", "AI_RL": "-", "TE_RL": "-", "AREA_UTM": 10.44, "AREA_UC": 0.0, "AREA_TI": 0.0, "AREA_APP": 0.0, "AREA_RL": 0.0, "FORA_UC": 0.0, "FORA_TI": 0.0, "FORA_APP": 0.0, "FORA_RL": 0.0, "SITUACAO": "EMBARGADA" }, "geometry": { "type": "MultiPolygon", "coordinates": [ [ [ [ -36.661389, -9.681024 ], [ -36.660645, -9.681326 ], [ -36.659777, -9.681307 ], [ -36.658175550119829, -9.681229974553977 ], [ -36.657960815530316, -9.681562608843915 ], [ -36.658712386593628, -9.681880123086065 ], [ -36.658712386593628, -9.682439552210873 ], [ -36.659571, -9.682042 ], [ -36.659722, -9.682496 ], [ -36.659893426835971, -9.682817544335213 ], [ -36.660338234199976, -9.683089698401259 ], [ -36.661503936257354, -9.682968741065794 ], [ -36.662505, -9.682611 ], [ -36.663078, -9.681513 ], [ -36.661897, -9.680551 ], [ -36.661446, -9.680326 ], [ -36.661389, -9.681024 ] ] ], [ [ [ -36.660468608772177, -9.68033790824089 ], [ -36.661365892592663, -9.679838954863111 ], [ -36.660261543275141, -9.678500848963791 ], [ -36.659625008599072, -9.679453399472667 ], [ -36.660468608772177, -9.68033790824089 ] ] ] ] } },
{ "type": "Feature", "properties": { "fid": 9.0, "LAT_GD": -9.702347, "LONG_GD": -36.74393, "IMG_ANTES": "09/2020", "IMG_DEPOIS": "03/2024", "BIOMA": "Caatinga", "COD_CAR": "-", "N_IMOVEL": "-", "NM_MUN": "Arapiraca", "ORGAO": "-", "OPERACAO": "XIII FPI - 2024", "PERIODO": "-", "N_PROCESSO": "2024.01050953150.AINF.IMA", "DATA_AI": "2024-04-29", "MOTIVO": "DESMATAMENTO", "AI": "SERIE A - TALAO 0009 - FOLHA 00442", "TE": "SERIE C - TALAO 0043 - FOLHA 02145", "AI_APP": "-", "TE_APP": "-", "AI_RL": "-", "TE_RL": "-", "AREA_UTM": 15.21, "AREA_UC": 0.0, "AREA_TI": 0.0, "AREA_APP": 0.0, "AREA_RL": 0.0, "FORA_UC": 0.0, "FORA_TI": 0.0, "FORA_APP": 0.0, "FORA_RL": 0.0, "SITUACAO": "EMBARGADA" }, "geometry": { "type": "MultiPolygon", "coordinates": [ [ [ [ -36.745664, -9.702021 ], [ -36.744958004567643, -9.699700324639812 ], [ -36.743837598444074, -9.700246941066004 ], [ -36.74216264787551, -9.70070431330905 ], [ -36.743135929962655, -9.702031804821216 ], [ -36.742751144021227, -9.7024557085662 ], [ -36.74303407486051, -9.702723436970954 ], [ -36.742592702751224, -9.703013475834712 ], [ -36.742219234043375, -9.702980009824788 ], [ -36.741970254904807, -9.702678815585019 ], [ -36.741732592999803, -9.702779213695017 ], [ -36.741913668736942, -9.703582397492143 ], [ -36.742368, -9.705042 ], [ -36.74362257100622, -9.704184784076528 ], [ -36.746089727924783, -9.703314669773677 ], [ -36.745664, -9.702021 ] ] ] ] } },
{ "type": "Feature", "properties": { "fid": 10.0, "LAT_GD": -9.687035, "LONG_GD": -36.65644, "IMG_ANTES": "09/2020", "IMG_DEPOIS": "03/2024", "BIOMA": "Caatinga", "COD_CAR": "-", "N_IMOVEL": "-", "NM_MUN": "Arapiraca", "ORGAO": "-", "OPERACAO": "XIII FPI - 2024", "PERIODO": "-", "N_PROCESSO": "2024.05075729811.AINF.IMA", "DATA_AI": "2024-05-08", "MOTIVO": "DESMATAMENTO", "AI": "SERIE A - TALAO 0013 - FOLHA 00608", "TE": "SERIE C - TALAO 0042 - FOLHA 04415", "AI_APP": "-", "TE_APP": "-", "AI_RL": "-", "TE_RL": "-", "AREA_UTM": 15.81, "AREA_UC": 0.0, "AREA_TI": 0.0, "AREA_APP": 0.0, "AREA_RL": 0.0, "FORA_UC": 0.0, "FORA_TI": 0.0, "FORA_APP": 0.0, "FORA_RL": 0.0, "SITUACAO": "EMBARGADA" }, "geometry": { "type": "MultiPolygon", "coordinates": [ [ [ [ -36.659371928547152, -9.687610447563458 ], [ -36.658390284709355, -9.686249693350558 ], [ -36.657684728200941, -9.684949411948809 ], [ -36.654923854907146, -9.685796107387079 ], [ -36.654156945658876, -9.686310171432718 ], [ -36.654003563809226, -9.68673351770272 ], [ -36.655629411415568, -9.68999931383709 ], [ -36.656150909704387, -9.688638569309926 ], [ -36.656580378883426, -9.688154747703916 ], [ -36.657224582651978, -9.688094269954126 ], [ -36.658482313819157, -9.687882597744023 ], [ -36.659371928547152, -9.687610447563458 ] ] ] ] } },
{ "type": "Feature", "properties": { "fid": 11.0, "LAT_GD": -9.685711, "LONG_GD": -37.06514, "IMG_ANTES": "12/2018", "IMG_DEPOIS": "03/2023", "BIOMA": "Caatinga", "COD_CAR": "AL-2700706-CA3F51A5F72841AD894B0FF087CD970B", "N_IMOVEL": "FAZENDA CHARCO FUNDO", "NM_MUN": "Batalha", "ORGAO": "-", "OPERACAO": "-", "PERIODO": "-", "N_PROCESSO": "2023.17055575371.AINF.IMA", "DATA_AI": "2023-05-17", "MOTIVO": "DESMATAMENTO", "AI": "SERIE A - TALAO 0004 - FOLHA 00194", "TE": "SERIE C - TALAO 0032 - FOLHA 01599", "AI_APP": "-", "TE_APP": "-", "AI_RL": "-", "TE_RL": "-", "AREA_UTM": 38.63, "AREA_UC": 0.0, "AREA_TI": 0.0, "AREA_APP": 0.0, "AREA_RL": 0.0, "FORA_UC": 0.0, "FORA_TI": 0.0, "FORA_APP": 0.0, "FORA_RL": 0.0, "SITUACAO": "EMBARGADA" }, "geometry": { "type": "MultiPolygon", "coordinates": [ [ [ [ -37.0676497775287, -9.687246509937969 ], [ -37.070693634309897, -9.686641365651941 ], [ -37.070569177163001, -9.68487878095709 ], [ -37.070116416038303, -9.685025700801781 ], [ -37.066595648502599, -9.684288444449759 ], [ -37.063046661427897, -9.68322217143429 ], [ -37.062234264804601, -9.683038226707559 ], [ -37.060872895713104, -9.684017008201369 ], [ -37.061902637562497, -9.68832742826512 ], [ -37.065371905164902, -9.687539898686889 ], [ -37.0676497775287, -9.687246509937969 ] ] ] ] } },
{ "type": "Feature", "properties": { "fid": 12.0, "LAT_GD": -9.675476, "LONG_GD": -37.0761, "IMG_ANTES": "07/2021", "IMG_DEPOIS": "01/2022", "BIOMA": "Caatinga", "COD_CAR": "AL-2700706-D49C39F8647E40459C52F0401215B3DA", "N_IMOVEL": "FAZENDA CHARCO FUNDO", "NM_MUN": "Batalha", "ORGAO": "-", "OPERACAO": "-", "PERIODO": "-", "N_PROCESSO": "2023.17050846577.AINF.IMA", "DATA_AI": "2023-05-17", "MOTIVO": "DESMATAMENTO", "AI": "2023.17053781885.UC'S.AINF", "TE": "SERIE C - TALAO 0038 - FOLHA 01856", "AI_APP": "-", "TE_APP": "-", "AI_RL": "-", "TE_RL": "-", "AREA_UTM": 20.47, "AREA_UC": 0.0, "AREA_TI": 0.0, "AREA_APP": 0.0, "AREA_RL": 0.0, "FORA_UC": 0.0, "FORA_TI": 0.0, "FORA_APP": 0.0, "FORA_RL": 0.0, "SITUACAO": "EMBARGADA" }, "geometry": { "type": "MultiPolygon", "coordinates": [ [ [ [ -37.0757503661481, -9.67826982409369 ], [ -37.075896719016399, -9.67822973586445 ], [ -37.076570947717002, -9.67804270537202 ], [ -37.076578809097597, -9.678093081899171 ], [ -37.076687, -9.67807 ], [ -37.07703, -9.680778 ], [ -37.077567, -9.680884 ], [ -37.07776, -9.68118 ], [ -37.078146, -9.680947 ], [ -37.077481, -9.679234 ], [ -37.077395, -9.677436 ], [ -37.076579, -9.677224 ], [ -37.076322, -9.674813 ], [ -37.077588, -9.674348 ], [ -37.077738, -9.671915 ], [ -37.076451, -9.672042 ], [ -37.075828, -9.672634 ], [ -37.075377, -9.672486 ], [ -37.075141, -9.672127 ], [ -37.074197, -9.672528 ], [ -37.075098, -9.678409 ], [ -37.0757503661481, -9.67826982409369 ] ] ] ] } },
{ "type": "Feature", "properties": { "fid": 13.0, "LAT_GD": -9.549716, "LONG_GD": -36.46697, "IMG_ANTES": "01/2022", "IMG_DEPOIS": "02/2022", "BIOMA": "Mata Atlântica", "COD_CAR": "AL-2709004-29C2AEB17D024E2692791C3405229552", "N_IMOVEL": "-", "NM_MUN": "Belém", "ORGAO": "-", "OPERACAO": "-", "PERIODO": "-", "N_PROCESSO": "2023.19065626047.AINF.IMA", "DATA_AI": "2023-09-21", "MOTIVO": "DESMATAMENTO", "AI": "2023.30095116979.UC'S.AINF", "TE": "SERIE C - TALAO 0045 - FOLHA 02705", "AI_APP": "-", "TE_APP": "-", "AI_RL": "-", "TE_RL": "-", "AREA_UTM": 5.79, "AREA_UC": 0.0, "AREA_TI": 0.0, "AREA_APP": 0.0, "AREA_RL": 0.0, "FORA_UC": 0.0, "FORA_TI": 0.0, "FORA_APP": 0.0, "FORA_RL": 0.0, "SITUACAO": "EMBARGADA" }, "geometry": { "type": "MultiPolygon", "coordinates": [ [ [ [ -36.467631065293297, -9.551210125970901 ], [ -36.467521403931798, -9.55109548000206 ], [ -36.467271395249703, -9.55126016482879 ], [ -36.466918816522799, -9.551534899425279 ], [ -36.466624903924199, -9.55176392050063 ], [ -36.466297655875898, -9.551715527995819 ], [ -36.466195975729597, -9.551700491826789 ], [ -36.466209426123001, -9.551744007805469 ], [ -36.466378365942603, -9.552290577810069 ], [ -36.466842101683298, -9.55218474115888 ], [ -36.467730199286102, -9.551539559285899 ], [ -36.467740928122197, -9.55132498256469 ], [ -36.467631065293297, -9.551210125970901 ] ] ], [ [ [ -36.4732210789197, -9.55300913141388 ], [ -36.473197307385597, -9.55281260661951 ], [ -36.4731960482696, -9.55280219721485 ], [ -36.473159477291297, -9.55249985644226 ], [ -36.473150253295898, -9.552423599529799 ], [ -36.473115287552602, -9.54984064526889 ], [ -36.4731049370302, -9.54963588409815 ], [ -36.472774315478603, -9.549415469730411 ], [ -36.473000538720001, -9.552446861165389 ], [ -36.473022050123603, -9.5527351139741 ], [ -36.473022781428298, -9.55274491345711 ], [ -36.473044611239096, -9.553037432922149 ], [ -36.473045812677398, -9.553053532195261 ], [ -36.473068475764599, -9.553047790879839 ], [ -36.4732210789197, -9.55300913141388 ] ] ], [ [ [ -36.469624947971703, -9.550162087027299 ], [ -36.469502774232197, -9.55029783562674 ], [ -36.469529923952102, -9.550623632265379 ], [ -36.471050308265703, -9.55039285964633 ], [ -36.470996008825999, -9.550107787587519 ], [ -36.470656637327401, -9.549741266369059 ], [ -36.470425864708297, -9.54974126636905 ], [ -36.469624947971703, -9.550162087027299 ] ] ], [ [ [ -36.469421325072503, -9.54822088205538 ], [ -36.469407750212604, -9.54801725915623 ], [ -36.469136253013701, -9.547623588217871 ], [ -36.468348911136999, -9.547664312797711 ], [ -36.467887365898903, -9.547772911677249 ], [ -36.467656593279898, -9.54799010943635 ], [ -36.467507269820501, -9.548424504954539 ], [ -36.467615868700001, -9.548899625052551 ], [ -36.467955240198599, -9.5495376434699 ], [ -36.468756156935299, -9.54926614627102 ], [ -36.469204127313397, -9.548981074212209 ], [ -36.469299151332997, -9.548628127853689 ], [ -36.4689462049745, -9.54870957701335 ], [ -36.4689462049745, -9.54858740327386 ], [ -36.468932630114601, -9.54832948093493 ], [ -36.469027654134202, -9.548220882055389 ], [ -36.469421325072503, -9.54822088205538 ] ] ] ] } },
{ "type": "Feature", "properties": { "fid": 14.0, "LAT_GD": -9.551241, "LONG_GD": -36.47544, "IMG_ANTES": "01/2022", "IMG_DEPOIS": "02/2022", "BIOMA": "Mata Atlântica", "COD_CAR": "AL-2700805-30D656516CE44FFB90D1824124E45A86", "N_IMOVEL": "FAZENDA BELEM", "NM_MUN": "Belém", "ORGAO": "-", "OPERACAO": "-", "PERIODO": "-", "N_PROCESSO": "2023.21093629477.AINF.IMA", "DATA_AI": "2023-09-21", "MOTIVO": "DESMATAMENTO", "AI": "2023.30090596586.UC'S.AINF", "TE": "SERIE C - TALAO 0045 - FOLHA 02704", "AI_APP": "-", "TE_APP": "-", "AI_RL": "-", "TE_RL": "-", "AREA_UTM": 15.12, "AREA_UC": 0.0, "AREA_TI": 0.0, "AREA_APP": 0.0, "AREA_RL": 0.0, "FORA_UC": 0.0, "FORA_TI": 0.0, "FORA_APP": 0.0, "FORA_RL": 0.0, "SITUACAO": "EMBARGADA" }, "geometry": { "type": "MultiPolygon", "coordinates": [ [ [ [ -36.478971475823002, -9.553840888260259 ], [ -36.478499407036303, -9.553497565506349 ], [ -36.478660339577203, -9.55458117794837 ], [ -36.479249523671598, -9.55527980922599 ], [ -36.479751793489498, -9.554913288007519 ], [ -36.479035848839303, -9.554012549637219 ], [ -36.478971475823002, -9.553840888260259 ] ] ], [ [ [ -36.474795505946702, -9.552610276567041 ], [ -36.474824594451, -9.55260290747928 ], [ -36.475082041668898, -9.5525376875174 ], [ -36.476170872319202, -9.552044456539081 ], [ -36.476205831645501, -9.55202862026306 ], [ -36.476230177315401, -9.55201759188267 ], [ -36.476258810608599, -9.55200462124559 ], [ -36.4770198542953, -9.55165987496015 ], [ -36.478258558895703, -9.551098752363391 ], [ -36.477606965618399, -9.55009421272757 ], [ -36.477587648099103, -9.549512691092771 ], [ -36.477673478787601, -9.549040622306141 ], [ -36.477523275082802, -9.548654384208 ], [ -36.474403298671803, -9.550501458525879 ], [ -36.4731049370302, -9.54963588409815 ], [ -36.473115287552602, -9.54984064526889 ], [ -36.473150253295898, -9.552423599529799 ], [ -36.473159477291297, -9.55249985644226 ], [ -36.4731960482696, -9.55280219721485 ], [ -36.473197307385597, -9.55281260661951 ], [ -36.4732210789197, -9.55300913141388 ], [ -36.473530185713003, -9.55293082435958 ], [ -36.473552858580803, -9.552925080566389 ], [ -36.474795505946702, -9.552610276567041 ] ] ] ] } },
{ "type": "Feature", "properties": { "fid": 15.0, "LAT_GD": -9.848218, "LONG_GD": -37.23098, "IMG_ANTES": "12/2018", "IMG_DEPOIS": "03/2023", "BIOMA": "Caatinga", "COD_CAR": "AL-2700904-8C7C18000D22415C8738C479228E83A6", "N_IMOVEL": "-", "NM_MUN": "Belo Monte", "ORGAO": "-", "OPERACAO": "-", "PERIODO": "-", "N_PROCESSO": "2023.11053363039.AINF.IMA", "DATA_AI": "2023-05-10", "MOTIVO": "DESMATAMENTO", "AI": "2023.11050416770.UC'S.AINF", "TE": "SERIE C - TALAO 0032 - FOLHA 01592", "AI_APP": "-", "TE_APP": "-", "AI_RL": "-", "TE_RL": "-", "AREA_UTM": 10.11, "AREA_UC": 0.0, "AREA_TI": 0.0, "AREA_APP": 0.0, "AREA_RL": 0.0, "FORA_UC": 0.0, "FORA_TI": 0.0, "FORA_APP": 0.0, "FORA_RL": 0.0, "SITUACAO": "EMBARGADA" }, "geometry": { "type": "MultiPolygon", "coordinates": [ [ [ [ -37.232494765827902, -9.84577529737396 ], [ -37.232490117565703, -9.845778364348149 ], [ -37.231504738418401, -9.846443284261341 ], [ -37.231208089919598, -9.84667714832095 ], [ -37.230759879721802, -9.84717780676306 ], [ -37.230210359887103, -9.847560072916419 ], [ -37.229604056998802, -9.847844735979059 ], [ -37.229172229476802, -9.84804748071481 ], [ -37.228939739286702, -9.848208031807509 ], [ -37.2286455426459, -9.848294761109759 ], [ -37.228479100124702, -9.84837290590092 ], [ -37.228527123073299, -9.848418581474601 ], [ -37.229897831918301, -9.84943877141596 ], [ -37.231242039983002, -9.85014391491193 ], [ -37.231789584058497, -9.849503537993829 ], [ -37.232494492796, -9.84866014263236 ], [ -37.232286583210701, -9.84807609107513 ], [ -37.232494765827902, -9.84577529737396 ] ] ] ] } },
{ "type": "Feature", "properties": { "fid": 16.0, "LAT_GD": -9.876152, "LONG_GD": -37.21306, "IMG_ANTES": "12/2018", "IMG_DEPOIS": "03/2023", "BIOMA": "Caatinga", "COD_CAR": "AL-2700904-413CAB768699413C8DD54510696110CB", "N_IMOVEL": "FAZENDA BARRA DO IPANEMA", "NM_MUN": "Belo Monte", "ORGAO": "-", "OPERACAO": "-", "PERIODO": "-", "N_PROCESSO": "2023.11051512442.AINF.IMA", "DATA_AI": "2023-05-10", "MOTIVO": "DESMATAMENTO", "AI": "2023.11054067575.UC'S.AINF", "TE": "SERIE C - TALAO 0032 - FOLHA 01593", "AI_APP": "-", "TE_APP": "-", "AI_RL": "-", "TE_RL": "-", "AREA_UTM": 102.37, "AREA_UC": 0.0, "AREA_TI": 0.0, "AREA_APP": 0.0, "AREA_RL": 0.0, "FORA_UC": 0.0, "FORA_TI": 0.0, "FORA_APP": 0.0, "FORA_RL": 0.0, "SITUACAO": "EMBARGADA" }, "geometry": { "type": "MultiPolygon", "coordinates": [ [ [ [ -37.209156927915402, -9.87785167333773 ], [ -37.209635517341397, -9.878304182101299 ], [ -37.209703046104302, -9.878267088283909 ], [ -37.210392871266301, -9.878928449221849 ], [ -37.212200806534803, -9.87910247826275 ], [ -37.212636083101103, -9.879448584224891 ], [ -37.212923126328903, -9.879330527280461 ], [ -37.213375413806602, -9.879317980265061 ], [ -37.214475864755002, -9.87930887092789 ], [ -37.215006260638297, -9.878788516978631 ], [ -37.215397608968601, -9.878895224967509 ], [ -37.215379876285802, -9.879388402424681 ], [ -37.2155861323129, -9.880275142273209 ], [ -37.216004407322202, -9.88097989755099 ], [ -37.216568265628098, -9.88264207212003 ], [ -37.216488788287698, -9.883403979832281 ], [ -37.216560934590603, -9.88400226719849 ], [ -37.216541751688403, -9.88476449438344 ], [ -37.2166761875405, -9.88499315820132 ], [ -37.218432320234697, -9.883597383199779 ], [ -37.218476308059998, -9.88102662180351 ], [ -37.218196425657901, -9.879814381475329 ], [ -37.217984992597898, -9.8798880005098 ], [ -37.217861184551602, -9.88048525062338 ], [ -37.217454437496201, -9.880438254053219 ], [ -37.2164457921549, -9.88019374929398 ], [ -37.217397845751201, -9.87975036317925 ], [ -37.217414529197299, -9.87945149881946 ], [ -37.216526636497001, -9.87917773890357 ], [ -37.216103368055897, -9.87939971073375 ], [ -37.215696381235297, -9.87939755389888 ], [ -37.215820514516302, -9.8787405163737 ], [ -37.216107234263497, -9.87868224519616 ], [ -37.216244748576798, -9.878339178371769 ], [ -37.2165758833845, -9.87843061832238 ], [ -37.216695344556399, -9.878640517914651 ], [ -37.2169512730419, -9.87870166393979 ], [ -37.217086130117998, -9.87885185445329 ], [ -37.217508833996398, -9.87873451161447 ], [ -37.217430729640498, -9.87924231770492 ], [ -37.217987567514299, -9.879409689676731 ], [ -37.217931296281598, -9.878662009833119 ], [ -37.217842222747002, -9.878407428478511 ], [ -37.2185089178477, -9.877768208069909 ], [ -37.218689880674503, -9.877754217835999 ], [ -37.219101428024402, -9.878309457852939 ], [ -37.220144396955597, -9.877776857299599 ], [ -37.220794808619502, -9.877361760237671 ], [ -37.220494623301398, -9.87712101137633 ], [ -37.2200096993394, -9.87759677337233 ], [ -37.219558297038503, -9.877444910253621 ], [ -37.218821222131403, -9.877157006750879 ], [ -37.218281893647102, -9.87653756312673 ], [ -37.217754161186001, -9.876564665777551 ], [ -37.217767464720502, -9.87689358426976 ], [ -37.2180212202733, -9.877358304115971 ], [ -37.217719186870603, -9.877461339044229 ], [ -37.217133895473303, -9.876979916204631 ], [ -37.217664685806497, -9.876384820538121 ], [ -37.2176812878511, -9.876100903250521 ], [ -37.2169429303787, -9.87605215175987 ], [ -37.216413025218202, -9.87648282692747 ], [ -37.215764786125199, -9.87649434053395 ], [ -37.215750598614299, -9.87632984148868 ], [ -37.216582938763104, -9.875721397623391 ], [ -37.2157843695894, -9.87565737727305 ], [ -37.216284207584799, -9.875211596120129 ], [ -37.218212156083503, -9.87549085905176 ], [ -37.218633649274103, -9.875597722290189 ], [ -37.219037818528101, -9.87612302764769 ], [ -37.219730876514703, -9.876186482801369 ], [ -37.2203926634377, -9.876459038567919 ], [ -37.2199585855425, -9.875888733353831 ], [ -37.219582713436999, -9.875707374556489 ], [ -37.2193595050203, -9.875168078929249 ], [ -37.2193907769703, -9.87495897710942 ], [ -37.2196775735868, -9.874885754960451 ], [ -37.219544323520701, -9.87443662091454 ], [ -37.219167167327498, -9.87449441761442 ], [ -37.218896409006703, -9.87438835237378 ], [ -37.219846353718999, -9.87433358374669 ], [ -37.219924291304501, -9.873855670570419 ], [ -37.2202705771994, -9.873932238721549 ], [ -37.220208757636598, -9.874215917637811 ], [ -37.220356198519703, -9.87482955082406 ], [ -37.220718442324497, -9.87474177871338 ], [ -37.220747384626499, -9.874966146576661 ], [ -37.220219332898601, -9.875053042514219 ], [ -37.220128008706503, -9.87521698415879 ], [ -37.220669768887703, -9.87538427111943 ], [ -37.220774158707698, -9.87559408992319 ], [ -37.221648178390403, -9.87564354931672 ], [ -37.2218430097763, -9.87585384548005 ], [ -37.221539934821799, -9.87615119849084 ], [ -37.221553322481299, -9.87646517025261 ], [ -37.221869384399, -9.876556525324821 ], [ -37.2222016435542, -9.87643869820009 ], [ -37.222652083638799, -9.87676992480443 ], [ -37.223241314558599, -9.87651892371205 ], [ -37.224022736352197, -9.875816168053129 ], [ -37.223232772897099, -9.87507126716454 ], [ -37.2223549915334, -9.874548626671761 ], [ -37.221396393182502, -9.873407543037731 ], [ -37.220459275448299, -9.87388091887699 ], [ -37.219737039131999, -9.873637939908781 ], [ -37.2182264879212, -9.874227858860509 ], [ -37.215794201406702, -9.875231422021081 ], [ -37.214829504361703, -9.87522630997497 ], [ -37.214168451647403, -9.87481921980949 ], [ -37.213794600283002, -9.87426417570973 ], [ -37.213569225854798, -9.874128451955659 ], [ -37.212773323878302, -9.8735711684187 ], [ -37.212081162662699, -9.873343281248941 ], [ -37.2113295974031, -9.872950653864439 ], [ -37.210938661553897, -9.872769206768339 ], [ -37.210697812627402, -9.872708137215721 ], [ -37.209554428121997, -9.87229847749134 ], [ -37.205783522029698, -9.86997649208139 ], [ -37.203080719054299, -9.872222903692171 ], [ -37.203740776998899, -9.87280937760309 ], [ -37.204027167546499, -9.872810904586389 ], [ -37.204163474502202, -9.87269205095906 ], [ -37.204240460965799, -9.87239351057897 ], [ -37.204407724162301, -9.872125346411661 ], [ -37.204468178829501, -9.872095773541909 ], [ -37.204494841522603, -9.872738659913169 ], [ -37.204705704158897, -9.87276967882365 ], [ -37.205128725435998, -9.87259256244092 ], [ -37.205400042825502, -9.87259400791382 ], [ -37.205565362108302, -9.872684573858511 ], [ -37.205790488537303, -9.87286514358852 ], [ -37.206301682577198, -9.87310702679004 ], [ -37.205138534208302, -9.87356420516401 ], [ -37.205137481260103, -9.873758517639629 ], [ -37.205286350863702, -9.874103104430469 ], [ -37.206057111066002, -9.87373352160972 ], [ -37.206585241297603, -9.873631701041139 ], [ -37.206840920071002, -9.87373769514268 ], [ -37.206991248045, -9.873813233179581 ], [ -37.207367836847503, -9.873860080279551 ], [ -37.207789969150397, -9.87384737904444 ], [ -37.207895482017598, -9.873847940436059 ], [ -37.207849453458003, -9.873997171199409 ], [ -37.207381292157102, -9.87415910313238 ], [ -37.206792948893302, -9.87424565672392 ], [ -37.206672119892602, -9.87428985608741 ], [ -37.206581437422898, -9.874334215921341 ], [ -37.206760779111001, -9.874619174379131 ], [ -37.206880475271099, -9.874784234780959 ], [ -37.206789307082097, -9.87491827740689 ], [ -37.206517987581897, -9.87491683271608 ], [ -37.206172111207003, -9.874765515194911 ], [ -37.205991474580003, -9.874719710416629 ], [ -37.205870402422399, -9.874808750797349 ], [ -37.2064102887839, -9.875319843145631 ], [ -37.207099939212398, -9.87601110295264 ], [ -37.208331183446397, -9.87689956224092 ], [ -37.209162664623598, -9.87784568241376 ], [ -37.209156927915402, -9.87785167333773 ] ] ] ] } },
{ "type": "Feature", "properties": { "fid": 17.0, "LAT_GD": -9.840547, "LONG_GD": -37.23094, "IMG_ANTES": "12/2018", "IMG_DEPOIS": "03/2023", "BIOMA": "Caatinga", "COD_CAR": "AL-2700904-C79BECB5177B4931BA20427F49007C51", "N_IMOVEL": "FAZENDA BOA VISTA", "NM_MUN": "Belo Monte", "ORGAO": "-", "OPERACAO": "-", "PERIODO": "-", "N_PROCESSO": "2023.10052650764.AINF.IMA", "DATA_AI": "2023-05-10", "MOTIVO": "DESMATAMENTO", "AI": "2023.11055189592.UC'S.AINF", "TE": "SERIE C - TALAO 0032 - FOLHA 01591", "AI_APP": "-", "TE_APP": "-", "AI_RL": "-", "TE_RL": "-", "AREA_UTM": 31.49, "AREA_UC": 0.0, "AREA_TI": 0.0, "AREA_APP": 0.0, "AREA_RL": 0.0, "FORA_UC": 0.0, "FORA_TI": 0.0, "FORA_APP": 0.0, "FORA_RL": 0.0, "SITUACAO": "EMBARGADA" }, "geometry": { "type": "MultiPolygon", "coordinates": [ [ [ [ -37.2277137212143, -9.84120594540143 ], [ -37.227751616883097, -9.84141066313337 ], [ -37.2279689543034, -9.84258730020192 ], [ -37.228134748878396, -9.843426400244409 ], [ -37.228415276287002, -9.844390326098869 ], [ -37.231399661181399, -9.84260135898732 ], [ -37.234458145051804, -9.84055971373831 ], [ -37.233387536184601, -9.8384887161624 ], [ -37.2324965385327, -9.836941093759769 ], [ -37.232167502208597, -9.836461044185221 ], [ -37.231737467272602, -9.836116151675171 ], [ -37.231518465019903, -9.836596899706111 ], [ -37.230953489853398, -9.83800926198543 ], [ -37.230866717470299, -9.83812191826145 ], [ -37.230772709578602, -9.83835075807059 ], [ -37.230132759609198, -9.839133820600649 ], [ -37.230026676204801, -9.839212534982339 ], [ -37.229921442705297, -9.83934915777669 ], [ -37.2289432245189, -9.840016456738301 ], [ -37.228703900336399, -9.84019403432054 ], [ -37.2285784877715, -9.840265263131879 ], [ -37.228529731787603, -9.840298522125821 ], [ -37.227692109348197, -9.84090258927157 ], [ -37.2277137212143, -9.84120594540143 ] ] ] ] } },
{ "type": "Feature", "properties": { "fid": 18.0, "LAT_GD": -9.827224, "LONG_GD": -37.07276, "IMG_ANTES": "08/2021", "IMG_DEPOIS": "03/2024", "BIOMA": "Caatinga", "COD_CAR": "-", "N_IMOVEL": "-", "NM_MUN": "Belo Monte", "ORGAO": "-", "OPERACAO": "XIII FPI - 2024", "PERIODO": "-", "N_PROCESSO": "2024.18063926156.AINF.IMA", "DATA_AI": "2024-05-03", "MOTIVO": "DESMATAMENTO", "AI": "SERIE A - TALAO 0013 - FOLHA 00604", "TE": "SERIE C - TALAO 0042 - FOLHA 04405", "AI_APP": "-", "TE_APP": "-", "AI_RL": "-", "TE_RL": "-", "AREA_UTM": 12.87, "AREA_UC": 0.0, "AREA_TI": 0.0, "AREA_APP": 0.0, "AREA_RL": 0.0, "FORA_UC": 0.0, "FORA_TI": 0.0, "FORA_APP": 0.0, "FORA_RL": 0.0, "SITUACAO": "EMBARGADA" }, "geometry": { "type": "MultiPolygon", "coordinates": [ [ [ [ -37.07157868025417, -9.826590689173045 ], [ -37.07075131999752, -9.826664800245471 ], [ -37.071638851909206, -9.829199388927318 ], [ -37.072511340907106, -9.82912527842282 ], [ -37.073098014543646, -9.828710259290713 ], [ -37.073789988576479, -9.828665792924234 ], [ -37.074527091350582, -9.82878436988822 ], [ -37.074346576385501, -9.826961244369135 ], [ -37.073865203145274, -9.825152931082554 ], [ -37.073113057457405, -9.825301153854992 ], [ -37.071458336944112, -9.825686532752551 ], [ -37.07157868025417, -9.826590689173045 ] ] ] ] } },
{ "type": "Feature", "properties": { "fid": 19.0, "LAT_GD": -9.073631, "LONG_GD": -37.44121, "IMG_ANTES": "11/2018", "IMG_DEPOIS": "05/2019", "BIOMA": "Caatinga", "COD_CAR": "AL-2701605-ABD4107A377E4CF68BB9770D0CCC58C4", "N_IMOVEL": "-", "NM_MUN": "Canapi", "ORGAO": "-", "OPERACAO": "XII FPI - 2023", "PERIODO": "-", "N_PROCESSO": "-", "DATA_AI": "-", "MOTIVO": "DESMATAMENTO", "AI": "2023.08125892791.UC'S.AINF", "TE": "SERIE C - TALAO 0043 - FOLHA 02138", "AI_APP": "-", "TE_APP": "-", "AI_RL": "-", "TE_RL": "-", "AREA_UTM": 3.04, "AREA_UC": 0.0, "AREA_TI": 0.0, "AREA_APP": 0.0, "AREA_RL": 0.0, "FORA_UC": 0.0, "FORA_TI": 0.0, "FORA_APP": 0.0, "FORA_RL": 0.0, "SITUACAO": "EMBARGADA" }, "geometry": { "type": "MultiPolygon", "coordinates": [ [ [ [ -37.44094289243467, -9.074774883184313 ], [ -37.442119808374784, -9.074265920399597 ], [ -37.442115747625571, -9.074254622551258 ], [ -37.441544160368984, -9.072508561749627 ], [ -37.440241926515306, -9.073021316000432 ], [ -37.44094289243467, -9.074774883184313 ] ] ] ] } },
{ "type": "Feature", "properties": { "fid": 20.0, "LAT_GD": -9.617992, "LONG_GD": -36.85251, "IMG_ANTES": "12/2018", "IMG_DEPOIS": "03/2023", "BIOMA": "Caatinga", "COD_CAR": "AL-2702355-1011EA2702E94619AC04ADED13A93D3F", "N_IMOVEL": "-", "NM_MUN": "Craíbas", "ORGAO": "-", "OPERACAO": "-", "PERIODO": "-", "N_PROCESSO": "2023.15055946914.AINF.IMA", "DATA_AI": "2023-05-15", "MOTIVO": "DESMATAMENTO", "AI": "2023.15050664676.UC'S.AINF", "TE": "SERIE C - TALAO 0032 - FOLHA 01597", "AI_APP": "-", "TE_APP": "-", "AI_RL": "-", "TE_RL": "-", "AREA_UTM": 24.32, "AREA_UC": 0.0, "AREA_TI": 0.0, "AREA_APP": 0.0, "AREA_RL": 0.0, "FORA_UC": 0.0, "FORA_TI": 0.0, "FORA_APP": 0.0, "FORA_RL": 0.0, "SITUACAO": "EMBARGADA" }, "geometry": { "type": "MultiPolygon", "coordinates": [ [ [ [ -36.848761814160603, -9.617792599425419 ], [ -36.849566942955498, -9.6201589295855 ], [ -36.854220351215801, -9.618943381585471 ], [ -36.857849183591298, -9.61790459771119 ], [ -36.857429425348798, -9.61760309841061 ], [ -36.855506072952998, -9.61693359257311 ], [ -36.854182053574398, -9.61674603310874 ], [ -36.853583861566499, -9.61608474768328 ], [ -36.852620873817202, -9.61595920506951 ], [ -36.852138248332103, -9.61607576260017 ], [ -36.852005198066898, -9.61624520746458 ], [ -36.851810038788898, -9.61665622035558 ], [ -36.851637131196, -9.616713954074861 ], [ -36.851531002523799, -9.616849112447589 ], [ -36.851174842822097, -9.616868311268441 ], [ -36.850811893811397, -9.61698949867211 ], [ -36.849798039229597, -9.61696402426927 ], [ -36.849495313307401, -9.616986004154731 ], [ -36.848695850557299, -9.61748903380937 ], [ -36.848761814160603, -9.617792599425419 ] ] ] ] } },
{ "type": "Feature", "properties": { "fid": 21.0, "LAT_GD": -9.617611, "LONG_GD": -36.87373, "IMG_ANTES": "06/2021", "IMG_DEPOIS": "03/2024", "BIOMA": "Caatinga", "COD_CAR": "-", "N_IMOVEL": "FAZENDA BOA ESPERANCA", "NM_MUN": "Craíbas", "ORGAO": "-", "OPERACAO": "XIII FPI - 2024", "PERIODO": "-", "N_PROCESSO": "2024.06052917891.AINF.IMA", "DATA_AI": "2024-05-06", "MOTIVO": "DESMATAMENTO", "AI": "2024.06055274991.UC'S.AINF", "TE": "SERIE C - TALAO 0042 - FOLHA 04410", "AI_APP": "-", "TE_APP": "-", "AI_RL": "-", "TE_RL": "-", "AREA_UTM": 18.9, "AREA_UC": 0.0, "AREA_TI": 0.0, "AREA_APP": 0.0, "AREA_RL": 0.0, "FORA_UC": 0.0, "FORA_TI": 0.0, "FORA_APP": 0.0, "FORA_RL": 0.0, "SITUACAO": "EMBARGADA" }, "geometry": { "type": "MultiPolygon", "coordinates": [ [ [ [ -36.874632281481581, -9.62024602925378 ], [ -36.87705416946585, -9.619018638243361 ], [ -36.876352500984432, -9.617389548747262 ], [ -36.875809273773001, -9.617277966987709 ], [ -36.874632281481581, -9.616943221488109 ], [ -36.873794806197296, -9.616206780222532 ], [ -36.87302523431444, -9.614979374549373 ], [ -36.871508725015872, -9.615894350110191 ], [ -36.869924312315881, -9.617099436095833 ], [ -36.87415695767158, -9.619018638243368 ], [ -36.874632281481581, -9.62024602925378 ] ] ] ] } },
{ "type": "Feature", "properties": { "fid": 22.0, "LAT_GD": -9.620954, "LONG_GD": -36.88189, "IMG_ANTES": "06/2021", "IMG_DEPOIS": "03/2024", "BIOMA": "Caatinga", "COD_CAR": "-", "N_IMOVEL": "-", "NM_MUN": "Craíbas", "ORGAO": "-", "OPERACAO": "XIII FPI - 2024", "PERIODO": "-", "N_PROCESSO": "2024.07052518992.AINF.IMA", "DATA_AI": "2024-05-09", "MOTIVO": "DESMATAMENTO", "AI": "SERIE A - TALAO 0013 - FOLHA 00612", "TE": "SERIE C - TALAO 0042 - FOLHA 04419", "AI_APP": "-", "TE_APP": "-", "AI_RL": "-", "TE_RL": "-", "AREA_UTM": 18.12, "AREA_UC": 0.0, "AREA_TI": 0.0, "AREA_APP": 0.0, "AREA_RL": 0.0, "FORA_UC": 0.0, "FORA_TI": 0.0, "FORA_APP": 0.0, "FORA_RL": 0.0, "SITUACAO": "EMBARGADA" }, "geometry": { "type": "MultiPolygon", "coordinates": [ [ [ [ -36.885802391016519, -9.618003247766646 ], [ -36.885406287841533, -9.618081354834649 ], [ -36.884365102352966, -9.618706210729171 ], [ -36.883357868565099, -9.619353381688153 ], [ -36.882033752237248, -9.619788547670851 ], [ -36.878853609603681, -9.6209489875526 ], [ -36.878706485567271, -9.621294887131212 ], [ -36.878955464705832, -9.623258697383271 ], [ -36.880087188062973, -9.622879325837548 ], [ -36.88112837355154, -9.622678481905613 ], [ -36.881603697361541, -9.622656165905811 ], [ -36.882146924572965, -9.622566901891867 ], [ -36.882825958587254, -9.622388373793218 ], [ -36.883029668791544, -9.622276793683673 ], [ -36.883210744528675, -9.622031317313009 ], [ -36.883323916864391, -9.621852788931436 ], [ -36.883323916864391, -9.621696576520215 ], [ -36.883301282397248, -9.621495731885391 ], [ -36.883323916864391, -9.621406467564942 ], [ -36.883504992601537, -9.621160990562137 ], [ -36.883572896002967, -9.620870881147141 ], [ -36.88359553047011, -9.62073698441009 ], [ -36.883799240674399, -9.620714668282096 ], [ -36.883957681944395, -9.620714668282087 ], [ -36.884093488747247, -9.620402242335409 ], [ -36.884206661082956, -9.619755073384388 ], [ -36.884500909155818, -9.619621176205337 ], [ -36.885564729111522, -9.619598860003679 ], [ -36.885802391016519, -9.618003247766646 ] ] ] ] } },
{ "type": "Feature", "properties": { "fid": 23.0, "LAT_GD": -9.673557, "LONG_GD": -36.79141, "IMG_ANTES": "09/2020", "IMG_DEPOIS": "03/2024", "BIOMA": "Caatinga", "COD_CAR": "-", "N_IMOVEL": "-", "NM_MUN": "Craíbas", "ORGAO": "-", "OPERACAO": "XIII FPI - 2024", "PERIODO": "-", "N_PROCESSO": "2024.30045836684.AINF.IMA", "DATA_AI": "2024-04-29", "MOTIVO": "DESMATAMENTO", "AI": "SERIE A - TALAO 0021 - FOLHA 01806", "TE": "SERIE C - TALAO 0048 - FOLHA 04704", "AI_APP": "-", "TE_APP": "-", "AI_RL": "-", "TE_RL": "-", "AREA_UTM": 14.47, "AREA_UC": 0.0, "AREA_TI": 0.0, "AREA_APP": 0.0, "AREA_RL": 0.0, "FORA_UC": 0.0, "FORA_TI": 0.0, "FORA_APP": 0.0, "FORA_RL": 0.0, "SITUACAO": "EMBARGADA" }, "geometry": { "type": "MultiPolygon", "coordinates": [ [ [ [ -36.788677892506755, -9.673574646530831 ], [ -36.789017409513896, -9.674344431360547 ], [ -36.788994775046753, -9.675236933303841 ], [ -36.790273622440324, -9.674824151449663 ], [ -36.790635773914616, -9.675560464672959 ], [ -36.794212019723169, -9.67373083489972 ], [ -36.793725378679596, -9.673050299333084 ], [ -36.793091613599607, -9.673309683953343 ], [ -36.792412579585317, -9.674090625687583 ], [ -36.79224282108175, -9.673912124879724 ], [ -36.79302371019817, -9.673142339059957 ], [ -36.793204785935316, -9.672673772915243 ], [ -36.793272689336746, -9.671602762131959 ], [ -36.793664, -9.671255 ], [ -36.793589, -9.671009 ], [ -36.792591, -9.671545 ], [ -36.788677892506755, -9.673574646530831 ] ] ] ] } },
{ "type": "Feature", "properties": { "fid": 24.0, "LAT_GD": -9.664697, "LONG_GD": -36.81288, "IMG_ANTES": "09/2020", "IMG_DEPOIS": "03/2024", "BIOMA": "Caatinga", "COD_CAR": "-", "N_IMOVEL": "-", "NM_MUN": "Craíbas", "ORGAO": "-", "OPERACAO": "XIII FPI - 2024", "PERIODO": "-", "N_PROCESSO": "2024.29041644566.AINF.IMA", "DATA_AI": "2024-04-29", "MOTIVO": "DESMATAMENTO", "AI": "SERIE A - TALAO 0021 - FOLHA 01802", "TE": "SERIE C - TALAO 0048 - FOLHA 04701", "AI_APP": "-", "TE_APP": "-", "AI_RL": "-", "TE_RL": "-", "AREA_UTM": 17.76, "AREA_UC": 0.0, "AREA_TI": 0.0, "AREA_APP": 0.0, "AREA_RL": 0.0, "FORA_UC": 0.0, "FORA_TI": 0.0, "FORA_APP": 0.0, "FORA_RL": 0.0, "SITUACAO": "EMBARGADA" }, "geometry": { "type": "MultiPolygon", "coordinates": [ [ [ [ -36.808077, -9.667917 ], [ -36.808603, -9.668966 ], [ -36.809678, -9.668546 ], [ -36.809116, -9.667526 ], [ -36.80867, -9.666846 ], [ -36.808146, -9.666748 ], [ -36.807517, -9.666913 ], [ -36.808077, -9.667917 ] ] ], [ [ [ -36.814972070056591, -9.666717626711733 ], [ -36.813070774816602, -9.663727660124296 ], [ -36.811690072320886, -9.663749973406192 ], [ -36.813930884568016, -9.667096948931434 ], [ -36.814972070056591, -9.666717626711733 ] ] ], [ [ [ -36.813546098626595, -9.663772286686621 ], [ -36.815424759399441, -9.666494495794433 ], [ -36.816465944888009, -9.666003607255394 ], [ -36.814021422436589, -9.662455800610285 ], [ -36.81331975395517, -9.662768187602959 ], [ -36.81397615350231, -9.663526840520641 ], [ -36.813546098626595, -9.663772286686621 ] ] ], [ [ [ -36.803247416076637, -9.662165726714608 ], [ -36.803111609273778, -9.661909122675384 ], [ -36.802443892493066, -9.662132256633631 ], [ -36.802127009953068, -9.661161622837332 ], [ -36.801817200683125, -9.660499191555818 ], [ -36.801753541245212, -9.660269083542682 ], [ -36.800610500654507, -9.661016585362995 ], [ -36.800757624690931, -9.661540951320831 ], [ -36.801119776165223, -9.661395914009976 ], [ -36.80122163126736, -9.661596734885297 ], [ -36.8014819276395, -9.661529794606833 ], [ -36.801568221544557, -9.661882625507804 ], [ -36.80171534558098, -9.661815685286205 ], [ -36.802274133989499, -9.663326020797108 ], [ -36.803745374353781, -9.662768187602955 ], [ -36.803915132857348, -9.66256736742668 ], [ -36.803847229455918, -9.662199196792248 ], [ -36.803564298616635, -9.66208762985382 ], [ -36.803247416076637, -9.662165726714608 ] ] ] ] } },
{ "type": "Feature", "properties": { "fid": 25.0, "LAT_GD": -9.646098, "LONG_GD": -36.80404, "IMG_ANTES": "04/2022", "IMG_DEPOIS": "03/2024", "BIOMA": "Caatinga", "COD_CAR": "-", "N_IMOVEL": "-", "NM_MUN": "Craíbas", "ORGAO": "-", "OPERACAO": "XIII FPI - 2024", "PERIODO": "-", "N_PROCESSO": "2024.29040979615.AINF.IMA", "DATA_AI": "2024-04-29", "MOTIVO": "DESMATAMENTO", "AI": "SERIE A - TALAO 0021 - FOLHA 01805", "TE": "SERIE C - TALAO 0048 - FOLHA 04703", "AI_APP": "-", "TE_APP": "-", "AI_RL": "-", "TE_RL": "-", "AREA_UTM": 42.74, "AREA_UC": 0.0, "AREA_TI": 0.0, "AREA_APP": 0.0, "AREA_RL": 0.0, "FORA_UC": 0.0, "FORA_TI": 0.0, "FORA_APP": 0.0, "FORA_RL": 0.0, "SITUACAO": "EMBARGADA" }, "geometry": { "type": "MultiPolygon", "coordinates": [ [ [ [ -36.804835, -9.649666 ], [ -36.804976, -9.649604 ], [ -36.80518, -9.649456 ], [ -36.805957, -9.648857 ], [ -36.806876, -9.64822 ], [ -36.807473, -9.647952 ], [ -36.80809, -9.647694 ], [ -36.808275, -9.647574 ], [ -36.808416, -9.647359 ], [ -36.808795, -9.646736 ], [ -36.808056, -9.646066 ], [ -36.80792, -9.646344 ], [ -36.808013, -9.646473 ], [ -36.807896, -9.646511 ], [ -36.807775, -9.646506 ], [ -36.807551, -9.646459 ], [ -36.807658, -9.646143 ], [ -36.807585, -9.646095 ], [ -36.807381, -9.646229 ], [ -36.80723, -9.646325 ], [ -36.80656, -9.646751 ], [ -36.806356, -9.646798 ], [ -36.806225, -9.646961 ], [ -36.805841, -9.647134 ], [ -36.805452, -9.647229 ], [ -36.805199, -9.647325 ], [ -36.805112, -9.647474 ], [ -36.805054, -9.647727 ], [ -36.804879, -9.648043 ], [ -36.804767, -9.648196 ], [ -36.804539, -9.648321 ], [ -36.804373, -9.64834 ], [ -36.804005670725957, -9.64827954121365 ], [ -36.803620884784536, -9.648335326974692 ], [ -36.803360588412389, -9.648491527056478 ], [ -36.803326636711674, -9.649328311976065 ], [ -36.803213464375965, -9.649551454270384 ], [ -36.802772092266679, -9.649607239820863 ], [ -36.803213464375965, -9.650444021969973 ], [ -36.804835, -9.649666 ] ] ], [ [ [ -36.804722900403029, -9.644056532299894 ], [ -36.803772252783027, -9.643878015566198 ], [ -36.803093218768744, -9.643878015566209 ], [ -36.802555650174625, -9.643487509881998 ], [ -36.802138327186682, -9.643767837222706 ], [ -36.802002520383823, -9.644448431985557 ], [ -36.799886197705973, -9.645363327698789 ], [ -36.801633295638034, -9.647559904068205 ], [ -36.802538674323749, -9.649300419178667 ], [ -36.802968729199463, -9.649345047653027 ], [ -36.803059267068029, -9.649211162212179 ], [ -36.80301399813375, -9.648630991353789 ], [ -36.803127170469459, -9.648430162747031 ], [ -36.803262977272318, -9.64816239108519 ], [ -36.803747, -9.648149 ], [ -36.803892, -9.648082 ], [ -36.80414, -9.648082 ], [ -36.80431, -9.648 ], [ -36.80448, -9.647967 ], [ -36.804645, -9.64789 ], [ -36.804796, -9.647675 ], [ -36.804854, -9.647392 ], [ -36.804976, -9.647143 ], [ -36.805301, -9.647009 ], [ -36.805676, -9.646956 ], [ -36.806176, -9.646626 ], [ -36.807325864124451, -9.646020210132107 ], [ -36.806805271380163, -9.643900330163094 ], [ -36.805424568884455, -9.643855700967846 ], [ -36.804722900403029, -9.644056532299894 ] ] ], [ [ [ -36.801572, -9.64201 ], [ -36.802135, -9.64214 ], [ -36.802291, -9.642015 ], [ -36.802332, -9.641546 ], [ -36.801781, -9.640071 ], [ -36.800163, -9.640305 ], [ -36.80042, -9.64133 ], [ -36.801513, -9.641871 ], [ -36.801572, -9.64201 ] ] ] ] } },
{ "type": "Feature", "properties": { "fid": 26.0, "LAT_GD": -9.632456, "LONG_GD": -36.9062, "IMG_ANTES": "06/2021", "IMG_DEPOIS": "04/2024", "BIOMA": "Caatinga", "COD_CAR": "-", "N_IMOVEL": "-", "NM_MUN": "Girau do Ponciano", "ORGAO": "-", "OPERACAO": "XIII FPI - 2024", "PERIODO": "-", "N_PROCESSO": "2024.06052677918.AINF.IMA", "DATA_AI": "2024-05-06", "MOTIVO": "DESMATAMENTO", "AI": "2024.06054590986.UC'S.AINF", "TE": "SERIE C - TALAO 0042 - FOLHA 04411", "AI_APP": "-", "TE_APP": "-", "AI_RL": "-", "TE_RL": "-", "AREA_UTM": 99.14, "AREA_UC": 0.0, "AREA_TI": 0.0, "AREA_APP": 0.0, "AREA_RL": 0.0, "FORA_UC": 0.0, "FORA_TI": 0.0, "FORA_APP": 0.0, "FORA_RL": 0.0, "SITUACAO": "EMBARGADA" }, "geometry": { "type": "MultiPolygon", "coordinates": [ [ [ [ -36.912873213719351, -9.633847454795564 ], [ -36.912714772449348, -9.633133365685207 ], [ -36.913608833901513, -9.632184963750126 ], [ -36.913393806463631, -9.631638236718045 ], [ -36.912895848186487, -9.631749813735267 ], [ -36.91291848265363, -9.629250479712049 ], [ -36.911288801019353, -9.629205848579225 ], [ -36.910519229136497, -9.628759536926619 ], [ -36.909636484917932, -9.629696790715833 ], [ -36.908866913035062, -9.629763737315519 ], [ -36.90768992074365, -9.629741421783779 ], [ -36.90642239058365, -9.629473635287667 ], [ -36.905403839562226, -9.629362057518289 ], [ -36.905222763825087, -9.628960377243285 ], [ -36.904453191942224, -9.628893430484343 ], [ -36.903072489446522, -9.628402487179857 ], [ -36.902302917563659, -9.628915746072121 ], [ -36.901872862687952, -9.628871114895066 ], [ -36.900944849535094, -9.629339741959994 ], [ -36.90099011846938, -9.630009208067513 ], [ -36.900809042732234, -9.631102666522068 ], [ -36.89933780236796, -9.632017598426167 ], [ -36.89881720962368, -9.632776320563547 ], [ -36.899892346812969, -9.634092922578366 ], [ -36.901442807812245, -9.635989713062031 ], [ -36.902370820965096, -9.635788876927206 ], [ -36.904158943869376, -9.635699616384482 ], [ -36.904611633212234, -9.635922767697041 ], [ -36.904951150219368, -9.636034343297984 ], [ -36.905403839562226, -9.636391384973107 ], [ -36.905788625503661, -9.636882316659577 ], [ -36.906014970175086, -9.637038522046399 ], [ -36.906829810992228, -9.636703796128954 ], [ -36.907259865867935, -9.636324439687799 ], [ -36.907508845006511, -9.635989713062028 ], [ -36.908301051356503, -9.635498780077018 ], [ -36.908685837297924, -9.635230998147803 ], [ -36.909432774713643, -9.63523099814781 ], [ -36.910451325735075, -9.634985531192717 ], [ -36.912873213719351, -9.633847454795564 ] ] ] ] } },
{ "type": "Feature", "properties": { "fid": 27.0, "LAT_GD": -9.508147, "LONG_GD": -37.97886, "IMG_ANTES": "05/2018", "IMG_DEPOIS": "08/2022", "BIOMA": "Caatinga", "COD_CAR": "AL-2702405-CA8484B72DA442D28F99562E566A673A", "N_IMOVEL": "-", "NM_MUN": "Delmiro Gouveia", "ORGAO": "-", "OPERACAO": "-", "PERIODO": "-", "N_PROCESSO": "2022.22114624458.AINF.IMA", "DATA_AI": "2022-11-21", "MOTIVO": "DESMATAMENTO", "AI": "SERIE A - TALAO 0004 - FOLHA 00175", "TE": "SERIE C - TALAO 0032 - FOLHA 01568", "AI_APP": "-", "TE_APP": "-", "AI_RL": "-", "TE_RL": "-", "AREA_UTM": 2.6, "AREA_UC": 0.0, "AREA_TI": 0.0, "AREA_APP": 0.0, "AREA_RL": 0.0, "FORA_UC": 0.0, "FORA_TI": 0.0, "FORA_APP": 0.0, "FORA_RL": 0.0, "SITUACAO": "EMBARGADA" }, "geometry": { "type": "MultiPolygon", "coordinates": [ [ [ [ -37.978406243052397, -9.508748320126802 ], [ -37.978570931072198, -9.509192489514753 ], [ -37.979799028212959, -9.508448147226748 ], [ -37.979011600565578, -9.507000691915797 ], [ -37.978243624495498, -9.507606933069095 ], [ -37.978086627492978, -9.508874153225463 ], [ -37.978406243052397, -9.508748320126802 ] ] ] ] } },
{ "type": "Feature", "properties": { "fid": 28.0, "LAT_GD": -9.300302, "LONG_GD": -38.15311, "IMG_ANTES": "11/2016", "IMG_DEPOIS": "05/2021", "BIOMA": "Caatinga", "COD_CAR": "AL-2702405-D0307D461D20498681DB92C4DB948445", "N_IMOVEL": "-", "NM_MUN": "Delmiro Gouveia", "ORGAO": "-", "OPERACAO": "-", "PERIODO": "-", "N_PROCESSO": "2022.22114296059.AINF.IMA", "DATA_AI": "2022-11-22", "MOTIVO": "DESMATAMENTO", "AI": "SERIE A - TALAO 0004 - FOLHA 00173", "TE": "SERIE C - TALAO 0032 - FOLHA 01569", "AI_APP": "-", "TE_APP": "-", "AI_RL": "-", "TE_RL": "-", "AREA_UTM": 2.46, "AREA_UC": 0.0, "AREA_TI": 0.0, "AREA_APP": 0.0, "AREA_RL": 0.0, "FORA_UC": 0.0, "FORA_TI": 0.0, "FORA_APP": 0.0, "FORA_RL": 0.0, "SITUACAO": "EMBARGADA" }, "geometry": { "type": "MultiPolygon", "coordinates": [ [ [ [ -38.151965580085282, -9.30070536600558 ], [ -38.152747495627104, -9.301321570906843 ], [ -38.154201261591027, -9.299928316869364 ], [ -38.154257760122221, -9.299862088536806 ], [ -38.153460117204418, -9.299299573066481 ], [ -38.151965580085282, -9.30070536600558 ] ] ] ] } },
{ "type": "Feature", "properties": { "fid": 29.0, "LAT_GD": -9.299515, "LONG_GD": -38.16096, "IMG_ANTES": "11/2016", "IMG_DEPOIS": "05/2021", "BIOMA": "Caatinga", "COD_CAR": "AL-2702405-D9C1359BC6324A638CA041968DA713F2", "N_IMOVEL": "-", "NM_MUN": "Delmiro Gouveia", "ORGAO": "-", "OPERACAO": "-", "PERIODO": "-", "N_PROCESSO": "2022.24115773892.AINF.IMA", "DATA_AI": "2022-11-24", "MOTIVO": "DESMATAMENTO", "AI": "2022.24111477478.UC'S.AINF", "TE": "SERIE C - TALAO 0040 - FOLHA 01968", "AI_APP": "-", "TE_APP": "-", "AI_RL": "-", "TE_RL": "-", "AREA_UTM": 2.87, "AREA_UC": 0.0, "AREA_TI": 0.0, "AREA_APP": 0.0, "AREA_RL": 0.0, "FORA_UC": 0.0, "FORA_TI": 0.0, "FORA_APP": 0.0, "FORA_RL": 0.0, "SITUACAO": "EMBARGADA" }, "geometry": { "type": "MultiPolygon", "coordinates": [ [ [ [ -38.162141333615622, -9.298739013501176 ], [ -38.161508717697508, -9.298215665808973 ], [ -38.159618673413213, -9.300425811493561 ], [ -38.160503408069097, -9.300683459033543 ], [ -38.161988080706237, -9.299041686417146 ], [ -38.162141333615622, -9.298739013501176 ] ] ] ] } },
{ "type": "Feature", "properties": { "fid": 30.0, "LAT_GD": -9.298856, "LONG_GD": -38.15995, "IMG_ANTES": "11/2016", "IMG_DEPOIS": "05/2021", "BIOMA": "Caatinga", "COD_CAR": "AL-2702405-8616B99BADD446409B7A13AAB250B443", "N_IMOVEL": "-", "NM_MUN": "Delmiro Gouveia", "ORGAO": "-", "OPERACAO": "-", "PERIODO": "-", "N_PROCESSO": "2022.24112132021.AINF.IMA", "DATA_AI": "2022-11-24", "MOTIVO": "DESMATAMENTO", "AI": "2022.24113906780.UC'S.AINF", "TE": "SERIE C - TALAO 0040 - FOLHA 01969", "AI_APP": "-", "TE_APP": "-", "AI_RL": "-", "TE_RL": "-", "AREA_UTM": 1.19, "AREA_UC": 0.0, "AREA_TI": 0.0, "AREA_APP": 0.0, "AREA_RL": 0.0, "FORA_UC": 0.0, "FORA_TI": 0.0, "FORA_APP": 0.0, "FORA_RL": 0.0, "SITUACAO": "EMBARGADA" }, "geometry": { "type": "MultiPolygon", "coordinates": [ [ [ [ -38.158634374539922, -9.300139166459871 ], [ -38.158836429975501, -9.300198008787541 ], [ -38.161123179017657, -9.297896717827827 ], [ -38.160843219007212, -9.297665112248971 ], [ -38.15952747914961, -9.299070419416406 ], [ -38.158634374539922, -9.300139166459871 ] ] ] ] } },
{ "type": "Feature", "properties": { "fid": 31.0, "LAT_GD": -9.406604, "LONG_GD": -37.06053, "IMG_ANTES": "02/2021", "IMG_DEPOIS": "10/2023", "BIOMA": "Caatinga", "COD_CAR": "AL-2702504-021911AF95D941B5A2378D02BC874091", "N_IMOVEL": "-", "NM_MUN": "Dois Riachos", "ORGAO": "-", "OPERACAO": "XII FPI - 2023", "PERIODO": "-", "N_PROCESSO": "2023.15124691572.AINF.IMA", "DATA_AI": "2023-12-04", "MOTIVO": "DESMATAMENTO", "AI": "SERIE A - TALAO 0009 - FOLHA 00431", "TE": "SERIE C - TALAO 0043 - FOLHA 02132", "AI_APP": "-", "TE_APP": "-", "AI_RL": "-", "TE_RL": "-", "AREA_UTM": 3.8, "AREA_UC": 0.0, "AREA_TI": 0.0, "AREA_APP": 0.0, "AREA_RL": 0.0, "FORA_UC": 0.0, "FORA_TI": 0.0, "FORA_APP": 0.0, "FORA_RL": 0.0, "SITUACAO": "EMBARGADA" }, "geometry": { "type": "MultiPolygon", "coordinates": [ [ [ [ -37.059647788288288, -9.407197282636004 ], [ -37.059498388763409, -9.409341194200406 ], [ -37.059969389449904, -9.409382779767677 ], [ -37.060295274594061, -9.407278832800086 ], [ -37.061001663418722, -9.407360705512696 ], [ -37.06112370424129, -9.406600969993116 ], [ -37.060456041372035, -9.40661679859514 ], [ -37.059647788288288, -9.407197282636004 ] ] ], [ [ [ -37.061798159667902, -9.404233052278649 ], [ -37.061433379241876, -9.404147221590168 ], [ -37.061195371936613, -9.404034383465222 ], [ -37.060840931559966, -9.404217663592663 ], [ -37.060617987701349, -9.404844595934035 ], [ -37.060589479335725, -9.405298398282262 ], [ -37.061551050639025, -9.405391420100097 ], [ -37.061798159667902, -9.404233052278649 ] ] ] ] } },
{ "type": "Feature", "properties": { "fid": 32.0, "LAT_GD": -9.39162, "LONG_GD": -37.05806, "IMG_ANTES": "01/2021", "IMG_DEPOIS": "01/2022", "BIOMA": "Caatinga", "COD_CAR": "AL-2702504-6BD27D90133548B19455283B5C98677E", "N_IMOVEL": "-", "NM_MUN": "Dois Riachos", "ORGAO": "-", "OPERACAO": "XII FPI - 2023", "PERIODO": "-", "N_PROCESSO": "2023.08121929796.AINF.IMA", "DATA_AI": "2023-12-08", "MOTIVO": "DESMATAMENTO", "AI": "2023.08125245566.UC'S.AINF", "TE": "SERIE C - TALAO 0043 - FOLHA 02140", "AI_APP": "-", "TE_APP": "-", "AI_RL": "-", "TE_RL": "-", "AREA_UTM": 3.43, "AREA_UC": 0.0, "AREA_TI": 0.0, "AREA_APP": 0.0, "AREA_RL": 0.0, "FORA_UC": 0.0, "FORA_TI": 0.0, "FORA_APP": 0.0, "FORA_RL": 0.0, "SITUACAO": "EMBARGADA" }, "geometry": { "type": "MultiPolygon", "coordinates": [ [ [ [ -37.057409523664973, -9.392946532472029 ], [ -37.057627752521533, -9.393752764708806 ], [ -37.058277257462009, -9.393709442867271 ], [ -37.058201876752193, -9.392407787675426 ], [ -37.058073200743486, -9.391815990473443 ], [ -37.056931860400411, -9.392340177868494 ], [ -37.057409523664973, -9.392946532472029 ] ] ], [ [ [ -37.058319413547324, -9.390380372940369 ], [ -37.058733609235311, -9.390195081581982 ], [ -37.059029043489268, -9.390138089446506 ], [ -37.0596207600803, -9.389871711296131 ], [ -37.059200294555843, -9.389528549718985 ], [ -37.058194165427658, -9.389884264485085 ], [ -37.057088277500121, -9.390502926090036 ], [ -37.057551989595773, -9.391080445713854 ], [ -37.05784521619632, -9.390741177403964 ], [ -37.058319413547324, -9.390380372940369 ] ] ] ] } },
{ "type": "Feature", "properties": { "fid": 33.0, "LAT_GD": -9.404689, "LONG_GD": -37.09573, "IMG_ANTES": "05/2019", "IMG_DEPOIS": "10/2023", "BIOMA": "Caatinga", "COD_CAR": "AL-2702504-59051583380A450380F6A0C0E6A60B5A", "N_IMOVEL": "-", "NM_MUN": "Dois Riachos", "ORGAO": "-", "OPERACAO": "XII FPI - 2023", "PERIODO": "-", "N_PROCESSO": "2023.04124514033.AINF.IMA", "DATA_AI": "2023-12-04", "MOTIVO": "DESMATAMENTO", "AI": "2023.04123321859.UC'S.AINF", "TE": "SERIE C - TALAO 0043 - FOLHA 02136", "AI_APP": "-", "TE_APP": "-", "AI_RL": "-", "TE_RL": "-", "AREA_UTM": 5.45, "AREA_UC": 0.0, "AREA_TI": 0.0, "AREA_APP": 0.0, "AREA_RL": 0.0, "FORA_UC": 0.0, "FORA_TI": 0.0, "FORA_APP": 0.0, "FORA_RL": 0.0, "SITUACAO": "EMBARGADA" }, "geometry": { "type": "MultiPolygon", "coordinates": [ [ [ [ -37.094734893801224, -9.404626041573032 ], [ -37.094580518557827, -9.4045198602496 ], [ -37.094476193356869, -9.404532221252772 ], [ -37.09440488091645, -9.404783923090053 ], [ -37.094896903297581, -9.406090315220249 ], [ -37.09558475044085, -9.405523622273346 ], [ -37.095768077029703, -9.405605821336115 ], [ -37.09586889232159, -9.405938723294753 ], [ -37.095979578210411, -9.405973846967449 ], [ -37.096963687143031, -9.405167455477258 ], [ -37.096325039059714, -9.403150394220969 ], [ -37.096251753292371, -9.403085970563112 ], [ -37.094873262693994, -9.404012563658343 ], [ -37.094783846302086, -9.404221187195127 ], [ -37.094931403240913, -9.404363513295914 ], [ -37.094951476971147, -9.404519227986732 ], [ -37.094880964747311, -9.404611330976282 ], [ -37.094734893801224, -9.404626041573032 ] ] ] ] } },
{ "type": "Feature", "properties": { "fid": 34.0, "LAT_GD": -9.404057, "LONG_GD": -37.05861, "IMG_ANTES": "02/2021", "IMG_DEPOIS": "10/2023", "BIOMA": "Caatinga", "COD_CAR": "-", "N_IMOVEL": "-", "NM_MUN": "Dois Riachos", "ORGAO": "-", "OPERACAO": "XII FPI - 2023", "PERIODO": "-", "N_PROCESSO": "2023.14121129675.AINF.IMA", "DATA_AI": "2023-12-04", "MOTIVO": "DESMATAMENTO", "AI": "SERIE A - TALAO 0009 - FOLHA 00432", "TE": "SERIE C - TALAO 0043 - FOLHA 02133", "AI_APP": "-", "TE_APP": "-", "AI_RL": "-", "TE_RL": "-", "AREA_UTM": 17.45, "AREA_UC": 0.0, "AREA_TI": 0.0, "AREA_APP": 0.0, "AREA_RL": 0.0, "FORA_UC": 0.0, "FORA_TI": 0.0, "FORA_APP": 0.0, "FORA_RL": 0.0, "SITUACAO": "EMBARGADA" }, "geometry": { "type": "MultiPolygon", "coordinates": [ [ [ [ -37.057480147902154, -9.406568137060253 ], [ -37.058472258778565, -9.406466360269121 ], [ -37.058450122841926, -9.406914682450031 ], [ -37.059707130185792, -9.406843606053956 ], [ -37.060341859372564, -9.402167674703861 ], [ -37.059019683521853, -9.401604727260416 ], [ -37.057174448342479, -9.401536085649093 ], [ -37.057076761648226, -9.403381208542571 ], [ -37.057085435692102, -9.405171889294973 ], [ -37.057350329085814, -9.405202593754314 ], [ -37.057480147902154, -9.406568137060253 ] ] ] ] } },
{ "type": "Feature", "properties": { "fid": 35.0, "LAT_GD": -9.781609, "LONG_GD": -36.8533, "IMG_ANTES": "06/2021", "IMG_DEPOIS": "03/2024", "BIOMA": "Caatinga", "COD_CAR": "-", "N_IMOVEL": "-", "NM_MUN": "Girau do Ponciano", "ORGAO": "-", "OPERACAO": "XIII FPI - 2024", "PERIODO": "-", "N_PROCESSO": "2024.09053790464.AINF.IMA", "DATA_AI": "2024-05-09", "MOTIVO": "DESMATAMENTO", "AI": "SERIE A - TALAO 0021 - FOLHA 01821", "TE": "SERIE C - TALAO 0048 - FOLHA 04729", "AI_APP": "-", "TE_APP": "-", "AI_RL": "-", "TE_RL": "-", "AREA_UTM": 39.37, "AREA_UC": 0.0, "AREA_TI": 0.0, "AREA_APP": 0.0, "AREA_RL": 0.0, "FORA_UC": 0.0, "FORA_TI": 0.0, "FORA_APP": 0.0, "FORA_RL": 0.0, "SITUACAO": "EMBARGADA" }, "geometry": { "type": "MultiPolygon", "coordinates": [ [ [ [ -36.856557244814894, -9.778314665936101 ], [ -36.855855576333468, -9.778381582847089 ], [ -36.855063369983476, -9.778091609468904 ], [ -36.854157991297761, -9.777957775516741 ], [ -36.853569495152058, -9.778024692499555 ], [ -36.85325261261206, -9.778571180688374 ], [ -36.852324599459202, -9.778292360296115 ], [ -36.851770055014207, -9.77931841818647 ], [ -36.850434621452784, -9.780076806765573 ], [ -36.850434621452784, -9.781437440761568 ], [ -36.850683600591353, -9.783645670963915 ], [ -36.850253545715645, -9.784939374770333 ], [ -36.852675433699922, -9.784783238371341 ], [ -36.856647782683467, -9.783957944757713 ], [ -36.855946114202041, -9.782106602978494 ], [ -36.854859659779187, -9.780879804551574 ], [ -36.855810307399189, -9.779853751480744 ], [ -36.856557244814894, -9.778314665936101 ] ] ] ] } },
{ "type": "Feature", "properties": { "fid": 36.0, "LAT_GD": -9.777087, "LONG_GD": -36.86652, "IMG_ANTES": "06/2021", "IMG_DEPOIS": "03/2024", "BIOMA": "Caatinga", "COD_CAR": "-", "N_IMOVEL": "-", "NM_MUN": "Girau do Ponciano", "ORGAO": "-", "OPERACAO": "XIII FPI - 2024", "PERIODO": "-", "N_PROCESSO": "-", "DATA_AI": "2024-05-03", "MOTIVO": "DESMATAMENTO", "AI": "2024.03055340653.UC'S.AINF", "TE": "SERIE C - TALAO 0048 - FOLHA 04719", "AI_APP": "-", "TE_APP": "-", "AI_RL": "-", "TE_RL": "-", "AREA_UTM": 15.43, "AREA_UC": 0.0, "AREA_TI": 0.0, "AREA_APP": 0.0, "AREA_RL": 0.0, "FORA_UC": 0.0, "FORA_TI": 0.0, "FORA_APP": 0.0, "FORA_RL": 0.0, "SITUACAO": "EMBARGADA" }, "geometry": { "type": "MultiPolygon", "coordinates": [ [ [ [ -36.866629, -9.773319 ], [ -36.866108989949119, -9.77220286461856 ], [ -36.865305466365555, -9.772392465982479 ], [ -36.865425, -9.773272 ], [ -36.865465, -9.773428 ], [ -36.865627, -9.774591 ], [ -36.865702, -9.774852 ], [ -36.865866, -9.775764 ], [ -36.866259, -9.777821 ], [ -36.866131624416269, -9.778080456641614 ], [ -36.864683, -9.778152 ], [ -36.86357, -9.778463 ], [ -36.863849, -9.779496 ], [ -36.863933, -9.779981 ], [ -36.864348, -9.779981 ], [ -36.865284, -9.780034 ], [ -36.8656, -9.780051 ], [ -36.865745, -9.780074 ], [ -36.866043, -9.779978 ], [ -36.866641, -9.779936 ], [ -36.86722, -9.779947 ], [ -36.867291, -9.779808 ], [ -36.867226, -9.779287 ], [ -36.867294, -9.778722 ], [ -36.866985, -9.777208 ], [ -36.86707, -9.776766 ], [ -36.866992, -9.776215 ], [ -36.866964, -9.774607 ], [ -36.866787, -9.774112 ], [ -36.86677, -9.773813 ], [ -36.866629, -9.773319 ] ] ] ] } },
{ "type": "Feature", "properties": { "fid": 37.0, "LAT_GD": -9.858144, "LONG_GD": -36.77507, "IMG_ANTES": "09/2020", "IMG_DEPOIS": "03/2024", "BIOMA": "Caatinga", "COD_CAR": "-", "N_IMOVEL": "-", "NM_MUN": "Girau do Ponciano", "ORGAO": "-", "OPERACAO": "XIII FPI - 2024", "PERIODO": "-", "N_PROCESSO": "2024.03053648914.AINF.IMA", "DATA_AI": "2024-05-03", "MOTIVO": "DESMATAMENTO", "AI": "SERIE A - TALAO 0021 - FOLHA 01812", "TE": "SERIE C - TALAO 0048 - FOLHA 04716", "AI_APP": "-", "TE_APP": "-", "AI_RL": "-", "TE_RL": "-", "AREA_UTM": 15.22, "AREA_UC": 0.0, "AREA_TI": 0.0, "AREA_APP": 0.0, "AREA_RL": 0.0, "FORA_UC": 0.0, "FORA_TI": 0.0, "FORA_APP": 0.0, "FORA_RL": 0.0, "SITUACAO": "EMBARGADA" }, "geometry": { "type": "MultiPolygon", "coordinates": [ [ [ [ -36.777579, -9.858037 ], [ -36.777278, -9.855941 ], [ -36.776102, -9.856651 ], [ -36.775476, -9.856786 ], [ -36.775296, -9.856262 ], [ -36.774412, -9.855831 ], [ -36.774736, -9.856999 ], [ -36.77345, -9.857299 ], [ -36.77321, -9.857902 ], [ -36.77265, -9.858411 ], [ -36.773594, -9.860673 ], [ -36.774813, -9.859975 ], [ -36.775682, -9.859204 ], [ -36.777579, -9.858037 ] ] ] ] } },
{ "type": "Feature", "properties": { "fid": 38.0, "LAT_GD": -9.637427, "LONG_GD": -36.92769, "IMG_ANTES": "05/2021", "IMG_DEPOIS": "04/2024", "BIOMA": "Caatinga", "COD_CAR": "-", "N_IMOVEL": "FAZENDA BOA SORTE", "NM_MUN": "Girau do Ponciano", "ORGAO": "-", "OPERACAO": "XIII FPI - 2024", "PERIODO": "-", "N_PROCESSO": "2024.09053418991.AINF.IMA", "DATA_AI": "2024-05-09", "MOTIVO": "DESMATAMENTO", "AI": "2024.09053771882.UC'S.AINF", "TE": "SERIE C - TALAO 0042 - FOLHA 04423", "AI_APP": "-", "TE_APP": "-", "AI_RL": "-", "TE_RL": "-", "AREA_UTM": 84.47, "AREA_UC": 0.0, "AREA_TI": 0.0, "AREA_APP": 0.0, "AREA_RL": 0.0, "FORA_UC": 0.0, "FORA_TI": 0.0, "FORA_APP": 0.0, "FORA_RL": 0.0, "SITUACAO": "EMBARGADA" }, "geometry": { "type": "MultiPolygon", "coordinates": [ [ [ [ -36.933300031353966, -9.632530462186232 ], [ -36.933160708260097, -9.632635728523804 ], [ -36.932968751997436, -9.632747186998905 ], [ -36.932829428903567, -9.632691457761345 ], [ -36.93242693996573, -9.632703842036371 ], [ -36.932051941329661, -9.633018906184294 ], [ -36.932046947496353, -9.633025948762251 ], [ -36.93194694036017, -9.633571442232338 ], [ -36.931824204329402, -9.633957833440304 ], [ -36.931824204329402, -9.634139664597006 ], [ -36.931728742972133, -9.634307858416941 ], [ -36.931465087794926, -9.634612425604411 ], [ -36.931133245933957, -9.634962450581055 ], [ -36.930851407641079, -9.635080640832918 ], [ -36.930498089132854, -9.635100199250907 ], [ -36.930114176607532, -9.635149736350948 ], [ -36.929916028207366, -9.634419064125312 ], [ -36.929024360406608, -9.635149736350938 ], [ -36.928615679331266, -9.634976356500802 ], [ -36.928343225281033, -9.635335500476101 ], [ -36.927847854280614, -9.635719413001414 ], [ -36.926590876350765, -9.636178446441459 ], [ -36.926734068386658, -9.636351186040319 ], [ -36.926661335923988, -9.636553473202145 ], [ -36.926193120695494, -9.636680755011833 ], [ -36.926134025569567, -9.637048963104144 ], [ -36.926046519325411, -9.637472856988182 ], [ -36.926048792214871, -9.637692190820943 ], [ -36.926169255356179, -9.637879704201294 ], [ -36.926382906965308, -9.63791720687736 ], [ -36.92644654787015, -9.638135404265396 ], [ -36.926319266060467, -9.638617256830637 ], [ -36.925723769022284, -9.639299123668248 ], [ -36.924978261279833, -9.639176387637475 ], [ -36.924905528817156, -9.639135475627215 ], [ -36.924875981254189, -9.638980919144029 ], [ -36.924912347485531, -9.638803633766246 ], [ -36.924948713716866, -9.638662714619802 ], [ -36.924969169721997, -9.638587709267671 ], [ -36.925089632863305, -9.638451335900145 ], [ -36.925151000878692, -9.638374057658547 ], [ -36.925130544873568, -9.638308143864242 ], [ -36.924996444395504, -9.638078582028914 ], [ -36.924844160801769, -9.638108129591876 ], [ -36.924896437259321, -9.638267231853995 ], [ -36.924835069243933, -9.638314962532631 ], [ -36.924716878992079, -9.638346782985053 ], [ -36.924666875423988, -9.63833541853775 ], [ -36.924550958061594, -9.63810812959189 ], [ -36.92421229753225, -9.638294506527494 ], [ -36.924207751753329, -9.638401332332057 ], [ -36.924266846879256, -9.638567253262549 ], [ -36.924125927732817, -9.638687716403854 ], [ -36.923969098360168, -9.638694535072233 ], [ -36.923935005018286, -9.638655895951432 ], [ -36.923903184565866, -9.638594527936053 ], [ -36.923900911676405, -9.63848770213149 ], [ -36.92389409300803, -9.638399059442596 ], [ -36.923946369465583, -9.638276323411828 ], [ -36.923905457455326, -9.638208136728073 ], [ -36.923875909892359, -9.638185407833468 ], [ -36.92378954009294, -9.638171770496728 ], [ -36.923689532956757, -9.638124039818088 ], [ -36.923678168509461, -9.638058126023799 ], [ -36.923607708936245, -9.63799448511895 ], [ -36.923525884915726, -9.637933117103572 ], [ -36.923578161373278, -9.637930844214106 ], [ -36.923875909892367, -9.637992212229493 ], [ -36.924285029994934, -9.637992212229483 ], [ -36.924316850447354, -9.637885386424937 ], [ -36.923689532956757, -9.637876294867105 ], [ -36.923694078735679, -9.637783106399299 ], [ -36.923707716072428, -9.637664916147445 ], [ -36.923830452103196, -9.637533088558831 ], [ -36.923953188133964, -9.63747853921182 ], [ -36.92407592416474, -9.637574000569094 ], [ -36.924212297532257, -9.637510359664242 ], [ -36.924230480647928, -9.637423989864812 ], [ -36.924135019290667, -9.637296708055139 ], [ -36.923930459239379, -9.637164880466527 ], [ -36.922607637574416, -9.637810381072786 ], [ -36.921384823045635, -9.63848315635256 ], [ -36.921084801637093, -9.638578617709831 ], [ -36.920866604249056, -9.638705899519525 ], [ -36.919980177360159, -9.639242301431775 ], [ -36.920007452033666, -9.63973324555486 ], [ -36.920007452033666, -9.640319651035202 ], [ -36.920043818265007, -9.640969697420378 ], [ -36.920107459169849, -9.641592469132057 ], [ -36.920207466306032, -9.64212432526541 ], [ -36.920104586330325, -9.642448718435233 ], [ -36.920092202055315, -9.642622098285379 ], [ -36.92014382540119, -9.642733459640326 ], [ -36.920275652989794, -9.643047118385628 ], [ -36.9203029276633, -9.643424418035769 ], [ -36.92751935169462, -9.640900374291926 ], [ -36.927676181067277, -9.640748090698196 ], [ -36.927928471797195, -9.640511710194483 ], [ -36.928228493205744, -9.640418521726689 ], [ -36.928451236372695, -9.640373063937504 ], [ -36.928571699514002, -9.640325333258879 ], [ -36.928848992027966, -9.639841207804164 ], [ -36.928889904038222, -9.639725290441779 ], [ -36.928976273837655, -9.639711653105024 ], [ -36.929062643637081, -9.639782112678249 ], [ -36.929144467657601, -9.639936669161441 ], [ -36.929221745899191, -9.64032987903779 ], [ -36.931385536663868, -9.639593462853171 ], [ -36.931185522391495, -9.638447926565997 ], [ -36.931433101896147, -9.637524421084199 ], [ -36.931897512209034, -9.637053818633786 ], [ -36.932095660609207, -9.63710954787134 ], [ -36.932454804584509, -9.636688482520988 ], [ -36.932033739234157, -9.636242648620616 ], [ -36.93238049893445, -9.636032115945428 ], [ -36.933276580693502, -9.636236405122677 ], [ -36.933381133608606, -9.635777281452022 ], [ -36.933267489135673, -9.635695457431504 ], [ -36.933099295315728, -9.635586358737488 ], [ -36.932867460590941, -9.635486351601299 ], [ -36.932826548580685, -9.635413619138628 ], [ -36.932835640138521, -9.635322703560282 ], [ -36.933012925516294, -9.635095414614408 ], [ -36.93300837973738, -9.634972678583633 ], [ -36.932908372601197, -9.634522646470806 ], [ -36.93281745702285, -9.634363544208702 ], [ -36.932781090791508, -9.634213533504424 ], [ -36.932822002801771, -9.634136255262828 ], [ -36.93284927747527, -9.634108980589327 ], [ -36.93297655928496, -9.634227170841179 ], [ -36.933240214462167, -9.634631745164826 ], [ -36.933467503408039, -9.634909037678787 ], [ -36.93369024657499, -9.634849942552863 ], [ -36.933840257279265, -9.634740843858854 ], [ -36.933867531952771, -9.634649928280504 ], [ -36.933717521248496, -9.634313540640607 ], [ -36.933685700796076, -9.63435899842978 ], [ -36.933503869639381, -9.634568104259994 ], [ -36.933358404714021, -9.634659019838336 ], [ -36.933131115768148, -9.634086251694741 ], [ -36.933199302451911, -9.633922603653716 ], [ -36.933343630932541, -9.633652129808141 ], [ -36.933450456737098, -9.633550986227226 ], [ -36.933555009652203, -9.633521438664253 ], [ -36.933719794137957, -9.633445296867393 ], [ -36.933780025708614, -9.633473707985623 ], [ -36.933857303950205, -9.633619172910983 ], [ -36.933843666613456, -9.634160120602157 ], [ -36.934053908888387, -9.634626062941187 ], [ -36.934132323574708, -9.634653337614697 ], [ -36.934222102708326, -9.634613562049163 ], [ -36.934552808124572, -9.634196486833474 ], [ -36.934623600745724, -9.63403360356561 ], [ -36.934812460939632, -9.633135743627363 ], [ -36.93505395430234, -9.632764215377035 ], [ -36.935697936602885, -9.631956141432621 ], [ -36.936190211534552, -9.631476250775966 ], [ -36.936431704897252, -9.631302870925815 ], [ -36.93671035108499, -9.631044349184974 ], [ -36.936621137531986, -9.630900797118356 ], [ -36.936302933007767, -9.630800789982178 ], [ -36.93588017556845, -9.630496222794704 ], [ -36.935734710643089, -9.630432581889862 ], [ -36.935625611949071, -9.630437127668783 ], [ -36.935457418129126, -9.63052804324713 ], [ -36.935157396720584, -9.630687145509244 ], [ -36.934989202900638, -9.630750786414076 ], [ -36.934841465085825, -9.63069396417762 ], [ -36.93470736460776, -9.630557590810106 ], [ -36.934575537019157, -9.630521224578766 ], [ -36.934262908736031, -9.63101338849744 ], [ -36.934185507017219, -9.631254881860146 ], [ -36.933968782204531, -9.631573776941673 ], [ -36.933724192773077, -9.631889575954425 ], [ -36.933547716854179, -9.632251815998485 ], [ -36.933411489829062, -9.632363274473589 ], [ -36.933300031353966, -9.632530462186232 ] ], [ [ -36.928878845175255, -9.636829353649238 ], [ -36.928925286206542, -9.636979512983741 ], [ -36.928979467409718, -9.637241130793331 ], [ -36.929067705369164, -9.637573958184229 ], [ -36.928781319009545, -9.63774733803438 ], [ -36.928745714218891, -9.637711733243734 ], [ -36.928727137806376, -9.63767767648744 ], [ -36.928679148740713, -9.637566218012349 ], [ -36.928564594196864, -9.637103355733844 ], [ -36.92866366839695, -9.6369748688806 ], [ -36.928741070115763, -9.636900563230542 ], [ -36.928878845175255, -9.636829353649238 ] ], [ [ -36.929822925161019, -9.636510288302452 ], [ -36.929766102924553, -9.636483013628943 ], [ -36.929816106492645, -9.636339821593047 ], [ -36.929959298528537, -9.636092076642042 ], [ -36.929970662975833, -9.636012525510989 ], [ -36.930007029207175, -9.635960249053444 ], [ -36.930032030991221, -9.635869333475087 ], [ -36.93005930566472, -9.635751143223246 ], [ -36.930141129685232, -9.63567159209218 ], [ -36.930343416847059, -9.635607951187339 ], [ -36.930375237299479, -9.635601132518973 ], [ -36.930541158229964, -9.636355731819252 ], [ -36.930270684384382, -9.63646710340273 ], [ -36.93005930566472, -9.636478467850024 ], [ -36.929822925161019, -9.636510288302452 ] ], [ [ -36.93172760652741, -9.635378389352002 ], [ -36.932020809267577, -9.635143145293044 ], [ -36.932214004871568, -9.634945403910125 ], [ -36.932268554218574, -9.634820394989905 ], [ -36.93227991866587, -9.634718114964253 ], [ -36.932291283113166, -9.634620380717532 ], [ -36.932341286681257, -9.634554466923229 ], [ -36.932477660048782, -9.634559012702153 ], [ -36.932643580979267, -9.63459083315457 ], [ -36.932741315225989, -9.63462947227538 ], [ -36.932891325930264, -9.634756754085052 ], [ -36.932909509045935, -9.634802211874229 ], [ -36.932850413920008, -9.634824940768819 ], [ -36.932766317010035, -9.634795393205861 ], [ -36.93259812319009, -9.634722660743183 ], [ -36.932498116053907, -9.634670384285625 ], [ -36.932450385375276, -9.634686294511843 ], [ -36.932457204043651, -9.634718114964267 ], [ -36.932625397863596, -9.63486585277907 ], [ -36.932625397863596, -9.634915856347167 ], [ -36.93258448585334, -9.634918129236626 ], [ -36.932484478717157, -9.634884035894752 ], [ -36.932452658264737, -9.63502268215173 ], [ -36.932320830676126, -9.635204513308432 ], [ -36.932225369318864, -9.635329522228655 ], [ -36.931794656766435, -9.635772735673095 ], [ -36.93174124386416, -9.635596586740055 ], [ -36.931673057180397, -9.635463622706714 ], [ -36.93172760652741, -9.635378389352002 ] ] ], [ [ [ -36.929216316669262, -9.632785887858324 ], [ -36.929340159419368, -9.632538202358106 ], [ -36.929810761869767, -9.632290516857902 ], [ -36.930157521570059, -9.632166674107793 ], [ -36.930937730895714, -9.631473154707209 ], [ -36.931296874871023, -9.630841556681672 ], [ -36.931296874871023, -9.63059387118146 ], [ -36.931222569220957, -9.630185190106117 ], [ -36.930819587188651, -9.63029848141181 ], [ -36.930319551507736, -9.63063486905169 ], [ -36.930237727487224, -9.631148542069361 ], [ -36.929819515826821, -9.63155766217192 ], [ -36.929805878490072, -9.631734947549713 ], [ -36.929546769091779, -9.631919051595865 ], [ -36.929383121050755, -9.631980419611242 ], [ -36.929326298814289, -9.631946326269363 ], [ -36.929339936151038, -9.631809952901849 ], [ -36.929489946855313, -9.631753130665377 ], [ -36.929471763739642, -9.631739493328618 ], [ -36.92923083745702, -9.63176904089158 ], [ -36.928892176927675, -9.630607594378183 ], [ -36.928687616876395, -9.630739421966787 ], [ -36.928814898686078, -9.631043989154264 ], [ -36.928901268485511, -9.631025806038584 ], [ -36.929010367179522, -9.63137355812577 ], [ -36.929092191200034, -9.631494021267075 ], [ -36.929008094290062, -9.631619030187304 ], [ -36.928489875493483, -9.631691762649986 ], [ -36.928226220316269, -9.63190541425911 ], [ -36.928223947426808, -9.63204860629501 ], [ -36.928305771447327, -9.632173615215232 ], [ -36.928042116270113, -9.632375902377056 ], [ -36.927789825540209, -9.632591826875629 ], [ -36.927687545514566, -9.632773658032333 ], [ -36.927507987247331, -9.632910031399858 ], [ -36.92726933385417, -9.63304640476737 ], [ -36.927117050260435, -9.633230508813533 ], [ -36.927117050260435, -9.63339642974401 ], [ -36.927228421843914, -9.63352143866423 ], [ -36.927435254784655, -9.633771456504697 ], [ -36.927480712573832, -9.634087388139454 ], [ -36.927389796995485, -9.634278310853984 ], [ -36.926912490209155, -9.635114734174781 ], [ -36.926462458096339, -9.634801075429483 ], [ -36.926280626939636, -9.634801075429484 ], [ -36.925957876636502, -9.635301111110401 ], [ -36.926212440255881, -9.635623861413531 ], [ -36.926211581944841, -9.635751921723315 ], [ -36.927241024805092, -9.635131159938428 ], [ -36.927891199243142, -9.634569223459826 ], [ -36.928213190393414, -9.634346306509636 ], [ -36.928981015444066, -9.633937625434299 ], [ -36.929241085219282, -9.633566097183982 ], [ -36.929216316669262, -9.632785887858324 ] ] ], [ [ [ -36.93390376480049, -9.631338475748363 ], [ -36.933984262548293, -9.631143423385049 ], [ -36.934157642398446, -9.630970043534903 ], [ -36.933662271398028, -9.630604707422091 ], [ -36.933365048797775, -9.631025772772464 ], [ -36.933024481234987, -9.631737868585555 ], [ -36.932547686647077, -9.632440676192397 ], [ -36.932829428903567, -9.632350890198568 ], [ -36.933680847810535, -9.63138182067901 ], [ -36.933795402354384, -9.631446838122804 ], [ -36.933882092279461, -9.63137253247274 ], [ -36.93390376480049, -9.631338475748363 ] ] ] ] } },
{ "type": "Feature", "properties": { "fid": 39.0, "LAT_GD": -9.518258, "LONG_GD": -36.81681, "IMG_ANTES": "12/2020", "IMG_DEPOIS": "02/2024", "BIOMA": "Caatinga", "COD_CAR": "-", "N_IMOVEL": "FAZENDA LAGOA DO JUNCO", "NM_MUN": "Igaci", "ORGAO": "-", "OPERACAO": "XIII FPI - 2024", "PERIODO": "-", "N_PROCESSO": "2024.07053539913.AINF.IMA", "DATA_AI": "2024-05-07", "MOTIVO": "DESMATAMENTO", "AI": "2024.07050886589.UC'S.AINF", "TE": "SERIE C - TALAO 0042 - FOLHA 04414", "AI_APP": "-", "TE_APP": "-", "AI_RL": "-", "TE_RL": "-", "AREA_UTM": 11.02, "AREA_UC": 0.0, "AREA_TI": 0.0, "AREA_APP": 0.0, "AREA_RL": 0.0, "FORA_UC": 0.0, "FORA_TI": 0.0, "FORA_APP": 0.0, "FORA_RL": 0.0, "SITUACAO": "EMBARGADA" }, "geometry": { "type": "MultiPolygon", "coordinates": [ [ [ [ -36.819238, -9.517627 ], [ -36.818076, -9.517949 ], [ -36.816762, -9.518155 ], [ -36.815696, -9.517871 ], [ -36.814507, -9.518091 ], [ -36.814526, -9.517834 ], [ -36.814373, -9.517772 ], [ -36.813597, -9.518184 ], [ -36.813254, -9.5181 ], [ -36.812909, -9.518144 ], [ -36.81355, -9.518954 ], [ -36.814426, -9.51914 ], [ -36.815361, -9.519301 ], [ -36.815945, -9.519614 ], [ -36.816666, -9.519267 ], [ -36.817112, -9.519318 ], [ -36.817893, -9.518887 ], [ -36.818434, -9.5192 ], [ -36.820082, -9.518633 ], [ -36.81981, -9.517703 ], [ -36.819238, -9.517627 ] ] ], [ [ [ -36.818105, -9.515346 ], [ -36.817878, -9.515761 ], [ -36.817825, -9.516169 ], [ -36.818015, -9.516418 ], [ -36.818214, -9.516476 ], [ -36.818393, -9.516405 ], [ -36.818923, -9.516035 ], [ -36.818863, -9.515629 ], [ -36.818578, -9.515182 ], [ -36.818105, -9.515346 ] ] ] ] } },
{ "type": "Feature", "properties": { "fid": 40.0, "LAT_GD": -9.57135, "LONG_GD": -36.61725, "IMG_ANTES": "08/2022", "IMG_DEPOIS": "03/2024", "BIOMA": "Caatinga", "COD_CAR": "-", "N_IMOVEL": "-", "NM_MUN": "Igaci", "ORGAO": "-", "OPERACAO": "XIII FPI - 2024", "PERIODO": "-", "N_PROCESSO": "2024.07052868173.AINF.IMA", "DATA_AI": "2024-05-07", "MOTIVO": "DESMATAMENTO", "AI": "SERIE A - TALAO 0021 - FOLHA 01816", "TE": "SERIE C - TALAO 0048 - FOLHA 04725", "AI_APP": "-", "TE_APP": "-", "AI_RL": "-", "TE_RL": "-", "AREA_UTM": 11.18, "AREA_UC": 0.0, "AREA_TI": 0.0, "AREA_APP": 0.0, "AREA_RL": 0.0, "FORA_UC": 0.0, "FORA_TI": 0.0, "FORA_APP": 0.0, "FORA_RL": 0.0, "SITUACAO": "EMBARGADA" }, "geometry": { "type": "MultiPolygon", "coordinates": [ [ [ [ -36.618244, -9.570705 ], [ -36.617879, -9.570621 ], [ -36.617794, -9.569859 ], [ -36.617278, -9.569732 ], [ -36.617185, -9.568907 ], [ -36.616648, -9.568568 ], [ -36.616119, -9.569161 ], [ -36.615318, -9.568431 ], [ -36.615066, -9.568891 ], [ -36.615372, -9.569256 ], [ -36.615742, -9.569595 ], [ -36.615733, -9.569859 ], [ -36.616144, -9.5706 ], [ -36.616101, -9.571065 ], [ -36.615844, -9.571467 ], [ -36.616938, -9.571996 ], [ -36.617517, -9.57316 ], [ -36.617753, -9.573879 ], [ -36.618247, -9.57481 ], [ -36.618998, -9.574831 ], [ -36.618633, -9.573541 ], [ -36.618591, -9.571975 ], [ -36.617925, -9.571869 ], [ -36.618137, -9.571107 ], [ -36.618244, -9.570705 ] ] ] ] } },
{ "type": "Feature", "properties": { "fid": 41.0, "LAT_GD": -9.558732, "LONG_GD": -36.58744, "IMG_ANTES": "08/2022", "IMG_DEPOIS": "03/2024", "BIOMA": "Caatinga", "COD_CAR": "-", "N_IMOVEL": "FAZENDA LONTRA", "NM_MUN": "Igaci", "ORGAO": "-", "OPERACAO": "XIII FPI - 2024", "PERIODO": "-", "N_PROCESSO": "2024.07055640134.AINF.IMA", "DATA_AI": "2024-05-07", "MOTIVO": "DESMATAMENTO", "AI": "SERIE A - TALAO 0021 - FOLHA 01815", "TE": "SERIE C - TALAO 0048 - FOLHA 04724", "AI_APP": "-", "TE_APP": "-", "AI_RL": "-", "TE_RL": "-", "AREA_UTM": 33.96, "AREA_UC": 0.0, "AREA_TI": 0.0, "AREA_APP": 0.0, "AREA_RL": 0.0, "FORA_UC": 0.0, "FORA_TI": 0.0, "FORA_APP": 0.0, "FORA_RL": 0.0, "SITUACAO": "EMBARGADA" }, "geometry": { "type": "MultiPolygon", "coordinates": [ [ [ [ -36.59038077257221, -9.558268895139708 ], [ -36.58955251058407, -9.557452130733099 ], [ -36.588279441231933, -9.556726116281453 ], [ -36.586929680954974, -9.55537996038742 ], [ -36.586822313660214, -9.554850571779481 ], [ -36.58646953540601, -9.554638816105761 ], [ -36.585181127868907, -9.554744693959082 ], [ -36.585150451498968, -9.557467256017718 ], [ -36.58492037872449, -9.558208394139793 ], [ -36.584997069649319, -9.559221784469475 ], [ -36.585181127868907, -9.559841917361632 ], [ -36.585733302527665, -9.560008294286726 ], [ -36.586084, -9.562974 ], [ -36.586181, -9.56308 ], [ -36.586764, -9.563147 ], [ -36.586929, -9.563176 ], [ -36.587211, -9.563607 ], [ -36.588247, -9.561785 ], [ -36.587849, -9.561392 ], [ -36.587589222908491, -9.560567925164863 ], [ -36.58832545578683, -9.559675540355185 ], [ -36.590350096202279, -9.560023419457693 ], [ -36.590442125312073, -9.559100782797758 ], [ -36.590810241751242, -9.559131033219716 ], [ -36.591439107334836, -9.559010031515719 ], [ -36.591684518294279, -9.559146158429696 ], [ -36.592067972918414, -9.559373036498613 ], [ -36.592436089357584, -9.559342786098171 ], [ -36.592880896721589, -9.559085657585754 ], [ -36.593049616756211, -9.558919280209478 ], [ -36.592558794837316, -9.558889029768679 ], [ -36.592052634733449, -9.558541149506253 ], [ -36.591730532849176, -9.558374771863706 ], [ -36.591178358190419, -9.558344521374492 ], [ -36.59038077257221, -9.558268895139708 ] ] ] ] } },
{ "type": "Feature", "properties": { "fid": 42.0, "LAT_GD": -9.551038, "LONG_GD": -36.74148, "IMG_ANTES": "09/2020", "IMG_DEPOIS": "03/2024", "BIOMA": "Caatinga", "COD_CAR": "-", "N_IMOVEL": "FAZENDA LAGOA DA AREIA", "NM_MUN": "Igaci", "ORGAO": "-", "OPERACAO": "XIII FPI - 2024", "PERIODO": "-", "N_PROCESSO": "2024.09053533349.AINF.IMA", "DATA_AI": "2024-05-09", "MOTIVO": "DESMATAMENTO", "AI": "2024.09050087892.UC'S.AINF", "TE": "SERIE C - TALAO 0042 - FOLHA 04420", "AI_APP": "-", "TE_APP": "-", "AI_RL": "-", "TE_RL": "-", "AREA_UTM": 42.87, "AREA_UC": 0.0, "AREA_TI": 0.0, "AREA_APP": 0.0, "AREA_RL": 0.0, "FORA_UC": 0.0, "FORA_TI": 0.0, "FORA_APP": 0.0, "FORA_RL": 0.0, "SITUACAO": "EMBARGADA" }, "geometry": { "type": "MultiPolygon", "coordinates": [ [ [ [ -36.740678675622512, -9.552699439744993 ], [ -36.740067545009659, -9.552632477927848 ], [ -36.739909103739649, -9.552319989273679 ], [ -36.739592221199651, -9.55171733177357 ], [ -36.738981090586798, -9.551427162967157 ], [ -36.738324691039658, -9.550936107500688 ], [ -36.736943988543949, -9.550757541700955 ], [ -36.737079795346801, -9.551605728415742 ], [ -36.737215602149661, -9.55220838611339 ], [ -36.737577753623945, -9.552922645707055 ], [ -36.737849367229657, -9.553078889793413 ], [ -36.737849367229657, -9.553235133808073 ], [ -36.737215602149661, -9.553614583259423 ], [ -36.737034526412515, -9.553681544883421 ], [ -36.736491299201084, -9.552029820980843 ], [ -36.735925437522518, -9.552052141627538 ], [ -36.735880168588238, -9.552476233636606 ], [ -36.735948071989661, -9.553971711768467 ], [ -36.735269037975385, -9.554797570010612 ], [ -36.738324165344238, -9.554751207392528 ], [ -36.739155441449029, -9.554697464131493 ], [ -36.740557891049221, -9.554774037508558 ], [ -36.742173482765068, -9.554655577015456 ], [ -36.74215337416571, -9.554550291803253 ], [ -36.742104647052507, -9.55455204479656 ], [ -36.741833033446788, -9.552677119140743 ], [ -36.740678675622512, -9.552699439744993 ] ] ], [ [ [ -36.743247687643219, -9.550216263548407 ], [ -36.74282329138429, -9.550417150385844 ], [ -36.741510492290011, -9.550751961518214 ], [ -36.741708543877522, -9.550874725517591 ], [ -36.742602605329665, -9.550651518213067 ], [ -36.743021342971801, -9.550729640786288 ], [ -36.743406128913222, -9.550841244431247 ], [ -36.743926721657516, -9.550952848039614 ], [ -36.744413362701081, -9.550952848039623 ], [ -36.745194251817509, -9.550484112638646 ], [ -36.74621280283894, -9.550048857760036 ], [ -36.746959740254646, -9.550885885878992 ], [ -36.74712949875822, -9.551220696550489 ], [ -36.745986458167515, -9.55137694141786 ], [ -36.745907237532506, -9.551901477233994 ], [ -36.748634690823216, -9.551957278869008 ], [ -36.748034877443928, -9.548770990864007 ], [ -36.747378477896788, -9.549150445289948 ], [ -36.747061595356783, -9.549172766125361 ], [ -36.746586271546782, -9.54892723685529 ], [ -36.746269389006784, -9.5490388410909 ], [ -36.745273472452503, -9.549462936852684 ], [ -36.7446397073725, -9.549903772676874 ], [ -36.744181359412856, -9.550032117176672 ], [ -36.743247687643219, -9.550216263548407 ] ] ], [ [ [ -36.745335717237154, -9.547448477281291 ], [ -36.743672083902155, -9.547643785517492 ], [ -36.743734328686799, -9.548324573351117 ], [ -36.743926721657516, -9.548854694082541 ], [ -36.743926721657516, -9.549418295218423 ], [ -36.744594438438234, -9.54875425021784 ], [ -36.744588779821441, -9.548268771120856 ], [ -36.744634048755728, -9.547850254102594 ], [ -36.745188593200723, -9.547811192487977 ], [ -36.745335717237154, -9.547448477281291 ] ] ], [ [ [ -36.742659191497516, -9.547281070132547 ], [ -36.742659191497516, -9.547437316807263 ], [ -36.742512067461092, -9.547749809941696 ], [ -36.742478115760377, -9.548006500516225 ], [ -36.742229136621809, -9.548039981881256 ], [ -36.742127281519657, -9.548575683274109 ], [ -36.742070695351806, -9.549435035831962 ], [ -36.742172550453951, -9.550060018148493 ], [ -36.742364943424668, -9.550361348498445 ], [ -36.742478115760377, -9.550316706981933 ], [ -36.742636557030373, -9.55010465969864 ], [ -36.743213735942525, -9.54954663990117 ], [ -36.742896853402513, -9.548464078886751 ], [ -36.743168467008232, -9.548374795350531 ], [ -36.74315714977466, -9.547582402941037 ], [ -36.743564570183231, -9.547526600589208 ], [ -36.743496666781809, -9.546209662432616 ], [ -36.743100563606809, -9.54620966243262 ], [ -36.742512067461092, -9.546923934606967 ], [ -36.742557336395372, -9.547113662901538 ], [ -36.742659191497516, -9.547281070132547 ] ] ], [ [ [ -36.743168467008232, -9.545623734921561 ], [ -36.741878302381096, -9.546070155973764 ], [ -36.741685909410386, -9.545277758203785 ], [ -36.741255854534671, -9.545300079292947 ], [ -36.741357709636809, -9.546393810870832 ], [ -36.740633406688232, -9.546527736945203 ], [ -36.741414295804667, -9.550361348498443 ], [ -36.741923571315382, -9.550283225840724 ], [ -36.741810398979659, -9.549714045936405 ], [ -36.741855667913946, -9.549156025498934 ], [ -36.741946205782526, -9.548441758004873 ], [ -36.74195752301609, -9.547906056401391 ], [ -36.742149915986808, -9.547476378464747 ], [ -36.742229136621809, -9.546862551900787 ], [ -36.742885536168949, -9.546271045256406 ], [ -36.743168467008232, -9.545623734921561 ] ] ] ] } },
{ "type": "Feature", "properties": { "fid": 43.0, "LAT_GD": -9.556665, "LONG_GD": -36.73956, "IMG_ANTES": "09/2020", "IMG_DEPOIS": "03/2024", "BIOMA": "Caatinga", "COD_CAR": "-", "N_IMOVEL": "-", "NM_MUN": "Igaci", "ORGAO": "-", "OPERACAO": "XIII FPI - 2024", "PERIODO": "-", "N_PROCESSO": "2024.09052826363.AINF.IMA", "DATA_AI": "2024-05-09", "MOTIVO": "DESMATAMENTO", "AI": "2024.09050808888.UC'S.AINF", "TE": "SERIE C - TALAO 0042 - FOLHA 04421", "AI_APP": "-", "TE_APP": "-", "AI_RL": "-", "TE_RL": "-", "AREA_UTM": 45.15, "AREA_UC": 0.0, "AREA_TI": 0.0, "AREA_APP": 0.0, "AREA_RL": 0.0, "FORA_UC": 0.0, "FORA_TI": 0.0, "FORA_APP": 0.0, "FORA_RL": 0.0, "SITUACAO": "EMBARGADA" }, "geometry": { "type": "MultiPolygon", "coordinates": [ [ [ [ -36.74215337416571, -9.554550291803253 ], [ -36.742173482765068, -9.554655577015456 ], [ -36.740557891049221, -9.554774037508558 ], [ -36.739155441449029, -9.554697464131493 ], [ -36.738324165344238, -9.554751207392528 ], [ -36.735269037975385, -9.554797570010612 ], [ -36.734553222951796, -9.55482547059192 ], [ -36.734575857418939, -9.558061922501755 ], [ -36.737337262410364, -9.557660157731062 ], [ -36.737337262410364, -9.558508327246145 ], [ -36.736968, -9.558663 ], [ -36.736985, -9.559391 ], [ -36.737277, -9.559391 ], [ -36.737346, -9.559628 ], [ -36.740023, -9.558748 ], [ -36.741174, -9.55846 ], [ -36.742565824320351, -9.558396726114953 ], [ -36.744127602553206, -9.558173523742754 ], [ -36.744693464231773, -9.557950321224135 ], [ -36.744693464231773, -9.557280712789845 ], [ -36.743810720013201, -9.554490663465403 ], [ -36.74215337416571, -9.554550291803253 ] ] ] ] } },
{ "type": "Feature", "properties": { "fid": 44.0, "LAT_GD": -9.626342, "LONG_GD": -36.65598, "IMG_ANTES": "09/2020", "IMG_DEPOIS": "03/2024", "BIOMA": "Caatinga", "COD_CAR": "-", "N_IMOVEL": "-", "NM_MUN": "Igaci", "ORGAO": "-", "OPERACAO": "XIII FPI - 2024", "PERIODO": "-", "N_PROCESSO": "2024.07050909894.AINF.IMA", "DATA_AI": "2024-05-07", "MOTIVO": "DESMATAMENTO", "AI": "SERIE A - TALAO 0021 - FOLHA 01817", "TE": "SERIE C - TALAO 0048 - FOLHA 04726", "AI_APP": "-", "TE_APP": "-", "AI_RL": "-", "TE_RL": "-", "AREA_UTM": 25.35, "AREA_UC": 0.0, "AREA_TI": 0.0, "AREA_APP": 0.0, "AREA_RL": 0.0, "FORA_UC": 0.0, "FORA_TI": 0.0, "FORA_APP": 0.0, "FORA_RL": 0.0, "SITUACAO": "EMBARGADA" }, "geometry": { "type": "MultiPolygon", "coordinates": [ [ [ [ -36.655577851762239, -9.628257145325259 ], [ -36.65657506404451, -9.628535149449592 ], [ -36.658743499156806, -9.629135703748124 ], [ -36.657963844757418, -9.628876693792535 ], [ -36.657943, -9.628158 ], [ -36.659094, -9.628756 ], [ -36.659413, -9.628483 ], [ -36.659066, -9.628064 ], [ -36.659706698727412, -9.627158389019561 ], [ -36.659050299180272, -9.627359230288347 ], [ -36.659034, -9.627119 ], [ -36.658312, -9.627178 ], [ -36.657488520947417, -9.624324282828999 ], [ -36.656311528655998, -9.624614389279349 ], [ -36.655992225, -9.623605517 ], [ -36.655842416, -9.623431822 ], [ -36.654921, -9.623496 ], [ -36.654383, -9.624152 ], [ -36.653912, -9.624184 ], [ -36.653758, -9.624657 ], [ -36.653092, -9.624807 ], [ -36.653663, -9.628067 ], [ -36.655409, -9.627897 ], [ -36.655581, -9.628159 ], [ -36.655577851762239, -9.628257145325259 ] ] ] ] } },
{ "type": "Feature", "properties": { "fid": 45.0, "LAT_GD": -9.634731, "LONG_GD": -36.95481, "IMG_ANTES": "12/2018", "IMG_DEPOIS": "03/2023", "BIOMA": "Caatinga", "COD_CAR": "AL-2703700-53D83FCE1C9042549B5FE16BFDAF18E8", "N_IMOVEL": "FAZENDA SUSSUARANA", "NM_MUN": "Jaramataia", "ORGAO": "-", "OPERACAO": "-", "PERIODO": "-", "N_PROCESSO": "2023.09050019774.AINF.IMA", "DATA_AI": "2024-05-08", "MOTIVO": "DESMATAMENTO", "AI": "2023.09051528574.UC'S.AINF", "TE": "SERIE C - TALAO 0038 - FOLHA 01853", "AI_APP": "-", "TE_APP": "-", "AI_RL": "-", "TE_RL": "-", "AREA_UTM": 35.55, "AREA_UC": 0.0, "AREA_TI": 0.0, "AREA_APP": 0.0, "AREA_RL": 0.0, "FORA_UC": 0.0, "FORA_TI": 0.0, "FORA_APP": 0.0, "FORA_RL": 0.0, "SITUACAO": "EMBARGADA" }, "geometry": { "type": "MultiPolygon", "coordinates": [ [ [ [ -36.956534681002502, -9.635495792744001 ], [ -36.958048182499603, -9.63927107055617 ], [ -36.958471495078001, -9.639004555871599 ], [ -36.958474011984102, -9.6385860916668 ], [ -36.958445868523, -9.63825711996223 ], [ -36.958266940676602, -9.63795714657091 ], [ -36.958299758209101, -9.63750897049057 ], [ -36.9580625666648, -9.63687984705421 ], [ -36.957733575129303, -9.636489310692699 ], [ -36.957375542520502, -9.63591925401029 ], [ -36.957198954289701, -9.63523070680534 ], [ -36.958921222642303, -9.63434416460524 ], [ -36.958538099495598, -9.63293700213705 ], [ -36.9581169519318, -9.632844834921681 ], [ -36.957878504242402, -9.632424944047051 ], [ -36.957213338288099, -9.63283948401684 ], [ -36.9566374532642, -9.633433899403849 ], [ -36.956552486935898, -9.63253665576854 ], [ -36.956796147259801, -9.632089729122811 ], [ -36.9569802852753, -9.63152288422445 ], [ -36.956922741221398, -9.63107417315725 ], [ -36.9566209990221, -9.631162059903961 ], [ -36.956406920262602, -9.63169883581233 ], [ -36.955953496569201, -9.63196517111842 ], [ -36.955411690294198, -9.631902177240409 ], [ -36.955291928689803, -9.63178190203644 ], [ -36.955203007193198, -9.631542244359711 ], [ -36.955051326072599, -9.631720693045891 ], [ -36.954930304982199, -9.631809649478949 ], [ -36.954688802568199, -9.63189789145302 ], [ -36.954566701367398, -9.63216618915793 ], [ -36.954263337713897, -9.632523085602759 ], [ -36.953930573271997, -9.63276024205036 ], [ -36.9536284690721, -9.632907906138421 ], [ -36.952812336196502, -9.633381323084659 ], [ -36.951482531236302, -9.634120707924451 ], [ -36.950364286344197, -9.634741779111209 ], [ -36.9502713989068, -9.63515970413707 ], [ -36.950359775775802, -9.635489032976469 ], [ -36.950538694923502, -9.635789008799129 ], [ -36.950686230837299, -9.6362980366705 ], [ -36.950894549624003, -9.636717752131441 ], [ -36.951375578598899, -9.636870067062111 ], [ -36.951493175598102, -9.63734902574658 ], [ -36.956534681002502, -9.635495792744001 ] ] ] ] } },
{ "type": "Feature", "properties": { "fid": 46.0, "LAT_GD": -9.633389, "LONG_GD": -36.95464, "IMG_ANTES": "06/2021", "IMG_DEPOIS": "04/2024", "BIOMA": "Caatinga", "COD_CAR": "-", "N_IMOVEL": "FAZENDA SUSSUARANA", "NM_MUN": "Jaramataia", "ORGAO": "-", "OPERACAO": "XIII FPI - 2024", "PERIODO": "-", "N_PROCESSO": "2024.06053204653.AINF.IMA", "DATA_AI": "2024-05-06", "MOTIVO": "DESMATAMENTO", "AI": "2024.06055923776.UC'S.AINF", "TE": "SERIE C - TALAO 0048 - FOLHA 04722", "AI_APP": "-", "TE_APP": "-", "AI_RL": "-", "TE_RL": "-", "AREA_UTM": 44.32, "AREA_UC": 0.0, "AREA_TI": 0.0, "AREA_APP": 0.0, "AREA_RL": 0.0, "FORA_UC": 0.0, "FORA_TI": 0.0, "FORA_APP": 0.0, "FORA_RL": 0.0, "SITUACAO": "EMBARGADA" }, "geometry": { "type": "MultiPolygon", "coordinates": [ [ [ [ -36.959036209457139, -9.634516911964528 ], [ -36.958628789048575, -9.632910212528424 ], [ -36.958187416939296, -9.633032946782919 ], [ -36.95805161013643, -9.63234117131095 ], [ -36.957598920793572, -9.632642428545562 ], [ -36.95605977702786, -9.629339741960003 ], [ -36.952302455482155, -9.629942261516492 ], [ -36.953366275437872, -9.632954843171589 ], [ -36.952392993350735, -9.633713563202447 ], [ -36.951034925322162, -9.63444996630739 ], [ -36.95046906364361, -9.63491858562853 ], [ -36.9503558913079, -9.635956240381201 ], [ -36.951555518066449, -9.637150097278418 ], [ -36.959036209457139, -9.634516911964528 ] ] ] ] } },
{ "type": "Feature", "properties": { "fid": 47.0, "LAT_GD": -9.638811, "LONG_GD": -36.97107, "IMG_ANTES": "06/2021", "IMG_DEPOIS": "03/2024", "BIOMA": "Caatinga", "COD_CAR": "-", "N_IMOVEL": "FAZENDA SANTA LUZIA", "NM_MUN": "Jaramataia", "ORGAO": "-", "OPERACAO": "XIII FPI - 2024", "PERIODO": "-", "N_PROCESSO": "2024.06051986592.AINF.IMA", "DATA_AI": "2024-05-06", "MOTIVO": "DESMATAMENTO", "AI": "2024.06054801549.UC'S.AINF", "TE": "SERIE C - TALAO 0048 - FOLHA 04723", "AI_APP": "-", "TE_APP": "-", "AI_RL": "-", "TE_RL": "-", "AREA_UTM": 12.68, "AREA_UC": 0.0, "AREA_TI": 0.0, "AREA_APP": 0.0, "AREA_RL": 0.0, "FORA_UC": 0.0, "FORA_TI": 0.0, "FORA_APP": 0.0, "FORA_RL": 0.0, "SITUACAO": "EMBARGADA" }, "geometry": { "type": "MultiPolygon", "coordinates": [ [ [ [ -36.971663694511797, -9.635844474127811 ], [ -36.969289753538348, -9.638212654005958 ], [ -36.96982153305072, -9.638678674241884 ], [ -36.969708360715003, -9.639325806928088 ], [ -36.969414112642141, -9.640999420187162 ], [ -36.97326197205642, -9.639883678937082 ], [ -36.972157, -9.637993 ], [ -36.971741, -9.637247 ], [ -36.97174075, -9.636823175 ], [ -36.971663694511797, -9.635844474127811 ] ] ] ] } },
{ "type": "Feature", "properties": { "fid": 48.0, "LAT_GD": -9.662495, "LONG_GD": -36.97633, "IMG_ANTES": "09/2020", "IMG_DEPOIS": "03/2024", "BIOMA": "Caatinga", "COD_CAR": "-", "N_IMOVEL": "FAZENDA SAO GERONIMO", "NM_MUN": "Jaramataia", "ORGAO": "-", "OPERACAO": "XIII FPI - 2024", "PERIODO": "-", "N_PROCESSO": "2024.06050881674.AINF.IMA", "DATA_AI": "2024-05-06", "MOTIVO": "DESMATAMENTO", "AI": "SERIE A - TALAO 0021 - FOLHA 01814", "TE": "SERIE C - TALAO 0048 - FOLHA 04721", "AI_APP": "-", "TE_APP": "-", "AI_RL": "-", "TE_RL": "-", "AREA_UTM": 20.84, "AREA_UC": 0.0, "AREA_TI": 0.0, "AREA_APP": 0.0, "AREA_RL": 0.0, "FORA_UC": 0.0, "FORA_TI": 0.0, "FORA_APP": 0.0, "FORA_RL": 0.0, "SITUACAO": "EMBARGADA" }, "geometry": { "type": "MultiPolygon", "coordinates": [ [ [ [ -36.97838443490221, -9.659613623490943 ], [ -36.973518024466522, -9.662157359194678 ], [ -36.973495389999378, -9.663295339995472 ], [ -36.973645, -9.66375 ], [ -36.97401, -9.664258 ], [ -36.974161, -9.66485 ], [ -36.974783, -9.664575 ], [ -36.975835, -9.663962 ], [ -36.976436, -9.663792 ], [ -36.976479, -9.664004 ], [ -36.976629, -9.664427 ], [ -36.977552, -9.664469 ], [ -36.978303, -9.664427 ], [ -36.978565510639356, -9.662001165451077 ], [ -36.978610779573636, -9.660840866800749 ], [ -36.97838443490221, -9.659613623490943 ] ] ] ] } },
{ "type": "Feature", "properties": { "fid": 49.0, "LAT_GD": -9.568429, "LONG_GD": -36.87395, "IMG_ANTES": "12/2018", "IMG_DEPOIS": "03/2023", "BIOMA": "Caatinga", "COD_CAR": "AL-2704401-E44686F22CF04B18B8B9AF1A73E525CD", "N_IMOVEL": "FAZENDA CAMPINHOS", "NM_MUN": "Major Isidoro", "ORGAO": "-", "OPERACAO": "-", "PERIODO": "-", "N_PROCESSO": "2023.15053949594.AINF.IMA", "DATA_AI": "2023-05-15", "MOTIVO": "DESMATAMENTO", "AI": "2023.15050456572.UC'S.AINF", "TE": "SERIE C - TALAO 0032 - FOLHA 01596", "AI_APP": "-", "TE_APP": "-", "AI_RL": "-", "TE_RL": "-", "AREA_UTM": 17.47, "AREA_UC": 0.0, "AREA_TI": 0.0, "AREA_APP": 0.0, "AREA_RL": 0.0, "FORA_UC": 0.0, "FORA_TI": 0.0, "FORA_APP": 0.0, "FORA_RL": 0.0, "SITUACAO": "EMBARGADA" }, "geometry": { "type": "MultiPolygon", "coordinates": [ [ [ [ -36.877064167902503, -9.56864646039336 ], [ -36.876714628604503, -9.568218707322121 ], [ -36.875783949145401, -9.56726224208025 ], [ -36.874550603875399, -9.565816099367909 ], [ -36.873256158329099, -9.566982658375061 ], [ -36.870996674383598, -9.56899574248053 ], [ -36.871013063467103, -9.569325308828549 ], [ -36.871190020701199, -9.56992419208761 ], [ -36.871430554412797, -9.569985447194689 ], [ -36.871972964905801, -9.569928993666419 ], [ -36.872276887373502, -9.569482508376129 ], [ -36.872485634117098, -9.569812577103249 ], [ -36.872665755705299, -9.56990335096784 ], [ -36.872452731035303, -9.570260724132091 ], [ -36.872600507693299, -9.570709978791459 ], [ -36.873081763167903, -9.57080259845883 ], [ -36.8747790727273, -9.569049489475359 ], [ -36.875379294444599, -9.56938195376318 ], [ -36.875919847912797, -9.56962438214296 ], [ -36.877064167902503, -9.56864646039336 ] ] ] ] } },
{ "type": "Feature", "properties": { "fid": 50.0, "LAT_GD": -9.173342, "LONG_GD": -37.75895, "IMG_ANTES": "11/2018", "IMG_DEPOIS": "10/2022", "BIOMA": "Caatinga", "COD_CAR": "AL-2705002-EEF2BE93E2F549478A9736D9FC2B7329", "N_IMOVEL": "-", "NM_MUN": "Mata Grande", "ORGAO": "-", "OPERACAO": "-", "PERIODO": "-", "N_PROCESSO": "2022.26115512761.AINF.IMA", "DATA_AI": "2022-11-25", "MOTIVO": "DESMATAMENTO", "AI": "2022.26111036139.UC'S.AINF", "TE": "SERIE C - TALAO 0032 - FOLHA 01575", "AI_APP": "-", "TE_APP": "-", "AI_RL": "-", "TE_RL": "-", "AREA_UTM": 3.78, "AREA_UC": 0.0, "AREA_TI": 0.0, "AREA_APP": 0.0, "AREA_RL": 0.0, "FORA_UC": 0.0, "FORA_TI": 0.0, "FORA_APP": 0.0, "FORA_RL": 0.0, "SITUACAO": "EMBARGADA" }, "geometry": { "type": "MultiPolygon", "coordinates": [ [ [ [ -37.760137, -9.173894 ], [ -37.758995510996193, -9.171851183734924 ], [ -37.758022173102113, -9.172629864209705 ], [ -37.758614868183209, -9.173662248207656 ], [ -37.758612663456603, -9.173664142984849 ], [ -37.75869, -9.173788 ], [ -37.758084555420957, -9.174118006406076 ], [ -37.757994363670058, -9.17419551824722 ], [ -37.758034, -9.174508 ], [ -37.758839, -9.174604 ], [ -37.759504, -9.173989 ], [ -37.760137, -9.173894 ] ] ] ] } },
{ "type": "Feature", "properties": { "fid": 51.0, "LAT_GD": -8.894407, "LONG_GD": -37.79506, "IMG_ANTES": "05/2020", "IMG_DEPOIS": "10/2022", "BIOMA": "Caatinga", "COD_CAR": "AL-2705002-13A374EDCF704F18B23CF68975F43749", "N_IMOVEL": "FAZENDA CACHAREM", "NM_MUN": "Mata Grande", "ORGAO": "-", "OPERACAO": "-", "PERIODO": "-", "N_PROCESSO": "2022.24113401225.AINF.IMA", "DATA_AI": "2022-11-23", "MOTIVO": "DESMATAMENTO", "AI": "SERIE A - TALAO 0004 - FOLHA 00178", "TE": "SERIE C - TALAO 0032 - FOLHA 01571", "AI_APP": "-", "TE_APP": "-", "AI_RL": "-", "TE_RL": "-", "AREA_UTM": 40.56, "AREA_UC": 0.0, "AREA_TI": 0.0, "AREA_APP": 0.0, "AREA_RL": 0.0, "FORA_UC": 0.0, "FORA_TI": 0.0, "FORA_APP": 0.0, "FORA_RL": 0.0, "SITUACAO": "EMBARGADA" }, "geometry": { "type": "MultiPolygon", "coordinates": [ [ [ [ -37.798548220836629, -8.894869287068721 ], [ -37.797749140665637, -8.894328408192195 ], [ -37.796968747704661, -8.893876252355762 ], [ -37.794621492366282, -8.892414706826319 ], [ -37.791597274728453, -8.890139372647131 ], [ -37.789235942064408, -8.892145000387156 ], [ -37.798054, -8.898237 ], [ -37.799381371069671, -8.898913046511236 ], [ -37.799690436672542, -8.89898177203235 ], [ -37.800124, -8.898459 ], [ -37.799018, -8.897463 ], [ -37.799974, -8.89635 ], [ -37.799598, -8.895958 ], [ -37.800014472631027, -8.895551460897707 ], [ -37.79979483816885, -8.895159082021735 ], [ -37.798548220836629, -8.894869287068721 ] ] ] ] } },
{ "type": "Feature", "properties": { "fid": 52.0, "LAT_GD": -9.14718, "LONG_GD": -37.75041, "IMG_ANTES": "01/2022", "IMG_DEPOIS": "02/2022", "BIOMA": "Caatinga", "COD_CAR": "AL-2705002-E271982D1BCA4FAEA49AB8C62042ADBA", "N_IMOVEL": "-", "NM_MUN": "Mata Grande", "ORGAO": "-", "OPERACAO": "-", "PERIODO": "-", "N_PROCESSO": "2022.26110273247.AINF.IMA", "DATA_AI": "2022-11-25", "MOTIVO": "DESMATAMENTO", "AI": "2022.26111782362.UC'S.AINF", "TE": "SERIE C - TALAO 0032 - FOLHA 01576", "AI_APP": "-", "TE_APP": "-", "AI_RL": "-", "TE_RL": "-", "AREA_UTM": 1.49, "AREA_UC": 0.0, "AREA_TI": 0.0, "AREA_APP": 0.0, "AREA_RL": 0.0, "FORA_UC": 0.0, "FORA_TI": 0.0, "FORA_APP": 0.0, "FORA_RL": 0.0, "SITUACAO": "EMBARGADA" }, "geometry": { "type": "MultiPolygon", "coordinates": [ [ [ [ -37.751056, -9.146651 ], [ -37.750433, -9.146127 ], [ -37.749811, -9.147811 ], [ -37.75024, -9.148282 ], [ -37.751056, -9.146651 ] ] ] ] } },
{ "type": "Feature", "properties": { "fid": 53.0, "LAT_GD": -9.154831, "LONG_GD": -37.7513, "IMG_ANTES": "11/2018", "IMG_DEPOIS": "04/2022", "BIOMA": "Caatinga", "COD_CAR": "AL-2705002-7F3F7D1E4B0D495E95EA6F46DF8BE350", "N_IMOVEL": "-", "NM_MUN": "Mata Grande", "ORGAO": "-", "OPERACAO": "-", "PERIODO": "-", "N_PROCESSO": "2022.26114706462.AINF.IMA", "DATA_AI": "2022-11-25", "MOTIVO": "DESMATAMENTO", "AI": "SERIE A - TALAO 0004 - FOLHA 00182", "TE": "SERIE C - TALAO 0032 - FOLHA 01573", "AI_APP": "-", "TE_APP": "-", "AI_RL": "-", "TE_RL": "-", "AREA_UTM": 9.44, "AREA_UC": 0.0, "AREA_TI": 0.0, "AREA_APP": 0.0, "AREA_RL": 0.0, "FORA_UC": 0.0, "FORA_TI": 0.0, "FORA_APP": 0.0, "FORA_RL": 0.0, "SITUACAO": "EMBARGADA" }, "geometry": { "type": "MultiPolygon", "coordinates": [ [ [ [ -37.752820321893729, -9.157479879002292 ], [ -37.752594590584152, -9.156046060552743 ], [ -37.751870115465472, -9.155895019821481 ], [ -37.751270859774479, -9.155196006310685 ], [ -37.751257983698167, -9.15466315097575 ], [ -37.751603312562082, -9.154524232790695 ], [ -37.752527589702957, -9.154661565334232 ], [ -37.753032248514437, -9.153075661232371 ], [ -37.751053110782543, -9.152922938562121 ], [ -37.750701817059337, -9.153894507012492 ], [ -37.750485067072987, -9.153819769380728 ], [ -37.74985138329982, -9.154420575012313 ], [ -37.74917969990917, -9.155246114537114 ], [ -37.751222696623792, -9.156600220010404 ], [ -37.751382322150327, -9.156314162127423 ], [ -37.752820321893729, -9.157479879002292 ] ] ] ] } },
{ "type": "Feature", "properties": { "fid": 54.0, "LAT_GD": -9.15923, "LONG_GD": -37.74879, "IMG_ANTES": "11/2017", "IMG_DEPOIS": "10/2022", "BIOMA": "Caatinga", "COD_CAR": "AL-2705002-1A72BAB12FC04DECB5901437475847D1", "N_IMOVEL": "FAZENDA ESPANHA", "NM_MUN": "Mata Grande", "ORGAO": "-", "OPERACAO": "-", "PERIODO": "-", "N_PROCESSO": "2022.25111148992.AINF.IMA", "DATA_AI": "2022-11-25", "MOTIVO": "DESMATAMENTO", "AI": "SERIE A - TALAO 0004 - FOLHA 00179", "TE": "SERIE C - TALAO 0032 - FOLHA 01572", "AI_APP": "-", "TE_APP": "-", "AI_RL": "-", "TE_RL": "-", "AREA_UTM": 27.08, "AREA_UC": 0.0, "AREA_TI": 0.0, "AREA_APP": 0.0, "AREA_RL": 0.0, "FORA_UC": 0.0, "FORA_TI": 0.0, "FORA_APP": 0.0, "FORA_RL": 0.0, "SITUACAO": "EMBARGADA" }, "geometry": { "type": "MultiPolygon", "coordinates": [ [ [ [ -37.753539931664577, -9.165598637238411 ], [ -37.753744455362181, -9.16517339309593 ], [ -37.751280525000702, -9.162900107554462 ], [ -37.749738942093387, -9.162759575377946 ], [ -37.750299, -9.163901 ], [ -37.750374, -9.164356 ], [ -37.753019, -9.16604 ], [ -37.753334455932823, -9.165869505447294 ], [ -37.753539931664577, -9.165598637238411 ] ] ], [ [ [ -37.746022183836168, -9.157894431836773 ], [ -37.74620054672193, -9.159308912457146 ], [ -37.746227233955771, -9.159508747810429 ], [ -37.747109548948458, -9.159180764957034 ], [ -37.747061510521213, -9.159946796383425 ], [ -37.747446823475563, -9.160004467397249 ], [ -37.748400207496083, -9.159737340963176 ], [ -37.7489566629921, -9.159491376091326 ], [ -37.749557447600978, -9.159538521504061 ], [ -37.749872878380643, -9.160125526928429 ], [ -37.75050505579501, -9.159456198856502 ], [ -37.750010982388737, -9.158944159144571 ], [ -37.749832447703113, -9.15871693441256 ], [ -37.749233319280947, -9.158196555240428 ], [ -37.749795048726192, -9.156440745179225 ], [ -37.74685384459503, -9.154492553330499 ], [ -37.746603711962557, -9.154665025336916 ], [ -37.746602103485031, -9.154666376569203 ], [ -37.746038281259757, -9.155074883036317 ], [ -37.74572837792477, -9.155299417492124 ], [ -37.745712584216633, -9.155316749120656 ], [ -37.745823718845813, -9.156295359730544 ], [ -37.745834793488008, -9.156419541649692 ], [ -37.745931506492973, -9.157292258957053 ], [ -37.746022183836168, -9.157894431836773 ] ] ] ] } },
{ "type": "Feature", "properties": { "fid": 55.0, "LAT_GD": -9.399249, "LONG_GD": -37.84895, "IMG_ANTES": "06/2018", "IMG_DEPOIS": "08/2022", "BIOMA": "Caatinga", "COD_CAR": "AL-2705804-F82280E936FE4AAD8A42407271FFE47F", "N_IMOVEL": "-", "NM_MUN": "Olho d'Água do Casado", "ORGAO": "-", "OPERACAO": "-", "PERIODO": "-", "N_PROCESSO": "2022.01123480770.AINF.IMA", "DATA_AI": "2022-12-01", "MOTIVO": "DESMATAMENTO", "AI": "2022.01125861883.UC'S.AINF", "TE": "SERIE C - TALAO 0032 - FOLHA 01583", "AI_APP": "-", "TE_APP": "-", "AI_RL": "-", "TE_RL": "-", "AREA_UTM": 1.11, "AREA_UC": 0.0, "AREA_TI": 0.0, "AREA_APP": 0.0, "AREA_RL": 0.0, "FORA_UC": 0.0, "FORA_TI": 0.0, "FORA_APP": 0.0, "FORA_RL": 0.0, "SITUACAO": "EMBARGADA" }, "geometry": { "type": "MultiPolygon", "coordinates": [ [ [ [ -37.849981289438581, -9.399869961642729 ], [ -37.849399059972519, -9.398852581227995 ], [ -37.847882459856748, -9.398951737156903 ], [ -37.848167849694448, -9.400233887218922 ], [ -37.848094807009289, -9.399035626425153 ], [ -37.849981289438581, -9.399869961642729 ] ] ] ] } },
{ "type": "Feature", "properties": { "fid": 56.0, "LAT_GD": -9.402695, "LONG_GD": -37.82179, "IMG_ANTES": "06/2018", "IMG_DEPOIS": "08/2022", "BIOMA": "Caatinga", "COD_CAR": "AL-2705804-76D215B9767F42D8B14F8EE8CD282FB1", "N_IMOVEL": "-", "NM_MUN": "Olho d'Água do Casado", "ORGAO": "-", "OPERACAO": "-", "PERIODO": "-", "N_PROCESSO": "2022.01122604030.AINF.IMA", "DATA_AI": "2022-12-01", "MOTIVO": "DESMATAMENTO", "AI": "2022.01124141337.UC'S.AINF", "TE": "SERIE C - TALAO 0032 - FOLHA 01584", "AI_APP": "-", "TE_APP": "-", "AI_RL": "-", "TE_RL": "-", "AREA_UTM": 5.84, "AREA_UC": 0.0, "AREA_TI": 0.0, "AREA_APP": 0.0, "AREA_RL": 0.0, "FORA_UC": 0.0, "FORA_TI": 0.0, "FORA_APP": 0.0, "FORA_RL": 0.0, "SITUACAO": "EMBARGADA" }, "geometry": { "type": "MultiPolygon", "coordinates": [ [ [ [ -37.819900282176818, -9.403662344312867 ], [ -37.819873870349419, -9.403866579188298 ], [ -37.821707461569083, -9.40389601833366 ], [ -37.822775981025131, -9.403874763851585 ], [ -37.822751821783669, -9.40138332636149 ], [ -37.820971243513902, -9.401324581765182 ], [ -37.821042969964161, -9.402973194402788 ], [ -37.820838558367633, -9.403023216768078 ], [ -37.8208705378619, -9.403631782585858 ], [ -37.819900282176818, -9.403662344312867 ] ] ] ] } },
{ "type": "Feature", "properties": { "fid": 57.0, "LAT_GD": -9.399677, "LONG_GD": -37.84732, "IMG_ANTES": "06/2018", "IMG_DEPOIS": "08/2022", "BIOMA": "Caatinga", "COD_CAR": "AL-2705804-1737215CB4CC4E6B946B97A74EF8482A", "N_IMOVEL": "-", "NM_MUN": "Olho d'Água do Casado", "ORGAO": "-", "OPERACAO": "-", "PERIODO": "-", "N_PROCESSO": "2022.01124880884.AINF.IMA", "DATA_AI": "2022-12-01", "MOTIVO": "DESMATAMENTO", "AI": "2022.01120557998.UC'S.AINF", "TE": "SERIE C - TALAO 0032 - FOLHA 01587", "AI_APP": "-", "TE_APP": "-", "AI_RL": "-", "TE_RL": "-", "AREA_UTM": 2.55, "AREA_UC": 0.0, "AREA_TI": 0.0, "AREA_APP": 0.0, "AREA_RL": 0.0, "FORA_UC": 0.0, "FORA_TI": 0.0, "FORA_APP": 0.0, "FORA_RL": 0.0, "SITUACAO": "EMBARGADA" }, "geometry": { "type": "MultiPolygon", "coordinates": [ [ [ [ -37.848191673263507, -9.400624711393766 ], [ -37.848183761967647, -9.400494927076352 ], [ -37.847806851101822, -9.398933669105126 ], [ -37.846434548983609, -9.398940234390922 ], [ -37.846421073632818, -9.399641618206649 ], [ -37.847273178501638, -9.400444246036068 ], [ -37.848191673263507, -9.400624711393766 ] ] ] ] } },
{ "type": "Feature", "properties": { "fid": 58.0, "LAT_GD": -9.399262, "LONG_GD": -37.84558, "IMG_ANTES": "06/2018", "IMG_DEPOIS": "08/2022", "BIOMA": "Caatinga", "COD_CAR": "AL-2705804-1477B74C535842D1A262B8B3BF3F0150", "N_IMOVEL": "-", "NM_MUN": "Olho d'Água do Casado", "ORGAO": "-", "OPERACAO": "-", "PERIODO": "-", "N_PROCESSO": "2022.01122968385.AINF.IMA", "DATA_AI": "2022-12-01", "MOTIVO": "DESMATAMENTO", "AI": "2022.01124916574.UC'S.AINF", "TE": "SERIE C - TALAO 0046 - FOLHA 02273", "AI_APP": "-", "TE_APP": "-", "AI_RL": "-", "TE_RL": "-", "AREA_UTM": 1.42, "AREA_UC": 0.0, "AREA_TI": 0.0, "AREA_APP": 0.0, "AREA_RL": 0.0, "FORA_UC": 0.0, "FORA_TI": 0.0, "FORA_APP": 0.0, "FORA_RL": 0.0, "SITUACAO": "EMBARGADA" }, "geometry": { "type": "MultiPolygon", "coordinates": [ [ [ [ -37.8463908801046, -9.399613177752396 ], [ -37.846413795965567, -9.399634763090454 ], [ -37.846432303105331, -9.398936325495574 ], [ -37.844755701640047, -9.398894185954937 ], [ -37.844715835153238, -9.399600743278906 ], [ -37.8463908801046, -9.399613177752396 ] ] ] ] } },
{ "type": "Feature", "properties": { "fid": 59.0, "LAT_GD": -9.399669, "LONG_GD": -37.84384, "IMG_ANTES": "06/2018", "IMG_DEPOIS": "08/2022", "BIOMA": "Caatinga", "COD_CAR": "AL-2705804-08C8AB027E1B4E17B8A572DEC483812C", "N_IMOVEL": "-", "NM_MUN": "Olho d'Água do Casado", "ORGAO": "-", "OPERACAO": "-", "PERIODO": "-", "N_PROCESSO": "2022.01122797281.AINF.IMA", "DATA_AI": "2022-12-01", "MOTIVO": "DESMATAMENTO", "AI": "2022.01123495793.UC'S.AINF", "TE": "SERIE C - TALAO 0046 - FOLHA 02280", "AI_APP": "-", "TE_APP": "-", "AI_RL": "-", "TE_RL": "-", "AREA_UTM": 3.03, "AREA_UC": 0.0, "AREA_TI": 0.0, "AREA_APP": 0.0, "AREA_RL": 0.0, "FORA_UC": 0.0, "FORA_TI": 0.0, "FORA_APP": 0.0, "FORA_RL": 0.0, "SITUACAO": "EMBARGADA" }, "geometry": { "type": "MultiPolygon", "coordinates": [ [ [ [ -37.844357021092812, -9.399598078637979 ], [ -37.844705205277933, -9.399600664344089 ], [ -37.844743995479398, -9.398875886064616 ], [ -37.843060053599451, -9.398845550276974 ], [ -37.843005632840111, -9.40014032386218 ], [ -37.843554978404889, -9.400229270202313 ], [ -37.843578740725903, -9.400761753831183 ], [ -37.844378737897209, -9.400747470534817 ], [ -37.844357021092812, -9.399598078637979 ] ] ] ] } },
{ "type": "Feature", "properties": { "fid": 60.0, "LAT_GD": -9.39941, "LONG_GD": -37.84252, "IMG_ANTES": "06/2018", "IMG_DEPOIS": "08/2022", "BIOMA": "Caatinga", "COD_CAR": "AL-2705804-DBE82C745934447DAFBB076ECAEBC922", "N_IMOVEL": "-", "NM_MUN": "Olho d'Água do Casado", "ORGAO": "-", "OPERACAO": "-", "PERIODO": "-", "N_PROCESSO": "2022.01122350338.AINF.IMA", "DATA_AI": "2022-12-01", "MOTIVO": "DESMATAMENTO", "AI": "2022.01122761668.UC'S.AINF", "TE": "SERIE C - TALAO 0046 - FOLHA 02274", "AI_APP": "-", "TE_APP": "-", "AI_RL": "-", "TE_RL": "-", "AREA_UTM": 1.49, "AREA_UC": 0.0, "AREA_TI": 0.0, "AREA_APP": 0.0, "AREA_RL": 0.0, "FORA_UC": 0.0, "FORA_TI": 0.0, "FORA_APP": 0.0, "FORA_RL": 0.0, "SITUACAO": "EMBARGADA" }, "geometry": { "type": "MultiPolygon", "coordinates": [ [ [ [ -37.842542822478038, -9.400065388034818 ], [ -37.842978371709307, -9.400135909900204 ], [ -37.843033932552032, -9.398815318038041 ], [ -37.841439599445209, -9.398802638046444 ], [ -37.841437576369863, -9.398867094952996 ], [ -37.842036212263459, -9.398863702256913 ], [ -37.842075025894857, -9.399987796842685 ], [ -37.842542822478038, -9.400065388034818 ] ] ] ] } },
{ "type": "Feature", "properties": { "fid": 61.0, "LAT_GD": -9.399916, "LONG_GD": -37.84059, "IMG_ANTES": "06/2018", "IMG_DEPOIS": "08/2022", "BIOMA": "Caatinga", "COD_CAR": "AL-2705804-7AAD588E1A7B4C78B3932047A5F5DFB1", "N_IMOVEL": "-", "NM_MUN": "Olho d'Água do Casado", "ORGAO": "-", "OPERACAO": "-", "PERIODO": "-", "N_PROCESSO": "2022.01120534770.AINF.IMA", "DATA_AI": "2022-12-01", "MOTIVO": "DESMATAMENTO", "AI": "2022.01125133868.UC'S.AINF", "TE": "SERIE C - TALAO 0046 - FOLHA 02275", "AI_APP": "-", "TE_APP": "-", "AI_RL": "-", "TE_RL": "-", "AREA_UTM": 2.98, "AREA_UC": 0.0, "AREA_TI": 0.0, "AREA_APP": 0.0, "AREA_RL": 0.0, "FORA_UC": 0.0, "FORA_TI": 0.0, "FORA_APP": 0.0, "FORA_RL": 0.0, "SITUACAO": "EMBARGADA" }, "geometry": { "type": "MultiPolygon", "coordinates": [ [ [ [ -37.841091578823978, -9.398869055388911 ], [ -37.841408817063638, -9.398867257917299 ], [ -37.841410839131818, -9.398808340982308 ], [ -37.839781371885742, -9.398775498009487 ], [ -37.839781952599942, -9.398833329937872 ], [ -37.8400449387753, -9.39884026754634 ], [ -37.840063095476843, -9.401054456789876 ], [ -37.84115237657722, -9.401058032635834 ], [ -37.841091578823978, -9.398869055388911 ] ] ] ] } },
{ "type": "Feature", "properties": { "fid": 62.0, "LAT_GD": -9.400737, "LONG_GD": -37.83904, "IMG_ANTES": "06/2018", "IMG_DEPOIS": "08/2022", "BIOMA": "Caatinga", "COD_CAR": "AL-2705804-0873F68A267F45ED8DA55301107B3AC8", "N_IMOVEL": "-", "NM_MUN": "Olho d'Água do Casado", "ORGAO": "-", "OPERACAO": "-", "PERIODO": "-", "N_PROCESSO": "2022.01123370975.AINF.IMA", "DATA_AI": "2022-12-01", "MOTIVO": "DESMATAMENTO", "AI": "2022.01125455678.UC'S.AINF", "TE": "SERIE C - TALAO 0046 - FOLHA 02277", "AI_APP": "-", "TE_APP": "-", "AI_RL": "-", "TE_RL": "-", "AREA_UTM": 6.36, "AREA_UC": 0.0, "AREA_TI": 0.0, "AREA_APP": 0.0, "AREA_RL": 0.0, "FORA_UC": 0.0, "FORA_TI": 0.0, "FORA_APP": 0.0, "FORA_RL": 0.0, "SITUACAO": "EMBARGADA" }, "geometry": { "type": "MultiPolygon", "coordinates": [ [ [ [ -37.839679038978858, -9.39883061501035 ], [ -37.839762524488243, -9.398832817414069 ], [ -37.839761223069708, -9.398714830221873 ], [ -37.838400790632022, -9.398745592811867 ], [ -37.838392390457606, -9.400061135053191 ], [ -37.838375801335012, -9.402925816074907 ], [ -37.839724277189852, -9.402494217970791 ], [ -37.839679038978858, -9.39883061501035 ] ] ] ] } },
{ "type": "Feature", "properties": { "fid": 63.0, "LAT_GD": -9.400145, "LONG_GD": -37.83776, "IMG_ANTES": "06/2018", "IMG_DEPOIS": "08/2022", "BIOMA": "Caatinga", "COD_CAR": "AL-2705804-415EAB949E7F4E549C6D734BBBF480D3", "N_IMOVEL": "-", "NM_MUN": "Olho d'Água do Casado", "ORGAO": "-", "OPERACAO": "-", "PERIODO": "-", "N_PROCESSO": "2022.01123735046.AINF.IMA", "DATA_AI": "2022-12-01", "MOTIVO": "DESMATAMENTO", "AI": "2022.01122370869.UC'S.AINF", "TE": "SERIE C - TALAO 0046 - FOLHA 02278", "AI_APP": "-", "TE_APP": "-", "AI_RL": "-", "TE_RL": "-", "AREA_UTM": 4.33, "AREA_UC": 0.0, "AREA_TI": 0.0, "AREA_APP": 0.0, "AREA_RL": 0.0, "FORA_UC": 0.0, "FORA_TI": 0.0, "FORA_APP": 0.0, "FORA_RL": 0.0, "SITUACAO": "EMBARGADA" }, "geometry": { "type": "MultiPolygon", "coordinates": [ [ [ [ -37.838182296625767, -9.40298774936892 ], [ -37.838369277802421, -9.402927904004876 ], [ -37.838388158446968, -9.398747358022426 ], [ -37.837088074408221, -9.398699434297138 ], [ -37.837026849245881, -9.401219975095396 ], [ -37.838214001103239, -9.401137113111503 ], [ -37.838182296625767, -9.40298774936892 ] ] ] ] } },
{ "type": "Feature", "properties": { "fid": 64.0, "LAT_GD": -9.151903, "LONG_GD": -37.39583, "IMG_ANTES": "05/2020", "IMG_DEPOIS": "10/2023", "BIOMA": "Caatinga", "COD_CAR": "AL-2706109-440C7C1302DA40FB9C8FF21C79F4D169", "N_IMOVEL": "-", "NM_MUN": "Ouro Branco", "ORGAO": "-", "OPERACAO": "XII FPI - 2023", "PERIODO": "-", "N_PROCESSO": "2023.19120965476.AINF.IMA", "DATA_AI": "2023-11-27", "MOTIVO": "DESMATAMENTO", "AI": "2023.27110759485.UC'S.AINF", "TE": "SERIE C - TALAO 0043 - FOLHA 02116", "AI_APP": "-", "TE_APP": "-", "AI_RL": "-", "TE_RL": "-", "AREA_UTM": 32.73, "AREA_UC": 0.0, "AREA_TI": 0.0, "AREA_APP": 0.0, "AREA_RL": 0.0, "FORA_UC": 0.0, "FORA_TI": 0.0, "FORA_APP": 0.0, "FORA_RL": 0.0, "SITUACAO": "EMBARGADA" }, "geometry": { "type": "MultiPolygon", "coordinates": [ [ [ [ -37.399964213708103, -9.151976025964155 ], [ -37.401676733917782, -9.151185675062825 ], [ -37.401998582356207, -9.151030632050331 ], [ -37.399997033291839, -9.149854058858617 ], [ -37.400235178210146, -9.149292866069468 ], [ -37.400445000850063, -9.149240410409492 ], [ -37.40044125401721, -9.148974385276745 ], [ -37.40035507686153, -9.148824511962523 ], [ -37.400163988385906, -9.148790790466803 ], [ -37.400149001054487, -9.149202942080937 ], [ -37.399852716295918, -9.149761805657077 ], [ -37.399365912987633, -9.149365929310163 ], [ -37.399088647356308, -9.14897251186032 ], [ -37.398815128557843, -9.149377169808734 ], [ -37.398762, -9.149931 ], [ -37.398798, -9.150219 ], [ -37.398861, -9.150372 ], [ -37.399005, -9.150399 ], [ -37.399689, -9.150201 ], [ -37.399734, -9.150291 ], [ -37.399422115480476, -9.150849675121011 ], [ -37.399167330846289, -9.150962080106673 ], [ -37.398837609554988, -9.150752257466761 ], [ -37.398689656370969, -9.151227327337001 ], [ -37.397919619705974, -9.151434109414993 ], [ -37.397801090338554, -9.152140571838231 ], [ -37.395655079847522, -9.149393896287533 ], [ -37.390102415756772, -9.15275253084191 ], [ -37.395079910672294, -9.154383241118493 ], [ -37.398562404347224, -9.152634401243374 ], [ -37.399964213708103, -9.151976025964155 ] ] ] ] } },
{ "type": "Feature", "properties": { "fid": 65.0, "LAT_GD": -9.163548, "LONG_GD": -37.3974, "IMG_ANTES": "05/2021", "IMG_DEPOIS": "10/2023", "BIOMA": "Caatinga", "COD_CAR": "AL-2706109-B7BAE0E02BA540A88C367B62CBCFC519", "N_IMOVEL": "-", "NM_MUN": "Ouro Branco", "ORGAO": "-", "OPERACAO": "XII FPI - 2023", "PERIODO": "-", "N_PROCESSO": "2023.30112220432.AINF.IMA", "DATA_AI": "2023-11-30", "MOTIVO": "DESMATAMENTO", "AI": "SERIE A - TALAO 0009 - FOLHA 00416", "TE": "SERIE C - TALAO 0043 - FOLHA 02123", "AI_APP": "-", "TE_APP": "-", "AI_RL": "-", "TE_RL": "-", "AREA_UTM": 5.16, "AREA_UC": 0.0, "AREA_TI": 0.0, "AREA_APP": 0.0, "AREA_RL": 0.0, "FORA_UC": 0.0, "FORA_TI": 0.0, "FORA_APP": 0.0, "FORA_RL": 0.0, "SITUACAO": "EMBARGADA" }, "geometry": { "type": "MultiPolygon", "coordinates": [ [ [ [ -37.397115, -9.166158 ], [ -37.396773, -9.165987 ], [ -37.396242, -9.165987 ], [ -37.395891, -9.16605 ], [ -37.396026, -9.166824 ], [ -37.39626, -9.166887 ], [ -37.396944, -9.166995 ], [ -37.397034, -9.166806 ], [ -37.397115, -9.166158 ] ] ], [ [ [ -37.397062465528109, -9.163303384251293 ], [ -37.397792145963862, -9.163526353754417 ], [ -37.398620493293386, -9.163186080251586 ], [ -37.39805275057693, -9.16223194530672 ], [ -37.397202973312176, -9.161985573440072 ], [ -37.395212150935862, -9.162139169228917 ], [ -37.395314559498892, -9.162884823810684 ], [ -37.396919712083751, -9.16297792077569 ], [ -37.397062465528109, -9.163303384251293 ] ] ] ] } },
{ "type": "Feature", "properties": { "fid": 66.0, "LAT_GD": -9.164431, "LONG_GD": -37.40502, "IMG_ANTES": "05/2021", "IMG_DEPOIS": "10/2023", "BIOMA": "Caatinga", "COD_CAR": "AL-2706109-A4DE8E06550C486B93FA0D12B213C4E0", "N_IMOVEL": "-", "NM_MUN": "Ouro Branco", "ORGAO": "-", "OPERACAO": "XII FPI - 2023", "PERIODO": "-", "N_PROCESSO": "2023.08124752461.AINF.IMA", "DATA_AI": "2023-12-08", "MOTIVO": "DESMATAMENTO", "AI": "2023.08121143867.UC'S.AINF", "TE": "SERIE C - TALAO 0043 - FOLHA 01237", "AI_APP": "-", "TE_APP": "-", "AI_RL": "-", "TE_RL": "-", "AREA_UTM": 1.23, "AREA_UC": 0.0, "AREA_TI": 0.0, "AREA_APP": 0.0, "AREA_RL": 0.0, "FORA_UC": 0.0, "FORA_TI": 0.0, "FORA_APP": 0.0, "FORA_RL": 0.0, "SITUACAO": "EMBARGADA" }, "geometry": { "type": "MultiPolygon", "coordinates": [ [ [ [ -37.404504394585196, -9.165608839622552 ], [ -37.404690361513453, -9.165430025469941 ], [ -37.405191040093008, -9.165215448748746 ], [ -37.405055141939485, -9.164879278770496 ], [ -37.40501222659524, -9.164764837634253 ], [ -37.405090904508072, -9.164700464617885 ], [ -37.405226803316431, -9.164686159721427 ], [ -37.405312634004908, -9.164478735448471 ], [ -37.404389954103785, -9.163169817449202 ], [ -37.404246902519766, -9.163169817449194 ], [ -37.404111004366236, -9.163405851842505 ], [ -37.404025173677759, -9.163455919634975 ], [ -37.404025173677759, -9.163598970891577 ], [ -37.404075241142813, -9.163706259252178 ], [ -37.404110907559705, -9.163730036772725 ], [ -37.404121733202317, -9.163699106476514 ], [ -37.404128885323132, -9.163556055547337 ], [ -37.404271936907151, -9.163513140203102 ], [ -37.404507971300461, -9.163927988421595 ], [ -37.404987192207898, -9.164628939153296 ], [ -37.404822683606596, -9.164936499011196 ], [ -37.404658175005295, -9.165029482147913 ], [ -37.404282781456999, -9.165135725482626 ], [ -37.404268360191885, -9.165265516868647 ], [ -37.404275512967537, -9.165451483142059 ], [ -37.404368496431665, -9.16556592427831 ], [ -37.404504394585196, -9.165608839622552 ] ] ] ] } },
{ "type": "Feature", "properties": { "fid": 67.0, "LAT_GD": -9.349263, "LONG_GD": -36.6657, "IMG_ANTES": "12/2022", "IMG_DEPOIS": "12/2022", "BIOMA": "Mata Atlântica", "COD_CAR": "AL-2706307-AD7EEE4DF0934FB2B71441ACFF7FE0C6", "N_IMOVEL": "-", "NM_MUN": "Palmeira dos Índios", "ORGAO": "-", "OPERACAO": "-", "PERIODO": "-", "N_PROCESSO": "2023.18094789498.AINF.IMA", "DATA_AI": "2023-09-18", "MOTIVO": "DESMATAMENTO", "AI": "2023.30095118357.UC'S.AINF", "TE": "SERIE C - TALAO 0045 - FOLHA 02702", "AI_APP": "-", "TE_APP": "-", "AI_RL": "-", "TE_RL": "-", "AREA_UTM": 5.52, "AREA_UC": 0.0, "AREA_TI": 0.0, "AREA_APP": 0.0, "AREA_RL": 0.0, "FORA_UC": 0.0, "FORA_TI": 0.0, "FORA_APP": 0.0, "FORA_RL": 0.0, "SITUACAO": "EMBARGADA" }, "geometry": { "type": "MultiPolygon", "coordinates": [ [ [ [ -36.664635709497297, -9.349848 ], [ -36.664688966038597, -9.349848 ], [ -36.6646592729128, -9.3498428838145 ], [ -36.664478535204999, -9.349811757780969 ], [ -36.664297553517002, -9.349810553516949 ], [ -36.664306652577601, -9.34981965257762 ], [ -36.664477722476001, -9.349820778434649 ], [ -36.664635709497297, -9.349848 ] ] ], [ [ [ -36.664092, -9.34956 ], [ -36.664084971322907, -9.349542428307281 ], [ -36.6640849713229, -9.349542428307281 ], [ -36.664092, -9.34956 ] ] ], [ [ [ -36.666387, -9.350397 ], [ -36.666414, -9.350406 ], [ -36.66645, -9.350415 ], [ -36.666477, -9.350424 ], [ -36.666513, -9.350433 ], [ -36.666549, -9.350433 ], [ -36.666558, -9.350442 ], [ -36.666603, -9.350451 ], [ -36.666639, -9.35046 ], [ -36.666657, -9.350469 ], [ -36.666729, -9.350487 ], [ -36.666756, -9.350496 ], [ -36.666774, -9.350505 ], [ -36.666819, -9.350514 ], [ -36.666837, -9.350514 ], [ -36.666864, -9.350523 ], [ -36.6669, -9.350523 ], [ -36.666927, -9.350532 ], [ -36.666945, -9.350532 ], [ -36.666972, -9.350541 ], [ -36.666972, -9.350253 ], [ -36.66699, -9.350226 ], [ -36.66699, -9.350217 ], [ -36.666999, -9.350181 ], [ -36.666999, -9.350154 ], [ -36.667008, -9.350127 ], [ -36.667008, -9.349767 ], [ -36.666999, -9.34974 ], [ -36.66699, -9.349722 ], [ -36.667008, -9.349731 ], [ -36.667008, -9.34947 ], [ -36.667026, -9.34947 ], [ -36.667053, -9.349443 ], [ -36.667071, -9.349398 ], [ -36.667098, -9.349371 ], [ -36.667098, -9.349344 ], [ -36.667125, -9.349344 ], [ -36.667143, -9.349326 ], [ -36.667143, -9.349299 ], [ -36.66717, -9.349299 ], [ -36.667197, -9.349272 ], [ -36.667215, -9.349254 ], [ -36.667215, -9.349227 ], [ -36.667242, -9.349209 ], [ -36.667503, -9.349155 ], [ -36.667485, -9.349155 ], [ -36.667458, -9.349137 ], [ -36.667431, -9.34911 ], [ -36.667413, -9.349038 ], [ -36.667413, -9.349011 ], [ -36.667386, -9.348993 ], [ -36.667386, -9.348966 ], [ -36.667359, -9.348939 ], [ -36.667341, -9.348921 ], [ -36.667287, -9.348849 ], [ -36.667287, -9.348822 ], [ -36.667242, -9.348795 ], [ -36.667242, -9.348777 ], [ -36.667215, -9.34875 ], [ -36.667215, -9.348732 ], [ -36.667197, -9.348705 ], [ -36.66717, -9.348678 ], [ -36.66717, -9.34866 ], [ -36.667143, -9.34866 ], [ -36.667133039084803, -9.34863276523075 ], [ -36.666780925309403, -9.3485261953983 ], [ -36.666738, -9.348534 ], [ -36.666648, -9.348561 ], [ -36.666621, -9.348588 ], [ -36.665406, -9.348588 ], [ -36.665379, -9.348561 ], [ -36.665361, -9.348561 ], [ -36.665307, -9.348534 ], [ -36.665217, -9.348534 ], [ -36.66519, -9.348516 ], [ -36.665145, -9.348516 ], [ -36.665145, -9.348489 ], [ -36.665118, -9.348489 ], [ -36.6651, -9.348462 ], [ -36.665073, -9.348462 ], [ -36.665046, -9.348444 ], [ -36.665001, -9.348417 ], [ -36.664974, -9.348417 ], [ -36.664956, -9.34839 ], [ -36.664884, -9.348372 ], [ -36.664857, -9.348345 ], [ -36.66483, -9.348327 ], [ -36.664812, -9.3483 ], [ -36.664785, -9.3483 ], [ -36.664785, -9.348273 ], [ -36.66474, -9.348273 ], [ -36.66474, -9.348255 ], [ -36.664713, -9.348228 ], [ -36.664695, -9.348228 ], [ -36.664668, -9.348201 ], [ -36.664668, -9.348183 ], [ -36.664596, -9.348183 ], [ -36.664569, -9.348156 ], [ -36.664551, -9.348156 ], [ -36.664524, -9.348129 ], [ -36.664353, -9.348129 ], [ -36.664353, -9.348156 ], [ -36.664335, -9.348183 ], [ -36.664313944747498, -9.348197036835019 ], [ -36.664308, -9.34823647449892 ], [ -36.664308, -9.348255 ], [ -36.664263, -9.348273 ], [ -36.664304678283997, -9.34825632868642 ], [ -36.664275273642097, -9.348424772064311 ], [ -36.664243983173797, -9.34860390856095 ], [ -36.6642126926453, -9.34878304594908 ], [ -36.664212563065, -9.34878378257673 ], [ -36.664205238697598, -9.348814474474141 ], [ -36.664202119313401, -9.34882415958503 ], [ -36.664140734587797, -9.34900309889812 ], [ -36.6641325274609, -9.349024118204451 ], [ -36.664074, -9.349157307215391 ], [ -36.664074, -9.349515 ], [ -36.664084971322907, -9.349542428307281 ], [ -36.664269279596198, -9.349543641363431 ], [ -36.664479938857802, -9.3495450277281 ], [ -36.664509833802398, -9.34954685577306 ], [ -36.664524810289301, -9.3495490131283 ], [ -36.664705176022203, -9.34958009056713 ], [ -36.664885541809198, -9.34961116792196 ], [ -36.6649018418384, -9.34961448809212 ], [ -36.664932266485401, -9.34962353442771 ], [ -36.664961427851701, -9.349636027582839 ], [ -36.664962610497703, -9.34963662101052 ], [ -36.6651425767622, -9.349727476755019 ], [ -36.665322544046901, -9.349818332436559 ], [ -36.665348864809403, -9.34983351007261 ], [ -36.665351784753199, -9.34983544438216 ], [ -36.665504472221301, -9.349938 ], [ -36.665559, -9.349938 ], [ -36.665613, -9.349947 ], [ -36.665649, -9.349965 ], [ -36.665685, -9.349974 ], [ -36.66573, -9.349974 ], [ -36.665766, -9.349983 ], [ -36.665784, -9.350001 ], [ -36.665793, -9.350019 ], [ -36.665802, -9.350046 ], [ -36.665811, -9.350064 ], [ -36.66582, -9.350091 ], [ -36.665829, -9.350154 ], [ -36.665847, -9.35019 ], [ -36.665874, -9.350208 ], [ -36.665892, -9.350226 ], [ -36.665928, -9.350244 ], [ -36.666036, -9.350298 ], [ -36.666054, -9.350298 ], [ -36.666072, -9.350307 ], [ -36.666099, -9.350307 ], [ -36.666144, -9.350325 ], [ -36.666153, -9.350325 ], [ -36.666234, -9.350343 ], [ -36.66627, -9.350361 ], [ -36.666315, -9.35037 ], [ -36.666351, -9.350388 ], [ -36.666369, -9.350388 ], [ -36.666387, -9.350397 ] ] ] ] } },
{ "type": "Feature", "properties": { "fid": 68.0, "LAT_GD": -9.314812, "LONG_GD": -36.69483, "IMG_ANTES": "12/2022", "IMG_DEPOIS": "12/2022", "BIOMA": "Mata Atlântica", "COD_CAR": "-", "N_IMOVEL": "-", "NM_MUN": "Palmeira dos Índios", "ORGAO": "-", "OPERACAO": "-", "PERIODO": "-", "N_PROCESSO": "2023.21092157992.AINF.IMA", "DATA_AI": "2023-09-20", "MOTIVO": "DESMATAMENTO", "AI": "2023.21092094150.UC'S.AINF", "TE": "SERIE C - TALAO 0045 - FOLHA 02213", "AI_APP": "-", "TE_APP": "-", "AI_RL": "-", "TE_RL": "-", "AREA_UTM": 23.77, "AREA_UC": 0.0, "AREA_TI": 0.0, "AREA_APP": 0.0, "AREA_RL": 0.0, "FORA_UC": 0.0, "FORA_TI": 0.0, "FORA_APP": 0.0, "FORA_RL": 0.0, "SITUACAO": "EMBARGADA" }, "geometry": { "type": "MultiPolygon", "coordinates": [ [ [ [ -36.696113558655497, -9.31937129279406 ], [ -36.695783474970597, -9.319305015846259 ], [ -36.695615095806303, -9.31905127806953 ], [ -36.695102323967397, -9.318956436798491 ], [ -36.694984660810299, -9.31952730771655 ], [ -36.695203430464097, -9.31982543160858 ], [ -36.696414334376698, -9.32052089845336 ], [ -36.696377736518201, -9.320823270349409 ], [ -36.696007407619497, -9.32128180021326 ], [ -36.696495863361598, -9.321591973385489 ], [ -36.696601114148301, -9.321553864859821 ], [ -36.697128947192802, -9.32074470241462 ], [ -36.697183296112001, -9.320400153344631 ], [ -36.696113558655497, -9.31937129279406 ] ] ], [ [ [ -36.690087690710797, -9.316039767634519 ], [ -36.690753839374999, -9.31608937771583 ], [ -36.690625459622503, -9.316765328864641 ], [ -36.691470525055202, -9.31732870581979 ], [ -36.691803429619597, -9.31666289669098 ], [ -36.691496133098603, -9.315382494520181 ], [ -36.690830323969799, -9.31546785466489 ], [ -36.690736427810599, -9.31574954314247 ], [ -36.690087690710797, -9.316039767634519 ] ] ], [ [ [ -36.696085983367901, -9.31520252787241 ], [ -36.695478183849801, -9.31537395850571 ], [ -36.6953586796472, -9.31438378082696 ], [ -36.695922056602299, -9.313803331842861 ], [ -36.6971939227587, -9.31432402872565 ], [ -36.697526827323102, -9.312881442279879 ], [ -36.696169601022, -9.31189126460113 ], [ -36.695384287690601, -9.3112937435881 ], [ -36.694103885519802, -9.31241196148393 ], [ -36.693600260665903, -9.31260828981679 ], [ -36.693250284072597, -9.31235220938262 ], [ -36.692371074581999, -9.312369281411559 ], [ -36.6923027864662, -9.31340213916268 ], [ -36.692157674220198, -9.31378625981392 ], [ -36.6921021901261, -9.314208792530289 ], [ -36.691871717735403, -9.31434536876184 ], [ -36.6918076976268, -9.314580109159809 ], [ -36.6922430343649, -9.314665469304529 ], [ -36.692610082987201, -9.315117878071559 ], [ -36.693139315884501, -9.315416638578061 ], [ -36.694163637621102, -9.31539103053465 ], [ -36.6944538621131, -9.31503251792682 ], [ -36.694650190445998, -9.315194702201801 ], [ -36.6953245355893, -9.31533127843335 ], [ -36.695205031386699, -9.31701287328433 ], [ -36.695903388358197, -9.31678008762718 ], [ -36.696172519927799, -9.316690377103949 ], [ -36.6971000265995, -9.3163812082134 ], [ -36.696809802107403, -9.31499837386894 ], [ -36.6966203297956, -9.315051814777391 ], [ -36.696357607018498, -9.3151259160735 ], [ -36.696348703834701, -9.31512842722792 ], [ -36.696085983367901, -9.31520252787241 ] ] ] ] } },
{ "type": "Feature", "properties": { "fid": 69.0, "LAT_GD": -9.337526, "LONG_GD": -36.67053, "IMG_ANTES": "12/2022", "IMG_DEPOIS": "12/2022", "BIOMA": "Mata Atlântica", "COD_CAR": "AL-2706307-333CDE86A3C14E0E9E8EBCC91EA513F2", "N_IMOVEL": "-", "NM_MUN": "Palmeira dos Índios", "ORGAO": "-", "OPERACAO": "-", "PERIODO": "-", "N_PROCESSO": "2023.18095540237.AINF.IMA", "DATA_AI": "2023-09-18", "MOTIVO": "DESMATAMENTO", "AI": "2023.18091577165.UC'S.AINF", "TE": "SERIE C - TALAO 0045 - FOLHA 02211", "AI_APP": "-", "TE_APP": "-", "AI_RL": "-", "TE_RL": "-", "AREA_UTM": 4.03, "AREA_UC": 0.0, "AREA_TI": 0.0, "AREA_APP": 0.0, "AREA_RL": 0.0, "FORA_UC": 0.0, "FORA_TI": 0.0, "FORA_APP": 0.0, "FORA_RL": 0.0, "SITUACAO": "EMBARGADA" }, "geometry": { "type": "MultiPolygon", "coordinates": [ [ [ [ -36.669627, -9.337716 ], [ -36.669649271059399, -9.338098963033779 ], [ -36.6699224235226, -9.339174500857251 ], [ -36.670195575985701, -9.339089140712529 ], [ -36.670673592796099, -9.338133107091659 ], [ -36.671185753664403, -9.33796238680223 ], [ -36.6711686816355, -9.3376038741944 ], [ -36.671714986561703, -9.33738193781813 ], [ -36.671612554387998, -9.336579552457771 ], [ -36.671049177432799, -9.33666491260248 ], [ -36.670929673230198, -9.33632347202361 ], [ -36.670195575985701, -9.336408832168329 ], [ -36.669627, -9.337716 ] ] ] ] } },
{ "type": "Feature", "properties": { "fid": 70.0, "LAT_GD": -9.349554, "LONG_GD": -36.6657, "IMG_ANTES": "09/2022", "IMG_DEPOIS": "12/2022", "BIOMA": "Mata Atlântica", "COD_CAR": "AL-2706307-AD7EEE4DF0934FB2B71441ACFF7FE0C6", "N_IMOVEL": "-", "NM_MUN": "Palmeira dos Índios", "ORGAO": "-", "OPERACAO": "-", "PERIODO": "-", "N_PROCESSO": "2023.18094789498.AINF.IMA", "DATA_AI": "2023-09-18", "MOTIVO": "DESMATAMENTO", "AI": "2023.30095118357.UC'S.AINF", "TE": "SERIE C - TALAO 0045 - FOLHA 02702", "AI_APP": "-", "TE_APP": "-", "AI_RL": "-", "TE_RL": "-", "AREA_UTM": 0.38, "AREA_UC": 0.0, "AREA_TI": 0.0, "AREA_APP": 0.0, "AREA_RL": 0.0, "FORA_UC": 0.0, "FORA_TI": 0.0, "FORA_APP": 0.0, "FORA_RL": 0.0, "SITUACAO": "EMBARGADA" }, "geometry": { "type": "MultiPolygon", "coordinates": [ [ [ [ -36.664353, -9.349848 ], [ -36.664635709497297, -9.349848 ], [ -36.664477722476001, -9.349820778434649 ], [ -36.664306652577601, -9.34981965257762 ], [ -36.664308, -9.349821 ], [ -36.664353, -9.349821 ], [ -36.664353, -9.349848 ] ] ], [ [ [ -36.664962610497703, -9.34963662101052 ], [ -36.664961427851701, -9.349636027582839 ], [ -36.664932266485401, -9.34962353442771 ], [ -36.6649018418384, -9.34961448809212 ], [ -36.664885541809198, -9.34961116792196 ], [ -36.664705176022203, -9.34958009056713 ], [ -36.664524810289301, -9.3495490131283 ], [ -36.664509833802398, -9.34954685577306 ], [ -36.664479938857802, -9.3495450277281 ], [ -36.664269279596198, -9.349543641363431 ], [ -36.6640849713229, -9.349542428307281 ], [ -36.664092, -9.34956 ], [ -36.664092, -9.349587 ], [ -36.664146, -9.349659 ], [ -36.664164, -9.349659 ], [ -36.664218, -9.349704 ], [ -36.664236, -9.349776 ], [ -36.66429, -9.349803 ], [ -36.664297553517002, -9.349810553516949 ], [ -36.664478535204999, -9.349811757780969 ], [ -36.6646592729128, -9.3498428838145 ], [ -36.664688966038597, -9.349848 ], [ -36.664713, -9.349848 ], [ -36.664713, -9.349821 ], [ -36.664767, -9.349803 ], [ -36.664767, -9.349776 ], [ -36.664768994485499, -9.34977299532607 ], [ -36.664839, -9.349794 ], [ -36.664902, -9.349803 ], [ -36.664956, -9.349812 ], [ -36.66501, -9.34983 ], [ -36.665064, -9.349839 ], [ -36.6651, -9.349848 ], [ -36.665103, -9.34985 ], [ -36.665127, -9.349866 ], [ -36.665172, -9.349875 ], [ -36.665415, -9.34992 ], [ -36.665433, -9.34992 ], [ -36.665451, -9.349938 ], [ -36.665455, -9.349938 ], [ -36.665504472221301, -9.349938 ], [ -36.665351784753199, -9.34983544438216 ], [ -36.665348864809403, -9.34983351007261 ], [ -36.665322544046901, -9.349818332436559 ], [ -36.6651425767622, -9.349727476755019 ], [ -36.664962610497703, -9.34963662101052 ] ] ], [ [ [ -36.664212563065, -9.34878378257673 ], [ -36.6642126926453, -9.34878304594908 ], [ -36.664243983173797, -9.34860390856095 ], [ -36.664275273642097, -9.348424772064311 ], [ -36.664304678283997, -9.34825632868642 ], [ -36.664263, -9.348273 ], [ -36.664263, -9.3483 ], [ -36.664236, -9.3483 ], [ -36.664218, -9.348327 ], [ -36.664218, -9.348345 ], [ -36.664191, -9.348372 ], [ -36.664191, -9.348777 ], [ -36.664164, -9.348795 ], [ -36.664164, -9.348822 ], [ -36.664146, -9.348849 ], [ -36.664146, -9.348894 ], [ -36.664119, -9.348921 ], [ -36.664119, -9.348966 ], [ -36.664092, -9.348993 ], [ -36.664092, -9.349065 ], [ -36.664074, -9.349083 ], [ -36.664074, -9.349157307215391 ], [ -36.6641325274609, -9.349024118204451 ], [ -36.664140734587797, -9.34900309889812 ], [ -36.664202119313401, -9.34882415958503 ], [ -36.664205238697598, -9.348814474474141 ], [ -36.664212563065, -9.34878378257673 ] ] ], [ [ [ -36.664308, -9.348201 ], [ -36.664308, -9.34823647449892 ], [ -36.664313944747498, -9.348197036835019 ], [ -36.664308, -9.348201 ] ] ] ] } },
{ "type": "Feature", "properties": { "fid": 71.0, "LAT_GD": -9.268648, "LONG_GD": -38.04238, "IMG_ANTES": "05/2021", "IMG_DEPOIS": "10/2022", "BIOMA": "Caatinga", "COD_CAR": "AL-2706422-63E4A74E27F443D4BCB732D19909C32A", "N_IMOVEL": "-", "NM_MUN": "Pariconha", "ORGAO": "-", "OPERACAO": "-", "PERIODO": "-", "N_PROCESSO": "2022.30110112013.AINF.IMA", "DATA_AI": "2022-11-28", "MOTIVO": "DESMATAMENTO", "AI": "2022.30113807467.UC'S.AINF", "TE": "SERIE C - TALAO 0046 - FOLHA 02272", "AI_APP": "-", "TE_APP": "-", "AI_RL": "-", "TE_RL": "-", "AREA_UTM": 2.91, "AREA_UC": 0.0, "AREA_TI": 0.0, "AREA_APP": 0.0, "AREA_RL": 0.0, "FORA_UC": 0.0, "FORA_TI": 0.0, "FORA_APP": 0.0, "FORA_RL": 0.0, "SITUACAO": "EMBARGADA" }, "geometry": { "type": "MultiPolygon", "coordinates": [ [ [ [ -38.041110186532592, -9.268350506159781 ], [ -38.040859506083542, -9.268766773401317 ], [ -38.042570972280437, -9.269534950647111 ], [ -38.043799179212087, -9.268109787439784 ], [ -38.042370647867038, -9.267846791655014 ], [ -38.042244468749082, -9.268364810556109 ], [ -38.041881213633197, -9.268465256272034 ], [ -38.041110186532592, -9.268350506159781 ] ] ] ] } },
{ "type": "Feature", "properties": { "fid": 72.0, "LAT_GD": -9.523513, "LONG_GD": -37.76496, "IMG_ANTES": "05/2021", "IMG_DEPOIS": "10/2022", "BIOMA": "Caatinga", "COD_CAR": "AL-2707107-CF7471BF55694D5B8DF30945CC62777D", "N_IMOVEL": "-", "NM_MUN": "Piranhas", "ORGAO": "-", "OPERACAO": "-", "PERIODO": "-", "N_PROCESSO": "2022.29115021645.AINF.IMA", "DATA_AI": "2022-11-29", "MOTIVO": "DESMATAMENTO", "AI": "SERIE A - TALAO 0004 - FOLHA 00186", "TE": "SERIE C - TALAO 0032 - FOLHA 01580", "AI_APP": "-", "TE_APP": "-", "AI_RL": "-", "TE_RL": "-", "AREA_UTM": 4.41, "AREA_UC": 0.0, "AREA_TI": 0.0, "AREA_APP": 0.0, "AREA_RL": 0.0, "FORA_UC": 0.0, "FORA_TI": 0.0, "FORA_APP": 0.0, "FORA_RL": 0.0, "SITUACAO": "EMBARGADA" }, "geometry": { "type": "MultiPolygon", "coordinates": [ [ [ [ -37.766935023312328, -9.522388790524765 ], [ -37.766774214340209, -9.5213966603886 ], [ -37.766397757888242, -9.521571480117991 ], [ -37.766440660867538, -9.521641966619827 ], [ -37.766054219189648, -9.52297277296497 ], [ -37.765406061078608, -9.523457473156874 ], [ -37.763903695713907, -9.523188990613695 ], [ -37.762704555244852, -9.525226854166222 ], [ -37.765671868843562, -9.523737279593833 ], [ -37.76650529035107, -9.523274941082718 ], [ -37.766935023312328, -9.522388790524765 ] ] ] ] } },
{ "type": "Feature", "properties": { "fid": 73.0, "LAT_GD": -9.531005, "LONG_GD": -37.76739, "IMG_ANTES": "05/2017", "IMG_DEPOIS": "10/2022", "BIOMA": "Caatinga", "COD_CAR": "AL-2707107-3135E189D04442C7B262EB8D6A5C2DF5", "N_IMOVEL": "FAZENDA PICOS III", "NM_MUN": "Piranhas", "ORGAO": "-", "OPERACAO": "-", "PERIODO": "-", "N_PROCESSO": "2022.29112109565.AINF.IMA", "DATA_AI": "2022-11-29", "MOTIVO": "DESMATAMENTO", "AI": "SERIE A - TALAO 0004 - FOLHA 00185", "TE": "SERIE C - TALAO 0032 - FOLHA 01579", "AI_APP": "-", "TE_APP": "-", "AI_RL": "-", "TE_RL": "-", "AREA_UTM": 18.18, "AREA_UC": 0.0, "AREA_TI": 0.0, "AREA_APP": 0.0, "AREA_RL": 0.0, "FORA_UC": 0.0, "FORA_TI": 0.0, "FORA_APP": 0.0, "FORA_RL": 0.0, "SITUACAO": "EMBARGADA" }, "geometry": { "type": "MultiPolygon", "coordinates": [ [ [ [ -37.769893416143987, -9.532553601679634 ], [ -37.769270039618199, -9.531770756740201 ], [ -37.768443703293208, -9.532234664852465 ], [ -37.767892812409883, -9.530987911800729 ], [ -37.767167955984497, -9.531306848627937 ], [ -37.76565045822948, -9.528144984439564 ], [ -37.76523019767049, -9.528348054357545 ], [ -37.765970062507677, -9.529958616291022 ], [ -37.765064152570403, -9.530409596335252 ], [ -37.765218715801893, -9.530735949560176 ], [ -37.76545853759098, -9.531242321174515 ], [ -37.765775092659801, -9.53191057818964 ], [ -37.76609063355459, -9.532582513148274 ], [ -37.766322548829898, -9.533115726923548 ], [ -37.766565597204, -9.533574879293132 ], [ -37.766852897775379, -9.534180166242654 ], [ -37.767058196287913, -9.534616051661233 ], [ -37.769893416143987, -9.532553601679634 ] ] ], [ [ [ -37.76825524062258, -9.527465109573219 ], [ -37.767979795180914, -9.527059189975004 ], [ -37.767269435884003, -9.527407121059209 ], [ -37.767356418655083, -9.528117480356112 ], [ -37.766907007629491, -9.528813342504417 ], [ -37.767211447333978, -9.529349736278673 ], [ -37.767573875582691, -9.529958615676655 ], [ -37.769197553975609, -9.529146776480186 ], [ -37.768777137248897, -9.527407121059209 ], [ -37.76825524062258, -9.527465109573219 ] ] ] ] } },
{ "type": "Feature", "properties": { "fid": 74.0, "LAT_GD": -9.538864, "LONG_GD": -37.73618, "IMG_ANTES": "05/2021", "IMG_DEPOIS": "08/2022", "BIOMA": "Caatinga", "COD_CAR": "-", "N_IMOVEL": "-", "NM_MUN": "Piranhas", "ORGAO": "-", "OPERACAO": "-", "PERIODO": "-", "N_PROCESSO": "2022.01120737681.AINF.IMA", "DATA_AI": "2022-11-30", "MOTIVO": "DESMATAMENTO", "AI": "SERIE A - TALAO 0004 - FOLHA 00188", "TE": "SERIE C - TALAO 0032 - FOLHA 01582", "AI_APP": "-", "TE_APP": "-", "AI_RL": "-", "TE_RL": "-", "AREA_UTM": 26.26, "AREA_UC": 0.0, "AREA_TI": 0.0, "AREA_APP": 0.0, "AREA_RL": 0.0, "FORA_UC": 0.0, "FORA_TI": 0.0, "FORA_APP": 0.0, "FORA_RL": 0.0, "SITUACAO": "EMBARGADA" }, "geometry": { "type": "MultiPolygon", "coordinates": [ [ [ [ -37.738222598011298, -9.539161796430067 ], [ -37.737411974743061, -9.537356083316382 ], [ -37.736575837619455, -9.536316455941572 ], [ -37.732259503728571, -9.537134555978767 ], [ -37.733223850256664, -9.540337985270874 ], [ -37.733241975465575, -9.54157745698773 ], [ -37.7363083638188, -9.541137906934477 ], [ -37.736355510214423, -9.540664849846985 ], [ -37.737787620936324, -9.540151746460833 ], [ -37.738222598011298, -9.539161796430067 ] ] ] ] } },
{ "type": "Feature", "properties": { "fid": 75.0, "LAT_GD": -9.314853, "LONG_GD": -37.26589, "IMG_ANTES": "01/2022", "IMG_DEPOIS": "03/2022", "BIOMA": "Caatinga", "COD_CAR": "AL-2707206-C07A9D0652CE46E485BF0BB7F7E32BE9", "N_IMOVEL": "-", "NM_MUN": "Poço das Trincheiras", "ORGAO": "-", "OPERACAO": "XII FPI - 2023", "PERIODO": "-", "N_PROCESSO": "2023.14124930031.AINF.IMA", "DATA_AI": "2023-12-06", "MOTIVO": "DESMATAMENTO", "AI": "SERIE A - TALAO 0009 - FOLHA 00435", "TE": "SERIE C - TALAO 0043 - FOLHA 02144", "AI_APP": "-", "TE_APP": "-", "AI_RL": "-", "TE_RL": "-", "AREA_UTM": 1.42, "AREA_UC": 0.0, "AREA_TI": 0.0, "AREA_APP": 0.0, "AREA_RL": 0.0, "FORA_UC": 0.0, "FORA_TI": 0.0, "FORA_APP": 0.0, "FORA_RL": 0.0, "SITUACAO": "EMBARGADA" }, "geometry": { "type": "MultiPolygon", "coordinates": [ [ [ [ -37.265227556376303, -9.314628558782212 ], [ -37.265296946700097, -9.314914889119837 ], [ -37.265757631917822, -9.315707510005749 ], [ -37.266210743598023, -9.315265256701625 ], [ -37.266212774736431, -9.315263441923843 ], [ -37.266565758135336, -9.314708231912256 ], [ -37.266166403482778, -9.314116440437289 ], [ -37.265227556376303, -9.314628558782212 ] ] ] ] } },
{ "type": "Feature", "properties": { "fid": 76.0, "LAT_GD": -9.32579, "LONG_GD": -37.25476, "IMG_ANTES": "01/2022", "IMG_DEPOIS": "03/2022", "BIOMA": "Caatinga", "COD_CAR": "-", "N_IMOVEL": "-", "NM_MUN": "Poço das Trincheiras", "ORGAO": "-", "OPERACAO": "XII FPI - 2023", "PERIODO": "-", "N_PROCESSO": "2023.15123187687.AINF.IMA", "DATA_AI": "2023-12-05", "MOTIVO": "DESMATAMENTO", "AI": "SERIE A - TALAO 0009 - FOLHA 00433", "TE": "SERIE C - TALAO 0043 - FOLHA 02141", "AI_APP": "-", "TE_APP": "-", "AI_RL": "-", "TE_RL": "-", "AREA_UTM": 6.37, "AREA_UC": 0.0, "AREA_TI": 0.0, "AREA_APP": 0.0, "AREA_RL": 0.0, "FORA_UC": 0.0, "FORA_TI": 0.0, "FORA_APP": 0.0, "FORA_RL": 0.0, "SITUACAO": "EMBARGADA" }, "geometry": { "type": "MultiPolygon", "coordinates": [ [ [ [ -37.257532436224253, -9.326537407913008 ], [ -37.257425760259615, -9.326458815015481 ], [ -37.256381632672749, -9.326971970171401 ], [ -37.256331653539689, -9.327052926016776 ], [ -37.256936369162489, -9.328110282768746 ], [ -37.257594671208636, -9.328248005251833 ], [ -37.257704849087645, -9.32815201982997 ], [ -37.257532436224253, -9.326537407913008 ] ] ], [ [ [ -37.253343214523724, -9.324263604174764 ], [ -37.253902906728051, -9.325328573745075 ], [ -37.254442423923948, -9.325490465449763 ], [ -37.254871570827227, -9.326044699375368 ], [ -37.254925180234103, -9.326469555953269 ], [ -37.255017017757588, -9.326637752488553 ], [ -37.25481843772959, -9.326871603638596 ], [ -37.254895825155685, -9.327163427406841 ], [ -37.255467391470177, -9.326758346349518 ], [ -37.255334142461784, -9.32634544690427 ], [ -37.255909243883892, -9.325619306238798 ], [ -37.255473057212406, -9.324978027873026 ], [ -37.254524569731068, -9.323583560300689 ], [ -37.25442814039237, -9.323545642021772 ], [ -37.254103611826785, -9.324012858302419 ], [ -37.254070412307762, -9.324060654781869 ], [ -37.253406137626442, -9.324168453024159 ], [ -37.253343214523724, -9.324263604174764 ] ] ] ] } },
{ "type": "Feature", "properties": { "fid": 77.0, "LAT_GD": -9.315661, "LONG_GD": -37.27073, "IMG_ANTES": "01/2022", "IMG_DEPOIS": "03/2022", "BIOMA": "Caatinga", "COD_CAR": "AL-2707206-733EDC0E1B0F450482FD5BEB39247EF0", "N_IMOVEL": "-", "NM_MUN": "Poço das Trincheiras", "ORGAO": "-", "OPERACAO": "XII FPI - 2023", "PERIODO": "-", "N_PROCESSO": "2023.14122752354.AINF.IMA", "DATA_AI": "2023-12-06", "MOTIVO": "DESMATAMENTO", "AI": "SERIE A - TALAO 0009 - FOLHA 00044", "TE": "SERIE C - TALAO 0043 - FOLHA 02143", "AI_APP": "-", "TE_APP": "-", "AI_RL": "-", "TE_RL": "-", "AREA_UTM": 11.71, "AREA_UC": 0.0, "AREA_TI": 0.0, "AREA_APP": 0.0, "AREA_RL": 0.0, "FORA_UC": 0.0, "FORA_TI": 0.0, "FORA_APP": 0.0, "FORA_RL": 0.0, "SITUACAO": "EMBARGADA" }, "geometry": { "type": "MultiPolygon", "coordinates": [ [ [ [ -37.265757631917822, -9.315707510005749 ], [ -37.265296946700097, -9.314914889119837 ], [ -37.265227556376303, -9.314628558782212 ], [ -37.264610590254151, -9.314965096505439 ], [ -37.264779889290125, -9.31559382358615 ], [ -37.26441518394379, -9.315744265674489 ], [ -37.264738948768297, -9.316718709737412 ], [ -37.265606726072363, -9.318134377514628 ], [ -37.265937882182527, -9.318016932964834 ], [ -37.265985180306004, -9.317831221058757 ], [ -37.26621767714456, -9.317673284263506 ], [ -37.266311846593766, -9.317440397469143 ], [ -37.266630040417461, -9.317373757397565 ], [ -37.266756808755268, -9.317131371299043 ], [ -37.265930329486977, -9.315707700211561 ], [ -37.266212774736431, -9.315263441923843 ], [ -37.266210743598023, -9.315265256701625 ], [ -37.265757631917822, -9.315707510005749 ] ] ], [ [ [ -37.270953072582252, -9.315528915203897 ], [ -37.271413267048253, -9.315443664132156 ], [ -37.271642558383917, -9.314986449454663 ], [ -37.271594861956494, -9.314867100480219 ], [ -37.270775412450547, -9.314882788665612 ], [ -37.269768347468677, -9.314234478743447 ], [ -37.26960850695324, -9.313954757841429 ], [ -37.268865248556452, -9.313139571212693 ], [ -37.268361750932819, -9.313435276166254 ], [ -37.268785328298719, -9.314074638228005 ], [ -37.26897913492369, -9.314078634240891 ], [ -37.268999114988112, -9.314142570447068 ], [ -37.268775338266501, -9.314186526588813 ], [ -37.268081031027556, -9.314783930515263 ], [ -37.269144969458466, -9.31603268454213 ], [ -37.269820295636194, -9.316759958887376 ], [ -37.270443488197628, -9.316248440898823 ], [ -37.270953072582252, -9.315528915203897 ] ] ] ] } },
{ "type": "Feature", "properties": { "fid": 78.0, "LAT_GD": -9.435699, "LONG_GD": -37.24701, "IMG_ANTES": "05/2019", "IMG_DEPOIS": "10/2023", "BIOMA": "Caatinga", "COD_CAR": "AL-2708006-B9C50F46D8824C87ADFCC232EEB26C95", "N_IMOVEL": "-", "NM_MUN": "Santana do Ipanema", "ORGAO": "-", "OPERACAO": "XII FPI - 2023", "PERIODO": "-", "N_PROCESSO": "-", "DATA_AI": "-", "MOTIVO": "DESMATAMENTO", "AI": "SERIE A - TALAO 0009 - FOLHA 00419", "TE": "SERIE C - TALAO 0043 - FOLHA 02118", "AI_APP": "-", "TE_APP": "-", "AI_RL": "-", "TE_RL": "-", "AREA_UTM": 5.71, "AREA_UC": 0.0, "AREA_TI": 0.0, "AREA_APP": 0.0, "AREA_RL": 0.0, "FORA_UC": 0.0, "FORA_TI": 0.0, "FORA_APP": 0.0, "FORA_RL": 0.0, "SITUACAO": "EMBARGADA" }, "geometry": { "type": "MultiPolygon", "coordinates": [ [ [ [ -37.246112033130927, -9.43471343649685 ], [ -37.245617382438382, -9.437556469192437 ], [ -37.246233314485103, -9.437645366048626 ], [ -37.246817440149421, -9.435797621987831 ], [ -37.247496932881582, -9.435797621987817 ], [ -37.247651905103517, -9.435976436140431 ], [ -37.247783035394782, -9.436071803208266 ], [ -37.247973770185304, -9.436191012861613 ], [ -37.248152584337909, -9.436274459291553 ], [ -37.248331397835678, -9.436298301222216 ], [ -37.248402923627687, -9.4362267754302 ], [ -37.248486370057613, -9.435976436140429 ], [ -37.248748630640144, -9.434808184811784 ], [ -37.246626705358899, -9.434569766159923 ], [ -37.246185630623764, -9.434522082298596 ], [ -37.246112033130927, -9.43471343649685 ] ] ] ] } },
{ "type": "Feature", "properties": { "fid": 79.0, "LAT_GD": -9.280519, "LONG_GD": -37.12784, "IMG_ANTES": "05/2019", "IMG_DEPOIS": "10/2023", "BIOMA": "Caatinga", "COD_CAR": "AL-2708006-F7A865CC9D88482EBEF1FFE732003144", "N_IMOVEL": "-", "NM_MUN": "Santana do Ipanema", "ORGAO": "-", "OPERACAO": "XII FPI - 2023", "PERIODO": "-", "N_PROCESSO": "2023.01125936686.AINF.IMA", "DATA_AI": "2023-12-01", "MOTIVO": "DESMATAMENTO", "AI": "2023.01121316769.UC'S.AINF", "TE": "SERIE C - TALAO 0043 - FOLHA 02130", "AI_APP": "-", "TE_APP": "-", "AI_RL": "-", "TE_RL": "-", "AREA_UTM": 6.66, "AREA_UC": 0.0, "AREA_TI": 0.0, "AREA_APP": 0.0, "AREA_RL": 0.0, "FORA_UC": 0.0, "FORA_TI": 0.0, "FORA_APP": 0.0, "FORA_RL": 0.0, "SITUACAO": "EMBARGADA" }, "geometry": { "type": "MultiPolygon", "coordinates": [ [ [ [ -37.12846667827025, -9.282311144336177 ], [ -37.129254639858473, -9.280607628993895 ], [ -37.128935023837563, -9.280099000827223 ], [ -37.129313732964555, -9.279594026810315 ], [ -37.127970801844036, -9.279586998163811 ], [ -37.127891500077133, -9.279346446225343 ], [ -37.126683288810497, -9.279260072733175 ], [ -37.126004597425862, -9.280617289723478 ], [ -37.126702356039864, -9.280727673880454 ], [ -37.127346397960821, -9.280837775386296 ], [ -37.127451425198323, -9.281291916972769 ], [ -37.12788102339691, -9.281320848836128 ], [ -37.127848783756669, -9.282334590496086 ], [ -37.12846667827025, -9.282311144336177 ] ] ] ] } },
{ "type": "Feature", "properties": { "fid": 80.0, "LAT_GD": -9.288007, "LONG_GD": -37.13894, "IMG_ANTES": "05/2019", "IMG_DEPOIS": "10/2023", "BIOMA": "Caatinga", "COD_CAR": "AL-2708006-534143E8EE024D7186641A0AF7D0DE1C", "N_IMOVEL": "-", "NM_MUN": "Santana do Ipanema", "ORGAO": "-", "OPERACAO": "XII FPI - 2023", "PERIODO": "-", "N_PROCESSO": "2023.15124383361.AINF.IMA", "DATA_AI": "2023-12-01", "MOTIVO": "DESMATAMENTO", "AI": "SERIE A - TALAO 0009 - FOLHA 00426", "TE": "SERIE C - TALAO 0043 - FOLHA 02125", "AI_APP": "-", "TE_APP": "-", "AI_RL": "-", "TE_RL": "-", "AREA_UTM": 22.09, "AREA_UC": 0.0, "AREA_TI": 0.0, "AREA_APP": 0.0, "AREA_RL": 0.0, "FORA_UC": 0.0, "FORA_TI": 0.0, "FORA_APP": 0.0, "FORA_RL": 0.0, "SITUACAO": "EMBARGADA" }, "geometry": { "type": "MultiPolygon", "coordinates": [ [ [ [ -37.143374692482247, -9.286680178990343 ], [ -37.142091057007107, -9.286171071271433 ], [ -37.141795323172545, -9.286222897517385 ], [ -37.141449105324206, -9.285660773838892 ], [ -37.138192090903253, -9.286977918419966 ], [ -37.135689236516825, -9.287898735730119 ], [ -37.135231639422578, -9.288083121104021 ], [ -37.135681475166791, -9.289366203007908 ], [ -37.135303748661627, -9.289684414736357 ], [ -37.135916860133705, -9.290568119757806 ], [ -37.140412268426331, -9.288723812932835 ], [ -37.143160371847976, -9.28713718434212 ], [ -37.143374692482247, -9.286680178990343 ] ] ] ] } },
{ "type": "Feature", "properties": { "fid": 81.0, "LAT_GD": -9.289423, "LONG_GD": -37.12951, "IMG_ANTES": "05/2019", "IMG_DEPOIS": "10/2023", "BIOMA": "Caatinga", "COD_CAR": "AL-2708006-4C92E97BDCB0418780618BBDB00C8171", "N_IMOVEL": "-", "NM_MUN": "Santana do Ipanema", "ORGAO": "-", "OPERACAO": "XII FPI - 2023", "PERIODO": "-", "N_PROCESSO": "2023.15120132649.AINF.IMA", "DATA_AI": "2023-12-01", "MOTIVO": "DESMATAMENTO", "AI": "SERIE A - TALAO 0009 - FOLHA 00430", "TE": "SERIE C - TALAO 0043 - FOLHA 02129", "AI_APP": "-", "TE_APP": "-", "AI_RL": "-", "TE_RL": "-", "AREA_UTM": 3.41, "AREA_UC": 0.0, "AREA_TI": 0.0, "AREA_APP": 0.0, "AREA_RL": 0.0, "FORA_UC": 0.0, "FORA_TI": 0.0, "FORA_APP": 0.0, "FORA_RL": 0.0, "SITUACAO": "EMBARGADA" }, "geometry": { "type": "MultiPolygon", "coordinates": [ [ [ [ -37.130411647944868, -9.290352570282625 ], [ -37.130419856618708, -9.288805064085873 ], [ -37.129561065495487, -9.288667158922362 ], [ -37.128138088473428, -9.288552977733437 ], [ -37.12810853704076, -9.289059778023452 ], [ -37.128994753702557, -9.28909110296598 ], [ -37.128934377786344, -9.290344834153261 ], [ -37.130411647944868, -9.290352570282625 ] ] ] ] } },
{ "type": "Feature", "properties": { "fid": 82.0, "LAT_GD": -9.29199, "LONG_GD": -37.13843, "IMG_ANTES": "05/2019", "IMG_DEPOIS": "10/2023", "BIOMA": "Caatinga", "COD_CAR": "AL-2708006-1974CDCBE48E46F38A95928E5E1A349C", "N_IMOVEL": "-", "NM_MUN": "Santana do Ipanema", "ORGAO": "-", "OPERACAO": "XII FPI - 2023", "PERIODO": "-", "N_PROCESSO": "2023.15124453459.AINF.IMA", "DATA_AI": "2023-12-01", "MOTIVO": "DESMATAMENTO", "AI": "SERIE A - TALAO 0009 - FOLHA 00428", "TE": "SERIE C - TALAO 0043 - FOLHA 02127", "AI_APP": "-", "TE_APP": "-", "AI_RL": "-", "TE_RL": "-", "AREA_UTM": 3.54, "AREA_UC": 0.0, "AREA_TI": 0.0, "AREA_APP": 0.0, "AREA_RL": 0.0, "FORA_UC": 0.0, "FORA_TI": 0.0, "FORA_APP": 0.0, "FORA_RL": 0.0, "SITUACAO": "EMBARGADA" }, "geometry": { "type": "MultiPolygon", "coordinates": [ [ [ [ -37.139656776896501, -9.29110131272645 ], [ -37.139102763325482, -9.291258822338159 ], [ -37.139085640505897, -9.291263033181288 ], [ -37.137758731842041, -9.29158934650833 ], [ -37.136565420255089, -9.291915082186462 ], [ -37.1364, -9.292031 ], [ -37.136443, -9.292125 ], [ -37.136546, -9.292139 ], [ -37.136723, -9.292148 ], [ -37.136928, -9.29214 ], [ -37.137136, -9.29217 ], [ -37.137157, -9.292337 ], [ -37.137257, -9.292386 ], [ -37.137406, -9.292391 ], [ -37.13747, -9.292334 ], [ -37.137519, -9.292319 ], [ -37.137658, -9.292327 ], [ -37.137765, -9.292411 ], [ -37.137859, -9.292511 ], [ -37.138046, -9.292606 ], [ -37.138334, -9.292622 ], [ -37.138704, -9.292738 ], [ -37.138896, -9.29274 ], [ -37.138931, -9.292566 ], [ -37.138965, -9.292552 ], [ -37.139002, -9.292528 ], [ -37.139132, -9.292507 ], [ -37.139309, -9.292491 ], [ -37.139544, -9.292386 ], [ -37.139716, -9.292424 ], [ -37.13984, -9.292355 ], [ -37.139814, -9.291974 ], [ -37.139375901906277, -9.291693460528647 ], [ -37.139656776896501, -9.29110131272645 ] ] ] ] } },
{ "type": "Feature", "properties": { "fid": 83.0, "LAT_GD": -9.291094, "LONG_GD": -37.13864, "IMG_ANTES": "05/2019", "IMG_DEPOIS": "10/2023", "BIOMA": "Caatinga", "COD_CAR": "AL-2708006-5E62A7EE10784ED6A477434B9A008288", "N_IMOVEL": "-", "NM_MUN": "Santana do Ipanema", "ORGAO": "-", "OPERACAO": "XII FPI - 2023", "PERIODO": "-", "N_PROCESSO": "2023.04121651242.AINF.IMA", "DATA_AI": "2023-12-01", "MOTIVO": "DESMATAMENTO", "AI": "SERIE A - TALAO 0009 - FOLHA 00427", "TE": "SERIE C - TALAO 0043 - FOLHA 02126", "AI_APP": "-", "TE_APP": "-", "AI_RL": "-", "TE_RL": "-", "AREA_UTM": 1.73, "AREA_UC": 0.0, "AREA_TI": 0.0, "AREA_APP": 0.0, "AREA_RL": 0.0, "FORA_UC": 0.0, "FORA_TI": 0.0, "FORA_APP": 0.0, "FORA_RL": 0.0, "SITUACAO": "EMBARGADA" }, "geometry": { "type": "MultiPolygon", "coordinates": [ [ [ [ -37.136565420255089, -9.291915082186462 ], [ -37.137758731842041, -9.29158934650833 ], [ -37.139085640505897, -9.291263033181288 ], [ -37.139102763325482, -9.291258822338159 ], [ -37.139656776896501, -9.29110131272645 ], [ -37.139824087068142, -9.290748583862722 ], [ -37.14005521032518, -9.29021614719672 ], [ -37.138049, -9.29111 ], [ -37.13787, -9.291205 ], [ -37.137681, -9.291275 ], [ -37.137566, -9.291295 ], [ -37.137445, -9.291332 ], [ -37.137321, -9.291402 ], [ -37.137191, -9.291509 ], [ -37.136801, -9.29175 ], [ -37.136565420255089, -9.291915082186462 ] ] ] ] } },
{ "type": "Feature", "properties": { "fid": 84.0, "LAT_GD": -9.430853, "LONG_GD": -37.15051, "IMG_ANTES": "05/2019", "IMG_DEPOIS": "10/2023", "BIOMA": "Caatinga", "COD_CAR": "-", "N_IMOVEL": "-", "NM_MUN": "Santana do Ipanema", "ORGAO": "-", "OPERACAO": "XII FPI - 2023", "PERIODO": "-", "N_PROCESSO": "2023.15123066780.AINF.IMA", "DATA_AI": "2023-12-04", "MOTIVO": "DESMATAMENTO", "AI": "SERIE A - TALAO 0009 - FOLHA 00424", "TE": "SERIE C - TALAO 0043 - FOLHA 02131", "AI_APP": "-", "TE_APP": "-", "AI_RL": "-", "TE_RL": "-", "AREA_UTM": 8.21, "AREA_UC": 0.0, "AREA_TI": 0.0, "AREA_APP": 0.0, "AREA_RL": 0.0, "FORA_UC": 0.0, "FORA_TI": 0.0, "FORA_APP": 0.0, "FORA_RL": 0.0, "SITUACAO": "EMBARGADA" }, "geometry": { "type": "MultiPolygon", "coordinates": [ [ [ [ -37.152114, -9.430891 ], [ -37.151968, -9.429625 ], [ -37.150374, -9.429301 ], [ -37.150001, -9.429184 ], [ -37.149565, -9.429357 ], [ -37.14943, -9.429559 ], [ -37.14953604112911, -9.432911450937533 ], [ -37.150934770435988, -9.432786592262673 ], [ -37.150771227412903, -9.432243671935648 ], [ -37.151045, -9.431137 ], [ -37.151465, -9.430947 ], [ -37.152079, -9.431092 ], [ -37.152114, -9.430891 ] ] ] ] } },
{ "type": "Feature", "properties": { "fid": 85.0, "LAT_GD": -9.286003, "LONG_GD": -37.12473, "IMG_ANTES": "05/2019", "IMG_DEPOIS": "10/2023", "BIOMA": "Caatinga", "COD_CAR": "AL-2708006-E8E03FF963564D198744B7974030642A", "N_IMOVEL": "-", "NM_MUN": "Santana do Ipanema", "ORGAO": "-", "OPERACAO": "XII FPI - 2023", "PERIODO": "-", "N_PROCESSO": "2023.15125646263.AINF.IMA", "DATA_AI": "2023-12-01", "MOTIVO": "DESMATAMENTO", "AI": "SERIE A - TALAO 0009 - FOLHA 00429", "TE": "SERIE C - TALAO 0043 - FOLHA 02128", "AI_APP": "-", "TE_APP": "-", "AI_RL": "-", "TE_RL": "-", "AREA_UTM": 9.35, "AREA_UC": 0.0, "AREA_TI": 0.0, "AREA_APP": 0.0, "AREA_RL": 0.0, "FORA_UC": 0.0, "FORA_TI": 0.0, "FORA_APP": 0.0, "FORA_RL": 0.0, "SITUACAO": "EMBARGADA" }, "geometry": { "type": "MultiPolygon", "coordinates": [ [ [ [ -37.125469244942607, -9.285400957043125 ], [ -37.124928155674489, -9.28547659630088 ], [ -37.124936888139999, -9.285362297266152 ], [ -37.124126376361268, -9.285303436343034 ], [ -37.123697342463046, -9.285167774893136 ], [ -37.123722700422285, -9.286013180533741 ], [ -37.12374296773217, -9.28668887648535 ], [ -37.124842771585648, -9.286961468344293 ], [ -37.127743276173987, -9.287030043454861 ], [ -37.128102219366816, -9.285190876403506 ], [ -37.128106043379233, -9.284470486352308 ], [ -37.125710490091528, -9.285418476017293 ], [ -37.125519669862143, -9.28540461886225 ], [ -37.125469244942607, -9.285400957043125 ] ] ] ] } },
{ "type": "Feature", "properties": { "fid": 86.0, "LAT_GD": -9.030045, "LONG_GD": -36.0636, "IMG_ANTES": "01/2023", "IMG_DEPOIS": "02/2023", "BIOMA": "Mata Atlântica", "COD_CAR": "AL-2708303-CBB053ACDDA9415282BFCF144C7E4243", "N_IMOVEL": "FAZENDA UNIAO", "NM_MUN": "São José da Laje", "ORGAO": "-", "OPERACAO": "-", "PERIODO": "-", "N_PROCESSO": "2023.26093723980.AINF.IMA", "DATA_AI": "2023-09-26", "MOTIVO": "DESMATAMENTO", "AI": "SERIE A - TALAO 0017 - FOLHA 00821", "TE": "SERIE C - TALAO 0045 - FOLHA 02711", "AI_APP": "-", "TE_APP": "-", "AI_RL": "-", "TE_RL": "-", "AREA_UTM": 9.4, "AREA_UC": 0.0, "AREA_TI": 0.0, "AREA_APP": 0.0, "AREA_RL": 0.0, "FORA_UC": 0.0, "FORA_TI": 0.0, "FORA_APP": 0.0, "FORA_RL": 0.0, "SITUACAO": "EMBARGADA" }, "geometry": { "type": "MultiPolygon", "coordinates": [ [ [ [ -36.066593051943897, -9.030000816189199 ], [ -36.065867599208602, -9.030449905977679 ], [ -36.064298375935003, -9.0304939028919 ], [ -36.063623756583702, -9.03011259630204 ], [ -36.063491765841, -9.029657961521821 ], [ -36.062934471594303, -9.029789952264469 ], [ -36.061893211291199, -9.0289980078086 ], [ -36.061570567253703, -9.02929132057003 ], [ -36.063022465422698, -9.030112596302031 ], [ -36.062963802870399, -9.0312711817097 ], [ -36.063770412964402, -9.03122718479548 ], [ -36.063814409878603, -9.03223911382241 ], [ -36.064621019972499, -9.03206312616555 ], [ -36.064899667095901, -9.03172581648991 ], [ -36.065735608465999, -9.031652488299549 ], [ -36.066441737674197, -9.031878449646181 ], [ -36.066592577645402, -9.03006758265297 ], [ -36.066593051943897, -9.030000816189199 ] ] ], [ [ [ -36.061944541024502, -9.026460852422231 ], [ -36.061563234434601, -9.027106140497381 ], [ -36.0605953023219, -9.027516778363379 ], [ -36.059994011161002, -9.02792741622938 ], [ -36.060169998817798, -9.02861670121875 ], [ -36.060903280721398, -9.028462712018991 ], [ -36.061460574968102, -9.02836738537153 ], [ -36.061857, -9.027882 ], [ -36.062091197405202, -9.026842159012091 ], [ -36.061944541024502, -9.026460852422231 ] ] ] ] } },
{ "type": "Feature", "properties": { "fid": 87.0, "LAT_GD": -9.064199, "LONG_GD": -36.07567, "IMG_ANTES": "01/2023", "IMG_DEPOIS": "02/2023", "BIOMA": "Mata Atlântica", "COD_CAR": "AL-2708303-E9C7B48A5906477D8BDB7E2E3909B583", "N_IMOVEL": "-", "NM_MUN": "São José da Laje", "ORGAO": "-", "OPERACAO": "-", "PERIODO": "-", "N_PROCESSO": "2023.26094547684.AINF.IMA", "DATA_AI": "2023-09-26", "MOTIVO": "DESMATAMENTO", "AI": "2023.26095906152.UC'S.AINF", "TE": "SERIE C - TALAO 0045 - FOLHA 02713", "AI_APP": "-", "TE_APP": "-", "AI_RL": "-", "TE_RL": "-", "AREA_UTM": 2.51, "AREA_UC": 0.0, "AREA_TI": 0.0, "AREA_APP": 0.0, "AREA_RL": 0.0, "FORA_UC": 0.0, "FORA_TI": 0.0, "FORA_APP": 0.0, "FORA_RL": 0.0, "SITUACAO": "EMBARGADA" }, "geometry": { "type": "MultiPolygon", "coordinates": [ [ [ [ -36.077179238528103, -9.06423582004741 ], [ -36.077243719333303, -9.0639190071828 ], [ -36.076548099517801, -9.063872489520319 ], [ -36.076333522796602, -9.063830110043069 ], [ -36.076140403747601, -9.063766540817809 ], [ -36.076011657714801, -9.063808920302559 ], [ -36.0748437709602, -9.06367771693953 ], [ -36.0746656114883, -9.063671532696461 ], [ -36.074437646211997, -9.063739090432341 ], [ -36.074524526767597, -9.0637250930095 ], [ -36.074583189319902, -9.064429043636929 ], [ -36.074871613535301, -9.064514593192341 ], [ -36.075086709560303, -9.06504255616291 ], [ -36.075629338168902, -9.064675915211129 ], [ -36.077179238528103, -9.06423582004741 ] ] ] ] } },
{ "type": "Feature", "properties": { "fid": 88.0, "LAT_GD": -9.214677, "LONG_GD": -35.44332, "IMG_ANTES": "-", "IMG_DEPOIS": "-", "BIOMA": "Mata Atlântica", "COD_CAR": "-", "N_IMOVEL": "FAZENDA SAO FERNANDO", "NM_MUN": "São Miguel dos Milagres", "ORGAO": "-", "OPERACAO": "-", "PERIODO": "-", "N_PROCESSO": "2021.07103558915.AINF.IMA", "DATA_AI": "2021-10-11", "MOTIVO": "DESMATAMENTO", "AI": "2021.11104491148.GEFUC.AINF", "TE": "SERIE C - TALAO 0046 - FOLHA 02787", "AI_APP": "-", "TE_APP": "-", "AI_RL": "-", "TE_RL": "-", "AREA_UTM": 0.39, "AREA_UC": 0.0, "AREA_TI": 0.0, "AREA_APP": 0.0, "AREA_RL": 0.0, "FORA_UC": 0.0, "FORA_TI": 0.0, "FORA_APP": 0.0, "FORA_RL": 0.0, "SITUACAO": "EMBARGADA" }, "geometry": { "type": "MultiPolygon", "coordinates": [ [ [ [ -35.443626753974897, -9.214734177856831 ], [ -35.443761504910697, -9.214682913922923 ], [ -35.443945771592503, -9.214514914686976 ], [ -35.443896979035102, -9.214407571060605 ], [ -35.443656269084997, -9.21449214482683 ], [ -35.443454593180903, -9.214459616455205 ], [ -35.4432659286255, -9.214557201570095 ], [ -35.443005701652503, -9.214592982778871 ], [ -35.442730880739603, -9.214579163411155 ], [ -35.4428642930188, -9.214958628302877 ], [ -35.442884640775702, -9.215016503480561 ], [ -35.4430942144878, -9.214927371322164 ], [ -35.443224280595203, -9.214832683789583 ], [ -35.443386450418402, -9.21475786782039 ], [ -35.443626753974897, -9.214734177856831 ] ] ] ] } },
{ "type": "Feature", "properties": { "fid": 89.0, "LAT_GD": -10.020102, "LONG_GD": -36.56212, "IMG_ANTES": "12/2022", "IMG_DEPOIS": "01/2023", "BIOMA": "Mata Atlântica", "COD_CAR": "AL-2708808-E7F75CC132B947C8AA0D4ABDC480BBA0", "N_IMOVEL": "FAZENDA JATIUCA", "NM_MUN": "São Sebastião", "ORGAO": "-", "OPERACAO": "-", "PERIODO": "-", "N_PROCESSO": "2023.22093501227.AINF.IMA", "DATA_AI": "2023-09-22", "MOTIVO": "DESMATAMENTO", "AI": "2023.22090221014.UC'S.AINF", "TE": "SERIE C - TALAO 0045 - FOLHA 02706", "AI_APP": "-", "TE_APP": "-", "AI_RL": "-", "TE_RL": "-", "AREA_UTM": 44.47, "AREA_UC": 0.0, "AREA_TI": 0.0, "AREA_APP": 0.0, "AREA_RL": 0.0, "FORA_UC": 0.0, "FORA_TI": 0.0, "FORA_APP": 0.0, "FORA_RL": 0.0, "SITUACAO": "EMBARGADA" }, "geometry": { "type": "MultiPolygon", "coordinates": [ [ [ [ -36.562975156539302, -10.0206783524656 ], [ -36.563928996157102, -10.020735375486201 ], [ -36.5646288241376, -10.020937548013899 ], [ -36.564965778350398, -10.0207250076643 ], [ -36.565318284296097, -10.0205643064243 ], [ -36.565515272912798, -10.0204761799379 ], [ -36.565748548906299, -10.020071834882501 ], [ -36.566108535439398, -10.019957293712899 ], [ -36.5662514607587, -10.019671443074399 ], [ -36.566149028585002, -10.018886129742899 ], [ -36.565995380324502, -10.018459329019301 ], [ -36.565449075398298, -10.017554511485301 ], [ -36.564971058587901, -10.0172301429354 ], [ -36.5646637620669, -10.016564333806601 ], [ -36.564236961343298, -10.016581405835501 ], [ -36.563665048373601, -10.0166838380092 ], [ -36.563596760257902, -10.017213070906401 ], [ -36.563007775259301, -10.0176057275721 ], [ -36.563144351490898, -10.017016742573601 ], [ -36.562999239244803, -10.0167179820671 ], [ -36.562589510550197, -10.016717982067 ], [ -36.562333430115999, -10.0168887023565 ], [ -36.5619834535227, -10.017251482971499 ], [ -36.561761517146401, -10.0166240859078 ], [ -36.5603957548309, -10.016854558298601 ], [ -36.559798233817801, -10.016944186450599 ], [ -36.5602549105921, -10.0180410643102 ], [ -36.5579423655577, -10.0189417838435 ], [ -36.557898970597797, -10.018958685866 ], [ -36.558633067842401, -10.020358592239299 ], [ -36.560617691207199, -10.024391859077401 ], [ -36.5624529343186, -10.0253478926982 ], [ -36.562854126998801, -10.025578365089 ], [ -36.563519936127598, -10.0254076447995 ], [ -36.5635711522145, -10.0252369245101 ], [ -36.5630760633751, -10.0247930517576 ], [ -36.563161423519801, -10.024229674802401 ], [ -36.562371842181101, -10.023738853970301 ], [ -36.5618426092839, -10.0216389944101 ], [ -36.562884003049398, -10.021331697889201 ], [ -36.563113686908103, -10.021301739125001 ], [ -36.562975156539302, -10.0206783524656 ] ] ] ] } },
{ "type": "Feature", "properties": { "fid": 90.0, "LAT_GD": -9.549716, "LONG_GD": -36.46697, "IMG_ANTES": "01/2022", "IMG_DEPOIS": "02/2022", "BIOMA": "Mata Atlântica", "COD_CAR": "AL-2709004-29C2AEB17D024E2692791C3405229552", "N_IMOVEL": "FAZENDA BELEM", "NM_MUN": "Tanque d'Arca", "ORGAO": "-", "OPERACAO": "-", "PERIODO": "-", "N_PROCESSO": "2023.21091153765.AINF.IMA", "DATA_AI": "2023-09-21", "MOTIVO": "DESMATAMENTO", "AI": "2023.30095116979.UC'S.AINF", "TE": "SERIE C - TALAO 0045 - FOLHA 02705", "AI_APP": "-", "TE_APP": "-", "AI_RL": "-", "TE_RL": "-", "AREA_UTM": 5.79, "AREA_UC": 0.0, "AREA_TI": 0.0, "AREA_APP": 0.0, "AREA_RL": 0.0, "FORA_UC": 0.0, "FORA_TI": 0.0, "FORA_APP": 0.0, "FORA_RL": 0.0, "SITUACAO": "EMBARGADA" }, "geometry": { "type": "MultiPolygon", "coordinates": [ [ [ [ -36.467631065293297, -9.551210125970901 ], [ -36.467521403931798, -9.55109548000206 ], [ -36.467271395249703, -9.55126016482879 ], [ -36.466918816522799, -9.551534899425279 ], [ -36.466624903924199, -9.55176392050063 ], [ -36.466297655875898, -9.551715527995819 ], [ -36.466195975729597, -9.551700491826789 ], [ -36.466209426123001, -9.551744007805469 ], [ -36.466378365942603, -9.552290577810069 ], [ -36.466842101683298, -9.55218474115888 ], [ -36.467730199286102, -9.551539559285899 ], [ -36.467740928122197, -9.55132498256469 ], [ -36.467631065293297, -9.551210125970901 ] ] ], [ [ [ -36.4732210789197, -9.55300913141388 ], [ -36.473197307385597, -9.55281260661951 ], [ -36.4731960482696, -9.55280219721485 ], [ -36.473159477291297, -9.55249985644226 ], [ -36.473150253295898, -9.552423599529799 ], [ -36.473115287552602, -9.54984064526889 ], [ -36.4731049370302, -9.54963588409815 ], [ -36.472774315478603, -9.549415469730411 ], [ -36.473000538720001, -9.552446861165389 ], [ -36.473022050123603, -9.5527351139741 ], [ -36.473022781428298, -9.55274491345711 ], [ -36.473044611239096, -9.553037432922149 ], [ -36.473045812677398, -9.553053532195261 ], [ -36.473068475764599, -9.553047790879839 ], [ -36.4732210789197, -9.55300913141388 ] ] ], [ [ [ -36.469624947971703, -9.550162087027299 ], [ -36.469502774232197, -9.55029783562674 ], [ -36.469529923952102, -9.550623632265379 ], [ -36.471050308265703, -9.55039285964633 ], [ -36.470996008825999, -9.550107787587519 ], [ -36.470656637327401, -9.549741266369059 ], [ -36.470425864708297, -9.54974126636905 ], [ -36.469624947971703, -9.550162087027299 ] ] ], [ [ [ -36.469421325072503, -9.54822088205538 ], [ -36.469407750212604, -9.54801725915623 ], [ -36.469136253013701, -9.547623588217871 ], [ -36.468348911136999, -9.547664312797711 ], [ -36.467887365898903, -9.547772911677249 ], [ -36.467656593279898, -9.54799010943635 ], [ -36.467507269820501, -9.548424504954539 ], [ -36.467615868700001, -9.548899625052551 ], [ -36.467955240198599, -9.5495376434699 ], [ -36.468756156935299, -9.54926614627102 ], [ -36.469204127313397, -9.548981074212209 ], [ -36.469299151332997, -9.548628127853689 ], [ -36.4689462049745, -9.54870957701335 ], [ -36.4689462049745, -9.54858740327386 ], [ -36.468932630114601, -9.54832948093493 ], [ -36.469027654134202, -9.548220882055389 ], [ -36.469421325072503, -9.54822088205538 ] ] ] ] } },
{ "type": "Feature", "properties": { "fid": 91.0, "LAT_GD": -10.054589, "LONG_GD": -36.91814, "IMG_ANTES": "10/2021", "IMG_DEPOIS": "10/2022", "BIOMA": "Caatinga", "COD_CAR": "AL-2709202-594ABF54F3974218A867DE8B4F43AD25", "N_IMOVEL": "FAZENDA LAGOA DE BAIXO", "NM_MUN": "Traipu", "ORGAO": "-", "OPERACAO": "-", "PERIODO": "-", "N_PROCESSO": "2023.15051762356.AINF.IMA", "DATA_AI": "2023-05-11", "MOTIVO": "DESMATAMENTO", "AI": "SERIE A - TALAO 0004 - FOLHA 00190", "TE": "SERIE C - TALAO 0032 - FOLHA 01595", "AI_APP": "-", "TE_APP": "-", "AI_RL": "-", "TE_RL": "-", "AREA_UTM": 8.69, "AREA_UC": 0.0, "AREA_TI": 0.0, "AREA_APP": 0.0, "AREA_RL": 0.0, "FORA_UC": 0.0, "FORA_TI": 0.0, "FORA_APP": 0.0, "FORA_RL": 0.0, "SITUACAO": "EMBARGADA" }, "geometry": { "type": "MultiPolygon", "coordinates": [ [ [ [ -36.917095128718202, -10.054607152900401 ], [ -36.917423648011699, -10.0550171059232 ], [ -36.917675552317398, -10.055337192843099 ], [ -36.918996, -10.056998 ], [ -36.919103, -10.05685 ], [ -36.920541, -10.056924 ], [ -36.920348, -10.056438 ], [ -36.918416, -10.055445 ], [ -36.918685, -10.055022 ], [ -36.918534, -10.054843 ], [ -36.91862, -10.054484 ], [ -36.918835, -10.054536 ], [ -36.919457, -10.054262 ], [ -36.917976, -10.052582 ], [ -36.916195, -10.053153 ], [ -36.91597, -10.053607 ], [ -36.916377, -10.05385 ], [ -36.916614, -10.053744 ], [ -36.917064, -10.054568 ], [ -36.917095128718202, -10.054607152900401 ] ] ] ] } },
{ "type": "Feature", "properties": { "fid": 92.0, "LAT_GD": -9.87316, "LONG_GD": -37.00696, "IMG_ANTES": "12/2018", "IMG_DEPOIS": "03/2023", "BIOMA": "Caatinga", "COD_CAR": "AL-2709202-A81329BB0D43401C95AB1087EC2DAEBD", "N_IMOVEL": "FAZENDA SERROTE DAS FLORES", "NM_MUN": "Traipu", "ORGAO": "-", "OPERACAO": "-", "PERIODO": "-", "N_PROCESSO": "2023.17053251656.AINF.IMA", "DATA_AI": "2023-05-16", "MOTIVO": "DESMATAMENTO", "AI": "2023.17055876921.UC'S.AINF", "TE": "SERIE C - TALAO 0038 - FOLHA 01855", "AI_APP": "-", "TE_APP": "-", "AI_RL": "-", "TE_RL": "-", "AREA_UTM": 12.48, "AREA_UC": 0.0, "AREA_TI": 0.0, "AREA_APP": 0.0, "AREA_RL": 0.0, "FORA_UC": 0.0, "FORA_TI": 0.0, "FORA_APP": 0.0, "FORA_RL": 0.0, "SITUACAO": "EMBARGADA" }, "geometry": { "type": "MultiPolygon", "coordinates": [ [ [ [ -37.005220006716499, -9.87527948931262 ], [ -37.006006695727798, -9.87511350884713 ], [ -37.006068097995403, -9.87564454539832 ], [ -37.0066287883649, -9.875647864854519 ], [ -37.0072087312221, -9.875483849116311 ], [ -37.007209450980604, -9.87536424752245 ], [ -37.006654494584801, -9.875384884229121 ], [ -37.0065351791933, -9.87516888749755 ], [ -37.006995085747597, -9.87490847673798 ], [ -37.0078863140415, -9.87512904043264 ], [ -37.008056464940502, -9.87491475626101 ], [ -37.0080345009073, -9.874555808604731 ], [ -37.008204507492501, -9.874365444609509 ], [ -37.008157126242899, -9.874221637280661 ], [ -37.008037090673596, -9.874125242621719 ], [ -37.007892645217503, -9.874076545917919 ], [ -37.007482999621601, -9.87400235916463 ], [ -37.007176751341703, -9.872780567457109 ], [ -37.008240425200299, -9.87240411966371 ], [ -37.008724017289602, -9.87221560914465 ], [ -37.008845777948899, -9.872024959304779 ], [ -37.008870906472801, -9.871857659448739 ], [ -37.008896322502899, -9.871642518886789 ], [ -37.0089224573113, -9.87130777656613 ], [ -37.008995398394298, -9.871212522850101 ], [ -37.009164539945701, -9.871165680009611 ], [ -37.009214652596299, -9.870855000491281 ], [ -37.009142430390099, -9.87083065251737 ], [ -37.008612322019601, -9.87073183478458 ], [ -37.008299311701101, -9.870634299747589 ], [ -37.007841426136302, -9.870559829033651 ], [ -37.007648450610098, -9.8705586879256 ], [ -37.007551819000902, -9.870582037660849 ], [ -37.007285326682997, -9.87077183099027 ], [ -37.007163709731202, -9.870938559868611 ], [ -37.007162270830001, -9.87117776311139 ], [ -37.007160975787599, -9.871393046026821 ], [ -37.007086882978797, -9.87167966181241 ], [ -37.007014085210699, -9.8717509946633 ], [ -37.006772145414203, -9.871869169086031 ], [ -37.006312099478997, -9.87215350069029 ], [ -37.0059977930892, -9.8722712461424 ], [ -37.005682478400097, -9.872556433360719 ], [ -37.005264624334501, -9.8738457011127 ], [ -37.005023114745804, -9.873892112973779 ], [ -37.005207735063202, -9.875280632830069 ], [ -37.005220006716499, -9.87527948931262 ] ] ] ] } },
{ "type": "Feature", "properties": { "fid": 93.0, "LAT_GD": -9.868619, "LONG_GD": -37.03041, "IMG_ANTES": "12/2018", "IMG_DEPOIS": "03/2023", "BIOMA": "Caatinga", "COD_CAR": "AL-2709202-DAFFB141EF8B44269F63C6348C1DF877", "N_IMOVEL": "-", "NM_MUN": "Traipu", "ORGAO": "-", "OPERACAO": "-", "PERIODO": "-", "N_PROCESSO": "2023.16051405344.AINF.IMA", "DATA_AI": "2023-05-16", "MOTIVO": "DESMATAMENTO", "AI": "SERIE A - TALAO 0004 - FOLHA 00193", "TE": "SERIE C - TALAO 0032 - FOLHA 01598", "AI_APP": "-", "TE_APP": "-", "AI_RL": "-", "TE_RL": "-", "AREA_UTM": 10.28, "AREA_UC": 0.0, "AREA_TI": 0.0, "AREA_APP": 0.0, "AREA_RL": 0.0, "FORA_UC": 0.0, "FORA_TI": 0.0, "FORA_APP": 0.0, "FORA_RL": 0.0, "SITUACAO": "EMBARGADA" }, "geometry": { "type": "MultiPolygon", "coordinates": [ [ [ [ -37.027993073290297, -9.867331128869809 ], [ -37.028049296067799, -9.867565636242819 ], [ -37.028707220532397, -9.868625314708559 ], [ -37.029368487533297, -9.86983622781244 ], [ -37.029510051612803, -9.8700332743974 ], [ -37.029738237764803, -9.869973438158141 ], [ -37.030088024138301, -9.86994335204224 ], [ -37.030158929675899, -9.86992556446174 ], [ -37.031667635106203, -9.86975497006669 ], [ -37.032597406588501, -9.86958098879961 ], [ -37.032255872990298, -9.86819154622528 ], [ -37.0321123476214, -9.867987375216281 ], [ -37.031463537309698, -9.86756495948064 ], [ -37.030860912046897, -9.867489674453729 ], [ -37.029872192446497, -9.867436053115471 ], [ -37.028666091008503, -9.86742900042446 ], [ -37.027993073290297, -9.867331128869809 ] ] ] ] } },
{ "type": "Feature", "properties": { "fid": 94.0, "LAT_GD": -9.727517, "LONG_GD": -36.97691, "IMG_ANTES": "05/2021", "IMG_DEPOIS": "03/2024", "BIOMA": "Caatinga", "COD_CAR": "-", "N_IMOVEL": "-", "NM_MUN": "Traipu", "ORGAO": "-", "OPERACAO": "XIII FPI - 2024", "PERIODO": "-", "N_PROCESSO": "2024.06055414452.AINF.IMA", "DATA_AI": "2024-05-06", "MOTIVO": "DESMATAMENTO", "AI": "2024.06051224552.UC'S.AINF", "TE": "SERIE C - TALAO 0042 - FOLHA 04412", "AI_APP": "-", "TE_APP": "-", "AI_RL": "-", "TE_RL": "-", "AREA_UTM": 22.72, "AREA_UC": 0.0, "AREA_TI": 0.0, "AREA_APP": 0.0, "AREA_RL": 0.0, "FORA_UC": 0.0, "FORA_TI": 0.0, "FORA_APP": 0.0, "FORA_RL": 0.0, "SITUACAO": "EMBARGADA" }, "geometry": { "type": "MultiPolygon", "coordinates": [ [ [ [ -36.980948, -9.72883 ], [ -36.980905, -9.727614 ], [ -36.980666635385312, -9.725536685027135 ], [ -36.977371, -9.725874 ], [ -36.977137, -9.72638 ], [ -36.976254124809941, -9.726261533439532 ], [ -36.976254124809941, -9.726639128268907 ], [ -36.975515285829879, -9.726773983461744 ], [ -36.975597379049887, -9.727448258609792 ], [ -36.975282688373184, -9.727650540888968 ], [ -36.974967997696496, -9.727731453766348 ], [ -36.974845, -9.726265 ], [ -36.974462, -9.726163 ], [ -36.973494, -9.72609 ], [ -36.973456, -9.726512 ], [ -36.973728, -9.728581 ], [ -36.97365, -9.728792 ], [ -36.972134, -9.728715 ], [ -36.972367, -9.729999 ], [ -36.973486, -9.730092 ], [ -36.974103, -9.729006 ], [ -36.974327, -9.72836 ], [ -36.975594, -9.728403 ], [ -36.975766, -9.727502 ], [ -36.977326, -9.727476 ], [ -36.977365, -9.728949 ], [ -36.978672, -9.728931 ], [ -36.978608, -9.72847 ], [ -36.979317, -9.728473 ], [ -36.979561, -9.729059 ], [ -36.980948, -9.72883 ] ] ] ] } },
{ "type": "Feature", "properties": { "fid": 95.0, "LAT_GD": -9.722112, "LONG_GD": -36.98565, "IMG_ANTES": "05/2021", "IMG_DEPOIS": "03/2024", "BIOMA": "Caatinga", "COD_CAR": "-", "N_IMOVEL": "FAZENDA SAO ABRAAO", "NM_MUN": "Traipu", "ORGAO": "-", "OPERACAO": "XIII FPI - 2024", "PERIODO": "-", "N_PROCESSO": "2024.07050771774.AINF.IMA", "DATA_AI": "2024-05-07", "MOTIVO": "DESMATAMENTO", "AI": "2024.07054486165.UC'S.AINF", "TE": "SERIE C - TALAO 0042 - FOLHA 04413", "AI_APP": "-", "TE_APP": "-", "AI_RL": "-", "TE_RL": "-", "AREA_UTM": 53.4, "AREA_UC": 0.0, "AREA_TI": 0.0, "AREA_APP": 0.0, "AREA_RL": 0.0, "FORA_UC": 0.0, "FORA_TI": 0.0, "FORA_APP": 0.0, "FORA_RL": 0.0, "SITUACAO": "EMBARGADA" }, "geometry": { "type": "MultiPolygon", "coordinates": [ [ [ [ -36.989826870517795, -9.722512533067011 ], [ -36.989245376876084, -9.72247881884417 ], [ -36.989149601452731, -9.722411390388299 ], [ -36.98891700399605, -9.722263047737522 ], [ -36.987986614169309, -9.722060762198604 ], [ -36.98702885993589, -9.721871962251891 ], [ -36.98638579637916, -9.721507847767937 ], [ -36.986221609939143, -9.721292076034819 ], [ -36.986098470109141, -9.721035846920927 ], [ -36.986153198922473, -9.720887503660014 ], [ -36.98712463535923, -9.721332533245388 ], [ -36.988096071795979, -9.721467390578578 ], [ -36.988834910776049, -9.721332533245386 ], [ -36.98958743195945, -9.720941446671608 ], [ -36.989778982806129, -9.720590816940799 ], [ -36.989806347212792, -9.719498468115537 ], [ -36.989204330266077, -9.719781670005357 ], [ -36.988862275182719, -9.719687269402067 ], [ -36.988574948912692, -9.719431039058815 ], [ -36.985701686212437, -9.719039950261763 ], [ -36.984716567572349, -9.718756747743987 ], [ -36.983211525205554, -9.717812737619944 ], [ -36.982924198935528, -9.717772279983675 ], [ -36.982575302750497, -9.719120865222804 ], [ -36.983163637493874, -9.719707498105018 ], [ -36.98314311418887, -9.719801898702606 ], [ -36.98284210571552, -9.719970471132047 ], [ -36.982233247667139, -9.720051385868 ], [ -36.981289175637045, -9.723078931502428 ], [ -36.983724607830595, -9.723240759450618 ], [ -36.983533056983923, -9.723753214103185 ], [ -36.98298576885054, -9.723942012987743 ], [ -36.982766853597184, -9.724184754254077 ], [ -36.982821582410516, -9.724616293847973 ], [ -36.982493209530489, -9.725047832884847 ], [ -36.982903675630524, -9.725047832884851 ], [ -36.983259412917228, -9.725506342501182 ], [ -36.98399825189729, -9.725506342501191 ], [ -36.984080345117292, -9.726180620206314 ], [ -36.985010734944048, -9.726207591286235 ], [ -36.984956006130709, -9.725128746392242 ], [ -36.989772141704464, -9.72504783288484 ], [ -36.989826870517795, -9.722512533067011 ] ] ] ] } },
{ "type": "Feature", "properties": { "fid": 96.0, "LAT_GD": -9.817735, "LONG_GD": -36.98629, "IMG_ANTES": "05/2023", "IMG_DEPOIS": "03/2024", "BIOMA": "Caatinga", "COD_CAR": "-", "N_IMOVEL": "-", "NM_MUN": "Traipu", "ORGAO": "-", "OPERACAO": "XIII FPI - 2024", "PERIODO": "-", "N_PROCESSO": "2024.04074336568.AINF.IMA", "DATA_AI": "2024-05-09", "MOTIVO": "DESMATAMENTO", "AI": "SERIE A - TALAO 0013 - FOLHA 00611", "TE": "SERIE C - TALAO 0042 - FOLHA 04418", "AI_APP": "-", "TE_APP": "-", "AI_RL": "-", "TE_RL": "-", "AREA_UTM": 16.17, "AREA_UC": 0.0, "AREA_TI": 0.0, "AREA_APP": 0.0, "AREA_RL": 0.0, "FORA_UC": 0.0, "FORA_TI": 0.0, "FORA_APP": 0.0, "FORA_RL": 0.0, "SITUACAO": "EMBARGADA" }, "geometry": { "type": "MultiPolygon", "coordinates": [ [ [ [ -36.987752882293172, -9.820878916625603 ], [ -36.987798896848069, -9.819261777136184 ], [ -36.987093340339648, -9.818868826160637 ], [ -36.986817253010265, -9.81824917175158 ], [ -36.987078002154682, -9.817433039784637 ], [ -36.987446118593866, -9.817448153357855 ], [ -36.987783558663104, -9.816571564970447 ], [ -36.987124016709586, -9.81626929257467 ], [ -36.987829573217994, -9.815317132724513 ], [ -36.987016649414834, -9.815302019054021 ], [ -36.987231384004346, -9.814682357970211 ], [ -36.986571842050829, -9.814500993531253 ], [ -36.986479812941035, -9.814364970136845 ], [ -36.986587180235794, -9.813473259834534 ], [ -36.986157711056762, -9.813926672152645 ], [ -36.985820270987524, -9.814969518128814 ], [ -36.985636212767929, -9.815982133543091 ], [ -36.985375463623519, -9.816420428807053 ], [ -36.984792612594816, -9.818249171751573 ], [ -36.984416827063171, -9.819496036149665 ], [ -36.984455172525585, -9.819715181528339 ], [ -36.985191405403924, -9.819956996950237 ], [ -36.986157711056762, -9.820213925642447 ], [ -36.986786576640341, -9.820410400390159 ], [ -36.987676191368337, -9.82098471052249 ], [ -36.987752882293172, -9.820878916625603 ] ] ] ] } },
{ "type": "Feature", "properties": { "fid": 97.0, "LAT_GD": -9.855746, "LONG_GD": -36.96324, "IMG_ANTES": "05/2021", "IMG_DEPOIS": "03/2024", "BIOMA": "Caatinga", "COD_CAR": "-", "N_IMOVEL": "FAZENDA OITIZERO", "NM_MUN": "Traipu", "ORGAO": "-", "OPERACAO": "XIII FPI - 2024", "PERIODO": "-", "N_PROCESSO": "2024.02052809999.AINF.IMA", "DATA_AI": "2024-05-02", "MOTIVO": "DESMATAMENTO", "AI": "2024.02055941249.UC'S.AINF", "TE": "SERIE C - TALAO 0048 - FOLHA 04715", "AI_APP": "-", "TE_APP": "-", "AI_RL": "-", "TE_RL": "-", "AREA_UTM": 47.37, "AREA_UC": 0.0, "AREA_TI": 0.0, "AREA_APP": 0.0, "AREA_RL": 0.0, "FORA_UC": 0.0, "FORA_TI": 0.0, "FORA_APP": 0.0, "FORA_RL": 0.0, "SITUACAO": "EMBARGADA" }, "geometry": { "type": "MultiPolygon", "coordinates": [ [ [ [ -36.967992996811851, -9.85331151005067 ], [ -36.967981942, -9.853312913299998 ], [ -36.96625795220001, -9.8532498814 ], [ -36.965643893900001, -9.853211911400006 ], [ -36.965623945, -9.853266980499999 ], [ -36.962561952, -9.853093894200009 ], [ -36.9622829184, -9.854705901800003 ], [ -36.959571437958061, -9.854202370971615 ], [ -36.960039196542752, -9.854721646268199 ], [ -36.959821337517454, -9.855304252228329 ], [ -36.959520484577752, -9.855876636029022 ], [ -36.95644970974498, -9.856428576610266 ], [ -36.956138482565983, -9.856868084190207 ], [ -36.95619035376248, -9.857297370098125 ], [ -36.956377090069886, -9.857685771152283 ], [ -36.95760125030727, -9.857460907439844 ], [ -36.957704992700272, -9.858074171748921 ], [ -36.961107743190645, -9.85803328749714 ], [ -36.961190737105042, -9.857215601396836 ], [ -36.96285061539303, -9.857583560392914 ], [ -36.964925463253017, -9.858074171748918 ], [ -36.965547917611005, -9.857849308301365 ], [ -36.965589414568214, -9.857317812270278 ], [ -36.965257438910612, -9.856684104344302 ], [ -36.965444175218011, -9.856704546554475 ], [ -36.969210024083878, -9.85636724992462 ], [ -36.967992996811851, -9.85331151005067 ] ] ] ] } },
{ "type": "Feature", "properties": { "fid": 98.0, "LAT_GD": -9.852392, "LONG_GD": -36.96288, "IMG_ANTES": "05/2021", "IMG_DEPOIS": "03/2024", "BIOMA": "Caatinga", "COD_CAR": "-", "N_IMOVEL": "-", "NM_MUN": "Traipu", "ORGAO": "-", "OPERACAO": "XIII FPI - 2024", "PERIODO": "-", "N_PROCESSO": "2024.02054627890.AINF.IMA", "DATA_AI": "2024-05-02", "MOTIVO": "DESMATAMENTO", "AI": "2024.02052910968.UC'S.AINF", "TE": "SERIE C - TALAO 0048 - FOLHA 04714", "AI_APP": "-", "TE_APP": "-", "AI_RL": "-", "TE_RL": "-", "AREA_UTM": 31.16, "AREA_UC": 0.0, "AREA_TI": 0.0, "AREA_APP": 0.0, "AREA_RL": 0.0, "FORA_UC": 0.0, "FORA_TI": 0.0, "FORA_APP": 0.0, "FORA_RL": 0.0, "SITUACAO": "EMBARGADA" }, "geometry": { "type": "MultiPolygon", "coordinates": [ [ [ [ -36.959571437958061, -9.854202370971615 ], [ -36.9622829184, -9.854705901800003 ], [ -36.962561952, -9.853093894200009 ], [ -36.965623945, -9.853266980499999 ], [ -36.965643893900001, -9.853211911400006 ], [ -36.96625795220001, -9.8532498814 ], [ -36.967981942, -9.853312913299998 ], [ -36.967992996811851, -9.85331151005067 ], [ -36.967853, -9.85296 ], [ -36.967561, -9.852262 ], [ -36.967767537635375, -9.850333332262551 ], [ -36.961547188196874, -9.851245297902029 ], [ -36.961570600557025, -9.851281933922115 ], [ -36.959591, -9.851492 ], [ -36.957767238136071, -9.851798379775442 ], [ -36.957746489657474, -9.852800061421155 ], [ -36.958078465315069, -9.852840946321676 ], [ -36.958348195536871, -9.853863067188055 ], [ -36.959302625552461, -9.853903951956831 ], [ -36.959571437958061, -9.854202370971615 ] ] ] ] } },
{ "type": "Feature", "properties": { "fid": 99.0, "LAT_GD": -9.840914, "LONG_GD": -36.97368, "IMG_ANTES": "05/2021", "IMG_DEPOIS": "03/2024", "BIOMA": "Caatinga", "COD_CAR": "-", "N_IMOVEL": "-", "NM_MUN": "Traipu", "ORGAO": "-", "OPERACAO": "XIII FPI - 2024", "PERIODO": "-", "N_PROCESSO": "2024.09054971047.AINF.IMA", "DATA_AI": "2024-05-02", "MOTIVO": "DESMATAMENTO", "AI": "2024.02051738791.UC'S.AINF", "TE": "SERIE C - TALAO 0048 - FOLHA 04712", "AI_APP": "-", "TE_APP": "-", "AI_RL": "-", "TE_RL": "-", "AREA_UTM": 6.52, "AREA_UC": 0.0, "AREA_TI": 0.0, "AREA_APP": 0.0, "AREA_RL": 0.0, "FORA_UC": 0.0, "FORA_TI": 0.0, "FORA_APP": 0.0, "FORA_RL": 0.0, "SITUACAO": "EMBARGADA" }, "geometry": { "type": "MultiPolygon", "coordinates": [ [ [ [ -36.973688819303447, -9.839678400556428 ], [ -36.971856598009062, -9.840127146300391 ], [ -36.972428506887837, -9.841204260207416 ], [ -36.972758013924448, -9.841157879929231 ], [ -36.973484210675437, -9.842425354194441 ], [ -36.974895107220235, -9.841975605818394 ], [ -36.974542383084035, -9.841321425269026 ], [ -36.975081843527626, -9.840810345813281 ], [ -36.975559058535424, -9.840708129827238 ], [ -36.97539307070663, -9.840176606189905 ], [ -36.974127413512036, -9.840258379112861 ], [ -36.973688819303447, -9.839678400556428 ] ] ] ] } },
{ "type": "Feature", "properties": { "fid": 100.0, "LAT_GD": -9.844095, "LONG_GD": -36.97094, "IMG_ANTES": "05/2021", "IMG_DEPOIS": "03/2024", "BIOMA": "Caatinga", "COD_CAR": "-", "N_IMOVEL": "FAZENDA ESPERANCA", "NM_MUN": "Traipu", "ORGAO": "-", "OPERACAO": "XIII FPI - 2024", "PERIODO": "-", "N_PROCESSO": "2024.02053924883.AINF.IMA", "DATA_AI": "2024-05-02", "MOTIVO": "DESMATAMENTO", "AI": "2024.02050601436.UC'S.AINF", "TE": "SERIE C - TALAO 0048 - FOLHA 04713", "AI_APP": "-", "TE_APP": "-", "AI_RL": "-", "TE_RL": "-", "AREA_UTM": 42.98, "AREA_UC": 0.0, "AREA_TI": 0.0, "AREA_APP": 0.0, "AREA_RL": 0.0, "FORA_UC": 0.0, "FORA_TI": 0.0, "FORA_APP": 0.0, "FORA_RL": 0.0, "SITUACAO": "EMBARGADA" }, "geometry": { "type": "MultiPolygon", "coordinates": [ [ [ [ -36.967771, -9.850301 ], [ -36.967567830878544, -9.849272028358957 ], [ -36.968595489271237, -9.848531533749862 ], [ -36.968580151086272, -9.848078168883482 ], [ -36.968212034647102, -9.847896822762566 ], [ -36.967767227283097, -9.847911934943129 ], [ -36.967690536358276, -9.847579466811208 ], [ -36.966202732416619, -9.847987495835481 ], [ -36.966018674197024, -9.847246998344426 ], [ -36.965819277792477, -9.847141212852934 ], [ -36.96577326323758, -9.846536723679852 ], [ -36.965527852278129, -9.846657621603029 ], [ -36.965236426763788, -9.847443457024362 ], [ -36.965159735838959, -9.847836374033443 ], [ -36.965313117688616, -9.848501309444814 ], [ -36.965175074023918, -9.848743103807722 ], [ -36.965175074023918, -9.84912090714511 ], [ -36.964745604844886, -9.84936270105406 ], [ -36.964592222995236, -9.849725391585315 ], [ -36.965083044914131, -9.850662340279364 ], [ -36.964033, -9.850821 ], [ -36.963273139088201, -9.850858796926198 ], [ -36.963273139088201, -9.849559158474642 ], [ -36.962782317169307, -9.849045346512224 ], [ -36.96241420073013, -9.847201661709359 ], [ -36.961769996961586, -9.84708076398544 ], [ -36.961355865967512, -9.846430937960756 ], [ -36.960650309459098, -9.846566948164799 ], [ -36.960727000383919, -9.847141212852941 ], [ -36.961432556892341, -9.849332476825126 ], [ -36.959469269216754, -9.849816064155847 ], [ -36.959467202121921, -9.849801044027467 ], [ -36.958170867687919, -9.850053676770047 ], [ -36.958410934454136, -9.850405435257009 ], [ -36.961049102268198, -9.850465883515552 ], [ -36.961547188196874, -9.851245297902029 ], [ -36.967767537635375, -9.850333332262551 ], [ -36.967771, -9.850301 ] ] ], [ [ [ -36.969705, -9.836817 ], [ -36.969179, -9.83681 ], [ -36.968674, -9.836774 ], [ -36.968158, -9.83675 ], [ -36.967656, -9.836693 ], [ -36.966949, -9.836708 ], [ -36.966672, -9.837018 ], [ -36.966654, -9.837248 ], [ -36.966555, -9.837473 ], [ -36.966828, -9.837828 ], [ -36.967293, -9.837998 ], [ -36.967443, -9.837951 ], [ -36.968129, -9.838065 ], [ -36.9685, -9.838227 ], [ -36.968674, -9.838505 ], [ -36.969009, -9.83886 ], [ -36.969977717792069, -9.83989040080016 ], [ -36.970475681278465, -9.839910844050509 ], [ -36.970973644764861, -9.840749016225445 ], [ -36.971450859772659, -9.841341868430804 ], [ -36.972428506887837, -9.841204260207416 ], [ -36.971856598009062, -9.840127146300391 ], [ -36.973688819303447, -9.839678400556428 ], [ -36.972550529138445, -9.838173163254577 ], [ -36.972593923135385, -9.838164717883366 ], [ -36.971829194685647, -9.836330577165134 ], [ -36.969705, -9.836817 ] ] ] ] } },
{ "type": "Feature", "properties": { "fid": 101.0, "LAT_GD": -9.840914, "LONG_GD": -36.97368, "IMG_ANTES": "05/2021", "IMG_DEPOIS": "03/2024", "BIOMA": "Caatinga", "COD_CAR": "-", "N_IMOVEL": "-", "NM_MUN": "Traipu", "ORGAO": "-", "OPERACAO": "XIII FPI - 2024", "PERIODO": "-", "N_PROCESSO": "2024.09054971047.AINF.IMA", "DATA_AI": "2024-05-09", "MOTIVO": "DESMATAMENTO", "AI": "SERIE A - TALAO 0021 - FOLHA 01820", "TE": "SERIE C - TALAO 0048 - FOLHA 04728", "AI_APP": "-", "TE_APP": "-", "AI_RL": "-", "TE_RL": "-", "AREA_UTM": 6.52, "AREA_UC": 0.0, "AREA_TI": 0.0, "AREA_APP": 0.0, "AREA_RL": 0.0, "FORA_UC": 0.0, "FORA_TI": 0.0, "FORA_APP": 0.0, "FORA_RL": 0.0, "SITUACAO": "EMBARGADA" }, "geometry": { "type": "MultiPolygon", "coordinates": [ [ [ [ -36.973688819303447, -9.839678400556428 ], [ -36.971856598009062, -9.840127146300391 ], [ -36.972428506887837, -9.841204260207416 ], [ -36.972758013924448, -9.841157879929231 ], [ -36.973484210675437, -9.842425354194441 ], [ -36.974895107220235, -9.841975605818394 ], [ -36.974542383084035, -9.841321425269026 ], [ -36.975081843527626, -9.840810345813281 ], [ -36.975559058535424, -9.840708129827238 ], [ -36.97539307070663, -9.840176606189905 ], [ -36.974127413512036, -9.840258379112861 ], [ -36.973688819303447, -9.839678400556428 ] ] ] ] } },
{ "type": "Feature", "properties": { "fid": 102.0, "LAT_GD": -9.80874, "LONG_GD": -37.01157, "IMG_ANTES": "05/2021", "IMG_DEPOIS": "03/2024", "BIOMA": "Caatinga", "COD_CAR": "-", "N_IMOVEL": "FAZENDA LAGOA GRANDE", "NM_MUN": "Traipu", "ORGAO": "-", "OPERACAO": "XIII FPI - 2024", "PERIODO": "-", "N_PROCESSO": "2024.01051925885.AINF.IMA", "DATA_AI": "2024-04-30", "MOTIVO": "DESMATAMENTO", "AI": "2024.01053790359.UC'S.AINF", "TE": "SERIE C - TALAO 0042 - FOLHA 04403", "AI_APP": "-", "TE_APP": "-", "AI_RL": "-", "TE_RL": "-", "AREA_UTM": 32.51, "AREA_UC": 0.0, "AREA_TI": 0.0, "AREA_APP": 0.0, "AREA_RL": 0.0, "FORA_UC": 0.0, "FORA_TI": 0.0, "FORA_APP": 0.0, "FORA_RL": 0.0, "SITUACAO": "EMBARGADA" }, "geometry": { "type": "MultiPolygon", "coordinates": [ [ [ [ -37.019058, -9.809394 ], [ -37.018762, -9.809246 ], [ -37.017896, -9.809063 ], [ -37.017361, -9.808964 ], [ -37.016947, -9.809063 ], [ -37.016857, -9.809245 ], [ -37.016783, -9.80941 ], [ -37.017398365631983, -9.809551224620831 ], [ -37.01722200356388, -9.809776120927134 ], [ -37.017076764213684, -9.809980571982242 ], [ -37.01764, -9.810378 ], [ -37.01756, -9.8106 ], [ -37.017428, -9.810843 ], [ -37.0178, -9.811044 ], [ -37.018263, -9.811306 ], [ -37.018812, -9.811509 ], [ -37.018971, -9.811257 ], [ -37.019103, -9.810644 ], [ -37.018816, -9.810496 ], [ -37.018964875766272, -9.810225913081851 ], [ -37.018472, -9.810056 ], [ -37.018397, -9.809872 ], [ -37.01831, -9.809626 ], [ -37.018558, -9.809745 ], [ -37.018822, -9.8098 ], [ -37.019145, -9.809975 ], [ -37.019502, -9.810056 ], [ -37.019501, -9.810045 ], [ -37.020935981233258, -9.810512144135132 ], [ -37.021247208412255, -9.809960126882416 ], [ -37.019058, -9.809394 ] ] ], [ [ [ -37.010489, -9.80815 ], [ -37.010369, -9.807985 ], [ -37.010311, -9.807795 ], [ -37.010216, -9.807749 ], [ -37.010139, -9.80777 ], [ -37.00993, -9.80781 ], [ -37.00970068007144, -9.807537373621249 ], [ -37.010463186659983, -9.807026241978893 ], [ -37.010338695788384, -9.806515109548366 ], [ -37.010629174488784, -9.805860858887232 ], [ -37.010151959480993, -9.805349724659786 ], [ -37.009384265772795, -9.804859035060044 ], [ -37.007745135963404, -9.804715917123319 ], [ -37.007703639006202, -9.806310656355471 ], [ -37.006023012239623, -9.805819968178039 ], [ -37.006085257675423, -9.806290211029239 ], [ -37.007184927041209, -9.807537373621244 ], [ -37.009197529465389, -9.808150730551587 ], [ -37.009322020336995, -9.808702750818389 ], [ -37.008263847928397, -9.808866312202339 ], [ -37.008803308372002, -9.809990794531686 ], [ -37.009446511208594, -9.81086993260403 ], [ -37.010048217087991, -9.810931267731334 ], [ -37.010546180574387, -9.811135718073665 ], [ -37.011396868196975, -9.811565063381925 ], [ -37.011791089290377, -9.811524173376549 ], [ -37.011915580161975, -9.811053937951872 ], [ -37.012206058862375, -9.810910822690156 ], [ -37.012745519305973, -9.811033492918272 ], [ -37.012911507134767, -9.811360613304533 ], [ -37.012787016263168, -9.812014853108108 ], [ -37.014218661286563, -9.812525977055676 ], [ -37.013969679543358, -9.810563256797199 ], [ -37.013471716056962, -9.810133910190785 ], [ -37.013098243442165, -9.809909014127316 ], [ -37.013139740399367, -9.809377441006886 ], [ -37.012828513220363, -9.809479666673187 ], [ -37.012621028434367, -9.809806788593445 ], [ -37.012558782998568, -9.810215690539657 ], [ -37.011545, -9.809981 ], [ -37.011275, -9.809951 ], [ -37.011083, -9.80985 ], [ -37.010791, -9.809623 ], [ -37.011152, -9.809657 ], [ -37.01112, -9.809375 ], [ -37.011181, -9.809235 ], [ -37.012024509674625, -9.809469444107982 ], [ -37.012698835229124, -9.809040096084331 ], [ -37.012543221639625, -9.80879475410679 ], [ -37.012014135435329, -9.808825421863924 ], [ -37.011547294666833, -9.807956500979795 ], [ -37.010675858565634, -9.808344960009562 ], [ -37.010446, -9.808338 ], [ -37.010489, -9.80815 ] ] ] ] } },
{ "type": "Feature", "properties": { "fid": 103.0, "LAT_GD": -9.943032, "LONG_GD": -36.96489, "IMG_ANTES": "05/2021", "IMG_DEPOIS": "03/2024", "BIOMA": "Caatinga", "COD_CAR": "-", "N_IMOVEL": "-", "NM_MUN": "Traipu", "ORGAO": "-", "OPERACAO": "XIII FPI - 2024", "PERIODO": "-", "N_PROCESSO": "2024.03052908367.AINF.IMA", "DATA_AI": "2024-05-03", "MOTIVO": "DESMATAMENTO", "AI": "2024.03055468063.UC'S.AINF", "TE": "SERIE C - TALAO 0048 - FOLHA 04720", "AI_APP": "-", "TE_APP": "-", "AI_RL": "-", "TE_RL": "-", "AREA_UTM": 19.72, "AREA_UC": 0.0, "AREA_TI": 0.0, "AREA_APP": 0.0, "AREA_RL": 0.0, "FORA_UC": 0.0, "FORA_TI": 0.0, "FORA_APP": 0.0, "FORA_RL": 0.0, "SITUACAO": "EMBARGADA" }, "geometry": { "type": "MultiPolygon", "coordinates": [ [ [ [ -36.94518868213882, -9.95093538192339 ], [ -36.945852269000547, -9.951696795915241 ], [ -36.947165760520662, -9.95069954537113 ], [ -36.947022097385656, -9.9497427210406 ], [ -36.946324305015601, -9.949527098269245 ], [ -36.945818063492219, -9.950295253742478 ], [ -36.94488767366547, -9.950456970453994 ], [ -36.944737169428784, -9.949837055958309 ], [ -36.941891271135205, -9.950537828779719 ], [ -36.942684838928606, -9.952208896362521 ], [ -36.942772719208698, -9.952168878446312 ], [ -36.94518868213882, -9.95093538192339 ] ] ], [ [ [ -36.963423, -9.93667 ], [ -36.963498, -9.936966 ], [ -36.963946982910514, -9.937532857519992 ], [ -36.962961864270426, -9.937829349674962 ], [ -36.962729266813739, -9.938489717599428 ], [ -36.962441940543712, -9.93904226932777 ], [ -36.962346165120366, -9.939325283266042 ], [ -36.962619809187053, -9.939621773795771 ], [ -36.962934499863756, -9.939675681135929 ], [ -36.963946982910514, -9.939177037900352 ], [ -36.964480588840559, -9.938867070100372 ], [ -36.964945783753933, -9.938368425631644 ], [ -36.966491872730735, -9.937573288284213 ], [ -36.966139, -9.936816 ], [ -36.965865, -9.936151 ], [ -36.965657, -9.93562 ], [ -36.963344965963799, -9.935403496873407 ], [ -36.963423, -9.93667 ] ] ] ] } },
{ "type": "Feature", "properties": { "fid": 104.0, "LAT_GD": -9.827748, "LONG_GD": -36.97745, "IMG_ANTES": "08/2022", "IMG_DEPOIS": "03/2024", "BIOMA": "Caatinga", "COD_CAR": "-", "N_IMOVEL": "-", "NM_MUN": "Traipu", "ORGAO": "-", "OPERACAO": "XIII FPI - 2024", "PERIODO": "-", "N_PROCESSO": "2024.01051401013.AINF.IMA", "DATA_AI": "2024-04-30", "MOTIVO": "DESMATAMENTO", "AI": "SERIE A - TALAO 0021 - FOLHA 01808", "TE": "SERIE C - TALAO 0048 - FOLHA 04706", "AI_APP": "-", "TE_APP": "-", "AI_RL": "-", "TE_RL": "-", "AREA_UTM": 47.48, "AREA_UC": 0.0, "AREA_TI": 0.0, "AREA_APP": 0.0, "AREA_RL": 0.0, "FORA_UC": 0.0, "FORA_TI": 0.0, "FORA_APP": 0.0, "FORA_RL": 0.0, "SITUACAO": "EMBARGADA" }, "geometry": { "type": "MultiPolygon", "coordinates": [ [ [ [ -36.981877155960277, -9.826001957087675 ], [ -36.981105805215499, -9.825936651086593 ], [ -36.981124553570559, -9.825953850200708 ], [ -36.977378194748027, -9.825621030191467 ], [ -36.975282937916205, -9.825110646120976 ], [ -36.972092595443378, -9.824989740314997 ], [ -36.971233657085307, -9.825473363273797 ], [ -36.971018922495794, -9.825805853647854 ], [ -36.97081952609124, -9.826077890978077 ], [ -36.970650806056618, -9.827135811802314 ], [ -36.972215300923104, -9.827075359274936 ], [ -36.972660108287101, -9.82749852673458 ], [ -36.973350326610557, -9.827543866073157 ], [ -36.974669410517585, -9.827166038061863 ], [ -36.974592719592756, -9.82710558554 ], [ -36.973764457604624, -9.827090472407814 ], [ -36.97428595589345, -9.826833549054925 ], [ -36.974991512401871, -9.826349928084603 ], [ -36.975528348875656, -9.825926759155582 ], [ -36.976341272678823, -9.825609382103568 ], [ -36.976847432782698, -9.825548929297243 ], [ -36.977092843742135, -9.825745400877432 ], [ -36.977154196481997, -9.826546399189079 ], [ -36.976586683638281, -9.826652191273917 ], [ -36.976095861719386, -9.826803322764988 ], [ -36.975374967026006, -9.827196264318648 ], [ -36.975175570621445, -9.827967032933417 ], [ -36.97471734234567, -9.82813894431575 ], [ -36.974855386010361, -9.828970162925778 ], [ -36.9755916188887, -9.828864371582346 ], [ -36.975806353478227, -9.829484006112486 ], [ -36.975806353673832, -9.830416546599707 ], [ -36.982060354187873, -9.830716327382788 ], [ -36.98203146197929, -9.829972809353755 ], [ -36.981877155960277, -9.826001957087675 ] ] ] ] } },
{ "type": "Feature", "properties": { "fid": 105.0, "LAT_GD": -9.872308, "LONG_GD": -36.95351, "IMG_ANTES": "09/2020", "IMG_DEPOIS": "03/2024", "BIOMA": "Caatinga", "COD_CAR": "-", "N_IMOVEL": "-", "NM_MUN": "Traipu", "ORGAO": "-", "OPERACAO": "XIII FPI - 2024", "PERIODO": "-", "N_PROCESSO": "2024.05073263247.AINF.IMA", "DATA_AI": "2024-05-03", "MOTIVO": "DESMATAMENTO", "AI": "SERIE A - TALAO 0013 - FOLHA 00606", "TE": "SERIE C - TALAO 0042 - FOLHA 04407", "AI_APP": "-", "TE_APP": "-", "AI_RL": "-", "TE_RL": "-", "AREA_UTM": 4.76, "AREA_UC": 0.0, "AREA_TI": 0.0, "AREA_APP": 0.0, "AREA_RL": 0.0, "FORA_UC": 0.0, "FORA_TI": 0.0, "FORA_APP": 0.0, "FORA_RL": 0.0, "SITUACAO": "EMBARGADA" }, "geometry": { "type": "MultiPolygon", "coordinates": [ [ [ [ -36.954496721323181, -9.873160591804961 ], [ -36.954324855824616, -9.870921463574197 ], [ -36.953420723590455, -9.871109418479648 ], [ -36.953450035841534, -9.871542592835583 ], [ -36.952321514175274, -9.87175917979984 ], [ -36.952367557103713, -9.871883751989541 ], [ -36.952457471346747, -9.872432232497722 ], [ -36.95251600090463, -9.872918515218881 ], [ -36.952516944530792, -9.873332704138488 ], [ -36.952516139109981, -9.87335296585985 ], [ -36.953743158352246, -9.873361918907021 ], [ -36.954496721323181, -9.873160591804961 ] ] ] ] } },
{ "type": "Feature", "properties": { "fid": 106.0, "LAT_GD": -9.834566, "LONG_GD": -36.95243, "IMG_ANTES": "05/2021", "IMG_DEPOIS": "03/2024", "BIOMA": "Caatinga", "COD_CAR": "-", "N_IMOVEL": "-", "NM_MUN": "Traipu", "ORGAO": "-", "OPERACAO": "XIII FPI - 2024", "PERIODO": "-", "N_PROCESSO": "2024.03052106238.AINF.IMA", "DATA_AI": "2024-05-02", "MOTIVO": "DESMATAMENTO", "AI": "SERIE A - TALAO 0021 - FOLHA 01811", "TE": "SERIE C - TALAO 0048 - FOLHA 04711", "AI_APP": "-", "TE_APP": "-", "AI_RL": "-", "TE_RL": "-", "AREA_UTM": 61.15, "AREA_UC": 0.0, "AREA_TI": 0.0, "AREA_APP": 0.0, "AREA_RL": 0.0, "FORA_UC": 0.0, "FORA_TI": 0.0, "FORA_APP": 0.0, "FORA_RL": 0.0, "SITUACAO": "EMBARGADA" }, "geometry": { "type": "MultiPolygon", "coordinates": [ [ [ [ -36.957590876067968, -9.834513782045118 ], [ -36.957964348682772, -9.835638177232118 ], [ -36.960703147857949, -9.835065758342193 ], [ -36.960163687414351, -9.833696037688377 ], [ -36.958524557604967, -9.834186684545193 ], [ -36.957051415624377, -9.831324567614175 ], [ -36.952963965340203, -9.831815217990735 ], [ -36.948897263534633, -9.833246277429845 ], [ -36.948088072869247, -9.83422757175039 ], [ -36.944768316293271, -9.83604704726077 ], [ -36.947922085040446, -9.838132276537561 ], [ -36.957590876067968, -9.834513782045118 ] ] ] ] } },
{ "type": "Feature", "properties": { "fid": 107.0, "LAT_GD": -9.753318, "LONG_GD": -36.90901, "IMG_ANTES": "08/2021", "IMG_DEPOIS": "03/2024", "BIOMA": "Caatinga", "COD_CAR": "-", "N_IMOVEL": "FAZENDA BALANCA", "NM_MUN": "Traipu", "ORGAO": "-", "OPERACAO": "XIII FPI - 2024", "PERIODO": "-", "N_PROCESSO": "2024.03052380767.AINF.IMA", "DATA_AI": "2024-05-03", "MOTIVO": "DESMATAMENTO", "AI": "SERIE A - TALAO 0021 - FOLHA 01813", "TE": "SERIE C - TALAO 0048 - FOLHA 04717", "AI_APP": "-", "TE_APP": "-", "AI_RL": "-", "TE_RL": "-", "AREA_UTM": 46.01, "AREA_UC": 0.0, "AREA_TI": 0.0, "AREA_APP": 0.0, "AREA_RL": 0.0, "FORA_UC": 0.0, "FORA_TI": 0.0, "FORA_APP": 0.0, "FORA_RL": 0.0, "SITUACAO": "EMBARGADA" }, "geometry": { "type": "MultiPolygon", "coordinates": [ [ [ [ -36.911035, -9.749653 ], [ -36.910638, -9.749864 ], [ -36.910198, -9.750086 ], [ -36.909342, -9.750499 ], [ -36.908439, -9.7509 ], [ -36.907516, -9.751355 ], [ -36.906496, -9.751884 ], [ -36.906067, -9.752074 ], [ -36.905756, -9.75218 ], [ -36.904983, -9.752508 ], [ -36.904704, -9.752804 ], [ -36.904704, -9.753184 ], [ -36.905928, -9.757202 ], [ -36.914138, -9.753396 ], [ -36.913998, -9.752983 ], [ -36.913815, -9.752835 ], [ -36.913697, -9.752793 ], [ -36.913504, -9.752486 ], [ -36.913246, -9.752296 ], [ -36.913031, -9.752222 ], [ -36.912913, -9.751968 ], [ -36.912859, -9.751683 ], [ -36.912849, -9.751535 ], [ -36.912784, -9.751313 ], [ -36.91258, -9.751334 ], [ -36.91243, -9.751218 ], [ -36.912258, -9.751091 ], [ -36.912119, -9.750816 ], [ -36.912044, -9.750699 ], [ -36.91184, -9.750615 ], [ -36.91169, -9.750477 ], [ -36.911679, -9.750255 ], [ -36.911454, -9.75015 ], [ -36.911346, -9.749959 ], [ -36.911239, -9.749854 ], [ -36.911035, -9.749653 ] ] ] ] } },
{ "type": "Feature", "properties": { "fid": 108.0, "LAT_GD": -9.802436, "LONG_GD": -37.01832, "IMG_ANTES": "05/2021", "IMG_DEPOIS": "03/2024", "BIOMA": "Caatinga", "COD_CAR": "-", "N_IMOVEL": "FAZENDA BOA SORTE", "NM_MUN": "Traipu", "ORGAO": "-", "OPERACAO": "XIII FPI - 2024", "PERIODO": "-", "N_PROCESSO": "2024.01051961986.AINF.IMA", "DATA_AI": "2024-04-30", "MOTIVO": "DESMATAMENTO", "AI": "SERIE A - TALAO 0013 - FOLHA 00602", "TE": "SERIE C - TALAO 0042 - FOLHA 04402", "AI_APP": "-", "TE_APP": "-", "AI_RL": "-", "TE_RL": "-", "AREA_UTM": 11.36, "AREA_UC": 0.0, "AREA_TI": 0.0, "AREA_APP": 0.0, "AREA_RL": 0.0, "FORA_UC": 0.0, "FORA_TI": 0.0, "FORA_APP": 0.0, "FORA_RL": 0.0, "SITUACAO": "EMBARGADA" }, "geometry": { "type": "MultiPolygon", "coordinates": [ [ [ [ -37.019691072517269, -9.800585915766671 ], [ -37.016869279427688, -9.800279230446222 ], [ -37.016807033991888, -9.802855378324187 ], [ -37.017678470093088, -9.802364685033083 ], [ -37.018114188143684, -9.803039388121148 ], [ -37.01780296096468, -9.803570971405478 ], [ -37.01751248226428, -9.803938990103095 ], [ -37.017304997478284, -9.804654580845803 ], [ -37.017636973135886, -9.804715917123305 ], [ -37.018093439665073, -9.804491017383633 ], [ -37.018778139458874, -9.804838589644289 ], [ -37.019379845338264, -9.804981707528055 ], [ -37.019711820995866, -9.804736362546628 ], [ -37.019836311867472, -9.804429681064509 ], [ -37.019836311867472, -9.803918544630601 ], [ -37.019255354466672, -9.803427852912764 ], [ -37.019027121202065, -9.802794041702503 ], [ -37.018881881851868, -9.801914882211758 ], [ -37.019608078602872, -9.801771763004309 ], [ -37.019691072517269, -9.800585915766671 ] ] ] ] } },
{ "type": "Feature", "properties": { "fid": 109.0, "LAT_GD": -9.805734, "LONG_GD": -37.02216, "IMG_ANTES": "05/2021", "IMG_DEPOIS": "03/2024", "BIOMA": "Caatinga", "COD_CAR": "-", "N_IMOVEL": "FAZENDA SANTA MARIA", "NM_MUN": "Traipu", "ORGAO": "-", "OPERACAO": "XIII FPI - 2024", "PERIODO": "-", "N_PROCESSO": "2024.01053888930.AINF.IMA", "DATA_AI": "2024-04-30", "MOTIVO": "DESMATAMENTO", "AI": "SERIE A - TALAO 0013 - FOLHA 00601", "TE": "SERIE C - TALAO 0042 - FOLHA 04401", "AI_APP": "-", "TE_APP": "-", "AI_RL": "-", "TE_RL": "-", "AREA_UTM": 13.95, "AREA_UC": 0.0, "AREA_TI": 0.0, "AREA_APP": 0.0, "AREA_RL": 0.0, "FORA_UC": 0.0, "FORA_TI": 0.0, "FORA_APP": 0.0, "FORA_RL": 0.0, "SITUACAO": "EMBARGADA" }, "geometry": { "type": "MultiPolygon", "coordinates": [ [ [ [ -37.021781, -9.803105 ], [ -37.020454, -9.803833 ], [ -37.020134, -9.803818 ], [ -37.020153, -9.803996 ], [ -37.021052, -9.805164 ], [ -37.021143466019268, -9.805584846502294 ], [ -37.021060472104871, -9.80795650097979 ], [ -37.023446547143855, -9.808406295604227 ], [ -37.023010829093259, -9.806055089687012 ], [ -37.024214240852046, -9.806034644345035 ], [ -37.023073, -9.803842 ], [ -37.02252, -9.803962 ], [ -37.02232, -9.803842 ], [ -37.021781, -9.803105 ] ] ] ] } },
{ "type": "Feature", "properties": { "fid": 110.0, "LAT_GD": -9.837175, "LONG_GD": -36.97346, "IMG_ANTES": "05/2021", "IMG_DEPOIS": "03/2024", "BIOMA": "Caatinga", "COD_CAR": "-", "N_IMOVEL": "-", "NM_MUN": "Traipu", "ORGAO": "-", "OPERACAO": "XIII FPI - 2024", "PERIODO": "-", "N_PROCESSO": "2024.03050902656.AINF.IMA", "DATA_AI": "2024-05-02", "MOTIVO": "DESMATAMENTO", "AI": "SERIE A - TALAO 0021 - FOLHA 01810", "TE": "SERIE C - TALAO 0048 - FOLHA 04710", "AI_APP": "-", "TE_APP": "-", "AI_RL": "-", "TE_RL": "-", "AREA_UTM": 5.24, "AREA_UC": 0.0, "AREA_TI": 0.0, "AREA_APP": 0.0, "AREA_RL": 0.0, "FORA_UC": 0.0, "FORA_TI": 0.0, "FORA_APP": 0.0, "FORA_RL": 0.0, "SITUACAO": "EMBARGADA" }, "geometry": { "type": "MultiPolygon", "coordinates": [ [ [ [ -36.971829194685647, -9.836330577165134 ], [ -36.972593923135385, -9.838164717883366 ], [ -36.975911782671616, -9.837518975175106 ], [ -36.97279951088165, -9.836108377721423 ], [ -36.971829194685647, -9.836330577165134 ] ] ] ] } },
{ "type": "Feature", "properties": { "fid": 111.0, "LAT_GD": -9.789701, "LONG_GD": -36.94711, "IMG_ANTES": "05/2021", "IMG_DEPOIS": "03/2024", "BIOMA": "Caatinga", "COD_CAR": "-", "N_IMOVEL": "-", "NM_MUN": "Traipu", "ORGAO": "-", "OPERACAO": "XIII FPI - 2024", "PERIODO": "-", "N_PROCESSO": "2024.30044090871.AINF.IMA", "DATA_AI": "2024-04-30", "MOTIVO": "DESMATAMENTO", "AI": "2024.30040663672.UC'S.AINF", "TE": "SERIE C - TALAO 0048 - FOLHA 04709", "AI_APP": "-", "TE_APP": "-", "AI_RL": "-", "TE_RL": "-", "AREA_UTM": 11.0, "AREA_UC": 0.0, "AREA_TI": 0.0, "AREA_APP": 0.0, "AREA_RL": 0.0, "FORA_UC": 0.0, "FORA_TI": 0.0, "FORA_APP": 0.0, "FORA_RL": 0.0, "SITUACAO": "EMBARGADA" }, "geometry": { "type": "MultiPolygon", "coordinates": [ [ [ [ -36.949234329050846, -9.790082793291898 ], [ -36.947864567332118, -9.788345097175213 ], [ -36.948717721748835, -9.789538395247757 ], [ -36.94757468115813, -9.79004025479842 ], [ -36.947076722880986, -9.78929304141362 ], [ -36.94661271630455, -9.788880400465562 ], [ -36.947652521422121, -9.78807609141162 ], [ -36.946872574439197, -9.787086630658509 ], [ -36.946856537379425, -9.787068588776457 ], [ -36.94595631675741, -9.787609017023771 ], [ -36.944711421064554, -9.788144336960887 ], [ -36.946386371633125, -9.790240998406295 ], [ -36.947088040114544, -9.791289324164506 ], [ -36.948491377077403, -9.792783740267343 ], [ -36.948966700887397, -9.791757723965318 ], [ -36.948213, -9.791259 ], [ -36.949170411091686, -9.79015177903999 ], [ -36.949234329050846, -9.790082793291898 ] ] ] ] } },
{ "type": "Feature", "properties": { "fid": 112.0, "LAT_GD": -9.83113, "LONG_GD": -36.96853, "IMG_ANTES": "08/2022", "IMG_DEPOIS": "03/2024", "BIOMA": "Caatinga", "COD_CAR": "-", "N_IMOVEL": "-", "NM_MUN": "Traipu", "ORGAO": "-", "OPERACAO": "XIII FPI - 2024", "PERIODO": "-", "N_PROCESSO": "2024.06062814247.AINF.IMA", "DATA_AI": "2024-05-03", "MOTIVO": "DESMATAMENTO", "AI": "SERIE A - TALAO 0013 - FOLHA 00607", "TE": "SERIE C - TALAO 0042 - FOLHA 04409", "AI_APP": "-", "TE_APP": "-", "AI_RL": "-", "TE_RL": "-", "AREA_UTM": 15.86, "AREA_UC": 0.0, "AREA_TI": 0.0, "AREA_APP": 0.0, "AREA_RL": 0.0, "FORA_UC": 0.0, "FORA_TI": 0.0, "FORA_APP": 0.0, "FORA_RL": 0.0, "SITUACAO": "EMBARGADA" }, "geometry": { "type": "MultiPolygon", "coordinates": [ [ [ [ -36.968012638242548, -9.834446707849068 ], [ -36.969853220438409, -9.832451812717181 ], [ -36.970267351432476, -9.831862409578896 ], [ -36.970436071467098, -9.831439247703404 ], [ -36.970574115131782, -9.829504786518669 ], [ -36.967767227283097, -9.829686142735492 ], [ -36.967675198173303, -9.828809586766182 ], [ -36.9673224199191, -9.82846198634191 ], [ -36.966371452451234, -9.828265516375284 ], [ -36.96695430347993, -9.83047201852569 ], [ -36.968012638242548, -9.834446707849068 ] ] ] ] } },
{ "type": "Feature", "properties": { "fid": 113.0, "LAT_GD": -9.799667, "LONG_GD": -36.93536, "IMG_ANTES": "05/2021", "IMG_DEPOIS": "03/2024", "BIOMA": "Caatinga", "COD_CAR": "-", "N_IMOVEL": "-", "NM_MUN": "Traipu", "ORGAO": "-", "OPERACAO": "XIII FPI - 2024", "PERIODO": "-", "N_PROCESSO": "2024.30043801338.AINF.IMA", "DATA_AI": "2024-04-30", "MOTIVO": "DESMATAMENTO", "AI": "2024.30045091561.UC'S.AINF", "TE": "SERIE C - TALAO 0048 - FOLHA 04708", "AI_APP": "-", "TE_APP": "-", "AI_RL": "-", "TE_RL": "-", "AREA_UTM": 26.61, "AREA_UC": 0.0, "AREA_TI": 0.0, "AREA_APP": 0.0, "AREA_RL": 0.0, "FORA_UC": 0.0, "FORA_TI": 0.0, "FORA_APP": 0.0, "FORA_RL": 0.0, "SITUACAO": "EMBARGADA" }, "geometry": { "type": "MultiPolygon", "coordinates": [ [ [ [ -36.93837, -9.800853 ], [ -36.936747, -9.796583 ], [ -36.936318, -9.796957 ], [ -36.935844, -9.797164 ], [ -36.93534, -9.797422 ], [ -36.934782, -9.797631 ], [ -36.934147, -9.797623 ], [ -36.932705, -9.798424 ], [ -36.932387, -9.798121 ], [ -36.931632, -9.798307 ], [ -36.931671, -9.798376 ], [ -36.931662, -9.798469 ], [ -36.931795, -9.798578 ], [ -36.935039, -9.802797 ], [ -36.93837, -9.800853 ] ] ] ] } },
{ "type": "Feature", "properties": { "fid": 114.0, "LAT_GD": -9.872958, "LONG_GD": -37.06542, "IMG_ANTES": "09/2020", "IMG_DEPOIS": "03/2024", "BIOMA": "Caatinga", "COD_CAR": "-", "N_IMOVEL": "-", "NM_MUN": "Traipu", "ORGAO": "-", "OPERACAO": "XIII FPI - 2024", "PERIODO": "-", "N_PROCESSO": "2024.04075547475.AINF.IMA", "DATA_AI": "2024-05-03", "MOTIVO": "DESMATAMENTO", "AI": "SERIE A - TALAO 0013 - FOLHA 00603", "TE": "SERIE C - TALAO 0042 - FOLHA 04404", "AI_APP": "-", "TE_APP": "-", "AI_RL": "-", "TE_RL": "-", "AREA_UTM": 13.54, "AREA_UC": 0.0, "AREA_TI": 0.0, "AREA_APP": 0.0, "AREA_RL": 0.0, "FORA_UC": 0.0, "FORA_TI": 0.0, "FORA_APP": 0.0, "FORA_RL": 0.0, "SITUACAO": "EMBARGADA" }, "geometry": { "type": "MultiPolygon", "coordinates": [ [ [ [ -37.069100549902444, -9.87159347848112 ], [ -37.066814, -9.872181 ], [ -37.0666, -9.872192 ], [ -37.066428, -9.872261 ], [ -37.066315, -9.87235 ], [ -37.066074, -9.872361 ], [ -37.065923, -9.872419 ], [ -37.065843, -9.872488 ], [ -37.065811, -9.872562 ], [ -37.065735, -9.872625 ], [ -37.065558, -9.872673 ], [ -37.065376, -9.872594 ], [ -37.065194, -9.872551 ], [ -37.065065, -9.872409 ], [ -37.064947, -9.872377 ], [ -37.064839, -9.872377 ], [ -37.064528, -9.872202 ], [ -37.064367, -9.872155 ], [ -37.064185, -9.872113 ], [ -37.064104, -9.872123 ], [ -37.063954, -9.872197 ], [ -37.063868, -9.872245 ], [ -37.063664, -9.872282 ], [ -37.063541, -9.87234 ], [ -37.06346, -9.872419 ], [ -37.063353, -9.872498 ], [ -37.062983, -9.872546 ], [ -37.062462, -9.872631 ], [ -37.062071, -9.872636 ], [ -37.061835, -9.872514 ], [ -37.061711, -9.872509 ], [ -37.061647, -9.872467 ], [ -37.061411, -9.872472 ], [ -37.061304, -9.872514 ], [ -37.061293, -9.872604 ], [ -37.061239, -9.872689 ], [ -37.061321, -9.872969 ], [ -37.061461417241766, -9.873433169823631 ], [ -37.061993327219625, -9.873801106858467 ], [ -37.064505753072467, -9.873879154055405 ], [ -37.067086082326739, -9.873734209246352 ], [ -37.068183853983165, -9.873522366718333 ], [ -37.069406115208871, -9.872273607993359 ], [ -37.069100549902444, -9.87159347848112 ] ] ] ] } },
{ "type": "Feature", "properties": { "fid": 115.0, "LAT_GD": -9.827224, "LONG_GD": -37.07276, "IMG_ANTES": "08/2021", "IMG_DEPOIS": "03/2024", "BIOMA": "Caatinga", "COD_CAR": "-", "N_IMOVEL": "-", "NM_MUN": "Belo Monte", "ORGAO": "-", "OPERACAO": "XIII FPI - 2024", "PERIODO": "-", "N_PROCESSO": "2024.18063926156.AINF.IMA", "DATA_AI": "2024-05-03", "MOTIVO": "DESMATAMENTO", "AI": "SERIE A - TALAO 0013 - FOLHA 00604", "TE": "SERIE C - TALAO 0042 - FOLHA 04405", "AI_APP": "-", "TE_APP": "-", "AI_RL": "-", "TE_RL": "-", "AREA_UTM": 12.87, "AREA_UC": 0.0, "AREA_TI": 0.0, "AREA_APP": 0.0, "AREA_RL": 0.0, "FORA_UC": 0.0, "FORA_TI": 0.0, "FORA_APP": 0.0, "FORA_RL": 0.0, "SITUACAO": "EMBARGADA" }, "geometry": { "type": "MultiPolygon", "coordinates": [ [ [ [ -37.07157868025417, -9.826590689173045 ], [ -37.07075131999752, -9.826664800245471 ], [ -37.071638851909206, -9.829199388927318 ], [ -37.072511340907106, -9.82912527842282 ], [ -37.073098014543646, -9.828710259290713 ], [ -37.073789988576479, -9.828665792924234 ], [ -37.074527091350582, -9.82878436988822 ], [ -37.074346576385501, -9.826961244369135 ], [ -37.073865203145274, -9.825152931082554 ], [ -37.073113057457405, -9.825301153854992 ], [ -37.071458336944112, -9.825686532752551 ], [ -37.07157868025417, -9.826590689173045 ] ] ] ] } },
{ "type": "Feature", "properties": { "fid": 116.0, "LAT_GD": -9.796246, "LONG_GD": -36.94951, "IMG_ANTES": "05/2021", "IMG_DEPOIS": "03/2024", "BIOMA": "Caatinga", "COD_CAR": "-", "N_IMOVEL": "-", "NM_MUN": "Traipu", "ORGAO": "-", "OPERACAO": "XIII FPI - 2024", "PERIODO": "-", "N_PROCESSO": "2024.01055768174.AINF.IMA", "DATA_AI": "2024-04-30", "MOTIVO": "DESMATAMENTO", "AI": "SERIE A - TALAO 0021 - FOLHA 01807", "TE": "SERIE C - TALAO 0048 - FOLHA 04705", "AI_APP": "-", "TE_APP": "-", "AI_RL": "-", "TE_RL": "-", "AREA_UTM": 18.68, "AREA_UC": 0.0, "AREA_TI": 0.0, "AREA_APP": 0.0, "AREA_RL": 0.0, "FORA_UC": 0.0, "FORA_TI": 0.0, "FORA_APP": 0.0, "FORA_RL": 0.0, "SITUACAO": "EMBARGADA" }, "geometry": { "type": "MultiPolygon", "coordinates": [ [ [ [ -36.94857059771239, -9.797724187403363 ], [ -36.949306217894531, -9.79766842655941 ], [ -36.950913265061672, -9.797568057016671 ], [ -36.952305284790953, -9.797545752669711 ], [ -36.952678753498809, -9.795181483390074 ], [ -36.951332002703815, -9.795181483390088 ], [ -36.950245548280961, -9.794958438248909 ], [ -36.94935148682881, -9.794846915622115 ], [ -36.947574681158102, -9.794411977019545 ], [ -36.946092123560256, -9.797322709117699 ], [ -36.947393605420963, -9.797322709117694 ], [ -36.947972, -9.797502 ], [ -36.948208446238098, -9.797601513534282 ], [ -36.94857059771239, -9.797724187403363 ] ] ] ] } },
{ "type": "Feature", "properties": { "fid": 117.0, "LAT_GD": -9.876371, "LONG_GD": -37.05606, "IMG_ANTES": "09/2020", "IMG_DEPOIS": "03/2024", "BIOMA": "Caatinga", "COD_CAR": "-", "N_IMOVEL": "-", "NM_MUN": "Traipu", "ORGAO": "-", "OPERACAO": "XIII FPI - 2024", "PERIODO": "-", "N_PROCESSO": "2024.05073034868.AINF.IMA", "DATA_AI": "2024-05-03", "MOTIVO": "DESMATAMENTO", "AI": "SERIE A - TALAO 0013 - FOLHA 00605", "TE": "SERIE C - TALAO 0042 - FOLHA 04406", "AI_APP": "-", "TE_APP": "-", "AI_RL": "-", "TE_RL": "-", "AREA_UTM": 4.83, "AREA_UC": 0.0, "AREA_TI": 0.0, "AREA_APP": 0.0, "AREA_RL": 0.0, "FORA_UC": 0.0, "FORA_TI": 0.0, "FORA_APP": 0.0, "FORA_RL": 0.0, "SITUACAO": "EMBARGADA" }, "geometry": { "type": "MultiPolygon", "coordinates": [ [ [ [ -37.055899767779501, -9.875715732668244 ], [ -37.055479420791805, -9.875618522416755 ], [ -37.055451966215379, -9.875311874311354 ], [ -37.055327476646092, -9.875501416601843 ], [ -37.055033228573237, -9.875546014771984 ], [ -37.054546587529664, -9.875378771602824 ], [ -37.054501375038804, -9.87536793697411 ], [ -37.054501035770542, -9.875371060561367 ], [ -37.05445418824462, -9.876671012756667 ], [ -37.054493, -9.876748 ], [ -37.054686, -9.876773 ], [ -37.055133, -9.876849 ], [ -37.055682, -9.876934 ], [ -37.055807, -9.876936 ], [ -37.056048, -9.876957 ], [ -37.056399, -9.877018 ], [ -37.056536, -9.877012 ], [ -37.056717, -9.877045 ], [ -37.057012, -9.877075 ], [ -37.057890830050006, -9.877207292303909 ], [ -37.057897, -9.876498 ], [ -37.057957, -9.876384 ], [ -37.057952, -9.876283 ], [ -37.057819, -9.876274 ], [ -37.057618, -9.876241 ], [ -37.057489, -9.876169 ], [ -37.057389, -9.876146 ], [ -37.057368, -9.876251 ], [ -37.057053354765713, -9.876097916627248 ], [ -37.057001292425909, -9.876025029665183 ], [ -37.056673464041829, -9.875936077071522 ], [ -37.056262468574488, -9.875846464410943 ], [ -37.055899767779501, -9.875715732668244 ] ] ] ] } },
{ "type": "Feature", "properties": { "fid": 118.0, "LAT_GD": -9.06775, "LONG_GD": -36.02999, "IMG_ANTES": "11/2018", "IMG_DEPOIS": "08/2023", "BIOMA": "Mata Atlântica", "COD_CAR": "AL-2709301-38DB8FB18E854BC289D07527CAA16371", "N_IMOVEL": "-", "NM_MUN": "União dos Palmares", "ORGAO": "-", "OPERACAO": "-", "PERIODO": "-", "N_PROCESSO": "2023.26091511648.AINF.IMA", "DATA_AI": "2023-09-26", "MOTIVO": "DESMATAMENTO", "AI": "2023.30093572777.UC'S.AINF", "TE": "SERIE C - TALAO 0045 - FOLHA 02710", "AI_APP": "-", "TE_APP": "-", "AI_RL": "-", "TE_RL": "-", "AREA_UTM": 3.72, "AREA_UC": 0.0, "AREA_TI": 0.0, "AREA_APP": 0.0, "AREA_RL": 0.0, "FORA_UC": 0.0, "FORA_TI": 0.0, "FORA_APP": 0.0, "FORA_RL": 0.0, "SITUACAO": "EMBARGADA" }, "geometry": { "type": "MultiPolygon", "coordinates": [ [ [ [ -36.028875635030403, -9.068195800034321 ], [ -36.029032219206201, -9.068514382583651 ], [ -36.029287125763901, -9.06852437891925 ], [ -36.029363472393598, -9.068510773165491 ], [ -36.0298080580896, -9.068431725026249 ], [ -36.030556158874703, -9.06839813795796 ], [ -36.030922997775001, -9.06858853076281 ], [ -36.031015932468399, -9.068592175260591 ], [ -36.031048819695499, -9.06804624729009 ], [ -36.031043429537597, -9.067627998979249 ], [ -36.031074841954201, -9.067614277796 ], [ -36.031113703388897, -9.06696917798067 ], [ -36.029999114895503, -9.067145165637539 ], [ -36.030020128684903, -9.06702748841677 ], [ -36.029748916625998, -9.06707212561051 ], [ -36.028969292127698, -9.066947038737061 ], [ -36.028875635030403, -9.068195800034321 ] ] ] ] } },
{ "type": "Feature", "properties": { "fid": 119.0, "LAT_GD": -9.089673, "LONG_GD": -36.03916, "IMG_ANTES": "01/2023", "IMG_DEPOIS": "02/2023", "BIOMA": "Mata Atlântica", "COD_CAR": "AL-2709301-D74774976AC34403B21E414C460412C3", "N_IMOVEL": "FAZENDA PINDOBA", "NM_MUN": "União dos Palmares", "ORGAO": "-", "OPERACAO": "-", "PERIODO": "-", "N_PROCESSO": "2023.26093767273.AINF.IMA", "DATA_AI": "2023-10-26", "MOTIVO": "DESMATAMENTO", "AI": "2023.02100021115.UC'S.AINF", "TE": "SERIE C - TALAO 0045 - FOLHA 02219", "AI_APP": "-", "TE_APP": "-", "AI_RL": "-", "TE_RL": "-", "AREA_UTM": 0.96, "AREA_UC": 0.0, "AREA_TI": 0.0, "AREA_APP": 0.0, "AREA_RL": 0.0, "FORA_UC": 0.0, "FORA_TI": 0.0, "FORA_APP": 0.0, "FORA_RL": 0.0, "SITUACAO": "EMBARGADA" }, "geometry": { "type": "MultiPolygon", "coordinates": [ [ [ [ -36.039613939813599, -9.0904939805755 ], [ -36.039377905420302, -9.090408149887031 ], [ -36.039270617059699, -9.090193573165839 ], [ -36.038690949726004, -9.09029854174301 ], [ -36.037996776190703, -9.090171439546401 ], [ -36.0380505501969, -9.090410978301559 ], [ -36.038690949726004, -9.09048430649192 ], [ -36.039130918868203, -9.09061140868854 ], [ -36.039639327654697, -9.090953606910221 ], [ -36.039824120350097, -9.09088925278963 ], [ -36.039613939813599, -9.0904939805755 ] ] ], [ [ [ -36.048497373049898, -9.08782493745494 ], [ -36.0483360510311, -9.08775160926459 ], [ -36.048135620644103, -9.087908042737361 ], [ -36.047925413165103, -9.088074253302169 ], [ -36.048331162485098, -9.088123138762411 ], [ -36.0487760201732, -9.08848489116817 ], [ -36.0489031223699, -9.08851422244431 ], [ -36.048762, -9.088146 ], [ -36.048634252338502, -9.087986259473739 ], [ -36.048497373049898, -9.08782493745494 ] ] ] ] } },
{ "type": "Feature", "properties": { "fid": 120.0, "LAT_GD": -9.073132, "LONG_GD": -36.08979, "IMG_ANTES": "01/2023", "IMG_DEPOIS": "02/2023", "BIOMA": "Mata Atlântica", "COD_CAR": "AL-2709301-1E7F5D781FC74B1BA2F37AA90EB78E8C", "N_IMOVEL": "-", "NM_MUN": "União dos Palmares", "ORGAO": "-", "OPERACAO": "-", "PERIODO": "-", "N_PROCESSO": "2023.25093831872.AINF.IMA", "DATA_AI": "2023-09-25", "MOTIVO": "DESMATAMENTO", "AI": "2023.25095758711.UC'S.AINF", "TE": "SERIE C - TALAO 0045 - FOLHA 02709", "AI_APP": "-", "TE_APP": "-", "AI_RL": "-", "TE_RL": "-", "AREA_UTM": 0.79, "AREA_UC": 0.0, "AREA_TI": 0.0, "AREA_APP": 0.0, "AREA_RL": 0.0, "FORA_UC": 0.0, "FORA_TI": 0.0, "FORA_APP": 0.0, "FORA_RL": 0.0, "SITUACAO": "EMBARGADA" }, "geometry": { "type": "MultiPolygon", "coordinates": [ [ [ [ -36.089260580973303, -9.07324467802618 ], [ -36.089115102988401, -9.0733732764831 ], [ -36.089508784669, -9.0736840548467 ], [ -36.090435973349599, -9.07298002653547 ], [ -36.090358527338601, -9.072761570334441 ], [ -36.090197205319797, -9.07277868024552 ], [ -36.090048104666103, -9.07255380712842 ], [ -36.0900392417634, -9.07255636373497 ], [ -36.089265987817399, -9.073239898527669 ], [ -36.0892634930293, -9.07324309211778 ], [ -36.089260580973303, -9.07324467802618 ] ] ] ] } },
{ "type": "Feature", "properties": { "fid": 121.0, "LAT_GD": -9.074228, "LONG_GD": -36.08919, "IMG_ANTES": "01/2023", "IMG_DEPOIS": "02/2023", "BIOMA": "Mata Atlântica", "COD_CAR": "AL-2709301-961146F5576D49ED8630DA07BAAFA778", "N_IMOVEL": "-", "NM_MUN": "União dos Palmares", "ORGAO": "-", "OPERACAO": "-", "PERIODO": "-", "N_PROCESSO": "2023.25094436885.AINF.IMA", "DATA_AI": "2023-09-25", "MOTIVO": "DESMATAMENTO", "AI": "2023.25091241021.UC'S.AINF", "TE": "SERIE C - TALAO 0045 - FOLHA 02214", "AI_APP": "-", "TE_APP": "-", "AI_RL": "-", "TE_RL": "-", "AREA_UTM": 0.76, "AREA_UC": 0.0, "AREA_TI": 0.0, "AREA_APP": 0.0, "AREA_RL": 0.0, "FORA_UC": 0.0, "FORA_TI": 0.0, "FORA_APP": 0.0, "FORA_RL": 0.0, "SITUACAO": "EMBARGADA" }, "geometry": { "type": "MultiPolygon", "coordinates": [ [ [ [ -36.089929669257202, -9.074179527181521 ], [ -36.089456302310801, -9.07366699032208 ], [ -36.088276140811899, -9.074726293568199 ], [ -36.088635314865201, -9.074688879604309 ], [ -36.089929669257202, -9.074179527181521 ] ] ] ] } },
{ "type": "Feature", "properties": { "fid": 122.0, "LAT_GD": -9.07147, "LONG_GD": -36.08777, "IMG_ANTES": "01/2023", "IMG_DEPOIS": "02/2023", "BIOMA": "Mata Atlântica", "COD_CAR": "AL-2709301-CDB76CD73B4D4D429242776533721D9E", "N_IMOVEL": "-", "NM_MUN": "União dos Palmares", "ORGAO": "-", "OPERACAO": "-", "PERIODO": "-", "N_PROCESSO": "2023.25091862883.AINF.IMA", "DATA_AI": "2023-09-25", "MOTIVO": "DESMATAMENTO", "AI": "2023.25091692468.UC'S.AINF", "TE": "SERIE C - TALAO 0045 - FOLHA 02707", "AI_APP": "-", "TE_APP": "-", "AI_RL": "-", "TE_RL": "-", "AREA_UTM": 1.64, "AREA_UC": 0.0, "AREA_TI": 0.0, "AREA_APP": 0.0, "AREA_RL": 0.0, "FORA_UC": 0.0, "FORA_TI": 0.0, "FORA_APP": 0.0, "FORA_RL": 0.0, "SITUACAO": "EMBARGADA" }, "geometry": { "type": "MultiPolygon", "coordinates": [ [ [ [ -36.087404059122697, -9.07352032428664 ], [ -36.088032268537098, -9.071774863259931 ], [ -36.087892255869598, -9.071765529082089 ], [ -36.087720933414303, -9.07060053638569 ], [ -36.087316684954601, -9.07159809258939 ], [ -36.087404059122697, -9.07352032428664 ] ] ], [ [ [ -36.088596530756099, -9.07020707759902 ], [ -36.088640278546599, -9.070085525674401 ], [ -36.088299269833797, -9.06965367719982 ], [ -36.088166014446898, -9.06965367719981 ], [ -36.088150016994099, -9.069541695030059 ], [ -36.087798120514002, -9.07041006325381 ], [ -36.088596530756099, -9.07020707759902 ] ] ] ] } },
{ "type": "Feature", "properties": { "fid": 123.0, "LAT_GD": -9.073571, "LONG_GD": -36.09013, "IMG_ANTES": "01/2023", "IMG_DEPOIS": "02/2023", "BIOMA": "Mata Atlântica", "COD_CAR": "AL-2709301-513B0E305F574036A5CF4DACD5088DDD", "N_IMOVEL": "-", "NM_MUN": "União dos Palmares", "ORGAO": "-", "OPERACAO": "-", "PERIODO": "-", "N_PROCESSO": "2023.25090362452.AINF.IMA", "DATA_AI": "2023-09-25", "MOTIVO": "DESMATAMENTO", "AI": "2023.25095240336.UC'S.AINF", "TE": "SERIE C - TALAO 0045 - FOLHA 02708", "AI_APP": "-", "TE_APP": "-", "AI_RL": "-", "TE_RL": "-", "AREA_UTM": 0.7, "AREA_UC": 0.0, "AREA_TI": 0.0, "AREA_APP": 0.0, "AREA_RL": 0.0, "FORA_UC": 0.0, "FORA_TI": 0.0, "FORA_APP": 0.0, "FORA_RL": 0.0, "SITUACAO": "EMBARGADA" }, "geometry": { "type": "MultiPolygon", "coordinates": [ [ [ [ -36.090439145535697, -9.07298897449429 ], [ -36.089509038904502, -9.07371324033884 ], [ -36.089988431685299, -9.074080350413791 ], [ -36.090634766228803, -9.073540772486959 ], [ -36.090439145535697, -9.07298897449429 ] ] ] ] } },
{ "type": "Feature", "properties": { "fid": 124.0, "LAT_GD": -9.074184, "LONG_GD": -36.08806, "IMG_ANTES": "01/2023", "IMG_DEPOIS": "02/2023", "BIOMA": "Mata Atlântica", "COD_CAR": "AL-2709301-001D291D1C4B4E5688EED09490663705", "N_IMOVEL": "-", "NM_MUN": "União dos Palmares", "ORGAO": "-", "OPERACAO": "-", "PERIODO": "-", "N_PROCESSO": "2023.25090477582.AINF.IMA", "DATA_AI": "2023-09-25", "MOTIVO": "DESMATAMENTO", "AI": "2023.25092532869.UC'S.AINF", "TE": "SERIE C - TALAO 0045 - FOLHA 02216", "AI_APP": "-", "TE_APP": "-", "AI_RL": "-", "TE_RL": "-", "AREA_UTM": 0.71, "AREA_UC": 0.0, "AREA_TI": 0.0, "AREA_APP": 0.0, "AREA_RL": 0.0, "FORA_UC": 0.0, "FORA_TI": 0.0, "FORA_APP": 0.0, "FORA_RL": 0.0, "SITUACAO": "EMBARGADA" }, "geometry": { "type": "MultiPolygon", "coordinates": [ [ [ [ -36.0882072628971, -9.07372656434065 ], [ -36.087985802977201, -9.073975835571741 ], [ -36.087228118588598, -9.074828671246699 ], [ -36.0872274136104, -9.07483553598502 ], [ -36.087715061013299, -9.074784739380551 ], [ -36.089059048184502, -9.07337666717059 ], [ -36.089041691296899, -9.073363885549471 ], [ -36.088222232726203, -9.073810163456541 ], [ -36.088208001187702, -9.07373068732946 ], [ -36.0882072628971, -9.07372656434065 ] ] ] ] } },
{ "type": "Feature", "properties": { "fid": 125.0, "LAT_GD": -9.074094, "LONG_GD": -36.08865, "IMG_ANTES": "01/2023", "IMG_DEPOIS": "02/2023", "BIOMA": "Mata Atlântica", "COD_CAR": "AL-2709301-9B0B21FEC2C040B19B7F47CBC9967AD2", "N_IMOVEL": "-", "NM_MUN": "União dos Palmares", "ORGAO": "-", "OPERACAO": "-", "PERIODO": "-", "N_PROCESSO": "2023.25095580774.AINF.IMA", "DATA_AI": "2023-09-25", "MOTIVO": "DESMATAMENTO", "AI": "2023.25094147256.UC'S.AINF", "TE": "SERIE C - TALAO 0045 - FOLHA 02218", "AI_APP": "-", "TE_APP": "-", "AI_RL": "-", "TE_RL": "-", "AREA_UTM": 0.84, "AREA_UC": 0.0, "AREA_TI": 0.0, "AREA_APP": 0.0, "AREA_RL": 0.0, "FORA_UC": 0.0, "FORA_TI": 0.0, "FORA_APP": 0.0, "FORA_RL": 0.0, "SITUACAO": "EMBARGADA" }, "geometry": { "type": "MultiPolygon", "coordinates": [ [ [ [ -36.089447181922502, -9.073637018584961 ], [ -36.089093405887297, -9.073367812906451 ], [ -36.0890882487883, -9.07336388861482 ], [ -36.089073662172197, -9.073379105324831 ], [ -36.0890508782213, -9.07340287346765 ], [ -36.087727471917397, -9.07478344657804 ], [ -36.088247871204501, -9.074729238318969 ], [ -36.089447181922502, -9.073637018584961 ] ] ] ] } },
{ "type": "Feature", "properties": { "fid": 126.0, "LAT_GD": -9.073191, "LONG_GD": -36.08786, "IMG_ANTES": "01/2023", "IMG_DEPOIS": "02/2023", "BIOMA": "Mata Atlântica", "COD_CAR": "AL-2709301-D77E394AF117437E9F636C6A2233E300", "N_IMOVEL": "-", "NM_MUN": "União dos Palmares", "ORGAO": "-", "OPERACAO": "-", "PERIODO": "-", "N_PROCESSO": "2023.25090560448.AINF.IMA", "DATA_AI": "2023-09-25", "MOTIVO": "DESMATAMENTO", "AI": "2023.25091960352.UC'S.AINF", "TE": "SERIE C - TALAO 0045 - FOLHA 02215", "AI_APP": "-", "TE_APP": "-", "AI_RL": "-", "TE_RL": "-", "AREA_UTM": 1.85, "AREA_UC": 0.0, "AREA_TI": 0.0, "AREA_APP": 0.0, "AREA_RL": 0.0, "FORA_UC": 0.0, "FORA_TI": 0.0, "FORA_APP": 0.0, "FORA_RL": 0.0, "SITUACAO": "EMBARGADA" }, "geometry": { "type": "MultiPolygon", "coordinates": [ [ [ [ -36.087230075087597, -9.074809619801369 ], [ -36.087985802977201, -9.073975835571741 ], [ -36.0882072628971, -9.07372656434065 ], [ -36.088048689342401, -9.07284100920733 ], [ -36.088478881392497, -9.07217616694809 ], [ -36.088478881392497, -9.071804637450279 ], [ -36.088032268537098, -9.071774863259931 ], [ -36.087404059122697, -9.07352032428664 ], [ -36.087422955451302, -9.073936043516641 ], [ -36.087282, -9.074304 ], [ -36.087230075087597, -9.074809619801369 ] ] ] ] } },
{ "type": "Feature", "properties": { "fid": 127.0, "LAT_GD": -9.151903, "LONG_GD": -37.39583, "IMG_ANTES": "05/2020", "IMG_DEPOIS": "10/2023", "BIOMA": "Caatinga", "COD_CAR": "AL-2706109-440C7C1302DA40FB9C8FF21C79F4D169", "N_IMOVEL": "-", "NM_MUN": "Ouro Branco", "ORGAO": "-", "OPERACAO": "XII FPI - 2023", "PERIODO": "-", "N_PROCESSO": "2023.19120965476.AINF.IMA", "DATA_AI": "2023-11-27", "MOTIVO": "DESMATAMENTO", "AI": "2023.27110759485.UC'S.AINF", "TE": "SERIE C - TALAO 0043 - FOLHA 02116", "AI_APP": "-", "TE_APP": "-", "AI_RL": "-", "TE_RL": "-", "AREA_UTM": 32.8, "AREA_UC": 0.0, "AREA_TI": 0.0, "AREA_APP": 0.0, "AREA_RL": 0.0, "FORA_UC": 0.0, "FORA_TI": 0.0, "FORA_APP": 0.0, "FORA_RL": 0.0, "SITUACAO": "EMBARGADA" }, "geometry": { "type": "MultiPolygon", "coordinates": [ [ [ [ -37.399997033291839, -9.149854058858617 ], [ -37.400235178210146, -9.149292866069468 ], [ -37.400445000850063, -9.149240410409492 ], [ -37.40044125401721, -9.148974385276745 ], [ -37.40035507686153, -9.148824511962523 ], [ -37.400163988385906, -9.148790790466803 ], [ -37.400154531147088, -9.149050864534308 ], [ -37.400149001054487, -9.149202942080937 ], [ -37.399852716295918, -9.149761805657077 ], [ -37.399365912987633, -9.149365929310163 ], [ -37.399088647356308, -9.14897251186032 ], [ -37.398815128557843, -9.149377169808734 ], [ -37.398762, -9.149931 ], [ -37.398798, -9.150219 ], [ -37.398861, -9.150372 ], [ -37.399005, -9.150399 ], [ -37.399689, -9.150201 ], [ -37.399734, -9.150291 ], [ -37.399422115480476, -9.150849675121011 ], [ -37.399167330846289, -9.150962080106673 ], [ -37.398837609554988, -9.150752257466761 ], [ -37.398689656370969, -9.151227327337001 ], [ -37.397919619705974, -9.151434109414993 ], [ -37.397801090338554, -9.152140571838231 ], [ -37.395655079847522, -9.149393896287533 ], [ -37.390102415756772, -9.15275253084191 ], [ -37.395079910672294, -9.154383241118493 ], [ -37.398562404347224, -9.152634401243374 ], [ -37.399964213708103, -9.151976025964155 ], [ -37.401676733917782, -9.151185675062825 ], [ -37.401998582356207, -9.151030632050331 ], [ -37.399997033291839, -9.149854058858617 ] ] ] ] } },
{ "type": "Feature", "properties": { "fid": 128.0, "LAT_GD": -9.327564, "LONG_GD": -36.62273, "IMG_ANTES": "12/2022", "IMG_DEPOIS": "01/2023", "BIOMA": "Mata Atlântica", "COD_CAR": "-", "N_IMOVEL": "-", "NM_MUN": "Quebrangulo", "ORGAO": "-", "OPERACAO": "-", "PERIODO": "-", "N_PROCESSO": "2023.19091886920.AINF.IMA", "DATA_AI": "2023-09-19", "MOTIVO": "DESMATAMENTO", "AI": "SERIE A - TALAO 0017 - FOLHA 00816", "TE": "SERIE C - TALAO 0045 - FOLHA 02212", "AI_APP": "-", "TE_APP": "-", "AI_RL": "-", "TE_RL": "-", "AREA_UTM": 4.9, "AREA_UC": 0.0, "AREA_TI": 0.0, "AREA_APP": 0.0, "AREA_RL": 0.0, "FORA_UC": 0.0, "FORA_TI": 0.0, "FORA_APP": 0.0, "FORA_RL": 0.0, "SITUACAO": "EMBARGADA" }, "geometry": { "type": "MultiPolygon", "coordinates": [ [ [ [ -36.621347774384297, -9.327418071961009 ], [ -36.621325704697497, -9.327435966219779 ], [ -36.6213319131978, -9.32745999093607 ], [ -36.62133191320352, -9.327459990920957 ], [ -36.621603, -9.328509 ], [ -36.621612, -9.328527 ], [ -36.621621, -9.328545 ], [ -36.62181, -9.328545 ], [ -36.623647005747799, -9.328155433796789 ], [ -36.624013526966301, -9.328372631555871 ], [ -36.624081401265997, -9.32716446902092 ], [ -36.623361933688997, -9.32660789976323 ], [ -36.622330244333298, -9.326621474623179 ], [ -36.621325705654201, -9.32743596544403 ], [ -36.621347774384297, -9.327418071961009 ] ] ] ] } },
{ "type": "Feature", "properties": { "fid": 129.0, "LAT_GD": -9.063221, "LONG_GD": -36.09168, "IMG_ANTES": "01/2023", "IMG_DEPOIS": "09/2023", "BIOMA": "Mata Atlântica", "COD_CAR": "-", "N_IMOVEL": "-", "NM_MUN": "São José da Laje", "ORGAO": "-", "OPERACAO": "-", "PERIODO": "-", "N_PROCESSO": "2023.28090772253.AINF.IMA", "DATA_AI": "2023-09-27", "MOTIVO": "DESMATAMENTO", "AI": "SERIE A - TALAO 0017 - FOLHA 00820", "TE": "SERIE C - TALAO 0045 - FOLHA 02714", "AI_APP": "-", "TE_APP": "-", "AI_RL": "-", "TE_RL": "-", "AREA_UTM": 5.34, "AREA_UC": 0.0, "AREA_TI": 0.0, "AREA_APP": 0.0, "AREA_RL": 0.0, "FORA_UC": 0.0, "FORA_TI": 0.0, "FORA_APP": 0.0, "FORA_RL": 0.0, "SITUACAO": "EMBARGADA" }, "geometry": { "type": "MultiPolygon", "coordinates": [ [ [ [ -36.092392312943403, -9.06455247886263 ], [ -36.092531041109297, -9.06437807773974 ], [ -36.092989420408998, -9.063701780412289 ], [ -36.093216094004902, -9.063367343959371 ], [ -36.093073402177097, -9.06324843410286 ], [ -36.0929069283779, -9.06314273645263 ], [ -36.092790660962699, -9.063084602745 ], [ -36.092587192986002, -9.06309253006876 ], [ -36.092539629043401, -9.063007971948579 ], [ -36.092547556367101, -9.06291548650462 ], [ -36.092692890636201, -9.06292341382839 ], [ -36.0926611813411, -9.062788649324339 ], [ -36.092539629043401, -9.06255082961132 ], [ -36.092280669800303, -9.062328864545821 ], [ -36.092095698912402, -9.06219674248303 ], [ -36.091940675692001, -9.06216855644297 ], [ -36.091884964222203, -9.06228724609605 ], [ -36.091496745561102, -9.06222140526809 ], [ -36.091203232965, -9.062120073538511 ], [ -36.091200792140398, -9.06211923087286 ], [ -36.091077478215098, -9.06203467275267 ], [ -36.091022333646698, -9.0619375132749 ], [ -36.09100348986, -9.06190431231739 ], [ -36.090954164289897, -9.06168939376191 ], [ -36.090920693367302, -9.061516754266529 ], [ -36.090853751522097, -9.061402248478769 ], [ -36.090655094114801, -9.06159954054309 ], [ -36.090533355519902, -9.061720442446671 ], [ -36.090624519743201, -9.06179575202246 ], [ -36.090664156362003, -9.06191069821709 ], [ -36.090679350399199, -9.062043480890191 ], [ -36.090652925986703, -9.062135085520399 ], [ -36.090506710903902, -9.06226720758319 ], [ -36.090430300310899, -9.062532993132841 ], [ -36.090406518339599, -9.06274703087457 ], [ -36.0904382276346, -9.06284215875977 ], [ -36.090551191998301, -9.062905577349911 ], [ -36.090771175232902, -9.063062141994321 ], [ -36.090961431003301, -9.063204833822139 ], [ -36.091153668604697, -9.06328410705982 ], [ -36.091286451277803, -9.06340103508539 ], [ -36.091389506486799, -9.063543726913201 ], [ -36.091474725217303, -9.063753800993039 ], [ -36.0915020304436, -9.06388790488678 ], [ -36.091380478145801, -9.064021788577071 ], [ -36.091878124229801, -9.065034914250351 ], [ -36.0921626407575, -9.064828613973861 ], [ -36.092392312943403, -9.06455247886263 ] ] ] ] } },
{ "type": "Feature", "properties": { "fid": 130.0, "LAT_GD": -9.218646, "LONG_GD": -35.44061, "IMG_ANTES": "-", "IMG_DEPOIS": "-", "BIOMA": "Mata Atlântica", "COD_CAR": "-", "N_IMOVEL": "FAZENDA ALECRIM", "NM_MUN": "São Miguel dos Milagres", "ORGAO": "-", "OPERACAO": "-", "PERIODO": "-", "N_PROCESSO": "2021.05102100529.AINF.IMA", "DATA_AI": "2021-10-11", "MOTIVO": "DESMATAMENTO", "AI": "2021.11103434141.GEFUC.AINF", "TE": "SERIE C - TALAO 0046 - FOLHA 02788", "AI_APP": "-", "TE_APP": "-", "AI_RL": "-", "TE_RL": "-", "AREA_UTM": 4.55, "AREA_UC": 0.0, "AREA_TI": 0.0, "AREA_APP": 0.0, "AREA_RL": 0.0, "FORA_UC": 0.0, "FORA_TI": 0.0, "FORA_APP": 0.0, "FORA_RL": 0.0, "SITUACAO": "EMBARGADA" }, "geometry": { "type": "MultiPolygon", "coordinates": [ [ [ [ -35.44094661753271, -9.213004682603078 ], [ -35.440794608760591, -9.212943024213592 ], [ -35.440783787127401, -9.213306332661055 ], [ -35.440560567901379, -9.213411047568876 ], [ -35.440297553131053, -9.213397941717666 ], [ -35.440075765191388, -9.213623035053356 ], [ -35.440194085543013, -9.213922399505567 ], [ -35.440353503856883, -9.214056122023282 ], [ -35.44105103702951, -9.213501832493062 ], [ -35.44094661753271, -9.213004682603078 ] ] ], [ [ [ -35.438629552669092, -9.213740988832052 ], [ -35.438840251470737, -9.213619960086701 ], [ -35.438609061429368, -9.213393435769815 ], [ -35.438055182559729, -9.213707346003369 ], [ -35.438241294106852, -9.213807421425074 ], [ -35.438186459148433, -9.214309464941369 ], [ -35.438570095823309, -9.21422794054341 ], [ -35.438552202267232, -9.213945620245942 ], [ -35.438629552669092, -9.213740988832052 ] ] ], [ [ [ -35.427743610943409, -9.215322833056314 ], [ -35.42776657333043, -9.215714911059285 ], [ -35.428587075852533, -9.21564545654519 ], [ -35.428848800804623, -9.215714087456247 ], [ -35.429248930261259, -9.215876399281431 ], [ -35.429377012487564, -9.215935076844934 ], [ -35.429521919803953, -9.215914541988029 ], [ -35.429699564690438, -9.215862736481778 ], [ -35.430430566753003, -9.215789537964824 ], [ -35.43017036921421, -9.215358989557581 ], [ -35.429920483731507, -9.215339653189439 ], [ -35.429718481954268, -9.215316405571434 ], [ -35.429498108943058, -9.215350974529253 ], [ -35.429293756059543, -9.215285170648212 ], [ -35.429048012714453, -9.215238174038696 ], [ -35.428648675647231, -9.215150955395307 ], [ -35.42794338105152, -9.215104429661457 ], [ -35.427951602153122, -9.215274999742286 ], [ -35.427743610943409, -9.215322833056314 ] ] ], [ [ [ -35.432564479476831, -9.226075599087123 ], [ -35.433122668909817, -9.225763450690089 ], [ -35.432776352438502, -9.22539281031089 ], [ -35.432393886237747, -9.225743468126682 ], [ -35.432124011610433, -9.225796275529415 ], [ -35.431763134842392, -9.225736725027607 ], [ -35.431450466032643, -9.22585527028469 ], [ -35.43060630554114, -9.225782796730618 ], [ -35.42997550748143, -9.225749620321189 ], [ -35.42927483864613, -9.226221039516973 ], [ -35.429371682041612, -9.226395913094146 ], [ -35.430274020429231, -9.226055942286187 ], [ -35.430796176559078, -9.226068865116877 ], [ -35.431813813011402, -9.226030554465764 ], [ -35.432233416210508, -9.226017761613123 ], [ -35.432564479476831, -9.226075599087123 ] ] ] ] } },
{ "type": "Feature", "properties": { "fid": 131.0, "LAT_GD": -9.115265, "LONG_GD": -37.575988, "IMG_ANTES": "09/2022", "IMG_DEPOIS": "01/2023", "BIOMA": "Caatinga", "COD_CAR": "AL-2701605-13102727B5FD4894A976F200A3391AB5", "N_IMOVEL": "-", "NM_MUN": "Canapi", "ORGAO": "-", "OPERACAO": "-", "PERIODO": "-", "N_PROCESSO": "-", "DATA_AI": "-", "MOTIVO": "DESMATAMENTO", "AI": "-", "TE": "-", "AI_APP": "-", "TE_APP": "-", "AI_RL": "-", "TE_RL": "-", "AREA_UTM": 47.78, "AREA_UC": 0.0, "AREA_TI": 0.0, "AREA_APP": 0.0, "AREA_RL": 0.0, "FORA_UC": 0.0, "FORA_TI": 0.0, "FORA_APP": 0.0, "FORA_RL": 0.0, "SITUACAO": "EMBARGADA" }, "geometry": { "type": "MultiPolygon", "coordinates": [ [ [ [ -37.578867542197962, -9.111979211456726 ], [ -37.578997087951223, -9.110883671579172 ], [ -37.573430063953765, -9.110534680881429 ], [ -37.573529627064403, -9.111056726913352 ], [ -37.57384063906175, -9.111113151512907 ], [ -37.574110410988887, -9.111352948835322 ], [ -37.574709904245857, -9.111382923498178 ], [ -37.575369346828523, -9.112881656640603 ], [ -37.575549194805618, -9.113765909194642 ], [ -37.574974478095506, -9.114456897977243 ], [ -37.574274334926329, -9.114750389527558 ], [ -37.573789120071467, -9.115372363781679 ], [ -37.573352614043714, -9.116286590998541 ], [ -37.573270183720872, -9.116796160266984 ], [ -37.57341331273598, -9.117225547312286 ], [ -37.574619043549056, -9.117200818215439 ], [ -37.574813878857569, -9.11766542548958 ], [ -37.574229372932024, -9.118549678043614 ], [ -37.573794740320722, -9.118100058100897 ], [ -37.573015399086657, -9.118684564026443 ], [ -37.571246893978589, -9.118939348660652 ], [ -37.570392616087403, -9.119284057283412 ], [ -37.570467552744525, -9.119553829249055 ], [ -37.571201931984319, -9.119598791243327 ], [ -37.57184638723556, -9.119508867254778 ], [ -37.572535804481078, -9.119373981271954 ], [ -37.572790589115293, -9.120393119808806 ], [ -37.573435044366533, -9.121067549722895 ], [ -37.574484157566239, -9.120962638402935 ], [ -37.574933777508967, -9.119973474528933 ], [ -37.575803042731579, -9.119284057283409 ], [ -37.576447497982819, -9.117845273466678 ], [ -37.576827258524538, -9.11657813277362 ], [ -37.579114394051587, -9.116198474935839 ], [ -37.579351273691529, -9.113460173493278 ], [ -37.579631, -9.111984 ], [ -37.578867542197962, -9.111979211456726 ] ] ] ] } },
{ "type": "Feature", "properties": { "fid": 132.0, "LAT_GD": -9.152835, "LONG_GD": -37.404581, "IMG_ANTES": "08/2022", "IMG_DEPOIS": "01/2023", "BIOMA": "Caatinga", "COD_CAR": "AL-2706109-8406BE754826400A88B777D0438F7863", "N_IMOVEL": "-", "NM_MUN": "Ouro Branco", "ORGAO": "-", "OPERACAO": "-", "PERIODO": "-", "N_PROCESSO": "2023.13114676691.AI.IMA", "DATA_AI": "2023-11-13", "MOTIVO": "DESMATAMENTO", "AI": "2023.28114366787.GEMFI.AINF", "TE": "2023.131146119.AI.TA", "AI_APP": "-", "TE_APP": "-", "AI_RL": "-", "TE_RL": "-", "AREA_UTM": 38.26, "AREA_UC": 0.0, "AREA_TI": 0.0, "AREA_APP": 0.0, "AREA_RL": 0.0, "FORA_UC": 0.0, "FORA_TI": 0.0, "FORA_APP": 0.0, "FORA_RL": 0.0, "SITUACAO": "EMBARGADA" }, "geometry": { "type": "MultiPolygon", "coordinates": [ [ [ [ -37.40245275452601, -9.153469039166431 ], [ -37.399100015310069, -9.152516861229111 ], [ -37.399113426266929, -9.152449806444793 ], [ -37.397142015607955, -9.153388573425248 ], [ -37.397182248478551, -9.15357632682135 ], [ -37.397302947090324, -9.153777491174299 ], [ -37.397544344313872, -9.153978655527249 ], [ -37.397893029192325, -9.154072532225307 ], [ -37.398080782588423, -9.154085943182166 ], [ -37.398979316698295, -9.153254463856607 ], [ -37.400025371333669, -9.155239285472444 ], [ -37.400105837074847, -9.155923244272504 ], [ -37.403539042031973, -9.157049764649058 ], [ -37.403699973514335, -9.155561148437181 ], [ -37.40376376014234, -9.155513308497424 ], [ -37.403761884635507, -9.1555402415022 ], [ -37.407149021537037, -9.155570216165051 ], [ -37.407059097548505, -9.153262167125948 ], [ -37.407838438782477, -9.153202217800263 ], [ -37.408437932039369, -9.152887483840374 ], [ -37.40915732394766, -9.153307129120204 ], [ -37.409771804535993, -9.153921609708545 ], [ -37.408588983306181, -9.148047910287657 ], [ -37.404241593339151, -9.150084060063756 ], [ -37.403095007713809, -9.150686048528204 ], [ -37.402749642136698, -9.152472055499146 ], [ -37.402667329835829, -9.15247662835851 ], [ -37.40245275452601, -9.153469039166431 ] ] ] ] } },
{ "type": "Feature", "properties": { "fid": 133.0, "LAT_GD": -9.329412, "LONG_GD": -37.114748, "IMG_ANTES": "06/2021", "IMG_DEPOIS": "01/2022", "BIOMA": "Caatinga", "COD_CAR": "AL-2708006-1805A8665E064E1383A3A6BD0935F1E2", "N_IMOVEL": "FAZENDA CARACOL", "NM_MUN": "Santana do Ipanema", "ORGAO": "-", "OPERACAO": "-", "PERIODO": "-", "N_PROCESSO": "2022.22083174987.AINF.IMA", "DATA_AI": "2022-08-22", "MOTIVO": "DESMATAMENTO", "AI": "2022.22081438260.GEFUC.AINF", "TE": "SERIE C - TALAO 0039 - FOLHA 01908", "AI_APP": "-", "TE_APP": "-", "AI_RL": "-", "TE_RL": "-", "AREA_UTM": 43.92, "AREA_UC": 0.0, "AREA_TI": 0.0, "AREA_APP": 0.0, "AREA_RL": 0.0, "FORA_UC": 0.0, "FORA_TI": 0.0, "FORA_APP": 0.0, "FORA_RL": 0.0, "SITUACAO": "EMBARGADA" }, "geometry": { "type": "MultiPolygon", "coordinates": [ [ [ [ -37.119302477095552, -9.330626992124053 ], [ -37.118300289788642, -9.32974219603557 ], [ -37.117768018442149, -9.329035351240179 ], [ -37.117314869062277, -9.327738604812541 ], [ -37.117088364756157, -9.327033991693483 ], [ -37.116817736789848, -9.326794246718567 ], [ -37.116033233291503, -9.326916273383416 ], [ -37.115601116046982, -9.327071391158768 ], [ -37.114681670295923, -9.327286982183201 ], [ -37.113784735116582, -9.327288596557521 ], [ -37.113322010726513, -9.327364089484671 ], [ -37.11196751252016, -9.32532055210091 ], [ -37.11162184782377, -9.325645866732495 ], [ -37.110427103062939, -9.326430371509657 ], [ -37.112413008474817, -9.332385219043045 ], [ -37.112342514855165, -9.332627847935376 ], [ -37.113114661943868, -9.332589383112255 ], [ -37.113808921047983, -9.331868549496967 ], [ -37.113901931837049, -9.331257335740233 ], [ -37.113064834735432, -9.331124463184427 ], [ -37.11366276123659, -9.330008333715606 ], [ -37.113862070070304, -9.330553111194439 ], [ -37.114944987433013, -9.331314765466519 ], [ -37.114662982067465, -9.331846304077558 ], [ -37.115325075520609, -9.332417636324539 ], [ -37.11589418972077, -9.332404191987598 ], [ -37.120104761376162, -9.33155819412819 ], [ -37.119302477095552, -9.330626992124053 ] ] ] ] } },
{ "type": "Feature", "properties": { "fid": 134.0, "LAT_GD": -9.394983, "LONG_GD": -37.151624, "IMG_ANTES": "12/2019", "IMG_DEPOIS": "04/2020", "BIOMA": "Caatinga", "COD_CAR": "AL-2708006-27DF2618C5024986B3A5BEE80173D117", "N_IMOVEL": "-", "NM_MUN": "Santana do Ipanema", "ORGAO": "-", "OPERACAO": "-", "PERIODO": "-", "N_PROCESSO": "-", "DATA_AI": "-", "MOTIVO": "DESMATAMENTO", "AI": "-", "TE": "-", "AI_APP": "-", "TE_APP": "-", "AI_RL": "-", "TE_RL": "-", "AREA_UTM": 20.59, "AREA_UC": 0.0, "AREA_TI": 0.0, "AREA_APP": 0.0, "AREA_RL": 0.0, "FORA_UC": 0.0, "FORA_TI": 0.0, "FORA_APP": 0.0, "FORA_RL": 0.0, "SITUACAO": "EMBARGADA" }, "geometry": { "type": "MultiPolygon", "coordinates": [ [ [ [ -37.15149661508525, -9.396466869613288 ], [ -37.151833881324073, -9.396600067910171 ], [ -37.152862127719288, -9.396458147667509 ], [ -37.153906314337121, -9.397387520419231 ], [ -37.154600359537973, -9.396464470606068 ], [ -37.154123105752561, -9.396060474845955 ], [ -37.154584594276763, -9.395199940444119 ], [ -37.154369704815288, -9.395049636192944 ], [ -37.15467592424028, -9.394460610692178 ], [ -37.154496638713972, -9.394338558791347 ], [ -37.154386623829623, -9.393486643866739 ], [ -37.151604407660777, -9.393831569696728 ], [ -37.151544791971311, -9.393380163193417 ], [ -37.151128892814221, -9.393154248283992 ], [ -37.150291574069719, -9.393599299971202 ], [ -37.147612718142177, -9.394071340390258 ], [ -37.147680895150863, -9.394959880033163 ], [ -37.148711593468022, -9.395366951498396 ], [ -37.15149661508525, -9.396466869613288 ] ] ] ] } },
{ "type": "Feature", "properties": { "fid": 135.0, "LAT_GD": -9.338091, "LONG_GD": -37.110787, "IMG_ANTES": "10/2021", "IMG_DEPOIS": "05/2023", "BIOMA": "Caatinga", "COD_CAR": "AL-2708006-38EF790C960C4B4E9214785D519E0885", "N_IMOVEL": "FAZENDA CARACOL", "NM_MUN": "Santana do Ipanema", "ORGAO": "-", "OPERACAO": "-", "PERIODO": "-", "N_PROCESSO": "2022.22083174987.AINF.IMA", "DATA_AI": "2022-09-22", "MOTIVO": "DESMATAMENTO", "AI": "2022.22081438260.GEFUC.AINF", "TE": "SERIE C - TALAO 0039 - FOLHA 01908", "AI_APP": "-", "TE_APP": "-", "AI_RL": "-", "TE_RL": "-", "AREA_UTM": 110.82, "AREA_UC": 0.0, "AREA_TI": 0.0, "AREA_APP": 0.0, "AREA_RL": 0.0, "FORA_UC": 0.0, "FORA_TI": 0.0, "FORA_APP": 0.0, "FORA_RL": 0.0, "SITUACAO": "EMBARGADA" }, "geometry": { "type": "MultiPolygon", "coordinates": [ [ [ [ -37.118053066972699, -9.338431171953417 ], [ -37.116719660473791, -9.336908571629621 ], [ -37.116374343476785, -9.336966269329267 ], [ -37.115098615292894, -9.333879077357116 ], [ -37.114992726837102, -9.332583932424271 ], [ -37.112369692413793, -9.332875358460312 ], [ -37.103508236591843, -9.336294865490743 ], [ -37.103625103122631, -9.33787327653889 ], [ -37.105928881080587, -9.339079076145032 ], [ -37.10691503335201, -9.339431977421411 ], [ -37.10847356469975, -9.339559056743381 ], [ -37.10763551712207, -9.342082931657167 ], [ -37.107862314846919, -9.344976447316242 ], [ -37.113650255002533, -9.342537763323024 ], [ -37.115173833325798, -9.338759305223682 ], [ -37.118053066972699, -9.338431171953417 ] ] ] ] } },
{ "type": "Feature", "properties": { "fid": 136.0, "LAT_GD": -9.350661, "LONG_GD": -37.107643, "IMG_ANTES": "11/2021", "IMG_DEPOIS": "12/2022", "BIOMA": "Caatinga", "COD_CAR": "AL-2708006-BD7DA1BB99BA47AA8EAF161BEBC40E10", "N_IMOVEL": "-", "NM_MUN": "Santana do Ipanema", "ORGAO": "-", "OPERACAO": "-", "PERIODO": "-", "N_PROCESSO": "-", "DATA_AI": "-", "MOTIVO": "DESMATAMENTO", "AI": "-", "TE": "-", "AI_APP": "-", "TE_APP": "-", "AI_RL": "-", "TE_RL": "-", "AREA_UTM": 15.12, "AREA_UC": 0.0, "AREA_TI": 0.0, "AREA_APP": 0.0, "AREA_RL": 0.0, "FORA_UC": 0.0, "FORA_TI": 0.0, "FORA_APP": 0.0, "FORA_RL": 0.0, "SITUACAO": "EMBARGADA" }, "geometry": { "type": "MultiPolygon", "coordinates": [ [ [ [ -37.107898010732228, -9.348064890256433 ], [ -37.105839, -9.348804 ], [ -37.106283020620182, -9.350921632832112 ], [ -37.106043773288363, -9.350982788611304 ], [ -37.107791644792229, -9.353639367431512 ], [ -37.108858, -9.353421 ], [ -37.109264625745759, -9.353152042869885 ], [ -37.10885498553133, -9.352527201832665 ], [ -37.109029832202047, -9.352397423359042 ], [ -37.108681020219322, -9.351741818397093 ], [ -37.108378305700107, -9.350651037860867 ], [ -37.109241719614467, -9.350578317432406 ], [ -37.10885205962775, -9.348534417209049 ], [ -37.108136850247512, -9.348477564654813 ], [ -37.107898010732228, -9.348064890256433 ] ] ] ] } },
{ "type": "Feature", "properties": { "fid": 138.0, "LAT_GD": -9.383494, "LONG_GD": -37.249292, "IMG_ANTES": "05/2021", "IMG_DEPOIS": "11/2021", "BIOMA": "Caatinga", "COD_CAR": "AL-2708006-0B59A4593DFD4C549354DE411E48ECB1", "N_IMOVEL": "-", "NM_MUN": "Santana do Ipanema", "ORGAO": "-", "OPERACAO": "-", "PERIODO": "-", "N_PROCESSO": "-", "DATA_AI": "-", "MOTIVO": "DESMATAMENTO", "AI": "-", "TE": "-", "AI_APP": "-", "TE_APP": "-", "AI_RL": "-", "TE_RL": "-", "AREA_UTM": 9.51, "AREA_UC": 0.0, "AREA_TI": 0.0, "AREA_APP": 0.0, "AREA_RL": 0.0, "FORA_UC": 0.0, "FORA_TI": 0.0, "FORA_APP": 0.0, "FORA_RL": 0.0, "SITUACAO": "EMBARGADA" }, "geometry": { "type": "MultiPolygon", "coordinates": [ [ [ [ -37.247726930059535, -9.38153842280669 ], [ -37.247229577280947, -9.381685122207069 ], [ -37.248115897125956, -9.383657767227705 ], [ -37.24825026885749, -9.383965999142898 ], [ -37.248403234928851, -9.384343270688056 ], [ -37.248681135634207, -9.385028677769325 ], [ -37.248779027736013, -9.385270116306488 ], [ -37.248845640093414, -9.385384201068895 ], [ -37.249015656815878, -9.385387601403343 ], [ -37.249046259825924, -9.385237986687576 ], [ -37.249267281565132, -9.385227785684226 ], [ -37.249444098956523, -9.385428405416738 ], [ -37.250586611331492, -9.385040767289521 ], [ -37.250605313170965, -9.384887752239289 ], [ -37.250605313170972, -9.384802743878064 ], [ -37.25038259126454, -9.384763640031894 ], [ -37.25006976049518, -9.384738137523513 ], [ -37.250110564508574, -9.384234888025009 ], [ -37.25085183741853, -9.384228087356121 ], [ -37.250916443773072, -9.383966261603518 ], [ -37.250661418689369, -9.383884653576741 ], [ -37.250668219358268, -9.383214787690214 ], [ -37.251188470529016, -9.382980164613222 ], [ -37.251249676549101, -9.382708137857266 ], [ -37.251004852468753, -9.382735340532866 ], [ -37.250902842435273, -9.382912157924229 ], [ -37.250630815679322, -9.382871353910836 ], [ -37.250654618020455, -9.382408908425729 ], [ -37.250471073014701, -9.382368741974359 ], [ -37.250396192602295, -9.381851253576031 ], [ -37.249835137418138, -9.38221168902767 ], [ -37.249015149546125, -9.382458956741555 ], [ -37.248141770862368, -9.38219808768987 ], [ -37.247726930059535, -9.38153842280669 ] ] ] ] } },
{ "type": "Feature", "properties": { "fid": 139.0, "LAT_GD": -9.27787, "LONG_GD": -37.068839, "IMG_ANTES": "05/2021", "IMG_DEPOIS": "02/2022", "BIOMA": "Caatinga", "COD_CAR": "AL-2708006-7474C61EACB94EF997549F2A929E659C", "N_IMOVEL": "-", "NM_MUN": "Santana do Ipanema", "ORGAO": "-", "OPERACAO": "-", "PERIODO": "-", "N_PROCESSO": "2023.14112770037.AI.IMA", "DATA_AI": "2023-11-14", "MOTIVO": "DESMATAMENTO", "AI": "2023.29114138677.GEMFI.AINF", "TE": "2023.141127119.AI.TA", "AI_APP": "-", "TE_APP": "-", "AI_RL": "-", "TE_RL": "-", "AREA_UTM": 44.51, "AREA_UC": 0.0, "AREA_TI": 0.0, "AREA_APP": 0.0, "AREA_RL": 0.0, "FORA_UC": 0.0, "FORA_TI": 0.0, "FORA_APP": 0.0, "FORA_RL": 0.0, "SITUACAO": "EMBARGADA" }, "geometry": { "type": "MultiPolygon", "coordinates": [ [ [ [ -37.065679772966881, -9.274188779745936 ], [ -37.06334937983285, -9.275230469137332 ], [ -37.063308530556007, -9.275355422289865 ], [ -37.063497525238404, -9.275662590247652 ], [ -37.063582716208536, -9.275693198621052 ], [ -37.064487056180184, -9.275276288129573 ], [ -37.064675279676578, -9.276075778536926 ], [ -37.065596529396885, -9.276571836078636 ], [ -37.066732755847433, -9.276460053643712 ], [ -37.067133834233353, -9.279413268733704 ], [ -37.067463044612197, -9.279344133984381 ], [ -37.068045957552101, -9.280201673647934 ], [ -37.068380788838986, -9.280571524656915 ], [ -37.068792284399599, -9.281133880440771 ], [ -37.06904419181253, -9.281531444665598 ], [ -37.069647496188054, -9.282802014568711 ], [ -37.072009844757474, -9.281302099065593 ], [ -37.072196083822391, -9.281679875575851 ], [ -37.072541334980727, -9.281479262473345 ], [ -37.072381873125728, -9.28108946987841 ], [ -37.073154194340049, -9.280748946562879 ], [ -37.071453729726841, -9.277967464826022 ], [ -37.070731792841109, -9.276977622020752 ], [ -37.06953145511973, -9.275065375593194 ], [ -37.069228235667708, -9.275249263148037 ], [ -37.068179676092008, -9.272936966085881 ], [ -37.068040734420094, -9.2729527883376 ], [ -37.067413529811184, -9.274200754349501 ], [ -37.065679772966881, -9.274188779745936 ] ] ] ] } },
{ "type": "Feature", "properties": { "fid": 140.0, "LAT_GD": -9.210353, "LONG_GD": -37.444583, "IMG_ANTES": "12/2018", "IMG_DEPOIS": "05/2022", "BIOMA": "Caatinga", "COD_CAR": "AL-2704609-132C444974284CEE8AEF338EAE5D6929", "N_IMOVEL": "-", "NM_MUN": "Maravilha", "ORGAO": "-", "OPERACAO": "-", "PERIODO": "-", "N_PROCESSO": "2023.13115953785.AI.IMA", "DATA_AI": "2023-11-13", "MOTIVO": "DESMATAMENTO", "AI": "2023.22110977712.GEMFI.AINF", "TE": "2023.131159126.AI.TA", "AI_APP": "-", "TE_APP": "-", "AI_RL": "-", "TE_RL": "-", "AREA_UTM": 312.74, "AREA_UC": 0.0, "AREA_TI": 0.0, "AREA_APP": 0.0, "AREA_RL": 0.0, "FORA_UC": 0.0, "FORA_TI": 0.0, "FORA_APP": 0.0, "FORA_RL": 0.0, "SITUACAO": "EMBARGADA" }, "geometry": { "type": "MultiPolygon", "coordinates": [ [ [ [ -37.456979000099658, -9.211590763560482 ], [ -37.452731411831131, -9.206761925688529 ], [ -37.448652290395842, -9.203879883174755 ], [ -37.444314644189959, -9.200416964437933 ], [ -37.440854310514013, -9.203304175599181 ], [ -37.439711966128058, -9.204037831851357 ], [ -37.439627400256903, -9.204103520581542 ], [ -37.439582729109311, -9.20412083223883 ], [ -37.439301697243437, -9.204301320095123 ], [ -37.437455790805679, -9.204904833032765 ], [ -37.431857773701203, -9.207400613618105 ], [ -37.443710843887857, -9.220845053291663 ], [ -37.456979000099658, -9.211590763560482 ] ] ] ] } },
{ "type": "Feature", "properties": { "fid": 141.0, "LAT_GD": -9.230704, "LONG_GD": -37.539857, "IMG_ANTES": "06/2018", "IMG_DEPOIS": "05/2021", "BIOMA": "Caatinga", "COD_CAR": "AL-2701605-19D868D9FA4E489294E263AAF429824A", "N_IMOVEL": "-", "NM_MUN": "Canapi", "ORGAO": "-", "OPERACAO": "-", "PERIODO": "-", "N_PROCESSO": "-", "DATA_AI": "-", "MOTIVO": "DESMATAMENTO", "AI": "-", "TE": "-", "AI_APP": "-", "TE_APP": "-", "AI_RL": "-", "TE_RL": "-", "AREA_UTM": 12.03, "AREA_UC": 0.0, "AREA_TI": 0.0, "AREA_APP": 0.0, "AREA_RL": 0.0, "FORA_UC": 0.0, "FORA_TI": 0.0, "FORA_APP": 0.0, "FORA_RL": 0.0, "SITUACAO": "EMBARGADA" }, "geometry": { "type": "MultiPolygon", "coordinates": [ [ [ [ -37.541516177532465, -9.229827232838272 ], [ -37.540473610982488, -9.228511563267491 ], [ -37.537199525150037, -9.231477831599628 ], [ -37.537700648338728, -9.232333409353357 ], [ -37.542524877975517, -9.231229973346153 ], [ -37.541516177532465, -9.229827232838272 ] ] ] ] } },
{ "type": "Feature", "properties": { "fid": 142.0, "LAT_GD": -9.213677, "LONG_GD": -37.536064, "IMG_ANTES": "09/2020", "IMG_DEPOIS": "07/2021", "BIOMA": "Caatinga", "COD_CAR": "AL-2701605-973703672E6640518E3FBC0C6A2B2AE1", "N_IMOVEL": "-", "NM_MUN": "Canapi", "ORGAO": "-", "OPERACAO": "-", "PERIODO": "-", "N_PROCESSO": "-", "DATA_AI": "-", "MOTIVO": "DESMATAMENTO", "AI": "-", "TE": "-", "AI_APP": "-", "TE_APP": "-", "AI_RL": "-", "TE_RL": "-", "AREA_UTM": 25.89, "AREA_UC": 0.0, "AREA_TI": 0.0, "AREA_APP": 0.0, "AREA_RL": 0.0, "FORA_UC": 0.0, "FORA_TI": 0.0, "FORA_APP": 0.0, "FORA_RL": 0.0, "SITUACAO": "EMBARGADA" }, "geometry": { "type": "MultiPolygon", "coordinates": [ [ [ [ -37.536514105016245, -9.215882943524866 ], [ -37.538747695577548, -9.2150703132715 ], [ -37.539813945383287, -9.214598534156798 ], [ -37.539264586339797, -9.213628192717344 ], [ -37.538883325797251, -9.212954763210647 ], [ -37.538731057759158, -9.212695342198517 ], [ -37.536913223319715, -9.210779123406191 ], [ -37.53175650450865, -9.213532703603699 ], [ -37.532827422159095, -9.214513441624225 ], [ -37.53676151324111, -9.212859838367082 ], [ -37.537274356227677, -9.21361706248449 ], [ -37.53598454185407, -9.214238374262894 ], [ -37.535235266400925, -9.214406708155812 ], [ -37.533778595226018, -9.214443977471202 ], [ -37.533057342306222, -9.214787335715179 ], [ -37.53458712879933, -9.216023370150712 ], [ -37.536514105016245, -9.215882943524866 ] ] ] ] } },
{ "type": "Feature", "properties": { "fid": 143.0, "LAT_GD": -9.164232, "LONG_GD": -37.512779, "IMG_ANTES": "12/2018", "IMG_DEPOIS": "08/2022", "BIOMA": "Caatinga", "COD_CAR": "AL-2701605-24464C43A5A145A19CC8D926136228C8", "N_IMOVEL": "-", "NM_MUN": "Canapi", "ORGAO": "-", "OPERACAO": "-", "PERIODO": "-", "N_PROCESSO": "-", "DATA_AI": "-", "MOTIVO": "DESMATAMENTO", "AI": "-", "TE": "-", "AI_APP": "-", "TE_APP": "-", "AI_RL": "-", "TE_RL": "-", "AREA_UTM": 21.39, "AREA_UC": 0.0, "AREA_TI": 0.0, "AREA_APP": 0.0, "AREA_RL": 0.0, "FORA_UC": 0.0, "FORA_TI": 0.0, "FORA_APP": 0.0, "FORA_RL": 0.0, "SITUACAO": "EMBARGADA" }, "geometry": { "type": "MultiPolygon", "coordinates": [ [ [ [ -37.512102522546115, -9.161766897705684 ], [ -37.512102735507497, -9.161788049191586 ], [ -37.511001179399869, -9.162047989662547 ], [ -37.510883779385267, -9.162077953024724 ], [ -37.510831095429957, -9.163227969850093 ], [ -37.511038511181262, -9.165954052227541 ], [ -37.511012496153953, -9.1659701362302 ], [ -37.511115607598057, -9.167462658572996 ], [ -37.512747766636068, -9.166502514361911 ], [ -37.51530687648247, -9.164959409691635 ], [ -37.514872930223888, -9.164566050237053 ], [ -37.515365212199548, -9.164317623062932 ], [ -37.515004298126073, -9.162519927645889 ], [ -37.514868748869112, -9.162410340184156 ], [ -37.51410583263705, -9.162542262680457 ], [ -37.513820945042248, -9.162248664236431 ], [ -37.513298356019668, -9.162429303970018 ], [ -37.512698603330179, -9.161614760447836 ], [ -37.512102522546115, -9.161766897705684 ] ] ] ] } },
{ "type": "Feature", "properties": { "fid": 144.0, "LAT_GD": -9.181241, "LONG_GD": -37.49803, "IMG_ANTES": "05/2021", "IMG_DEPOIS": "07/2021", "BIOMA": "Caatinga", "COD_CAR": "-", "N_IMOVEL": "-", "NM_MUN": "Canapi", "ORGAO": "-", "OPERACAO": "-", "PERIODO": "-", "N_PROCESSO": "-", "DATA_AI": "-", "MOTIVO": "DESMATAMENTO", "AI": "-", "TE": "-", "AI_APP": "-", "TE_APP": "-", "AI_RL": "-", "TE_RL": "-", "AREA_UTM": 11.15, "AREA_UC": 0.0, "AREA_TI": 0.0, "AREA_APP": 0.0, "AREA_RL": 0.0, "FORA_UC": 0.0, "FORA_TI": 0.0, "FORA_APP": 0.0, "FORA_RL": 0.0, "SITUACAO": "EMBARGADA" }, "geometry": { "type": "MultiPolygon", "coordinates": [ [ [ [ -37.500124974786225, -9.180117457564766 ], [ -37.498305330554537, -9.179097780462945 ], [ -37.495950596060673, -9.181394675784027 ], [ -37.497884118427912, -9.183497570872657 ], [ -37.499165608750111, -9.182937993884497 ], [ -37.498673328117945, -9.181711989934781 ], [ -37.500124974786225, -9.180117457564766 ] ] ] ] } },
{ "type": "Feature", "properties": { "fid": 145.0, "LAT_GD": -9.322569, "LONG_GD": -37.118168, "IMG_ANTES": "06/2021", "IMG_DEPOIS": "01/2022", "BIOMA": "Caatinga", "COD_CAR": "AL-2708006-FD59923AA07E41C3AE42B7C06F5E9026", "N_IMOVEL": "FAZENDA CARACOL", "NM_MUN": "Santana do Ipanema", "ORGAO": "-", "OPERACAO": "-", "PERIODO": "-", "N_PROCESSO": "2022.22083174987.AINF.IMA", "DATA_AI": "2022-08-22", "MOTIVO": "DESMATAMENTO", "AI": "2022.22081438260.GEFUC.AINF", "TE": "SERIE C - TALAO 0039 - FOLHA 01908", "AI_APP": "-", "TE_APP": "-", "AI_RL": "-", "TE_RL": "-", "AREA_UTM": 28.62, "AREA_UC": 0.0, "AREA_TI": 0.0, "AREA_APP": 0.0, "AREA_RL": 0.0, "FORA_UC": 0.0, "FORA_TI": 0.0, "FORA_APP": 0.0, "FORA_RL": 0.0, "SITUACAO": "EMBARGADA" }, "geometry": { "type": "MultiPolygon", "coordinates": [ [ [ [ -37.114947697882243, -9.321201368024109 ], [ -37.115657846076481, -9.323450977874497 ], [ -37.115790587750297, -9.323871477397548 ], [ -37.116315294113477, -9.324938533228051 ], [ -37.116571913506597, -9.325617263944219 ], [ -37.119626838857776, -9.323657634329939 ], [ -37.119743369259282, -9.324657383423288 ], [ -37.120293101771615, -9.325035578314326 ], [ -37.120918934124518, -9.324477526185545 ], [ -37.121236496917881, -9.32304248997715 ], [ -37.121407756765336, -9.321421991214821 ], [ -37.121099008428708, -9.32132242700286 ], [ -37.117921017163219, -9.320068762477977 ], [ -37.115341739660742, -9.320779131447706 ], [ -37.114947697882243, -9.321201368024109 ] ] ] ] } },
{ "type": "Feature", "properties": { "fid": 146.0, "LAT_GD": -9.409221, "LONG_GD": -37.215287, "IMG_ANTES": "08/2021", "IMG_DEPOIS": "09/2023", "BIOMA": "Caatinga", "COD_CAR": "AL-2708006-D626603D81D44F8B888A249A70882537", "N_IMOVEL": "-", "NM_MUN": "Santana do Ipanema", "ORGAO": "-", "OPERACAO": "-", "PERIODO": "-", "N_PROCESSO": "2024.2808040112.AI.IMA", "DATA_AI": "2024-08-28", "MOTIVO": "DESMATAMENTO", "AI": "2024.05093155040.AAF.AINF", "TE": "2024.28080102.AI.TA", "AI_APP": "-", "TE_APP": "-", "AI_RL": "-", "TE_RL": "-", "AREA_UTM": 110.65, "AREA_UC": 0.0, "AREA_TI": 0.0, "AREA_APP": 0.0, "AREA_RL": 0.0, "FORA_UC": 0.0, "FORA_TI": 0.0, "FORA_APP": 0.0, "FORA_RL": 0.0, "SITUACAO": "EMBARGADA" }, "geometry": { "type": "MultiPolygon", "coordinates": [ [ [ [ -37.221692342393716, -9.407395203529244 ], [ -37.222795750922856, -9.408170479783927 ], [ -37.223103481190627, -9.408502012392841 ], [ -37.224249393900408, -9.407952858379094 ], [ -37.224647233031128, -9.407589022592918 ], [ -37.225494623335038, -9.406791600646072 ], [ -37.225664072273538, -9.406149805427637 ], [ -37.225454783077623, -9.406082926725896 ], [ -37.225167484202032, -9.406776342659272 ], [ -37.224718640054583, -9.407340798178026 ], [ -37.224099779184613, -9.40780324366327 ], [ -37.223445214802908, -9.407696133128098 ], [ -37.221248598747962, -9.406772942324814 ], [ -37.220588933864576, -9.406351300852963 ], [ -37.215556438877989, -9.404991167072815 ], [ -37.216009010400001, -9.403271538799997 ], [ -37.210301532899997, -9.401734122 ], [ -37.210404797199999, -9.403093189199994 ], [ -37.2105798288, -9.403614639 ], [ -37.211332538900002, -9.4058858583 ], [ -37.211336110200001, -9.405970406799996 ], [ -37.213278468399999, -9.406151385799994 ], [ -37.213383776400001, -9.406564626700007 ], [ -37.213344235, -9.407208666599992 ], [ -37.213124043299999, -9.408353369399993 ], [ -37.213056168300007, -9.408345069799998 ], [ -37.212707548200001, -9.4101242853 ], [ -37.211732540600003, -9.409984854099999 ], [ -37.211234782399998, -9.4108930892 ], [ -37.210928178700001, -9.412037892899994 ], [ -37.2104357718, -9.412683521299991 ], [ -37.211086665800003, -9.413705346800002 ], [ -37.2109620441, -9.414232871199994 ], [ -37.211106531, -9.414869887500002 ], [ -37.211550595600002, -9.416808383300005 ], [ -37.211995433604926, -9.416566659871883 ], [ -37.213229747500002, -9.415990578499995 ], [ -37.213893592200002, -9.415752555599994 ], [ -37.214691369500002, -9.415300402500003 ], [ -37.216044892299998, -9.414260158700003 ], [ -37.216101845099999, -9.414285851199992 ], [ -37.217009878200003, -9.413619261300006 ], [ -37.217412402819825, -9.413379738347382 ], [ -37.217603009199998, -9.413266317699994 ], [ -37.217772291589888, -9.41315864600762 ], [ -37.2183850937, -9.412767253 ], [ -37.21874011, -9.412529105500001 ], [ -37.220423021, -9.411005649699998 ], [ -37.22066241, -9.410678317200002 ], [ -37.220927618640815, -9.410445363665429 ], [ -37.219852745927732, -9.409219723488714 ], [ -37.220537928847776, -9.407332297341895 ], [ -37.220939168312931, -9.407277891990681 ], [ -37.220435918814275, -9.406747439816423 ], [ -37.220670541891351, -9.406563821756116 ], [ -37.221692342393716, -9.407395203529244 ] ] ] ] } },
{ "type": "Feature", "properties": { "fid": 147.0, "LAT_GD": -9.332416, "LONG_GD": -37.026101, "IMG_ANTES": "05/2021", "IMG_DEPOIS": "09/2023", "BIOMA": "Caatinga", "COD_CAR": "AL-2702504-4915A4376228479A8D730575D99EC4D5", "N_IMOVEL": "-", "NM_MUN": "Dois Riachos", "ORGAO": "-", "OPERACAO": "-", "PERIODO": "-", "N_PROCESSO": "-", "DATA_AI": "-", "MOTIVO": "DESMATAMENTO", "AI": "-", "TE": "-", "AI_APP": "-", "TE_APP": "-", "AI_RL": "-", "TE_RL": "-", "AREA_UTM": 28.8, "AREA_UC": 0.0, "AREA_TI": 0.0, "AREA_APP": 0.0, "AREA_RL": 0.0, "FORA_UC": 0.0, "FORA_TI": 0.0, "FORA_APP": 0.0, "FORA_RL": 0.0, "SITUACAO": "EMBARGADA" }, "geometry": { "type": "MultiPolygon", "coordinates": [ [ [ [ -37.02274205206615, -9.332097294709643 ], [ -37.025000226556955, -9.33507742171982 ], [ -37.025585091238668, -9.336082447698953 ], [ -37.025912877015706, -9.33596519108262 ], [ -37.026176587185901, -9.335828650569086 ], [ -37.026458733020668, -9.33568256430493 ], [ -37.028324393403693, -9.334482955441464 ], [ -37.027707643290476, -9.333813056305926 ], [ -37.027145149470876, -9.333405580468089 ], [ -37.027092000448548, -9.333082257248956 ], [ -37.027291309282262, -9.333077828163759 ], [ -37.027663352438537, -9.333480874916381 ], [ -37.028088544617127, -9.333303711508636 ], [ -37.028115119128287, -9.332874090244854 ], [ -37.027982246572471, -9.332533050684923 ], [ -37.028079686446731, -9.332302738254848 ], [ -37.028496020454945, -9.332143291187887 ], [ -37.027867090357432, -9.331735815350068 ], [ -37.028039824679986, -9.331346055853007 ], [ -37.028713045629431, -9.33046909698465 ], [ -37.028447300517804, -9.329804734205595 ], [ -37.027613163497541, -9.328695994237258 ], [ -37.027346028521912, -9.328882523806868 ], [ -37.027056964727535, -9.329000041138912 ], [ -37.026798731610455, -9.329280650860269 ], [ -37.02274205206615, -9.332097294709643 ] ] ] ] } },
{ "type": "Feature", "properties": { "fid": 148.0, "LAT_GD": -9.256233, "LONG_GD": -35.9741, "IMG_ANTES": "-", "IMG_DEPOIS": "-", "BIOMA": "Mata Atlântica", "COD_CAR": "-", "N_IMOVEL": "-", "NM_MUN": "Murici", "ORGAO": "-", "OPERACAO": "-", "PERIODO": "-", "N_PROCESSO": "2024.02092197689.AINF.IMA", "DATA_AI": "2024-08-28", "MOTIVO": "DESMATAMENTO", "AI": "2024.09091358789.UCS.AINF", "TE": "SERIE C - TALAO 0049 - FOLHA 04751", "AI_APP": "-", "TE_APP": "-", "AI_RL": "-", "TE_RL": "-", "AREA_UTM": 10.09, "AREA_UC": 0.0, "AREA_TI": 0.0, "AREA_APP": 0.0, "AREA_RL": 0.0, "FORA_UC": 0.0, "FORA_TI": 0.0, "FORA_APP": 0.0, "FORA_RL": 0.0, "SITUACAO": "EMBARGADA" }, "geometry": { "type": "MultiPolygon", "coordinates": [ [ [ [ -35.97321550748326, -9.259539203866028 ], [ -35.973239710971214, -9.25951984107566 ], [ -35.973276016203137, -9.259521051250051 ], [ -35.973298240801533, -9.259528671113207 ], [ -35.973315653594653, -9.259521705993885 ], [ -35.973405696633066, -9.259532146500636 ], [ -35.9734612504189, -9.259575355000729 ], [ -35.973532235811909, -9.25957998448288 ], [ -35.973530692651195, -9.259555293911395 ], [ -35.973485940990379, -9.25955683707212 ], [ -35.9734612504189, -9.259527517018489 ], [ -35.9734612504189, -9.259478135875515 ], [ -35.973523457583816, -9.259424217702671 ], [ -35.973623511356372, -9.259354949706273 ], [ -35.973633773281762, -9.259297226375962 ], [ -35.973606835727615, -9.25927670252517 ], [ -35.973579898173462, -9.259220261935528 ], [ -35.973582463654814, -9.259174083271271 ], [ -35.973556808841337, -9.259104815274874 ], [ -35.973547829656617, -9.259054788388603 ], [ -35.973665841798613, -9.259025285353097 ], [ -35.973678669205349, -9.25890727321111 ], [ -35.973653014391871, -9.258908555951782 ], [ -35.973610683949637, -9.258845701658764 ], [ -35.973651731651195, -9.258808502179214 ], [ -35.973719716906913, -9.258735385960817 ], [ -35.973777440237235, -9.258673814408477 ], [ -35.973787702162625, -9.258631483966239 ], [ -35.97379026764397, -9.258593001746016 ], [ -35.973831315345535, -9.258573760635908 ], [ -35.973869797565754, -9.25852373374963 ], [ -35.973959589412921, -9.258603263671414 ], [ -35.974001919855155, -9.258657138779704 ], [ -35.973958306672245, -9.258739234182844 ], [ -35.973941631043488, -9.258832874252018 ], [ -35.973962154894267, -9.258846984399433 ], [ -35.974027574668632, -9.258858529065508 ], [ -35.974092994442998, -9.258908555951777 ], [ -35.974107104590409, -9.25899449957692 ], [ -35.974090428961652, -9.259136883791719 ], [ -35.974053229482109, -9.259179214233962 ], [ -35.97398909244842, -9.259165104086547 ], [ -35.973957023931575, -9.2591920416407 ], [ -35.973957023931575, -9.259211282750806 ], [ -35.973933934599444, -9.259262592377766 ], [ -35.973854404677667, -9.259261309637083 ], [ -35.973851839196321, -9.25934981874358 ], [ -35.973830032604866, -9.259356232446949 ], [ -35.97382874986419, -9.259422934961998 ], [ -35.97386338386238, -9.259419086739964 ], [ -35.973880059491144, -9.259446024294116 ], [ -35.973867232084402, -9.2594768100703 ], [ -35.973813356976102, -9.259474244588938 ], [ -35.973791550384647, -9.259485789255015 ], [ -35.973785136681279, -9.259503747624443 ], [ -35.973739019348073, -9.259552207589957 ], [ -35.97369118136583, -9.259544491786372 ], [ -35.973660318151474, -9.259555293911397 ], [ -35.973657231830039, -9.259579984482889 ], [ -35.973635627579988, -9.259615477179397 ], [ -35.973635627579988, -9.259674117286668 ], [ -35.973814634223238, -9.259541405464935 ], [ -35.973965872960008, -9.259483980625655 ], [ -35.974159221472888, -9.259492208221957 ], [ -35.974648763452315, -9.258722927968568 ], [ -35.974698129030067, -9.258591286427878 ], [ -35.974701367139446, -9.258426142849631 ], [ -35.974652795498784, -9.258131474896304 ], [ -35.97462041440501, -9.257843283161709 ], [ -35.974701367139446, -9.257674901474088 ], [ -35.974872986936447, -9.257205375614376 ], [ -35.974989558874029, -9.256991660395474 ], [ -35.975002511311537, -9.256865374129745 ], [ -35.975064035389707, -9.256412038816922 ], [ -35.974915082358351, -9.256311657426215 ], [ -35.974675462264422, -9.256136799519846 ], [ -35.974513556795557, -9.256191847379259 ], [ -35.974400222967347, -9.256288990660583 ], [ -35.974309555904782, -9.256473562895096 ], [ -35.974186507748442, -9.25667756378586 ], [ -35.973980933479794, -9.257072751589364 ], [ -35.973964685996222, -9.257108995975795 ], [ -35.973929691416217, -9.257203981264384 ], [ -35.973759717741899, -9.257361456874408 ], [ -35.973659733227599, -9.257281469262969 ], [ -35.973606304002772, -9.257350208616556 ], [ -35.973466638134354, -9.257517682678021 ], [ -35.973410396845061, -9.257620166805166 ], [ -35.973371652845763, -9.25767390848161 ], [ -35.973285416202181, -9.257753896093053 ], [ -35.97324542239646, -9.257806387963067 ], [ -35.97322167607431, -9.257920120348077 ], [ -35.973157935946446, -9.257972612218085 ], [ -35.97305920123857, -9.258133837247405 ], [ -35.972974214401411, -9.258232571955279 ], [ -35.972888290209433, -9.258425042145312 ], [ -35.972782056662993, -9.258493781498894 ], [ -35.972760809953698, -9.258607513883915 ], [ -35.972628330472247, -9.258727495301075 ], [ -35.972618332020822, -9.258734994139653 ], [ -35.972567089957238, -9.258668754398919 ], [ -35.972520847119377, -9.258692500721068 ], [ -35.972485852539371, -9.258635009625346 ], [ -35.97248335292651, -9.258582517755327 ], [ -35.972565840150814, -9.258568769884612 ], [ -35.972540844022234, -9.258491281886034 ], [ -35.972457106991506, -9.258370050662442 ], [ -35.972432110862933, -9.258237571180985 ], [ -35.972448358346504, -9.258122588989538 ], [ -35.972453357572221, -9.25804760060381 ], [ -35.972442109314365, -9.257912621509515 ], [ -35.972478353700794, -9.257776392608781 ], [ -35.972574276344204, -9.257598920095889 ], [ -35.972639266278499, -9.257488937130152 ], [ -35.972695507567799, -9.257348958810137 ], [ -35.972736751179944, -9.257183984361527 ], [ -35.972810489759247, -9.25712399365295 ], [ -35.972924222144265, -9.256969017655781 ], [ -35.973009208981424, -9.256817791077893 ], [ -35.973074198915718, -9.256637818952155 ], [ -35.973204178784307, -9.256494091212849 ], [ -35.973287603363431, -9.256334115989967 ], [ -35.973382588652015, -9.256166641928507 ], [ -35.973482573166322, -9.256077905672067 ], [ -35.973602242131875, -9.255916680642747 ], [ -35.973624738647594, -9.255832943612019 ], [ -35.973755968322614, -9.255601729422699 ], [ -35.973751906451724, -9.255441754199808 ], [ -35.97376315470958, -9.255366765814086 ], [ -35.973901883223178, -9.25531427394408 ], [ -35.974039002076019, -9.255251728503699 ], [ -35.974160423518398, -9.255093288327922 ], [ -35.974333345500078, -9.254982444795811 ], [ -35.974341795665097, -9.254967657007029 ], [ -35.974411509526504, -9.254745840175255 ], [ -35.974447422727842, -9.254720489680205 ], [ -35.974608642023519, -9.254644883602014 ], [ -35.97468324669439, -9.254598408561142 ], [ -35.974710153297004, -9.254529919027226 ], [ -35.974757851365261, -9.254465098575487 ], [ -35.974822671817002, -9.25438315574028 ], [ -35.974810441543092, -9.254370925466349 ], [ -35.974762743474827, -9.254410062342888 ], [ -35.97473583687222, -9.254385601795056 ], [ -35.974762743474827, -9.254284090521569 ], [ -35.974783534940485, -9.254246176672435 ], [ -35.974776296050337, -9.254203685972456 ], [ -35.974721021218954, -9.254201333851974 ], [ -35.974704556375563, -9.254163699924229 ], [ -35.974711612737018, -9.254087256008477 ], [ -35.974732781821373, -9.254035509357827 ], [ -35.974781000291308, -9.253975530285468 ], [ -35.974818634219055, -9.253969649984247 ], [ -35.974856268146802, -9.253964945743281 ], [ -35.974872438975133, -9.253904966670937 ], [ -35.974891255939006, -9.253876741225131 ], [ -35.97495711531257, -9.253799121249138 ], [ -35.975058256493398, -9.253695627947831 ], [ -35.975088834059697, -9.253629768574264 ], [ -35.975142932830835, -9.253596838887475 ], [ -35.975201441827885, -9.253545092236825 ], [ -35.975234371514667, -9.253500401947617 ], [ -35.975281413924357, -9.253486289224723 ], [ -35.975274357562903, -9.253452183477687 ], [ -35.975199089707402, -9.253343985935409 ], [ -35.975140286695293, -9.253271070200389 ], [ -35.97501562430962, -9.253221675670231 ], [ -35.974929771911938, -9.253148759935218 ], [ -35.974831276866659, -9.253068787838741 ], [ -35.974683093276141, -9.253024097549533 ], [ -35.974466698191577, -9.252978231200084 ], [ -35.974378493673413, -9.252974703019362 ], [ -35.974250597122079, -9.2529617663567 ], [ -35.974180033507544, -9.252975879079605 ], [ -35.974020089314607, -9.253085252682125 ], [ -35.973829861570437, -9.253214619308777 ], [ -35.973622874967809, -9.253389852284849 ], [ -35.973474985392357, -9.253572141622401 ], [ -35.973372668151285, -9.253767367622601 ], [ -35.97322830675656, -9.254124889936227 ], [ -35.973111876792586, -9.254324820177391 ], [ -35.973075418925077, -9.254508285575179 ], [ -35.973042016400179, -9.254665624407535 ], [ -35.973020769690883, -9.254796854082562 ], [ -35.973002022594457, -9.254964328144021 ], [ -35.972990774336594, -9.255020569433309 ], [ -35.972993273949456, -9.25505556401332 ], [ -35.973008271626597, -9.255101806851187 ], [ -35.97299577356231, -9.255205540784781 ], [ -35.972940782079448, -9.255461751102674 ], [ -35.972943281692302, -9.25562922516413 ], [ -35.972900788273726, -9.255960423867757 ], [ -35.972810802210851, -9.256120399090632 ], [ -35.972814551630137, -9.256229132249938 ], [ -35.972779557050131, -9.25625662799137 ], [ -35.972688321180833, -9.256419102827119 ], [ -35.972578338215101, -9.256550332502149 ], [ -35.972583337440817, -9.25691277636648 ], [ -35.972533345183663, -9.257190233393674 ], [ -35.972449608152935, -9.25743144603442 ], [ -35.972264636801476, -9.257821385640201 ], [ -35.972247139511474, -9.257896374025931 ], [ -35.972298381575051, -9.257897623832372 ], [ -35.972392117057211, -9.257918870541646 ], [ -35.972404615121498, -9.258071346925961 ], [ -35.972357122477206, -9.258301311308854 ], [ -35.972320565639166, -9.258315059179569 ], [ -35.972351810799886, -9.258485032853885 ], [ -35.972388055186315, -9.25846628575745 ], [ -35.97242304976632, -9.258515028208171 ], [ -35.972403052863463, -9.258555022013892 ], [ -35.972441796862753, -9.25861251310962 ], [ -35.97250303737777, -9.258817481363938 ], [ -35.972556912486077, -9.258970127504124 ], [ -35.972623615001112, -9.259129187347689 ], [ -35.972624965890631, -9.259129637644255 ], [ -35.97264632881307, -9.259126670571202 ], [ -35.972655984772061, -9.259127743455515 ], [ -35.972696754376678, -9.259138472298849 ], [ -35.972704264567007, -9.259142763836168 ], [ -35.972708556104337, -9.259158857101152 ], [ -35.972716066294659, -9.259167440175814 ], [ -35.972716066294659, -9.259174950366139 ], [ -35.97273108667531, -9.259202845358759 ], [ -35.972747179940292, -9.259207136896087 ], [ -35.972780439354587, -9.259203918243099 ], [ -35.97279009531357, -9.259218938623759 ], [ -35.972800824156892, -9.259244687847728 ], [ -35.972808334347221, -9.259265072650035 ], [ -35.972808334347221, -9.259271509956015 ], [ -35.972816917421873, -9.259290821874 ], [ -35.972849103951837, -9.259311206676317 ], [ -35.972875926060141, -9.259340174553286 ], [ -35.972878071828802, -9.25936485089291 ], [ -35.972885582019131, -9.259375579736227 ], [ -35.972916695664757, -9.25937236108323 ], [ -35.972932788929739, -9.259385235695227 ], [ -35.972961756806704, -9.259420640878179 ], [ -35.972973558534363, -9.259409912034867 ], [ -35.973003599295659, -9.259438879911823 ], [ -35.973034712941292, -9.259469993557454 ], [ -35.973099086001213, -9.259529002195723 ], [ -35.973117325034863, -9.259575136222008 ], [ -35.973184032021933, -9.25957660231254 ], [ -35.973187379527268, -9.259570450139483 ], [ -35.973202385311026, -9.259565448212117 ], [ -35.97321550748326, -9.259539203866028 ] ], [ [ -35.974000911637695, -9.257720136514937 ], [ -35.974165803341698, -9.257394017367034 ], [ -35.974378330426852, -9.257044080528539 ], [ -35.974493754619651, -9.256848042613786 ], [ -35.974513908050135, -9.256630019138495 ], [ -35.974601850292274, -9.256432149093692 ], [ -35.974706281704805, -9.256441309743909 ], [ -35.974684296144268, -9.256659333219211 ], [ -35.97482903441778, -9.256820560663121 ], [ -35.974728267265334, -9.256959802546495 ], [ -35.974878501928984, -9.257031255618232 ], [ -35.974841859328095, -9.257130190640636 ], [ -35.974636660763117, -9.257086219519572 ], [ -35.974387491077074, -9.257306075124898 ], [ -35.974327030785602, -9.25740501014729 ], [ -35.974339855695916, -9.257502113039644 ], [ -35.974471769059114, -9.257586391021691 ], [ -35.974405812377519, -9.257690822434236 ], [ -35.974590857512005, -9.257703647344542 ], [ -35.974596353902136, -9.257782428936453 ], [ -35.974461234311356, -9.257824567927468 ], [ -35.974228553795712, -9.25787403543867 ], [ -35.97410396895269, -9.258108548084364 ], [ -35.974147940073756, -9.258134197904981 ], [ -35.97419740758496, -9.258227636537244 ], [ -35.974125954513227, -9.258361382030499 ], [ -35.973865792046915, -9.258465813443026 ], [ -35.973841974356347, -9.258315578779376 ], [ -35.9737576963743, -9.258205650976713 ], [ -35.974000911637695, -9.257720136514937 ] ] ], [ [ [ -35.974649161894156, -9.256083651421953 ], [ -35.974580957527564, -9.256105123166984 ], [ -35.9745481183881, -9.2561354362188 ], [ -35.974551698440237, -9.256178879220075 ], [ -35.974675462264422, -9.256136799519846 ], [ -35.974715699665339, -9.256166161947533 ], [ -35.974743890181081, -9.256062179676906 ], [ -35.974685790165097, -9.256057127501599 ], [ -35.974649161894156, -9.256083651421953 ] ] ], [ [ [ -35.975074807663404, -9.256040707931865 ], [ -35.975084912014012, -9.255803255692653 ], [ -35.975072281575756, -9.255781783947606 ], [ -35.975050809830719, -9.25577925785996 ], [ -35.975015444603599, -9.255780520903771 ], [ -35.974969975025871, -9.255794414385873 ], [ -35.974963659806747, -9.255817149174717 ], [ -35.974962396762919, -9.255825990481499 ], [ -35.974969975025871, -9.25584872527037 ], [ -35.974981342420307, -9.255855040489504 ], [ -35.975016707647427, -9.255861355708616 ], [ -35.975026811998028, -9.255873986146881 ], [ -35.974997761990039, -9.255882827453664 ], [ -35.974958607631443, -9.255890405716624 ], [ -35.974924505448151, -9.255909351373994 ], [ -35.974892929352507, -9.2559194557246 ], [ -35.974895455440162, -9.25593713833816 ], [ -35.974930820667282, -9.255944716601119 ], [ -35.974940925017883, -9.255945979644938 ], [ -35.974976290245003, -9.255933349206687 ], [ -35.974988920683259, -9.255939664425819 ], [ -35.975007866340647, -9.255967451389987 ], [ -35.975010392428295, -9.25598639704736 ], [ -35.974999025033867, -9.256007868792397 ], [ -35.974969975025871, -9.256015447055358 ], [ -35.974921979360502, -9.256015447055365 ], [ -35.974914401097543, -9.256028077493619 ], [ -35.974935872842579, -9.256038181844225 ], [ -35.974963659806747, -9.256038181844213 ], [ -35.974991446770915, -9.256041970975703 ], [ -35.975019233735075, -9.256054601413952 ], [ -35.975053335918368, -9.256065968808391 ], [ -35.975068492444279, -9.256092492728719 ], [ -35.975049546786892, -9.256149329700872 ], [ -35.975024285910379, -9.256191010147122 ], [ -35.974862646807551, -9.256273393645897 ], [ -35.974934323826069, -9.256324624502289 ], [ -35.975064035389707, -9.256412038816922 ], [ -35.975074807663404, -9.256040707931865 ] ] ], [ [ [ -35.975500137671702, -9.254693040169876 ], [ -35.975472350707534, -9.254761244536464 ], [ -35.975438248524242, -9.254814292377144 ], [ -35.975392778946521, -9.254901442401104 ], [ -35.975362465894705, -9.254951964154142 ], [ -35.975301839791072, -9.25501259025777 ], [ -35.97531194414168, -9.25502648373986 ], [ -35.975322048492281, -9.255046692441065 ], [ -35.975324574579936, -9.255071953317575 ], [ -35.975334678930537, -9.255090898974965 ], [ -35.975349835456448, -9.255098477237906 ], [ -35.975376359376789, -9.25512247507061 ], [ -35.975391515902693, -9.255132579421213 ], [ -35.975406672428605, -9.255092162018785 ], [ -35.975419302866861, -9.255070690273749 ], [ -35.975447089831022, -9.255005011994816 ], [ -35.975476139839017, -9.254933018496757 ], [ -35.975491296364922, -9.254887548919037 ], [ -35.97549255940875, -9.254844605428955 ], [ -35.97549255940875, -9.254805451070352 ], [ -35.975500137671702, -9.254780190193838 ], [ -35.97552918767969, -9.254739772791426 ], [ -35.975592339870978, -9.254530107516356 ], [ -35.975602444221579, -9.254488427070113 ], [ -35.975588550739502, -9.254472007500386 ], [ -35.97553802898647, -9.254549053173752 ], [ -35.975514031153786, -9.254617257540332 ], [ -35.975506452890833, -9.254648833635981 ], [ -35.975500137671702, -9.254693040169876 ] ] ] ] } },
{ "type": "Feature", "properties": { "fid": 149.0, "LAT_GD": -9.397158, "LONG_GD": -37.842338, "IMG_ANTES": "06/2018", "IMG_DEPOIS": "08/2022", "BIOMA": "Caatinga", "COD_CAR": "AL-2705804-12E344B688994B8CA195A7D3BDEDB1A4", "N_IMOVEL": "ASSOCIACAO RIACHO SECO IV LOTE 22", "NM_MUN": "Olho d'Água do Casado", "ORGAO": "-", "OPERACAO": "XI FPI - 2022", "PERIODO": "-", "N_PROCESSO": "-", "DATA_AI": "-", "MOTIVO": "DESMATAMENTO", "AI": "-", "TE": "-", "AI_APP": "-", "TE_APP": "-", "AI_RL": "-", "TE_RL": "-", "AREA_UTM": 5.4, "AREA_UC": 0.0, "AREA_TI": 0.0, "AREA_APP": 0.0, "AREA_RL": 0.0, "FORA_UC": 0.0, "FORA_TI": 0.0, "FORA_APP": 0.0, "FORA_RL": 0.0, "SITUACAO": "EMBARGADA" }, "geometry": { "type": "MultiPolygon", "coordinates": [ [ [ [ -37.84160679887372, -9.396949316496517 ], [ -37.841339360324312, -9.398795132166251 ], [ -37.842796133109822, -9.39881173917248 ], [ -37.842921245378129, -9.397730685051599 ], [ -37.843194567132826, -9.3953690046595 ], [ -37.841997313863388, -9.395204342293642 ], [ -37.842059551839583, -9.396962330079115 ], [ -37.84160679887372, -9.396949316496517 ] ] ] ] } },
{ "type": "Feature", "properties": { "fid": 150.0, "LAT_GD": -9.282025, "LONG_GD": -38.068905, "IMG_ANTES": "11/2018", "IMG_DEPOIS": "10/2022", "BIOMA": "Caatinga", "COD_CAR": "AL-2706422-06879EF3FA2549FDBC49BCBF49234B5D", "N_IMOVEL": "SITIO LAGOA DA VACA", "NM_MUN": "Pariconha", "ORGAO": "-", "OPERACAO": "XI FPI - 2022", "PERIODO": "-", "N_PROCESSO": "-", "DATA_AI": "-", "MOTIVO": "DESMATAMENTO", "AI": "-", "TE": "-", "AI_APP": "-", "TE_APP": "-", "AI_RL": "-", "TE_RL": "-", "AREA_UTM": 3.0, "AREA_UC": 0.0, "AREA_TI": 0.0, "AREA_APP": 0.0, "AREA_RL": 0.0, "FORA_UC": 0.0, "FORA_TI": 0.0, "FORA_APP": 0.0, "FORA_RL": 0.0, "SITUACAO": "EMBARGADA" }, "geometry": { "type": "MultiPolygon", "coordinates": [ [ [ [ -38.070206778781362, -9.282992036678454 ], [ -38.070254232182833, -9.282203351477586 ], [ -38.069007380560244, -9.281839508995985 ], [ -38.069212695822138, -9.281411833226766 ], [ -38.068623778478056, -9.281049701697688 ], [ -38.067337770971079, -9.281714056721501 ], [ -38.068547735038443, -9.282442697072515 ], [ -38.069767558916361, -9.282864759410714 ], [ -38.070206778781362, -9.282992036678454 ] ] ] ] } },
{ "type": "Feature", "properties": { "fid": 151.0, "LAT_GD": -9.277956, "LONG_GD": -38.081185, "IMG_ANTES": "11/2018", "IMG_DEPOIS": "10/2022", "BIOMA": "Caatinga", "COD_CAR": "-", "N_IMOVEL": "-", "NM_MUN": "Pariconha", "ORGAO": "-", "OPERACAO": "XI FPI - 2022", "PERIODO": "-", "N_PROCESSO": "-", "DATA_AI": "-", "MOTIVO": "DESMATAMENTO", "AI": "-", "TE": "-", "AI_APP": "-", "TE_APP": "-", "AI_RL": "-", "TE_RL": "-", "AREA_UTM": 16.58, "AREA_UC": 0.0, "AREA_TI": 0.0, "AREA_APP": 0.0, "AREA_RL": 0.0, "FORA_UC": 0.0, "FORA_TI": 0.0, "FORA_APP": 0.0, "FORA_RL": 0.0, "SITUACAO": "EMBARGADA" }, "geometry": { "type": "MultiPolygon", "coordinates": [ [ [ [ -38.08498979533779, -9.277824018574986 ], [ -38.083448357092287, -9.27732424792857 ], [ -38.083631901383548, -9.27653590645785 ], [ -38.082431244834147, -9.27585670499931 ], [ -38.080860561230388, -9.277881044856176 ], [ -38.080089022939639, -9.277946673931309 ], [ -38.076234986078788, -9.276877482624446 ], [ -38.07584659267539, -9.27791320126426 ], [ -38.079859272997851, -9.279050418168149 ], [ -38.080133281316471, -9.278374999373655 ], [ -38.081811603210127, -9.278582148666422 ], [ -38.083826959706002, -9.280052252300901 ], [ -38.08498979533779, -9.277824018574986 ] ] ] ] } },
{ "type": "Feature", "properties": { "fid": 152.0, "LAT_GD": -9.399692, "LONG_GD": -37.833988, "IMG_ANTES": "06/2018", "IMG_DEPOIS": "08/2022", "BIOMA": "Caatinga", "COD_CAR": "AL-2705804-0E7808CE7B99482B8D44907B7B7287BB", "N_IMOVEL": "ASSOCIACAO RIACHO SECO IV LOTE 09", "NM_MUN": "Olho d'Água do Casado", "ORGAO": "-", "OPERACAO": "XI FPI - 2022", "PERIODO": "-", "N_PROCESSO": "-", "DATA_AI": "-", "MOTIVO": "DESMATAMENTO", "AI": "-", "TE": "-", "AI_APP": "-", "TE_APP": "-", "AI_RL": "-", "TE_RL": "-", "AREA_UTM": 4.86, "AREA_UC": 0.0, "AREA_TI": 0.0, "AREA_APP": 0.0, "AREA_RL": 0.0, "FORA_UC": 0.0, "FORA_TI": 0.0, "FORA_APP": 0.0, "FORA_RL": 0.0, "SITUACAO": "EMBARGADA" }, "geometry": { "type": "MultiPolygon", "coordinates": [ [ [ [ -37.835030966829713, -9.39970688317957 ], [ -37.835091376689633, -9.398680799079278 ], [ -37.833028594163828, -9.398722839172345 ], [ -37.832997175504374, -9.400043147976318 ], [ -37.83300670520871, -9.400874870172128 ], [ -37.834948168859071, -9.40052634368514 ], [ -37.834984950541084, -9.39970673141042 ], [ -37.835030966829713, -9.39970688317957 ] ] ] ] } },
{ "type": "Feature", "properties": { "fid": 153.0, "LAT_GD": -9.088037, "LONG_GD": -37.627804, "IMG_ANTES": "05/2021", "IMG_DEPOIS": "10/2022", "BIOMA": "Caatinga", "COD_CAR": "-", "N_IMOVEL": "-", "NM_MUN": "Mata Grande", "ORGAO": "-", "OPERACAO": "XI FPI - 2022", "PERIODO": "-", "N_PROCESSO": "-", "DATA_AI": "-", "MOTIVO": "DESMATAMENTO", "AI": "-", "TE": "-", "AI_APP": "-", "TE_APP": "-", "AI_RL": "-", "TE_RL": "-", "AREA_UTM": 40.02, "AREA_UC": 0.0, "AREA_TI": 0.0, "AREA_APP": 0.0, "AREA_RL": 0.0, "FORA_UC": 0.0, "FORA_TI": 0.0, "FORA_APP": 0.0, "FORA_RL": 0.0, "SITUACAO": "EMBARGADA" }, "geometry": { "type": "MultiPolygon", "coordinates": [ [ [ [ -37.625704506505599, -9.091608164343585 ], [ -37.632202205318571, -9.08804963210962 ], [ -37.63261311281687, -9.087307539505586 ], [ -37.630354016112605, -9.085180842607441 ], [ -37.628403600302235, -9.085353792763579 ], [ -37.626404579449265, -9.086382851562236 ], [ -37.623090609114165, -9.087406938361744 ], [ -37.625704506505599, -9.091608164343585 ] ] ] ] } },
{ "type": "Feature", "properties": { "fid": 154.0, "LAT_GD": -9.399277, "LONG_GD": -37.836141, "IMG_ANTES": "06/2018", "IMG_DEPOIS": "08/2022", "BIOMA": "Caatinga", "COD_CAR": "AL-2705804-B0B8930856FE402189C541C5750F0316", "N_IMOVEL": "ASSOCIACAO RIACHO SECO IV LOTE 10", "NM_MUN": "Olho d'Água do Casado", "ORGAO": "-", "OPERACAO": "XI FPI - 2022", "PERIODO": "-", "N_PROCESSO": "-", "DATA_AI": "-", "MOTIVO": "DESMATAMENTO", "AI": "-", "TE": "-", "AI_APP": "-", "TE_APP": "-", "AI_RL": "-", "TE_RL": "-", "AREA_UTM": 2.79, "AREA_UC": 0.0, "AREA_TI": 0.0, "AREA_APP": 0.0, "AREA_RL": 0.0, "FORA_UC": 0.0, "FORA_TI": 0.0, "FORA_APP": 0.0, "FORA_RL": 0.0, "SITUACAO": "EMBARGADA" }, "geometry": { "type": "MultiPolygon", "coordinates": [ [ [ [ -37.836899637013126, -9.401228854137777 ], [ -37.837078094769218, -9.398613934349189 ], [ -37.836236256821287, -9.398635638598696 ], [ -37.835113172746382, -9.398664593930349 ], [ -37.835051701608201, -9.39970695156426 ], [ -37.836814592248835, -9.399712761245242 ], [ -37.836826532223029, -9.401233956617537 ], [ -37.836899637013126, -9.401228854137777 ] ] ] ] } },
{ "type": "Feature", "properties": { "fid": 155.0, "LAT_GD": -9.27587, "LONG_GD": -38.034854, "IMG_ANTES": "05/2021", "IMG_DEPOIS": "10/2022", "BIOMA": "Caatinga", "COD_CAR": "-", "N_IMOVEL": "-", "NM_MUN": "Pariconha", "ORGAO": "-", "OPERACAO": "XI FPI - 2022", "PERIODO": "-", "N_PROCESSO": "-", "DATA_AI": "-", "MOTIVO": "DESMATAMENTO", "AI": "-", "TE": "-", "AI_APP": "-", "TE_APP": "-", "AI_RL": "-", "TE_RL": "-", "AREA_UTM": 3.43, "AREA_UC": 0.0, "AREA_TI": 0.0, "AREA_APP": 0.0, "AREA_RL": 0.0, "FORA_UC": 0.0, "FORA_TI": 0.0, "FORA_APP": 0.0, "FORA_RL": 0.0, "SITUACAO": "EMBARGADA" }, "geometry": { "type": "MultiPolygon", "coordinates": [ [ [ [ -38.036853205777476, -9.273714201974689 ], [ -38.036468517937948, -9.273352571387921 ], [ -38.0358788217195, -9.273294640273136 ], [ -38.035685401602315, -9.273508222415138 ], [ -38.035774547947717, -9.274094429440405 ], [ -38.036488683519785, -9.27427665047319 ], [ -38.036351118654423, -9.274805903973322 ], [ -38.03606615149166, -9.275312223104843 ], [ -38.035668734810884, -9.275457643928204 ], [ -38.035316044665116, -9.275839825264018 ], [ -38.034930648096854, -9.275737368628132 ], [ -38.033725170050381, -9.276860973533701 ], [ -38.03398535848433, -9.277120853664973 ], [ -38.032927645701406, -9.278132168251682 ], [ -38.032690329533047, -9.277804737736043 ], [ -38.032042427052986, -9.278287533994932 ], [ -38.032370119564987, -9.278750432357135 ], [ -38.034280255641654, -9.277132918451008 ], [ -38.034593924875487, -9.276854614671793 ], [ -38.035561773012773, -9.275742159476845 ], [ -38.035622807483371, -9.275660354785908 ], [ -38.036099689309388, -9.275492610940038 ], [ -38.036498428045874, -9.2748626436303 ], [ -38.03669292441139, -9.274254663151078 ], [ -38.036853205777476, -9.273714201974689 ] ] ] ] } },
{ "type": "Feature", "properties": { "fid": 156.0, "LAT_GD": -9.557276, "LONG_GD": -37.683505, "IMG_ANTES": "05/2016", "IMG_DEPOIS": "05/2019", "BIOMA": "Caatinga", "COD_CAR": "AL-2707107-F11DD2008EE64277B9EEDE662DDACD4B", "N_IMOVEL": "FAZENDA PIAU", "NM_MUN": "Piranhas", "ORGAO": "-", "OPERACAO": "XI FPI - 2022", "PERIODO": "-", "N_PROCESSO": "-", "DATA_AI": "-", "MOTIVO": "DESMATAMENTO", "AI": "-", "TE": "-", "AI_APP": "-", "TE_APP": "-", "AI_RL": "-", "TE_RL": "-", "AREA_UTM": 17.03, "AREA_UC": 0.0, "AREA_TI": 0.0, "AREA_APP": 0.0, "AREA_RL": 0.0, "FORA_UC": 0.0, "FORA_TI": 0.0, "FORA_APP": 0.0, "FORA_RL": 0.0, "SITUACAO": "EMBARGADA" }, "geometry": { "type": "MultiPolygon", "coordinates": [ [ [ [ -37.685512454804353, -9.554598721895923 ], [ -37.680648458626372, -9.557546361687843 ], [ -37.681839765047371, -9.559908521602198 ], [ -37.685065235295077, -9.557994065359415 ], [ -37.686223001582995, -9.555792905208962 ], [ -37.685512454804353, -9.554598721895923 ] ] ] ] } },
{ "type": "Feature", "properties": { "fid": 157.0, "LAT_GD": -9.027507, "LONG_GD": -37.715072, "IMG_ANTES": "09/2021", "IMG_DEPOIS": "10/2022", "BIOMA": "Caatinga", "COD_CAR": "AL-2705002-6C890253E10E493089DC3FE6FF919BF3", "N_IMOVEL": "SITIO LAGOA DO QUIPA", "NM_MUN": "Mata Grande", "ORGAO": "-", "OPERACAO": "XI FPI - 2022", "PERIODO": "-", "N_PROCESSO": "-", "DATA_AI": "-", "MOTIVO": "DESMATAMENTO", "AI": "-", "TE": "-", "AI_APP": "-", "TE_APP": "-", "AI_RL": "-", "TE_RL": "-", "AREA_UTM": 4.21, "AREA_UC": 0.0, "AREA_TI": 0.0, "AREA_APP": 0.0, "AREA_RL": 0.0, "FORA_UC": 0.0, "FORA_TI": 0.0, "FORA_APP": 0.0, "FORA_RL": 0.0, "SITUACAO": "EMBARGADA" }, "geometry": { "type": "MultiPolygon", "coordinates": [ [ [ [ -37.715087573032982, -9.028895311021417 ], [ -37.715835923098197, -9.028346278644019 ], [ -37.716159241676301, -9.028132567753401 ], [ -37.716322062718405, -9.027987668734088 ], [ -37.715966841178371, -9.026995729178363 ], [ -37.715579687848077, -9.026816491525439 ], [ -37.715006127358755, -9.027024407202816 ], [ -37.714640482546812, -9.026142557950488 ], [ -37.713686938233309, -9.026637253872531 ], [ -37.713866175886224, -9.026873847574379 ], [ -37.714081261069722, -9.027268170410789 ], [ -37.714432566869434, -9.027669662753313 ], [ -37.714604635016229, -9.027934934479621 ], [ -37.714626143534581, -9.028150019663123 ], [ -37.714705008101859, -9.028436799907785 ], [ -37.71506348340769, -9.028866970274764 ], [ -37.715087573032982, -9.028895311021417 ] ] ] ] } },
{ "type": "Feature", "properties": { "fid": 158.0, "LAT_GD": -9.493411, "LONG_GD": -37.747498, "IMG_ANTES": "05/2016", "IMG_DEPOIS": "05/2021", "BIOMA": "Caatinga", "COD_CAR": "AL-2707107-56491DE0CC864AF48512E56CDC1557EC", "N_IMOVEL": "FAZENDA SAO GERALDO", "NM_MUN": "Piranhas", "ORGAO": "-", "OPERACAO": "XI FPI - 2022", "PERIODO": "-", "N_PROCESSO": "-", "DATA_AI": "-", "MOTIVO": "DESMATAMENTO", "AI": "-", "TE": "-", "AI_APP": "-", "TE_APP": "-", "AI_RL": "-", "TE_RL": "-", "AREA_UTM": 4.57, "AREA_UC": 0.0, "AREA_TI": 0.0, "AREA_APP": 0.0, "AREA_RL": 0.0, "FORA_UC": 0.0, "FORA_TI": 0.0, "FORA_APP": 0.0, "FORA_RL": 0.0, "SITUACAO": "EMBARGADA" }, "geometry": { "type": "MultiPolygon", "coordinates": [ [ [ [ -37.748977542020079, -9.494521289506451 ], [ -37.748295154995304, -9.492566768628452 ], [ -37.745485562440628, -9.492734167835716 ], [ -37.74563665671554, -9.493317797799515 ], [ -37.746530506413279, -9.493295649718169 ], [ -37.747905028265698, -9.49451745234192 ], [ -37.748977542020079, -9.494521289506451 ] ] ] ] } },
{ "type": "Feature", "properties": { "fid": 159.0, "LAT_GD": -9.583101, "LONG_GD": -37.68297, "IMG_ANTES": "05/2016", "IMG_DEPOIS": "11/2018", "BIOMA": "Caatinga", "COD_CAR": "-", "N_IMOVEL": "-", "NM_MUN": "Piranhas", "ORGAO": "-", "OPERACAO": "XI FPI - 2022", "PERIODO": "-", "N_PROCESSO": "-", "DATA_AI": "-", "MOTIVO": "DESMATAMENTO", "AI": "-", "TE": "-", "AI_APP": "-", "TE_APP": "-", "AI_RL": "-", "TE_RL": "-", "AREA_UTM": 6.34, "AREA_UC": 0.0, "AREA_TI": 0.0, "AREA_APP": 0.0, "AREA_RL": 0.0, "FORA_UC": 0.0, "FORA_TI": 0.0, "FORA_APP": 0.0, "FORA_RL": 0.0, "SITUACAO": "EMBARGADA" }, "geometry": { "type": "MultiPolygon", "coordinates": [ [ [ [ -37.683608391125979, -9.581488901028846 ], [ -37.681419082512001, -9.582900235085573 ], [ -37.681685756180542, -9.583294188660506 ], [ -37.681557459095572, -9.583445806377442 ], [ -37.68183656180436, -9.583928535440123 ], [ -37.682181476997577, -9.583904495815277 ], [ -37.682663499406914, -9.584755584358112 ], [ -37.684380289699192, -9.58334245067994 ], [ -37.684050880956001, -9.582656724651363 ], [ -37.684191996518244, -9.582492478988371 ], [ -37.683608391125979, -9.581488901028846 ] ] ] ] } },
{ "type": "Feature", "properties": { "fid": 160.0, "LAT_GD": -9.567946, "LONG_GD": -37.689333, "IMG_ANTES": "05/2016", "IMG_DEPOIS": "05/2021", "BIOMA": "Caatinga", "COD_CAR": "AL-2707107-ED008A75736545AF96B4B352732CDDF6", "N_IMOVEL": "FAZENDA LAGOA DA CACHOEIRA", "NM_MUN": "Piranhas", "ORGAO": "-", "OPERACAO": "XI FPI - 2022", "PERIODO": "-", "N_PROCESSO": "-", "DATA_AI": "-", "MOTIVO": "DESMATAMENTO", "AI": "-", "TE": "-", "AI_APP": "-", "TE_APP": "-", "AI_RL": "-", "TE_RL": "-", "AREA_UTM": 8.88, "AREA_UC": 0.0, "AREA_TI": 0.0, "AREA_APP": 0.0, "AREA_RL": 0.0, "FORA_UC": 0.0, "FORA_TI": 0.0, "FORA_APP": 0.0, "FORA_RL": 0.0, "SITUACAO": "EMBARGADA" }, "geometry": { "type": "MultiPolygon", "coordinates": [ [ [ [ -37.690688739692128, -9.570145770477971 ], [ -37.690087209495324, -9.567152079106037 ], [ -37.689122630674312, -9.565589350935163 ], [ -37.687638059967213, -9.566420327969285 ], [ -37.689831316738974, -9.570611529648335 ], [ -37.690688739692128, -9.570145770477971 ] ] ] ] } },
{ "type": "Feature", "properties": { "fid": 161.0, "LAT_GD": -9.583018, "LONG_GD": -37.678233, "IMG_ANTES": "05/2016", "IMG_DEPOIS": "11/2018", "BIOMA": "Caatinga", "COD_CAR": "AL-2707107-39D6F40DF50A458E9471A97F7BB08AE0", "N_IMOVEL": "SITIO SAO JOSE", "NM_MUN": "Piranhas", "ORGAO": "-", "OPERACAO": "XI FPI - 2022", "PERIODO": "-", "N_PROCESSO": "-", "DATA_AI": "-", "MOTIVO": "DESMATAMENTO", "AI": "-", "TE": "-", "AI_APP": "-", "TE_APP": "-", "AI_RL": "-", "TE_RL": "-", "AREA_UTM": 24.84, "AREA_UC": 0.0, "AREA_TI": 0.0, "AREA_APP": 0.0, "AREA_RL": 0.0, "FORA_UC": 0.0, "FORA_TI": 0.0, "FORA_APP": 0.0, "FORA_RL": 0.0, "SITUACAO": "EMBARGADA" }, "geometry": { "type": "MultiPolygon", "coordinates": [ [ [ [ -37.680660943634763, -9.583434062389147 ], [ -37.678256637870405, -9.579931773762384 ], [ -37.677623567090912, -9.580242948410003 ], [ -37.676217860392647, -9.579403380004319 ], [ -37.675924200845614, -9.579550688562851 ], [ -37.674642035098564, -9.580460236023866 ], [ -37.677936277817921, -9.585238267598065 ], [ -37.680660943634763, -9.583434062389147 ] ] ], [ [ [ -37.682919935708227, -9.58739769182959 ], [ -37.682454959613494, -9.586720455115847 ], [ -37.680145674401345, -9.588548643934679 ], [ -37.68080595436188, -9.589539844075109 ], [ -37.682919935708227, -9.58739769182959 ] ] ] ] } },
{ "type": "Feature", "properties": { "fid": 162.0, "LAT_GD": -9.296577, "LONG_GD": -38.151061, "IMG_ANTES": "05/2016 e 11/2016", "IMG_DEPOIS": "05/2021", "BIOMA": "Caatinga", "COD_CAR": "AL-2702405-F913010B784547EE9303D45D94EBDF2F", "N_IMOVEL": "SITIO RIACHO BONITO", "NM_MUN": "Delmiro Gouveia", "ORGAO": "-", "OPERACAO": "XI FPI - 2022", "PERIODO": "-", "N_PROCESSO": "-", "DATA_AI": "-", "MOTIVO": "DESMATAMENTO", "AI": "-", "TE": "-", "AI_APP": "-", "TE_APP": "-", "AI_RL": "-", "TE_RL": "-", "AREA_UTM": 5.01, "AREA_UC": 0.0, "AREA_TI": 0.0, "AREA_APP": 0.0, "AREA_RL": 0.0, "FORA_UC": 0.0, "FORA_TI": 0.0, "FORA_APP": 0.0, "FORA_RL": 0.0, "SITUACAO": "EMBARGADA" }, "geometry": { "type": "MultiPolygon", "coordinates": [ [ [ [ -38.153127219408645, -9.29614903757289 ], [ -38.151162597701813, -9.295022499221648 ], [ -38.150023268942128, -9.296148799017505 ], [ -38.1504498428882, -9.296480606794351 ], [ -38.151001016352275, -9.296158475411058 ], [ -38.151260872114463, -9.29655607534527 ], [ -38.15169458240576, -9.296754030043902 ], [ -38.15259386910288, -9.296168892457427 ], [ -38.152829666921704, -9.296346106244668 ], [ -38.151082943898516, -9.29819638397122 ], [ -38.149534064172741, -9.296632409412846 ], [ -38.149088828855128, -9.297072553175642 ], [ -38.150764712568311, -9.298656518716687 ], [ -38.15276392647327, -9.296556119058277 ], [ -38.153127219408645, -9.29614903757289 ] ] ] ] } },
{ "type": "Feature", "properties": { "fid": 163.0, "LAT_GD": -9.021879, "LONG_GD": -37.711903, "IMG_ANTES": "08/2016", "IMG_DEPOIS": "10/2022", "BIOMA": "Caatinga", "COD_CAR": "AL-2705002-2452E63A492E4B208A3AD7B983A0E383", "N_IMOVEL": "SITIO SALGADO DO LINO", "NM_MUN": "Mata Grande", "ORGAO": "-", "OPERACAO": "XI FPI - 2022", "PERIODO": "-", "N_PROCESSO": "-", "DATA_AI": "-", "MOTIVO": "DESMATAMENTO", "AI": "-", "TE": "-", "AI_APP": "-", "TE_APP": "-", "AI_RL": "-", "TE_RL": "-", "AREA_UTM": 2.53, "AREA_UC": 0.0, "AREA_TI": 0.0, "AREA_APP": 0.0, "AREA_RL": 0.0, "FORA_UC": 0.0, "FORA_TI": 0.0, "FORA_APP": 0.0, "FORA_RL": 0.0, "SITUACAO": "EMBARGADA" }, "geometry": { "type": "MultiPolygon", "coordinates": [ [ [ [ -37.712012858555099, -9.020944666015989 ], [ -37.710980449674317, -9.021568413048138 ], [ -37.71068649992354, -9.021833684774437 ], [ -37.710363872148292, -9.021998583415126 ], [ -37.710141617458682, -9.022027261439593 ], [ -37.709883515238488, -9.022184990574152 ], [ -37.709926532275183, -9.022242346623081 ], [ -37.710292177087126, -9.022550635386088 ], [ -37.710844229058104, -9.022084617488515 ], [ -37.710987619180429, -9.021977074896769 ], [ -37.711224212882279, -9.021898210329489 ], [ -37.711482315102472, -9.02177632872551 ], [ -37.711761925841017, -9.021640108109292 ], [ -37.711969841518396, -9.021690294652121 ], [ -37.712070214604033, -9.021761989713276 ], [ -37.712163418183543, -9.021855193292794 ], [ -37.712199265714126, -9.022098956500752 ], [ -37.712285299787524, -9.022249516129198 ], [ -37.712457367934327, -9.022378567239295 ], [ -37.712521893489374, -9.022443092794342 ], [ -37.71258641904442, -9.022572143904451 ], [ -37.712679622623938, -9.022722703532891 ], [ -37.71268679213005, -9.022737042545122 ], [ -37.713561471876275, -9.022378567239302 ], [ -37.713274691631611, -9.022199329586384 ], [ -37.713116962497047, -9.022063108970174 ], [ -37.713030928423649, -9.021984244402898 ], [ -37.712909046819668, -9.021797837243859 ], [ -37.712844521264614, -9.021726142182688 ], [ -37.712751317685104, -9.021661616627641 ], [ -37.712012858555099, -9.020944666015989 ] ] ] ] } },
{ "type": "Feature", "properties": { "fid": 164.0, "LAT_GD": -9.298058, "LONG_GD": -38.089805, "IMG_ANTES": "05/2016", "IMG_DEPOIS": "05/2021", "BIOMA": "Caatinga", "COD_CAR": "AL-2702405-ED29625902654D7793B3C0A585A44B9D", "N_IMOVEL": "SITIO BAIXA DO SINIMBU", "NM_MUN": "Delmiro Gouveia", "ORGAO": "-", "OPERACAO": "XI FPI - 2022", "PERIODO": "-", "N_PROCESSO": "-", "DATA_AI": "-", "MOTIVO": "DESMATAMENTO", "AI": "-", "TE": "-", "AI_APP": "-", "TE_APP": "-", "AI_RL": "-", "TE_RL": "-", "AREA_UTM": 12.07, "AREA_UC": 0.0, "AREA_TI": 0.0, "AREA_APP": 0.0, "AREA_RL": 0.0, "FORA_UC": 0.0, "FORA_TI": 0.0, "FORA_APP": 0.0, "FORA_RL": 0.0, "SITUACAO": "EMBARGADA" }, "geometry": { "type": "MultiPolygon", "coordinates": [ [ [ [ -38.086604115941007, -9.296848411704453 ], [ -38.08725731035338, -9.298809023751051 ], [ -38.093168991084177, -9.299022138416802 ], [ -38.092937023133203, -9.298628059182169 ], [ -38.093103525482313, -9.297674043776576 ], [ -38.086604115941007, -9.296848411704453 ] ] ] ] } },
{ "type": "Feature", "properties": { "fid": 165.0, "LAT_GD": -9.486275, "LONG_GD": -37.731034, "IMG_ANTES": "06/2018", "IMG_DEPOIS": "10/2022", "BIOMA": "Caatinga", "COD_CAR": "AL-2707107-6F97.4C4B.B475.4D6B.A1C4.E653.9455.3251", "N_IMOVEL": "SITIO SALINAS II", "NM_MUN": "Piranhas", "ORGAO": "-", "OPERACAO": "XI FPI - 2022", "PERIODO": "-", "N_PROCESSO": "-", "DATA_AI": "-", "MOTIVO": "DESMATAMENTO", "AI": "-", "TE": "-", "AI_APP": "-", "TE_APP": "-", "AI_RL": "-", "TE_RL": "-", "AREA_UTM": 4.31, "AREA_UC": 0.0, "AREA_TI": 0.0, "AREA_APP": 0.0, "AREA_RL": 0.0, "FORA_UC": 0.0, "FORA_TI": 0.0, "FORA_APP": 0.0, "FORA_RL": 0.0, "SITUACAO": "EMBARGADA" }, "geometry": { "type": "MultiPolygon", "coordinates": [ [ [ [ -37.7320984, -9.4876654 ], [ -37.7316293, -9.4857835 ], [ -37.7316182, -9.4848939 ], [ -37.729601226747043, -9.485710718022004 ], [ -37.730573527514935, -9.486856232527458 ], [ -37.7311331, -9.4875163 ], [ -37.7320984, -9.4876654 ] ] ] ] } },
{ "type": "Feature", "properties": { "fid": 166.0, "LAT_GD": -9.42, "LONG_GD": -37.947742, "IMG_ANTES": "05/2020", "IMG_DEPOIS": "05/2021", "BIOMA": "Caatinga", "COD_CAR": "AL-2702405-44064A659C374A3D8464E0BD50AE65AD", "N_IMOVEL": "FAZENDA BARAUNAS", "NM_MUN": "Delmiro Gouveia", "ORGAO": "-", "OPERACAO": "XI FPI - 2022", "PERIODO": "-", "N_PROCESSO": "-", "DATA_AI": "-", "MOTIVO": "DESMATAMENTO", "AI": "-", "TE": "-", "AI_APP": "-", "TE_APP": "-", "AI_RL": "-", "TE_RL": "-", "AREA_UTM": 6.63, "AREA_UC": 0.0, "AREA_TI": 0.0, "AREA_APP": 0.0, "AREA_RL": 0.0, "FORA_UC": 0.0, "FORA_TI": 0.0, "FORA_APP": 0.0, "FORA_RL": 0.0, "SITUACAO": "EMBARGADA" }, "geometry": { "type": "MultiPolygon", "coordinates": [ [ [ [ -37.94933, -9.420015 ], [ -37.949269824125459, -9.419236815457413 ], [ -37.949642136992736, -9.418974513437382 ], [ -37.949627888066047, -9.418748715709848 ], [ -37.948938, -9.418512 ], [ -37.947903, -9.418004 ], [ -37.947232, -9.418649 ], [ -37.948761, -9.420528 ], [ -37.94933, -9.420015 ] ] ], [ [ [ -37.946039018026582, -9.420508235147723 ], [ -37.94633297369711, -9.420277407688245 ], [ -37.946492255368192, -9.420837357745148 ], [ -37.946245154911935, -9.420983574906877 ], [ -37.947034632771938, -9.422804053842961 ], [ -37.947768657928513, -9.422402812949715 ], [ -37.94612189116895, -9.41910454556386 ], [ -37.945745551007583, -9.419343194834193 ], [ -37.946118740890732, -9.420143559162366 ], [ -37.945886627880618, -9.420156831472266 ], [ -37.946039018026582, -9.420508235147723 ] ] ] ] } },
{ "type": "Feature", "properties": { "fid": 167.0, "LAT_GD": -9.48162, "LONG_GD": -37.734596, "IMG_ANTES": "11/2018", "IMG_DEPOIS": "10/2022", "BIOMA": "Caatinga", "COD_CAR": "AL-2707107-2B5B8658B27B42AEB827B378CCD60B56", "N_IMOVEL": "FAZENDA PICOS", "NM_MUN": "Piranhas", "ORGAO": "-", "OPERACAO": "XI FPI - 2022", "PERIODO": "-", "N_PROCESSO": "-", "DATA_AI": "-", "MOTIVO": "DESMATAMENTO", "AI": "-", "TE": "-", "AI_APP": "-", "TE_APP": "-", "AI_RL": "-", "TE_RL": "-", "AREA_UTM": 36.36, "AREA_UC": 0.0, "AREA_TI": 0.0, "AREA_APP": 0.0, "AREA_RL": 0.0, "FORA_UC": 0.0, "FORA_TI": 0.0, "FORA_APP": 0.0, "FORA_RL": 0.0, "SITUACAO": "EMBARGADA" }, "geometry": { "type": "MultiPolygon", "coordinates": [ [ [ [ -37.739522893767379, -9.481657849404662 ], [ -37.737971926407269, -9.480604398292586 ], [ -37.735277834442769, -9.478701763900512 ], [ -37.734645853186116, -9.477730488375366 ], [ -37.730770222421924, -9.482358621108572 ], [ -37.73174150676914, -9.483646617903622 ], [ -37.731218296813076, -9.48396020856684 ], [ -37.731509973447473, -9.484885188137925 ], [ -37.734929853606424, -9.483849695190452 ], [ -37.739522893767379, -9.481657849404662 ] ] ] ] } },
{ "type": "Feature", "properties": { "fid": 168.0, "LAT_GD": -8.884373, "LONG_GD": -37.759363, "IMG_ANTES": "11/2017", "IMG_DEPOIS": "10/2022", "BIOMA": "Caatinga", "COD_CAR": "AL-2705002-D2F2A6C394BA48B1AF6629529781C940", "N_IMOVEL": "FAZENDA VIANA", "NM_MUN": "Mata Grande", "ORGAO": "-", "OPERACAO": "XI FPI - 2022", "PERIODO": "-", "N_PROCESSO": "2022.24110173455.AINF.IMA", "DATA_AI": "2022-11-23", "MOTIVO": "DESMATAMENTO", "AI": "SERIE A - TALAO 0004 - FOLHA 00181", "TE": "-", "AI_APP": "-", "TE_APP": "-", "AI_RL": "-", "TE_RL": "-", "AREA_UTM": 372.35, "AREA_UC": 0.0, "AREA_TI": 0.0, "AREA_APP": 0.0, "AREA_RL": 0.0, "FORA_UC": 0.0, "FORA_TI": 0.0, "FORA_APP": 0.0, "FORA_RL": 0.0, "SITUACAO": "EMBARGADA" }, "geometry": { "type": "MultiPolygon", "coordinates": [ [ [ [ -37.767357512327429, -8.88235748503895 ], [ -37.77552174469492, -8.873687746530294 ], [ -37.771574811094119, -8.869819128361668 ], [ -37.759742730254189, -8.878581065593053 ], [ -37.75969810965546, -8.87852188953682 ], [ -37.759266743475344, -8.878076407054969 ], [ -37.758282615735695, -8.878789305734898 ], [ -37.758639999654001, -8.879279835698002 ], [ -37.751018798693089, -8.884576838015338 ], [ -37.743516981358347, -8.88979086451987 ], [ -37.743029555179973, -8.890130767704743 ], [ -37.74344623537641, -8.890632305910996 ], [ -37.744580425223234, -8.89086457722896 ], [ -37.7455547621596, -8.891517607081012 ], [ -37.746414120748049, -8.891809313328274 ], [ -37.747652973964541, -8.891989674745112 ], [ -37.748446508927628, -8.892709759493579 ], [ -37.747982257756782, -8.896622241118624 ], [ -37.749369945093342, -8.897281911690767 ], [ -37.747955661598979, -8.898611788924949 ], [ -37.74682288032816, -8.899179298210521 ], [ -37.745756, -8.900378 ], [ -37.747194, -8.901332 ], [ -37.767118933191753, -8.882649370257219 ], [ -37.76714589092218, -8.882624091125731 ], [ -37.768994206940441, -8.884478094658297 ], [ -37.774320940287758, -8.88023327058734 ], [ -37.772977085612389, -8.87866899436079 ], [ -37.768318945041791, -8.883243243116105 ], [ -37.767391572327988, -8.882388864273119 ], [ -37.767357512327429, -8.88235748503895 ] ] ] ] } },
{ "type": "Feature", "properties": { "fid": 169.0, "LAT_GD": -9.521936, "LONG_GD": -37.759728, "IMG_ANTES": "05/2021", "IMG_DEPOIS": "10/2022", "BIOMA": "Caatinga", "COD_CAR": "-", "N_IMOVEL": "-", "NM_MUN": "Piranhas", "ORGAO": "-", "OPERACAO": "XI FPI - 2022", "PERIODO": "-", "N_PROCESSO": "-", "DATA_AI": "-", "MOTIVO": "DESMATAMENTO", "AI": "-", "TE": "-", "AI_APP": "-", "TE_APP": "-", "AI_RL": "-", "TE_RL": "-", "AREA_UTM": 3.92, "AREA_UC": 0.0, "AREA_TI": 0.0, "AREA_APP": 0.0, "AREA_RL": 0.0, "FORA_UC": 0.0, "FORA_TI": 0.0, "FORA_APP": 0.0, "FORA_RL": 0.0, "SITUACAO": "EMBARGADA" }, "geometry": { "type": "MultiPolygon", "coordinates": [ [ [ [ -37.758665919296057, -9.521502637659042 ], [ -37.758900319095048, -9.523531795888388 ], [ -37.75921285216036, -9.523506110416513 ], [ -37.75921285216036, -9.522992400573392 ], [ -37.760384851155301, -9.522221834359955 ], [ -37.761166183818581, -9.521348523883278 ], [ -37.760671339798499, -9.520783439443933 ], [ -37.759707696180449, -9.521220095683692 ], [ -37.758665919296057, -9.521502637659042 ] ] ] ] } },
{ "type": "Feature", "properties": { "fid": 170.0, "LAT_GD": -9.293788, "LONG_GD": -38.155426, "IMG_ANTES": "05/2016 e 11/2016", "IMG_DEPOIS": "05/2021", "BIOMA": "Caatinga", "COD_CAR": "AL-2702405-4E1194977C7F4BA5B955EC771A3C6FB4", "N_IMOVEL": "SITIO CANADA", "NM_MUN": "Delmiro Gouveia", "ORGAO": "-", "OPERACAO": "XI FPI - 2022", "PERIODO": "-", "N_PROCESSO": "-", "DATA_AI": "-", "MOTIVO": "DESMATAMENTO", "AI": "-", "TE": "-", "AI_APP": "-", "TE_APP": "-", "AI_RL": "-", "TE_RL": "-", "AREA_UTM": 8.89, "AREA_UC": 0.0, "AREA_TI": 0.0, "AREA_APP": 0.0, "AREA_RL": 0.0, "FORA_UC": 0.0, "FORA_TI": 0.0, "FORA_APP": 0.0, "FORA_RL": 0.0, "SITUACAO": "EMBARGADA" }, "geometry": { "type": "MultiPolygon", "coordinates": [ [ [ [ -38.155515175711272, -9.293603415644682 ], [ -38.156375137123831, -9.292905387665575 ], [ -38.158285307181771, -9.29417444989636 ], [ -38.159207097913786, -9.293260947437458 ], [ -38.159196369171369, -9.293253480062983 ], [ -38.159186840057373, -9.293262257192474 ], [ -38.158847133793813, -9.293031954184924 ], [ -38.157694054964537, -9.292257522851045 ], [ -38.157335475621828, -9.292556416593971 ], [ -38.156920786882218, -9.292298754092075 ], [ -38.155808082242636, -9.293303723479715 ], [ -38.153023190272755, -9.292853030429043 ], [ -38.153042400182741, -9.292943842094322 ], [ -38.153242978652855, -9.293892041302797 ], [ -38.153327657221361, -9.294923118473237 ], [ -38.152715558268547, -9.295853813481031 ], [ -38.151177524267112, -9.294982367850222 ], [ -38.151151712333302, -9.295015944139838 ], [ -38.151162597701813, -9.295022499221648 ], [ -38.153127219408645, -9.29614903757289 ], [ -38.153201268827736, -9.296066062631194 ], [ -38.153428857773136, -9.295861800315029 ], [ -38.154011753285907, -9.295230763227146 ], [ -38.154892412027891, -9.294283596022142 ], [ -38.155515175711272, -9.293603415644682 ] ] ] ] } },
{ "type": "Feature", "properties": { "fid": 171.0, "LAT_GD": -9.520133, "LONG_GD": -37.76562, "IMG_ANTES": "05/2021", "IMG_DEPOIS": "10/2022", "BIOMA": "Caatinga", "COD_CAR": "-", "N_IMOVEL": "-", "NM_MUN": "Piranhas", "ORGAO": "-", "OPERACAO": "XI FPI - 2022", "PERIODO": "-", "N_PROCESSO": "-", "DATA_AI": "-", "MOTIVO": "DESMATAMENTO", "AI": "-", "TE": "-", "AI_APP": "-", "TE_APP": "-", "AI_RL": "-", "TE_RL": "-", "AREA_UTM": 3.77, "AREA_UC": 0.0, "AREA_TI": 0.0, "AREA_APP": 0.0, "AREA_RL": 0.0, "FORA_UC": 0.0, "FORA_TI": 0.0, "FORA_APP": 0.0, "FORA_RL": 0.0, "SITUACAO": "EMBARGADA" }, "geometry": { "type": "MultiPolygon", "coordinates": [ [ [ [ -37.766397757888235, -9.521571480118002 ], [ -37.766774214340217, -9.5213966603886 ], [ -37.766375068240528, -9.51893406565295 ], [ -37.763692492763234, -9.520166982625906 ], [ -37.763920037242002, -9.520677155156738 ], [ -37.76547094097922, -9.520048779358515 ], [ -37.766397757888235, -9.521571480118002 ] ] ] ] } },
{ "type": "Feature", "properties": { "fid": 172.0, "LAT_GD": -9.400243, "LONG_GD": -37.825929, "IMG_ANTES": "06/2018", "IMG_DEPOIS": "08/2022", "BIOMA": "Caatinga", "COD_CAR": "AL-2705804-9FA64F34D1D3465A809B5FD88DF09C0C", "N_IMOVEL": "ASSOCIACAO RIACHO SECO IV LOTE 03", "NM_MUN": "Olho d'Água do Casado", "ORGAO": "-", "OPERACAO": "XI FPI - 2022", "PERIODO": "-", "N_PROCESSO": "-", "DATA_AI": "-", "MOTIVO": "DESMATAMENTO", "AI": "-", "TE": "-", "AI_APP": "-", "TE_APP": "-", "AI_RL": "-", "TE_RL": "-", "AREA_UTM": 1.17, "AREA_UC": 0.0, "AREA_TI": 0.0, "AREA_APP": 0.0, "AREA_RL": 0.0, "FORA_UC": 0.0, "FORA_TI": 0.0, "FORA_APP": 0.0, "FORA_RL": 0.0, "SITUACAO": "EMBARGADA" }, "geometry": { "type": "MultiPolygon", "coordinates": [ [ [ [ -37.825204258454505, -9.400767064039773 ], [ -37.826048762256704, -9.400761644082838 ], [ -37.826024035880621, -9.39966016095951 ], [ -37.825241179426051, -9.39964065653249 ], [ -37.825204258454505, -9.400767064039773 ] ] ], [ [ [ -37.83013618675912, -9.400735382752273 ], [ -37.83080652225167, -9.40073107138751 ], [ -37.830327112560383, -9.400553324647754 ], [ -37.83013618675912, -9.400735382752273 ] ] ] ] } },
{ "type": "Feature", "properties": { "fid": 173.0, "LAT_GD": -9.304261, "LONG_GD": -38.161094, "IMG_ANTES": "05/2016 e 11/2016", "IMG_DEPOIS": "05/2021", "BIOMA": "Caatinga", "COD_CAR": "AL-2702405-1EF2482C753344C4BF0EAAF533BE2682", "N_IMOVEL": "SITIO AREIA BRANCA", "NM_MUN": "Delmiro Gouveia", "ORGAO": "-", "OPERACAO": "XI FPI - 2022", "PERIODO": "-", "N_PROCESSO": "-", "DATA_AI": "-", "MOTIVO": "DESMATAMENTO", "AI": "-", "TE": "-", "AI_APP": "-", "TE_APP": "-", "AI_RL": "-", "TE_RL": "-", "AREA_UTM": 1.72, "AREA_UC": 0.0, "AREA_TI": 0.0, "AREA_APP": 0.0, "AREA_RL": 0.0, "FORA_UC": 0.0, "FORA_TI": 0.0, "FORA_APP": 0.0, "FORA_RL": 0.0, "SITUACAO": "EMBARGADA" }, "geometry": { "type": "MultiPolygon", "coordinates": [ [ [ [ -38.160537632195464, -9.305525300648304 ], [ -38.160860538482666, -9.305035934076077 ], [ -38.161361122524951, -9.304416811686764 ], [ -38.162036373431164, -9.303452843692629 ], [ -38.161619706168665, -9.303123991644588 ], [ -38.160247432166948, -9.304810083861836 ], [ -38.160537632195464, -9.305525300648304 ] ] ] ] } },
{ "type": "Feature", "properties": { "fid": 174.0, "LAT_GD": -9.397801, "LONG_GD": -37.843567, "IMG_ANTES": "06/2018", "IMG_DEPOIS": "08/2022", "BIOMA": "Caatinga", "COD_CAR": "AL-2705804-5ABC1FB9293F4E19B413DF959EA10E86", "N_IMOVEL": "FAZENDA RIACHO SECO", "NM_MUN": "Olho d'Água do Casado", "ORGAO": "-", "OPERACAO": "XI FPI - 2022", "PERIODO": "-", "N_PROCESSO": "-", "DATA_AI": "-", "MOTIVO": "DESMATAMENTO", "AI": "-", "TE": "-", "AI_APP": "-", "TE_APP": "-", "AI_RL": "-", "TE_RL": "-", "AREA_UTM": 3.46, "AREA_UC": 0.0, "AREA_TI": 0.0, "AREA_APP": 0.0, "AREA_RL": 0.0, "FORA_UC": 0.0, "FORA_TI": 0.0, "FORA_APP": 0.0, "FORA_RL": 0.0, "SITUACAO": "EMBARGADA" }, "geometry": { "type": "MultiPolygon", "coordinates": [ [ [ [ -37.843194568420031, -9.395369004836537 ], [ -37.842796133109822, -9.39881173917248 ], [ -37.843033932552053, -9.398815318038025 ], [ -37.84306005359948, -9.398845550276981 ], [ -37.844259437368159, -9.398870138750963 ], [ -37.844421485743645, -9.397103195806604 ], [ -37.843335421902381, -9.397152428661823 ], [ -37.843256213887884, -9.395377483037842 ], [ -37.843194568420031, -9.395369004836537 ] ] ] ] } },
{ "type": "Feature", "properties": { "fid": 175.0, "LAT_GD": -9.302354, "LONG_GD": -38.158115, "IMG_ANTES": "05/2016 e 11/2016", "IMG_DEPOIS": "05/2021", "BIOMA": "Caatinga", "COD_CAR": "-", "N_IMOVEL": "-", "NM_MUN": "Delmiro Gouveia", "ORGAO": "-", "OPERACAO": "XI FPI - 2022", "PERIODO": "-", "N_PROCESSO": "-", "DATA_AI": "-", "MOTIVO": "DESMATAMENTO", "AI": "-", "TE": "-", "AI_APP": "-", "TE_APP": "-", "AI_RL": "-", "TE_RL": "-", "AREA_UTM": 1.13, "AREA_UC": 0.0, "AREA_TI": 0.0, "AREA_APP": 0.0, "AREA_RL": 0.0, "FORA_UC": 0.0, "FORA_TI": 0.0, "FORA_APP": 0.0, "FORA_RL": 0.0, "SITUACAO": "EMBARGADA" }, "geometry": { "type": "MultiPolygon", "coordinates": [ [ [ [ -38.156957661877385, -9.303891607038784 ], [ -38.15940617248917, -9.301039367558802 ], [ -38.159209320903123, -9.300863395903823 ], [ -38.156774359223526, -9.303752324483376 ], [ -38.156957661877385, -9.303891607038784 ] ] ] ] } },
{ "type": "Feature", "properties": { "fid": 176.0, "LAT_GD": -9.40978, "LONG_GD": -37.828579, "IMG_ANTES": "06/2018", "IMG_DEPOIS": "08/2022", "BIOMA": "Caatinga", "COD_CAR": "AL-2705804-EBD3A8F30CB443BFA092607DA7DBAEB8", "N_IMOVEL": "ASSOCIACAO RIACHO SECO IV LOTE 07", "NM_MUN": "Olho d'Água do Casado", "ORGAO": "-", "OPERACAO": "XI FPI - 2022", "PERIODO": "-", "N_PROCESSO": "-", "DATA_AI": "-", "MOTIVO": "DESMATAMENTO", "AI": "-", "TE": "-", "AI_APP": "-", "TE_APP": "-", "AI_RL": "-", "TE_RL": "-", "AREA_UTM": 3.1, "AREA_UC": 0.0, "AREA_TI": 0.0, "AREA_APP": 0.0, "AREA_RL": 0.0, "FORA_UC": 0.0, "FORA_TI": 0.0, "FORA_APP": 0.0, "FORA_RL": 0.0, "SITUACAO": "EMBARGADA" }, "geometry": { "type": "MultiPolygon", "coordinates": [ [ [ [ -37.828959695086539, -9.410303328806275 ], [ -37.83056541546383, -9.410292884495805 ], [ -37.830577644026377, -9.409919765370564 ], [ -37.830569681551644, -9.409410615532698 ], [ -37.828917057043533, -9.409895283554366 ], [ -37.828959695086539, -9.410303328806275 ] ] ], [ [ [ -37.827080998592834, -9.409829105960778 ], [ -37.827065016614853, -9.410315649780332 ], [ -37.828200974702575, -9.41030826223286 ], [ -37.828239600027167, -9.408895835593261 ], [ -37.827132652480074, -9.409078076666429 ], [ -37.827080998592834, -9.409829105960778 ] ] ] ] } },
{ "type": "Feature", "properties": { "fid": 177.0, "LAT_GD": -9.300028, "LONG_GD": -38.154586, "IMG_ANTES": "05/2016 e 11/2016", "IMG_DEPOIS": "05/2021", "BIOMA": "Caatinga", "COD_CAR": "-", "N_IMOVEL": "-", "NM_MUN": "Delmiro Gouveia", "ORGAO": "-", "OPERACAO": "XI FPI - 2022", "PERIODO": "-", "N_PROCESSO": "-", "DATA_AI": "-", "MOTIVO": "DESMATAMENTO", "AI": "-", "TE": "-", "AI_APP": "-", "TE_APP": "-", "AI_RL": "-", "TE_RL": "-", "AREA_UTM": 1.7, "AREA_UC": 0.0, "AREA_TI": 0.0, "AREA_APP": 0.0, "AREA_RL": 0.0, "FORA_UC": 0.0, "FORA_TI": 0.0, "FORA_APP": 0.0, "FORA_RL": 0.0, "SITUACAO": "EMBARGADA" }, "geometry": { "type": "MultiPolygon", "coordinates": [ [ [ [ -38.154257760122221, -9.299862088536786 ], [ -38.154201261591027, -9.299928316869364 ], [ -38.152747495627096, -9.301321570906842 ], [ -38.152854448748421, -9.301405857264578 ], [ -38.153843544498173, -9.300392814426099 ], [ -38.154370477656649, -9.300761667098252 ], [ -38.155808791248205, -9.299292280889579 ], [ -38.155187503100144, -9.299122751033108 ], [ -38.154318662215822, -9.29990503790264 ], [ -38.154257760122221, -9.299862088536786 ] ] ] ] } },
{ "type": "Feature", "properties": { "fid": 178.0, "LAT_GD": -9.401607, "LONG_GD": -37.828516, "IMG_ANTES": "06/2018", "IMG_DEPOIS": "08/2022", "BIOMA": "Caatinga", "COD_CAR": "AL-2705804-D917CE4644844D3F8196681B699043ED", "N_IMOVEL": "ASSOCIACAO RIACHO SECO IV LOTE 04", "NM_MUN": "Olho d'Água do Casado", "ORGAO": "-", "OPERACAO": "XI FPI - 2022", "PERIODO": "-", "N_PROCESSO": "-", "DATA_AI": "-", "MOTIVO": "DESMATAMENTO", "AI": "-", "TE": "-", "AI_APP": "-", "TE_APP": "-", "AI_RL": "-", "TE_RL": "-", "AREA_UTM": 5.36, "AREA_UC": 0.0, "AREA_TI": 0.0, "AREA_APP": 0.0, "AREA_RL": 0.0, "FORA_UC": 0.0, "FORA_TI": 0.0, "FORA_APP": 0.0, "FORA_RL": 0.0, "SITUACAO": "EMBARGADA" }, "geometry": { "type": "MultiPolygon", "coordinates": [ [ [ [ -37.826048762256704, -9.400761644082838 ], [ -37.825204258454505, -9.400767064039773 ], [ -37.825165289410052, -9.401955932472244 ], [ -37.826731297665475, -9.401910433774626 ], [ -37.826734258543077, -9.401031556503407 ], [ -37.826053632276846, -9.400978589763278 ], [ -37.826048762256704, -9.400761644082838 ] ] ], [ [ [ -37.830131342220923, -9.402782773338657 ], [ -37.830865839051683, -9.402818518363269 ], [ -37.83092908450655, -9.400967321202463 ], [ -37.829950420084053, -9.400912521044244 ], [ -37.829814867903927, -9.401041776984636 ], [ -37.8285042182994, -9.401071235321746 ], [ -37.829302224105447, -9.401648538900812 ], [ -37.829231757676517, -9.402358176238643 ], [ -37.830117139111948, -9.402259700376767 ], [ -37.830131342220923, -9.402782773338657 ] ] ] ] } },
{ "type": "Feature", "properties": { "fid": 179.0, "LAT_GD": -9.303735, "LONG_GD": -38.160527, "IMG_ANTES": "05/2016 e 11/2016", "IMG_DEPOIS": "05/2021", "BIOMA": "Caatinga", "COD_CAR": "AL-2702405-1F297AA7065F47E4A58A084F96C28F85", "N_IMOVEL": "SITIO JUA", "NM_MUN": "Delmiro Gouveia", "ORGAO": "-", "OPERACAO": "XI FPI - 2022", "PERIODO": "-", "N_PROCESSO": "-", "DATA_AI": "-", "MOTIVO": "DESMATAMENTO", "AI": "-", "TE": "-", "AI_APP": "-", "TE_APP": "-", "AI_RL": "-", "TE_RL": "-", "AREA_UTM": 2.24, "AREA_UC": 0.0, "AREA_TI": 0.0, "AREA_APP": 0.0, "AREA_RL": 0.0, "FORA_UC": 0.0, "FORA_TI": 0.0, "FORA_APP": 0.0, "FORA_RL": 0.0, "SITUACAO": "EMBARGADA" }, "geometry": { "type": "MultiPolygon", "coordinates": [ [ [ [ -38.160529628685453, -9.303078965275899 ], [ -38.158536475924926, -9.305342456527036 ], [ -38.158610138576492, -9.305376967334082 ], [ -38.159902499637127, -9.303959971636377 ], [ -38.160247432166948, -9.304810083861836 ], [ -38.161619706168665, -9.303123991644588 ], [ -38.161030523119017, -9.302658980789337 ], [ -38.160537319201289, -9.303100128957688 ], [ -38.160529628685453, -9.303078965275899 ] ] ] ] } },
{ "type": "Feature", "properties": { "fid": 180.0, "LAT_GD": -9.300306, "LONG_GD": -38.161254, "IMG_ANTES": "05/2016 e 11/2016", "IMG_DEPOIS": "05/2021", "BIOMA": "Caatinga", "COD_CAR": "AL-2702405-AAB3D6806E484A8A8FB688EE1D2984EC", "N_IMOVEL": "SITIO JUA", "NM_MUN": "Delmiro Gouveia", "ORGAO": "-", "OPERACAO": "XI FPI - 2022", "PERIODO": "-", "N_PROCESSO": "-", "DATA_AI": "-", "MOTIVO": "DESMATAMENTO", "AI": "-", "TE": "-", "AI_APP": "-", "TE_APP": "-", "AI_RL": "-", "TE_RL": "-", "AREA_UTM": 1.02, "AREA_UC": 0.0, "AREA_TI": 0.0, "AREA_APP": 0.0, "AREA_RL": 0.0, "FORA_UC": 0.0, "FORA_TI": 0.0, "FORA_APP": 0.0, "FORA_RL": 0.0, "SITUACAO": "EMBARGADA" }, "geometry": { "type": "MultiPolygon", "coordinates": [ [ [ [ -38.161988080706237, -9.299041686417162 ], [ -38.160503408069118, -9.300683459033534 ], [ -38.161374443663895, -9.300937114754266 ], [ -38.161738914144323, -9.300425824503652 ], [ -38.161423310543121, -9.300099171627503 ], [ -38.161623315988948, -9.299762090363632 ], [ -38.161988080706237, -9.299041686417162 ] ] ] ] } },
{ "type": "Feature", "properties": { "fid": 181.0, "LAT_GD": -9.299252, "LONG_GD": -38.160203, "IMG_ANTES": "05/2016 e 11/2016", "IMG_DEPOIS": "05/2021", "BIOMA": "Caatinga", "COD_CAR": "-", "N_IMOVEL": "-", "NM_MUN": "Delmiro Gouveia", "ORGAO": "-", "OPERACAO": "XI FPI - 2022", "PERIODO": "-", "N_PROCESSO": "-", "DATA_AI": "-", "MOTIVO": "DESMATAMENTO", "AI": "-", "TE": "-", "AI_APP": "-", "TE_APP": "-", "AI_RL": "-", "TE_RL": "-", "AREA_UTM": 2.29, "AREA_UC": 0.0, "AREA_TI": 0.0, "AREA_APP": 0.0, "AREA_RL": 0.0, "FORA_UC": 0.0, "FORA_TI": 0.0, "FORA_APP": 0.0, "FORA_RL": 0.0, "SITUACAO": "EMBARGADA" }, "geometry": { "type": "MultiPolygon", "coordinates": [ [ [ [ -38.159618673413206, -9.300425811493568 ], [ -38.161508717697501, -9.298215665808993 ], [ -38.161123179017679, -9.297896717827822 ], [ -38.158836429975523, -9.300198008787522 ], [ -38.159618673413206, -9.300425811493568 ] ] ] ] } },
{ "type": "Feature", "properties": { "fid": 182.0, "LAT_GD": -9.302068, "LONG_GD": -38.157423, "IMG_ANTES": "05/2016 e 11/2016", "IMG_DEPOIS": "05/2021", "BIOMA": "Caatinga", "COD_CAR": "AL-2702405-45DD3E0C186A4BC3A2755AF8484AFCD8", "N_IMOVEL": "FAZENDA BAIXA GRANDE", "NM_MUN": "Delmiro Gouveia", "ORGAO": "-", "OPERACAO": "XI FPI - 2022", "PERIODO": "-", "N_PROCESSO": "-", "DATA_AI": "-", "MOTIVO": "DESMATAMENTO", "AI": "-", "TE": "-", "AI_APP": "-", "TE_APP": "-", "AI_RL": "-", "TE_RL": "-", "AREA_UTM": 5.12, "AREA_UC": 0.0, "AREA_TI": 0.0, "AREA_APP": 0.0, "AREA_RL": 0.0, "FORA_UC": 0.0, "FORA_TI": 0.0, "FORA_APP": 0.0, "FORA_RL": 0.0, "SITUACAO": "EMBARGADA" }, "geometry": { "type": "MultiPolygon", "coordinates": [ [ [ [ -38.15677435662338, -9.303752322507657 ], [ -38.159209320801395, -9.300863395812884 ], [ -38.158972966089557, -9.300652110747915 ], [ -38.158714841531257, -9.300791178578283 ], [ -38.158199704886343, -9.300603728866188 ], [ -38.158036435465895, -9.300277432547524 ], [ -38.158011469653424, -9.300222528206357 ], [ -38.157920837402344, -9.300186751830845 ], [ -38.157769091381859, -9.300369498650477 ], [ -38.157754652658497, -9.300509561330058 ], [ -38.15782412406363, -9.300858915784298 ], [ -38.157729546636851, -9.301207883068418 ], [ -38.157165811517999, -9.30174197738998 ], [ -38.156720423737809, -9.301787483833577 ], [ -38.156438136868111, -9.302229124402952 ], [ -38.155686522151171, -9.302925727264068 ], [ -38.15677435662338, -9.303752322507657 ] ] ] ] } },
{ "type": "Feature", "properties": { "fid": 183.0, "LAT_GD": -9.303315, "LONG_GD": -38.158775, "IMG_ANTES": "05/2016 e 11/2016", "IMG_DEPOIS": "05/2021", "BIOMA": "Caatinga", "COD_CAR": "AL-2702405-2AD57C641C714C4B8C6F4FF9331CB290", "N_IMOVEL": "SITIO ALTO BOA VISTA", "NM_MUN": "Delmiro Gouveia", "ORGAO": "-", "OPERACAO": "XI FPI - 2022", "PERIODO": "-", "N_PROCESSO": "-", "DATA_AI": "-", "MOTIVO": "DESMATAMENTO", "AI": "-", "TE": "-", "AI_APP": "-", "TE_APP": "-", "AI_RL": "-", "TE_RL": "-", "AREA_UTM": 8.73, "AREA_UC": 0.0, "AREA_TI": 0.0, "AREA_APP": 0.0, "AREA_RL": 0.0, "FORA_UC": 0.0, "FORA_TI": 0.0, "FORA_APP": 0.0, "FORA_RL": 0.0, "SITUACAO": "EMBARGADA" }, "geometry": { "type": "MultiPolygon", "coordinates": [ [ [ [ -38.158479709436541, -9.305315861524619 ], [ -38.16050684449803, -9.303016265008358 ], [ -38.160444187068201, -9.302843836648435 ], [ -38.160162792222216, -9.302913012531176 ], [ -38.160023122317192, -9.302516934330075 ], [ -38.159601058120082, -9.302609057972598 ], [ -38.159531584730892, -9.302259703711655 ], [ -38.160213063504912, -9.301817956981981 ], [ -38.159557086404106, -9.30117427394104 ], [ -38.15940617248917, -9.301039367558802 ], [ -38.156957661877385, -9.303891607038784 ], [ -38.157253869696184, -9.304116680191793 ], [ -38.157861027125328, -9.305026009104381 ], [ -38.158479709436541, -9.305315861524619 ] ] ] ] } },
{ "type": "Feature", "properties": { "fid": 184.0, "LAT_GD": -9.422594, "LONG_GD": -37.945222, "IMG_ANTES": "05/2020", "IMG_DEPOIS": "05/2021", "BIOMA": "Caatinga", "COD_CAR": "AL-2702405-0D10412CA0194A5C91C004B4AD97B473", "N_IMOVEL": "FAZENDA XINGO", "NM_MUN": "Delmiro Gouveia", "ORGAO": "-", "OPERACAO": "XI FPI - 2022", "PERIODO": "-", "N_PROCESSO": "-", "DATA_AI": "-", "MOTIVO": "DESMATAMENTO", "AI": "-", "TE": "-", "AI_APP": "-", "TE_APP": "-", "AI_RL": "-", "TE_RL": "-", "AREA_UTM": 4.57, "AREA_UC": 0.0, "AREA_TI": 0.0, "AREA_APP": 0.0, "AREA_RL": 0.0, "FORA_UC": 0.0, "FORA_TI": 0.0, "FORA_APP": 0.0, "FORA_RL": 0.0, "SITUACAO": "EMBARGADA" }, "geometry": { "type": "MultiPolygon", "coordinates": [ [ [ [ -37.945834763066799, -9.421226416060851 ], [ -37.94568591162885, -9.421314495704346 ], [ -37.94607304194863, -9.422115090579794 ], [ -37.945834763066799, -9.421226416060851 ] ] ], [ [ [ -37.946081183455398, -9.422145454721981 ], [ -37.944229905882032, -9.423681239322734 ], [ -37.944603176581815, -9.424454963836782 ], [ -37.946446494597424, -9.423507895745699 ], [ -37.946081183455398, -9.422145454721981 ] ] ], [ [ [ -37.945553091946202, -9.420175902912266 ], [ -37.945233203246161, -9.420194193708893 ], [ -37.943698249657892, -9.422054508893771 ], [ -37.943831831367085, -9.422241400397423 ], [ -37.9457112161735, -9.420765639485094 ], [ -37.945553091946202, -9.420175902912266 ] ] ] ] } },
{ "type": "Feature", "properties": { "fid": 185.0, "LAT_GD": -9.158967, "LONG_GD": -37.770566, "IMG_ANTES": "11/2018", "IMG_DEPOIS": "10/2022", "BIOMA": "Caatinga", "COD_CAR": "-", "N_IMOVEL": "-", "NM_MUN": "Mata Grande", "ORGAO": "-", "OPERACAO": "XI FPI - 2022", "PERIODO": "-", "N_PROCESSO": "-", "DATA_AI": "-", "MOTIVO": "DESMATAMENTO", "AI": "-", "TE": "-", "AI_APP": "-", "TE_APP": "-", "AI_RL": "-", "TE_RL": "-", "AREA_UTM": 11.85, "AREA_UC": 0.0, "AREA_TI": 0.0, "AREA_APP": 0.0, "AREA_RL": 0.0, "FORA_UC": 0.0, "FORA_TI": 0.0, "FORA_APP": 0.0, "FORA_RL": 0.0, "SITUACAO": "EMBARGADA" }, "geometry": { "type": "MultiPolygon", "coordinates": [ [ [ [ -37.769563347037973, -9.160520295272189 ], [ -37.769581396189473, -9.160507584082849 ], [ -37.769962165721225, -9.160669132372002 ], [ -37.770596415239453, -9.160934447415199 ], [ -37.771017296401865, -9.161026810083104 ], [ -37.7727668448141, -9.159818623252619 ], [ -37.772048057816299, -9.157810533542467 ], [ -37.771026424662409, -9.158145099943583 ], [ -37.770713126376023, -9.156927124131723 ], [ -37.769058242395452, -9.156763756647292 ], [ -37.768418008681877, -9.158293987795522 ], [ -37.770935096504644, -9.158325073409117 ], [ -37.77149823306204, -9.159431219683219 ], [ -37.770229779570379, -9.158998741720747 ], [ -37.769844034430072, -9.159065037916941 ], [ -37.769819961930075, -9.159470593526887 ], [ -37.768957994234881, -9.159535270705504 ], [ -37.768846547482724, -9.158971506798938 ], [ -37.768301208193122, -9.159285148134192 ], [ -37.769563347037973, -9.160520295272189 ] ] ] ] } },
{ "type": "Feature", "properties": { "fid": 186.0, "LAT_GD": -9.162398, "LONG_GD": -37.768893, "IMG_ANTES": "11/2018", "IMG_DEPOIS": "10/2022", "BIOMA": "Caatinga", "COD_CAR": "AL-2705002-D44F0E9EB9D94F11AF3F2AD50A98354E", "N_IMOVEL": "SITIO OLHO D'AGUA NOVO", "NM_MUN": "Mata Grande", "ORGAO": "-", "OPERACAO": "XI FPI - 2022", "PERIODO": "-", "N_PROCESSO": "-", "DATA_AI": "-", "MOTIVO": "DESMATAMENTO", "AI": "-", "TE": "-", "AI_APP": "-", "TE_APP": "-", "AI_RL": "-", "TE_RL": "-", "AREA_UTM": 9.78, "AREA_UC": 0.0, "AREA_TI": 0.0, "AREA_APP": 0.0, "AREA_RL": 0.0, "FORA_UC": 0.0, "FORA_TI": 0.0, "FORA_APP": 0.0, "FORA_RL": 0.0, "SITUACAO": "EMBARGADA" }, "geometry": { "type": "MultiPolygon", "coordinates": [ [ [ [ -37.771017296401865, -9.161026810083104 ], [ -37.770596415239453, -9.160934447415199 ], [ -37.769962165721225, -9.160669132372002 ], [ -37.769581396189473, -9.160507584082849 ], [ -37.769563347037973, -9.160520295272189 ], [ -37.769589487162854, -9.160545876246877 ], [ -37.767838986379367, -9.161801905910007 ], [ -37.768336724098489, -9.162141630384216 ], [ -37.767674962593063, -9.163333754093605 ], [ -37.766697088157159, -9.162487516382908 ], [ -37.766131492353033, -9.162897003757836 ], [ -37.767761632811634, -9.164505889285905 ], [ -37.768920904204656, -9.163721095133976 ], [ -37.768717660544915, -9.163472514513812 ], [ -37.770922181031942, -9.162082810470444 ], [ -37.771137988090707, -9.162279479837668 ], [ -37.771162506850644, -9.162264236307594 ], [ -37.770948324996979, -9.16107443934707 ], [ -37.771017296401865, -9.161026810083104 ] ] ] ] } },
{ "type": "Feature", "properties": { "fid": 187.0, "LAT_GD": -9.17973, "LONG_GD": -37.783825, "IMG_ANTES": "05/2018", "IMG_DEPOIS": "10/2022", "BIOMA": "Caatinga", "COD_CAR": "AL-2705002-785F26758C844C3FA39868C14E02B6A5", "N_IMOVEL": "SITIO BAIXA DO GALO", "NM_MUN": "Mata Grande", "ORGAO": "-", "OPERACAO": "XI FPI - 2022", "PERIODO": "-", "N_PROCESSO": "-", "DATA_AI": "-", "MOTIVO": "DESMATAMENTO", "AI": "-", "TE": "-", "AI_APP": "-", "TE_APP": "-", "AI_RL": "-", "TE_RL": "-", "AREA_UTM": 17.41, "AREA_UC": 0.0, "AREA_TI": 0.0, "AREA_APP": 0.0, "AREA_RL": 0.0, "FORA_UC": 0.0, "FORA_TI": 0.0, "FORA_APP": 0.0, "FORA_RL": 0.0, "SITUACAO": "EMBARGADA" }, "geometry": { "type": "MultiPolygon", "coordinates": [ [ [ [ -37.786629555746345, -9.181214231501928 ], [ -37.785134652883286, -9.177321833037089 ], [ -37.782987769826136, -9.178418850400336 ], [ -37.782728964905374, -9.17783205608492 ], [ -37.781753685329853, -9.178358262992726 ], [ -37.782017019305378, -9.178973974128294 ], [ -37.781618695882031, -9.179201817566822 ], [ -37.782130709770712, -9.180354015169341 ], [ -37.780698911867766, -9.181239337906595 ], [ -37.781706190943552, -9.181806122596605 ], [ -37.784817135828447, -9.180656020756627 ], [ -37.785608206162756, -9.181447423092024 ], [ -37.786629555746345, -9.181214231501928 ] ] ] ] } },
{ "type": "Feature", "properties": { "fid": 188.0, "LAT_GD": -9.344222, "LONG_GD": -38.091845, "IMG_ANTES": "05/2021", "IMG_DEPOIS": "08/2022", "BIOMA": "Caatinga", "COD_CAR": "AL-2702405-17D65C70855E4E7B90715A304371F136", "N_IMOVEL": "SITIO JS", "NM_MUN": "Delmiro Gouveia", "ORGAO": "-", "OPERACAO": "XI FPI - 2022", "PERIODO": "-", "N_PROCESSO": "-", "DATA_AI": "-", "MOTIVO": "DESMATAMENTO", "AI": "-", "TE": "-", "AI_APP": "-", "TE_APP": "-", "AI_RL": "-", "TE_RL": "-", "AREA_UTM": 3.94, "AREA_UC": 0.0, "AREA_TI": 0.0, "AREA_APP": 0.0, "AREA_RL": 0.0, "FORA_UC": 0.0, "FORA_TI": 0.0, "FORA_APP": 0.0, "FORA_RL": 0.0, "SITUACAO": "EMBARGADA" }, "geometry": { "type": "MultiPolygon", "coordinates": [ [ [ [ -38.090736865997314, -9.345330245921676 ], [ -38.093204498291016, -9.344419811050502 ], [ -38.092714681016936, -9.343354312590083 ], [ -38.092399592677353, -9.343104356831079 ], [ -38.092047714826563, -9.343190774258115 ], [ -38.090583196724694, -9.344323593420553 ], [ -38.090598229555958, -9.344431296915911 ], [ -38.090736865997314, -9.345330245921676 ] ] ] ] } },
{ "type": "Feature", "properties": { "fid": 189.0, "LAT_GD": -9.161956, "LONG_GD": -37.76649, "IMG_ANTES": "11/2018", "IMG_DEPOIS": "10/2022", "BIOMA": "Caatinga", "COD_CAR": "AL-2705002-DA7A0CD7BB17445DBE10EBB87CA45516", "N_IMOVEL": "SITIO OLHO D'AGUA NOVO", "NM_MUN": "Mata Grande", "ORGAO": "-", "OPERACAO": "XI FPI - 2022", "PERIODO": "-", "N_PROCESSO": "-", "DATA_AI": "-", "MOTIVO": "DESMATAMENTO", "AI": "-", "TE": "-", "AI_APP": "-", "TE_APP": "-", "AI_RL": "-", "TE_RL": "-", "AREA_UTM": 1.32, "AREA_UC": 0.0, "AREA_TI": 0.0, "AREA_APP": 0.0, "AREA_RL": 0.0, "FORA_UC": 0.0, "FORA_TI": 0.0, "FORA_APP": 0.0, "FORA_RL": 0.0, "SITUACAO": "EMBARGADA" }, "geometry": { "type": "MultiPolygon", "coordinates": [ [ [ [ -37.767214212630364, -9.162132176084125 ], [ -37.767449169747344, -9.161979728392815 ], [ -37.767541408538818, -9.16188279147055 ], [ -37.767090797424316, -9.161247273183465 ], [ -37.766997094590522, -9.161210467539107 ], [ -37.766629792668553, -9.161486525454039 ], [ -37.766006181257232, -9.161955221247995 ], [ -37.765369499052305, -9.162439339610396 ], [ -37.765601862226255, -9.162780208170894 ], [ -37.766965927175782, -9.161793299824453 ], [ -37.767214212630364, -9.162132176084125 ] ] ] ] } },
{ "type": "Feature", "properties": { "fid": 190.0, "LAT_GD": -9.134512, "LONG_GD": -37.75501, "IMG_ANTES": "11/2019", "IMG_DEPOIS": "10/2022", "BIOMA": "Caatinga", "COD_CAR": "AL-2705002-5BFEE1B3D5EC4D22B3489B5E7DA78BAB", "N_IMOVEL": "SITIO PAU GRANDE", "NM_MUN": "Mata Grande", "ORGAO": "-", "OPERACAO": "XI FPI - 2022", "PERIODO": "-", "N_PROCESSO": "-", "DATA_AI": "-", "MOTIVO": "DESMATAMENTO", "AI": "-", "TE": "-", "AI_APP": "-", "TE_APP": "-", "AI_RL": "-", "TE_RL": "-", "AREA_UTM": 7.48, "AREA_UC": 0.0, "AREA_TI": 0.0, "AREA_APP": 0.0, "AREA_RL": 0.0, "FORA_UC": 0.0, "FORA_TI": 0.0, "FORA_APP": 0.0, "FORA_RL": 0.0, "SITUACAO": "EMBARGADA" }, "geometry": { "type": "MultiPolygon", "coordinates": [ [ [ [ -37.75671417075354, -9.135822368910377 ], [ -37.756884353955471, -9.135468761609024 ], [ -37.756974471268826, -9.135286373896845 ], [ -37.757080129157728, -9.134564019586666 ], [ -37.755464195279053, -9.133981647792073 ], [ -37.754849, -9.133432 ], [ -37.75442, -9.133511 ], [ -37.754167, -9.133326 ], [ -37.753845, -9.132664 ], [ -37.75362, -9.132637 ], [ -37.753374786081807, -9.133940669637855 ], [ -37.753356791046286, -9.134354521223079 ], [ -37.753507932846233, -9.134958243901464 ], [ -37.754033, -9.135328 ], [ -37.754918, -9.135354 ], [ -37.75671417075354, -9.135822368910377 ] ] ] ] } },
{ "type": "Feature", "properties": { "fid": 191.0, "LAT_GD": -9.10826, "LONG_GD": -37.759107, "IMG_ANTES": "11/2018", "IMG_DEPOIS": "10/2022", "BIOMA": "Caatinga", "COD_CAR": "AL-2705002-EA9C6214B3FB4F0B88D6A77E01DE309E", "N_IMOVEL": "FAZENDA SANTA MARIA", "NM_MUN": "Mata Grande", "ORGAO": "-", "OPERACAO": "XI FPI - 2022", "PERIODO": "-", "N_PROCESSO": "-", "DATA_AI": "-", "MOTIVO": "DESMATAMENTO", "AI": "-", "TE": "-", "AI_APP": "-", "TE_APP": "-", "AI_RL": "-", "TE_RL": "-", "AREA_UTM": 30.62, "AREA_UC": 0.0, "AREA_TI": 0.0, "AREA_APP": 0.0, "AREA_RL": 0.0, "FORA_UC": 0.0, "FORA_TI": 0.0, "FORA_APP": 0.0, "FORA_RL": 0.0, "SITUACAO": "EMBARGADA" }, "geometry": { "type": "MultiPolygon", "coordinates": [ [ [ [ -37.758109133305247, -9.112532261026907 ], [ -37.75819052032368, -9.112494156761427 ], [ -37.758455034578404, -9.112370314881241 ], [ -37.75840348700973, -9.112254509004281 ], [ -37.758325038340004, -9.112078267578571 ], [ -37.758960847939932, -9.111810011558322 ], [ -37.758567824326839, -9.110715705569946 ], [ -37.759123105571966, -9.110785204987614 ], [ -37.759296349024268, -9.109861844832256 ], [ -37.759902, -9.110296 ], [ -37.760509991573016, -9.109696963497868 ], [ -37.761147, -9.10983 ], [ -37.762275926996288, -9.110278814132794 ], [ -37.76236280516806, -9.109714885183227 ], [ -37.762797229393513, -9.10845702620666 ], [ -37.763067884976721, -9.107673353163227 ], [ -37.760920421755607, -9.106212296866225 ], [ -37.759209822163527, -9.105426932983949 ], [ -37.756854755259106, -9.104490098483096 ], [ -37.756822944529432, -9.105823540339433 ], [ -37.756966786000739, -9.106695233843961 ], [ -37.756843806026197, -9.108132567911486 ], [ -37.756547129510913, -9.108992865456694 ], [ -37.756638721993824, -9.109619852229024 ], [ -37.756967419710492, -9.110272548250988 ], [ -37.757328, -9.110868 ], [ -37.757856652770791, -9.11203221672619 ], [ -37.758109133305247, -9.112532261026907 ] ], [ [ -37.76197454317775, -9.108128019345651 ], [ -37.76130669144532, -9.108188733139515 ], [ -37.760102534533814, -9.108067305551799 ], [ -37.759414444870103, -9.107885164170225 ], [ -37.759212065557243, -9.107409572785008 ], [ -37.760062058671245, -9.106620293464873 ], [ -37.76059836385032, -9.106539341739724 ], [ -37.761498951792532, -9.107338740025508 ], [ -37.761984662143391, -9.107369096922447 ], [ -37.76197454317775, -9.108128019345651 ] ] ] ] } },
{ "type": "Feature", "properties": { "fid": 192.0, "LAT_GD": -9.153195, "LONG_GD": -37.789621, "IMG_ANTES": "11/2018", "IMG_DEPOIS": "10/2022", "BIOMA": "Caatinga", "COD_CAR": "AL-2705002-28716468DE1741A0AA71503824626A39", "N_IMOVEL": "SITIO BOA VISTA DA LAMA", "NM_MUN": "Mata Grande", "ORGAO": "-", "OPERACAO": "XI FPI - 2022", "PERIODO": "-", "N_PROCESSO": "-", "DATA_AI": "-", "MOTIVO": "DESMATAMENTO", "AI": "-", "TE": "-", "AI_APP": "-", "TE_APP": "-", "AI_RL": "-", "TE_RL": "-", "AREA_UTM": 18.02, "AREA_UC": 0.0, "AREA_TI": 0.0, "AREA_APP": 0.0, "AREA_RL": 0.0, "FORA_UC": 0.0, "FORA_TI": 0.0, "FORA_APP": 0.0, "FORA_RL": 0.0, "SITUACAO": "EMBARGADA" }, "geometry": { "type": "MultiPolygon", "coordinates": [ [ [ [ -37.79112974534533, -9.155062325066012 ], [ -37.791359424591064, -9.155019133821582 ], [ -37.791946532809618, -9.15495562465701 ], [ -37.792104675585151, -9.154934965571879 ], [ -37.792062, -9.15325 ], [ -37.791628417654813, -9.153265743848003 ], [ -37.790968, -9.15136 ], [ -37.789953757730089, -9.150999953625037 ], [ -37.789406961761955, -9.151318629132371 ], [ -37.789405, -9.152223 ], [ -37.788115998970511, -9.15163992442341 ], [ -37.787953078639113, -9.151601185968797 ], [ -37.787852676997595, -9.15144262805577 ], [ -37.787699, -9.151291 ], [ -37.787214210838258, -9.151281268872898 ], [ -37.787124068146113, -9.151304520072193 ], [ -37.786936245674063, -9.151475522641261 ], [ -37.787442024151979, -9.152143897278284 ], [ -37.787003565092213, -9.152269265303477 ], [ -37.78659983076858, -9.152401041181497 ], [ -37.78671712284789, -9.152730862901871 ], [ -37.786743301483952, -9.152773140912897 ], [ -37.786755230793517, -9.152838021160086 ], [ -37.786939585083594, -9.153356418424508 ], [ -37.787143811727923, -9.153317664780447 ], [ -37.78717960012213, -9.153377894016137 ], [ -37.787335156292727, -9.153348589296138 ], [ -37.787729790632511, -9.153797516734262 ], [ -37.78781247845243, -9.153859900000668 ], [ -37.78787915168467, -9.153810977809313 ], [ -37.788767165927979, -9.154422407461292 ], [ -37.788673769289161, -9.15450969313715 ], [ -37.789320945739746, -9.154997949487873 ], [ -37.789588912673828, -9.155429583378147 ], [ -37.790405, -9.155157 ], [ -37.79112974534533, -9.155062325066012 ] ] ] ] } },
{ "type": "Feature", "properties": { "fid": 193.0, "LAT_GD": -9.294376, "LONG_GD": -38.156512, "IMG_ANTES": "05/2016 e 11/2016", "IMG_DEPOIS": "05/2021", "BIOMA": "Caatinga", "COD_CAR": "AL-2702405-B220A60CF85641378303F3CCEAE8158C", "N_IMOVEL": "SITIO ALTO BONITO", "NM_MUN": "Delmiro Gouveia", "ORGAO": "-", "OPERACAO": "XI FPI - 2022", "PERIODO": "-", "N_PROCESSO": "-", "DATA_AI": "-", "MOTIVO": "DESMATAMENTO", "AI": "-", "TE": "-", "AI_APP": "-", "TE_APP": "-", "AI_RL": "-", "TE_RL": "-", "AREA_UTM": 6.54, "AREA_UC": 0.0, "AREA_TI": 0.0, "AREA_APP": 0.0, "AREA_RL": 0.0, "FORA_UC": 0.0, "FORA_TI": 0.0, "FORA_APP": 0.0, "FORA_RL": 0.0, "SITUACAO": "EMBARGADA" }, "geometry": { "type": "MultiPolygon", "coordinates": [ [ [ [ -38.155515175711272, -9.293603415644682 ], [ -38.154892412027891, -9.294283596022142 ], [ -38.155018999562898, -9.29443462809415 ], [ -38.155027273033141, -9.29442720249896 ], [ -38.156406098056614, -9.296036738634596 ], [ -38.158285307181771, -9.29417444989636 ], [ -38.156375137123831, -9.292905387665575 ], [ -38.155515175711272, -9.293603415644682 ] ] ] ] } },
{ "type": "Feature", "properties": { "fid": 194.0, "LAT_GD": -9.292568, "LONG_GD": -38.158438, "IMG_ANTES": "05/2016 e 11/2016", "IMG_DEPOIS": "05/2021", "BIOMA": "Caatinga", "COD_CAR": "AL-2702405-08B321F8D5284DCABF903458FB1E657F", "N_IMOVEL": "SITIO JUA", "NM_MUN": "Delmiro Gouveia", "ORGAO": "-", "OPERACAO": "XI FPI - 2022", "PERIODO": "-", "N_PROCESSO": "-", "DATA_AI": "-", "MOTIVO": "DESMATAMENTO", "AI": "-", "TE": "-", "AI_APP": "-", "TE_APP": "-", "AI_RL": "-", "TE_RL": "-", "AREA_UTM": 0.54, "AREA_UC": 0.0, "AREA_TI": 0.0, "AREA_APP": 0.0, "AREA_RL": 0.0, "FORA_UC": 0.0, "FORA_TI": 0.0, "FORA_APP": 0.0, "FORA_RL": 0.0, "SITUACAO": "EMBARGADA" }, "geometry": { "type": "MultiPolygon", "coordinates": [ [ [ [ -38.157694054964537, -9.292257522851045 ], [ -38.158847133793813, -9.293031954184924 ], [ -38.159186840057373, -9.293262257192474 ], [ -38.159196369171369, -9.293253480062983 ], [ -38.158887133081208, -9.293038246588123 ], [ -38.15910898122528, -9.292760721617933 ], [ -38.157903691468029, -9.29208277995822 ], [ -38.157694054964537, -9.292257522851045 ] ] ] ] } },
{ "type": "Feature", "properties": { "fid": 195.0, "LAT_GD": -9.029777, "LONG_GD": -37.706943, "IMG_ANTES": "05/2021", "IMG_DEPOIS": "08/2022", "BIOMA": "Caatinga", "COD_CAR": "AL-2705002-FEAADE73042A435DB82717DF41668EB8", "N_IMOVEL": "SITIO CAVALO MORTO", "NM_MUN": "Mata Grande", "ORGAO": "-", "OPERACAO": "XI FPI - 2022", "PERIODO": "-", "N_PROCESSO": "-", "DATA_AI": "-", "MOTIVO": "DESMATAMENTO", "AI": "-", "TE": "-", "AI_APP": "-", "TE_APP": "-", "AI_RL": "-", "TE_RL": "-", "AREA_UTM": 20.13, "AREA_UC": 0.0, "AREA_TI": 0.0, "AREA_APP": 0.0, "AREA_RL": 0.0, "FORA_UC": 0.0, "FORA_TI": 0.0, "FORA_APP": 0.0, "FORA_RL": 0.0, "SITUACAO": "EMBARGADA" }, "geometry": { "type": "MultiPolygon", "coordinates": [ [ [ [ -37.7112059280065, -9.032058135967455 ], [ -37.711242221053453, -9.032025210548905 ], [ -37.709407239157599, -9.032342627410204 ], [ -37.708731991801585, -9.032014681243981 ], [ -37.708635791594695, -9.031090562956985 ], [ -37.707720895733594, -9.030404650806776 ], [ -37.708143, -9.029777 ], [ -37.707846703255555, -9.029207981129222 ], [ -37.707474790302406, -9.02686893525801 ], [ -37.704837, -9.026842 ], [ -37.704467, -9.027785 ], [ -37.704729, -9.027822 ], [ -37.704965, -9.028918 ], [ -37.70437, -9.028685 ], [ -37.704558, -9.029888 ], [ -37.706349, -9.030804 ], [ -37.708924, -9.033692 ], [ -37.7112059280065, -9.032058135967455 ] ] ] ] } },
{ "type": "Feature", "properties": { "fid": 196.0, "LAT_GD": -9.486858, "LONG_GD": -37.740247, "IMG_ANTES": "11/2018", "IMG_DEPOIS": "08/2022", "BIOMA": "Caatinga", "COD_CAR": "AL-2707107-A39752DB80DA416F8300870C7FC93505", "N_IMOVEL": "SITIO PICOS", "NM_MUN": "Piranhas", "ORGAO": "-", "OPERACAO": "XI FPI - 2022", "PERIODO": "-", "N_PROCESSO": "-", "DATA_AI": "-", "MOTIVO": "DESMATAMENTO", "AI": "-", "TE": "-", "AI_APP": "-", "TE_APP": "-", "AI_RL": "-", "TE_RL": "-", "AREA_UTM": 6.34, "AREA_UC": 0.0, "AREA_TI": 0.0, "AREA_APP": 0.0, "AREA_RL": 0.0, "FORA_UC": 0.0, "FORA_TI": 0.0, "FORA_APP": 0.0, "FORA_RL": 0.0, "SITUACAO": "EMBARGADA" }, "geometry": { "type": "MultiPolygon", "coordinates": [ [ [ [ -37.739459371165253, -9.485693186261745 ], [ -37.739094991106526, -9.488403375200189 ], [ -37.739680676450085, -9.48845814090299 ], [ -37.740665222865225, -9.488394707473162 ], [ -37.741471587645655, -9.485298062956156 ], [ -37.741500057954902, -9.484493250852111 ], [ -37.741308589951586, -9.484479886861646 ], [ -37.741236310852649, -9.485043700893854 ], [ -37.740966965127491, -9.485378641627948 ], [ -37.74023784444244, -9.485749955561531 ], [ -37.739931605846394, -9.485698150345463 ], [ -37.739459371165253, -9.485693186261745 ] ] ] ] } },
{ "type": "Feature", "properties": { "fid": 197.0, "LAT_GD": -9.492758, "LONG_GD": -37.734937, "IMG_ANTES": "11/2018", "IMG_DEPOIS": "10/2022", "BIOMA": "Caatinga", "COD_CAR": "AL-2707107-490E1801FF2F4004A4ABB34F474F3A11", "N_IMOVEL": "PA LAGOA COMPRIDA", "NM_MUN": "Piranhas", "ORGAO": "-", "OPERACAO": "XI FPI - 2022", "PERIODO": "-", "N_PROCESSO": "2024.03052908367.AINF.IMA", "DATA_AI": "2024-05-03", "MOTIVO": "DESMATAMENTO", "AI": "2024.03055468063.UCS.AINF", "TE": "SERIE C - TALAO 0048 - FOLHA 04720", "AI_APP": "-", "TE_APP": "-", "AI_RL": "-", "TE_RL": "-", "AREA_UTM": 3.83, "AREA_UC": 0.0, "AREA_TI": 0.0, "AREA_APP": 0.0, "AREA_RL": 0.0, "FORA_UC": 0.0, "FORA_TI": 0.0, "FORA_APP": 0.0, "FORA_RL": 0.0, "SITUACAO": "EMBARGADA" }, "geometry": { "type": "MultiPolygon", "coordinates": [ [ [ [ -37.73553150476495, -9.493969083042478 ], [ -37.73595586710853, -9.493146690517065 ], [ -37.73518251064943, -9.491648153139629 ], [ -37.733679283012371, -9.491592013249619 ], [ -37.733690491696812, -9.492016692336897 ], [ -37.734178862218521, -9.492018459405191 ], [ -37.734203025443598, -9.492392482296673 ], [ -37.734483802353381, -9.492425187391083 ], [ -37.734420764286412, -9.493946052901403 ], [ -37.73553150476495, -9.493969083042478 ] ] ] ] } },
{ "type": "Feature", "properties": { "fid": 198.0, "LAT_GD": -9.397847, "LONG_GD": -37.836799, "IMG_ANTES": "06/2018", "IMG_DEPOIS": "08/2022", "BIOMA": "Caatinga", "COD_CAR": "AL-2705804-5ABC1FB9293F4E19B413DF959EA10E86", "N_IMOVEL": "FAZENDA RIACHO SECO", "NM_MUN": "Olho d'Água do Casado", "ORGAO": "-", "OPERACAO": "XI FPI - 2022", "PERIODO": "-", "N_PROCESSO": "-", "DATA_AI": "-", "MOTIVO": "DESMATAMENTO", "AI": "-", "TE": "-", "AI_APP": "-", "TE_APP": "-", "AI_RL": "-", "TE_RL": "-", "AREA_UTM": 2.21, "AREA_UC": 0.0, "AREA_TI": 0.0, "AREA_APP": 0.0, "AREA_RL": 0.0, "FORA_UC": 0.0, "FORA_TI": 0.0, "FORA_APP": 0.0, "FORA_RL": 0.0, "SITUACAO": "EMBARGADA" }, "geometry": { "type": "MultiPolygon", "coordinates": [ [ [ [ -37.837633877510136, -9.398719554284446 ], [ -37.837634912911767, -9.398702321319112 ], [ -37.837632739419192, -9.398702299947995 ], [ -37.837641678155748, -9.39858972220792 ], [ -37.83768667518607, -9.398023011059299 ], [ -37.836694138813677, -9.397557393371747 ], [ -37.836648045227697, -9.396069888807386 ], [ -37.836425457711293, -9.39607296680242 ], [ -37.836186739587312, -9.398620031197087 ], [ -37.836185583007179, -9.398620073935479 ], [ -37.836183772667894, -9.398636991824022 ], [ -37.836236256821287, -9.398635638598696 ], [ -37.837078094769218, -9.398613934349189 ], [ -37.837072232951137, -9.398698154444165 ], [ -37.837088074408243, -9.39869943429712 ], [ -37.837633877510136, -9.398719554284446 ] ] ] ] } },
{ "type": "Feature", "properties": { "fid": 199.0, "LAT_GD": -9.397459, "LONG_GD": -37.831705, "IMG_ANTES": "06/2018", "IMG_DEPOIS": "08/2022", "BIOMA": "Caatinga", "COD_CAR": "AL-2705804-B3CEDD6125C84E2CB17843C91F04C4CE", "N_IMOVEL": "ASSOCIACAO RIACHO SECO IV LOTE 29", "NM_MUN": "Olho d'Água do Casado", "ORGAO": "-", "OPERACAO": "XI FPI - 2022", "PERIODO": "-", "N_PROCESSO": "-", "DATA_AI": "-", "MOTIVO": "DESMATAMENTO", "AI": "-", "TE": "-", "AI_APP": "-", "TE_APP": "-", "AI_RL": "-", "TE_RL": "-", "AREA_UTM": 3.28, "AREA_UC": 0.0, "AREA_TI": 0.0, "AREA_APP": 0.0, "AREA_RL": 0.0, "FORA_UC": 0.0, "FORA_TI": 0.0, "FORA_APP": 0.0, "FORA_RL": 0.0, "SITUACAO": "EMBARGADA" }, "geometry": { "type": "MultiPolygon", "coordinates": [ [ [ [ -37.832283714007325, -9.398561815838825 ], [ -37.83240524224648, -9.396636685134879 ], [ -37.831159632906946, -9.396143059907507 ], [ -37.831056929136778, -9.398536570062584 ], [ -37.832283714007325, -9.398561815838825 ] ] ] ] } },
{ "type": "Feature", "properties": { "fid": 200.0, "LAT_GD": -9.115103, "LONG_GD": -37.761944, "IMG_ANTES": "11/2018", "IMG_DEPOIS": "10/2022", "BIOMA": "Caatinga", "COD_CAR": "AL-2705002-833F360C251B4224A8F504B46BCA614D", "N_IMOVEL": "FAZENDA SANTA MARIA", "NM_MUN": "Mata Grande", "ORGAO": "-", "OPERACAO": "XI FPI - 2022", "PERIODO": "-", "N_PROCESSO": "-", "DATA_AI": "-", "MOTIVO": "DESMATAMENTO", "AI": "-", "TE": "-", "AI_APP": "-", "TE_APP": "-", "AI_RL": "-", "TE_RL": "-", "AREA_UTM": 27.35, "AREA_UC": 0.0, "AREA_TI": 0.0, "AREA_APP": 0.0, "AREA_RL": 0.0, "FORA_UC": 0.0, "FORA_TI": 0.0, "FORA_APP": 0.0, "FORA_RL": 0.0, "SITUACAO": "EMBARGADA" }, "geometry": { "type": "MultiPolygon", "coordinates": [ [ [ [ -37.758495180074732, -9.112438443256419 ], [ -37.758193181800557, -9.112584214108651 ], [ -37.758352464039774, -9.11315502964165 ], [ -37.759694086674571, -9.116161839488813 ], [ -37.760645635029967, -9.116390436140941 ], [ -37.761549350538353, -9.117340000192581 ], [ -37.761896232622242, -9.117423724207027 ], [ -37.763554261303135, -9.117865134857775 ], [ -37.76410844897979, -9.117607421528927 ], [ -37.764730941085858, -9.117318483258156 ], [ -37.765435816738659, -9.116861640227739 ], [ -37.765185794466497, -9.115998862579396 ], [ -37.764765463716053, -9.115119928803619 ], [ -37.763664438042277, -9.115499291272164 ], [ -37.763144477863619, -9.115046815889302 ], [ -37.763737112155482, -9.114147413430052 ], [ -37.763955075460707, -9.113404485136304 ], [ -37.76309717491015, -9.112319870569177 ], [ -37.762437994058352, -9.112790873272257 ], [ -37.760407563817516, -9.113099458654887 ], [ -37.758730216256346, -9.112935993873062 ], [ -37.758495180074732, -9.112438443256419 ] ] ] ] } },
{ "type": "Feature", "properties": { "fid": 201.0, "LAT_GD": -9.40585, "LONG_GD": -37.829686, "IMG_ANTES": "06/2018", "IMG_DEPOIS": "08/2022", "BIOMA": "Caatinga", "COD_CAR": "AL-2705804-3297DA8D1E6C4573B00F0B69FB11020F", "N_IMOVEL": "ASSOCIACAO RIACHO SECO IV LOTE 06", "NM_MUN": "Olho d'Água do Casado", "ORGAO": "-", "OPERACAO": "XI FPI - 2022", "PERIODO": "-", "N_PROCESSO": "-", "DATA_AI": "-", "MOTIVO": "DESMATAMENTO", "AI": "-", "TE": "-", "AI_APP": "-", "TE_APP": "-", "AI_RL": "-", "TE_RL": "-", "AREA_UTM": 5.4, "AREA_UC": 0.0, "AREA_TI": 0.0, "AREA_APP": 0.0, "AREA_RL": 0.0, "FORA_UC": 0.0, "FORA_TI": 0.0, "FORA_APP": 0.0, "FORA_RL": 0.0, "SITUACAO": "EMBARGADA" }, "geometry": { "type": "MultiPolygon", "coordinates": [ [ [ [ -37.830650965744695, -9.407264999476242 ], [ -37.830542727069627, -9.406803120328398 ], [ -37.830553027560327, -9.40647333352099 ], [ -37.830600841845943, -9.406123365418512 ], [ -37.83068377884733, -9.404818062398048 ], [ -37.828209237255031, -9.404641049035106 ], [ -37.82820205335954, -9.404881562240774 ], [ -37.828512, -9.404895 ], [ -37.828869316260004, -9.406379575387041 ], [ -37.829286311339089, -9.406380958652413 ], [ -37.829196809484678, -9.407199038755259 ], [ -37.830356710363397, -9.407280814666091 ], [ -37.830650965744695, -9.407264999476242 ] ] ] ] } },
{ "type": "Feature", "properties": { "fid": 202.0, "LAT_GD": -9.515714, "LONG_GD": -37.98243, "IMG_ANTES": "05/2018", "IMG_DEPOIS": "08/2022", "BIOMA": "Caatinga", "COD_CAR": "-", "N_IMOVEL": "-", "NM_MUN": "Delmiro Gouveia", "ORGAO": "-", "OPERACAO": "XI FPI - 2022", "PERIODO": "-", "N_PROCESSO": "-", "DATA_AI": "-", "MOTIVO": "DESMATAMENTO", "AI": "-", "TE": "-", "AI_APP": "-", "TE_APP": "-", "AI_RL": "-", "TE_RL": "-", "AREA_UTM": 2.42, "AREA_UC": 0.0, "AREA_TI": 0.0, "AREA_APP": 0.0, "AREA_RL": 0.0, "FORA_UC": 0.0, "FORA_TI": 0.0, "FORA_APP": 0.0, "FORA_RL": 0.0, "SITUACAO": "EMBARGADA" }, "geometry": { "type": "MultiPolygon", "coordinates": [ [ [ [ -37.982124107406314, -9.516745560223717 ], [ -37.983400974324297, -9.51603189165918 ], [ -37.982792564584571, -9.515251645829609 ], [ -37.982424901559988, -9.514350521198857 ], [ -37.981654436345593, -9.515793430210598 ], [ -37.982124107406314, -9.516745560223717 ] ] ] ] } },
{ "type": "Feature", "properties": { "fid": 203.0, "LAT_GD": -9.403722, "LONG_GD": -37.829356, "IMG_ANTES": "06/2018", "IMG_DEPOIS": "08/2022", "BIOMA": "Caatinga", "COD_CAR": "AL-2705804-21D065B1DFF84FA1BE638B2B226A2F7D", "N_IMOVEL": "ASSOCIACAO RIACHO SECO LOTE IV 05", "NM_MUN": "Olho d'Água do Casado", "ORGAO": "-", "OPERACAO": "XI FPI - 2022", "PERIODO": "-", "N_PROCESSO": "-", "DATA_AI": "-", "MOTIVO": "DESMATAMENTO", "AI": "-", "TE": "-", "AI_APP": "-", "TE_APP": "-", "AI_RL": "-", "TE_RL": "-", "AREA_UTM": 6.31, "AREA_UC": 0.0, "AREA_TI": 0.0, "AREA_APP": 0.0, "AREA_RL": 0.0, "FORA_UC": 0.0, "FORA_TI": 0.0, "FORA_APP": 0.0, "FORA_RL": 0.0, "SITUACAO": "EMBARGADA" }, "geometry": { "type": "MultiPolygon", "coordinates": [ [ [ [ -37.828210688737578, -9.404592454005558 ], [ -37.83070619144366, -9.404749828145887 ], [ -37.830788730138188, -9.402814879174834 ], [ -37.83013134364279, -9.402782825703232 ], [ -37.830132285334329, -9.402817506446732 ], [ -37.828038650616286, -9.4028612690215 ], [ -37.827765704278455, -9.403046281492337 ], [ -37.827793, -9.404006 ], [ -37.828221235186838, -9.404239362034735 ], [ -37.828210688737578, -9.404592454005558 ] ] ] ] } },
{ "type": "Feature", "properties": { "fid": 204.0, "LAT_GD": -9.345732, "LONG_GD": -38.095228, "IMG_ANTES": "05/2021", "IMG_DEPOIS": "08/2022", "BIOMA": "Caatinga", "COD_CAR": "-", "N_IMOVEL": "-", "NM_MUN": "Delmiro Gouveia", "ORGAO": "-", "OPERACAO": "XI FPI - 2022", "PERIODO": "-", "N_PROCESSO": "-", "DATA_AI": "-", "MOTIVO": "DESMATAMENTO", "AI": "-", "TE": "-", "AI_APP": "-", "TE_APP": "-", "AI_RL": "-", "TE_RL": "-", "AREA_UTM": 4.45, "AREA_UC": 0.0, "AREA_TI": 0.0, "AREA_APP": 0.0, "AREA_RL": 0.0, "FORA_UC": 0.0, "FORA_TI": 0.0, "FORA_APP": 0.0, "FORA_RL": 0.0, "SITUACAO": "EMBARGADA" }, "geometry": { "type": "MultiPolygon", "coordinates": [ [ [ [ -38.096269, -9.344022 ], [ -38.096026, -9.344685 ], [ -38.094095, -9.345545 ], [ -38.093909, -9.345884 ], [ -38.094481, -9.347323 ], [ -38.09624, -9.345743 ], [ -38.096069, -9.344911 ], [ -38.096398, -9.344911 ], [ -38.096941, -9.344516 ], [ -38.096269, -9.344022 ] ] ] ] } },
{ "type": "Feature", "properties": { "fid": 205.0, "LAT_GD": -9.397503, "LONG_GD": -37.835782, "IMG_ANTES": "06/2018", "IMG_DEPOIS": "08/2022", "BIOMA": "Caatinga", "COD_CAR": "AL-2705804-6B5E9E1508B54A918A433F4F9851736E", "N_IMOVEL": "ASSOCIACAO RIACHO SECO IV LOTE 26", "NM_MUN": "Olho d'Água do Casado", "ORGAO": "-", "OPERACAO": "XI FPI - 2022", "PERIODO": "-", "N_PROCESSO": "-", "DATA_AI": "-", "MOTIVO": "DESMATAMENTO", "AI": "-", "TE": "-", "AI_APP": "-", "TE_APP": "-", "AI_RL": "-", "TE_RL": "-", "AREA_UTM": 2.87, "AREA_UC": 0.0, "AREA_TI": 0.0, "AREA_APP": 0.0, "AREA_RL": 0.0, "FORA_UC": 0.0, "FORA_TI": 0.0, "FORA_APP": 0.0, "FORA_RL": 0.0, "SITUACAO": "EMBARGADA" }, "geometry": { "type": "MultiPolygon", "coordinates": [ [ [ [ -37.835062339745058, -9.396922901949331 ], [ -37.834940058719553, -9.398666096812269 ], [ -37.836186739587312, -9.398620031197087 ], [ -37.836425457711293, -9.39607296680242 ], [ -37.835660843454612, -9.396083539006169 ], [ -37.835490081191615, -9.39625199359053 ], [ -37.835825902101945, -9.397622140419445 ], [ -37.835059784239746, -9.397687222028276 ], [ -37.835062339745058, -9.396922901949331 ] ] ] ] } },
{ "type": "Feature", "properties": { "fid": 206.0, "LAT_GD": -9.395725, "LONG_GD": -37.839819, "IMG_ANTES": "06/2018", "IMG_DEPOIS": "08/2022", "BIOMA": "Caatinga", "COD_CAR": "AL-2705804-4BFEE3A123AD430A8A937D58BB4011A3", "N_IMOVEL": "ASSOCIACAO RIACHO SECO IV LOTE 24", "NM_MUN": "Olho d'Água do Casado", "ORGAO": "-", "OPERACAO": "XI FPI - 2022", "PERIODO": "-", "N_PROCESSO": "-", "DATA_AI": "-", "MOTIVO": "DESMATAMENTO", "AI": "-", "TE": "-", "AI_APP": "-", "TE_APP": "-", "AI_RL": "-", "TE_RL": "-", "AREA_UTM": 8.84, "AREA_UC": 0.0, "AREA_TI": 0.0, "AREA_APP": 0.0, "AREA_RL": 0.0, "FORA_UC": 0.0, "FORA_TI": 0.0, "FORA_APP": 0.0, "FORA_RL": 0.0, "SITUACAO": "EMBARGADA" }, "geometry": { "type": "MultiPolygon", "coordinates": [ [ [ [ -37.839761223069708, -9.39871483022187 ], [ -37.839761721830278, -9.398748850862402 ], [ -37.840036650734952, -9.398761773930829 ], [ -37.840686032659207, -9.393943097385172 ], [ -37.840667, -9.392712 ], [ -37.840367, -9.392786 ], [ -37.839884, -9.392543 ], [ -37.839573, -9.393072 ], [ -37.839457771948403, -9.393059285209327 ], [ -37.839307144473032, -9.394334130960122 ], [ -37.839351991185943, -9.396737948964805 ], [ -37.839021356539888, -9.396752876790305 ], [ -37.838790930464228, -9.398703033774437 ], [ -37.839273361606217, -9.398725782124439 ], [ -37.839761223069708, -9.39871483022187 ] ] ] ] } },
{ "type": "Feature", "properties": { "fid": 207.0, "LAT_GD": -9.060966, "LONG_GD": -37.610113, "IMG_ANTES": "05/2021", "IMG_DEPOIS": "10/2022", "BIOMA": "Caatinga", "COD_CAR": "-", "N_IMOVEL": "-", "NM_MUN": "Mata Grande", "ORGAO": "-", "OPERACAO": "XI FPI - 2022", "PERIODO": "-", "N_PROCESSO": "-", "DATA_AI": "-", "MOTIVO": "DESMATAMENTO", "AI": "-", "TE": "-", "AI_APP": "-", "TE_APP": "-", "AI_RL": "-", "TE_RL": "-", "AREA_UTM": 27.67, "AREA_UC": 0.0, "AREA_TI": 0.0, "AREA_APP": 0.0, "AREA_RL": 0.0, "FORA_UC": 0.0, "FORA_TI": 0.0, "FORA_APP": 0.0, "FORA_RL": 0.0, "SITUACAO": "EMBARGADA" }, "geometry": { "type": "MultiPolygon", "coordinates": [ [ [ [ -37.608623, -9.058445 ], [ -37.608465, -9.058262 ], [ -37.608137, -9.059942 ], [ -37.60745, -9.061128 ], [ -37.607622, -9.062285 ], [ -37.606778, -9.063415 ], [ -37.606521, -9.064333 ], [ -37.607779, -9.064163 ], [ -37.60888, -9.064347 ], [ -37.608594, -9.063062 ], [ -37.609495, -9.062765 ], [ -37.609867, -9.063118 ], [ -37.611297, -9.059815 ], [ -37.61194, -9.059758 ], [ -37.612212, -9.06021 ], [ -37.611526, -9.061692 ], [ -37.611511, -9.062088 ], [ -37.611769, -9.06278 ], [ -37.61267, -9.063104 ], [ -37.613885, -9.058784 ], [ -37.608623, -9.058445 ] ] ] ] } },
{ "type": "Feature", "properties": { "fid": 208.0, "LAT_GD": -9.39775, "LONG_GD": -37.832949, "IMG_ANTES": "06/2018", "IMG_DEPOIS": "08/2022", "BIOMA": "Caatinga", "COD_CAR": "AL-2705804-9BA3318254F84096BF7A7A52A94FF0C0", "N_IMOVEL": "ASSOCIACAO RIACHO SECO IV LOTE 28", "NM_MUN": "Olho d'Água do Casado", "ORGAO": "-", "OPERACAO": "XI FPI - 2022", "PERIODO": "-", "N_PROCESSO": "-", "DATA_AI": "-", "MOTIVO": "DESMATAMENTO", "AI": "-", "TE": "-", "AI_APP": "-", "TE_APP": "-", "AI_RL": "-", "TE_RL": "-", "AREA_UTM": 2.64, "AREA_UC": 0.0, "AREA_TI": 0.0, "AREA_APP": 0.0, "AREA_RL": 0.0, "FORA_UC": 0.0, "FORA_TI": 0.0, "FORA_APP": 0.0, "FORA_RL": 0.0, "SITUACAO": "EMBARGADA" }, "geometry": { "type": "MultiPolygon", "coordinates": [ [ [ [ -37.833170166937286, -9.398719954265429 ], [ -37.833505597277792, -9.398712968332617 ], [ -37.833638865850205, -9.397125555032593 ], [ -37.832414095935668, -9.396640193762687 ], [ -37.832293151350122, -9.398562010031656 ], [ -37.832980366457896, -9.398576150225326 ], [ -37.832982007490713, -9.398719367841057 ], [ -37.833096679090673, -9.398721417735649 ], [ -37.833149315400888, -9.398720379172321 ], [ -37.833170166937286, -9.398719954265429 ] ] ] ] } },
{ "type": "Feature", "properties": { "fid": 209.0, "LAT_GD": -9.103539, "LONG_GD": -37.748264, "IMG_ANTES": "05/2021", "IMG_DEPOIS": "10/2022", "BIOMA": "Caatinga", "COD_CAR": "AL-2705002-CA7A5B17F11B446998E993E1F162CC4F", "N_IMOVEL": "FAZENDA SANTA MARIA", "NM_MUN": "Mata Grande", "ORGAO": "-", "OPERACAO": "XI FPI - 2022", "PERIODO": "-", "N_PROCESSO": "-", "DATA_AI": "-", "MOTIVO": "DESMATAMENTO", "AI": "-", "TE": "-", "AI_APP": "-", "TE_APP": "-", "AI_RL": "-", "TE_RL": "-", "AREA_UTM": 5.03, "AREA_UC": 0.0, "AREA_TI": 0.0, "AREA_APP": 0.0, "AREA_RL": 0.0, "FORA_UC": 0.0, "FORA_TI": 0.0, "FORA_APP": 0.0, "FORA_RL": 0.0, "SITUACAO": "EMBARGADA" }, "geometry": { "type": "MultiPolygon", "coordinates": [ [ [ [ -37.748234, -9.102605 ], [ -37.747601, -9.10252 ], [ -37.746571, -9.102584 ], [ -37.746861657628344, -9.1027431750873 ], [ -37.747284, -9.103368 ], [ -37.747210370156047, -9.103527475743556 ], [ -37.747080683997709, -9.103329845947611 ], [ -37.746555, -9.103585 ], [ -37.747327, -9.103993 ], [ -37.747671, -9.103876 ], [ -37.747595, -9.10359 ], [ -37.747826, -9.103617 ], [ -37.747923, -9.104046 ], [ -37.74818, -9.104057 ], [ -37.748327261108379, -9.105097518266234 ], [ -37.748669, -9.105185 ], [ -37.748765, -9.104772 ], [ -37.749173, -9.104729 ], [ -37.749049, -9.104205 ], [ -37.748706, -9.103972 ], [ -37.749543, -9.104009 ], [ -37.749768, -9.103903 ], [ -37.74986, -9.103585 ], [ -37.74913, -9.103289 ], [ -37.74906, -9.102611 ], [ -37.748234, -9.102605 ] ] ] ] } },
{ "type": "Feature", "properties": { "fid": 210.0, "LAT_GD": -9.397344, "LONG_GD": -37.834377, "IMG_ANTES": "06/2018", "IMG_DEPOIS": "08/2022", "BIOMA": "Caatinga", "COD_CAR": "AL-2705804-F360A293BCCF48199AFBD23E93B1C7BD", "N_IMOVEL": "ASSOCIACAO RIACHO SECO IV LOTE 27", "NM_MUN": "Olho d'Água do Casado", "ORGAO": "-", "OPERACAO": "XI FPI - 2022", "PERIODO": "-", "N_PROCESSO": "-", "DATA_AI": "-", "MOTIVO": "DESMATAMENTO", "AI": "-", "TE": "-", "AI_APP": "-", "TE_APP": "-", "AI_RL": "-", "TE_RL": "-", "AREA_UTM": 4.29, "AREA_UC": 0.0, "AREA_TI": 0.0, "AREA_APP": 0.0, "AREA_RL": 0.0, "FORA_UC": 0.0, "FORA_TI": 0.0, "FORA_APP": 0.0, "FORA_RL": 0.0, "SITUACAO": "EMBARGADA" }, "geometry": { "type": "MultiPolygon", "coordinates": [ [ [ [ -37.833670107125506, -9.397137935495916 ], [ -37.833539085153063, -9.398710506527637 ], [ -37.834920756303603, -9.398665264669463 ], [ -37.835063396260203, -9.396606892327227 ], [ -37.835065999997148, -9.395828052523719 ], [ -37.833959548224286, -9.395875108333126 ], [ -37.833937947130828, -9.397244076453539 ], [ -37.833670107125506, -9.397137935495916 ] ] ] ] } },
{ "type": "Feature", "properties": { "fid": 211.0, "LAT_GD": -9.067998, "LONG_GD": -37.609597, "IMG_ANTES": "05/2021", "IMG_DEPOIS": "10/2022", "BIOMA": "Caatinga", "COD_CAR": "-", "N_IMOVEL": "-", "NM_MUN": "Mata Grande", "ORGAO": "-", "OPERACAO": "XI FPI - 2022", "PERIODO": "-", "N_PROCESSO": "-", "DATA_AI": "-", "MOTIVO": "DESMATAMENTO", "AI": "-", "TE": "-", "AI_APP": "-", "TE_APP": "-", "AI_RL": "-", "TE_RL": "-", "AREA_UTM": 10.64, "AREA_UC": 0.0, "AREA_TI": 0.0, "AREA_APP": 0.0, "AREA_RL": 0.0, "FORA_UC": 0.0, "FORA_TI": 0.0, "FORA_APP": 0.0, "FORA_RL": 0.0, "SITUACAO": "EMBARGADA" }, "geometry": { "type": "MultiPolygon", "coordinates": [ [ [ [ -37.608755, -9.066797 ], [ -37.60803, -9.068206 ], [ -37.608068, -9.068974 ], [ -37.608281, -9.069509 ], [ -37.609113, -9.069964 ], [ -37.609886, -9.069239 ], [ -37.610846, -9.069435 ], [ -37.611388, -9.067522 ], [ -37.610149, -9.066839 ], [ -37.610288, -9.066569 ], [ -37.610583, -9.066537 ], [ -37.610513, -9.066103 ], [ -37.60936, -9.066113 ], [ -37.608893, -9.06587 ], [ -37.608755, -9.066797 ] ] ] ] } },
{ "type": "Feature", "properties": { "fid": 212.0, "LAT_GD": -9.397916, "LONG_GD": -37.845102, "IMG_ANTES": "06/2018", "IMG_DEPOIS": "08/2022", "BIOMA": "Caatinga", "COD_CAR": "AL-2705804-BFE6F0C428F54FD086521CEFA3F6B0C6", "N_IMOVEL": "ASSOCIACAO RIACHO SECO IV LOTE 20", "NM_MUN": "Olho d'Água do Casado", "ORGAO": "-", "OPERACAO": "XI FPI - 2022", "PERIODO": "-", "N_PROCESSO": "-", "DATA_AI": "-", "MOTIVO": "DESMATAMENTO", "AI": "-", "TE": "-", "AI_APP": "-", "TE_APP": "-", "AI_RL": "-", "TE_RL": "-", "AREA_UTM": 3.8, "AREA_UC": 0.0, "AREA_TI": 0.0, "AREA_APP": 0.0, "AREA_RL": 0.0, "FORA_UC": 0.0, "FORA_TI": 0.0, "FORA_APP": 0.0, "FORA_RL": 0.0, "SITUACAO": "EMBARGADA" }, "geometry": { "type": "MultiPolygon", "coordinates": [ [ [ [ -37.844743995479398, -9.398875886064626 ], [ -37.844743598220404, -9.398884281350856 ], [ -37.845870002403302, -9.398917914364214 ], [ -37.846082753166698, -9.398923350578762 ], [ -37.8460828834666, -9.398913250732658 ], [ -37.846079791580507, -9.398912875947387 ], [ -37.846088641855523, -9.398295973421577 ], [ -37.846099719722751, -9.397522646217988 ], [ -37.845920843702714, -9.397642584126286 ], [ -37.845180394881254, -9.39766551730116 ], [ -37.845201644036209, -9.396389502010813 ], [ -37.844520935510722, -9.396361924003116 ], [ -37.844552537115142, -9.397097254829147 ], [ -37.8444214858824, -9.397103195800319 ], [ -37.844263209750068, -9.398829005257635 ], [ -37.844259712196447, -9.398867162644876 ], [ -37.844259736340369, -9.398867163079801 ], [ -37.844262366311597, -9.398867163079784 ], [ -37.84431932413743, -9.39886823647362 ], [ -37.844743995479398, -9.398875886064626 ] ] ] ] } },
{ "type": "Feature", "properties": { "fid": 213.0, "LAT_GD": -9.39824, "LONG_GD": -37.847377, "IMG_ANTES": "06/2018", "IMG_DEPOIS": "08/2022", "BIOMA": "Caatinga", "COD_CAR": "AL-2705804-DAD0A905B21E4DD590881791209C2E19", "N_IMOVEL": "ASSOCIACAO RIACHO SECO IV LOTE 19", "NM_MUN": "Olho d'Água do Casado", "ORGAO": "-", "OPERACAO": "XI FPI - 2022", "PERIODO": "-", "N_PROCESSO": "-", "DATA_AI": "-", "MOTIVO": "DESMATAMENTO", "AI": "-", "TE": "-", "AI_APP": "-", "TE_APP": "-", "AI_RL": "-", "TE_RL": "-", "AREA_UTM": 4.36, "AREA_UC": 0.0, "AREA_TI": 0.0, "AREA_APP": 0.0, "AREA_RL": 0.0, "FORA_UC": 0.0, "FORA_TI": 0.0, "FORA_APP": 0.0, "FORA_RL": 0.0, "SITUACAO": "EMBARGADA" }, "geometry": { "type": "MultiPolygon", "coordinates": [ [ [ [ -37.846101358157092, -9.397521547632811 ], [ -37.846082883466622, -9.398901811118499 ], [ -37.846082883466622, -9.398912784369177 ], [ -37.847900492709854, -9.398872073609153 ], [ -37.849390047669608, -9.398836833195562 ], [ -37.848847483224993, -9.39788875733395 ], [ -37.848216852523464, -9.398157130761525 ], [ -37.847468647038461, -9.397951869082004 ], [ -37.847385169041409, -9.397461444645597 ], [ -37.846773740007251, -9.397070708166623 ], [ -37.846101358157092, -9.397521547632811 ] ] ] ] } },
{ "type": "Feature", "properties": { "fid": 214.0, "LAT_GD": -9.397434, "LONG_GD": -37.840761, "IMG_ANTES": "06/2018", "IMG_DEPOIS": "08/2022", "BIOMA": "Caatinga", "COD_CAR": "AL-2705804-002E83A3D7D44E72BC4E5B1222D23724", "N_IMOVEL": "ASSOIACAO RIACHO SECO IV LOTE 23", "NM_MUN": "Olho d'Água do Casado", "ORGAO": "-", "OPERACAO": "XI FPI - 2022", "PERIODO": "-", "N_PROCESSO": "-", "DATA_AI": "-", "MOTIVO": "DESMATAMENTO", "AI": "-", "TE": "-", "AI_APP": "-", "TE_APP": "-", "AI_RL": "-", "TE_RL": "-", "AREA_UTM": 3.71, "AREA_UC": 0.0, "AREA_TI": 0.0, "AREA_APP": 0.0, "AREA_RL": 0.0, "FORA_UC": 0.0, "FORA_TI": 0.0, "FORA_APP": 0.0, "FORA_RL": 0.0, "SITUACAO": "EMBARGADA" }, "geometry": { "type": "MultiPolygon", "coordinates": [ [ [ [ -37.840686284976783, -9.393959418319504 ], [ -37.840040651779098, -9.398746740446525 ], [ -37.841327770642998, -9.398789189475933 ], [ -37.841594906920896, -9.396948974675587 ], [ -37.840732118200634, -9.39692417370831 ], [ -37.840686284976783, -9.393959418319504 ] ] ] ] } },
{ "type": "Feature", "properties": { "fid": 215.0, "LAT_GD": -9.463863, "LONG_GD": -36.506854, "IMG_ANTES": "2019-10", "IMG_DEPOIS": "2024-08", "BIOMA": "Mata Atlântica", "COD_CAR": "AL-2706307-CDDF1A74AAF9420F861C89A419432C82", "N_IMOVEL": "POVOADO TABACARIA", "NM_MUN": "Palmeira dos Índios", "ORGAO": "-", "OPERACAO": "MATA ATLANTICA 2024", "PERIODO": "-", "N_PROCESSO": "2024.20095495060.AINF.IMA", "DATA_AI": "2024-09-16", "MOTIVO": "DESMATAMENTO", "AI": "SERIE A - TALAO 0026 - FOLHA 02052", "TE": "SERIE C - TALAO 0063 - FOLHA 05456", "AI_APP": "-", "TE_APP": "-", "AI_RL": "-", "TE_RL": "-", "AREA_UTM": 5.91, "AREA_UC": 0.0, "AREA_TI": 0.0, "AREA_APP": 0.0, "AREA_RL": 0.0, "FORA_UC": 0.0, "FORA_TI": 0.0, "FORA_APP": 0.0, "FORA_RL": 0.0, "SITUACAO": "EMBARGADA" }, "geometry": { "type": "MultiPolygon", "coordinates": [ [ [ [ -36.507009308043401, -9.463408437010768 ], [ -36.507100953823183, -9.463388798629387 ], [ -36.507473482217172, -9.463481930727886 ], [ -36.507734252092966, -9.463559195876268 ], [ -36.507734252092966, -9.463537809986985 ], [ -36.507734252092966, -9.463351545789989 ], [ -36.507734252092966, -9.463128028753593 ], [ -36.50780875777177, -9.462997643815696 ], [ -36.507846010611168, -9.4627555003596 ], [ -36.507846010611168, -9.462494730483805 ], [ -36.507734252092966, -9.462327092706508 ], [ -36.507641119994467, -9.462159454929212 ], [ -36.507547987895968, -9.462010443571614 ], [ -36.507343097279275, -9.461805552954919 ], [ -36.507268591600479, -9.461619288757923 ], [ -36.507138206662582, -9.461321266042729 ], [ -36.507119580242879, -9.461153628265432 ], [ -36.506989195304982, -9.460725220612341 ], [ -36.506728425429188, -9.460445824316846 ], [ -36.506560787651892, -9.460371318638048 ], [ -36.506411776294293, -9.460352692218347 ], [ -36.506281391356396, -9.460725220612341 ], [ -36.506486281973089, -9.461004616907834 ], [ -36.50669117258979, -9.461135001845731 ], [ -36.506802931107984, -9.461339892462428 ], [ -36.506784304688289, -9.461488903820024 ], [ -36.506616666910993, -9.461582035918523 ], [ -36.506523534812494, -9.461637915177622 ], [ -36.506486281973089, -9.461954564312515 ], [ -36.506598040491291, -9.462122202089812 ], [ -36.506784304688289, -9.462364345545907 ], [ -36.506560787651892, -9.462438851224706 ], [ -36.506393149874597, -9.462680994680801 ], [ -36.506430402713995, -9.462867258877798 ], [ -36.506523534812494, -9.462904511717197 ], [ -36.506672546170087, -9.462960390976296 ], [ -36.506970568885279, -9.463090775914193 ], [ -36.507009308043401, -9.463408437010768 ] ] ], [ [ [ -36.505576901973797, -9.466378465088798 ], [ -36.505685345926011, -9.466443531460127 ], [ -36.505797104444206, -9.466462157879826 ], [ -36.505871610123002, -9.466518037138925 ], [ -36.505871610123002, -9.466611169237424 ], [ -36.505815730863908, -9.466741554175321 ], [ -36.505778478024503, -9.46681605985412 ], [ -36.505685345926011, -9.466890565532918 ], [ -36.505592213827512, -9.466946444792017 ], [ -36.505536334568411, -9.467188588248112 ], [ -36.505585585608195, -9.467545658286555 ], [ -36.506430402713995, -9.466667048496522 ], [ -36.507378945332832, -9.465589889929367 ], [ -36.507361723698978, -9.465400451956947 ], [ -36.507361723698978, -9.465083802822054 ], [ -36.507361723698978, -9.464692648008361 ], [ -36.507492108636875, -9.464357372453769 ], [ -36.507566614315671, -9.463966217640076 ], [ -36.507380350118673, -9.463798579862779 ], [ -36.507032313922956, -9.463597085223155 ], [ -36.507156833082277, -9.464618142329563 ], [ -36.506393149874597, -9.465549463314545 ], [ -36.505576901973797, -9.466378465088798 ] ] ] ] } },
{ "type": "Feature", "properties": { "fid": 216.0, "LAT_GD": -9.743551, "LONG_GD": -36.370603, "IMG_ANTES": "2019-10", "IMG_DEPOIS": "2024-08", "BIOMA": "Mata Atlântica", "COD_CAR": "AL-2704203-E5FF81630617473EAAAEDC08FC915A58", "N_IMOVEL": "FAZENDA CALUGI A", "NM_MUN": "Limoeiro de Anadia", "ORGAO": "-", "OPERACAO": "MATA ATLANTICA 2024", "PERIODO": "-", "N_PROCESSO": "2024.17094954893.AINF.IMA", "DATA_AI": "2024-09-17", "MOTIVO": "DESMATAMENTO", "AI": "2024.17090609363.AAF.AINF", "TE": "SERIE C - TALAO 0036 - FOLHA 01767", "AI_APP": "-", "TE_APP": "-", "AI_RL": "-", "TE_RL": "-", "AREA_UTM": 27.07, "AREA_UC": 0.0, "AREA_TI": 0.0, "AREA_APP": 0.0, "AREA_RL": 0.0, "FORA_UC": 0.0, "FORA_TI": 0.0, "FORA_APP": 0.0, "FORA_RL": 0.0, "SITUACAO": "EMBARGADA" }, "geometry": { "type": "MultiPolygon", "coordinates": [ [ [ [ -36.364543650652116, -9.745392792881802 ], [ -36.365325960279506, -9.744722241772616 ], [ -36.365772994352298, -9.74449872473622 ], [ -36.366145522746287, -9.74449872473622 ], [ -36.367412119285859, -9.74449872473622 ], [ -36.368455198789043, -9.744722241772616 ], [ -36.369125749898231, -9.74498301164841 ], [ -36.371025644707593, -9.744647736093818 ], [ -36.372143229889566, -9.744759494612016 ], [ -36.373745101983737, -9.744386966218022 ], [ -36.374825434326318, -9.743939932145231 ], [ -36.375607743953701, -9.743194875357245 ], [ -36.375831260990097, -9.742822346963253 ], [ -36.375868513829495, -9.742487071408661 ], [ -36.375533238274905, -9.741965531657071 ], [ -36.37527246839911, -9.741742014620675 ], [ -36.374750928647515, -9.741593003263077 ], [ -36.37415488321713, -9.741593003263077 ], [ -36.37191971285317, -9.742114543014667 ], [ -36.3706158634742, -9.742785094123855 ], [ -36.369833553846817, -9.743157622517847 ], [ -36.369684542489217, -9.743232128196645 ], [ -36.368902232861835, -9.743045863999649 ], [ -36.368790474343633, -9.742971358320851 ], [ -36.368082670395047, -9.742896852642051 ], [ -36.367710142001059, -9.742896852642051 ], [ -36.366629809658477, -9.743120369678447 ], [ -36.365698488673495, -9.743381139554243 ], [ -36.364878926206714, -9.743828173627033 ], [ -36.36413386941873, -9.744461471896821 ], [ -36.363798593864132, -9.745094770166608 ], [ -36.363947605221732, -9.745653562757598 ], [ -36.364543650652116, -9.745392792881802 ] ] ] ] } },
{ "type": "Feature", "properties": { "fid": 217.0, "LAT_GD": -9.266444, "LONG_GD": -36.332881, "IMG_ANTES": "2019-10", "IMG_DEPOIS": "2024-08", "BIOMA": "Mata Atlântica", "COD_CAR": "AL-2701902-89A02A5749294199BAA9885A3BAD7AEC", "N_IMOVEL": "FAZENDA SAO PEDRO", "NM_MUN": "Chã Preta", "ORGAO": "-", "OPERACAO": "MATA ATLANTICA 2024", "PERIODO": "-", "N_PROCESSO": "2024.24095121962.AI.IMA", "DATA_AI": "2024-09-24", "MOTIVO": "DESMATAMENTO", "AI": "2024.18101762146.AAF.AINF", "TE": "2024.240951110.AI.TA", "AI_APP": "-", "TE_APP": "-", "AI_RL": "-", "TE_RL": "-", "AREA_UTM": 31.91, "AREA_UC": 0.0, "AREA_TI": 0.0, "AREA_APP": 0.0, "AREA_RL": 0.0, "FORA_UC": 0.0, "FORA_TI": 0.0, "FORA_APP": 0.0, "FORA_RL": 0.0, "SITUACAO": "EMBARGADA" }, "geometry": { "type": "MultiPolygon", "coordinates": [ [ [ [ -36.333345489052078, -9.270355353266643 ], [ -36.332879828559605, -9.270280847587847 ], [ -36.332879828559605, -9.270150462649953 ], [ -36.333010213497495, -9.269759307836273 ], [ -36.33317785127479, -9.269386779442291 ], [ -36.333643511767264, -9.268772107592222 ], [ -36.335375768799281, -9.26597814463736 ], [ -36.33572967077356, -9.265400725626689 ], [ -36.335487527317476, -9.265028197232708 ], [ -36.335301263120485, -9.264841933035717 ], [ -36.335114998923494, -9.26458116315993 ], [ -36.335040493244698, -9.264469404641735 ], [ -36.334910108306801, -9.264450778222036 ], [ -36.33472384410981, -9.264450778222036 ], [ -36.334556206332522, -9.264432151802337 ], [ -36.334388568555227, -9.264357646123541 ], [ -36.333848402383957, -9.264040996988657 ], [ -36.333736643865763, -9.26378022711287 ], [ -36.333736643865763, -9.263407698718888 ], [ -36.333755270285458, -9.2631655552628 ], [ -36.333829775964254, -9.26296066464611 ], [ -36.334016040161245, -9.26275577402942 ], [ -36.334351315715828, -9.262476377733933 ], [ -36.334332689296133, -9.262178355018747 ], [ -36.333773896705161, -9.262196981438446 ], [ -36.333438621150577, -9.262196981438446 ], [ -36.332954334238401, -9.262271487117243 ], [ -36.332507300165624, -9.26232736637634 ], [ -36.332321035968633, -9.262290113536942 ], [ -36.332060266092846, -9.262085222920252 ], [ -36.331315209304883, -9.26191758514296 ], [ -36.330793669553309, -9.261768573785368 ], [ -36.32975059005016, -9.261470551070182 ], [ -36.32975059005016, -9.261843079464164 ], [ -36.330048612765346, -9.262401872055136 ], [ -36.330961307330597, -9.263277313780995 ], [ -36.331594605600365, -9.26476742735692 ], [ -36.332060266092846, -9.265829133279768 ], [ -36.332227903870134, -9.266574190067731 ], [ -36.33217202461104, -9.268045677223958 ], [ -36.331948507574651, -9.269349526602893 ], [ -36.332004386833745, -9.270727881660626 ], [ -36.332004386833745, -9.271007277956112 ], [ -36.332004386833745, -9.271212168572802 ], [ -36.331855375476152, -9.271510191287987 ], [ -36.33157597918067, -9.271566070547085 ], [ -36.331240703626086, -9.271696455484978 ], [ -36.331035813009393, -9.27186409326227 ], [ -36.331128945107892, -9.272050357459261 ], [ -36.331333835724578, -9.272311127335048 ], [ -36.331650484859466, -9.272571897210835 ], [ -36.332078892512541, -9.272646402889631 ], [ -36.332507300165624, -9.272776787827524 ], [ -36.332861202139902, -9.272925799185117 ], [ -36.333047466336893, -9.272981678444214 ], [ -36.333494500409671, -9.272925799185117 ], [ -36.333643511767264, -9.272776787827524 ], [ -36.333680764606662, -9.272422885853242 ], [ -36.333736643865763, -9.271826840422872 ], [ -36.333419994730875, -9.271398432769793 ], [ -36.333159224855088, -9.2712494214122 ], [ -36.332786696461106, -9.271119036474307 ], [ -36.332563179424717, -9.270932772277316 ], [ -36.332637685103514, -9.270839640178821 ], [ -36.332842575720207, -9.270839640178821 ], [ -36.333159224855088, -9.270839640178821 ], [ -36.333252356953587, -9.270709255240927 ], [ -36.333345489052078, -9.270355353266643 ] ] ] ] } },
{ "type": "Feature", "properties": { "fid": 218.0, "LAT_GD": -9.086139, "LONG_GD": -35.895928, "IMG_ANTES": "2019-10", "IMG_DEPOIS": "2024-08", "BIOMA": "Mata Atlântica", "COD_CAR": "AL-2709301-15712483654346AEB6A206FA6582CB51", "N_IMOVEL": "FAZENDA VERTENTE", "NM_MUN": "União dos Palmares", "ORGAO": "-", "OPERACAO": "MATA ATLANTICA 2024", "PERIODO": "-", "N_PROCESSO": "2024.1809115226.AI.IMA", "DATA_AI": "2024-09-18", "MOTIVO": "DESMATAMENTO", "AI": "2024.18100951142.AAF.AINF", "TE": "2024.18091103.AI.TA", "AI_APP": "-", "TE_APP": "-", "AI_RL": "-", "TE_RL": "-", "AREA_UTM": 40.72, "AREA_UC": 0.0, "AREA_TI": 0.0, "AREA_APP": 0.0, "AREA_RL": 0.0, "FORA_UC": 0.0, "FORA_TI": 0.0, "FORA_APP": 0.0, "FORA_RL": 0.0, "SITUACAO": "EMBARGADA" }, "geometry": { "type": "MultiPolygon", "coordinates": [ [ [ [ -35.898202518521948, -9.080145939303407 ], [ -35.897336326132233, -9.080145939303407 ], [ -35.896253585645091, -9.082051562560777 ], [ -35.895993727928179, -9.081986598131548 ], [ -35.895972073118436, -9.082852790521263 ], [ -35.89746625499069, -9.083394160764835 ], [ -35.898202518521948, -9.080145939303407 ] ] ], [ [ [ -35.898570650287567, -9.084092528379049 ], [ -35.895062571109221, -9.082706620555507 ], [ -35.89488933263128, -9.083399574467277 ], [ -35.894109759480543, -9.083334610038049 ], [ -35.893763282524652, -9.086821034406649 ], [ -35.893676663285682, -9.087080892123563 ], [ -35.893048673803136, -9.087730536415847 ], [ -35.893005364183651, -9.088141977800962 ], [ -35.893243567090828, -9.088185287420448 ], [ -35.893200257471342, -9.089246373097847 ], [ -35.894109759480543, -9.089874362580391 ], [ -35.895214154777427, -9.090459042443447 ], [ -35.896924884747108, -9.090718900160361 ], [ -35.898570650287567, -9.084092528379049 ] ] ] ] } },
{ "type": "Feature", "properties": { "fid": 219.0, "LAT_GD": -9.453449, "LONG_GD": -36.508056, "IMG_ANTES": "2019-10", "IMG_DEPOIS": "2024-08", "BIOMA": "Mata Atlântica", "COD_CAR": "AL-2706307-CDDF1A74AAF9420F861C89A419432C82", "N_IMOVEL": "POVOADO TABACARIA", "NM_MUN": "Palmeira dos Índios", "ORGAO": "-", "OPERACAO": "MATA ATLANTICA 2024", "PERIODO": "-", "N_PROCESSO": "2024.16095077999.AINF.IMA", "DATA_AI": "2024-09-16", "MOTIVO": "DESMATAMENTO", "AI": "2024.16090843145.AAF.AINF", "TE": "SERIE C - TALAO 0036 - FOLHA 01765", "AI_APP": "-", "TE_APP": "-", "AI_RL": "-", "TE_RL": "-", "AREA_UTM": 16.91, "AREA_UC": 0.0, "AREA_TI": 0.0, "AREA_APP": 0.0, "AREA_RL": 0.0, "FORA_UC": 0.0, "FORA_TI": 0.0, "FORA_APP": 0.0, "FORA_RL": 0.0, "SITUACAO": "EMBARGADA" }, "geometry": { "type": "MultiPolygon", "coordinates": [ [ [ [ -36.511664353889969, -9.454515928982735 ], [ -36.511533968952072, -9.454460049723638 ], [ -36.511291825495988, -9.454385544044841 ], [ -36.510919297102006, -9.453994389231159 ], [ -36.510528142288322, -9.453789498614469 ], [ -36.510155613894341, -9.453491475899284 ], [ -36.510025228956451, -9.453416970220488 ], [ -36.510025228956451, -9.453286585282594 ], [ -36.510285998832238, -9.452951309728011 ], [ -36.510081108215545, -9.452709166271921 ], [ -36.509522315624572, -9.453044441826506 ], [ -36.509280172168488, -9.453193453184099 ], [ -36.508870390935101, -9.453118947505303 ], [ -36.507864564271351, -9.453249332443196 ], [ -36.507976322789546, -9.453416970220488 ], [ -36.507883190691054, -9.453640487256877 ], [ -36.507883190691054, -9.453919883552363 ], [ -36.507883190691054, -9.454199279847849 ], [ -36.507827311431953, -9.454255159106946 ], [ -36.507566541556166, -9.454664940340328 ], [ -36.508069454888044, -9.455894284040468 ], [ -36.510062481795849, -9.455298238610096 ], [ -36.512036882283951, -9.454981589475212 ], [ -36.511664353889969, -9.454515928982735 ] ] ], [ [ [ -36.506709799009492, -9.452641354462695 ], [ -36.506672546170094, -9.452566848783896 ], [ -36.506551474442041, -9.452473716685398 ], [ -36.50630933098595, -9.452455090265699 ], [ -36.506067187529851, -9.452343331747501 ], [ -36.505815730863908, -9.452212946809603 ], [ -36.505620153457066, -9.452026682612606 ], [ -36.505433889260068, -9.451914924094408 ], [ -36.505378010000967, -9.451970803353507 ], [ -36.505173119384274, -9.452296765698252 ], [ -36.505135866544876, -9.45240852421645 ], [ -36.504986855187276, -9.452557535574046 ], [ -36.504688832472084, -9.452725173351343 ], [ -36.504642266422834, -9.452753112980893 ], [ -36.50442806259629, -9.453237399893084 ], [ -36.505946115801805, -9.454029022730317 ], [ -36.506020621480602, -9.454038335940167 ], [ -36.506188259257904, -9.45389863779242 ], [ -36.506383836664746, -9.453665807546175 ], [ -36.5064117762943, -9.453609928287076 ], [ -36.506588727281446, -9.453405037670379 ], [ -36.506886749996639, -9.452808992239991 ], [ -36.506709799009492, -9.452641354462695 ] ] ], [ [ [ -36.506272078146552, -9.452035995822456 ], [ -36.506449029133698, -9.452138441130804 ], [ -36.506635293330696, -9.452212946809603 ], [ -36.506765678268593, -9.452268826068702 ], [ -36.506914689626186, -9.452296765698252 ], [ -36.507082327403481, -9.45233401853765 ], [ -36.507110267033035, -9.45240852421645 ], [ -36.507371036908829, -9.452585475203596 ], [ -36.50742691616793, -9.452529595944497 ], [ -36.507520048266429, -9.45240852421645 ], [ -36.50765974641417, -9.452389897796749 ], [ -36.507743565302818, -9.452566848783896 ], [ -36.507995021968767, -9.452725173351343 ], [ -36.509103293940896, -9.452212946809603 ], [ -36.509075354311342, -9.452017369402757 ], [ -36.508963595793148, -9.451905610884559 ], [ -36.50877733159615, -9.451896297674709 ], [ -36.508572440979457, -9.451933550514109 ], [ -36.508386176782459, -9.451998742983058 ], [ -36.507957769129369, -9.452054622242157 ], [ -36.507631806784623, -9.451859044835309 ], [ -36.507287218020181, -9.451588961749666 ], [ -36.507249965180783, -9.451571665788517 ], [ -36.507249965180783, -9.451113988047325 ], [ -36.507212712341385, -9.450946350270028 ], [ -36.507007821724692, -9.45083459175183 ], [ -36.506914689626193, -9.450741459653331 ], [ -36.506672546170101, -9.450517942616937 ], [ -36.506542161232197, -9.45035030483964 ], [ -36.506374523454902, -9.45035030483964 ], [ -36.506113753579108, -9.450499316197236 ], [ -36.506020621480609, -9.450555195456335 ], [ -36.505908862962414, -9.450778712492731 ], [ -36.505536334568419, -9.450946350270028 ], [ -36.505703972345714, -9.451337505083719 ], [ -36.505852983703313, -9.451654154218614 ], [ -36.506057874320007, -9.451859044835309 ], [ -36.506214708773875, -9.45195314550763 ], [ -36.506272078146552, -9.452035995822456 ] ] ] ] } },
{ "type": "Feature", "properties": { "fid": 220.0, "LAT_GD": -9.403948, "LONG_GD": -36.161976, "IMG_ANTES": "2019-10", "IMG_DEPOIS": "2024-08", "BIOMA": "Mata Atlântica", "COD_CAR": "AL-2701308-2D42E957F353444FA4D2395EB0DA4693", "N_IMOVEL": "FAZENDA SOCORRO", "NM_MUN": "Cajueiro", "ORGAO": "-", "OPERACAO": "MATA ATLANTICA 2024", "PERIODO": "-", "N_PROCESSO": "2024.25092610752.AI.IMA", "DATA_AI": "2024-09-25", "MOTIVO": "DESMATAMENTO", "AI": "2024.18104824042.AAF.AINF", "TE": "2024.250926117.AI.TA", "AI_APP": "-", "TE_APP": "-", "AI_RL": "-", "TE_RL": "-", "AREA_UTM": 1.03, "AREA_UC": 0.0, "AREA_TI": 0.0, "AREA_APP": 0.0, "AREA_RL": 0.0, "FORA_UC": 0.0, "FORA_TI": 0.0, "FORA_APP": 0.0, "FORA_RL": 0.0, "SITUACAO": "EMBARGADA" }, "geometry": { "type": "MultiPolygon", "coordinates": [ [ [ [ -36.162376383099378, -9.403295414124708 ], [ -36.161556034755449, -9.403780582663869 ], [ -36.161515655535261, -9.403804387180344 ], [ -36.160775756011887, -9.404242315164449 ], [ -36.161301472099574, -9.404417553860345 ], [ -36.161562241975368, -9.404417553860345 ], [ -36.161562241975368, -9.404268542502747 ], [ -36.161450483457166, -9.403933266948153 ], [ -36.16200927604816, -9.403896014108755 ], [ -36.162381804442148, -9.404045025466351 ], [ -36.16249356296035, -9.404454806699743 ], [ -36.162784135107657, -9.40452744973657 ], [ -36.162679827157341, -9.404296482132297 ], [ -36.162763646045988, -9.403877387689056 ], [ -36.162558755429295, -9.403747002751158 ], [ -36.162376383099378, -9.403295414124708 ] ] ] ] } },
{ "type": "Feature", "properties": { "fid": 221.0, "LAT_GD": -9.382393, "LONG_GD": -36.533824, "IMG_ANTES": "2019-10", "IMG_DEPOIS": "2024-08", "BIOMA": "Mata Atlântica", "COD_CAR": "AL-2706307-1B5F0DF308AD4979BBFE5E29074C941F", "N_IMOVEL": "JIQUIRI", "NM_MUN": "Palmeira dos Índios", "ORGAO": "-", "OPERACAO": "MATA ATLANTICA 2024", "PERIODO": "-", "N_PROCESSO": "2024.20090218564.AINF.IMA", "DATA_AI": "2024-09-16", "MOTIVO": "DESMATAMENTO", "AI": "SERIE A - TALAO 0026 - FOLHA 02053", "TE": "SERIE C - TALAO 0063 - 05457", "AI_APP": "-", "TE_APP": "-", "AI_RL": "-", "TE_RL": "-", "AREA_UTM": 6.08, "AREA_UC": 0.0, "AREA_TI": 0.0, "AREA_APP": 0.0, "AREA_RL": 0.0, "FORA_UC": 0.0, "FORA_TI": 0.0, "FORA_APP": 0.0, "FORA_RL": 0.0, "SITUACAO": "EMBARGADA" }, "geometry": { "type": "MultiPolygon", "coordinates": [ [ [ [ -36.532382753351513, -9.384451487133351 ], [ -36.532996261050357, -9.384205851223577 ], [ -36.533052140309451, -9.384047526656135 ], [ -36.533112676173474, -9.383917141718241 ], [ -36.533163898827645, -9.383749503940948 ], [ -36.533233747901519, -9.383512017089785 ], [ -36.533247717716293, -9.383390945361741 ], [ -36.533317566790167, -9.3832139943746 ], [ -36.533382759259112, -9.383139488695804 ], [ -36.533447951728057, -9.383172084930276 ], [ -36.533531770616705, -9.383269873633697 ], [ -36.533620246110274, -9.383344379312494 ], [ -36.533699408393993, -9.383456137830688 ], [ -36.533769257467867, -9.383530643509484 ], [ -36.53378322728264, -9.383647058632603 ], [ -36.533736661233391, -9.383674998262151 ], [ -36.533657498949673, -9.383674998262151 ], [ -36.533601619690579, -9.38369362468185 ], [ -36.533596974192207, -9.38385702484676 ], [ -36.534801481579201, -9.383267318105212 ], [ -36.534779740736546, -9.383162771720427 ], [ -36.53474714450207, -9.383064983017006 ], [ -36.534654012403571, -9.382915971659413 ], [ -36.534556223700157, -9.382804213141219 ], [ -36.534481718021361, -9.382678484808251 ], [ -36.534509657650908, -9.382576039499906 ], [ -36.534616759564173, -9.382478250796485 ], [ -36.534677295428196, -9.382459624376786 ], [ -36.534779740736546, -9.382506190426033 ], [ -36.534863559625187, -9.382562069685131 ], [ -36.534938065303983, -9.38257138289498 ], [ -36.535124329500974, -9.382534130055582 ], [ -36.53530128048812, -9.382515503635883 ], [ -36.535496857894955, -9.382557413080207 ], [ -36.535403725796463, -9.382636575363927 ], [ -36.535324563512745, -9.382631918759003 ], [ -36.535147612525599, -9.382715737647649 ], [ -36.535128986105903, -9.382915971659413 ], [ -36.535170218300664, -9.383086790751996 ], [ -36.535959025933735, -9.382700603681638 ], [ -36.535847267415541, -9.382421207386152 ], [ -36.535418859762466, -9.382290822448258 ], [ -36.5346551765548, -9.382272196028559 ], [ -36.533314074336467, -9.382924120718027 ], [ -36.533034678040984, -9.382961373557425 ], [ -36.532457259030309, -9.382979999977124 ], [ -36.532420006190911, -9.382979999977124 ], [ -36.532121983475726, -9.38385544170298 ], [ -36.532382753351513, -9.384451487133351 ] ] ], [ [ [ -36.534956691723693, -9.381686627959272 ], [ -36.53457485011986, -9.380895005122062 ], [ -36.534071936787988, -9.380457284259133 ], [ -36.533969491479645, -9.380382778580335 ], [ -36.533531770616712, -9.380336212531088 ], [ -36.53339207246897, -9.380345525740937 ], [ -36.53315924222273, -9.38052247672808 ], [ -36.533094049753785, -9.380708740925071 ], [ -36.533121989383332, -9.380876378702363 ], [ -36.533196495062128, -9.381016076850106 ], [ -36.533289627160627, -9.381202341047096 ], [ -36.533401385678822, -9.38132341277514 ], [ -36.533513144197016, -9.381472424132733 ], [ -36.533615589505359, -9.381612122280476 ], [ -36.533578336665961, -9.381779760057768 ], [ -36.533522457406868, -9.382040529933557 ], [ -36.533578336665961, -9.382124348822202 ], [ -36.534463091601665, -9.381900831785812 ], [ -36.534956691723693, -9.381686627959272 ] ] ] ] } },
{ "type": "Feature", "properties": { "fid": 222.0, "LAT_GD": -9.414333, "LONG_GD": -36.408116, "IMG_ANTES": "2019-10", "IMG_DEPOIS": "2024-08", "BIOMA": "Mata Atlântica", "COD_CAR": "AL-2706604-9E4AE32B130F4758863305C093B902D0", "N_IMOVEL": "FAZENDA ALTO DOS SOUZA - CAFUNDO", "NM_MUN": "Paulo Jacinto", "ORGAO": "-", "OPERACAO": "MATA ATLANTICA 2024", "PERIODO": "-", "N_PROCESSO": "2024.25095560558.AINF.IMA", "DATA_AI": "2024-09-24", "MOTIVO": "DESMATAMENTO", "AI": "2024.25091892052.AAF.AINF", "TE": "SERIE C - TALAO 0036 - FOLHA 01769", "AI_APP": "-", "TE_APP": "-", "AI_RL": "-", "TE_RL": "-", "AREA_UTM": 24.23, "AREA_UC": 0.0, "AREA_TI": 0.0, "AREA_APP": 0.0, "AREA_RL": 0.0, "FORA_UC": 0.0, "FORA_TI": 0.0, "FORA_APP": 0.0, "FORA_RL": 0.0, "SITUACAO": "EMBARGADA" }, "geometry": { "type": "MultiPolygon", "coordinates": [ [ [ [ -36.405978121273897, -9.413861148648062 ], [ -36.404897788931315, -9.41393565432686 ], [ -36.403705698070539, -9.414419941239052 ], [ -36.403258663997747, -9.416357088887812 ], [ -36.403780203749335, -9.416617858763608 ], [ -36.404599766216123, -9.416133571851416 ], [ -36.405195811646507, -9.41650610024541 ], [ -36.406462408186087, -9.416282583209014 ], [ -36.406760430901279, -9.41445719407845 ], [ -36.406201638310293, -9.41449444691785 ], [ -36.405978121273897, -9.413861148648062 ] ] ], [ [ [ -36.412087586935371, -9.412222023714495 ], [ -36.411826817059577, -9.411886748159901 ], [ -36.411156265950396, -9.411700483962905 ], [ -36.406797683740677, -9.413898401487462 ], [ -36.407617246207465, -9.415202250866436 ], [ -36.40836230299545, -9.41550027358163 ], [ -36.409442635338024, -9.415388515063432 ], [ -36.410522967680606, -9.415425767902832 ], [ -36.410932748914, -9.415276756545234 ], [ -36.41126802446859, -9.414792469633044 ], [ -36.411789564220179, -9.414680711114846 ], [ -36.412087586935371, -9.412222023714495 ] ] ] ] } },
{ "type": "Feature", "properties": { "fid": 223.0, "LAT_GD": -9.40369, "LONG_GD": -36.160147, "IMG_ANTES": "2019-10", "IMG_DEPOIS": "2024-08", "BIOMA": "Mata Atlântica", "COD_CAR": "AL-2701308-1EE2934D232347029136AB17AFDE6F1F", "N_IMOVEL": "FAZENDA VITORIA", "NM_MUN": "Cajueiro", "ORGAO": "-", "OPERACAO": "MATA ATLANTICA 2024", "PERIODO": "-", "N_PROCESSO": "2024.25092610752.AI.IMA", "DATA_AI": "2024-09-25", "MOTIVO": "DESMATAMENTO", "AI": "2024.18104824042.AAF.AINF", "TE": "2024.250926117.AI.TA", "AI_APP": "-", "TE_APP": "-", "AI_RL": "-", "TE_RL": "-", "AREA_UTM": 1.64, "AREA_UC": 0.0, "AREA_TI": 0.0, "AREA_APP": 0.0, "AREA_RL": 0.0, "FORA_UC": 0.0, "FORA_TI": 0.0, "FORA_APP": 0.0, "FORA_RL": 0.0, "SITUACAO": "EMBARGADA" }, "geometry": { "type": "MultiPolygon", "coordinates": [ [ [ [ -36.161572609693948, -9.403770779951694 ], [ -36.161569983967475, -9.403766513146172 ], [ -36.161522161606968, -9.403676607108414 ], [ -36.161338724938972, -9.403597991393561 ], [ -36.161077955063178, -9.403672497072359 ], [ -36.16040740395399, -9.403560738554161 ], [ -36.160109381238797, -9.403374474357165 ], [ -36.159550588647804, -9.403225462999568 ], [ -36.15928981877201, -9.403188210160168 ], [ -36.158954543217419, -9.403188210160168 ], [ -36.158917290378021, -9.403188210160168 ], [ -36.158842784699218, -9.403448980035963 ], [ -36.159587841487202, -9.403858761269355 ], [ -36.160183886917594, -9.404045025466351 ], [ -36.16074267950858, -9.404231289663347 ], [ -36.160775756011887, -9.404242315164449 ], [ -36.161515655535261, -9.403804387180344 ], [ -36.161556034755449, -9.403780582663869 ], [ -36.161572609693948, -9.403770779951694 ] ] ] ] } },
{ "type": "Feature", "properties": { "fid": 224.0, "LAT_GD": -8.910943, "LONG_GD": -35.614319, "IMG_ANTES": "2024-05-24", "IMG_DEPOIS": "2024-06-29", "BIOMA": "Mata Atlântica", "COD_CAR": "AL-2705606-D35B608F3A0742ABB346F30E4ED4845C", "N_IMOVEL": "FAZENDA OURO PRETO I", "NM_MUN": "Novo Lino", "ORGAO": "-", "OPERACAO": "MATA ATLANTICA 2024", "PERIODO": "-", "N_PROCESSO": "2024.24090976918.AINF.IMA", "DATA_AI": "2024-09-23", "MOTIVO": "DESMATAMENTO", "AI": "2024.24093709578.AAF.AINF", "TE": "SERIE C -TALAO 0063 - FOLHA 05461", "AI_APP": "-", "TE_APP": "-", "AI_RL": "-", "TE_RL": "-", "AREA_UTM": 22.03, "AREA_UC": 0.0, "AREA_TI": 0.0, "AREA_APP": 0.0, "AREA_RL": 0.0, "FORA_UC": 0.0, "FORA_TI": 0.0, "FORA_APP": 0.0, "FORA_RL": 0.0, "SITUACAO": "EMBARGADA" }, "geometry": { "type": "MultiPolygon", "coordinates": [ [ [ [ -35.619716868943108, -8.902540459192767 ], [ -35.619574427532207, -8.902525465360041 ], [ -35.619252060128588, -8.90233804245096 ], [ -35.618967177306786, -8.902278067120056 ], [ -35.618674797568623, -8.902255576370965 ], [ -35.618479877743177, -8.902270570203692 ], [ -35.618427399328638, -8.90238302394914 ], [ -35.618419902412278, -8.902555453025494 ], [ -35.618487374659544, -8.902592937607309 ], [ -35.618554846906811, -8.902607931440036 ], [ -35.618449890077727, -8.902772863600026 ], [ -35.618329939415915, -8.902937795760016 ], [ -35.618217485670471, -8.903087734087279 ], [ -35.618165007255925, -8.903312641578175 ], [ -35.618037559677752, -8.903432592239986 ], [ -35.618090038092298, -8.903500064487254 ], [ -35.618180001088653, -8.903567536734522 ], [ -35.618120025757747, -8.903709978145423 ], [ -35.618239976419559, -8.903739965810876 ], [ -35.618277461001377, -8.903934885636318 ], [ -35.618427399328638, -8.904114811629034 ], [ -35.618352430165004, -8.904347216036294 ], [ -35.61838241783046, -8.90445966978174 ], [ -35.618442393161367, -8.90445966978174 ], [ -35.61854734999045, -8.90433971911993 ], [ -35.618704785234073, -8.904137302378125 ], [ -35.618779754397707, -8.903994860967224 ], [ -35.61890720197588, -8.90388990413814 ], [ -35.61907213413587, -8.903754959643603 ], [ -35.619222072463131, -8.903612518232702 ], [ -35.619656893612202, -8.903650002814517 ], [ -35.619791838106735, -8.903575033650887 ], [ -35.620001751764903, -8.903402604574532 ], [ -35.620091714761266, -8.903012764923647 ], [ -35.620024242513992, -8.902817845098205 ], [ -35.619964267183093, -8.902630422189125 ], [ -35.619716868943108, -8.902540459192767 ] ] ], [ [ [ -35.61654846097067, -8.90726997204791 ], [ -35.616561872015751, -8.907256561002839 ], [ -35.616602105150967, -8.90724314995777 ], [ -35.616602105150967, -8.90722973891269 ], [ -35.616628927241123, -8.90720291682254 ], [ -35.616655749331272, -8.90714927264224 ], [ -35.616682571421421, -8.907135861597171 ], [ -35.616682571421421, -8.9071224505521 ], [ -35.616695982466489, -8.907095628461949 ], [ -35.61670939351157, -8.9070688063718 ], [ -35.616722804556638, -8.90705539532672 ], [ -35.616736215601719, -8.90705539532672 ], [ -35.616763037691868, -8.90704198428165 ], [ -35.61678985978201, -8.907015162191501 ], [ -35.616843503962308, -8.90698834010135 ], [ -35.616856915007389, -8.906974929056281 ], [ -35.616883737097538, -8.906961518011199 ], [ -35.616897148142613, -8.9069078738309 ], [ -35.61691055918768, -8.90689446278583 ], [ -35.61691055918768, -8.90688105174076 ], [ -35.616923970232762, -8.906854229650611 ], [ -35.616923970232762, -8.90682740756046 ], [ -35.616937381277829, -8.90682740756046 ], [ -35.616937381277829, -8.90681399651538 ], [ -35.616977614413059, -8.906760352335089 ], [ -35.616991025458127, -8.90674694129001 ], [ -35.617004436503208, -8.906720119199861 ], [ -35.617017847548283, -8.906720119199861 ], [ -35.617071491728581, -8.906666475019559 ], [ -35.617071491728581, -8.90665306397449 ], [ -35.617084902773648, -8.906626241884339 ], [ -35.61709831381873, -8.90659941979419 ], [ -35.617125135908879, -8.906559186658971 ], [ -35.617125135908879, -8.90651895352374 ], [ -35.617125135908879, -8.906505542478669 ], [ -35.617125135908879, -8.9064921314336 ], [ -35.617125135908879, -8.90647872038852 ], [ -35.617125135908879, -8.906465309343449 ], [ -35.617125135908879, -8.9064384872533 ], [ -35.617125135908879, -8.906425076208221 ], [ -35.617125135908879, -8.90639825411807 ], [ -35.617125135908879, -8.906384843073001 ], [ -35.617125135908879, -8.90637143202793 ], [ -35.617125135908879, -8.906344609937779 ], [ -35.61709831381873, -8.90630437680255 ], [ -35.617058080683499, -8.906264143667331 ], [ -35.61703125859335, -8.90625073262226 ], [ -35.617017847548283, -8.90625073262226 ], [ -35.617004436503208, -8.90625073262226 ], [ -35.616977614413059, -8.90625073262226 ], [ -35.616950792322911, -8.90625073262226 ], [ -35.616937381277829, -8.90625073262226 ], [ -35.616856915007389, -8.906264143667331 ], [ -35.616843503962308, -8.906264143667331 ], [ -35.61678985978201, -8.9062775547124 ], [ -35.616776448736942, -8.90629096575748 ], [ -35.616722804556638, -8.906331198892699 ], [ -35.616695982466489, -8.906344609937779 ], [ -35.616642338286198, -8.90637143202793 ], [ -35.616561872015751, -8.90641166516315 ], [ -35.616535049925602, -8.90641166516315 ], [ -35.616454583655148, -8.906425076208221 ], [ -35.616356254540442, -8.90640838196124 ], [ -35.616310939115934, -8.906395908271666 ], [ -35.616266829024113, -8.906384843072999 ], [ -35.616234159161927, -8.906374289264409 ], [ -35.616199773798733, -8.906371432027925 ], [ -35.616213184843815, -8.906371432027926 ], [ -35.616199773798741, -8.906358020982847 ], [ -35.616172951708592, -8.90637143202793 ], [ -35.616172951708592, -8.90635802098285 ], [ -35.61615954066351, -8.906331198892699 ], [ -35.61615954066351, -8.90630437680255 ], [ -35.61615954066351, -8.90629096575748 ], [ -35.616146129618443, -8.9062775547124 ], [ -35.616146129618443, -8.906264143667331 ], [ -35.616146129618443, -8.90625073262226 ], [ -35.616119307528287, -8.90619708844196 ], [ -35.616119307528287, -8.90618367739688 ], [ -35.616119307528287, -8.906170266351809 ], [ -35.616119307528287, -8.90614344426166 ], [ -35.616119307528287, -8.90613003321659 ], [ -35.616119307528287, -8.90611662217151 ], [ -35.616119307528287, -8.906103211126441 ], [ -35.616119307528287, -8.906089800081361 ], [ -35.616119307528287, -8.90607638903629 ], [ -35.616119307528287, -8.906049566946139 ], [ -35.616119307528287, -8.906036155901059 ], [ -35.616119307528287, -8.90602274485599 ], [ -35.616119307528287, -8.90599592276584 ], [ -35.616119307528287, -8.90595568963062 ], [ -35.616119307528287, -8.90594227858554 ], [ -35.616119307528287, -8.905928867540471 ], [ -35.616105896483219, -8.90590204545032 ], [ -35.616105896483219, -8.905888634405249 ], [ -35.616105896483219, -8.905875223360169 ], [ -35.616105896483219, -8.9058618123151 ], [ -35.616105896483219, -8.90583499022495 ], [ -35.616092485438138, -8.90582157917987 ], [ -35.616092485438138, -8.905794757089719 ], [ -35.616092485438138, -8.90578134604465 ], [ -35.61607907439307, -8.90576793499957 ], [ -35.61607907439307, -8.90574111290943 ], [ -35.616065663347989, -8.90572770186435 ], [ -35.616052252302921, -8.90572770186435 ], [ -35.61603884125784, -8.90572770186435 ], [ -35.616012019167698, -8.90572770186435 ], [ -35.615998608122617, -8.90572770186435 ], [ -35.6159583749874, -8.90574111290943 ], [ -35.615944963942319, -8.90574111290943 ], [ -35.61591814185217, -8.905754523954499 ], [ -35.615877908716953, -8.905794757089719 ], [ -35.615864497671879, -8.905794757089719 ], [ -35.615851086626797, -8.90582157917987 ], [ -35.61583767558173, -8.905848401270021 ], [ -35.61583767558173, -8.905875223360169 ], [ -35.615824264536649, -8.90590204545032 ], [ -35.615824264536649, -8.905928867540471 ], [ -35.615824264536649, -8.90595568963062 ], [ -35.615824264536649, -8.905969100675691 ], [ -35.615784031401432, -8.906089800081361 ], [ -35.615770620356358, -8.90614344426166 ], [ -35.615730387221127, -8.90625073262226 ], [ -35.615743798266209, -8.906465309343449 ], [ -35.615743798266209, -8.90661283083927 ], [ -35.615770620356358, -8.90669329710971 ], [ -35.615810853491581, -8.90681399651538 ], [ -35.615931552897251, -8.907015162191501 ], [ -35.616320473204411, -8.90726997204791 ], [ -35.616360706339627, -8.90728338309299 ], [ -35.616387528429783, -8.907296794138061 ], [ -35.616400939474858, -8.907296794138061 ], [ -35.616414350519932, -8.907296794138061 ], [ -35.616427761564999, -8.907296794138061 ], [ -35.616441172610081, -8.907296794138061 ], [ -35.616454583655148, -8.907296794138061 ], [ -35.61646799470023, -8.907296794138061 ], [ -35.616481405745297, -8.907296794138061 ], [ -35.616494816790379, -8.90728338309299 ], [ -35.61654846097067, -8.90726997204791 ] ] ], [ [ [ -35.616602105150974, -8.905177849016299 ], [ -35.616655749331272, -8.905137615881076 ], [ -35.616655749331272, -8.905124204836001 ], [ -35.616722804556645, -8.905137615881076 ], [ -35.616763037691868, -8.905164437971225 ], [ -35.616763037691868, -8.905177849016299 ], [ -35.617042344030537, -8.905323689392599 ], [ -35.617192191134251, -8.905177849016299 ], [ -35.6172190132244, -8.90515102692615 ], [ -35.617259246359623, -8.90515102692615 ], [ -35.617245835314549, -8.905016916475406 ], [ -35.617138546953953, -8.904923039159884 ], [ -35.617084902773655, -8.90490962811481 ], [ -35.617071491728581, -8.904882806024661 ], [ -35.616964203367985, -8.904882806024661 ], [ -35.616964203367985, -8.904896217069735 ], [ -35.616910559187687, -8.904896217069735 ], [ -35.616883737097538, -8.904923039159884 ], [ -35.61670939351157, -8.904923039159884 ], [ -35.616695982466496, -8.904896217069735 ], [ -35.616682571421421, -8.904896217069735 ], [ -35.616669160376347, -8.904855983934512 ], [ -35.616655749331272, -8.904855983934512 ], [ -35.616655749331272, -8.904721873483767 ], [ -35.616695982466496, -8.904695051393618 ], [ -35.616695982466496, -8.904681640348544 ], [ -35.616749626646794, -8.904654818258395 ], [ -35.616749626646794, -8.904641407213321 ], [ -35.616803270827091, -8.904614585123172 ], [ -35.616803270827091, -8.904601174078097 ], [ -35.616843503962315, -8.904587763033023 ], [ -35.616843503962315, -8.904574351987948 ], [ -35.616964203367985, -8.904467063627353 ], [ -35.616977614413059, -8.904440241537204 ], [ -35.616991025458134, -8.904440241537204 ], [ -35.616991025458134, -8.904426830492129 ], [ -35.617004436503208, -8.904426830492129 ], [ -35.617031258593357, -8.904359775266757 ], [ -35.617017847548283, -8.904239075861087 ], [ -35.616977614413059, -8.904172020635714 ], [ -35.617019853281448, -8.904026722861769 ], [ -35.616929890285085, -8.9039592506145 ], [ -35.616622516714195, -8.904236636519936 ], [ -35.616517559885111, -8.904154170439941 ], [ -35.616689988961468, -8.903861790701779 ], [ -35.61700485944872, -8.903614392461794 ], [ -35.617184785441438, -8.903344503472718 ], [ -35.616929890285085, -8.903149583647275 ], [ -35.616989865615992, -8.902519842672769 ], [ -35.616570038299656, -8.902864700825475 ], [ -35.616555044466928, -8.903164577480002 ], [ -35.61654846097067, -8.903595345697511 ], [ -35.616535049925602, -8.903608756742591 ], [ -35.616521638880528, -8.903608756742591 ], [ -35.616508227835453, -8.903608756742591 ], [ -35.616494816790379, -8.903608756742591 ], [ -35.616481405745297, -8.903608756742591 ], [ -35.61646799470023, -8.903608756742591 ], [ -35.616454583655148, -8.903608756742591 ], [ -35.616400939474858, -8.903608756742591 ], [ -35.616374117384709, -8.903608756742591 ], [ -35.61634729529456, -8.903608756742591 ], [ -35.616320473204411, -8.903608756742591 ], [ -35.616293651114262, -8.903608756742591 ], [ -35.61628024006918, -8.903608756742591 ], [ -35.616266829024113, -8.903608756742591 ], [ -35.616253417979038, -8.90362216778766 ], [ -35.61622659588889, -8.903635578832739 ], [ -35.616213184843808, -8.903635578832739 ], [ -35.616199773798741, -8.903635578832739 ], [ -35.616172951708592, -8.90364898987781 ], [ -35.616146129618443, -8.903675811967959 ], [ -35.616119307528287, -8.903675811967959 ], [ -35.616092485438138, -8.90369369336139 ], [ -35.616092485438138, -8.90370263405811 ], [ -35.61607907439307, -8.903729456148261 ], [ -35.61607907439307, -8.90374286719333 ], [ -35.61607907439307, -8.903769689283481 ], [ -35.61607907439307, -8.90378310032855 ], [ -35.61607907439307, -8.90382333346378 ], [ -35.61607907439307, -8.903836744508849 ], [ -35.61607907439307, -8.903863566599 ], [ -35.61607907439307, -8.90387697764408 ], [ -35.61607907439307, -8.903890388689151 ], [ -35.61607907439307, -8.90390379973422 ], [ -35.61607907439307, -8.9039172107793 ], [ -35.61607907439307, -8.903930621824371 ], [ -35.616052252302921, -8.90394403286945 ], [ -35.616052252302921, -8.903970854959599 ], [ -35.61603884125784, -8.903970854959599 ], [ -35.616025430212773, -8.90399767704975 ], [ -35.616012019167698, -8.90402449913989 ], [ -35.615998608122617, -8.904051321230041 ], [ -35.615998608122617, -8.904064732275121 ], [ -35.615985197077549, -8.90407814332019 ], [ -35.615971786032468, -8.904091554365269 ], [ -35.615971786032468, -8.90411837645542 ], [ -35.6159583749874, -8.904131787500489 ], [ -35.6159583749874, -8.90414519854556 ], [ -35.6159583749874, -8.904172020635709 ], [ -35.6159583749874, -8.904185431680791 ], [ -35.6159583749874, -8.90419884272586 ], [ -35.6159583749874, -8.904252486906159 ], [ -35.6159583749874, -8.90427930899631 ], [ -35.6159583749874, -8.904292720041379 ], [ -35.6159583749874, -8.904306131086461 ], [ -35.6159583749874, -8.90431954213153 ], [ -35.6159583749874, -8.90433295317661 ], [ -35.6159583749874, -8.90437318631183 ], [ -35.6159583749874, -8.90440000840198 ], [ -35.6159583749874, -8.904413419447049 ], [ -35.6159583749874, -8.9044402415372 ], [ -35.615971786032468, -8.904467063627351 ], [ -35.615985197077549, -8.904480474672431 ], [ -35.615998608122617, -8.904480474672431 ], [ -35.616012019167698, -8.904487180194968 ], [ -35.616025430212773, -8.904735284528842 ], [ -35.616052252302921, -8.904762106618991 ], [ -35.616092485438145, -8.904855983934512 ], [ -35.616132718573368, -8.904882806024661 ], [ -35.616132718573368, -8.904896217069735 ], [ -35.616172951708592, -8.90490962811481 ], [ -35.616280240069187, -8.904990094385257 ], [ -35.616280240069187, -8.905043738565555 ], [ -35.616266829024113, -8.905043738565555 ], [ -35.616266829024113, -8.905083971700778 ], [ -35.616240006933964, -8.905124204836001 ], [ -35.616240006933964, -8.905164437971225 ], [ -35.616333884249485, -8.905231493196597 ], [ -35.61646799470023, -8.905231493196597 ], [ -35.616508227835453, -8.905218082151523 ], [ -35.616535049925602, -8.905191260061374 ], [ -35.616602105150974, -8.905177849016299 ] ] ], [ [ [ -35.624756020556255, -8.915693784735312 ], [ -35.624788207064434, -8.915650869391074 ], [ -35.624831122408672, -8.915640140555015 ], [ -35.62487403775291, -8.915607954046836 ], [ -35.624895495425029, -8.915554309866538 ], [ -35.624906224261089, -8.915350461981406 ], [ -35.624927681933208, -8.915329004309287 ], [ -35.625088614474102, -8.915339733145347 ], [ -35.625163716326519, -8.915361190817466 ], [ -35.625206631670757, -8.915414834997764 ], [ -35.625249547014995, -8.915414834997764 ], [ -35.625313920031353, -8.915382648489585 ], [ -35.625313920031353, -8.915318275473227 ], [ -35.625346106539531, -8.91526463129293 ], [ -35.625356835375591, -8.915210987112632 ], [ -35.625356835375591, -8.915146614096274 ], [ -35.625444942015363, -8.915213264208401 ], [ -35.625411726575976, -8.915366005248977 ], [ -35.625485014601871, -8.915470786889969 ], [ -35.62563050209608, -8.915531805155057 ], [ -35.625733543610806, -8.915450473894992 ], [ -35.625761029576921, -8.915254589085208 ], [ -35.625731474041288, -8.915103238459649 ], [ -35.625542679317995, -8.915044722093434 ], [ -35.625452430510371, -8.914997013135039 ], [ -35.625418662884854, -8.914953188702055 ], [ -35.625431937228008, -8.914867664358725 ], [ -35.625453394900127, -8.914824749014487 ], [ -35.625453394900127, -8.914674545309653 ], [ -35.625507039080425, -8.914653087637534 ], [ -35.625657242785259, -8.914653087637534 ], [ -35.625743073473735, -8.914717460653891 ], [ -35.62587181950645, -8.914717460653891 ], [ -35.625968379030986, -8.914663816473594 ], [ -35.625979107867046, -8.914620901129355 ], [ -35.626054209719463, -8.914535070440879 ], [ -35.626097125063701, -8.914288307211509 ], [ -35.626086396227642, -8.91426684953939 ], [ -35.626000565539165, -8.914223934195151 ], [ -35.625968379030986, -8.914181018850913 ], [ -35.625743073473735, -8.914084459326377 ], [ -35.62562505627708, -8.913987899801841 ], [ -35.625539225588604, -8.913955713293662 ], [ -35.625453394900127, -8.913902069113364 ], [ -35.62538902188377, -8.913902069113364 ], [ -35.625281733523174, -8.914030815146079 ], [ -35.625271004687114, -8.914213205359092 ], [ -35.625292462359234, -8.91426684953939 ], [ -35.625292462359234, -8.914374137899985 ], [ -35.625217360506817, -8.914449239752402 ], [ -35.625185173998638, -8.914545799276938 ], [ -35.62512080098228, -8.914642358801474 ], [ -35.62512080098228, -8.914663816473594 ], [ -35.625088614474102, -8.914696002981772 ], [ -35.625045699129863, -8.914803291342368 ], [ -35.624981326113506, -8.914867664358725 ], [ -35.624809664736553, -8.914964223883262 ], [ -35.624584359179302, -8.914985681555381 ], [ -35.62436978245811, -8.915039325735679 ], [ -35.624219578753276, -8.915135885260215 ], [ -35.624176663409038, -8.915200258276572 ], [ -35.624176663409038, -8.915329004309287 ], [ -35.624208849917217, -8.915404106161704 ], [ -35.624262494097515, -8.915479208014121 ], [ -35.624348324785991, -8.9155113945223 ], [ -35.62439124013023, -8.915554309866538 ], [ -35.624401968966289, -8.915661598227134 ], [ -35.624434155474468, -8.915715242407432 ], [ -35.624466341982647, -8.91574742891561 ], [ -35.624530714999004, -8.915768886587729 ], [ -35.624605816851421, -8.915822530768027 ], [ -35.62462727452354, -8.915822530768027 ], [ -35.624659461031719, -8.915854717276206 ], [ -35.624777478228374, -8.915865446112266 ], [ -35.624788207064434, -8.915811801931968 ], [ -35.624756020556255, -8.915736700079551 ], [ -35.624756020556255, -8.915693784735312 ] ] ], [ [ [ -35.626944703112407, -8.914835477850547 ], [ -35.626955431948467, -8.914792562506308 ], [ -35.626976889620586, -8.914781833670249 ], [ -35.626987618456646, -8.914738918326011 ], [ -35.626998347292705, -8.914738918326011 ], [ -35.626987618456646, -8.914674545309653 ], [ -35.626955431948467, -8.914674545309653 ], [ -35.626923245440288, -8.914653087637534 ], [ -35.626912516604229, -8.914620901129355 ], [ -35.626837414751812, -8.914577985785117 ], [ -35.626826685915752, -8.914545799276938 ], [ -35.626837414751812, -8.914459968588462 ], [ -35.626901787768169, -8.914417053244224 ], [ -35.626923245440288, -8.914299036047568 ], [ -35.626992464440633, -8.914183734232124 ], [ -35.627039807799193, -8.913905592000612 ], [ -35.627075315318109, -8.91360969600964 ], [ -35.627051643638829, -8.913473583853792 ], [ -35.62696879276136, -8.913396650896139 ], [ -35.626803091006416, -8.913290128339391 ], [ -35.626690650529845, -8.913242784980834 ], [ -35.626612109194561, -8.913118864081016 ], [ -35.626601380358501, -8.913075948736777 ], [ -35.62662283803062, -8.913054491064658 ], [ -35.626687211046978, -8.913033033392539 ], [ -35.626730126391216, -8.912990118048301 ], [ -35.626730126391216, -8.912904287359824 ], [ -35.626719397555156, -8.912861372015586 ], [ -35.626708668719097, -8.912861372015586 ], [ -35.626708668719097, -8.912818456671348 ], [ -35.626665753374859, -8.912775541327109 ], [ -35.626579922686382, -8.912743354818931 ], [ -35.626397532473369, -8.912743354818931 ], [ -35.626247328768535, -8.912786270163169 ], [ -35.626182955752178, -8.912861372015586 ], [ -35.626054209719463, -8.912882829687705 ], [ -35.625979107867046, -8.912861372015586 ], [ -35.62587181950645, -8.912796998999228 ], [ -35.625807446490093, -8.912796998999228 ], [ -35.625764531145855, -8.912839914343467 ], [ -35.625764531145855, -8.912990118048301 ], [ -35.625807446490093, -8.913086677572837 ], [ -35.625946921358867, -8.913193965933432 ], [ -35.626022023211284, -8.913215423605552 ], [ -35.626107853899761, -8.913269067785849 ], [ -35.626172226916118, -8.913279796621909 ], [ -35.626247328768535, -8.913354898474326 ], [ -35.626247328768535, -8.913387084982505 ], [ -35.626215142260357, -8.913430000326743 ], [ -35.626204413424297, -8.913548017523398 ], [ -35.626215142260357, -8.913580204031577 ], [ -35.626279515276714, -8.913644577047934 ], [ -35.626300972948833, -8.913687492392173 ], [ -35.626300972948833, -8.913730407736411 ], [ -35.626322430620952, -8.913773323080649 ], [ -35.626322430620952, -8.913837696097007 ], [ -35.626268786440654, -8.913826967260947 ], [ -35.626236599932476, -8.913794780752768 ], [ -35.626182955752178, -8.913784051916709 ], [ -35.626161498080059, -8.913794780752768 ], [ -35.626172226916118, -8.913837696097007 ], [ -35.626204413424297, -8.913880611441245 ], [ -35.626365345965191, -8.913987899801841 ], [ -35.626408261309429, -8.914127374670615 ], [ -35.626418990145488, -8.914191747686973 ], [ -35.626494091997905, -8.91426684953939 ], [ -35.626483363161846, -8.914524341604819 ], [ -35.626451176653667, -8.914567256949057 ], [ -35.626429718981548, -8.914631629965415 ], [ -35.626429718981548, -8.914717460653891 ], [ -35.626408261309429, -8.914781833670249 ], [ -35.62638680363731, -8.914964223883262 ], [ -35.626397532473369, -8.915103698752036 ], [ -35.626440447817608, -8.915135885260215 ], [ -35.626665753374859, -8.915135885260215 ], [ -35.626708668719097, -8.915103698752036 ], [ -35.626794499407573, -8.914985681555381 ], [ -35.626944703112407, -8.914835477850547 ] ] ], [ [ [ -35.622105998049527, -8.916230226538282 ], [ -35.622116726885587, -8.916219497702222 ], [ -35.622127455721646, -8.916208768866163 ], [ -35.622138184557706, -8.916198040030103 ], [ -35.622170371065884, -8.916198040030103 ], [ -35.622191828738003, -8.916198040030103 ], [ -35.622213286410123, -8.916198040030103 ], [ -35.622224015246182, -8.916176582357984 ], [ -35.622234744082242, -8.916165853521925 ], [ -35.622245472918301, -8.916155124685865 ], [ -35.622256201754361, -8.916144395849805 ], [ -35.62226693059042, -8.916133667013746 ], [ -35.62227765942648, -8.916122938177686 ], [ -35.62228838826254, -8.916112209341627 ], [ -35.622299117098599, -8.916101480505567 ], [ -35.622299117098599, -8.916080022833448 ], [ -35.622299117098599, -8.916058565161329 ], [ -35.622299117098599, -8.91603710748921 ], [ -35.622299117098599, -8.916015649817091 ], [ -35.622299117098599, -8.915994192144971 ], [ -35.62227765942648, -8.915983463308912 ], [ -35.62226693059042, -8.915962005636793 ], [ -35.622245472918301, -8.915951276800733 ], [ -35.622224015246182, -8.915940547964674 ], [ -35.622213286410123, -8.915929819128614 ], [ -35.622202557574063, -8.915919090292554 ], [ -35.622191828738003, -8.915908361456495 ], [ -35.622181099901944, -8.915897632620435 ], [ -35.622170371065884, -8.915886903784376 ], [ -35.622148913393765, -8.915876174948316 ], [ -35.622148913393765, -8.915854717276197 ], [ -35.622138184557706, -8.915843988440137 ], [ -35.622138184557706, -8.915822530768018 ], [ -35.622138184557706, -8.915801073095899 ], [ -35.622138184557706, -8.91577961542378 ], [ -35.622138184557706, -8.915758157751661 ], [ -35.622138184557706, -8.915736700079542 ], [ -35.622138184557706, -8.915715242407423 ], [ -35.622138184557706, -8.915693784735303 ], [ -35.622138184557706, -8.915672327063184 ], [ -35.622138184557706, -8.915650869391065 ], [ -35.622148913393765, -8.915629411718946 ], [ -35.622148913393765, -8.915607954046827 ], [ -35.622148913393765, -8.915586496374708 ], [ -35.622138184557706, -8.915575767538648 ], [ -35.622127455721646, -8.915565038702589 ], [ -35.622105998049527, -8.915554309866529 ], [ -35.622084540377408, -8.915554309866529 ], [ -35.622084540377408, -8.91554358103047 ], [ -35.62203089619711, -8.915500665686231 ], [ -35.62204162503317, -8.915479208014112 ], [ -35.622052353869229, -8.915468479178053 ], [ -35.622052353869229, -8.915457750341993 ], [ -35.622052353869229, -8.915436292669874 ], [ -35.622063082705289, -8.915425563833814 ], [ -35.622063082705289, -8.915414834997755 ], [ -35.622063082705289, -8.915404106161695 ], [ -35.622063082705289, -8.915393377325636 ], [ -35.622063082705289, -8.915382648489576 ], [ -35.622073811541348, -8.915371919653516 ], [ -35.622073811541348, -8.915361190817457 ], [ -35.622084540377408, -8.915350461981397 ], [ -35.622095269213467, -8.915329004309278 ], [ -35.622095269213467, -8.915318275473219 ], [ -35.622105998049527, -8.915307546637159 ], [ -35.622105998049527, -8.915296817801099 ], [ -35.622116726885587, -8.91528608896504 ], [ -35.622116726885587, -8.91527536012898 ], [ -35.622116726885587, -8.915253902456861 ], [ -35.622127455721646, -8.915253902456861 ], [ -35.622127455721646, -8.915243173620802 ], [ -35.622127455721646, -8.915232444784742 ], [ -35.622127455721646, -8.915221715948682 ], [ -35.622127455721646, -8.915210987112623 ], [ -35.622127455721646, -8.915189529440504 ], [ -35.622127455721646, -8.915168071768385 ], [ -35.622127455721646, -8.915146614096265 ], [ -35.622127455721646, -8.915125156424146 ], [ -35.622116726885587, -8.915114427588087 ], [ -35.622105998049527, -8.915103698752027 ], [ -35.622105998049527, -8.915082241079908 ], [ -35.622095269213467, -8.915050054571729 ], [ -35.622084540377408, -8.91502859689961 ], [ -35.622073811541348, -8.915007139227491 ], [ -35.622063082705289, -8.914996410391431 ], [ -35.622063082705289, -8.914974952719312 ], [ -35.622052353869229, -8.914964223883253 ], [ -35.62202016736105, -8.914953495047193 ], [ -35.621998709688931, -8.914942766211134 ], [ -35.621987980852872, -8.914932037375074 ], [ -35.621977252016812, -8.914921308539014 ], [ -35.621966523180753, -8.914910579702955 ], [ -35.621955794344693, -8.914889122030836 ], [ -35.621934336672574, -8.914878393194776 ], [ -35.621923607836514, -8.914867664358717 ], [ -35.621902150164395, -8.914856935522657 ], [ -35.621891421328336, -8.914846206686597 ], [ -35.621869963656216, -8.914846206686597 ], [ -35.621848505984097, -8.914846206686597 ], [ -35.621827048311978, -8.914867664358717 ], [ -35.621816319475919, -8.914910579702955 ], [ -35.621805590639859, -8.914921308539014 ], [ -35.621805590639859, -8.914953495047193 ], [ -35.621805590639859, -8.914974952719312 ], [ -35.621805590639859, -8.914996410391431 ], [ -35.621816319475919, -8.915007139227491 ], [ -35.621827048311978, -8.915017868063551 ], [ -35.621837777148038, -8.91502859689961 ], [ -35.621848505984097, -8.915050054571729 ], [ -35.621859234820157, -8.915060783407789 ], [ -35.621869963656216, -8.915071512243848 ], [ -35.621880692492276, -8.915082241079908 ], [ -35.621891421328336, -8.915092969915968 ], [ -35.621902150164395, -8.915103698752027 ], [ -35.621912879000455, -8.915114427588087 ], [ -35.621923607836514, -8.915125156424146 ], [ -35.621945065508633, -8.915146614096265 ], [ -35.621955794344693, -8.915168071768385 ], [ -35.621966523180753, -8.915189529440504 ], [ -35.621966523180753, -8.915210987112623 ], [ -35.621977252016812, -8.915232444784742 ], [ -35.621977252016812, -8.915253902456861 ], [ -35.621977252016812, -8.91527536012898 ], [ -35.621977252016812, -8.915296817801099 ], [ -35.621966523180753, -8.915307546637159 ], [ -35.621955794344693, -8.915318275473219 ], [ -35.621945065508633, -8.915350461981397 ], [ -35.621902150164395, -8.915393377325636 ], [ -35.621891421328336, -8.915404106161695 ], [ -35.621880692492276, -8.915425563833814 ], [ -35.621891421328336, -8.915447021505933 ], [ -35.621891421328336, -8.915468479178053 ], [ -35.621891421328336, -8.915489936850172 ], [ -35.621880692492276, -8.915511394522291 ], [ -35.621869963656216, -8.91552212335835 ], [ -35.621859234820157, -8.91553285219441 ], [ -35.621859234820157, -8.915554309866529 ], [ -35.621848505984097, -8.915565038702589 ], [ -35.621837777148038, -8.915575767538648 ], [ -35.621827048311978, -8.915607954046827 ], [ -35.621816319475919, -8.915618682882887 ], [ -35.621805590639859, -8.915629411718946 ], [ -35.621794861803799, -8.915650869391065 ], [ -35.62178413296774, -8.915661598227125 ], [ -35.62177340413168, -8.915672327063184 ], [ -35.621762675295621, -8.915693784735303 ], [ -35.621741217623502, -8.915704513571363 ], [ -35.621730488787442, -8.915725971243482 ], [ -35.621719759951382, -8.915736700079542 ], [ -35.621709031115323, -8.915747428915601 ], [ -35.621698302279263, -8.915758157751661 ], [ -35.621687573443204, -8.91577961542378 ], [ -35.621687573443204, -8.915811801931959 ], [ -35.621687573443204, -8.915833259604078 ], [ -35.621687573443204, -8.915854717276197 ], [ -35.621687573443204, -8.915876174948316 ], [ -35.621687573443204, -8.915908361456495 ], [ -35.621687573443204, -8.915929819128614 ], [ -35.621687573443204, -8.915951276800733 ], [ -35.621687573443204, -8.915972734472852 ], [ -35.621687573443204, -8.915994192144971 ], [ -35.621687573443204, -8.916015649817091 ], [ -35.621687573443204, -8.91603710748921 ], [ -35.621687573443204, -8.916069293997388 ], [ -35.621687573443204, -8.916090751669508 ], [ -35.621687573443204, -8.916122938177686 ], [ -35.621687573443204, -8.916144395849805 ], [ -35.621687573443204, -8.916165853521925 ], [ -35.621676844607144, -8.916176582357984 ], [ -35.621666115771085, -8.916198040030103 ], [ -35.621655386935025, -8.916208768866163 ], [ -35.621655386935025, -8.916230226538282 ], [ -35.621655386935025, -8.916251684210401 ], [ -35.621676844607144, -8.916262413046461 ], [ -35.621698302279263, -8.91627314188252 ], [ -35.621730488787442, -8.91627314188252 ], [ -35.621751946459561, -8.91627314188252 ], [ -35.62178413296774, -8.91627314188252 ], [ -35.621805590639859, -8.91628387071858 ], [ -35.621837777148038, -8.91628387071858 ], [ -35.621859234820157, -8.91628387071858 ], [ -35.621880692492276, -8.91628387071858 ], [ -35.621902150164395, -8.91628387071858 ], [ -35.621923607836514, -8.91628387071858 ], [ -35.621945065508633, -8.91628387071858 ], [ -35.621966523180753, -8.91628387071858 ], [ -35.621987980852872, -8.91628387071858 ], [ -35.622009438524991, -8.91628387071858 ], [ -35.62203089619711, -8.91628387071858 ], [ -35.622052353869229, -8.91628387071858 ], [ -35.622063082705289, -8.91627314188252 ], [ -35.622095269213467, -8.916240955374342 ], [ -35.622105998049527, -8.916230226538282 ] ] ], [ [ [ -35.621569556246548, -8.914814020178419 ], [ -35.621580285082608, -8.914803291342359 ], [ -35.621591013918668, -8.91478183367024 ], [ -35.621591013918668, -8.914760375998121 ], [ -35.621591013918668, -8.914738918326002 ], [ -35.621591013918668, -8.914717460653883 ], [ -35.621580285082608, -8.914696002981763 ], [ -35.621569556246548, -8.914685274145704 ], [ -35.621569556246548, -8.914663816473585 ], [ -35.621569556246548, -8.914642358801466 ], [ -35.621569556246548, -8.914620901129346 ], [ -35.621591013918668, -8.914620901129346 ], [ -35.621612471590787, -8.914620901129346 ], [ -35.621633929262906, -8.914620901129346 ], [ -35.621655386935025, -8.914620901129346 ], [ -35.621676844607144, -8.914620901129346 ], [ -35.621698302279263, -8.914631629965406 ], [ -35.621719759951382, -8.914631629965406 ], [ -35.621730488787442, -8.914642358801466 ], [ -35.621751946459561, -8.914642358801466 ], [ -35.62177340413168, -8.914642358801466 ], [ -35.621794861803799, -8.914642358801466 ], [ -35.621741217623502, -8.914427782080274 ], [ -35.621709031115323, -8.914395595572095 ], [ -35.621709031115323, -8.914384866736036 ], [ -35.621698302279263, -8.914374137899976 ], [ -35.621687573443204, -8.914352680227857 ], [ -35.621676844607144, -8.914341951391798 ], [ -35.621655386935025, -8.914309764883619 ], [ -35.621655386935025, -8.9142883072115 ], [ -35.621644658098965, -8.91427757837544 ], [ -35.621644658098965, -8.914266849539381 ], [ -35.621633929262906, -8.914245391867262 ], [ -35.621623200426846, -8.914234663031202 ], [ -35.621612471590787, -8.914223934195142 ], [ -35.621612471590787, -8.914213205359083 ], [ -35.621601742754727, -8.914213205359083 ], [ -35.621580285082608, -8.914202476523023 ], [ -35.621580285082608, -8.914191747686964 ], [ -35.621569556246548, -8.914191747686964 ], [ -35.621569556246548, -8.914181018850904 ], [ -35.621569556246548, -8.914170290014845 ], [ -35.621569556246548, -8.914148832342725 ], [ -35.621569556246548, -8.914127374670606 ], [ -35.621558827410489, -8.914116645834547 ], [ -35.621558827410489, -8.914095188162428 ], [ -35.621558827410489, -8.914073730490308 ], [ -35.621558827410489, -8.914052272818189 ], [ -35.621558827410489, -8.91403081514607 ], [ -35.621558827410489, -8.914009357473951 ], [ -35.621548098574429, -8.913998628637891 ], [ -35.621548098574429, -8.913977170965772 ], [ -35.621558827410489, -8.913966442129713 ], [ -35.621558827410489, -8.913944984457594 ], [ -35.621558827410489, -8.913923526785474 ], [ -35.621548098574429, -8.913902069113355 ], [ -35.62153736973837, -8.913891340277296 ], [ -35.621515912066251, -8.913880611441236 ], [ -35.621505183230191, -8.913869882605177 ], [ -35.621494454394131, -8.913859153769117 ], [ -35.621472996722012, -8.913848424933057 ], [ -35.621462267885953, -8.913837696096998 ], [ -35.621408623705655, -8.913826967260938 ], [ -35.621397894869595, -8.913816238424879 ], [ -35.621376437197476, -8.913816238424879 ], [ -35.621354979525357, -8.913816238424879 ], [ -35.621344250689297, -8.913805509588819 ], [ -35.621312064181119, -8.913805509588819 ], [ -35.621290606509, -8.913805509588819 ], [ -35.62126914883688, -8.913805509588819 ], [ -35.621226233492642, -8.913805509588819 ], [ -35.621194046984463, -8.913805509588819 ], [ -35.621140402804166, -8.913816238424879 ], [ -35.621118945132046, -8.913826967260938 ], [ -35.621076854446258, -8.913882443852399 ], [ -35.62108964238616, -8.913934224613337 ], [ -35.621038491785683, -8.91403386247033 ], [ -35.620979470263272, -8.914148832342725 ], [ -35.62096791613213, -8.914244566572179 ], [ -35.620968741427212, -8.9142883072115 ], [ -35.620979470263272, -8.914299036047559 ], [ -35.620990199099332, -8.914309764883619 ], [ -35.621000927935391, -8.914320493719678 ], [ -35.621000927935391, -8.914341951391798 ], [ -35.621000927935391, -8.914363409063917 ], [ -35.621011656771451, -8.914374137899976 ], [ -35.62102238560751, -8.914384866736036 ], [ -35.62102238560751, -8.914406324408155 ], [ -35.621043843279629, -8.914417053244215 ], [ -35.621043843279629, -8.914438510916334 ], [ -35.621043843279629, -8.914459968588453 ], [ -35.621054572115689, -8.914470697424512 ], [ -35.621054572115689, -8.914492155096632 ], [ -35.621043843279629, -8.914513612768751 ], [ -35.62103311444357, -8.91452434160481 ], [ -35.62102238560751, -8.91453507044087 ], [ -35.621000927935391, -8.914556528112989 ], [ -35.620990199099332, -8.914567256949049 ], [ -35.620979470263272, -8.914577985785108 ], [ -35.620968741427212, -8.914588714621168 ], [ -35.620968034737416, -8.914590128000768 ], [ -35.621259917047716, -8.9147925625063 ], [ -35.62126914883688, -8.9147925625063 ], [ -35.621301335345059, -8.9147925625063 ], [ -35.621322793017178, -8.914803291342359 ], [ -35.621344250689297, -8.914814020178419 ], [ -35.621376437197476, -8.914814020178419 ], [ -35.621387166033536, -8.914824749014478 ], [ -35.621408623705655, -8.914824749014478 ], [ -35.621419352541714, -8.914835477850538 ], [ -35.621440810213834, -8.914835477850538 ], [ -35.621462267885953, -8.914835477850538 ], [ -35.621483725558072, -8.914835477850538 ], [ -35.621515912066251, -8.914835477850538 ], [ -35.62153736973837, -8.914824749014478 ], [ -35.621558827410489, -8.914824749014478 ], [ -35.621569556246548, -8.914814020178419 ] ] ], [ [ [ -35.620292568855639, -8.914090163048577 ], [ -35.620192999191232, -8.913969257027514 ], [ -35.620171662834572, -8.913862575244222 ], [ -35.620171662834572, -8.913798566174247 ], [ -35.620064981051286, -8.91375589346093 ], [ -35.619922738673559, -8.913727444985385 ], [ -35.619851617484699, -8.913727444985385 ], [ -35.619723599344752, -8.913727444985385 ], [ -35.619673814512545, -8.913713220747614 ], [ -35.619680926631432, -8.913642099558752 ], [ -35.619730711463632, -8.913620763202093 ], [ -35.619801832652499, -8.913492745062143 ], [ -35.619787608414725, -8.913336278446648 ], [ -35.619752047820292, -8.913307829971103 ], [ -35.619695150869205, -8.913300717852216 ], [ -35.619488899421505, -8.913236708782241 ], [ -35.619446226708192, -8.913201148187811 ], [ -35.619417778232645, -8.913108690642291 ], [ -35.619339544924898, -8.913087354285633 ], [ -35.619311096449351, -8.913122914880065 ], [ -35.619239975260491, -8.913215372425583 ], [ -35.619239975260491, -8.913293605733331 ], [ -35.619261311617151, -8.913329166327761 ], [ -35.619396441875985, -8.913450072348827 ], [ -35.619396441875985, -8.913585202607662 ], [ -35.619460450945965, -8.91375589346093 ], [ -35.619624029680345, -8.913876799481994 ], [ -35.619794720533612, -8.913940808551969 ], [ -35.620015196219079, -8.914019041859717 ], [ -35.620022308337965, -8.914061714573034 ], [ -35.619915626554672, -8.914097275167464 ], [ -35.619780496295839, -8.914239517545186 ], [ -35.619858729603585, -8.914360423566251 ], [ -35.620349465806726, -8.914580899251721 ], [ -35.620534380897766, -8.914346199328479 ], [ -35.620392138520046, -8.914239517545186 ], [ -35.620356577925612, -8.914182620594097 ], [ -35.620292568855639, -8.914090163048577 ] ] ], [ [ [ -35.619894290198019, -8.91181961909418 ], [ -35.620000971981305, -8.911769834261976 ], [ -35.620057868932399, -8.911748497905318 ], [ -35.620178774953459, -8.9116560403598 ], [ -35.620178774953459, -8.911620479765368 ], [ -35.620178774953459, -8.911556470695393 ], [ -35.620178774953459, -8.911492461625418 ], [ -35.620235671904553, -8.911407116198784 ], [ -35.620313905212299, -8.911371555604354 ], [ -35.620406362757819, -8.911293322296606 ], [ -35.620463259708906, -8.911165304156656 ], [ -35.620441923352246, -8.911065734492251 ], [ -35.620335241568959, -8.910959052708957 ], [ -35.620228559785666, -8.910902155757869 ], [ -35.620136102240146, -8.910895043638982 ], [ -35.619958299267992, -8.910923492114527 ], [ -35.619766272058065, -8.911008837541161 ], [ -35.619730711463632, -8.911108407205568 ], [ -35.619759159939179, -8.911186640513314 ], [ -35.619759159939179, -8.911343107128809 ], [ -35.619737823582518, -8.911449788912101 ], [ -35.619702262988092, -8.911485349506531 ], [ -35.619616917561459, -8.91156358281428 ], [ -35.619588469085912, -8.91169160095423 ], [ -35.619588469085912, -8.911805394856408 ], [ -35.619638253918119, -8.9119120766397 ], [ -35.619716487225865, -8.912011646304105 ], [ -35.619823169009152, -8.912082767492967 ], [ -35.619901402316906, -8.912089879611854 ], [ -35.619951187149105, -8.912068543255195 ], [ -35.619872953841359, -8.911933412996358 ], [ -35.619894290198019, -8.91181961909418 ] ] ], [ [ [ -35.604550919481859, -8.91386017601736 ], [ -35.604470453211412, -8.91386017601736 ], [ -35.604309520670519, -8.913873587062435 ], [ -35.604299184318862, -8.913555628006764 ], [ -35.604099554041547, -8.913555628006764 ], [ -35.603899923764224, -8.913798315794875 ], [ -35.603766836912676, -8.91423671954114 ], [ -35.603735522359372, -8.914816038777275 ], [ -35.603751179636028, -8.915082212480364 ], [ -35.604033010615773, -8.915301414353495 ], [ -35.604346156148814, -8.915301414353495 ], [ -35.604569272341109, -8.915172241821114 ], [ -35.604898075150807, -8.915152670225298 ], [ -35.605050733598169, -8.915172241821114 ], [ -35.605202947729573, -8.91498414732315 ], [ -35.605208060690508, -8.91498414732315 ], [ -35.605221471735582, -8.91498414732315 ], [ -35.605234882780657, -8.91498414732315 ], [ -35.605261704870806, -8.914970736278075 ], [ -35.60527511591588, -8.914970736278075 ], [ -35.605288526960955, -8.914970736278075 ], [ -35.605301938006029, -8.914970736278075 ], [ -35.605315349051104, -8.914970736278075 ], [ -35.605328760096178, -8.914970736278075 ], [ -35.605331827872739, -8.914970736278075 ], [ -35.605489692637072, -8.9148391823078 ], [ -35.605610392042742, -8.91482577126272 ], [ -35.605757913538561, -8.91486600439794 ], [ -35.605811557718859, -8.91486600439794 ], [ -35.605932257124529, -8.91490623753317 ], [ -35.606052956530199, -8.914758716037349 ], [ -35.606120011755571, -8.9147318939472 ], [ -35.606240711161242, -8.9147318939472 ], [ -35.606240711161242, -8.91474530499227 ], [ -35.60626753325139, -8.91474530499227 ], [ -35.60626753325139, -8.914758716037349 ], [ -35.606321177431688, -8.914758716037349 ], [ -35.606408349224672, -8.914852593352871 ], [ -35.606495521017649, -8.91487941544302 ], [ -35.606508932062731, -8.91490623753317 ], [ -35.606643042513468, -8.914973292758541 ], [ -35.606710097738848, -8.914973292758541 ], [ -35.60673691982899, -8.91495988171347 ], [ -35.60673691982899, -8.91494647066839 ], [ -35.606763741919139, -8.914933059623319 ], [ -35.606790564009287, -8.91486600439794 ], [ -35.606817386099443, -8.914852593352871 ], [ -35.606830797144518, -8.914798949172569 ], [ -35.606830797144518, -8.91465142767675 ], [ -35.606763741919139, -8.914517317226011 ], [ -35.606643042513468, -8.914342973640039 ], [ -35.60665645355855, -8.914222274234371 ], [ -35.606710097738848, -8.91419545214422 ], [ -35.60677715296422, -8.91419545214422 ], [ -35.606790564009287, -8.9142088631893 ], [ -35.606911263414958, -8.914222274234371 ], [ -35.60697831864033, -8.91424909632452 ], [ -35.607300183722117, -8.91424909632452 ], [ -35.607420883127787, -8.91415968935736 ], [ -35.607434294172869, -8.91412839691885 ], [ -35.607434294172869, -8.9139942864681 ], [ -35.607420883127787, -8.913980875423031 ], [ -35.607420883127787, -8.913886998107509 ], [ -35.60740747208272, -8.91386017601736 ], [ -35.607394061037638, -8.91386017601736 ], [ -35.607380649992571, -8.913806531837061 ], [ -35.607340416857348, -8.91377970974691 ], [ -35.607340416857348, -8.91373947661169 ], [ -35.607351912038837, -8.913737560748109 ], [ -35.607340416857348, -8.913726065566616 ], [ -35.607327005812273, -8.913726065566616 ], [ -35.607327005812273, -8.913712654521541 ], [ -35.607313594767199, -8.913699243476467 ], [ -35.607300183722124, -8.913685832431392 ], [ -35.60728677267705, -8.913672421386318 ], [ -35.607273361631975, -8.913659010341243 ], [ -35.607259950586901, -8.913632188251094 ], [ -35.607259950586901, -8.91361877720602 ], [ -35.607246539541826, -8.91361877720602 ], [ -35.607233128496752, -8.913605366160946 ], [ -35.607233128496752, -8.913578544070797 ], [ -35.607219717451677, -8.913565133025722 ], [ -35.607219717451677, -8.913551721980648 ], [ -35.607206306406603, -8.913538310935573 ], [ -35.607206306406603, -8.913524899890499 ], [ -35.607192895361528, -8.913511488845424 ], [ -35.607179484316454, -8.91349807780035 ], [ -35.60716607327138, -8.91349807780035 ], [ -35.607139251181231, -8.913484666755275 ], [ -35.607125840136156, -8.913484666755275 ], [ -35.607125840136156, -8.913471255710201 ], [ -35.60711540932332, -8.913460824897369 ], [ -35.607099018046, -8.913457844665128 ], [ -35.60685194879278, -8.913378728499893 ], [ -35.606924674460039, -8.913296912124233 ], [ -35.606991729685411, -8.913176212718563 ], [ -35.606991729685411, -8.913028691222744 ], [ -35.606951496550188, -8.912975047042446 ], [ -35.606911263414965, -8.91286775868185 ], [ -35.606911263414965, -8.912706826140957 ], [ -35.60689785236989, -8.912612948825435 ], [ -35.606817386099443, -8.912559304645137 ], [ -35.606710097738848, -8.912532482554989 ], [ -35.60653575415288, -8.912519071509914 ], [ -35.606388232657061, -8.912519071509914 ], [ -35.606240711161242, -8.912532482554989 ], [ -35.606120011755571, -8.912559304645137 ], [ -35.605972490259752, -8.912586126735286 ], [ -35.605892023989306, -8.912586126735286 ], [ -35.605731091448412, -8.912586126735286 ], [ -35.605677447268114, -8.91250566046484 ], [ -35.60566403622304, -8.912425194194393 ], [ -35.605704269358263, -8.912331316878872 ], [ -35.605744502493486, -8.912210617473201 ], [ -35.605757913538561, -8.912063095977382 ], [ -35.605704269358263, -8.911942396571712 ], [ -35.605690858313189, -8.911888752391414 ], [ -35.60566403622304, -8.911768052985744 ], [ -35.605637214132891, -8.911566887309627 ], [ -35.605570158907518, -8.91124502222784 ], [ -35.605570158907518, -8.911070678641872 ], [ -35.605596980997667, -8.910815868785457 ], [ -35.605690858313189, -8.910641525199489 ], [ -35.605704269358263, -8.910547647883968 ], [ -35.60566403622304, -8.910520825793819 ], [ -35.605503103682146, -8.910520825793819 ], [ -35.605382404276476, -8.910574469974117 ], [ -35.605328760096178, -8.910735402515011 ], [ -35.605355582186327, -8.91112432282217 ], [ -35.605248293825731, -8.911432776858883 ], [ -35.605100772329912, -8.911714408805446 ], [ -35.605006895014391, -8.911835108211116 ], [ -35.604966661879168, -8.911942396571712 ], [ -35.604953250834093, -8.91211674015768 ], [ -35.604926428743944, -8.912183795383052 ], [ -35.604859373518572, -8.912291083743648 ], [ -35.604752085157976, -8.912358138969021 ], [ -35.604631385752306, -8.912371550014095 ], [ -35.604564330526934, -8.912398372104244 ], [ -35.604805729338274, -8.912921402862148 ], [ -35.604819140383348, -8.91298845808752 ], [ -35.604832551428423, -8.913028691222744 ], [ -35.604845962473497, -8.913068924357967 ], [ -35.604859373518572, -8.913082335403042 ], [ -35.604859373518572, -8.91310915749319 ], [ -35.604872784563646, -8.913122568538265 ], [ -35.604886195608721, -8.913135979583339 ], [ -35.604886195608721, -8.913149390628414 ], [ -35.604886195608721, -8.913162801673488 ], [ -35.604899606653795, -8.913162801673488 ], [ -35.60491301769887, -8.913176212718563 ], [ -35.604939839789019, -8.913189623763637 ], [ -35.604939839789019, -8.913203034808712 ], [ -35.604953250834093, -8.913216445853786 ], [ -35.604966661879168, -8.913229856898861 ], [ -35.604980072924242, -8.913243267943935 ], [ -35.604993483969317, -8.913243267943935 ], [ -35.604993483969317, -8.91325667898901 ], [ -35.605006895014391, -8.913270090034084 ], [ -35.605006895014391, -8.913283501079158 ], [ -35.605020306059465, -8.913283501079158 ], [ -35.60503371710454, -8.913283501079158 ], [ -35.605047128149614, -8.913283501079158 ], [ -35.605060539194689, -8.913283501079158 ], [ -35.605073950239763, -8.913283501079158 ], [ -35.605087361284838, -8.913283501079158 ], [ -35.605100772329912, -8.913283501079158 ], [ -35.605114183374987, -8.913283501079158 ], [ -35.605127594420061, -8.913283501079158 ], [ -35.605141005465136, -8.913283501079158 ], [ -35.60515441651021, -8.913296912124233 ], [ -35.605167827555285, -8.913296912124233 ], [ -35.605181238600359, -8.913296912124233 ], [ -35.605221471735582, -8.913310323169307 ], [ -35.605248293825731, -8.913310323169307 ], [ -35.605261704870806, -8.913310323169307 ], [ -35.60527511591588, -8.913323734214382 ], [ -35.605301938006029, -8.913323734214382 ], [ -35.605315349051104, -8.913323734214382 ], [ -35.605328760096178, -8.913323734214382 ], [ -35.605342171141253, -8.913323734214382 ], [ -35.605355582186327, -8.913323734214382 ], [ -35.60539581532155, -8.913337145259456 ], [ -35.605409226366625, -8.913337145259456 ], [ -35.605422637411699, -8.913337145259456 ], [ -35.605436048456774, -8.913350556304531 ], [ -35.605436048456774, -8.913363967349605 ], [ -35.605449459501848, -8.913363967349605 ], [ -35.605462870546923, -8.91337737839468 ], [ -35.605476281591997, -8.91337737839468 ], [ -35.605489692637072, -8.91337737839468 ], [ -35.605503103682146, -8.91337737839468 ], [ -35.605503103682146, -8.913390789439754 ], [ -35.605529925772295, -8.913390789439754 ], [ -35.605543336817369, -8.913390789439754 ], [ -35.605556747862444, -8.913417611529903 ], [ -35.605570158907518, -8.913417611529903 ], [ -35.605570158907518, -8.913431022574978 ], [ -35.605583569952593, -8.913431022574978 ], [ -35.605596980997667, -8.913444433620052 ], [ -35.605610392042742, -8.913471255710201 ], [ -35.605623803087816, -8.91349807780035 ], [ -35.605637214132891, -8.91349807780035 ], [ -35.605650625177965, -8.913511488845424 ], [ -35.60566403622304, -8.913511488845424 ], [ -35.605677447268114, -8.913524899890499 ], [ -35.605690858313189, -8.913524899890499 ], [ -35.605704269358263, -8.913538310935573 ], [ -35.605717680403338, -8.913538310935573 ], [ -35.605731091448412, -8.913538310935573 ], [ -35.605744502493486, -8.913551721980648 ], [ -35.605744502493486, -8.913578544070797 ], [ -35.605744502493486, -8.913605366160946 ], [ -35.605731091448412, -8.91361877720602 ], [ -35.605717680403338, -8.913645599296169 ], [ -35.605704269358263, -8.913659010341243 ], [ -35.60566403622304, -8.913672421386318 ], [ -35.605650625177965, -8.913672421386318 ], [ -35.605637214132891, -8.913672421386318 ], [ -35.605623803087816, -8.913672421386318 ], [ -35.605610392042742, -8.913672421386318 ], [ -35.605596980997667, -8.913672421386318 ], [ -35.605583569952593, -8.913672421386318 ], [ -35.605556747862444, -8.913672421386318 ], [ -35.605503103682146, -8.913672421386318 ], [ -35.605449459501848, -8.913672421386318 ], [ -35.605422637411699, -8.913672421386318 ], [ -35.60539581532155, -8.913672421386318 ], [ -35.605382404276476, -8.913672421386318 ], [ -35.605342171141253, -8.913672421386318 ], [ -35.605288526960955, -8.913672421386318 ], [ -35.605248293825731, -8.913672421386318 ], [ -35.605208060690508, -8.913672421386318 ], [ -35.605181238600359, -8.913672421386318 ], [ -35.605167827555285, -8.913672421386318 ], [ -35.60515441651021, -8.913672421386318 ], [ -35.605114183374987, -8.913672421386318 ], [ -35.605100772329912, -8.913672421386318 ], [ -35.605073950239763, -8.913672421386318 ], [ -35.605060539194689, -8.913672421386318 ], [ -35.605006895014391, -8.913672421386318 ], [ -35.604993483969317, -8.913672421386318 ], [ -35.604966661879168, -8.913672421386318 ], [ -35.604926428743944, -8.913685832431392 ], [ -35.60491301769887, -8.913685832431392 ], [ -35.604886195608721, -8.913685832431392 ], [ -35.604872784563646, -8.913699243476467 ], [ -35.604845962473497, -8.913699243476467 ], [ -35.604832551428423, -8.913712654521541 ], [ -35.604819140383348, -8.913712654521541 ], [ -35.604805729338274, -8.91373947661169 ], [ -35.604795671054468, -8.913746182134227 ], [ -35.6047923182932, -8.913752887656765 ], [ -35.604778907248125, -8.913766298701839 ], [ -35.604765496203051, -8.913779709746914 ], [ -35.604765496203051, -8.913793120791988 ], [ -35.604752085157976, -8.913806531837063 ], [ -35.604752085157976, -8.913819942882137 ], [ -35.604752085157976, -8.913833353927211 ], [ -35.604738674112902, -8.913846764972286 ], [ -35.604738674112902, -8.91386017601736 ], [ -35.604725263067827, -8.91386017601736 ], [ -35.604671618887529, -8.91386017601736 ], [ -35.604550919481859, -8.91386017601736 ] ] ] ] } },
{ "type": "Feature", "properties": { "fid": 225.0, "LAT_GD": -9.080905, "LONG_GD": -35.881159, "IMG_ANTES": "2023-08-06", "IMG_DEPOIS": "2023-10-02", "BIOMA": "Mata Atlântica", "COD_CAR": "AL-2709301-2CDF209D690B40B8BB05B932C3036EB7", "N_IMOVEL": "SITIO GALHO DO MEIO", "NM_MUN": "União dos Palmares", "ORGAO": "-", "OPERACAO": "MATA ATLANTICA 2024", "PERIODO": "-", "N_PROCESSO": "2024.26092062973.AINF.IMA", "DATA_AI": "2024-09-18", "MOTIVO": "DESMATAMENTO", "AI": "SERIE A - TALAO 0026 - FOLHA 02056", "TE": "SERIE C - TALAO 0063 - FOLHA 05459", "AI_APP": "-", "TE_APP": "-", "AI_RL": "-", "TE_RL": "-", "AREA_UTM": 3.61, "AREA_UC": 0.0, "AREA_TI": 0.0, "AREA_APP": 0.0, "AREA_RL": 0.0, "FORA_UC": 0.0, "FORA_TI": 0.0, "FORA_APP": 0.0, "FORA_RL": 0.0, "SITUACAO": "EMBARGADA" }, "geometry": { "type": "MultiPolygon", "coordinates": [ [ [ [ -35.879178551121861, -9.082470499914457 ], [ -35.879178551121861, -9.082438313406278 ], [ -35.87918927995792, -9.082427584570219 ], [ -35.87918927995792, -9.08239539806204 ], [ -35.87918927995792, -9.082373940389921 ], [ -35.87918927995792, -9.082352482717802 ], [ -35.87918927995792, -9.082320296209623 ], [ -35.87918927995792, -9.082298838537504 ], [ -35.879178551121861, -9.082288109701445 ], [ -35.879178551121861, -9.082245194357206 ], [ -35.879178551121861, -9.082213007849028 ], [ -35.879178551121861, -9.082191550176908 ], [ -35.879178551121861, -9.08214863483267 ], [ -35.87918927995792, -9.082137905996611 ], [ -35.87920000879398, -9.082116448324491 ], [ -35.879210737630039, -9.082105719488432 ], [ -35.879253652974278, -9.082094990652372 ], [ -35.879264381810337, -9.082084261816313 ], [ -35.879264381810337, -9.082062804144194 ], [ -35.879275110646397, -9.082041346472074 ], [ -35.879285839482456, -9.082030617636015 ], [ -35.879285839482456, -9.081998431127836 ], [ -35.879285839482456, -9.081966244619657 ], [ -35.879275110646397, -9.081944786947538 ], [ -35.879253652974278, -9.081944786947538 ], [ -35.879232195302158, -9.081944786947538 ], [ -35.879060533925205, -9.082009159963896 ], [ -35.879039076253086, -9.081998431127836 ], [ -35.879017618580967, -9.081987702291777 ], [ -35.879006889744907, -9.081976973455717 ], [ -35.878985432072788, -9.081976973455717 ], [ -35.878974703236729, -9.081976973455717 ], [ -35.878963974400669, -9.081976973455717 ], [ -35.87894251672855, -9.081976973455717 ], [ -35.87893178789249, -9.081976973455717 ], [ -35.878921059056431, -9.081966244619657 ], [ -35.878910330220371, -9.081966244619657 ], [ -35.878899601384312, -9.081966244619657 ], [ -35.878878143712193, -9.081966244619657 ], [ -35.878867414876133, -9.081966244619657 ], [ -35.878845957204014, -9.081966244619657 ], [ -35.878835228367954, -9.081976973455717 ], [ -35.878813770695835, -9.081987702291777 ], [ -35.878803041859776, -9.082009159963896 ], [ -35.878803041859776, -9.082019888799955 ], [ -35.878803041859776, -9.082041346472074 ], [ -35.878803041859776, -9.082052075308134 ], [ -35.878803041859776, -9.082070850771236 ], [ -35.878803206879731, -9.082202276474197 ], [ -35.878881720135588, -9.082316869280477 ], [ -35.879052990212351, -9.082462956201603 ], [ -35.879060533925205, -9.082470499914457 ], [ -35.879081991597324, -9.082481228750517 ], [ -35.879103449269444, -9.082491957586576 ], [ -35.879124906941563, -9.082491957586576 ], [ -35.879146364613682, -9.082491957586576 ], [ -35.879167822285801, -9.082491957586576 ], [ -35.879178551121861, -9.082470499914457 ] ] ], [ [ [ -35.881920808446516, -9.082516464257424 ], [ -35.882164425056125, -9.082348639481916 ], [ -35.882066978412283, -9.081920956989494 ], [ -35.882099460626897, -9.081390414150794 ], [ -35.882083219519586, -9.081152211243628 ], [ -35.882061564709844, -9.081011454980301 ], [ -35.882086719839577, -9.080853783638164 ], [ -35.882069553963817, -9.08066495638545 ], [ -35.882069553963817, -9.08044179639896 ], [ -35.882069553963817, -9.080287301225185 ], [ -35.882069553963817, -9.08018430433353 ], [ -35.882069553963817, -9.080081307769293 ], [ -35.882104874329329, -9.079917887088286 ], [ -35.882104874329329, -9.079766303420087 ], [ -35.882052386778383, -9.079514825356314 ], [ -35.881966556089907, -9.079411828464659 ], [ -35.881897892586863, -9.079325997776182 ], [ -35.881812061898387, -9.079223001539363 ], [ -35.881685435249693, -9.079374953252119 ], [ -35.881605, -9.079938 ], [ -35.881503953358965, -9.080123607780838 ], [ -35.881288478569701, -9.080458728804684 ], [ -35.880985621282512, -9.080956977890054 ], [ -35.881249509344485, -9.081179279755803 ], [ -35.88087596387642, -9.081720649999374 ], [ -35.881065443461672, -9.08207795436013 ], [ -35.881244095642053, -9.082137505086923 ], [ -35.881503953358965, -9.081893888477316 ], [ -35.881758397373446, -9.08211585027718 ], [ -35.881920808446516, -9.082516464257424 ] ] ], [ [ [ -35.879487349201675, -9.080043078957132 ], [ -35.879303283318862, -9.081017545395561 ], [ -35.879480462844036, -9.081082277743789 ], [ -35.879571, -9.080586 ], [ -35.880105120708336, -9.078912850793174 ], [ -35.879422384772447, -9.079696602001247 ], [ -35.879487349201675, -9.080043078957132 ] ] ] ] } },
{ "type": "Feature", "properties": { "fid": 226.0, "LAT_GD": -9.080092, "LONG_GD": -35.888665, "IMG_ANTES": "2023-09-05", "IMG_DEPOIS": "2023-09-13", "BIOMA": "Mata Atlântica", "COD_CAR": "AL-2709301-44125FD2896B4BDE9FB739159EA1C773", "N_IMOVEL": "SITIO BOM FIM", "NM_MUN": "União dos Palmares", "ORGAO": "-", "OPERACAO": "MATA ATLANTICA 2024", "PERIODO": "-", "N_PROCESSO": "2024.26094887717.AINF.IMA", "DATA_AI": "2024-09-18", "MOTIVO": "DESMATAMENTO", "AI": "SERIE A - TALAO 0026 - FOLHA 02055", "TE": "SERIE C - TALAO 0063 - FOLHA 05460", "AI_APP": "-", "TE_APP": "-", "AI_RL": "-", "TE_RL": "-", "AREA_UTM": 14.28, "AREA_UC": 0.0, "AREA_TI": 0.0, "AREA_APP": 0.0, "AREA_RL": 0.0, "FORA_UC": 0.0, "FORA_TI": 0.0, "FORA_APP": 0.0, "FORA_RL": 0.0, "SITUACAO": "EMBARGADA" }, "geometry": { "type": "MultiPolygon", "coordinates": [ [ [ [ -35.887426066230667, -9.074375251024991 ], [ -35.887550377021142, -9.079590957427536 ], [ -35.887721590606411, -9.079355538747793 ], [ -35.887786555035639, -9.078954924767551 ], [ -35.887764900225896, -9.07812121459245 ], [ -35.888154686801272, -9.077796392446308 ], [ -35.8882954430646, -9.077839702065793 ], [ -35.888360407493828, -9.078002113138865 ], [ -35.888392889708442, -9.078153696807064 ], [ -35.888511991162027, -9.078261970855779 ], [ -35.888847640713038, -9.078424381928849 ], [ -35.889031706595858, -9.078446036738594 ], [ -35.889248254693285, -9.078283625665522 ], [ -35.889259082098157, -9.078023767948608 ], [ -35.889107498429958, -9.077763910231694 ], [ -35.888977569571502, -9.077601499158622 ], [ -35.888955914761759, -9.077439088085551 ], [ -35.889020879190987, -9.07720088517838 ], [ -35.889183290264057, -9.076735306768908 ], [ -35.889194117668929, -9.076637860125064 ], [ -35.889161635454315, -9.076464621647123 ], [ -35.889150808049443, -9.076323865383793 ], [ -35.889280736907899, -9.076183109120466 ], [ -35.889345701337128, -9.076064007666879 ], [ -35.889345701337128, -9.075934078808423 ], [ -35.889237427288414, -9.07576084033048 ], [ -35.889118325834829, -9.07545767299408 ], [ -35.888696057044839, -9.075013749394351 ], [ -35.888479508947412, -9.074840510916408 ], [ -35.888273788254857, -9.074710582057952 ], [ -35.887570006938212, -9.074483206555652 ], [ -35.887426066230667, -9.074375251024991 ] ] ], [ [ [ -35.889026292893412, -9.083204681179588 ], [ -35.888593196698558, -9.083518675920859 ], [ -35.88836582119626, -9.083475366301373 ], [ -35.888279201957282, -9.083410401872145 ], [ -35.888192582718311, -9.083247990799073 ], [ -35.888246719742668, -9.083020615296773 ], [ -35.888290029362153, -9.082836549413958 ], [ -35.88834416638651, -9.082663310936017 ], [ -35.88836582119626, -9.082251869550902 ], [ -35.888474095244973, -9.081905392595017 ], [ -35.888474095244973, -9.081493951209902 ], [ -35.888192582718311, -9.081190783873502 ], [ -35.887759486523457, -9.080833479512744 ], [ -35.887626597547602, -9.08092191185913 ], [ -35.887873792893501, -9.082721376133129 ], [ -35.888136025815001, -9.084847626754209 ], [ -35.888311684171896, -9.084807137100558 ], [ -35.888463267840102, -9.084666380837229 ], [ -35.888658161127786, -9.084460660144673 ], [ -35.8886906433424, -9.084471487549544 ], [ -35.888755607771628, -9.084503969764159 ], [ -35.888798917391114, -9.084503969764159 ], [ -35.888842227010599, -9.084503969764159 ], [ -35.889004638083669, -9.08443900533493 ], [ -35.889394424659045, -9.084503969764159 ], [ -35.889426906873659, -9.084590589003129 ], [ -35.889286150610324, -9.084796309695687 ], [ -35.88916704915674, -9.08496954817363 ], [ -35.889145394346997, -9.085088649627215 ], [ -35.889145394346997, -9.085240233295416 ], [ -35.889318632824939, -9.0854351265831 ], [ -35.889816693449028, -9.085824913158472 ], [ -35.890141515595168, -9.085640847275657 ], [ -35.890477165146187, -9.085445953987973 ], [ -35.89042302812183, -9.084828791910301 ], [ -35.890271444453624, -9.084666380837229 ], [ -35.890098205975683, -9.084482314954416 ], [ -35.890163170404911, -9.084341558691087 ], [ -35.89049881995593, -9.084276594261858 ], [ -35.890433855526702, -9.084070873569301 ], [ -35.890390545907216, -9.083821843257258 ], [ -35.890249789643882, -9.083659432184188 ], [ -35.890098205975683, -9.083442884086759 ], [ -35.889979104522098, -9.083269645608816 ], [ -35.889762556424671, -9.083161371560102 ], [ -35.889600145351601, -9.083042270106516 ], [ -35.889589317946729, -9.082782412389601 ], [ -35.889589317946729, -9.082565864292173 ], [ -35.889524353517501, -9.082392625814231 ], [ -35.889394424659045, -9.082349316194744 ], [ -35.88925366839571, -9.082360143599615 ], [ -35.88916704915674, -9.082490072458073 ], [ -35.889069602512897, -9.082717447960373 ], [ -35.889080429917769, -9.082890686438317 ], [ -35.889026292893412, -9.083204681179588 ] ] ] ] } },
{ "type": "Feature", "properties": { "fid": 227.0, "LAT_GD": -9.077781, "LONG_GD": -35.884939, "IMG_ANTES": "2023-09-05", "IMG_DEPOIS": "2023-09-13", "BIOMA": "Mata Atlântica", "COD_CAR": "AL-2709301-AEC6CB4B20A94C068E47E95AC75903BF", "N_IMOVEL": "SITIO  PELADA", "NM_MUN": "União dos Palmares", "ORGAO": "-", "OPERACAO": "MATA ATLANTICA 2024", "PERIODO": "-", "N_PROCESSO": "2024.1809740119.AI.IMA", "DATA_AI": "2024-09-25", "MOTIVO": "DESMATAMENTO", "AI": "2024.16104183252.AAF.AINF", "TE": "2024.180953114.AI.TA", "AI_APP": "-", "TE_APP": "-", "AI_RL": "-", "TE_RL": "-", "AREA_UTM": 40.25, "AREA_UC": 0.0, "AREA_TI": 0.0, "AREA_APP": 0.0, "AREA_RL": 0.0, "FORA_UC": 0.0, "FORA_TI": 0.0, "FORA_APP": 0.0, "FORA_RL": 0.0, "SITUACAO": "EMBARGADA" }, "geometry": { "type": "MultiPolygon", "coordinates": [ [ [ [ -35.887426066230667, -9.074375251024991 ], [ -35.8873101492213, -9.074288313267965 ], [ -35.887082773719001, -9.074082592575408 ], [ -35.887006981884902, -9.073985145931566 ], [ -35.886779606382596, -9.07385521707311 ], [ -35.886692987143626, -9.073801080048751 ], [ -35.886682159738754, -9.073801080048751 ], [ -35.886638850119269, -9.073909354097466 ], [ -35.886617195309526, -9.073963491121823 ], [ -35.886314027973128, -9.07401762814618 ], [ -35.886054170256216, -9.074006800741309 ], [ -35.885870104373403, -9.073920181502338 ], [ -35.885588591846741, -9.073779425239008 ], [ -35.885491145202899, -9.07371446080978 ], [ -35.885155495651887, -9.07348708530748 ], [ -35.884841500910611, -9.073335501639281 ], [ -35.884473369144985, -9.073292192019794 ], [ -35.884256821047558, -9.073292192019794 ], [ -35.883618004160141, -9.072967369873652 ], [ -35.88320656277503, -9.072913232849295 ], [ -35.883098288726316, -9.073227227590566 ], [ -35.883141598345802, -9.073985145931566 ], [ -35.882957532462989, -9.074385759911809 ], [ -35.882881740628889, -9.074894647940766 ], [ -35.882990014677603, -9.075706703306123 ], [ -35.882935877653246, -9.075771667735351 ], [ -35.882925050248375, -9.07584745956945 ], [ -35.883065806511702, -9.076269728359437 ], [ -35.883314836823743, -9.076702824554294 ], [ -35.8833689738481, -9.076735306768908 ], [ -35.883618004160141, -9.076735306768908 ], [ -35.883975308520903, -9.076767788983522 ], [ -35.884289303262172, -9.076919372651723 ], [ -35.884473369144985, -9.077060128915051 ], [ -35.884592470598569, -9.077222539988123 ], [ -35.884765709076511, -9.077504052514779 ], [ -35.885058049008045, -9.077785565041436 ], [ -35.885599419251612, -9.07812121459245 ], [ -35.886194926519543, -9.078705894455508 ], [ -35.886454784236456, -9.079138990650364 ], [ -35.886682159738754, -9.079485467606251 ], [ -35.886877053026438, -9.079604569059835 ], [ -35.887299321816428, -9.079680360893935 ], [ -35.887548352128469, -9.079593741654964 ], [ -35.887550377021142, -9.079590957427536 ], [ -35.887426066230667, -9.074375251024991 ] ] ], [ [ [ -35.885399786248328, -9.081832253617762 ], [ -35.885528532281043, -9.081660592240809 ], [ -35.885571447625281, -9.081488930863856 ], [ -35.885528532281043, -9.081338727159022 ], [ -35.885503326033351, -9.081085893388803 ], [ -35.885340914960281, -9.080912654910859 ], [ -35.885059402433619, -9.080869345291374 ], [ -35.884647961048508, -9.080869345291374 ], [ -35.88434479371211, -9.081042583769317 ], [ -35.88408493599519, -9.081085893388803 ], [ -35.883619357585722, -9.081172512627774 ], [ -35.883370327273681, -9.081053411174189 ], [ -35.883110469556762, -9.081259131866744 ], [ -35.883207916200611, -9.08159478141776 ], [ -35.883207916200611, -9.081865466539545 ], [ -35.883391982083424, -9.08198456799313 ], [ -35.883173207813513, -9.082838493496745 ], [ -35.883168188347938, -9.082840764207361 ], [ -35.883232561364295, -9.083355748338221 ], [ -35.883638804365546, -9.083384233133964 ], [ -35.884097395579708, -9.083534541883704 ], [ -35.885534195003189, -9.083939008718914 ], [ -35.885752356345392, -9.083446267650773 ], [ -35.885882285203849, -9.083208064743602 ], [ -35.885806493369749, -9.082937379621816 ], [ -35.885421243920447, -9.082497441453455 ], [ -35.885399700759592, -9.082496415588652 ], [ -35.885378328576209, -9.082239949388025 ], [ -35.885335413231971, -9.082089745683191 ], [ -35.885335413231971, -9.081960999650477 ], [ -35.885399786248328, -9.081832253617762 ] ] ], [ [ [ -35.885455557991392, -9.080046959974286 ], [ -35.885567138148346, -9.079789467908856 ], [ -35.885660323403997, -9.079656675945774 ], [ -35.8856765645113, -9.079450955253217 ], [ -35.885779424857581, -9.079185683833867 ], [ -35.885465430116305, -9.079109891999765 ], [ -35.885308432745674, -9.078990790546181 ], [ -35.885120818830202, -9.078913994820912 ], [ -35.885129780565293, -9.078790483556059 ], [ -35.884803244889937, -9.078768082912436 ], [ -35.884640166450865, -9.078656502755482 ], [ -35.884580085230866, -9.078484841378529 ], [ -35.884559988383955, -9.078180765319242 ], [ -35.88507970381778, -9.078142869402189 ], [ -35.885112186032387, -9.077980458329119 ], [ -35.88473322686189, -9.077574430646441 ], [ -35.884489610252281, -9.077271263310042 ], [ -35.884137719593959, -9.077276677012478 ], [ -35.883699209696672, -9.077087197427227 ], [ -35.883569280838209, -9.07710885223697 ], [ -35.883374387550525, -9.077547362134263 ], [ -35.883358146443221, -9.07821866123629 ], [ -35.883277652035588, -9.078241071658233 ], [ -35.883253810759754, -9.078241071658233 ], [ -35.883206125588742, -9.078241071658233 ], [ -35.883182284312909, -9.078264913261485 ], [ -35.883174771501075, -9.078264913261485 ], [ -35.883168188199605, -9.078216635717373 ], [ -35.883007255658711, -9.078238093389492 ], [ -35.882943866315884, -9.078264913588903 ], [ -35.882943866315884, -9.078241071658233 ], [ -35.882896182454544, -9.078193387796894 ], [ -35.882848498593205, -9.078169545866224 ], [ -35.882848498593205, -9.078145703935554 ], [ -35.882800814731866, -9.078098020074215 ], [ -35.882776973456032, -9.078074178798381 ], [ -35.882729289594693, -9.078050336867712 ], [ -35.882705447009187, -9.078050336867712 ], [ -35.882657763147847, -9.078026494937042 ], [ -35.882633921872014, -9.078026494937042 ], [ -35.882586238010674, -9.078002653006372 ], [ -35.882562396734841, -9.078002653006372 ], [ -35.882514712873501, -9.077978811075702 ], [ -35.882467029012162, -9.077978811075702 ], [ -35.882443186426656, -9.077978811075702 ], [ -35.882419345150822, -9.077978811075702 ], [ -35.882395502565316, -9.077978811075702 ], [ -35.882395502565316, -9.078002653006372 ], [ -35.882371661289483, -9.078002653006372 ], [ -35.882371661289483, -9.078026494937042 ], [ -35.882371661289483, -9.078050336867712 ], [ -35.882371661289483, -9.078074178798381 ], [ -35.882371661289483, -9.078121862004885 ], [ -35.882371661289483, -9.078145703935554 ], [ -35.882371661289483, -9.078193387796894 ], [ -35.882371661289483, -9.078217229727564 ], [ -35.882371661289483, -9.078241071658233 ], [ -35.882371661289483, -9.078264913588903 ], [ -35.882371661289483, -9.078288755519573 ], [ -35.882371661289483, -9.078312596795406 ], [ -35.882371661289483, -9.078336438726076 ], [ -35.882371661289483, -9.078360280656746 ], [ -35.882371661289483, -9.078384122587416 ], [ -35.882371661289483, -9.078407964518085 ], [ -35.882371661289483, -9.078431806448755 ], [ -35.882395502565316, -9.078455648379425 ], [ -35.882395502565316, -9.078479490310094 ], [ -35.882395502565316, -9.078503332240764 ], [ -35.882395502565316, -9.078527173516598 ], [ -35.882395502565316, -9.078551015447268 ], [ -35.882395502565316, -9.078598699308607 ], [ -35.882395502565316, -9.078622541239277 ], [ -35.882395502565316, -9.078670225100616 ], [ -35.882419345150822, -9.078717908961956 ], [ -35.882419345150822, -9.078741750237789 ], [ -35.882419345150822, -9.078765592168459 ], [ -35.882419345150822, -9.078789434099129 ], [ -35.882419345150822, -9.078813276029798 ], [ -35.882419345150822, -9.078837117960468 ], [ -35.882419345150822, -9.078884801821808 ], [ -35.882419345150822, -9.078908643752477 ], [ -35.882419345150822, -9.078932485683147 ], [ -35.882395502565316, -9.078932485683147 ], [ -35.882371661289483, -9.078956326958981 ], [ -35.882371661289483, -9.07898016888965 ], [ -35.882347820013649, -9.07898016888965 ], [ -35.882323977428143, -9.07900401082032 ], [ -35.88230013615231, -9.07900401082032 ], [ -35.882276293566804, -9.07900401082032 ], [ -35.882276293566804, -9.07902785275099 ], [ -35.88230013615231, -9.079075536612329 ], [ -35.88230013615231, -9.079099378542999 ], [ -35.882323977428143, -9.079123220473669 ], [ -35.882371661289483, -9.079147062404338 ], [ -35.882538554149335, -9.079433164262703 ], [ -35.882586238010674, -9.079480848124042 ], [ -35.882610079286508, -9.079480848124042 ], [ -35.882681605733353, -9.079528531985382 ], [ -35.882753130870526, -9.079576215846721 ], [ -35.882848498593205, -9.079671582914564 ], [ -35.883189645871724, -9.079965435995083 ], [ -35.883200374707783, -9.079976164831143 ], [ -35.883200213812657, -9.079976003936018 ], [ -35.883229966864576, -9.080243787940965 ], [ -35.883253810759754, -9.080267629216799 ], [ -35.883253810759754, -9.080362996939478 ], [ -35.883370327273688, -9.080669038301252 ], [ -35.883397395785863, -9.080918068613295 ], [ -35.883539190200089, -9.080806047597944 ], [ -35.883658401817947, -9.080710680530101 ], [ -35.884549160979034, -9.080678512280503 ], [ -35.884502837480269, -9.079823800315214 ], [ -35.884597251106626, -9.079875298597333 ], [ -35.884983489204771, -9.079995461692167 ], [ -35.885249564862917, -9.080064126177465 ], [ -35.885455557991392, -9.080046959974286 ] ] ] ] } },
{ "type": "Feature", "properties": { "fid": 228.0, "LAT_GD": -9.117189, "LONG_GD": -35.358478, "IMG_ANTES": "2020-06-13", "IMG_DEPOIS": "2020-08-27", "BIOMA": "Mata Atlântica", "COD_CAR": "AL-2707404-372C779962B14FC3A0ACAAEAA65BA683", "N_IMOVEL": "FAZENDA PORTO DE TABUAS I", "NM_MUN": "Porto de Pedras", "ORGAO": "-", "OPERACAO": "MATA ATLANTICA 2024", "PERIODO": "-", "N_PROCESSO": "2024.20092298170.AINF.IMA", "DATA_AI": "2024-09-17", "MOTIVO": "DESMATAMENTO", "AI": "SERIE A - TALAO 0026 - FOLHA 02054", "TE": "SERIE C - TALAO 0063 - FOLHA 05458", "AI_APP": "-", "TE_APP": "-", "AI_RL": "-", "TE_RL": "-", "AREA_UTM": 3.6, "AREA_UC": 0.0, "AREA_TI": 0.0, "AREA_APP": 0.0, "AREA_RL": 0.0, "FORA_UC": 0.0, "FORA_TI": 0.0, "FORA_APP": 0.0, "FORA_RL": 0.0, "SITUACAO": "EMBARGADA" }, "geometry": { "type": "MultiPolygon", "coordinates": [ [ [ [ -35.357700393801821, -9.118720572137443 ], [ -35.357404746838796, -9.118638147277938 ], [ -35.357049812172093, -9.118905057709418 ], [ -35.357134110535618, -9.119287271656962 ], [ -35.357870894406098, -9.119475774339071 ], [ -35.358017846488629, -9.119659828865128 ], [ -35.358271588734532, -9.119632810922512 ], [ -35.358379637583361, -9.119293313218611 ], [ -35.358385609115359, -9.119015390587249 ], [ -35.358219374660116, -9.11860536097087 ], [ -35.357935244888289, -9.118544553506069 ], [ -35.357700393801821, -9.118720572137443 ] ] ], [ [ [ -35.3577615423415, -9.116355127769452 ], [ -35.358521020198083, -9.116407776273853 ], [ -35.358799376364729, -9.11657536315 ], [ -35.358661716531898, -9.116998150823923 ], [ -35.358785327288203, -9.11716296516566 ], [ -35.359032548800805, -9.116843637378546 ], [ -35.359279770313414, -9.117070257098433 ], [ -35.359588797204168, -9.117018752616639 ], [ -35.359794815131337, -9.116658221244093 ], [ -35.359506390033296, -9.11653461048779 ], [ -35.359599098100524, -9.116359495249695 ], [ -35.359908124991279, -9.116503707798714 ], [ -35.359928726783998, -9.116174079115241 ], [ -35.359691806167753, -9.116029866566222 ], [ -35.359279770313414, -9.115875353120845 ], [ -35.359166460453466, -9.116101972840733 ], [ -35.35897074342266, -9.115926857602638 ], [ -35.358692619220975, -9.115525122644657 ], [ -35.358476300397449, -9.115380910095636 ], [ -35.358342388744788, -9.115246998442977 ], [ -35.35804366275039, -9.115463317266505 ], [ -35.357930352890449, -9.115937158498996 ], [ -35.357765222393191, -9.116089200806783 ], [ -35.357667108405501, -9.116224990692498 ], [ -35.3577615423415, -9.116355127769452 ] ] ] ] } },
{ "type": "Feature", "properties": { "fid": 229.0, "LAT_GD": -9.020502, "LONG_GD": -35.241301, "IMG_ANTES": "2022-12-04", "IMG_DEPOIS": "2023-04-17", "BIOMA": "Mata Atlântica", "COD_CAR": "AL-2704500-060CD39075BD47D8AF7EE01F351E8132", "N_IMOVEL": "SITIO JUNQUEIRO", "NM_MUN": "Maragogi", "ORGAO": "-", "OPERACAO": "MATA ATLANTICA 2024", "PERIODO": "-", "N_PROCESSO": "2024.1709478562.AI.IMA", "DATA_AI": "2024-09-17", "MOTIVO": "DESMATAMENTO", "AI": "2024.1709478562.AI.IMA", "TE": "2024.170947121.AI.TA", "AI_APP": "-", "TE_APP": "-", "AI_RL": "-", "TE_RL": "-", "AREA_UTM": 10.24, "AREA_UC": 0.0, "AREA_TI": 0.0, "AREA_APP": 0.0, "AREA_RL": 0.0, "FORA_UC": 0.0, "FORA_TI": 0.0, "FORA_APP": 0.0, "FORA_RL": 0.0, "SITUACAO": "EMBARGADA" }, "geometry": { "type": "MultiPolygon", "coordinates": [ [ [ [ -35.241106225, -9.022409219 ], [ -35.241025377, -9.022687697 ], [ -35.240728933, -9.022795495 ], [ -35.240700711497887, -9.022997745081625 ], [ -35.240917579, -9.022984141 ], [ -35.240995612880219, -9.0231083331 ], [ -35.241192213801774, -9.023120620657597 ], [ -35.241465551, -9.022957191 ], [ -35.241573349, -9.022409219 ], [ -35.241492501, -9.022301421 ], [ -35.241106225, -9.022409219 ] ] ], [ [ [ -35.240590123479514, -9.021732126649116 ], [ -35.239983331, -9.021852264 ], [ -35.239983331, -9.022067859 ], [ -35.240098621175626, -9.022383367201767 ], [ -35.240396556, -9.022256506 ], [ -35.240774436843473, -9.021818139552297 ], [ -35.240590123479514, -9.021732126649116 ] ] ], [ [ [ -35.242283018, -9.022274472 ], [ -35.24271421, -9.022157691 ], [ -35.242579462, -9.021969045 ], [ -35.242193187, -9.021915146 ], [ -35.241941754815201, -9.021793564437102 ], [ -35.241842844, -9.022085826 ], [ -35.241896743, -9.022220573 ], [ -35.242283018, -9.022274472 ] ] ], [ [ [ -35.241339664492941, -9.021646113745936 ], [ -35.241757441451249, -9.021609251073144 ], [ -35.24170829122086, -9.021486375497172 ], [ -35.241483518, -9.02118751 ], [ -35.241258939, -9.021133611 ], [ -35.24120504, -9.021277342 ], [ -35.240962495, -9.02135819 ], [ -35.240908596, -9.021708533 ], [ -35.241025377, -9.021897179 ], [ -35.241160124, -9.021897179 ], [ -35.241339664492941, -9.021646113745936 ] ] ], [ [ [ -35.243154384, -9.022265489 ], [ -35.24356371241803, -9.022260491625795 ], [ -35.243895476473156, -9.022235916510601 ], [ -35.244187447, -9.022094809 ], [ -35.244546773, -9.022202607 ], [ -35.244672537, -9.021825314 ], [ -35.244609655, -9.021663617 ], [ -35.244313211, -9.021007847 ], [ -35.244151514, -9.0208731 ], [ -35.243468795, -9.02101683 ], [ -35.243414896, -9.021205477 ], [ -35.243064553, -9.021151578 ], [ -35.242666720713437, -9.021142323884453 ], [ -35.242786075, -9.020909033 ], [ -35.242705227, -9.020666487 ], [ -35.242408783, -9.020720386 ], [ -35.242103355, -9.020621572 ], [ -35.242049456, -9.020316144 ], [ -35.241941754815201, -9.01993814323993 ], [ -35.242022507, -9.019750206 ], [ -35.24219979352474, -9.019446640936042 ], [ -35.241959625, -9.018932739 ], [ -35.241708097, -9.018717143 ], [ -35.241438602, -9.018699177 ], [ -35.241223006, -9.018833924 ], [ -35.240953512, -9.018887823 ], [ -35.240648085, -9.018833924 ], [ -35.240513337, -9.018914773 ], [ -35.240594186, -9.01904952 ], [ -35.240459438, -9.019516644 ], [ -35.240162994, -9.019678341 ], [ -35.239656269102127, -9.019667816972792 ], [ -35.23927535481662, -9.019581804069611 ], [ -35.239324505047009, -9.01923775245689 ], [ -35.239093999, -9.018977655 ], [ -35.239152479240644, -9.018795400383393 ], [ -35.23886942, -9.018115272 ], [ -35.238546027, -9.018330868 ], [ -35.238243199978456, -9.018475923885866 ], [ -35.237944156, -9.018259002 ], [ -35.237890257, -9.018016457 ], [ -35.237690259886584, -9.017824683333215 ], [ -35.237505946522624, -9.018008996697173 ], [ -35.237593813, -9.018178154 ], [ -35.237674661, -9.018555447 ], [ -35.237836358, -9.018582396 ], [ -35.237948298596123, -9.018893700844171 ], [ -35.238060937, -9.019336981 ], [ -35.238087886, -9.019615459 ], [ -35.238447212, -9.019552577 ], [ -35.238797555, -9.019660374 ], [ -35.238959252, -9.019741223 ], [ -35.239250779701422, -9.020073306373497 ], [ -35.240297742, -9.020028684 ], [ -35.240764866, -9.019786138 ], [ -35.241312838, -9.019723256 ], [ -35.24169013, -9.019965802 ], [ -35.241941659, -9.020513774 ], [ -35.241806911, -9.020621572 ], [ -35.241833861, -9.020944965 ], [ -35.241591316, -9.021106662 ], [ -35.241753012, -9.021322258 ], [ -35.242300985, -9.021780398 ], [ -35.242606412, -9.021753449 ], [ -35.243154384, -9.022265489 ] ] ] ] } },
{ "type": "Feature", "properties": { "fid": 230.0, "LAT_GD": -8.983093, "LONG_GD": -35.778167, "IMG_ANTES": "2021-12-08", "IMG_DEPOIS": "2022-03-15", "BIOMA": "Mata Atlântica", "COD_CAR": "-", "N_IMOVEL": "SITIO MARINHEIRO", "NM_MUN": "Colônia Leopoldina", "ORGAO": "-", "OPERACAO": "MATA ATLANTICA 2024", "PERIODO": "-", "N_PROCESSO": "2024.23092378271.AI.IMA", "DATA_AI": "2024-09-25", "MOTIVO": "DESMATAMENTO", "AI": "2024.16101166885.AAF.AINF", "TE": "2024.230923111.AI.TA", "AI_APP": "-", "TE_APP": "-", "AI_RL": "-", "TE_RL": "-", "AREA_UTM": 7.84, "AREA_UC": 0.0, "AREA_TI": 0.0, "AREA_APP": 0.0, "AREA_RL": 0.0, "FORA_UC": 0.0, "FORA_TI": 0.0, "FORA_APP": 0.0, "FORA_RL": 0.0, "SITUACAO": "EMBARGADA" }, "geometry": { "type": "MultiPolygon", "coordinates": [ [ [ [ -35.776212253536222, -8.983698887361971 ], [ -35.776511914271936, -8.983952446446038 ], [ -35.777168862807926, -8.983779565252355 ], [ -35.777007507027157, -8.982753803503178 ], [ -35.776857676659297, -8.98184329588312 ], [ -35.776085473994186, -8.982373464877076 ], [ -35.776212253536222, -8.983698887361971 ] ] ], [ [ [ -35.778632590247767, -8.984517191678732 ], [ -35.779001403460953, -8.984655496633676 ], [ -35.779658351996943, -8.984655496633676 ], [ -35.779474140244353, -8.983687611104418 ], [ -35.779368022806139, -8.983092497871795 ], [ -35.779510309227874, -8.982896541303264 ], [ -35.779502032577419, -8.982259970416274 ], [ -35.779362595179883, -8.982015268068483 ], [ -35.779417389412536, -8.981727641076041 ], [ -35.779276789683152, -8.981633574530306 ], [ -35.778989878048044, -8.981635838450702 ], [ -35.77893225098348, -8.981186347347128 ], [ -35.778505810705731, -8.981105669456744 ], [ -35.778609539421943, -8.981728041753998 ], [ -35.778344454924962, -8.981947024599329 ], [ -35.77839055657661, -8.982304312399604 ], [ -35.777745133453536, -8.98222363450922 ], [ -35.777549201434027, -8.982454142767462 ], [ -35.777664455563148, -8.983088040477629 ], [ -35.777699031801887, -8.983917870207302 ], [ -35.777987167124685, -8.98407922598807 ], [ -35.778079370427982, -8.984309734246313 ], [ -35.778252251621666, -8.98456329333038 ], [ -35.778632590247767, -8.984517191678732 ] ] ] ] } },
{ "type": "Feature", "properties": { "fid": 231.0, "LAT_GD": -9.206061, "LONG_GD": -36.260479, "IMG_ANTES": "2019-10", "IMG_DEPOIS": "2024-08", "BIOMA": "Mata Atlântica", "COD_CAR": "AL-2701902-78007EDC299648D797B0194D2187E7D7", "N_IMOVEL": "FAZENDA SAO JOSE DO JUNDIA", "NM_MUN": "Chã Preta", "ORGAO": "-", "OPERACAO": "MATA ATLANTICA 2024", "PERIODO": "-", "N_PROCESSO": "2024.2409134019.AI.IMA", "DATA_AI": "2024-09-24", "MOTIVO": "DESMATAMENTO", "AI": "2024.18104570875.AAF.AINF", "TE": "2024.24091103.AI.TA", "AI_APP": "-", "TE_APP": "-", "AI_RL": "-", "TE_RL": "-", "AREA_UTM": 16.21, "AREA_UC": 0.0, "AREA_TI": 0.0, "AREA_APP": 0.0, "AREA_RL": 0.0, "FORA_UC": 0.0, "FORA_TI": 0.0, "FORA_APP": 0.0, "FORA_RL": 0.0, "SITUACAO": "EMBARGADA" }, "geometry": { "type": "MultiPolygon", "coordinates": [ [ [ [ -36.260920738054672, -9.203205022330391 ], [ -36.260172896654183, -9.203653727170693 ], [ -36.258728203039581, -9.204319985872958 ], [ -36.25842906647938, -9.204466154873957 ], [ -36.257844390475356, -9.204530741176731 ], [ -36.257643833008849, -9.204632719549526 ], [ -36.257657430125221, -9.205176604204439 ], [ -36.257983760918165, -9.205095021506207 ], [ -36.258568436922189, -9.205244589786304 ], [ -36.25897635041337, -9.205285381135424 ], [ -36.259302681206321, -9.205638906161106 ], [ -36.259030738878863, -9.206087611001404 ], [ -36.258908364831512, -9.20623717928151 ], [ -36.25900354464612, -9.206495524492597 ], [ -36.259234695624457, -9.206264373514253 ], [ -36.259493040835537, -9.206209985048762 ], [ -36.259941745675839, -9.206291567746993 ], [ -36.259914551443089, -9.206536315841712 ], [ -36.259615414882894, -9.207229768776717 ], [ -36.259493040835537, -9.207705667849767 ], [ -36.259873760093967, -9.208290343853795 ], [ -36.26018649377054, -9.208603077530364 ], [ -36.260594407261728, -9.208671063112236 ], [ -36.261093607039356, -9.208534266285396 ], [ -36.261577893951532, -9.208795036161183 ], [ -36.261987675184912, -9.208906794679381 ], [ -36.262285697900097, -9.208832289000586 ], [ -36.262136686542505, -9.20808723221263 ], [ -36.26202492802431, -9.206932394191277 ], [ -36.26194052178262, -9.205846262185799 ], [ -36.261383040011353, -9.204268996686563 ], [ -36.261226673173063, -9.203718313473461 ], [ -36.260920738054672, -9.203205022330391 ] ] ] ] } },
{ "type": "Feature", "properties": { "fid": 232.0, "LAT_GD": -9.297174, "LONG_GD": -36.10266, "IMG_ANTES": "2019-10", "IMG_DEPOIS": "2024-08", "BIOMA": "Mata Atlântica", "COD_CAR": "AL-2701704-0CAA104A69C84CD994A7C9A88B7E5B1C", "N_IMOVEL": "JOAO PAULO", "NM_MUN": "Capela", "ORGAO": "-", "OPERACAO": "MATA ATLANTICA 2024", "PERIODO": "-", "N_PROCESSO": "2024.26093272246.AINF.IMA", "DATA_AI": "2024-09-24", "MOTIVO": "DESMATAMENTO", "AI": "SERIE A - TALAO 0026 - FOLHA 02057", "TE": "SERIE C - TALAO 0063 - FOLHA 05462", "AI_APP": "-", "TE_APP": "-", "AI_RL": "-", "TE_RL": "-", "AREA_UTM": 30.03, "AREA_UC": 0.0, "AREA_TI": 0.0, "AREA_APP": 0.0, "AREA_RL": 0.0, "FORA_UC": 0.0, "FORA_TI": 0.0, "FORA_APP": 0.0, "FORA_RL": 0.0, "SITUACAO": "EMBARGADA" }, "geometry": { "type": "MultiPolygon", "coordinates": [ [ [ [ -36.106502545343176, -9.304635823529434 ], [ -36.105720235715793, -9.304412306493038 ], [ -36.104677156212617, -9.304524065011236 ], [ -36.105273201643001, -9.305567144514416 ], [ -36.106502545343176, -9.304635823529434 ] ] ], [ [ [ -36.097971645120744, -9.301841860574489 ], [ -36.098269667835943, -9.301767354895691 ], [ -36.098418679193536, -9.301767354895691 ], [ -36.098791207587531, -9.301730102056291 ], [ -36.098977471784529, -9.301469332180497 ], [ -36.098902966105726, -9.301245815144101 ], [ -36.098791207587531, -9.300761528231911 ], [ -36.098120656478343, -9.300351746998519 ], [ -36.097412852529757, -9.300463505516717 ], [ -36.097040324135762, -9.300463505516717 ], [ -36.096742301420569, -9.300612516874313 ], [ -36.096481531544775, -9.300873286750109 ], [ -36.096407025865979, -9.301134056625903 ], [ -36.096407025865979, -9.301618343538093 ], [ -36.096444278705377, -9.301879113413889 ], [ -36.096928565617567, -9.30236340032608 ], [ -36.097412852529757, -9.302586917362476 ], [ -36.097673622405551, -9.302177136129083 ], [ -36.097673622405551, -9.301990871932087 ], [ -36.097785380923753, -9.301879113413889 ], [ -36.097971645120744, -9.301841860574489 ] ] ], [ [ [ -36.103298801154843, -9.302251641807882 ], [ -36.103038031279048, -9.302102630450285 ], [ -36.102740008563849, -9.302102630450285 ], [ -36.102441985848657, -9.30232614748668 ], [ -36.102330227330462, -9.30281043439887 ], [ -36.102404733009259, -9.303145709953464 ], [ -36.102479238688055, -9.303443732668658 ], [ -36.102479238688055, -9.303555491186856 ], [ -36.102404733009259, -9.304263295135442 ], [ -36.104267374979223, -9.303704502544452 ], [ -36.103820340906431, -9.302996698595868 ], [ -36.103559571030637, -9.302661423041274 ], [ -36.103298801154843, -9.302251641807882 ] ] ], [ [ [ -36.105012431767207, -9.302959445756468 ], [ -36.105422213000601, -9.303406479829258 ], [ -36.105906499912791, -9.303741755383852 ], [ -36.106353533985583, -9.304002525259648 ], [ -36.10691232657657, -9.304449559332438 ], [ -36.107322107809964, -9.304300547974842 ], [ -36.107135843612966, -9.304300547974842 ], [ -36.107024085094764, -9.304300547974842 ], [ -36.107135843612966, -9.304188789456644 ], [ -36.10724760213116, -9.304039778099046 ], [ -36.107322107809964, -9.303928019580848 ], [ -36.107322107809964, -9.30381626106265 ], [ -36.107135843612966, -9.303741755383852 ], [ -36.106875073737172, -9.303592744026256 ], [ -36.106577051021979, -9.303480985508058 ], [ -36.106241775467382, -9.303294721311062 ], [ -36.105981005591588, -9.303182962792864 ], [ -36.105682982876395, -9.302996698595868 ], [ -36.105459465839999, -9.30281043439887 ], [ -36.105198695964205, -9.302549664523076 ], [ -36.105049684606605, -9.302288894647281 ], [ -36.105049684606605, -9.301953619092687 ], [ -36.104900673249013, -9.301692849216893 ], [ -36.104528144855017, -9.301581090698695 ], [ -36.104341880658019, -9.301543837859295 ], [ -36.103820340906431, -9.301432079341097 ], [ -36.103600302734421, -9.301349565026594 ], [ -36.103791036148415, -9.30210190238177 ], [ -36.103932099424625, -9.302177136129083 ], [ -36.104639903373211, -9.302437906004878 ], [ -36.105012431767207, -9.302959445756468 ] ] ], [ [ [ -36.102926272760847, -9.300649769713713 ], [ -36.103112536957845, -9.300500758356117 ], [ -36.10348506535184, -9.300314494159119 ], [ -36.103522318191239, -9.300165482801523 ], [ -36.103447812512435, -9.299792954407531 ], [ -36.103149789797243, -9.299606690210535 ], [ -36.102926272760847, -9.299494931692337 ], [ -36.102926272760847, -9.299085150458945 ], [ -36.102926272760847, -9.298973391940747 ], [ -36.102926272760847, -9.298638116386153 ], [ -36.103034013815964, -9.298487278908985 ], [ -36.102330227330469, -9.298861633422549 ], [ -36.102348853750165, -9.300016471443927 ], [ -36.102069457454675, -9.299886086506028 ], [ -36.102005595444275, -9.300620499625619 ], [ -36.102665502885053, -9.301115430206204 ], [ -36.103141511388486, -9.301115430206204 ], [ -36.102926272760847, -9.300873286750109 ], [ -36.102926272760847, -9.300649769713713 ] ] ], [ [ [ -36.102143963133472, -9.298004818116366 ], [ -36.102721382144161, -9.298060697375465 ], [ -36.103067673323295, -9.298300437422558 ], [ -36.102851767082051, -9.297930312437567 ], [ -36.102740008563849, -9.297669542561772 ], [ -36.102628250045655, -9.29729701416778 ], [ -36.102069457454668, -9.297148002810182 ], [ -36.101734181900078, -9.297036244291986 ], [ -36.101734181900078, -9.297688168981471 ], [ -36.102143963133472, -9.298004818116366 ] ] ], [ [ [ -36.101175389309084, -9.29673822157679 ], [ -36.101175389309084, -9.296328440343398 ], [ -36.101175389309084, -9.296216681825202 ], [ -36.101100883630288, -9.296216681825202 ], [ -36.100579343878692, -9.296328440343398 ], [ -36.100020551287706, -9.296440198861596 ], [ -36.099536264375516, -9.296551957379794 ], [ -36.099200988820925, -9.296924485773786 ], [ -36.099275494499722, -9.29729701416778 ], [ -36.09979703425131, -9.29729701416778 ], [ -36.100343409229176, -9.297365311040013 ], [ -36.101121443269818, -9.297097861838539 ], [ -36.101175389309084, -9.29673822157679 ] ] ], [ [ [ -36.109054364842031, -9.288984974376818 ], [ -36.109035738422328, -9.289264370672313 ], [ -36.109035738422328, -9.28945063486931 ], [ -36.108923979904134, -9.289841789683003 ], [ -36.108663210028332, -9.290028053879999 ], [ -36.108402440152538, -9.290158438817896 ], [ -36.108178923116142, -9.290177065237595 ], [ -36.10788090040095, -9.290158438817896 ], [ -36.107564251266055, -9.2899721746209 ], [ -36.107377987069064, -9.289748657584504 ], [ -36.10724760213116, -9.289581019807207 ], [ -36.106930952996272, -9.289376129190511 ], [ -36.106688809540174, -9.289245744252614 ], [ -36.106521171762878, -9.289096732895016 ], [ -36.106492268697828, -9.289071041281638 ], [ -36.106353533985583, -9.289059480055618 ], [ -36.105906499912791, -9.288854589438921 ], [ -36.105686160843739, -9.288787263612267 ], [ -36.105608477197599, -9.288854589438921 ], [ -36.105478092259702, -9.289003600796519 ], [ -36.105198695964205, -9.289059480055618 ], [ -36.104770288311116, -9.289059480055618 ], [ -36.104509518435314, -9.289022227216218 ], [ -36.104453639176221, -9.289115359314717 ], [ -36.104528144855017, -9.28943200844961 ], [ -36.104453639176221, -9.289506514128409 ], [ -36.104379133497417, -9.289506514128409 ], [ -36.104136990041326, -9.289394755610211 ], [ -36.103969352264031, -9.289208491413214 ], [ -36.103783088067033, -9.289078106475317 ], [ -36.103689955968534, -9.289022227216218 ], [ -36.103453787024421, -9.28890414274416 ], [ -36.103168416216946, -9.289022227216218 ], [ -36.10286333658501, -9.289169846392962 ], [ -36.102851767082051, -9.289320249931412 ], [ -36.102944899180549, -9.289730031164805 ], [ -36.10300077843965, -9.289897668942102 ], [ -36.103019404859346, -9.2900094274603 ], [ -36.102963525600245, -9.290028053879999 ], [ -36.102777261403254, -9.290028053879999 ], [ -36.102665502885053, -9.290083933139098 ], [ -36.102553744366858, -9.290139812398197 ], [ -36.102162589553167, -9.290270197336094 ], [ -36.101864566837968, -9.29049371437249 ], [ -36.101808687578874, -9.290754484248284 ], [ -36.101771434739469, -9.29097800128468 ], [ -36.10188319325767, -9.291257397580175 ], [ -36.10188319325767, -9.291387782518072 ], [ -36.101845940418272, -9.291574046715068 ], [ -36.101752808319773, -9.291685805233266 ], [ -36.101492038443979, -9.291816190171163 ], [ -36.101026377951484, -9.291816190171163 ], [ -36.100908565846886, -9.291816190171163 ], [ -36.100895993013587, -9.291858099615487 ], [ -36.100784234495393, -9.292267880848879 ], [ -36.1004303325211, -9.293031564056564 ], [ -36.100318574002898, -9.293646235906651 ], [ -36.100355826842303, -9.29472656824923 ], [ -36.100393079681702, -9.295024590964424 ], [ -36.100467585360498, -9.295471625037216 ], [ -36.101194015728787, -9.29580690059181 ], [ -36.101622423381876, -9.295336583494393 ], [ -36.101585170542478, -9.295131692877698 ], [ -36.101305774246981, -9.294554273867009 ], [ -36.101231268568185, -9.294163119053316 ], [ -36.101212642148482, -9.293678832141126 ], [ -36.101212642148482, -9.293343556586533 ], [ -36.101287147827279, -9.29298965461224 ], [ -36.10154791770308, -9.292691631897046 ], [ -36.101845940418272, -9.292337729922753 ], [ -36.101994951775865, -9.291890695849961 ], [ -36.10203220461527, -9.291294650419573 ], [ -36.102386106589563, -9.29041920869369 ], [ -36.102535117947156, -9.290307450175494 ], [ -36.102982152019948, -9.290251570916395 ], [ -36.10348506535184, -9.289990801040599 ], [ -36.103689955968534, -9.289823163263302 ], [ -36.103801714486728, -9.289581019807207 ], [ -36.103950725844328, -9.289562393387508 ], [ -36.10424874855952, -9.289823163263302 ], [ -36.104453639176221, -9.289860416102702 ], [ -36.104863420409607, -9.2899349217815 ], [ -36.105180069544502, -9.290158438817896 ], [ -36.105533971518796, -9.290400582273991 ], [ -36.105925126332487, -9.290530967211888 ], [ -36.106241775467382, -9.290530967211888 ], [ -36.106409413244677, -9.290530967211888 ], [ -36.106949579415968, -9.290530967211888 ], [ -36.107303481390261, -9.290735857828585 ], [ -36.107471119167556, -9.290828989927082 ], [ -36.107601504105453, -9.290791737087684 ], [ -36.108104417437346, -9.290475087952789 ], [ -36.108476945831342, -9.290363329434593 ], [ -36.109575904593619, -9.289208491413214 ], [ -36.109166123360225, -9.288742830920723 ], [ -36.109016235465234, -9.288705358946975 ], [ -36.109054364842031, -9.288984974376818 ] ] ] ] } },
{ "type": "Feature", "properties": { "fid": 233.0, "LAT_GD": -9.460557, "LONG_GD": -36.165429, "IMG_ANTES": "2019-10", "IMG_DEPOIS": "2024-08", "BIOMA": "Mata Atlântica", "COD_CAR": "AL-2701308-2B78DD1FA21147D0A44B800427E68C00", "N_IMOVEL": "FAZENDA ANTANIO MIRANDA CABRAL - PARTE I", "NM_MUN": "Cajueiro", "ORGAO": "-", "OPERACAO": "MATA ATLANTICA 2024", "PERIODO": "-", "N_PROCESSO": "2024.26094331548.AINF.IMA", "DATA_AI": "2024-09-25", "MOTIVO": "DESMATAMENTO", "AI": "SERIE A  - TALAO 0026 - FOLHA 02059", "TE": "SERIE C - TALAO 0063 - FOLHA 05463", "AI_APP": "-", "TE_APP": "-", "AI_RL": "-", "TE_RL": "-", "AREA_UTM": 8.05, "AREA_UC": 0.0, "AREA_TI": 0.0, "AREA_APP": 0.0, "AREA_RL": 0.0, "FORA_UC": 0.0, "FORA_TI": 0.0, "FORA_APP": 0.0, "FORA_RL": 0.0, "SITUACAO": "EMBARGADA" }, "geometry": { "type": "MultiPolygon", "coordinates": [ [ [ [ -36.166349231838169, -9.461209507524524 ], [ -36.165678680728981, -9.461246760363924 ], [ -36.165231646656189, -9.46087423196993 ], [ -36.16519439381679, -9.46042719789714 ], [ -36.16519439381679, -9.460240933700144 ], [ -36.164933623940996, -9.460054669503148 ], [ -36.164747359743998, -9.45990565814555 ], [ -36.164784612583396, -9.459719393948554 ], [ -36.165231646656189, -9.459533129751557 ], [ -36.165566922210779, -9.459309612715161 ], [ -36.165864944925978, -9.458788072963571 ], [ -36.166125714801773, -9.458229280372583 ], [ -36.166051209122969, -9.457744993460393 ], [ -36.165231646656196, -9.45780087271949 ], [ -36.164412084189401, -9.457894004817989 ], [ -36.164412084189401, -9.458192027533183 ], [ -36.1647101069046, -9.458452797408979 ], [ -36.164970876780394, -9.458676314445373 ], [ -36.164672854065202, -9.459048842839367 ], [ -36.164337578510604, -9.459309612715161 ], [ -36.16407680863481, -9.459644888269755 ], [ -36.163927797277211, -9.460017416663748 ], [ -36.163890544437812, -9.460240933700144 ], [ -36.164002302956014, -9.460613462094136 ], [ -36.16422581999241, -9.460836979130532 ], [ -36.164635601225797, -9.461023243327528 ], [ -36.165008129619792, -9.461284013203322 ], [ -36.165268899495587, -9.461619288757916 ], [ -36.165492416531983, -9.462103575670106 ], [ -36.165604175050177, -9.462587862582296 ], [ -36.165678680728981, -9.463034896655088 ], [ -36.165827692086573, -9.463295666530882 ], [ -36.166051209122969, -9.46344467788848 ], [ -36.166610001713963, -9.463668194924875 ], [ -36.166684507392759, -9.463705447764275 ], [ -36.166721760232157, -9.462699621100494 ], [ -36.166796265910961, -9.4623643455459 ], [ -36.166721760232157, -9.461954564312508 ], [ -36.166610001713963, -9.461582035918516 ], [ -36.166610001713963, -9.46143302456092 ], [ -36.166349231838169, -9.461209507524524 ] ] ] ] } },
{ "type": "Feature", "properties": { "fid": 234.0, "LAT_GD": -9.738551, "LONG_GD": -36.374674, "IMG_ANTES": "2021-10-21", "IMG_DEPOIS": "2022-02-10", "BIOMA": "Mata Atlântica", "COD_CAR": "AL-2704203-8CD8B2DB5D1D47D2BA410DF6F7825133", "N_IMOVEL": "FAZENDA ESPERANCA", "NM_MUN": "Limoeiro de Anadia", "ORGAO": "-", "OPERACAO": "MATA ATLANTICA 2024", "PERIODO": "-", "N_PROCESSO": "2024.17095331129.AINF.IMA", "DATA_AI": "2024-09-17", "MOTIVO": "DESMATAMENTO", "AI": "2024.17090952566.AAF.AINF", "TE": "SERIE C - TALAO 0036 - FOLHA 01766", "AI_APP": "-", "TE_APP": "-", "AI_RL": "-", "TE_RL": "-", "AREA_UTM": 14.57, "AREA_UC": 0.0, "AREA_TI": 0.0, "AREA_APP": 0.0, "AREA_RL": 0.0, "FORA_UC": 0.0, "FORA_TI": 0.0, "FORA_APP": 0.0, "FORA_RL": 0.0, "SITUACAO": "EMBARGADA" }, "geometry": { "type": "MultiPolygon", "coordinates": [ [ [ [ -36.376865215495613, -9.738533757438413 ], [ -36.376564212804702, -9.737350742637291 ], [ -36.376482630106466, -9.736453332956692 ], [ -36.376373853175487, -9.736235779094729 ], [ -36.375952342567928, -9.735963836767274 ], [ -36.374075940508497, -9.736888440680618 ], [ -36.37315133659515, -9.738642468692698 ], [ -36.373192127944272, -9.73945829567506 ], [ -36.372920185616813, -9.739689446653397 ], [ -36.372539466358383, -9.740287719773796 ], [ -36.37219953844906, -9.741429877549104 ], [ -36.373178530827893, -9.74100836694155 ], [ -36.373980760693883, -9.740831604428706 ], [ -36.374728602094379, -9.740260525541052 ], [ -36.375299680982032, -9.739743835118889 ], [ -36.375068530003695, -9.739267936045843 ], [ -36.375177306934681, -9.739104770649371 ], [ -36.375608403953329, -9.738714855941623 ], [ -36.376100237986108, -9.739145739446013 ], [ -36.376482726740861, -9.738931545743354 ], [ -36.376865215495613, -9.738533757438413 ] ] ] ] } },
{ "type": "Feature", "properties": { "fid": 235.0, "LAT_GD": -9.92156, "LONG_GD": -36.679806, "IMG_ANTES": "-", "IMG_DEPOIS": "-", "BIOMA": "Caatinga", "COD_CAR": "-", "N_IMOVEL": "SITIO OITI", "NM_MUN": "Feira Grande", "ORGAO": "-", "OPERACAO": "XIV FPI - 2024", "PERIODO": "-", "N_PROCESSO": "2024.21110795796.AINF.IMA", "DATA_AI": "2024-11-21", "MOTIVO": "DESMATAMENTO", "AI": "SERIE A - TALAO 0028 - FOLHA 02166", "TE": "SERIE C - TALAO 0011 - FOLHA 02867", "AI_APP": "-", "TE_APP": "-", "AI_RL": "-", "TE_RL": "-", "AREA_UTM": 6.93, "AREA_UC": 0.0, "AREA_TI": 0.0, "AREA_APP": 0.0, "AREA_RL": 0.0, "FORA_UC": 0.0, "FORA_TI": 0.0, "FORA_APP": 0.0, "FORA_RL": 0.0, "SITUACAO": "EMBARGADA" }, "geometry": { "type": "MultiPolygon", "coordinates": [ [ [ [ -36.68108165975417, -9.922699799379421 ], [ -36.680976781000929, -9.922335692009675 ], [ -36.680953034868118, -9.922218940190033 ], [ -36.681188517351806, -9.92215759601361 ], [ -36.680990632911723, -9.921558006160167 ], [ -36.680658187052408, -9.920637843513804 ], [ -36.680438535323908, -9.920147090102411 ], [ -36.680309910437863, -9.919816623087476 ], [ -36.679207694106623, -9.920178751612831 ], [ -36.679128540330616, -9.920625970447398 ], [ -36.679067196154186, -9.920835727953881 ], [ -36.678928677046123, -9.921075168126375 ], [ -36.678761464694247, -9.921304714076863 ], [ -36.678662522474205, -9.921466979317726 ], [ -36.678593262920181, -9.921613413803398 ], [ -36.678539834121359, -9.921765784822261 ], [ -36.678467606300735, -9.921963174551227 ], [ -36.678423082301698, -9.922068053304473 ], [ -36.678357780436471, -9.922185794546317 ], [ -36.678330076614856, -9.922257032944744 ], [ -36.678324140081649, -9.922312440587977 ], [ -36.678351843903265, -9.922379721297602 ], [ -36.67843693421252, -9.922567711515676 ], [ -36.678464638034129, -9.92260926724809 ], [ -36.67851806683295, -9.922653791247104 ], [ -36.678583368698163, -9.922678526802102 ], [ -36.67869715225121, -9.922705735912617 ], [ -36.679383811258276, -9.922789094733011 ], [ -36.680430125235176, -9.92272972940097 ], [ -36.68108165975417, -9.922699799379421 ] ] ] ] } },
{ "type": "Feature", "properties": { "fid": 236.0, "LAT_GD": -10.041274, "LONG_GD": -36.838731, "IMG_ANTES": "-", "IMG_DEPOIS": "-", "BIOMA": "Caatinga", "COD_CAR": "-", "N_IMOVEL": "FAZENDA SAPUCAIA", "NM_MUN": "Olho d'Água Grande", "ORGAO": "-", "OPERACAO": "XIV FPI - 2024", "PERIODO": "-", "N_PROCESSO": "2024.20114098693.AINF.IMA", "DATA_AI": "2024-11-19", "MOTIVO": "DESMATAMENTO", "AI": "SERIE A - TALAO 0028 - FOLHA 02161", "TE": "SERIE C - TALAO 0011 - FOLHA 02860", "AI_APP": "-", "TE_APP": "-", "AI_RL": "-", "TE_RL": "-", "AREA_UTM": 17.56, "AREA_UC": 0.0, "AREA_TI": 0.0, "AREA_APP": 0.0, "AREA_RL": 0.0, "FORA_UC": 0.0, "FORA_TI": 0.0, "FORA_APP": 0.0, "FORA_RL": 0.0, "SITUACAO": "EMBARGADA" }, "geometry": { "type": "MultiPolygon", "coordinates": [ [ [ [ -36.836996863846942, -10.044667412008039 ], [ -36.837077109441942, -10.04472813840427 ], [ -36.83720506863397, -10.044112199242671 ], [ -36.837413273420985, -10.043782541663212 ], [ -36.83763882860692, -10.043574336876196 ], [ -36.837803657396648, -10.043548311277814 ], [ -36.837890409391235, -10.043556986477286 ], [ -36.838003186984203, -10.043556986477283 ], [ -36.838853356531196, -10.042862970520551 ], [ -36.83987703006737, -10.041908698580048 ], [ -36.840041858857091, -10.041648442596285 ], [ -36.839972457261418, -10.041466263407639 ], [ -36.839981132460878, -10.041379511413048 ], [ -36.840510319627882, -10.040876349844426 ], [ -36.841022156395972, -10.040338487477964 ], [ -36.841213010784067, -10.04000882989852 ], [ -36.841455916368922, -10.039418916335292 ], [ -36.841625082758384, -10.038998169161534 ], [ -36.841690146754324, -10.038868041169643 ], [ -36.841473266767849, -10.038586097187222 ], [ -36.841373501974068, -10.038499345192633 ], [ -36.841260724381101, -10.038451631595604 ], [ -36.840991793197865, -10.03843861879642 ], [ -36.840717440014949, -10.038432112396833 ], [ -36.840259823243464, -10.038499345192642 ], [ -36.839964866461855, -10.038586097187222 ], [ -36.839752324075107, -10.038729237978298 ], [ -36.838984568922967, -10.039228061947199 ], [ -36.839039873319543, -10.039341923940098 ], [ -36.838708046940241, -10.039930753103389 ], [ -36.838269949367564, -10.040403551473901 ], [ -36.837619309408133, -10.040802610649024 ], [ -36.836968669448702, -10.041418549810617 ], [ -36.836239952694136, -10.042372821751112 ], [ -36.835615338333085, -10.042910684117581 ], [ -36.835866919117393, -10.043309743292706 ], [ -36.836051267105901, -10.043591687275107 ], [ -36.836476351879391, -10.043392157687553 ], [ -36.836563103873985, -10.043730490466457 ], [ -36.836641180669119, -10.043973396051324 ], [ -36.83677998386046, -10.044251002434009 ], [ -36.836996863846942, -10.044667412008039 ] ] ] ] } },
{ "type": "Feature", "properties": { "fid": 237.0, "LAT_GD": -10.065347, "LONG_GD": -36.821298, "IMG_ANTES": "10/2021", "IMG_DEPOIS": "03/2024", "BIOMA": "Caatinga", "COD_CAR": "AL-2705903-C85BBCE3052748A6AF5CFFC86DE3B8E5", "N_IMOVEL": "CAMPOS DE FORA", "NM_MUN": "Olho d'Água Grande", "ORGAO": "-", "OPERACAO": "XIV FPI - 2024", "PERIODO": "-", "N_PROCESSO": "2024.24110317982.AINF.IMA", "DATA_AI": "2024-11-19", "MOTIVO": "DESMATAMENTO", "AI": "SERIE A - TALAO 0029 - FOLHA 02210", "TE": "SERIE C - TALAO 0049 - FOLHA 04757", "AI_APP": "-", "TE_APP": "-", "AI_RL": "-", "TE_RL": "-", "AREA_UTM": 11.82, "AREA_UC": 0.0, "AREA_TI": 0.0, "AREA_APP": 0.0, "AREA_RL": 0.0, "FORA_UC": 0.0, "FORA_TI": 0.0, "FORA_APP": 0.0, "FORA_RL": 0.0, "SITUACAO": "EMBARGADA" }, "geometry": { "type": "MultiPolygon", "coordinates": [ [ [ [ -36.824257970060259, -10.067142317450074 ], [ -36.824620986210768, -10.06707554644548 ], [ -36.824072769690972, -10.061817051463525 ], [ -36.82384481679599, -10.06179172305462 ], [ -36.823236009325768, -10.06205710066984 ], [ -36.823165762309962, -10.062400530524837 ], [ -36.823446750373144, -10.06246297231665 ], [ -36.823228204101781, -10.062915675307339 ], [ -36.823470166045084, -10.064664045478233 ], [ -36.823204788429855, -10.064695266374143 ], [ -36.823095515294185, -10.065085527573006 ], [ -36.823392113805312, -10.066365584305276 ], [ -36.824328740682581, -10.066599741024595 ], [ -36.824257970060259, -10.067142317450074 ] ] ], [ [ [ -36.817409661396077, -10.066581583011297 ], [ -36.817286639336395, -10.067709995571127 ], [ -36.817445477739042, -10.068205587620001 ], [ -36.818849298305452, -10.068187879258103 ], [ -36.819747074207925, -10.068067123132311 ], [ -36.819778295103831, -10.067099275359144 ], [ -36.82001245182316, -10.066521688784825 ], [ -36.819747074207925, -10.066428026097091 ], [ -36.819466086144743, -10.066490467888915 ], [ -36.818451407027702, -10.067505147005948 ], [ -36.81762405328611, -10.067598809693679 ], [ -36.817670884629983, -10.066256311169589 ], [ -36.818248390399177, -10.064982783603835 ], [ -36.819781900724614, -10.064613701856809 ], [ -36.819778295103831, -10.063743029048917 ], [ -36.818435796579749, -10.063852302184605 ], [ -36.818064045852161, -10.06441408299888 ], [ -36.817409661396077, -10.066581583011297 ] ] ] ] } },
{ "type": "Feature", "properties": { "fid": 238.0, "LAT_GD": -10.058092, "LONG_GD": -36.804485, "IMG_ANTES": "08/2020", "IMG_DEPOIS": "09/2024", "BIOMA": "Caatinga", "COD_CAR": "AL-2705903-C4789E9A0B144EB982297E1393A0D8B5", "N_IMOVEL": "NOVO PLANALTO", "NM_MUN": "Olho d'Água Grande", "ORGAO": "-", "OPERACAO": "XIV FPI - 2024", "PERIODO": "-", "N_PROCESSO": "2024.19114382252.AINF.IMA", "DATA_AI": "2024-11-19", "MOTIVO": "DESMATAMENTO", "AI": "SERIE A - TALAO 0028 - FOLHA 02156", "TE": "SERIE C - TALAO 0011 - FOLHA 02856", "AI_APP": "-", "TE_APP": "-", "AI_RL": "-", "TE_RL": "-", "AREA_UTM": 14.49, "AREA_UC": 0.0, "AREA_TI": 0.0, "AREA_APP": 0.0, "AREA_RL": 0.0, "FORA_UC": 0.0, "FORA_TI": 0.0, "FORA_APP": 0.0, "FORA_RL": 0.0, "SITUACAO": "EMBARGADA" }, "geometry": { "type": "MultiPolygon", "coordinates": [ [ [ [ -36.803635998958676, -10.060434767388214 ], [ -36.804452737824533, -10.061085350284662 ], [ -36.80482738857544, -10.061147792076479 ], [ -36.805077155742708, -10.060819972669446 ], [ -36.805400577699771, -10.060732568472638 ], [ -36.805452795262497, -10.060941307042668 ], [ -36.805201072001033, -10.061173486922247 ], [ -36.805362906578388, -10.061831403930508 ], [ -36.805483555192687, -10.061878378524979 ], [ -36.805815729878354, -10.0616732663376 ], [ -36.805764478088719, -10.06131369515364 ], [ -36.805904772665485, -10.061132197057683 ], [ -36.80581126650781, -10.060979387022076 ], [ -36.805811246089597, -10.06081296906299 ], [ -36.80610965918536, -10.060595330531381 ], [ -36.806103593565425, -10.060389462714726 ], [ -36.805745653467966, -10.060038977350668 ], [ -36.805720733200097, -10.059770216174599 ], [ -36.80442151692862, -10.058525236820133 ], [ -36.805607910973166, -10.057323232327642 ], [ -36.805069350518735, -10.054415786396097 ], [ -36.804776654619587, -10.054423591620084 ], [ -36.802938524372948, -10.055894876339808 ], [ -36.803453669155445, -10.056573930825811 ], [ -36.803921982594076, -10.057323232327629 ], [ -36.803640994530895, -10.057713493526483 ], [ -36.803843930354304, -10.058337911444678 ], [ -36.80306913146665, -10.058895604027152 ], [ -36.80292666959356, -10.059416086708197 ], [ -36.802964828975234, -10.059508976532216 ], [ -36.803333118277905, -10.059691803068937 ], [ -36.803312336768926, -10.060118371622163 ], [ -36.803635998958676, -10.060434767388214 ] ] ] ] } },
{ "type": "Feature", "properties": { "fid": 239.0, "LAT_GD": -10.025141, "LONG_GD": -36.824576, "IMG_ANTES": "08/2020", "IMG_DEPOIS": "09/2024", "BIOMA": "Caatinga", "COD_CAR": "AL-2705903-7D4558B26B3441B4A35B17AA2B76467F", "N_IMOVEL": "FAZENDA SAPUCAIA", "NM_MUN": "Olho d'Água Grande", "ORGAO": "-", "OPERACAO": "XIV FPI - 2024", "PERIODO": "-", "N_PROCESSO": "2024.21115395373.AINF.IMA", "DATA_AI": "2024-11-20", "MOTIVO": "DESMATAMENTO", "AI": "SERIE A - TALAO 0028 - FOLHA 02162", "TE": "SERIE C - TALAO 0011 - FOLHA 02861", "AI_APP": "-", "TE_APP": "-", "AI_RL": "-", "TE_RL": "-", "AREA_UTM": 62.08, "AREA_UC": 0.0, "AREA_TI": 0.0, "AREA_APP": 0.0, "AREA_RL": 0.0, "FORA_UC": 0.0, "FORA_TI": 0.0, "FORA_APP": 0.0, "FORA_RL": 0.0, "SITUACAO": "EMBARGADA" }, "geometry": { "type": "MultiPolygon", "coordinates": [ [ [ [ -36.828145495207487, -10.021571403899854 ], [ -36.823321866789563, -10.019604487457583 ], [ -36.821511054826843, -10.021946054650774 ], [ -36.822385239912293, -10.02316366959122 ], [ -36.822260356328655, -10.025942329327114 ], [ -36.821885705577749, -10.028065350248918 ], [ -36.821448613035024, -10.02972005773211 ], [ -36.822041810057293, -10.030656684609372 ], [ -36.822307187672514, -10.032155287612994 ], [ -36.82617857876523, -10.030250812962549 ], [ -36.827099595194539, -10.030079098035063 ], [ -36.826724944443633, -10.028736599510969 ], [ -36.82585075935819, -10.029376627877097 ], [ -36.824976574272739, -10.02959517414847 ], [ -36.823946284707738, -10.030344475650276 ], [ -36.823228204101831, -10.030282033858466 ], [ -36.824289714562738, -10.028315117416202 ], [ -36.825600992190914, -10.02686334575643 ], [ -36.82722447877817, -10.025942329327112 ], [ -36.828114274311574, -10.025786224847574 ], [ -36.827895728040211, -10.02466227259484 ], [ -36.827942559384077, -10.024115906916432 ], [ -36.828114274311581, -10.023639788253838 ], [ -36.828044027295782, -10.022937318095874 ], [ -36.828325015358963, -10.022461199433268 ], [ -36.828754302677716, -10.022375341969514 ], [ -36.828957238501118, -10.021571403899863 ], [ -36.828145495207487, -10.021571403899854 ] ] ] ] } },
{ "type": "Feature", "properties": { "fid": 240.0, "LAT_GD": -10.034794, "LONG_GD": -36.839859, "IMG_ANTES": "06/2021", "IMG_DEPOIS": "04/2022", "BIOMA": "Caatinga", "COD_CAR": "AL-2705903-726FEFAB8046407D8D2233D79C4C4FF9", "N_IMOVEL": "FAZENDA SAPUCAIA", "NM_MUN": "Olho d'Água Grande", "ORGAO": "-", "OPERACAO": "XIV FPI - 2024", "PERIODO": "-", "N_PROCESSO": "2024.19114237780.AINF.IMA", "DATA_AI": "2024-11-19", "MOTIVO": "DESMATAMENTO", "AI": "SERIE A - TALAO 0028 - FOLHA 02160", "TE": "SERIE C - TALAO 0011 - FOLHA 02859", "AI_APP": "-", "TE_APP": "-", "AI_RL": "-", "TE_RL": "-", "AREA_UTM": 17.08, "AREA_UC": 0.0, "AREA_TI": 0.0, "AREA_APP": 0.0, "AREA_RL": 0.0, "FORA_UC": 0.0, "FORA_TI": 0.0, "FORA_APP": 0.0, "FORA_RL": 0.0, "SITUACAO": "EMBARGADA" }, "geometry": { "type": "MultiPolygon", "coordinates": [ [ [ [ -36.840648040239593, -10.032953234257159 ], [ -36.839839976155893, -10.032603474977414 ], [ -36.839081235347834, -10.033007145493395 ], [ -36.838790420893126, -10.032670161641356 ], [ -36.838677677312297, -10.032668332363682 ], [ -36.838141707553291, -10.033198221577992 ], [ -36.837903256647365, -10.035085185698604 ], [ -36.83824439710309, -10.036169079608852 ], [ -36.840707270242461, -10.037950888307821 ], [ -36.840924587703633, -10.037748715741177 ], [ -36.840661710485506, -10.037250346036158 ], [ -36.840612839613186, -10.036469836498322 ], [ -36.840935758157485, -10.036005755527544 ], [ -36.841485373831361, -10.035568714575774 ], [ -36.841256199640682, -10.034752492662903 ], [ -36.842346166106744, -10.03390612127386 ], [ -36.841265711646116, -10.03268597467755 ], [ -36.840648040239593, -10.032953234257159 ], [ -36.840648040239593, -10.032953234257159 ] ] ] ] } },
{ "type": "Feature", "properties": { "fid": 241.0, "LAT_GD": -10.046974, "LONG_GD": -36.844991, "IMG_ANTES": "10/2021", "IMG_DEPOIS": "09/2024", "BIOMA": "Caatinga", "COD_CAR": "AL-2705903-44F20BF3975D4D16A25E2E8ED79DB0DA", "N_IMOVEL": "SITIO SAPUCAIA", "NM_MUN": "Olho d'Água Grande", "ORGAO": "-", "OPERACAO": "XIV FPI - 2024", "PERIODO": "-", "N_PROCESSO": "2024.19111548265.AINF.IMA", "DATA_AI": "2024-11-19", "MOTIVO": "DESMATAMENTO", "AI": "2024.19114814564.UCS.AINF", "TE": "SERIE C - TALAO 0049 - FOLHA 04760", "AI_APP": "-", "TE_APP": "-", "AI_RL": "-", "TE_RL": "-", "AREA_UTM": 8.8, "AREA_UC": 0.0, "AREA_TI": 0.0, "AREA_APP": 0.0, "AREA_RL": 0.0, "FORA_UC": 0.0, "FORA_TI": 0.0, "FORA_APP": 0.0, "FORA_RL": 0.0, "SITUACAO": "EMBARGADA" }, "geometry": { "type": "MultiPolygon", "coordinates": [ [ [ [ -36.846564, -10.049565 ], [ -36.846956084992676, -10.048265269902037 ], [ -36.846628265585636, -10.047781346015443 ], [ -36.846284835730629, -10.047500357952268 ], [ -36.845636, -10.048001 ], [ -36.845439, -10.048124 ], [ -36.844397, -10.048866 ], [ -36.845090636462118, -10.049576547530211 ], [ -36.845800911844051, -10.050481953511573 ], [ -36.846243, -10.050364 ], [ -36.84638, -10.050347 ], [ -36.846406, -10.050246 ], [ -36.846564, -10.049565 ] ] ], [ [ [ -36.844903311086632, -10.044604619856713 ], [ -36.844216451376631, -10.043324563124447 ], [ -36.843997905105269, -10.043418225812166 ], [ -36.843685696146181, -10.042856249685808 ], [ -36.843045667780046, -10.043184069092845 ], [ -36.843279824499362, -10.043855318354897 ], [ -36.843108109571865, -10.044448515377166 ], [ -36.843139330467771, -10.045026101951477 ], [ -36.843498370770725, -10.045759793005333 ], [ -36.844903311086632, -10.044604619856713 ] ] ] ] } },
{ "type": "Feature", "properties": { "fid": 242.0, "LAT_GD": -10.077675, "LONG_GD": -36.876421, "IMG_ANTES": "10/2021", "IMG_DEPOIS": "09/2024", "BIOMA": "Caatinga", "COD_CAR": "-", "N_IMOVEL": "-", "NM_MUN": "São brás", "ORGAO": "-", "OPERACAO": "XIV FPI - 2024", "PERIODO": "-", "N_PROCESSO": "2024.22113221962.AINF.IMA", "DATA_AI": "2024-11-22", "MOTIVO": "DESMATAMENTO", "AI": "2024.22110931346.UCS.AINF", "TE": "SERIE C - TALAO 0011 - FOLHA 02871", "AI_APP": "-", "TE_APP": "-", "AI_RL": "-", "TE_RL": "-", "AREA_UTM": 27.39, "AREA_UC": 0.0, "AREA_TI": 0.0, "AREA_APP": 0.0, "AREA_RL": 0.0, "FORA_UC": 0.0, "FORA_TI": 0.0, "FORA_APP": 0.0, "FORA_RL": 0.0, "SITUACAO": "EMBARGADA" }, "geometry": { "type": "MultiPolygon", "coordinates": [ [ [ [ -36.878735054416097, -10.073991288131017 ], [ -36.872842110313272, -10.078237329974639 ], [ -36.873169929720319, -10.078736864309192 ], [ -36.873232371512131, -10.079946674025662 ], [ -36.874075335701676, -10.079556412826792 ], [ -36.874387544660763, -10.081070626278381 ], [ -36.877228646188485, -10.079173956851912 ], [ -36.877712570075076, -10.079876427009864 ], [ -36.878742859640077, -10.079220788195776 ], [ -36.878867743223708, -10.077862679223729 ], [ -36.877634517835304, -10.076894831450563 ], [ -36.88021804697177, -10.075029382919988 ], [ -36.879531187261769, -10.074654732169083 ], [ -36.878735054416097, -10.073991288131017 ] ] ] ] } },
{ "type": "Feature", "properties": { "fid": 243.0, "LAT_GD": -10.092864, "LONG_GD": -36.902295, "IMG_ANTES": "06/2021", "IMG_DEPOIS": "09/2024", "BIOMA": "Caatinga", "COD_CAR": "AL-2708204-CF7D2C6447C84A96ABCB030B1876FA59", "N_IMOVEL": "FAZENDA SANTA FE", "NM_MUN": "São Brás", "ORGAO": "-", "OPERACAO": "XIV FPI - 2024", "PERIODO": "-", "N_PROCESSO": "2024.24114177910.AINF.IMA", "DATA_AI": "2024-11-21", "MOTIVO": "DESMATAMENTO", "AI": "SERIE A - TALAO 0029 - FOLHA 02216", "TE": "SERIE C - TALAO 0049 - FOLHA 04765", "AI_APP": "-", "TE_APP": "-", "AI_RL": "-", "TE_RL": "-", "AREA_UTM": 31.91, "AREA_UC": 0.0, "AREA_TI": 0.0, "AREA_APP": 0.0, "AREA_RL": 0.0, "FORA_UC": 0.0, "FORA_TI": 0.0, "FORA_APP": 0.0, "FORA_RL": 0.0, "SITUACAO": "EMBARGADA" }, "geometry": { "type": "MultiPolygon", "coordinates": [ [ [ [ -36.900441382296805, -10.089648567429387 ], [ -36.900472603192718, -10.089937360716535 ], [ -36.900839448719644, -10.090163712211872 ], [ -36.900894085287483, -10.090514947290849 ], [ -36.901307762158275, -10.091342301032453 ], [ -36.902073167837095, -10.091275737541251 ], [ -36.90213658697845, -10.091167172021157 ], [ -36.901822906940779, -10.090811545801987 ], [ -36.901924374852477, -10.090686662218358 ], [ -36.902369272619183, -10.090749104010166 ], [ -36.902681866370841, -10.090953944345911 ], [ -36.903195189120794, -10.090627926992344 ], [ -36.903163853971627, -10.090512631160724 ], [ -36.90267367635429, -10.090429089827101 ], [ -36.902670979004775, -10.09020176745485 ], [ -36.902199311832241, -10.090007007631813 ], [ -36.901401897579248, -10.089676064022576 ], [ -36.901057994991007, -10.090085659972106 ], [ -36.900769201703852, -10.089601736085523 ], [ -36.900441382296805, -10.089648567429387 ] ] ], [ [ [ -36.900121368113744, -10.090733493562215 ], [ -36.900121368113744, -10.089625151757444 ], [ -36.899879406170449, -10.089515878621757 ], [ -36.899738912138858, -10.089679788325297 ], [ -36.89907546810079, -10.089648567429373 ], [ -36.898505686750454, -10.090632025650518 ], [ -36.898817895709541, -10.09150621073597 ], [ -36.899707691242945, -10.091576457751753 ], [ -36.90034771960908, -10.091326690584493 ], [ -36.900425771848852, -10.091225222672778 ], [ -36.90035552483306, -10.090998871177447 ], [ -36.900121368113744, -10.090733493562215 ] ] ], [ [ [ -36.903067840164987, -10.094963924957899 ], [ -36.90322394464453, -10.094979535405844 ], [ -36.903817141666799, -10.094979535405852 ], [ -36.904753768544069, -10.094979535405846 ], [ -36.90523769243066, -10.09483904137425 ], [ -36.905081587951116, -10.094604884654938 ], [ -36.904878652127707, -10.094323896591753 ], [ -36.905003535711337, -10.093855583153129 ], [ -36.905081587951116, -10.093465321954252 ], [ -36.905986993932473, -10.09288773537995 ], [ -36.905128419294975, -10.091373521928354 ], [ -36.904987925263384, -10.091326690584495 ], [ -36.904738158096123, -10.091311080136544 ], [ -36.9045040013768, -10.091279859240638 ], [ -36.904285455105438, -10.091045702521315 ], [ -36.904051298386115, -10.090905208489721 ], [ -36.903629816291343, -10.090889598041766 ], [ -36.90341127001998, -10.091108144313123 ], [ -36.903130281956805, -10.091264248792674 ], [ -36.902771241653852, -10.091279859240633 ], [ -36.902568305830442, -10.091389132376316 ], [ -36.90214682373567, -10.091670120439485 ], [ -36.901678510297032, -10.091795004023135 ], [ -36.901225807306353, -10.09196671895063 ], [ -36.900788714763628, -10.091951108502679 ], [ -36.90053894759636, -10.091701341335392 ], [ -36.900398453564769, -10.09179500402313 ], [ -36.900023802813855, -10.092013550294498 ], [ -36.899571099823177, -10.092060381638351 ], [ -36.899493047583405, -10.091873056262898 ], [ -36.899071565488633, -10.091826224919036 ], [ -36.900257959533178, -10.094105350320383 ], [ -36.90106970282681, -10.094776599582438 ], [ -36.902053161047945, -10.09677473692061 ], [ -36.903536153603618, -10.095962993626982 ], [ -36.903067840164987, -10.094963924957899 ] ] ] ] } },
{ "type": "Feature", "properties": { "fid": 244.0, "LAT_GD": -9.926053, "LONG_GD": -36.775404, "IMG_ANTES": "10/2021", "IMG_DEPOIS": "01/2024", "BIOMA": "Caatinga", "COD_CAR": "AL-2701506-CE64D6C300884EC2B857677850A570D1", "N_IMOVEL": "SITIO ARUEIRAS", "NM_MUN": "Campo Grande", "ORGAO": "-", "OPERACAO": "XIV FPI - 2024", "PERIODO": "-", "N_PROCESSO": "2024.22113519157.AINF.IMA", "DATA_AI": "2024-11-22", "MOTIVO": "DESMATAMENTO", "AI": "2024.22112191980.UCS.AINF", "TE": "SERIE C - TALAO 0049 - FOLHA 04771", "AI_APP": "-", "TE_APP": "-", "AI_RL": "-", "TE_RL": "-", "AREA_UTM": 10.03, "AREA_UC": 0.0, "AREA_TI": 0.0, "AREA_APP": 0.0, "AREA_RL": 0.0, "FORA_UC": 0.0, "FORA_TI": 0.0, "FORA_APP": 0.0, "FORA_RL": 0.0, "SITUACAO": "EMBARGADA" }, "geometry": { "type": "MultiPolygon", "coordinates": [ [ [ [ -36.776847828419413, -9.926038205181953 ], [ -36.777409217931861, -9.924899832003927 ], [ -36.775381978025791, -9.925757510425735 ], [ -36.774976530044576, -9.924915426157057 ], [ -36.77533519556642, -9.924743890472689 ], [ -36.774851776819588, -9.923855023744645 ], [ -36.772855725219763, -9.924697108013328 ], [ -36.773854, -9.925376 ], [ -36.774691, -9.926411 ], [ -36.775185, -9.92713 ], [ -36.77467, -9.927341 ], [ -36.775228, -9.928293 ], [ -36.77742, -9.927151 ], [ -36.776884, -9.926306 ], [ -36.776847828419413, -9.926038205181953 ] ] ] ] } },
{ "type": "Feature", "properties": { "fid": 245.0, "LAT_GD": -9.998175, "LONG_GD": -36.783305, "IMG_ANTES": "12/2021", "IMG_DEPOIS": "08/2024", "BIOMA": "Caatinga", "COD_CAR": "AL-2701506-718C464AAAFF4AED987E271044E5ADB3", "N_IMOVEL": "SITIO POCO DO BOI", "NM_MUN": "Campo Grande", "ORGAO": "-", "OPERACAO": "XIV FPI - 2024", "PERIODO": "-", "N_PROCESSO": "2024.22114294681.AINF.IMA", "DATA_AI": "2024-11-22", "MOTIVO": "DESMATAMENTO", "AI": "2024.22113052551.UCS.AINF", "TE": "SERIE C - TALAO 0011 - FOLHA 02873", "AI_APP": "-", "TE_APP": "-", "AI_RL": "-", "TE_RL": "-", "AREA_UTM": 11.67, "AREA_UC": 0.0, "AREA_TI": 0.0, "AREA_APP": 0.0, "AREA_RL": 0.0, "FORA_UC": 0.0, "FORA_TI": 0.0, "FORA_APP": 0.0, "FORA_RL": 0.0, "SITUACAO": "EMBARGADA" }, "geometry": { "type": "MultiPolygon", "coordinates": [ [ [ [ -36.784246321512406, -10.000029317502319 ], [ -36.783950965167243, -9.999845331916136 ], [ -36.783732647023513, -9.999486666394294 ], [ -36.783296010736052, -9.999455478088045 ], [ -36.782796997836094, -9.999502260547423 ], [ -36.782157637558029, -9.999595825466164 ], [ -36.783756747745052, -10.000754896061913 ], [ -36.783865653089528, -10.00071159722561 ], [ -36.784246321512406, -10.000029317502319 ] ] ], [ [ [ -36.781643030504945, -9.999252754097443 ], [ -36.781892536954921, -9.99898765349433 ], [ -36.781970507720544, -9.998769335350614 ], [ -36.782142043404903, -9.998441858135003 ], [ -36.782360361548633, -9.9982391341444 ], [ -36.782796997836094, -9.998161163378779 ], [ -36.783155663357938, -9.998317104910015 ], [ -36.783654676257896, -9.998722552891234 ], [ -36.784091312545357, -9.999159189178696 ], [ -36.78440319560783, -9.999143595025581 ], [ -36.784434383914075, -9.998972059341209 ], [ -36.784309630689087, -9.998628987972499 ], [ -36.783950965167243, -9.998067598460045 ], [ -36.78401334177974, -9.997833686163194 ], [ -36.784169283310973, -9.997677744631943 ], [ -36.784449978067201, -9.997708932938194 ], [ -36.784543542985944, -9.998005221847555 ], [ -36.784699484517176, -9.998207945838146 ], [ -36.784871020201535, -9.99867577043187 ], [ -36.785069583493389, -9.998976598393197 ], [ -36.785619539551476, -9.998862900269348 ], [ -36.785619539551476, -9.997942845235057 ], [ -36.785962610920194, -9.997927251081931 ], [ -36.786134146604553, -9.997677744631943 ], [ -36.785307656489003, -9.996695312985169 ], [ -36.781549465586203, -9.99719432588512 ], [ -36.781175205911239, -9.997802497856945 ], [ -36.780722975470653, -9.997841483239752 ], [ -36.780543642709731, -9.998090989689722 ], [ -36.780348715795689, -9.998059801383475 ], [ -36.779787326283234, -9.997623165096021 ], [ -36.779587818660751, -9.997688848876141 ], [ -36.779601443715244, -9.997818831700268 ], [ -36.781643030504945, -9.999252754097443 ] ] ] ] } },
{ "type": "Feature", "properties": { "fid": 246.0, "LAT_GD": -10.049715, "LONG_GD": -36.722004, "IMG_ANTES": "01/2023", "IMG_DEPOIS": "05/2023", "BIOMA": "Caatinga", "COD_CAR": "AL-2705903-FED75D5D79764B6AB0A4ED3021D09BA1", "N_IMOVEL": "FAZENDA BOA VISTA", "NM_MUN": "Olho d'Água Grande", "ORGAO": "-", "OPERACAO": "XIV FPI - 2024", "PERIODO": "-", "N_PROCESSO": "2024.26113191771.AINF.IMA", "DATA_AI": "2024-11-26", "MOTIVO": "DESMATAMENTO", "AI": "2024.26115616884.UCS.AINF", "TE": "SERIE C - TALAO 0011 - FOLHA 02878", "AI_APP": "-", "TE_APP": "-", "AI_RL": "-", "TE_RL": "-", "AREA_UTM": 21.35, "AREA_UC": 0.0, "AREA_TI": 0.0, "AREA_APP": 0.0, "AREA_RL": 0.0, "FORA_UC": 0.0, "FORA_TI": 0.0, "FORA_APP": 0.0, "FORA_RL": 0.0, "SITUACAO": "EMBARGADA" }, "geometry": { "type": "MultiPolygon", "coordinates": [ [ [ [ -36.719591, -10.053249 ], [ -36.719543, -10.053273 ], [ -36.72189, -10.052441 ], [ -36.722448, -10.052303 ], [ -36.722385, -10.051939 ], [ -36.721953, -10.05159 ], [ -36.721622, -10.051308 ], [ -36.721297, -10.050887 ], [ -36.720437, -10.050457 ], [ -36.720237154042309, -10.049391854928215 ], [ -36.71920793993614, -10.049797302909433 ], [ -36.71914556332365, -10.049719332143802 ], [ -36.718607565040884, -10.049953244440667 ], [ -36.718942839333046, -10.050296315809378 ], [ -36.71934049023772, -10.050358692421874 ], [ -36.719410663926773, -10.050717357943723 ], [ -36.719176751629917, -10.050834314092146 ], [ -36.719382, -10.05104 ], [ -36.719577, -10.051016 ], [ -36.719941, -10.050978 ], [ -36.719528, -10.051619 ], [ -36.719455, -10.051619 ], [ -36.719373, -10.051595 ], [ -36.719198, -10.051834 ], [ -36.719251, -10.052174 ], [ -36.719178, -10.052824 ], [ -36.719591, -10.053249 ] ] ], [ [ [ -36.721088, -10.049908 ], [ -36.721591, -10.049936 ], [ -36.72229, -10.050443 ], [ -36.723077, -10.05029 ], [ -36.723048, -10.049841 ], [ -36.722805, -10.049745 ], [ -36.722786, -10.049525 ], [ -36.723194, -10.049391 ], [ -36.723272, -10.048913 ], [ -36.723, -10.048808 ], [ -36.722902, -10.048533 ], [ -36.722872, -10.047998 ], [ -36.722736, -10.04774 ], [ -36.722736, -10.047548 ], [ -36.722882, -10.047003 ], [ -36.72365, -10.04685 ], [ -36.724379, -10.047596 ], [ -36.72434, -10.047835 ], [ -36.724709, -10.048017 ], [ -36.72466, -10.048189 ], [ -36.724903, -10.048505 ], [ -36.725127, -10.048476 ], [ -36.725156, -10.049069 ], [ -36.724767, -10.049413 ], [ -36.725166, -10.050006 ], [ -36.725192, -10.050418 ], [ -36.72426, -10.051059 ], [ -36.724186, -10.051467 ], [ -36.725682, -10.050884 ], [ -36.725875, -10.05035 ], [ -36.725904, -10.04992 ], [ -36.725739, -10.049298 ], [ -36.725836, -10.049088 ], [ -36.725564, -10.048667 ], [ -36.724835, -10.047596 ], [ -36.724081, -10.046485 ], [ -36.723692, -10.046398 ], [ -36.723352, -10.046255 ], [ -36.722507, -10.046006 ], [ -36.72102, -10.047278 ], [ -36.721185, -10.047651 ], [ -36.721117, -10.047948 ], [ -36.721088, -10.049908 ] ] ] ] } },
{ "type": "Feature", "properties": { "fid": 247.0, "LAT_GD": -10.074979, "LONG_GD": -36.748879, "IMG_ANTES": "08/2020", "IMG_DEPOIS": "09/2024", "BIOMA": "Caatinga", "COD_CAR": "AL-2705903-D19E697A12BA4B42997C4759A251267B", "N_IMOVEL": "SITIO ALTO DA MARABA", "NM_MUN": "Olho d'Água Grande", "ORGAO": "-", "OPERACAO": "XIV FPI - 2024", "PERIODO": "-", "N_PROCESSO": "2024.20113982053.AINF.IMA", "DATA_AI": "2024-11-19", "MOTIVO": "DESMATAMENTO", "AI": "2024.20113044451.UCS.AINF", "TE": "SERIE C - TALAO 0049 - FOLHA 04761", "AI_APP": "-", "TE_APP": "-", "AI_RL": "-", "TE_RL": "-", "AREA_UTM": 7.22, "AREA_UC": 0.0, "AREA_TI": 0.0, "AREA_APP": 0.0, "AREA_RL": 0.0, "FORA_UC": 0.0, "FORA_TI": 0.0, "FORA_APP": 0.0, "FORA_RL": 0.0, "SITUACAO": "EMBARGADA" }, "geometry": { "type": "MultiPolygon", "coordinates": [ [ [ [ -36.750458622795911, -10.074810324519738 ], [ -36.750115551427193, -10.074529629763511 ], [ -36.750177928039683, -10.074217746701029 ], [ -36.749912827436582, -10.07393705194481 ], [ -36.749460596996002, -10.073734327954208 ], [ -36.749242278852265, -10.07374992210732 ], [ -36.74882123671793, -10.074108587629171 ], [ -36.748462571196086, -10.073718733801075 ], [ -36.746840779271224, -10.074857106979108 ], [ -36.747225, -10.07511 ], [ -36.74786, -10.075659 ], [ -36.748134, -10.075851 ], [ -36.748540541961702, -10.076416522291474 ], [ -36.749476191149121, -10.075948697697765 ], [ -36.750318275417797, -10.075886321085262 ], [ -36.750458622795911, -10.074810324519738 ] ] ] ] } },
{ "type": "Feature", "properties": { "fid": 248.0, "LAT_GD": -10.0714, "LONG_GD": -36.801368, "IMG_ANTES": "08/2020", "IMG_DEPOIS": "09/2024", "BIOMA": "Caatinga", "COD_CAR": "AL-2705903-EB98AD5316E346CBABBC0908E490EA20", "N_IMOVEL": "SALGADO", "NM_MUN": "Olho d'Água Grande", "ORGAO": "-", "OPERACAO": "XIV FPI - 2024", "PERIODO": "-", "N_PROCESSO": "2024.20114176051.AINF.IMA", "DATA_AI": "2024-11-20", "MOTIVO": "DESMATAMENTO", "AI": "2024.20114652879.UCS.AINF", "TE": "SERIE C - TALAO 0049 - FOLHA 04767", "AI_APP": "-", "TE_APP": "-", "AI_RL": "-", "TE_RL": "-", "AREA_UTM": 2.04, "AREA_UC": 0.0, "AREA_TI": 0.0, "AREA_APP": 0.0, "AREA_RL": 0.0, "FORA_UC": 0.0, "FORA_TI": 0.0, "FORA_APP": 0.0, "FORA_RL": 0.0, "SITUACAO": "EMBARGADA" }, "geometry": { "type": "MultiPolygon", "coordinates": [ [ [ [ -36.802258, -10.070505 ], [ -36.801906, -10.07081 ], [ -36.801743, -10.070903 ], [ -36.801469, -10.071055 ], [ -36.801482, -10.071262 ], [ -36.801263, -10.071266 ], [ -36.80107, -10.071105 ], [ -36.800791, -10.071033 ], [ -36.800529, -10.071355 ], [ -36.800222, -10.071504 ], [ -36.800198, -10.071676 ], [ -36.800359912791528, -10.071894217885619 ], [ -36.800812143232108, -10.072034565263722 ], [ -36.801240982443012, -10.072026768187166 ], [ -36.802028487175754, -10.071551146516887 ], [ -36.802355964391353, -10.071184683918482 ], [ -36.802469, -10.070693 ], [ -36.802415, -10.070544 ], [ -36.802258, -10.070505 ] ] ] ] } },
{ "type": "Feature", "properties": { "fid": 249.0, "LAT_GD": -10.110425, "LONG_GD": -36.884535, "IMG_ANTES": "05/2021", "IMG_DEPOIS": "04/2024", "BIOMA": "Caatinga", "COD_CAR": "AL-2708204-A23C4C3C77384D8F86C861212781CA1F", "N_IMOVEL": "FAZENDA UNIAO MARI II", "NM_MUN": "São Brás", "ORGAO": "-", "OPERACAO": "XIV FPI - 2024", "PERIODO": "-", "N_PROCESSO": "2024.24113473674.AINF.IMA", "DATA_AI": "2024-11-21", "MOTIVO": "DESMATAMENTO", "AI": "SERIE A - TALAO 0029 - FOLHA 02220", "TE": "SERIE C - TALAO 0049 - FOLHA 04769", "AI_APP": "-", "TE_APP": "-", "AI_RL": "-", "TE_RL": "-", "AREA_UTM": 16.95, "AREA_UC": 0.0, "AREA_TI": 0.0, "AREA_APP": 0.0, "AREA_RL": 0.0, "FORA_UC": 0.0, "FORA_TI": 0.0, "FORA_APP": 0.0, "FORA_RL": 0.0, "SITUACAO": "EMBARGADA" }, "geometry": { "type": "MultiPolygon", "coordinates": [ [ [ [ -36.885024113635431, -10.113173512496777 ], [ -36.885570479313834, -10.113235954288584 ], [ -36.885726583793378, -10.113329616976319 ], [ -36.885305101698613, -10.11387598265472 ], [ -36.885664142001559, -10.114484790124946 ], [ -36.885913909168835, -10.114032087134262 ], [ -36.886272949471788, -10.113891593102675 ], [ -36.886756873358372, -10.112970576673368 ], [ -36.88608562409631, -10.111674909493141 ], [ -36.886163676336089, -10.110863166199495 ], [ -36.88630417036768, -10.110379242312916 ], [ -36.886272949471767, -10.110176306489514 ], [ -36.886116844992223, -10.110129475145639 ], [ -36.88536754349041, -10.110145085593595 ], [ -36.885039724083363, -10.109614330363147 ], [ -36.885164607667001, -10.109489446779509 ], [ -36.88555486886586, -10.109598719915196 ], [ -36.885601700209726, -10.109505057227462 ], [ -36.885570479313813, -10.109177237820413 ], [ -36.885320712146545, -10.108849418413367 ], [ -36.88502411363541, -10.108943081101108 ], [ -36.884758736020181, -10.109052354236791 ], [ -36.884368474821322, -10.108412325870646 ], [ -36.884352864373362, -10.108100116911556 ], [ -36.884056265862228, -10.10763180347293 ], [ -36.883580147199638, -10.107140074362366 ], [ -36.883189886000778, -10.107358620633722 ], [ -36.883111833761006, -10.107343010185771 ], [ -36.882893287489658, -10.107264957946008 ], [ -36.882729377786127, -10.107249347498053 ], [ -36.882581078530563, -10.107327399737814 ], [ -36.882510831514765, -10.107460088545428 ], [ -36.882456194946926, -10.107787907952483 ], [ -36.881956660612374, -10.108123532583496 ], [ -36.885024113635431, -10.113173512496777 ] ] ] ] } },
{ "type": "Feature", "properties": { "fid": 250.0, "LAT_GD": -10.116021, "LONG_GD": -36.895632, "IMG_ANTES": "08/2021", "IMG_DEPOIS": "04/2022", "BIOMA": "Caatinga", "COD_CAR": "AL-2708204-BBB7B50903604F43AF6B2C244AEBED2E", "N_IMOVEL": "FAZENDA TRIUNFO", "NM_MUN": "São Brás", "ORGAO": "-", "OPERACAO": "XIV FPI - 2024", "PERIODO": "-", "N_PROCESSO": "2024.21110951877.AINF.IMA", "DATA_AI": "2024-11-20", "MOTIVO": "DESMATAMENTO", "AI": "2024.21112977819.UCS.AINF", "TE": "SERIE C - TALAO 0011 - FOLHA 02863", "AI_APP": "-", "TE_APP": "-", "AI_RL": "-", "TE_RL": "-", "AREA_UTM": 2.89, "AREA_UC": 0.0, "AREA_TI": 0.0, "AREA_APP": 0.0, "AREA_RL": 0.0, "FORA_UC": 0.0, "FORA_TI": 0.0, "FORA_APP": 0.0, "FORA_RL": 0.0, "SITUACAO": "EMBARGADA" }, "geometry": { "type": "MultiPolygon", "coordinates": [ [ [ [ -36.897348562295512, -10.11655512578491 ], [ -36.897332951847559, -10.116336579513559 ], [ -36.89717842901679, -10.116163210858282 ], [ -36.896993754835606, -10.11605345879522 ], [ -36.896786586169149, -10.115446783980156 ], [ -36.896427545866196, -10.115665330251511 ], [ -36.896165371314829, -10.115533182680279 ], [ -36.895940734664862, -10.115733326401578 ], [ -36.895625177033985, -10.115523050400661 ], [ -36.894481253395675, -10.115440739622366 ], [ -36.894392362851136, -10.115491345772545 ], [ -36.894338334518224, -10.11571690657691 ], [ -36.894522411810144, -10.115883348675123 ], [ -36.894541315998801, -10.116006333059577 ], [ -36.894251286306307, -10.116221302071764 ], [ -36.894146547784146, -10.1164520742739 ], [ -36.894223229763732, -10.116543230129448 ], [ -36.894531264550182, -10.116507658504364 ], [ -36.894624539127456, -10.116250722049806 ], [ -36.89514431921738, -10.116633403828835 ], [ -36.895553211257244, -10.116602252752319 ], [ -36.896101476674389, -10.11617970978063 ], [ -36.896369051530939, -10.116255869109505 ], [ -36.896571805760459, -10.116172068980045 ], [ -36.896923560084346, -10.116322239786685 ], [ -36.897028548112452, -10.116656593696623 ], [ -36.89725489960778, -10.116664398920598 ], [ -36.897348562295512, -10.11655512578491 ] ] ] ] } },
{ "type": "Feature", "properties": { "fid": 251.0, "LAT_GD": -10.08416, "LONG_GD": -36.856477, "IMG_ANTES": "10/2021", "IMG_DEPOIS": "05/2023", "BIOMA": "Caatinga", "COD_CAR": "AL-2708204-500079FF44C04AF085045466A3D41DB3", "N_IMOVEL": "FAZENDA SANTA MARIA", "NM_MUN": "São Brás", "ORGAO": "-", "OPERACAO": "XIV FPI - 2024", "PERIODO": "-", "N_PROCESSO": "2024.21114537681.AINF.IMA", "DATA_AI": "2024-11-21", "MOTIVO": "DESMATAMENTO", "AI": "2024.21110515243.UCS.AINF", "TE": "SERIE C - TALAO 0011 - FOLHA 02869", "AI_APP": "-", "TE_APP": "-", "AI_RL": "-", "TE_RL": "-", "AREA_UTM": 4.65, "AREA_UC": 0.0, "AREA_TI": 0.0, "AREA_APP": 0.0, "AREA_RL": 0.0, "FORA_UC": 0.0, "FORA_TI": 0.0, "FORA_APP": 0.0, "FORA_RL": 0.0, "SITUACAO": "EMBARGADA" }, "geometry": { "type": "MultiPolygon", "coordinates": [ [ [ [ -36.856725, -10.08539 ], [ -36.857223857134542, -10.085053241812759 ], [ -36.857294104150334, -10.084662980613897 ], [ -36.857606313109429, -10.084499070910386 ], [ -36.857356545942153, -10.084241498519127 ], [ -36.857352, -10.083903 ], [ -36.857598507885449, -10.083656106720833 ], [ -36.857692170573173, -10.083336092537769 ], [ -36.856888232503522, -10.083086325370491 ], [ -36.855901, -10.083345 ], [ -36.855678, -10.083463 ], [ -36.855335, -10.083632 ], [ -36.855138, -10.083953 ], [ -36.855172, -10.084156 ], [ -36.855644, -10.084629 ], [ -36.855944, -10.085026 ], [ -36.856382, -10.08539 ], [ -36.856725, -10.08539 ] ] ] ] } },
{ "type": "Feature", "properties": { "fid": 252.0, "LAT_GD": -9.738352, "LONG_GD": -36.598969, "IMG_ANTES": "08/2020", "IMG_DEPOIS": "08/2024", "BIOMA": "Caatinga", "COD_CAR": "-", "N_IMOVEL": "FAZENDA SAO JOSE", "NM_MUN": "Arapiraca", "ORGAO": "-", "OPERACAO": "XIV FPI - 2024", "PERIODO": "-", "N_PROCESSO": "2024.02121506560.AINF.IMA", "DATA_AI": "2024-11-28", "MOTIVO": "DESMATAMENTO", "AI": "SERIE A - TALAO 0029 - FOLHA 02214", "TE": "SERIE C - TALAO 0049 - FOLHA 04777", "AI_APP": "-", "TE_APP": "-", "AI_RL": "-", "TE_RL": "-", "AREA_UTM": 25.4, "AREA_UC": 0.0, "AREA_TI": 0.0, "AREA_APP": 0.0, "AREA_RL": 0.0, "FORA_UC": 0.0, "FORA_TI": 0.0, "FORA_APP": 0.0, "FORA_RL": 0.0, "SITUACAO": "EMBARGADA" }, "geometry": { "type": "MultiPolygon", "coordinates": [ [ [ [ -36.597669599958778, -9.739988417772608 ], [ -36.598821458560259, -9.740453815187339 ], [ -36.601148445633946, -9.741279895598495 ], [ -36.60202106578658, -9.7403607357044 ], [ -36.602160685011, -9.74000005270797 ], [ -36.602044335657318, -9.739406671004186 ], [ -36.599915142484896, -9.736055809618057 ], [ -36.597308916962362, -9.737033144189011 ], [ -36.5973321868331, -9.735753301298486 ], [ -36.59705294838426, -9.735264634013014 ], [ -36.595028469630151, -9.736102349359534 ], [ -36.594749231181304, -9.736614286515744 ], [ -36.596494471486572, -9.736823715352386 ], [ -36.596285042649939, -9.73724257302565 ], [ -36.595982534330361, -9.737707970440386 ], [ -36.59693659903057, -9.738266447338074 ], [ -36.597669599958778, -9.739988417772608 ] ] ] ] } },
{ "type": "Feature", "properties": { "fid": 253.0, "LAT_GD": -9.843836, "LONG_GD": -36.610904, "IMG_ANTES": "08/2020", "IMG_DEPOIS": "08/2024", "BIOMA": "Caatinga", "COD_CAR": "-", "N_IMOVEL": "-", "NM_MUN": "Arapiraca", "ORGAO": "-", "OPERACAO": "XIV FPI - 2024", "PERIODO": "-", "N_PROCESSO": "2024.19115915886.AINF.IMA", "DATA_AI": "2024-11-18", "MOTIVO": "DESMATAMENTO", "AI": "SERIE A - TALAO 0028 - FOLHA 02155", "TE": "SERIE C - TALAO 0011 - FOLHA 02855", "AI_APP": "-", "TE_APP": "-", "AI_RL": "-", "TE_RL": "-", "AREA_UTM": 12.52, "AREA_UC": 0.0, "AREA_TI": 0.0, "AREA_APP": 0.0, "AREA_RL": 0.0, "FORA_UC": 0.0, "FORA_TI": 0.0, "FORA_APP": 0.0, "FORA_RL": 0.0, "SITUACAO": "EMBARGADA" }, "geometry": { "type": "MultiPolygon", "coordinates": [ [ [ [ -36.611382168162905, -9.843476910737953 ], [ -36.611865586909737, -9.84280636215364 ], [ -36.611007908487942, -9.842104625263074 ], [ -36.609354928256835, -9.841496453291262 ], [ -36.609261363338092, -9.845472962337794 ], [ -36.61353416129397, -9.844989543590952 ], [ -36.613736885284574, -9.843991517791034 ], [ -36.612473758881563, -9.843944735331666 ], [ -36.611382168162905, -9.843476910737953 ] ] ] ] } },
{ "type": "Feature", "properties": { "fid": 254.0, "LAT_GD": -10.022841, "LONG_GD": -36.540598, "IMG_ANTES": "08/2020", "IMG_DEPOIS": "01/2024", "BIOMA": "Caatinga", "COD_CAR": "AL-2708808-7C224A8A93D043CCA426E60D11835667", "N_IMOVEL": "FAZENDA SERRARIA", "NM_MUN": "São Sebastião", "ORGAO": "-", "OPERACAO": "XIV FPI - 2024", "PERIODO": "-", "N_PROCESSO": "2024.27112477059.AINF.IMA", "DATA_AI": "2024-11-27", "MOTIVO": "DESMATAMENTO", "AI": "2024.27111378270.UCS.AINF", "TE": "SERIE C - TALAO 0049 - FOLHA 04776", "AI_APP": "-", "TE_APP": "-", "AI_RL": "-", "TE_RL": "-", "AREA_UTM": 47.81, "AREA_UC": 0.0, "AREA_TI": 0.0, "AREA_APP": 0.0, "AREA_RL": 0.0, "FORA_UC": 0.0, "FORA_TI": 0.0, "FORA_APP": 0.0, "FORA_RL": 0.0, "SITUACAO": "EMBARGADA" }, "geometry": { "type": "MultiPolygon", "coordinates": [ [ [ [ -36.536041604608286, -10.019780627972159 ], [ -36.536861496900002, -10.020655662199992 ], [ -36.5373095709, -10.020780348599995 ], [ -36.53760147641087, -10.020882682232507 ], [ -36.538357156683347, -10.021371748320499 ], [ -36.538526163500002, -10.021443445 ], [ -36.538809420699998, -10.022302673499997 ], [ -36.538829146800005, -10.022515723700002 ], [ -36.538896566133268, -10.022642688139909 ], [ -36.539111142854317, -10.022749976492049 ], [ -36.539315235099998, -10.0230764384 ], [ -36.539325719575807, -10.023179129928101 ], [ -36.5393147825, -10.0234867905 ], [ -36.539295239, -10.023599875099995 ], [ -36.539427699, -10.024012296900001 ], [ -36.539393149594815, -10.024140007685791 ], [ -36.539412256036975, -10.024289414679043 ], [ -36.539446339803526, -10.024267724976855 ], [ -36.539504817877727, -10.024897338909241 ], [ -36.540097395696428, -10.026051306240394 ], [ -36.54048724952451, -10.027127302805924 ], [ -36.540362496299522, -10.028109734452705 ], [ -36.539968743933137, -10.029283194475262 ], [ -36.540732857436197, -10.029813395681462 ], [ -36.541171079384959, -10.030195788679467 ], [ -36.541335208299998, -10.03023554 ], [ -36.541360102024399, -10.030248622279796 ], [ -36.542237693212627, -10.030183756818156 ], [ -36.542385837667297, -10.029719830762733 ], [ -36.542744503189105, -10.02681541974348 ], [ -36.542814107520407, -10.026822833534821 ], [ -36.542801862458859, -10.026333407602484 ], [ -36.543003087738633, -10.025796965787345 ], [ -36.543242114655058, -10.025323541113154 ], [ -36.542670430961827, -10.025029889210781 ], [ -36.542132432679061, -10.02416441371243 ], [ -36.54218311367665, -10.023010446381308 ], [ -36.542323461054828, -10.022115731845815 ], [ -36.5420427662986, -10.02119567681151 ], [ -36.541606130011139, -10.020369186695964 ], [ -36.541247464489295, -10.019714232264768 ], [ -36.540966769733068, -10.018669424005489 ], [ -36.541348826484587, -10.017242558994674 ], [ -36.542838068107905, -10.015924853055717 ], [ -36.53970364333005, -10.016053504818993 ], [ -36.538923935673871, -10.016895589087676 ], [ -36.538783588295757, -10.017472572753237 ], [ -36.539001906439488, -10.017987179806321 ], [ -36.539469731033201, -10.018439410246909 ], [ -36.539766019942547, -10.018766887462508 ], [ -36.539766019942547, -10.019172335443715 ], [ -36.539875179014409, -10.019671348343685 ], [ -36.539329383655087, -10.019764913262415 ], [ -36.538612052611413, -10.020185955396755 ], [ -36.537738780036491, -10.019952043099906 ], [ -36.536912289920942, -10.019328276974958 ], [ -36.5364912477866, -10.019203523749958 ], [ -36.536374291638182, -10.019573884886652 ], [ -36.536041604608286, -10.019780627972159 ] ] ] ] } },
{ "type": "Feature", "properties": { "fid": 255.0, "LAT_GD": -10.001603, "LONG_GD": -36.531483, "IMG_ANTES": "10/2021", "IMG_DEPOIS": "01/2024", "BIOMA": "Mata Atlântica", "COD_CAR": "AL-2708808-7AB35235FD794DAEA725E53F64E29636", "N_IMOVEL": "FAZENDA VAGE DA PEDRA", "NM_MUN": "São Sebastião", "ORGAO": "-", "OPERACAO": "XIV FPI - 2024", "PERIODO": "-", "N_PROCESSO": "2024.28114058156.AINF.IMA", "DATA_AI": "2024-11-27", "MOTIVO": "DESMATAMENTO", "AI": "2024.28114992912.UCS.AINF", "TE": "SERIE C - TALAO 0011 - FOLHA 02881", "AI_APP": "-", "TE_APP": "-", "AI_RL": "-", "TE_RL": "-", "AREA_UTM": 30.22, "AREA_UC": 0.0, "AREA_TI": 0.0, "AREA_APP": 0.0, "AREA_RL": 0.0, "FORA_UC": 0.0, "FORA_TI": 0.0, "FORA_APP": 0.0, "FORA_RL": 0.0, "SITUACAO": "EMBARGADA" }, "geometry": { "type": "MultiPolygon", "coordinates": [ [ [ [ -36.535678271550005, -10.005287040573133 ], [ -36.535679902959281, -10.005122268236219 ], [ -36.53566358886652, -10.005042329181675 ], [ -36.535666851685072, -10.004990124084831 ], [ -36.535660326047967, -10.004962390127133 ], [ -36.535648906183035, -10.004939550397262 ], [ -36.53562280363461, -10.004902027983906 ], [ -36.535611269148596, -10.004886944425271 ], [ -36.535602, -10.004743 ], [ -36.535336, -10.00451 ], [ -36.535211, -10.004396 ], [ -36.535232237859184, -10.004415368927573 ], [ -36.535232896817547, -10.004399553926778 ], [ -36.535193742994913, -10.004291880914536 ], [ -36.535152957763003, -10.00424457004552 ], [ -36.535104015484713, -10.004211941859992 ], [ -36.535043653341489, -10.00416789380953 ], [ -36.535002868109579, -10.004145054079661 ], [ -36.534950663012737, -10.004133634214726 ], [ -36.534898457915887, -10.004128739986896 ], [ -36.53485930409326, -10.004143422670385 ], [ -36.534821781679902, -10.004166262400254 ], [ -36.534802204768582, -10.004180945083741 ], [ -36.534727975646582, -10.004220098906391 ], [ -36.534646405182762, -10.004259252729025 ], [ -36.534496315529339, -10.004220098906385 ], [ -36.534281150598886, -10.004274762665675 ], [ -36.53412435421432, -10.004278829640334 ], [ -36.534010155564978, -10.004340823192837 ], [ -36.534068886298925, -10.004451759023633 ], [ -36.534068886298925, -10.004526803850347 ], [ -36.533918796645494, -10.004539855124557 ], [ -36.533716501895221, -10.004474598753502 ], [ -36.533510944326395, -10.00443870774942 ], [ -36.533364117491523, -10.004340823192837 ], [ -36.533211, -10.004207 ], [ -36.533213526517102, -10.004202227689918 ], [ -36.533203423677726, -10.004202153404334 ], [ -36.533054965433571, -10.004076534890052 ], [ -36.532909770007976, -10.003929708055177 ], [ -36.532823305316327, -10.003830192089316 ], [ -36.532852670683297, -10.003755147262602 ], [ -36.532903244370871, -10.003729044714181 ], [ -36.532979920606856, -10.003729044714181 ], [ -36.533089225028377, -10.00375188444405 ], [ -36.53316100703654, -10.003756778671878 ], [ -36.533206686496278, -10.003737201760561 ], [ -36.533232789044703, -10.003647474250361 ], [ -36.533213212133383, -10.003551221103054 ], [ -36.533157744217988, -10.003445179500087 ], [ -36.533092487846929, -10.003366871854821 ], [ -36.533017443020221, -10.00318578542514 ], [ -36.532963606514095, -10.003045484227371 ], [ -36.532970132151199, -10.00297859644704 ], [ -36.532911401417252, -10.002929654168748 ], [ -36.532885298868827, -10.002869292025521 ], [ -36.532899981552319, -10.002831769612165 ], [ -36.532929346919289, -10.002821981156506 ], [ -36.53295708087699, -10.002831769612165 ], [ -36.5329978661089, -10.002838295249269 ], [ -36.533022337248049, -10.002787721561701 ], [ -36.533023968657325, -10.002740410692686 ], [ -36.533084330800556, -10.002707782507157 ], [ -36.533138167306674, -10.002653946001036 ], [ -36.533198529449898, -10.002595215267087 ], [ -36.533355144740433, -10.002489173664122 ], [ -36.533542756807222, -10.002388026288987 ], [ -36.533728737464727, -10.002237936635559 ], [ -36.533906561075852, -10.002140052078976 ], [ -36.53401749690665, -10.002063375842987 ], [ -36.534196951927058, -10.001632683794019 ], [ -36.534231211521863, -10.001575584469345 ], [ -36.534285048027982, -10.001445071727234 ], [ -36.534340515943377, -10.001391235221114 ], [ -36.53437151271963, -10.001342292942821 ], [ -36.534327464669168, -10.001317821803676 ], [ -36.534250788433177, -10.001262353888279 ], [ -36.534242631386796, -10.001211780200711 ], [ -36.534288310846534, -10.001122052690508 ], [ -36.53436335567325, -10.001038850817412 ], [ -36.534578701697733, -10.000986645720568 ], [ -36.534859304093274, -10.000846344522799 ], [ -36.534871539662916, -10.00074193432912 ], [ -36.534936796033968, -10.00061142158701 ], [ -36.534966161400945, -10.000454806296476 ], [ -36.535253289433591, -10.000275351276073 ], [ -36.535612199474393, -10.00020030644936 ], [ -36.535788391676249, -10.00021335772357 ], [ -36.535922167236912, -10.000386287106869 ], [ -36.535990686426523, -10.000340607647129 ], [ -36.536000474882186, -10.000175835310213 ], [ -36.536659564229851, -10.000317767917256 ], [ -36.536865121798677, -10.000445017840816 ], [ -36.536995634540787, -10.000598370312796 ], [ -36.53712941010145, -10.000624472861219 ], [ -36.537315390758955, -10.000585319038585 ], [ -36.537514422690677, -10.00043849220371 ], [ -36.537609044428706, -10.000327556372914 ], [ -36.537791762267666, -10.000309610870877 ], [ -36.537987531380828, -10.000407495427462 ], [ -36.538163723582677, -10.000381392879039 ], [ -36.538339915784533, -10.000263931411139 ], [ -36.538339915784533, -10.000175835310214 ], [ -36.538088678755969, -9.999878918821912 ], [ -36.538069101844648, -9.999777771446775 ], [ -36.538144146671357, -9.999650521523217 ], [ -36.538049524933328, -9.999484117777024 ], [ -36.538033210840567, -9.999366656309125 ], [ -36.537974480106612, -9.999294874300963 ], [ -36.538000582655037, -9.999210041018591 ], [ -36.53800384547359, -9.999056688546611 ], [ -36.537687352073974, -9.998831554066468 ], [ -36.537396961222775, -9.998870707889102 ], [ -36.536754185967872, -9.999082791095033 ], [ -36.536666089866948, -9.998955541171476 ], [ -36.536339808011675, -9.999275297389644 ], [ -36.536007000519291, -9.99956242542229 ], [ -36.535700295575332, -9.999764720172562 ], [ -36.535367488082947, -9.999940912374413 ], [ -36.535047731864772, -10.000019220019679 ], [ -36.534537916465801, -10.000237828862755 ], [ -36.534087647505523, -10.000551059443817 ], [ -36.533663481093669, -10.000942597670146 ], [ -36.533095750665488, -10.001640840840436 ], [ -36.532377930583884, -10.002574006946521 ], [ -36.532162584559408, -10.002821981156529 ], [ -36.532240892204669, -10.003037327181012 ], [ -36.532495392051779, -10.003417445542409 ], [ -36.532691161164941, -10.003774724173931 ], [ -36.532837987999812, -10.003947653557226 ], [ -36.533023968657325, -10.00415321112605 ], [ -36.533167532673644, -10.004280461049607 ], [ -36.533350250512598, -10.00441423661027 ], [ -36.533555808081417, -10.004567589082249 ], [ -36.533699372097743, -10.004681787731595 ], [ -36.533878827118144, -10.004789460743837 ], [ -36.534012602678807, -10.004871031207655 ], [ -36.534345410171184, -10.005105954143453 ], [ -36.534660272161524, -10.005342508488527 ], [ -36.534838095772649, -10.005481178277018 ], [ -36.535014287974505, -10.005632899339721 ], [ -36.535105646893982, -10.005737309533409 ], [ -36.535112172531086, -10.005799303085912 ], [ -36.535020813611609, -10.006161475945266 ], [ -36.535001236700289, -10.006225100907045 ], [ -36.535002868109565, -10.006257729092573 ], [ -36.535022445020886, -10.006257729092573 ], [ -36.535042021932199, -10.006252834864743 ], [ -36.535063230252796, -10.006247940636914 ], [ -36.535084438573385, -10.006239783590532 ], [ -36.535123592396019, -10.00623652077198 ], [ -36.53515132635372, -10.006233257953427 ], [ -36.535174166083586, -10.006247940636914 ], [ -36.535210057087667, -10.006260991911125 ], [ -36.535263893593786, -10.006282200231718 ], [ -36.535294890370039, -10.006301777143035 ], [ -36.535298153188592, -10.00632135405435 ], [ -36.535312835872077, -10.006349088012049 ], [ -36.535320992918464, -10.006368664923366 ], [ -36.535347095466882, -10.006391504653235 ], [ -36.535391143517337, -10.006424132838763 ], [ -36.535391143517337, -10.00644370975008 ], [ -36.535396037745166, -10.00647960075416 ], [ -36.535409089019375, -10.006510597530411 ], [ -36.535423771702867, -10.00660521926844 ], [ -36.535427034521419, -10.006647635909626 ], [ -36.535436822977076, -10.006662318593113 ], [ -36.535441717204904, -10.006668844230219 ], [ -36.535474345390433, -10.006704735234299 ], [ -36.535557547263522, -10.006704735234299 ], [ -36.535644011955171, -10.006704735234299 ], [ -36.535803890064258, -10.006639478863246 ], [ -36.535891986165183, -10.006572591082914 ], [ -36.536032287362957, -10.006530174441728 ], [ -36.536185639834933, -10.006482863572714 ], [ -36.536340623716193, -10.006450235387186 ], [ -36.536417299952177, -10.006380084788303 ], [ -36.53651029028093, -10.006213681042112 ], [ -36.536578809470555, -10.006044014477366 ], [ -36.536725636305427, -10.005993440789798 ], [ -36.536869200321753, -10.005964075422824 ], [ -36.536877357368134, -10.0059657068321 ], [ -36.536896934279447, -10.005949392739335 ], [ -36.536906722735111, -10.005923290190914 ], [ -36.536906722735111, -10.005887399186832 ], [ -36.536923036827872, -10.005856402410581 ], [ -36.536936088102081, -10.005849876773476 ], [ -36.536952402194849, -10.005851508182753 ], [ -36.536976873333991, -10.005869453684793 ], [ -36.536988293198931, -10.005887399186832 ], [ -36.537091071983355, -10.005902081870332 ], [ -36.537604965905416, -10.005869453684804 ], [ -36.537621279998184, -10.005804197313747 ], [ -36.537699587643452, -10.005628005111898 ], [ -36.537735478647527, -10.005606796791305 ], [ -36.537711007508385, -10.005513806462551 ], [ -36.537714270326937, -10.005440393045111 ], [ -36.53768490495996, -10.005362085399845 ], [ -36.537715901736213, -10.005290303391684 ], [ -36.537751792740295, -10.005190787425823 ], [ -36.537715901736213, -10.005107585552727 ], [ -36.537712638917661, -10.00502112086108 ], [ -36.53773384723825, -10.004916710667391 ], [ -36.537756686968123, -10.004792723562385 ], [ -36.537764844014497, -10.004658948001723 ], [ -36.537733847238243, -10.00449254425553 ], [ -36.537724058782594, -10.004396291108224 ], [ -36.537678379322855, -10.004353874467037 ], [ -36.537604965905423, -10.004339191783551 ], [ -36.537559286445678, -10.004344086011379 ], [ -36.537453244842716, -10.004313089235128 ], [ -36.537342309011919, -10.004293512323812 ], [ -36.537311312235673, -10.004295143733088 ], [ -36.537291735324352, -10.00432124628151 ], [ -36.537290103915076, -10.004340823192827 ], [ -36.537304786598561, -10.004383239834013 ], [ -36.537321100691329, -10.004424025065923 ], [ -36.537334151965538, -10.004455021842174 ], [ -36.537343940421195, -10.004490912846254 ], [ -36.5373504660583, -10.004531698078164 ], [ -36.537352097467583, -10.004554537808033 ], [ -36.537363517332516, -10.004593691630667 ], [ -36.537379831425277, -10.00461489995126 ], [ -36.537397776927321, -10.004658948001723 ], [ -36.537392882699486, -10.004707890280015 ], [ -36.537356991695411, -10.004735624237712 ], [ -36.537325994919158, -10.004758463967583 ], [ -36.537296629552181, -10.004795986380939 ], [ -36.537272158413039, -10.004826983157191 ], [ -36.537237898818233, -10.004884082481865 ], [ -36.537231373181129, -10.004973809992068 ], [ -36.53729989237074, -10.005081483004309 ], [ -36.537325994919158, -10.005128793873324 ], [ -36.53734883464903, -10.00517610474234 ], [ -36.537347203239754, -10.00521688997425 ], [ -36.537334151965545, -10.005259306615436 ], [ -36.537314575054225, -10.005291934800963 ], [ -36.537286841096531, -10.005321300167939 ], [ -36.537255844320278, -10.00535229694419 ], [ -36.537224847544024, -10.005366979627677 ], [ -36.537188956539943, -10.005368611036953 ], [ -36.537159591172973, -10.005365348218401 ], [ -36.537138382852376, -10.005360453990571 ], [ -36.537117174531787, -10.005350665534912 ], [ -36.537037235477236, -10.005264200843264 ], [ -36.537012764338094, -10.005238098294841 ], [ -36.53697361051546, -10.005210364337144 ], [ -36.536958927831968, -10.005208732927866 ], [ -36.536936088102102, -10.005231572657737 ], [ -36.536911616962954, -10.005272357889647 ], [ -36.536905091325849, -10.005322931577213 ], [ -36.536914879781506, -10.005352296944189 ], [ -36.53693282528355, -10.005389819357546 ], [ -36.53692466823717, -10.005425710361626 ], [ -36.536919774009341, -10.005435498817285 ], [ -36.536900197098021, -10.005442024454391 ], [ -36.536870831731044, -10.005433867408009 ], [ -36.536847992001178, -10.005422447543074 ], [ -36.536823520862029, -10.00541918472452 ], [ -36.536785998448671, -10.005433867408009 ], [ -36.536746844626038, -10.005448550091495 ], [ -36.53672074207762, -10.00546486418426 ], [ -36.536706059394128, -10.005468127002812 ], [ -36.536683219664262, -10.005473021230642 ], [ -36.536670168390053, -10.005473021230642 ], [ -36.536653854297285, -10.00546486418426 ], [ -36.536626120339591, -10.005458338547154 ], [ -36.536593492154061, -10.005481178277023 ], [ -36.536580440879845, -10.005495860960512 ], [ -36.536503764643861, -10.005523594918209 ], [ -36.536462979411951, -10.005574168605778 ], [ -36.536448296728466, -10.005588851289266 ], [ -36.536415668542936, -10.005621479474794 ], [ -36.536400985859451, -10.005636162158281 ], [ -36.536384671766683, -10.005644319204663 ], [ -36.536384671766683, -10.005634530749004 ], [ -36.536379777538855, -10.005614953837688 ], [ -36.536368357673922, -10.005600271154201 ], [ -36.536358569218265, -10.005590482698542 ], [ -36.536345517944049, -10.005575800015054 ], [ -36.536329203851288, -10.005552960285184 ], [ -36.536321046804908, -10.005531751964591 ], [ -36.536334098079116, -10.005495860960512 ], [ -36.536342255125497, -10.005482809686301 ], [ -36.536353674990437, -10.005451812910049 ], [ -36.536358569218265, -10.005427341770902 ], [ -36.536361832036818, -10.005396344994651 ], [ -36.53636509485537, -10.005378399492612 ], [ -36.536374883311026, -10.005357191172019 ], [ -36.536374883311026, -10.005314774530833 ], [ -36.53636509485537, -10.005287040573133 ], [ -36.536356937808989, -10.005278883526751 ], [ -36.536330835260564, -10.005283777754581 ], [ -36.536290050028654, -10.005298460438068 ], [ -36.536259053252401, -10.005296829028792 ], [ -36.536174219970029, -10.005308248893726 ], [ -36.536131803328843, -10.005304986075174 ], [ -36.536100806552589, -10.005296829028792 ], [ -36.536058389911403, -10.005296829028792 ], [ -36.536017604679493, -10.005296829028792 ], [ -36.53598660790324, -10.005296829028792 ], [ -36.53594582267133, -10.005295197619516 ], [ -36.535926245760017, -10.005295197619516 ], [ -36.535882197709554, -10.005309880303003 ], [ -36.535839781068368, -10.005322931577215 ], [ -36.535802258655011, -10.005345771307084 ], [ -36.535789207380802, -10.005352296944189 ], [ -36.535756579195272, -10.005362085399847 ], [ -36.535741081814621, -10.005359061520695 ], [ -36.535778, -10.00539 ], [ -36.53568249418236, -10.005309963434506 ], [ -36.535678271550005, -10.005287040573133 ] ] ], [ [ [ -36.530704104666327, -10.000614684405548 ], [ -36.530358245899727, -9.99989033868683 ], [ -36.528824721179916, -10.000190517993685 ], [ -36.528792092994394, -9.999658678569585 ], [ -36.528618575907906, -9.999649625504205 ], [ -36.528530251805549, -9.999409888654943 ], [ -36.528464995434497, -9.999201068267565 ], [ -36.528412790337647, -9.999050978614136 ], [ -36.528327957055275, -9.998979196605976 ], [ -36.528230072498694, -9.998959619694659 ], [ -36.528099559756583, -9.999070555525453 ], [ -36.527995149562891, -9.999233696453093 ], [ -36.527923367554735, -9.999364209195203 ], [ -36.527910316280519, -9.999403363017837 ], [ -36.527845059909467, -9.999488196300209 ], [ -36.527714547167356, -9.99954692703416 ], [ -36.527610136973664, -9.999612183405215 ], [ -36.527394790949181, -9.999586080856792 ], [ -36.527205547473123, -9.999533875759948 ], [ -36.527127239827855, -9.999488196300209 ], [ -36.527120714190751, -9.999422939929154 ], [ -36.527238175658653, -9.999409888654943 ], [ -36.527388265312076, -9.999409888654943 ], [ -36.52742741913471, -9.999344632283886 ], [ -36.527381739674972, -9.999259799001514 ], [ -36.527251226932862, -9.999233696453093 ], [ -36.527172919287594, -9.999246747727303 ], [ -36.527127239827855, -9.999246747727303 ], [ -36.527081560368117, -9.999174965719142 ], [ -36.527120714190751, -9.999070555525453 ], [ -36.527159868013385, -9.998966145331764 ], [ -36.527212073110228, -9.998907414597815 ], [ -36.52726427820707, -9.998887837686498 ], [ -36.527388265312076, -9.998926991509132 ], [ -36.527512252417083, -9.999024876065715 ], [ -36.527544880602612, -9.999116234985193 ], [ -36.527544880602612, -9.999188016993353 ], [ -36.527518778054187, -9.999227170815987 ], [ -36.527538354965507, -9.999279375912831 ], [ -36.527584034425246, -9.999338106646782 ], [ -36.527642765159193, -9.999338106646782 ], [ -36.527871162457892, -9.999201068267565 ], [ -36.52807998284527, -9.998940042783342 ], [ -36.528575931265287, -9.998555030194114 ], [ -36.528778226015561, -9.998424517452003 ], [ -36.52924807188716, -9.998019927951457 ], [ -36.525384894720673, -9.999057504251242 ], [ -36.525711176575946, -9.999573029582582 ], [ -36.52607661225386, -9.999586080856792 ], [ -36.526383317197819, -9.99954692703416 ], [ -36.526690022141786, -9.999540401397054 ], [ -36.526931470714686, -9.999494721937316 ], [ -36.526951047626007, -9.999638285953637 ], [ -36.526879265617843, -9.999742696147326 ], [ -36.526820534883896, -9.999834055066804 ], [ -36.526722650327308, -9.999886260163649 ], [ -36.526618240133622, -9.999925413986281 ], [ -36.526526881214146, -9.999938465260493 ], [ -36.526455099205982, -9.999964567808915 ], [ -36.526461624843087, -10.000023298542866 ], [ -36.526507304302825, -10.000049401091287 ], [ -36.52656603503678, -10.000108131825238 ], [ -36.526663919593361, -10.000297375301299 ], [ -36.526637302880403, -10.000612339737934 ], [ -36.526672076639734, -10.000550243739131 ], [ -36.526580717720257, -10.000713384666771 ], [ -36.526404525518402, -10.001033140884942 ], [ -36.526234858953657, -10.001235435635214 ], [ -36.526234858953657, -10.001294166369165 ], [ -36.526313166598925, -10.001372474014431 ], [ -36.52645020497814, -10.001613922587337 ], [ -36.526598663222302, -10.002010355041502 ], [ -36.526779749651979, -10.00237742212869 ], [ -36.527034249499096, -10.002411681723494 ], [ -36.527479624231553, -10.002460624001786 ], [ -36.527944575875324, -10.002452466955404 ], [ -36.528270857730604, -10.002424732997705 ], [ -36.528600402404429, -10.002361108035922 ], [ -36.528740703602196, -10.002387210584345 ], [ -36.529174658469714, -10.002511197689351 ], [ -36.529328010941697, -10.002566665604748 ], [ -36.529515623008486, -10.002605819427382 ], [ -36.52979622540402, -10.002615607883039 ], [ -36.530117613031472, -10.002602556608828 ], [ -36.530241600136478, -10.002592768153169 ], [ -36.53048957434649, -10.002749383443703 ], [ -36.530522202532012, -10.002706966802517 ], [ -36.53048957434649, -10.002680864254096 ], [ -36.530466734616617, -10.002654761705672 ], [ -36.530453683342408, -10.002618870701593 ], [ -36.530460208979513, -10.002586242516065 ], [ -36.530486311527937, -10.00253403741922 ], [ -36.530580933265966, -10.0024524669554 ], [ -36.530597247358727, -10.002354582398818 ], [ -36.530729391510114, -10.002144130602161 ], [ -36.53093494907894, -10.001961412763206 ], [ -36.531252258183194, -10.001750145261916 ], [ -36.530704104666327, -10.000614684405548 ] ] ] ] } },
{ "type": "Feature", "properties": { "fid": 256.0, "LAT_GD": -9.994803, "LONG_GD": -36.566528, "IMG_ANTES": "08/2020", "IMG_DEPOIS": "01/2023", "BIOMA": "Caatinga", "COD_CAR": "AL-2708808-1097294767AD401B999368BF13D7EA27", "N_IMOVEL": "POVOADO CANA BRAVA", "NM_MUN": "São Sebastião", "ORGAO": "-", "OPERACAO": "XIV FPI - 2024", "PERIODO": "-", "N_PROCESSO": "2024.27110550865.AINF.IMA", "DATA_AI": "2024-11-27", "MOTIVO": "DESMATAMENTO", "AI": "SERIE A - TALAO 0028 - FOLHA 02168", "TE": "SERIE C - TALAO 0011 - FOLHA 02880", "AI_APP": "-", "TE_APP": "-", "AI_RL": "-", "TE_RL": "-", "AREA_UTM": 3.1, "AREA_UC": 0.0, "AREA_TI": 0.0, "AREA_APP": 0.0, "AREA_RL": 0.0, "FORA_UC": 0.0, "FORA_TI": 0.0, "FORA_APP": 0.0, "FORA_RL": 0.0, "SITUACAO": "EMBARGADA" }, "geometry": { "type": "MultiPolygon", "coordinates": [ [ [ [ -36.566643, -9.995898 ], [ -36.566905, -9.995708 ], [ -36.567018, -9.995609 ], [ -36.567368, -9.995267 ], [ -36.567456, -9.994777 ], [ -36.567337, -9.994578 ], [ -36.567104, -9.994393 ], [ -36.567111, -9.994259 ], [ -36.566769, -9.993796 ], [ -36.566679, -9.993853 ], [ -36.566618, -9.993885 ], [ -36.566432021783918, -9.993728525353372 ], [ -36.566151327027697, -9.993970234726801 ], [ -36.565660111204302, -9.994453653473622 ], [ -36.565369, -9.994636 ], [ -36.565576, -9.994785 ], [ -36.565649, -9.994975 ], [ -36.566238, -9.995503 ], [ -36.566309, -9.995689 ], [ -36.566456, -9.99582 ], [ -36.566561, -9.995896 ], [ -36.566643, -9.995898 ] ] ] ] } },
{ "type": "Feature", "properties": { "fid": 257.0, "LAT_GD": -10.006168, "LONG_GD": -36.586395, "IMG_ANTES": "08/2020", "IMG_DEPOIS": "01/2023", "BIOMA": "Caatinga", "COD_CAR": "AL-2708808-4B96B9C43E6E4400BFB95EE7EA6C5650", "N_IMOVEL": "FAZENDA RECANTO", "NM_MUN": "São Sebastião", "ORGAO": "-", "OPERACAO": "XIV FPI - 2024", "PERIODO": "-", "N_PROCESSO": "2024.25111787712.AINF.IMA", "DATA_AI": "2024-11-25", "MOTIVO": "DESMATAMENTO", "AI": "2024.25114066466.UCS.AINF", "TE": "SERIE C - TALAO 0049 - FOLHA 04773", "AI_APP": "-", "TE_APP": "-", "AI_RL": "-", "TE_RL": "-", "AREA_UTM": 10.41, "AREA_UC": 0.0, "AREA_TI": 0.0, "AREA_APP": 0.0, "AREA_RL": 0.0, "FORA_UC": 0.0, "FORA_TI": 0.0, "FORA_APP": 0.0, "FORA_RL": 0.0, "SITUACAO": "EMBARGADA" }, "geometry": { "type": "MultiPolygon", "coordinates": [ [ [ [ -36.585591594845766, -10.005553608874612 ], [ -36.585208194606295, -10.005448141200224 ], [ -36.584212517558342, -10.006699608859542 ], [ -36.584397539972528, -10.006902107691463 ], [ -36.584413336099374, -10.007165020087243 ], [ -36.585003392113144, -10.007303581751714 ], [ -36.585148391196967, -10.007977524385566 ], [ -36.5856992135827, -10.008210074910277 ], [ -36.588052247654545, -10.006052513872655 ], [ -36.588734387084322, -10.005572767747259 ], [ -36.587507887407824, -10.004192952718778 ], [ -36.586321262708793, -10.004921976391243 ], [ -36.585591594845766, -10.005553608874612 ], [ -36.585591594845766, -10.005553608874612 ] ] ] ] } },
{ "type": "Feature", "properties": { "fid": 258.0, "LAT_GD": -9.883623, "LONG_GD": -36.749788, "IMG_ANTES": "10/2021", "IMG_DEPOIS": "01/2024", "BIOMA": "Caatinga", "COD_CAR": "AL-2702603-02FE6B50D95B4983AF1B9A3FB378E5A5", "N_IMOVEL": "FAZENDA SAO JOSE", "NM_MUN": "Campo Grande e Feira Grande", "ORGAO": "-", "OPERACAO": "XIV FPI - 2024", "PERIODO": "-", "N_PROCESSO": "2024.27114209254.AINF.IMA", "DATA_AI": "2024-11-27", "MOTIVO": "DESMATAMENTO", "AI": "SERIE A - TALAO 0028 - FOLHA 02167", "TE": "SERIE C - TALAO 0011 - FOLHA 02879", "AI_APP": "-", "TE_APP": "-", "AI_RL": "-", "TE_RL": "-", "AREA_UTM": 26.41, "AREA_UC": 0.0, "AREA_TI": 0.0, "AREA_APP": 0.0, "AREA_RL": 0.0, "FORA_UC": 0.0, "FORA_TI": 0.0, "FORA_APP": 0.0, "FORA_RL": 0.0, "SITUACAO": "EMBARGADA" }, "geometry": { "type": "MultiPolygon", "coordinates": [ [ [ [ -36.751655474048214, -9.881509100937409 ], [ -36.751368588529637, -9.881447228178757 ], [ -36.750579477482688, -9.881251797410876 ], [ -36.750511322255349, -9.880632753368275 ], [ -36.749223736444122, -9.880804807138608 ], [ -36.747936268528228, -9.880690407898424 ], [ -36.747250125790785, -9.881376550635855 ], [ -36.748552237576611, -9.884893032165245 ], [ -36.74872377326097, -9.884783873093374 ], [ -36.748926497251581, -9.885220509380837 ], [ -36.7489420914047, -9.88554798659643 ], [ -36.748162383748522, -9.887684385574365 ], [ -36.749409915998413, -9.888682411374289 ], [ -36.749441104304658, -9.887434879124394 ], [ -36.750111652888975, -9.886265317640115 ], [ -36.751140866995136, -9.885158132768336 ], [ -36.752372805091902, -9.883661094068476 ], [ -36.75236169565418, -9.882570754000312 ], [ -36.752419587551273, -9.882382373512337 ], [ -36.752302631402848, -9.882086084602982 ], [ -36.752076516182555, -9.881875563535807 ], [ -36.751655474048214, -9.881509100937409 ] ] ] ] } },
{ "type": "Feature", "properties": { "fid": 259.0, "LAT_GD": -10.007464, "LONG_GD": -36.711308, "IMG_ANTES": "01/2023", "IMG_DEPOIS": "01/2024", "BIOMA": "Caatinga", "COD_CAR": "AL-2707503-ABA4C7E4C94C456489C786EA821E4846", "N_IMOVEL": "POCO DA GROTA", "NM_MUN": "Campo Grande e Porto Real do Colégio", "ORGAO": "-", "OPERACAO": "XIV FPI - 2024", "PERIODO": "-", "N_PROCESSO": "\n2024.26113879616.AINF.IMA", "DATA_AI": "2024-11-26", "MOTIVO": "DESMATAMENTO", "AI": "2024.26113376264.UCS.AINF", "TE": "SERIE C - TALAO 0011 - FOLHA 02877", "AI_APP": "-", "TE_APP": "-", "AI_RL": "-", "TE_RL": "-", "AREA_UTM": 43.85, "AREA_UC": 0.0, "AREA_TI": 0.0, "AREA_APP": 0.0, "AREA_RL": 0.0, "FORA_UC": 0.0, "FORA_TI": 0.0, "FORA_APP": 0.0, "FORA_RL": 0.0, "SITUACAO": "EMBARGADA" }, "geometry": { "type": "MultiPolygon", "coordinates": [ [ [ [ -36.706089358620957, -10.009513706852802 ], [ -36.708975, -10.008859 ], [ -36.708967, -10.00838 ], [ -36.709461, -10.008003 ], [ -36.710126, -10.007317 ], [ -36.7085, -10.00616 ], [ -36.708503, -10.00573 ], [ -36.709286, -10.006394 ], [ -36.709988, -10.006783 ], [ -36.710438, -10.007268 ], [ -36.71117, -10.006595 ], [ -36.710587, -10.00551 ], [ -36.710841, -10.005407 ], [ -36.71112, -10.006046 ], [ -36.711545, -10.006456 ], [ -36.711986, -10.006242 ], [ -36.712135, -10.00589 ], [ -36.71171, -10.004609 ], [ -36.71122, -10.004606 ], [ -36.710299, -10.005014 ], [ -36.709893, -10.005279 ], [ -36.70919, -10.005173 ], [ -36.708367, -10.005306 ], [ -36.707493, -10.005615 ], [ -36.707011, -10.006022 ], [ -36.705559157414754, -10.006722353443676 ], [ -36.706089358620957, -10.009513706852802 ] ] ], [ [ [ -36.71633, -10.005589 ], [ -36.715979, -10.005512 ], [ -36.715017, -10.005771 ], [ -36.714683, -10.006184 ], [ -36.71425, -10.006269 ], [ -36.713983, -10.005744 ], [ -36.710849, -10.007686 ], [ -36.710237, -10.007695 ], [ -36.709272, -10.008436 ], [ -36.709303, -10.008718 ], [ -36.710253, -10.008228 ], [ -36.711403, -10.009541 ], [ -36.711671, -10.010088 ], [ -36.71186, -10.010911 ], [ -36.712803, -10.010126 ], [ -36.71281, -10.009667 ], [ -36.713233, -10.009564 ], [ -36.713912, -10.009775 ], [ -36.7141, -10.009449 ], [ -36.714509, -10.009095 ], [ -36.714662, -10.009501 ], [ -36.717377, -10.007227 ], [ -36.71633, -10.005589 ] ] ] ] } },
{ "type": "Feature", "properties": { "fid": 260.0, "LAT_GD": -10.056664, "LONG_GD": -36.87172, "IMG_ANTES": "10/2021", "IMG_DEPOIS": "09/2024", "BIOMA": "Caatinga", "COD_CAR": "AL-2708204-459E559F49674607BAB29511E182C76D", "N_IMOVEL": "FAZENDA BARRA VERDE", "NM_MUN": "Olho d'Água Grande", "ORGAO": "-", "OPERACAO": "XIV FPI - 2024", "PERIODO": "-", "N_PROCESSO": "2024.21111515559.AINF.IMA", "DATA_AI": "2024-11-20", "MOTIVO": "DESMATAMENTO", "AI": "2024.21113743566.UCS.AINF", "TE": "SERIE C - TALAO 0049 - FOLHA 04764", "AI_APP": "-", "TE_APP": "-", "AI_RL": "-", "TE_RL": "-", "AREA_UTM": 4.86, "AREA_UC": 0.0, "AREA_TI": 0.0, "AREA_APP": 0.0, "AREA_RL": 0.0, "FORA_UC": 0.0, "FORA_TI": 0.0, "FORA_APP": 0.0, "FORA_RL": 0.0, "SITUACAO": "EMBARGADA" }, "geometry": { "type": "MultiPolygon", "coordinates": [ [ [ [ -36.872116224483378, -10.055180698345866 ], [ -36.870898609542927, -10.055430465513147 ], [ -36.871023493126565, -10.056054883431313 ], [ -36.871226428949967, -10.056897847620858 ], [ -36.870664452823611, -10.057007120756548 ], [ -36.870758115511336, -10.057740811810412 ], [ -36.871320091637699, -10.057662759570636 ], [ -36.871476196117243, -10.058115462561322 ], [ -36.871757184180424, -10.058162293905172 ], [ -36.872303549858827, -10.057928137185863 ], [ -36.872225497619056, -10.057444213299275 ], [ -36.872646979713828, -10.057334940163594 ], [ -36.872506485682237, -10.05594561029565 ], [ -36.872116224483378, -10.055180698345866 ] ] ] ] } },
{ "type": "Feature", "properties": { "fid": 261.0, "LAT_GD": -10.085314, "LONG_GD": -36.884569, "IMG_ANTES": "10/2021", "IMG_DEPOIS": "09/2024", "BIOMA": "Caatinga", "COD_CAR": "AL-2708204-4191D8EF8B174D8AB79606A0B3E32F5D", "N_IMOVEL": "FAZENDA SOLAR", "NM_MUN": "São Brás", "ORGAO": "-", "OPERACAO": "XIV FPI - 2024", "PERIODO": "-", "N_PROCESSO": "2024.21114744886.AINF.IMA", "DATA_AI": "2024-11-21", "MOTIVO": "DESMATAMENTO", "AI": "SERIE A - TALAO 0028 - FOLHA 02163", "TE": "SERIE C - TALAO 0011 - FOLHA 02864", "AI_APP": "-", "TE_APP": "-", "AI_RL": "-", "TE_RL": "-", "AREA_UTM": 16.44, "AREA_UC": 0.0, "AREA_TI": 0.0, "AREA_APP": 0.0, "AREA_RL": 0.0, "FORA_UC": 0.0, "FORA_TI": 0.0, "FORA_APP": 0.0, "FORA_RL": 0.0, "SITUACAO": "EMBARGADA" }, "geometry": { "type": "MultiPolygon", "coordinates": [ [ [ [ -36.881802507439147, -10.088813408463805 ], [ -36.882083495502329, -10.088516809952669 ], [ -36.881630792511643, -10.087986054722224 ], [ -36.8814746880321, -10.086815271125642 ], [ -36.881583961167784, -10.086752829333809 ], [ -36.881849338783006, -10.086940154709263 ], [ -36.882223989533912, -10.086940154709275 ], [ -36.882864017900054, -10.0868621024695 ], [ -36.883020122379598, -10.087189921876536 ], [ -36.883504046266182, -10.087127480084725 ], [ -36.884222126872089, -10.086784050229733 ], [ -36.885314858228902, -10.085753760664733 ], [ -36.88597049704299, -10.085738150216772 ], [ -36.886313926897991, -10.085644487529043 ], [ -36.886407589585716, -10.085769371112685 ], [ -36.887874971693442, -10.084567366620183 ], [ -36.886407589585716, -10.082553618834055 ], [ -36.880584892498696, -10.087174311428592 ], [ -36.881802507439147, -10.088813408463805 ] ] ] ] } },
{ "type": "Feature", "properties": { "fid": 262.0, "LAT_GD": -9.969433, "LONG_GD": -36.614576, "IMG_ANTES": "10/2021", "IMG_DEPOIS": "01/2024", "BIOMA": "Caatinga", "COD_CAR": "AL-2708808-97DCB9F7DCE54CBDA0A6BBB0AA6470C0", "N_IMOVEL": "FAZENDA SANTA LUZIA", "NM_MUN": "São Sebastião", "ORGAO": "-", "OPERACAO": "XIV FPI - 2024", "PERIODO": "-", "N_PROCESSO": "2024.25115245986.AINF.IMA", "DATA_AI": "2024-11-25", "MOTIVO": "DESMATAMENTO", "AI": "2024.25111982681.UCS.AINF", "TE": "SERIE C - TALAO 0011 - FOLHA 02876", "AI_APP": "-", "TE_APP": "-", "AI_RL": "-", "TE_RL": "-", "AREA_UTM": 20.45, "AREA_UC": 0.0, "AREA_TI": 0.0, "AREA_APP": 0.0, "AREA_RL": 0.0, "FORA_UC": 0.0, "FORA_TI": 0.0, "FORA_APP": 0.0, "FORA_RL": 0.0, "SITUACAO": "EMBARGADA" }, "geometry": { "type": "MultiPolygon", "coordinates": [ [ [ [ -36.614762200852319, -9.973514604366882 ], [ -36.615432749436636, -9.970458150354643 ], [ -36.61632161616469, -9.966637582839356 ], [ -36.615994138949098, -9.965857875183163 ], [ -36.615588690967876, -9.965717527805069 ], [ -36.614715418392954, -9.965655151192561 ], [ -36.613795363358655, -9.965686339498813 ], [ -36.613436697836818, -9.970793424646809 ], [ -36.613202785539961, -9.97405260264965 ], [ -36.613358727071201, -9.974192950027756 ], [ -36.614762200852319, -9.973514604366882 ] ] ] ] } },
{ "type": "Feature", "properties": { "fid": 263.0, "LAT_GD": -9.97986, "LONG_GD": -36.616682, "IMG_ANTES": "10/2021", "IMG_DEPOIS": "01/2024", "BIOMA": "Caatinga", "COD_CAR": "AL-2708808-0D7B5A3C93C64ACEBB159D0410AB1E53", "N_IMOVEL": "LAGOA DO MATO", "NM_MUN": "São Sebastião", "ORGAO": "-", "OPERACAO": "XIV FPI - 2024", "PERIODO": "-", "N_PROCESSO": "2024.25111960982.AINF.IMA", "DATA_AI": "2024-11-25", "MOTIVO": "DESMATAMENTO", "AI": "2024.25110585264.UCS.AINF", "TE": "SERIE C - TALAO 0011 - 02875", "AI_APP": "-", "TE_APP": "-", "AI_RL": "-", "TE_RL": "-", "AREA_UTM": 7.86, "AREA_UC": 0.0, "AREA_TI": 0.0, "AREA_APP": 0.0, "AREA_RL": 0.0, "FORA_UC": 0.0, "FORA_TI": 0.0, "FORA_APP": 0.0, "FORA_RL": 0.0, "SITUACAO": "EMBARGADA" }, "geometry": { "type": "MultiPolygon", "coordinates": [ [ [ [ -36.617288453658354, -9.980391625894393 ], [ -36.61806816131454, -9.980376031741283 ], [ -36.617743, -9.979393 ], [ -36.617584742567708, -9.978707457357048 ], [ -36.617210482892737, -9.977756214016505 ], [ -36.616695875839667, -9.978005720466488 ], [ -36.615479531896014, -9.979471570860106 ], [ -36.61549512604914, -9.981280492622439 ], [ -36.616259239552193, -9.981358463388062 ], [ -36.617179294586492, -9.981514404919311 ], [ -36.617662713333324, -9.981327275081819 ], [ -36.617288453658354, -9.980391625894393 ] ] ] ] } },
{ "type": "Feature", "properties": { "fid": 264.0, "LAT_GD": -10.104288, "LONG_GD": -36.864546, "IMG_ANTES": "08/2020", "IMG_DEPOIS": "09/2024", "BIOMA": "Caatinga", "COD_CAR": "AL-2708204-C4E98B6E6EBA4618AC5C5C4045776A1F", "N_IMOVEL": "FAZENDA TIMBOTO", "NM_MUN": "São Brás", "ORGAO": "-", "OPERACAO": "XIV FPI - 2024", "PERIODO": "-", "N_PROCESSO": "2024.22115502758.AINF.IMA", "DATA_AI": "2024-11-21", "MOTIVO": "DESMATAMENTO", "AI": "SERIE A - TALAO 0028 - FOLHA 02164", "TE": "SERIE C - TALAO 0011 - FOLHA 02865", "AI_APP": "-", "TE_APP": "-", "AI_RL": "-", "TE_RL": "-", "AREA_UTM": 19.75, "AREA_UC": 0.0, "AREA_TI": 0.0, "AREA_APP": 0.0, "AREA_RL": 0.0, "FORA_UC": 0.0, "FORA_TI": 0.0, "FORA_APP": 0.0, "FORA_RL": 0.0, "SITUACAO": "EMBARGADA" }, "geometry": { "type": "MultiPolygon", "coordinates": [ [ [ [ -36.864748505150885, -10.106631510555303 ], [ -36.865196502941302, -10.107273452784872 ], [ -36.866288093659961, -10.10694597556928 ], [ -36.867644784981707, -10.105215024572546 ], [ -36.867098989622377, -10.104840764897578 ], [ -36.866303687813073, -10.104684823366345 ], [ -36.865804674913122, -10.104372940303868 ], [ -36.865523980156894, -10.104107839700768 ], [ -36.865212097094421, -10.103873927403917 ], [ -36.865087343869433, -10.103452885269572 ], [ -36.86516531463505, -10.102829119144625 ], [ -36.865212097094421, -10.102018223182201 ], [ -36.864869025725703, -10.101675151813481 ], [ -36.864245259600743, -10.101176138913527 ], [ -36.863746246700792, -10.100926632463553 ], [ -36.86310688642272, -10.102486047775912 ], [ -36.862202425541554, -10.102423671163427 ], [ -36.861859354172836, -10.103562044341441 ], [ -36.862389555379039, -10.10374917417893 ], [ -36.862202425541568, -10.104638040906977 ], [ -36.863418769485207, -10.105137053806938 ], [ -36.863839811619549, -10.105402154410038 ], [ -36.864299845448215, -10.106202357112926 ], [ -36.864748505150885, -10.106631510555303 ] ] ] ] } },
{ "type": "Feature", "properties": { "fid": 265.0, "LAT_GD": -10.108258, "LONG_GD": -36.862732, "IMG_ANTES": "08/2020", "IMG_DEPOIS": "09/2024", "BIOMA": "Caatinga", "COD_CAR": "AL-2708204-C0BED523AF8C46A8844BC0938C5CEE7B", "N_IMOVEL": "FAZENDA TIMBOTO", "NM_MUN": "São Brás", "ORGAO": "-", "OPERACAO": "XIV FPI - 2024", "PERIODO": "-", "N_PROCESSO": "2024.21114802868.AINF.IMA", "DATA_AI": "2024-11-21", "MOTIVO": "DESMATAMENTO", "AI": "2024.21110980147.UCS.AINF", "TE": "SERIE C - TALAO 0011 - FOLHA 02868", "AI_APP": "-", "TE_APP": "-", "AI_RL": "-", "TE_RL": "-", "AREA_UTM": 13.88, "AREA_UC": 0.0, "AREA_TI": 0.0, "AREA_APP": 0.0, "AREA_RL": 0.0, "FORA_UC": 0.0, "FORA_TI": 0.0, "FORA_APP": 0.0, "FORA_RL": 0.0, "SITUACAO": "EMBARGADA" }, "geometry": { "type": "MultiPolygon", "coordinates": [ [ [ [ -36.863995753150775, -10.110220747725249 ], [ -36.863973, -10.109394 ], [ -36.864011347303915, -10.108520985034774 ], [ -36.863637087628945, -10.107086322947392 ], [ -36.863184857188358, -10.106649686659942 ], [ -36.863683870088323, -10.10580760239125 ], [ -36.863231639647729, -10.105511313481907 ], [ -36.862779409207143, -10.105246212878797 ], [ -36.86201529570409, -10.1049811122757 ], [ -36.861890542479095, -10.105246212878814 ], [ -36.86185935417285, -10.105604878400658 ], [ -36.861999701550964, -10.105885573156874 ], [ -36.862062078163454, -10.106197456219343 ], [ -36.86148509449788, -10.10703954048803 ], [ -36.861874948325962, -10.107351423550478 ], [ -36.861859354172843, -10.107834842297329 ], [ -36.861461703268191, -10.108411825962884 ], [ -36.861227790971334, -10.108450811345694 ], [ -36.8611732114354, -10.108520985034758 ], [ -36.861142023129155, -10.108637941183188 ], [ -36.86111083482291, -10.108957621322219 ], [ -36.861430514961938, -10.109168142389393 ], [ -36.86147729742131, -10.109285098537812 ], [ -36.861680021411921, -10.110228544801791 ], [ -36.862030889857202, -10.110314312643974 ], [ -36.862389555379046, -10.1105326307877 ], [ -36.86283398874307, -10.110906890462671 ], [ -36.863235538185997, -10.111043339302508 ], [ -36.863789130621889, -10.110969267075181 ], [ -36.863995753150775, -10.110220747725249 ] ] ] ] } },
{ "type": "Feature", "properties": { "fid": 266.0, "LAT_GD": -9.739817, "LONG_GD": -36.611201, "IMG_ANTES": "08/2020", "IMG_DEPOIS": "08/2024", "BIOMA": "Caatinga", "COD_CAR": "AL-2700300-16D0287AC2A24B15BE6BAE346C2DE372", "N_IMOVEL": "FAZENDA BELA VISTA", "NM_MUN": "Arapiraca", "ORGAO": "-", "OPERACAO": "XIV FPI - 2024", "PERIODO": "-", "N_PROCESSO": "2024.28110025341.AINF.IMA", "DATA_AI": "2024-11-28", "MOTIVO": "DESMATAMENTO", "AI": "2024.28112711443.UCS.AINF", "TE": "SERIE C - TALAO 0011 - FOLHA 02882", "AI_APP": "-", "TE_APP": "-", "AI_RL": "-", "TE_RL": "-", "AREA_UTM": 61.12, "AREA_UC": 0.0, "AREA_TI": 0.0, "AREA_APP": 0.0, "AREA_RL": 0.0, "FORA_UC": 0.0, "FORA_TI": 0.0, "FORA_APP": 0.0, "FORA_RL": 0.0, "SITUACAO": "EMBARGADA" }, "geometry": { "type": "MultiPolygon", "coordinates": [ [ [ [ -36.613266230820201, -9.736643373854172 ], [ -36.611614069997884, -9.734781784195224 ], [ -36.611090497906304, -9.734711974583016 ], [ -36.610532021008616, -9.734793419130581 ], [ -36.610237618027696, -9.735242579398143 ], [ -36.610089893464618, -9.735677674218596 ], [ -36.607594199828071, -9.737609073489757 ], [ -36.607797811197031, -9.739191424699857 ], [ -36.607704731714087, -9.74000587017566 ], [ -36.608036327372083, -9.741294439267703 ], [ -36.608222486337979, -9.742190329291079 ], [ -36.608408645303875, -9.742644091770449 ], [ -36.6090252968784, -9.743726140759705 ], [ -36.611061410567878, -9.744761650007504 ], [ -36.611806046431461, -9.744784919878239 ], [ -36.612283078781566, -9.744889634296561 ], [ -36.61448208156618, -9.744741288870612 ], [ -36.614179573246595, -9.743810494041135 ], [ -36.613621096348915, -9.743531255592293 ], [ -36.614644970661338, -9.742484111409142 ], [ -36.614551891178422, -9.741844189963869 ], [ -36.613528016865963, -9.741530046708926 ], [ -36.612725206325571, -9.741204268518606 ], [ -36.612085284880308, -9.740936665005121 ], [ -36.612195849745575, -9.739683026558309 ], [ -36.612898057179144, -9.738487675218071 ], [ -36.613809395918217, -9.737862359899941 ], [ -36.6150623728496, -9.736322481682315 ], [ -36.615918996084204, -9.735061022644061 ], [ -36.61598298822873, -9.734560720423216 ], [ -36.615296527041991, -9.734194219959111 ], [ -36.614476264098521, -9.734671252309226 ], [ -36.614127216037467, -9.736049992150374 ], [ -36.613266230820201, -9.736643373854172 ] ] ] ] } },
{ "type": "Feature", "properties": { "fid": 267.0, "LAT_GD": -9.744833, "LONG_GD": -36.597976, "IMG_ANTES": "08/2020", "IMG_DEPOIS": "08/2024", "BIOMA": "Caatinga", "COD_CAR": "AL-2700300-00964AF844374E4B8AB7752F3D7C1EF5", "N_IMOVEL": "FAZENDA RIO DOS BICHOS", "NM_MUN": "Arapiraca", "ORGAO": "-", "OPERACAO": "XIV FPI - 2024", "PERIODO": "-", "N_PROCESSO": "2024.28115605982.AINF.IMA", "DATA_AI": "2024-11-28", "MOTIVO": "DESMATAMENTO", "AI": "2024.28112810021.UCS.AINF", "TE": "SERIE C - TALAO 0049 - FOLHA 04779", "AI_APP": "-", "TE_APP": "-", "AI_RL": "-", "TE_RL": "-", "AREA_UTM": 69.82, "AREA_UC": 0.0, "AREA_TI": 0.0, "AREA_APP": 0.0, "AREA_RL": 0.0, "FORA_UC": 0.0, "FORA_TI": 0.0, "FORA_APP": 0.0, "FORA_RL": 0.0, "SITUACAO": "EMBARGADA" }, "geometry": { "type": "MultiPolygon", "coordinates": [ [ [ [ -36.596541011228041, -9.74086103792523 ], [ -36.595749835622968, -9.741582403918072 ], [ -36.595408184634749, -9.741557116736846 ], [ -36.59445835779708, -9.740895942731338 ], [ -36.593905698367081, -9.740049501183288 ], [ -36.593161062503498, -9.74053816846876 ], [ -36.593451935887707, -9.741806376423918 ], [ -36.594987747356349, -9.742434662933814 ], [ -36.591648520905608, -9.748892052063315 ], [ -36.596383939600564, -9.747670383849622 ], [ -36.599583546826885, -9.747181716564139 ], [ -36.600886659588149, -9.749543608443938 ], [ -36.602349389163322, -9.748638214925805 ], [ -36.60125897751994, -9.746704684214041 ], [ -36.603539424852158, -9.745994953156563 ], [ -36.601858176691422, -9.742082706138913 ], [ -36.60110190589247, -9.741500959370494 ], [ -36.600787762637523, -9.741838372496192 ], [ -36.600508524188676, -9.741628943659546 ], [ -36.599391570393308, -9.741733658077862 ], [ -36.598134997373513, -9.740930847537447 ], [ -36.597657965023409, -9.741605673788806 ], [ -36.596541011228041, -9.74086103792523 ] ], [ [ -36.595301890611303, -9.746471985506659 ], [ -36.59424311149278, -9.746704684214041 ], [ -36.593475205758459, -9.746704684214027 ], [ -36.594336190975731, -9.745459746129615 ], [ -36.594685239036778, -9.744877999361192 ], [ -36.594871398002674, -9.744005379208556 ], [ -36.595127366580776, -9.743400362569396 ], [ -36.595301890611303, -9.743423632440136 ], [ -36.595173906322252, -9.743958839467082 ], [ -36.595162271386883, -9.744668570524551 ], [ -36.59544150983573, -9.745459746129619 ], [ -36.595301890611303, -9.746471985506659 ] ] ] ] } },
{ "type": "Feature", "properties": { "fid": 268.0, "LAT_GD": -9.715014, "LONG_GD": -36.498161, "IMG_ANTES": "08/2020", "IMG_DEPOIS": "08/2024", "BIOMA": "Caatinga", "COD_CAR": "AL-2704203-B6643F8C10DA4F2B9F28309F431D34A9", "N_IMOVEL": "FAZENDA BOA ESPERANCA", "NM_MUN": "Limoeiro de Anadia", "ORGAO": "-", "OPERACAO": "XIV FPI - 2024", "PERIODO": "-", "N_PROCESSO": "2024.24114916784.AINF.IMA", "DATA_AI": "2024-11-18", "MOTIVO": "DESMATAMENTO", "AI": "SERIE A - TALAO 0029 - FOLHA 02205", "TE": "SERIE C - TALAO 0049 - FOLHA 04755", "AI_APP": "-", "TE_APP": "-", "AI_RL": "-", "TE_RL": "-", "AREA_UTM": 7.55, "AREA_UC": 0.0, "AREA_TI": 0.0, "AREA_APP": 0.0, "AREA_RL": 0.0, "FORA_UC": 0.0, "FORA_TI": 0.0, "FORA_APP": 0.0, "FORA_RL": 0.0, "SITUACAO": "EMBARGADA" }, "geometry": { "type": "MultiPolygon", "coordinates": [ [ [ [ -36.49827234710618, -9.712559057641526 ], [ -36.497934933980495, -9.713326963375831 ], [ -36.497539346177966, -9.713931980014996 ], [ -36.497120488504699, -9.714513726783418 ], [ -36.496794710314383, -9.715083838616472 ], [ -36.49675980550829, -9.715933188898362 ], [ -36.496945964474172, -9.715991363575213 ], [ -36.49693432953881, -9.716212427347209 ], [ -36.496945964474172, -9.716363681506996 ], [ -36.497283377599857, -9.716398586313096 ], [ -36.4977487750146, -9.716282236959431 ], [ -36.497946568915864, -9.716084443058156 ], [ -36.497911664109758, -9.71579356967395 ], [ -36.498062918269547, -9.715572505901939 ], [ -36.498144362817122, -9.715502696289747 ], [ -36.498353791653756, -9.715549236031206 ], [ -36.498470141007438, -9.715758664867845 ], [ -36.498388696459863, -9.716049538252056 ], [ -36.498388696459863, -9.71630550683016 ], [ -36.498609760231865, -9.716526570602161 ], [ -36.498923903486812, -9.716747634374153 ], [ -36.499098427517339, -9.716701094632683 ], [ -36.499575459867444, -9.716491665796053 ], [ -36.499284586483235, -9.715258362647004 ], [ -36.498830824003861, -9.713780725855198 ], [ -36.49827234710618, -9.712559057641526 ] ] ] ] } },
{ "type": "Feature", "properties": { "fid": 269.0, "LAT_GD": -9.712374, "LONG_GD": -36.534781, "IMG_ANTES": "08/2020", "IMG_DEPOIS": "08/2024", "BIOMA": "Caatinga", "COD_CAR": "AL-2704203-828948626F1446BAB98A4FD321487641", "N_IMOVEL": "FAZENDA THAISA E OLHO D'AGUA DOS NEGROS", "NM_MUN": "Limoeiro de Anadia", "ORGAO": "-", "OPERACAO": "XIV FPI - 2024", "PERIODO": "-", "N_PROCESSO": "2024.18113754573.AINF.IMA", "DATA_AI": "2024-11-18", "MOTIVO": "DESMATAMENTO", "AI": "SERIE A - TALAO 0028 - FOLHA 02154", "TE": "SERIE C - TALAO 0011 - FOLHA 02854", "AI_APP": "-", "TE_APP": "-", "AI_RL": "-", "TE_RL": "-", "AREA_UTM": 68.79, "AREA_UC": 0.0, "AREA_TI": 0.0, "AREA_APP": 0.0, "AREA_RL": 0.0, "FORA_UC": 0.0, "FORA_TI": 0.0, "FORA_APP": 0.0, "FORA_RL": 0.0, "SITUACAO": "EMBARGADA" }, "geometry": { "type": "MultiPolygon", "coordinates": [ [ [ [ -36.53505619527354, -9.722253867537274 ], [ -36.535963720232274, -9.722137518183589 ], [ -36.535789196201748, -9.721043834258968 ], [ -36.536906149997122, -9.720787865680851 ], [ -36.537080674027656, -9.71882737907127 ], [ -36.537103943898394, -9.71790821917716 ], [ -36.537092308963025, -9.717396282020955 ], [ -36.537069039092287, -9.717105408636741 ], [ -36.537127213769132, -9.716977424347682 ], [ -36.537231928187445, -9.71687270992938 ], [ -36.53739481728261, -9.716767995511054 ], [ -36.537487896765555, -9.716628376286639 ], [ -36.53742972208871, -9.715988454841369 ], [ -36.537278467928921, -9.715104199753362 ], [ -36.53718538844597, -9.714801691433788 ], [ -36.536836340384916, -9.714388651228202 ], [ -36.536545467000707, -9.714051238102524 ], [ -36.536242958681129, -9.713725459912201 ], [ -36.536173149068915, -9.713294967303581 ], [ -36.536359308034811, -9.711680620021198 ], [ -36.536417482711649, -9.711122143123527 ], [ -36.536580371806807, -9.710807999868578 ], [ -36.536778165708071, -9.710493856613621 ], [ -36.536999229480074, -9.710365872324569 ], [ -36.537208658316707, -9.710086633875727 ], [ -36.537278467928914, -9.709795760491509 ], [ -36.537022499350812, -9.709493252171935 ], [ -36.53678980064344, -9.709097664369414 ], [ -36.536498927259231, -9.708812608452892 ], [ -36.5365105621946, -9.708533370004044 ], [ -36.536359308034811, -9.708184321942985 ], [ -36.53626622855186, -9.707823638946572 ], [ -36.536103339456702, -9.707416416208673 ], [ -36.535940450361544, -9.707218622307416 ], [ -36.535893910620068, -9.707067368147611 ], [ -36.534532623181967, -9.704461142625084 ], [ -36.532671033523016, -9.705182508617925 ], [ -36.532298715591224, -9.706392541896255 ], [ -36.531158491925112, -9.706965562463143 ], [ -36.531216666601949, -9.707337880394929 ], [ -36.53187985791795, -9.70818723067682 ], [ -36.532100921689953, -9.708885326798944 ], [ -36.532228905979004, -9.709746312016195 ], [ -36.532391795074162, -9.710790547465523 ], [ -36.533543653675643, -9.715174009365587 ], [ -36.534253384733113, -9.717288658868794 ], [ -36.534817679098488, -9.719377129767436 ], [ -36.53505619527354, -9.722253867537274 ] ] ] ] } },
{ "type": "Feature", "properties": { "fid": 270.0, "LAT_GD": -9.907066, "LONG_GD": -36.742968, "IMG_ANTES": "10/2021", "IMG_DEPOIS": "01/2024", "BIOMA": "Caatinga", "COD_CAR": "AL-2701506-A673C091F3CB4723999F06C51696BAAB", "N_IMOVEL": "FAZENDA NOSSA SENHORA DE FATIMA", "NM_MUN": "Campo Grande", "ORGAO": "-", "OPERACAO": "XIV FPI - 2024", "PERIODO": "-", "N_PROCESSO": "2024.22113338365.AINF.IMA", "DATA_AI": "2024-11-22", "MOTIVO": "DESMATAMENTO", "AI": "2024.24115315349.UCS.AINF", "TE": "SERIE C - TALAO 0049 - FOLHA 04766", "AI_APP": "-", "TE_APP": "-", "AI_RL": "-", "TE_RL": "-", "AREA_UTM": 3.01, "AREA_UC": 0.0, "AREA_TI": 0.0, "AREA_APP": 0.0, "AREA_RL": 0.0, "FORA_UC": 0.0, "FORA_TI": 0.0, "FORA_APP": 0.0, "FORA_RL": 0.0, "SITUACAO": "EMBARGADA" }, "geometry": { "type": "MultiPolygon", "coordinates": [ [ [ [ -36.741948113728739, -9.908245276467891 ], [ -36.743351587509864, -9.907465568811707 ], [ -36.743273616744247, -9.907122497443 ], [ -36.744427584075396, -9.906467543011798 ], [ -36.744489960687893, -9.906140065796199 ], [ -36.744302830850408, -9.90589055934622 ], [ -36.743990947787935, -9.905921747652464 ], [ -36.741480289135033, -9.907574727883574 ], [ -36.741948113728739, -9.908245276467891 ] ] ] ] } },
{ "type": "Feature", "properties": { "fid": 271.0, "LAT_GD": -10.071702, "LONG_GD": -36.728022, "IMG_ANTES": "09/2020", "IMG_DEPOIS": "08/2024", "BIOMA": "Caatinga", "COD_CAR": "AL-2705903-3712C3A7B0E443E38E3C58B2B2AC044C", "N_IMOVEL": "ENTRADA", "NM_MUN": "Olho d'Água Grande e Porto Real do Colégio", "ORGAO": "-", "OPERACAO": "XIV FPI - 2024", "PERIODO": "-", "N_PROCESSO": "2024.19111753357.AINF.IMA", "DATA_AI": "2024-11-19", "MOTIVO": "DESMATAMENTO", "AI": "2024.19113345671.UCS.AINF", "TE": "SERIE C - TALAO 0049 - FOLHA 04759", "AI_APP": "-", "TE_APP": "-", "AI_RL": "-", "TE_RL": "-", "AREA_UTM": 8.93, "AREA_UC": 0.0, "AREA_TI": 0.0, "AREA_APP": 0.0, "AREA_RL": 0.0, "FORA_UC": 0.0, "FORA_TI": 0.0, "FORA_APP": 0.0, "FORA_RL": 0.0, "SITUACAO": "EMBARGADA" }, "geometry": { "type": "MultiPolygon", "coordinates": [ [ [ [ -36.726084961463677, -10.070334802573262 ], [ -36.726287685454281, -10.070443961645124 ], [ -36.726506003598011, -10.070584309023237 ], [ -36.726911451579227, -10.071005351157577 ], [ -36.727238928794826, -10.071239263454425 ], [ -36.72759759431667, -10.071317234220054 ], [ -36.728096607216621, -10.071551146516907 ], [ -36.72820576628849, -10.071660305588765 ], [ -36.728158983829118, -10.071894217885616 ], [ -36.727145363876083, -10.072705113848055 ], [ -36.727706753388532, -10.073469227351113 ], [ -36.728657996729076, -10.074545223916648 ], [ -36.728876314872807, -10.073282097513617 ], [ -36.728954285638423, -10.073032591063646 ], [ -36.729359733619638, -10.072673925541803 ], [ -36.729484486844626, -10.072299665866847 ], [ -36.729874340672716, -10.072533578163695 ], [ -36.729889934825842, -10.072393230785583 ], [ -36.729718399141483, -10.071722682201262 ], [ -36.729375327772765, -10.071426393291912 ], [ -36.729032256404039, -10.071052133616954 ], [ -36.728689185035321, -10.070927380391954 ], [ -36.727566406010418, -10.070163266888901 ], [ -36.727160958029202, -10.069664253988938 ], [ -36.727098581416712, -10.069399153385834 ], [ -36.726178526382419, -10.069087270323362 ], [ -36.726147338076167, -10.069196429395227 ], [ -36.726178526382419, -10.069321182620225 ], [ -36.726272091301155, -10.069601877376439 ], [ -36.726084961463677, -10.070334802573262 ] ] ] ] } },
{ "type": "Feature", "properties": { "fid": 272.0, "LAT_GD": -10.075589, "LONG_GD": -36.795659, "IMG_ANTES": "08/2020", "IMG_DEPOIS": "09/2024", "BIOMA": "Caatinga", "COD_CAR": "AL-2705903-CE9A90119ECD46579264FBDB5C365368", "N_IMOVEL": "OLHO D'AGUA SECO", "NM_MUN": "Olho d'Água Grande", "ORGAO": "-", "OPERACAO": "XIV FPI - 2024", "PERIODO": "-", "N_PROCESSO": "2024.21113927265.AINF.IMA", "DATA_AI": "2024-11-20", "MOTIVO": "DESMATAMENTO", "AI": "2024.21111219359.UCS.AINF", "TE": "SERIE C - TALAO 0049 - FOLHA 04768", "AI_APP": "-", "TE_APP": "-", "AI_RL": "-", "TE_RL": "-", "AREA_UTM": 2.32, "AREA_UC": 0.0, "AREA_TI": 0.0, "AREA_APP": 0.0, "AREA_RL": 0.0, "FORA_UC": 0.0, "FORA_TI": 0.0, "FORA_APP": 0.0, "FORA_RL": 0.0, "SITUACAO": "EMBARGADA" }, "geometry": { "type": "MultiPolygon", "coordinates": [ [ [ [ -36.795931173304432, -10.076299566143039 ], [ -36.795993549916922, -10.076322957372719 ], [ -36.796266447596587, -10.0762060012243 ], [ -36.796515954046569, -10.075956494774315 ], [ -36.796609518965312, -10.075777162013402 ], [ -36.79664850434812, -10.075597829252466 ], [ -36.79671088096061, -10.075465278950924 ], [ -36.797108531865263, -10.075473076027489 ], [ -36.79723328509025, -10.075200178347821 ], [ -36.796126100218473, -10.075246960807192 ], [ -36.795549116552898, -10.075192381271252 ], [ -36.794972132887324, -10.075176787118139 ], [ -36.794753814743594, -10.075262554960307 ], [ -36.794301584303007, -10.075223569577506 ], [ -36.793709006484313, -10.075371714032178 ], [ -36.79363103571869, -10.07548867018061 ], [ -36.794652452748288, -10.075434090644675 ], [ -36.794738220590474, -10.07577716201339 ], [ -36.794940944581079, -10.075925306468067 ], [ -36.795588101935707, -10.075956494774315 ], [ -36.795931173304432, -10.076299566143039 ] ] ] ] } },
{ "type": "Feature", "properties": { "fid": 273.0, "LAT_GD": -10.049123, "LONG_GD": -36.818974, "IMG_ANTES": "05/2023", "IMG_DEPOIS": "08/2024", "BIOMA": "Caatinga", "COD_CAR": "AL-2705903-E46DD0A76E924022A1A16561C89DE829", "N_IMOVEL": "BARRO VERMELHO", "NM_MUN": "Olho d'Água Grande", "ORGAO": "-", "OPERACAO": "XIV FPI - 2024", "PERIODO": "-", "N_PROCESSO": "2024.19111088897.AINF.IMA", "DATA_AI": "2024-11-19", "MOTIVO": "DESMATAMENTO", "AI": "2024.19110815039.UCS.AINF", "TE": "SERIE C - TALAO 0011 - FOLHA 02858", "AI_APP": "-", "TE_APP": "-", "AI_RL": "-", "TE_RL": "-", "AREA_UTM": 6.61, "AREA_UC": 0.0, "AREA_TI": 0.0, "AREA_APP": 0.0, "AREA_RL": 0.0, "FORA_UC": 0.0, "FORA_TI": 0.0, "FORA_APP": 0.0, "FORA_RL": 0.0, "SITUACAO": "EMBARGADA" }, "geometry": { "type": "MultiPolygon", "coordinates": [ [ [ [ -36.817858210005426, -10.047648657207844 ], [ -36.818841668226561, -10.049740457233746 ], [ -36.817920651797245, -10.050474148287597 ], [ -36.81835774433997, -10.051473216956694 ], [ -36.820230998094509, -10.049756067681704 ], [ -36.819060214497924, -10.046883745258073 ], [ -36.817858210005426, -10.047648657207844 ] ] ] ] } },
{ "type": "Feature", "properties": { "fid": 274.0, "LAT_GD": -10.064211, "LONG_GD": -36.826711, "IMG_ANTES": "05/2023", "IMG_DEPOIS": "03/2024", "BIOMA": "Caatinga", "COD_CAR": "-", "N_IMOVEL": "FAZENDA BOA VISTA", "NM_MUN": "Olho d'Água Grande", "ORGAO": "-", "OPERACAO": "XIV FPI - 2024", "PERIODO": "-", "N_PROCESSO": "2024.24113841035.AINF.IMA", "DATA_AI": "2024-11-19", "MOTIVO": "DESMATAMENTO", "AI": "SERIE A - TALAO 0029 - FOLHA 02211", "TE": "SERIE C - TALAO 0049 - FOLHA 04758", "AI_APP": "-", "TE_APP": "-", "AI_RL": "-", "TE_RL": "-", "AREA_UTM": 33.95, "AREA_UC": 0.0, "AREA_TI": 0.0, "AREA_APP": 0.0, "AREA_RL": 0.0, "FORA_UC": 0.0, "FORA_TI": 0.0, "FORA_APP": 0.0, "FORA_RL": 0.0, "SITUACAO": "EMBARGADA" }, "geometry": { "type": "MultiPolygon", "coordinates": [ [ [ [ -36.824072769690972, -10.061817051463525 ], [ -36.824620986210768, -10.06707554644548 ], [ -36.824257970060259, -10.067142317450074 ], [ -36.824188246650991, -10.067676861933453 ], [ -36.825093652632347, -10.067895408204816 ], [ -36.826186383989167, -10.06716171715096 ], [ -36.828356236254841, -10.066459246993 ], [ -36.829105537756654, -10.066256311169596 ], [ -36.829355304923922, -10.065694335043224 ], [ -36.829917281050285, -10.065491399219832 ], [ -36.830088995977789, -10.065226021604605 ], [ -36.829246031788244, -10.064851370853685 ], [ -36.828965043725063, -10.061042421552797 ], [ -36.825046821288488, -10.061432682751658 ], [ -36.824968769048716, -10.061916606638244 ], [ -36.824072769690972, -10.061817051463525 ] ] ] ] } },
{ "type": "Feature", "properties": { "fid": 275.0, "LAT_GD": -10.046763, "LONG_GD": -36.799073, "IMG_ANTES": "08/2020", "IMG_DEPOIS": "09/2024", "BIOMA": "Caatinga", "COD_CAR": "AL-2705903-BCBA003BDFA04BA6BEE9C0F503EB919D", "N_IMOVEL": "LAGOA DANTAS", "NM_MUN": "Olho d'Água Grande", "ORGAO": "-", "OPERACAO": "XIV FPI - 2024", "PERIODO": "-", "N_PROCESSO": "2024.19110949696.AINF.IMA", "DATA_AI": "2024-11-19", "MOTIVO": "DESMATAMENTO", "AI": "SERIE A - TALAO 0028 - FOLHA 02158", "TE": "SERIE C - TALAO 0011 - FOLHA 02857", "AI_APP": "-", "TE_APP": "-", "AI_RL": "-", "TE_RL": "-", "AREA_UTM": 32.54, "AREA_UC": 0.0, "AREA_TI": 0.0, "AREA_APP": 0.0, "AREA_RL": 0.0, "FORA_UC": 0.0, "FORA_TI": 0.0, "FORA_APP": 0.0, "FORA_RL": 0.0, "SITUACAO": "EMBARGADA" }, "geometry": { "type": "MultiPolygon", "coordinates": [ [ [ [ -36.798950054920589, -10.05175420501987 ], [ -36.799566667614783, -10.050876117322433 ], [ -36.801307232561719, -10.046013462784597 ], [ -36.801650662416719, -10.044577301572783 ], [ -36.801744325104444, -10.043437738872097 ], [ -36.801713104208538, -10.043250413496652 ], [ -36.800963802706718, -10.043172361256888 ], [ -36.800261332548764, -10.043219192600738 ], [ -36.799668135526495, -10.043468959768022 ], [ -36.79904371760832, -10.043796779175059 ], [ -36.796015290705149, -10.045529538898013 ], [ -36.796421162351962, -10.046216398608012 ], [ -36.796670929519237, -10.046712030330557 ], [ -36.796998748926278, -10.04847601094942 ], [ -36.797139242957869, -10.048881882596227 ], [ -36.79742023102105, -10.049209702003274 ], [ -36.797982207147413, -10.049865340817368 ], [ -36.798169532522863, -10.050271212464176 ], [ -36.798575404169682, -10.051020513965998 ], [ -36.798950054920589, -10.05175420501987 ] ] ] ] } },
{ "type": "Feature", "properties": { "fid": 276.0, "LAT_GD": -9.741551, "LONG_GD": -36.520314, "IMG_ANTES": "08/2020", "IMG_DEPOIS": "08/2024", "BIOMA": "Caatinga", "COD_CAR": "AL-2704203-88185ACC091F4EC29B9822326723A343", "N_IMOVEL": "FAZENDA GENIPAPO", "NM_MUN": "Limoeiro de Anadia", "ORGAO": "-", "OPERACAO": "XIV FPI - 2024", "PERIODO": "-", "N_PROCESSO": "2024.27114209254.AINF.IMA", "DATA_AI": "2024-11-18", "MOTIVO": "DESMATAMENTO", "AI": "SERIE A - TALAO 0029 - FOLHA 02204", "TE": "SERIE C - TALAO 0049 - FOLHA 04754", "AI_APP": "-", "TE_APP": "-", "AI_RL": "-", "TE_RL": "-", "AREA_UTM": 46.95, "AREA_UC": 0.0, "AREA_TI": 0.0, "AREA_APP": 0.0, "AREA_RL": 0.0, "FORA_UC": 0.0, "FORA_TI": 0.0, "FORA_APP": 0.0, "FORA_RL": 0.0, "SITUACAO": "EMBARGADA" }, "geometry": { "type": "MultiPolygon", "coordinates": [ [ [ [ -36.523752855563103, -9.736969152044519 ], [ -36.521891265904152, -9.737341469976306 ], [ -36.521850596915996, -9.73736707644761 ], [ -36.521262979394258, -9.737737057778832 ], [ -36.521147996903657, -9.73778140852988 ], [ -36.519634088442672, -9.738365344288722 ], [ -36.519843517279305, -9.739109980152312 ], [ -36.51979697753783, -9.740017505111048 ], [ -36.51980679666471, -9.741225171433149 ], [ -36.519820247408568, -9.742879699211681 ], [ -36.519075611544991, -9.74285642934095 ], [ -36.51912215128646, -9.74185582489927 ], [ -36.517725959042252, -9.741669665933365 ], [ -36.517795768654459, -9.740273473689149 ], [ -36.515701480288136, -9.740343283301373 ], [ -36.516958053307938, -9.745346305509797 ], [ -36.518527423133385, -9.745195917218892 ], [ -36.520980295134116, -9.744960850292962 ], [ -36.522542822284784, -9.744811098482847 ], [ -36.522511830426666, -9.743571401053801 ], [ -36.522473012672577, -9.74201871399443 ], [ -36.522984949828789, -9.741041379423478 ], [ -36.523000873503364, -9.740925933157792 ], [ -36.523078029311733, -9.740366553172096 ], [ -36.524520761297424, -9.739784806403689 ], [ -36.523752855563103, -9.736969152044519 ] ] ] ] } },
{ "type": "Feature", "properties": { "fid": 277.0, "LAT_GD": -10.026959, "LONG_GD": -36.542887, "IMG_ANTES": "08/2020", "IMG_DEPOIS": "01/2024", "BIOMA": "Mata Atlântica", "COD_CAR": "AL-2708808-E851C2B3C2D3433CA92A70D2FE7C5228", "N_IMOVEL": "FAZENDA RIACHAO", "NM_MUN": "São Sebastião", "ORGAO": "-", "OPERACAO": "XIV FPI - 2024", "PERIODO": "-", "N_PROCESSO": "2024.27112773049.AINF.IMA", "DATA_AI": "2024-11-27", "MOTIVO": "DESMATAMENTO", "AI": "2024.27111374464.UCS.AINF", "TE": "SERIE C - TALAO 0049 - FOLHA 04775", "AI_APP": "-", "TE_APP": "-", "AI_RL": "-", "TE_RL": "-", "AREA_UTM": 83.56, "AREA_UC": 0.0, "AREA_TI": 0.0, "AREA_APP": 0.0, "AREA_RL": 0.0, "FORA_UC": 0.0, "FORA_TI": 0.0, "FORA_APP": 0.0, "FORA_RL": 0.0, "SITUACAO": "EMBARGADA" }, "geometry": { "type": "MultiPolygon", "coordinates": [ [ [ [ -36.539427699, -10.024012296900001 ], [ -36.539295239, -10.023599875099995 ], [ -36.5393147825, -10.0234867905 ], [ -36.539325719575807, -10.023179129928101 ], [ -36.539315235099998, -10.0230764384 ], [ -36.539111142854317, -10.022749976492049 ], [ -36.538896566133268, -10.022642688139909 ], [ -36.538829146800005, -10.022515723700002 ], [ -36.538809420699998, -10.022302673499997 ], [ -36.538526163500002, -10.021443445 ], [ -36.538357156683347, -10.021371748320499 ], [ -36.53760147641087, -10.020882682232507 ], [ -36.5373095709, -10.020780348599995 ], [ -36.536861496900002, -10.020655662199992 ], [ -36.536041604608286, -10.019780627972159 ], [ -36.534191110200872, -10.020930576208414 ], [ -36.534409428344603, -10.021398400802113 ], [ -36.535072179852357, -10.021983181544256 ], [ -36.536226147183505, -10.022575759362947 ], [ -36.537247564213111, -10.022840859966051 ], [ -36.537621823888074, -10.023916856531574 ], [ -36.537699794653697, -10.024486043120586 ], [ -36.537575041428688, -10.025156591704906 ], [ -36.537395708667788, -10.025663401681419 ], [ -36.537434694050582, -10.026852455857114 ], [ -36.537481476509946, -10.027756916738273 ], [ -36.537528258969317, -10.028583406853823 ], [ -36.537793359572419, -10.029129202213161 ], [ -36.538229995859879, -10.029784156644348 ], [ -36.539103268434808, -10.028754942538187 ], [ -36.538916138597322, -10.027756916738271 ], [ -36.538697820453592, -10.027257903838322 ], [ -36.538526284769233, -10.026259878038413 ], [ -36.538697820453592, -10.025218968317406 ], [ -36.539103268434808, -10.024486043120596 ], [ -36.539412256036975, -10.024289414679043 ], [ -36.539393149594815, -10.024140007685791 ], [ -36.539427699, -10.024012296900001 ] ] ], [ [ [ -36.541171079384959, -10.030195788679467 ], [ -36.540732857436197, -10.029813395681462 ], [ -36.540873204814304, -10.030000525518956 ], [ -36.540904393120556, -10.030951768859495 ], [ -36.541138305417405, -10.031591129137563 ], [ -36.541372217714262, -10.031559940831309 ], [ -36.541528159245502, -10.031263651921977 ], [ -36.541496970939249, -10.030780233175136 ], [ -36.541341029408017, -10.030250031968921 ], [ -36.541360102024399, -10.030248622279796 ], [ -36.541335208299998, -10.03023554 ], [ -36.541171079384959, -10.030195788679467 ] ] ], [ [ [ -36.542801862458859, -10.026333407602484 ], [ -36.542814107520407, -10.026822833534821 ], [ -36.542998634, -10.026842488 ], [ -36.543322028, -10.027273679 ], [ -36.543456775, -10.027767752 ], [ -36.542935752, -10.028468438 ], [ -36.54304355, -10.028764882 ], [ -36.543834067, -10.029178107 ], [ -36.543663387, -10.029393703 ], [ -36.543366943, -10.029366753999989 ], [ -36.54287287, -10.029609299 ], [ -36.542650938270363, -10.030012221133816 ], [ -36.542378040590741, -10.030230539277527 ], [ -36.542323461054764, -10.030760740483746 ], [ -36.542370243514135, -10.031259753383706 ], [ -36.542417025973506, -10.032616444705454 ], [ -36.542900444720331, -10.032745096468721 ], [ -36.543274704395301, -10.032932226306206 ], [ -36.543617775764019, -10.033010197071825 ], [ -36.543734731912451, -10.033442934821007 ], [ -36.544685975252989, -10.034285019089692 ], [ -36.544795134324858, -10.035501363033339 ], [ -36.544592410334253, -10.036125129158277 ], [ -36.544935481702971, -10.036234288230139 ], [ -36.545235669150593, -10.036526678601204 ], [ -36.54529024868652, -10.035965289088754 ], [ -36.545399407758389, -10.035435087882567 ], [ -36.54566450836149, -10.035029639901346 ], [ -36.546023173883334, -10.03470216268574 ], [ -36.546459810170795, -10.034359091317027 ], [ -36.546046565113031, -10.034019918486589 ], [ -36.545750276203684, -10.033645658811617 ], [ -36.545114814463894, -10.033665151503017 ], [ -36.544880902167037, -10.033555992431159 ], [ -36.544553424951438, -10.03322851521556 ], [ -36.54442867172645, -10.032994602918698 ], [ -36.544787337248295, -10.032947820459345 ], [ -36.545068032004522, -10.032729502315604 ], [ -36.545442291679485, -10.032651531549989 ], [ -36.545520262445102, -10.032464401712501 ], [ -36.545411103373247, -10.032324054334381 ], [ -36.54399203543899, -10.032370836793767 ], [ -36.543477428385906, -10.032074547884415 ], [ -36.543149951170314, -10.031871823893807 ], [ -36.543118762864061, -10.031591129137581 ], [ -36.543321486854673, -10.031575534984466 ], [ -36.544366295113953, -10.031513158371958 ], [ -36.544366295113953, -10.031435187606341 ], [ -36.544101194510851, -10.031294840228238 ], [ -36.543118762864061, -10.031326028534483 ], [ -36.543071980404697, -10.031201275309485 ], [ -36.543025197945326, -10.030433263268154 ], [ -36.543352675160918, -10.030168162665046 ], [ -36.543773717295259, -10.030172061203331 ], [ -36.544506642492067, -10.029673048303374 ], [ -36.544724960635797, -10.030230539277538 ], [ -36.54497446708578, -10.030604798952501 ], [ -36.545379915066995, -10.030979058627477 ], [ -36.545520262445102, -10.030932276168098 ], [ -36.545083626157641, -10.030234437815823 ], [ -36.544662584023307, -10.029189629556546 ], [ -36.544947978, -10.029321838 ], [ -36.545181089614672, -10.029610671690881 ], [ -36.545430596064655, -10.02970423660962 ], [ -36.546038768036475, -10.029657454150252 ], [ -36.54622589787396, -10.029922554753362 ], [ -36.546303868639576, -10.030733450715795 ], [ -36.54644421601769, -10.031326028534487 ], [ -36.54644421601769, -10.031778258975063 ], [ -36.546537780936433, -10.031980982965687 ], [ -36.546522186783307, -10.032682719856252 ], [ -36.546631345855175, -10.032979008765595 ], [ -36.546849663998906, -10.033322080134313 ], [ -36.547286300286366, -10.033322080134308 ], [ -36.547348676898864, -10.0331193561437 ], [ -36.547145952908252, -10.032464401712508 ], [ -36.547161547061378, -10.03212133034379 ], [ -36.547379865205109, -10.032074547884418 ], [ -36.547520212583223, -10.032090142037552 ], [ -36.547769719033198, -10.032324054334396 ], [ -36.547941254717557, -10.032604749090616 ], [ -36.547972443023809, -10.033072573684336 ], [ -36.548175167014413, -10.03335326844056 ], [ -36.548533832536258, -10.033462427512422 ], [ -36.548767744833114, -10.033275297674946 ], [ -36.548798933139359, -10.032901037999983 ], [ -36.54901725128309, -10.032557966631261 ], [ -36.549313540192436, -10.03224608356879 ], [ -36.549266757733065, -10.031871823893816 ], [ -36.548970468823718, -10.031653505750082 ], [ -36.548518238383132, -10.031559940831343 ], [ -36.548019225483181, -10.031450781759485 ], [ -36.547223923673869, -10.031263651921993 ], [ -36.547114764602007, -10.030000525518977 ], [ -36.547192735367624, -10.029813395681497 ], [ -36.547395459358235, -10.029813395681494 ], [ -36.547769719033198, -10.029906960600234 ], [ -36.5480348196363, -10.030062902131474 ], [ -36.548565020842503, -10.030218843662716 ], [ -36.548970468823718, -10.030390379347063 ], [ -36.549375916804934, -10.030328002734564 ], [ -36.549422699264305, -10.030047307978355 ], [ -36.549360322651808, -10.029579483384634 ], [ -36.549547452489293, -10.029329976934658 ], [ -36.549812553092394, -10.029329976934655 ], [ -36.549952900470508, -10.029485918465902 ], [ -36.550062059542377, -10.029828989834613 ], [ -36.55021800107361, -10.029953743059604 ], [ -36.550872955504801, -10.029470324312765 ], [ -36.551247215179771, -10.029018093872178 ], [ -36.550904143811053, -10.028659428350347 ], [ -36.55037394260485, -10.028893340647191 ], [ -36.549890523858011, -10.028908934800318 ], [ -36.549656611561161, -10.028675022503476 ], [ -36.549048439589342, -10.028628240044091 ], [ -36.548674179914372, -10.028643834197215 ], [ -36.548518238383132, -10.028908934800322 ], [ -36.548268731933156, -10.028908934800313 ], [ -36.548331108545653, -10.028519080972233 ], [ -36.54825313778003, -10.028176009603513 ], [ -36.547878878105067, -10.028238386216003 ], [ -36.547613777501965, -10.028534675125357 ], [ -36.546740504927037, -10.028784181575338 ], [ -36.546678128314547, -10.028425516053488 ], [ -36.546537780936433, -10.028331951134742 ], [ -36.545804855739618, -10.029080470484683 ], [ -36.545633320055259, -10.029127252944049 ], [ -36.545648914208385, -10.028628240044094 ], [ -36.545226456, -10.028621152 ], [ -36.544822214, -10.02855827 ], [ -36.544660517, -10.028288775 ], [ -36.544795265, -10.027938432 ], [ -36.544687467, -10.027534191 ], [ -36.545675614, -10.027453342 ], [ -36.546088839, -10.027677921 ], [ -36.546412232, -10.027677921 ], [ -36.54649308, -10.027462325 ], [ -36.54666376, -10.027462325 ], [ -36.546555963, -10.027300629 ], [ -36.545783411, -10.027264696 ], [ -36.545648664, -10.027210797 ], [ -36.54537917, -10.0270491 ], [ -36.54535222, -10.026806555 ], [ -36.545657647, -10.026348414 ], [ -36.545411103373247, -10.026207247771664 ], [ -36.544588652, -10.026743673 ], [ -36.544283225, -10.026743673000011 ], [ -36.54404068, -10.026330448 ], [ -36.544426955, -10.026034004 ], [ -36.544426955, -10.025899257 ], [ -36.543995764, -10.025818408 ], [ -36.544157461, -10.025683661 ], [ -36.544130511, -10.025495015 ], [ -36.543383863467177, -10.025396351809226 ], [ -36.543242114655058, -10.025323541113154 ], [ -36.543003087738633, -10.025796965787345 ], [ -36.542801862458859, -10.026333407602484 ] ] ], [ [ [ -36.550872955504801, -10.0280746476082 ], [ -36.55104449118916, -10.027918706076973 ], [ -36.55104449118916, -10.027092215961416 ], [ -36.55088854965792, -10.02660879721458 ], [ -36.550436319217333, -10.025961639859954 ], [ -36.550203123, -10.025432133 ], [ -36.549987527, -10.025153655 ], [ -36.549619218, -10.024560767 ], [ -36.549475487, -10.024363138 ], [ -36.549223959, -10.024470935 ], [ -36.548900565, -10.024093643 ], [ -36.547169344137941, -10.023185880603954 ], [ -36.547075779219199, -10.023560140278923 ], [ -36.546412232, -10.025261453 ], [ -36.546093347572409, -10.026070798931832 ], [ -36.54686139, -10.026599943 ], [ -36.547319531, -10.027120965 ], [ -36.547975301, -10.027120965 ], [ -36.548388526, -10.027507241 ], [ -36.549008363, -10.027749786 ], [ -36.549062262, -10.028109112 ], [ -36.549929509240819, -10.028308559905069 ], [ -36.550420725064214, -10.028308559905065 ], [ -36.550592260748573, -10.028105835914463 ], [ -36.550872955504801, -10.0280746476082 ] ] ], [ [ [ -36.533992284748457, -10.024199500556982 ], [ -36.533664807532858, -10.023825240882001 ], [ -36.533134606326655, -10.023419792900794 ], [ -36.532775940804811, -10.023139098144576 ], [ -36.532542028507955, -10.02298315661333 ], [ -36.532323710364231, -10.022889591694588 ], [ -36.532136580526739, -10.02274924431647 ], [ -36.531887074076764, -10.022156666497771 ], [ -36.531824697464266, -10.022297013875898 ], [ -36.531855885770518, -10.02257770863211 ], [ -36.532011827301766, -10.023092315685199 ], [ -36.532292522057986, -10.023435387053922 ], [ -36.532339304517357, -10.023856429188264 ], [ -36.532697970039202, -10.02396558826012 ], [ -36.533119012173543, -10.024121529791362 ], [ -36.533430895236016, -10.024589354385071 ], [ -36.534054661360948, -10.024854454988162 ], [ -36.534101443820319, -10.024620542691324 ], [ -36.533992284748457, -10.024199500556982 ] ] ], [ [ [ -36.535988336348289, -10.02538465619438 ], [ -36.536347001870134, -10.02471410761005 ], [ -36.536269031104517, -10.024480195313213 ], [ -36.536347001870134, -10.024449007006947 ], [ -36.536456160942002, -10.024526977772567 ], [ -36.536596508320116, -10.024604948538183 ], [ -36.537001956301324, -10.024199500556971 ], [ -36.537376215976295, -10.024074747331985 ], [ -36.537422998435666, -10.023872023341386 ], [ -36.537298245210678, -10.023731675963271 ], [ -36.536487349248247, -10.023638111044535 ], [ -36.536097495420158, -10.023669299350765 ], [ -36.535863583123302, -10.02363811104453 ], [ -36.535458135142086, -10.023263851369558 ], [ -36.534959122242128, -10.02251533201963 ], [ -36.534896745629645, -10.022187854804034 ], [ -36.53477199240465, -10.022109884038413 ], [ -36.53439773272968, -10.022047507425913 ], [ -36.534085849667207, -10.021470523760332 ], [ -36.533181388786033, -10.020831163482267 ], [ -36.533243765398531, -10.021096264085365 ], [ -36.533228171245405, -10.021283393922852 ], [ -36.533072229714172, -10.021376958841611 ], [ -36.532775940804818, -10.021595276985334 ], [ -36.532619999273585, -10.021813595129066 ], [ -36.532682375886083, -10.021938348354045 ], [ -36.532791534957944, -10.022016319119677 ], [ -36.533321736164147, -10.021907160047803 ], [ -36.533695995839118, -10.022468549560248 ], [ -36.534257385351566, -10.023544546125795 ], [ -36.534740804098398, -10.024168312250726 ], [ -36.535255411151482, -10.025103961438148 ], [ -36.535754424051433, -10.025852480788085 ], [ -36.535988336348289, -10.02538465619438 ] ] ] ] } },
{ "type": "Feature", "properties": { "fid": 278.0, "LAT_GD": -9.967439, "LONG_GD": -36.782569, "IMG_ANTES": "10/2021", "IMG_DEPOIS": "04/2022", "BIOMA": "Caatinga", "COD_CAR": "AL-2701506-129009608DC24A06AFB9C12F1A305280", "N_IMOVEL": "RANCHO BOA VISTA", "NM_MUN": "Campo Grande", "ORGAO": "-", "OPERACAO": "XIV FPI - 2024", "PERIODO": "-", "N_PROCESSO": "2024.22115495165.AINF.IMA", "DATA_AI": "2024-11-22", "MOTIVO": "DESMATAMENTO", "AI": "2024.22113453668.UCS.AINF", "TE": "SERIE C - TALAO 0049 - FOLHA 04772", "AI_APP": "-", "TE_APP": "-", "AI_RL": "-", "TE_RL": "-", "AREA_UTM": 6.82, "AREA_UC": 0.0, "AREA_TI": 0.0, "AREA_APP": 0.0, "AREA_RL": 0.0, "FORA_UC": 0.0, "FORA_TI": 0.0, "FORA_APP": 0.0, "FORA_RL": 0.0, "SITUACAO": "EMBARGADA" }, "geometry": { "type": "MultiPolygon", "coordinates": [ [ [ [ -36.781958, -9.963969 ], [ -36.781669, -9.964191 ], [ -36.7814, -9.964317 ], [ -36.781593, -9.964613 ], [ -36.781604, -9.964899 ], [ -36.781733, -9.965216 ], [ -36.781819, -9.965374 ], [ -36.782463, -9.965987 ], [ -36.782602, -9.966357 ], [ -36.782688, -9.966684 ], [ -36.783203, -9.967044 ], [ -36.784136, -9.966082 ], [ -36.783686, -9.965765 ], [ -36.783407, -9.965786 ], [ -36.783246, -9.965797 ], [ -36.783117, -9.965966 ], [ -36.782913, -9.965765 ], [ -36.78257, -9.965776 ], [ -36.782956, -9.965533 ], [ -36.782741, -9.965311 ], [ -36.781958, -9.963969 ] ] ], [ [ [ -36.782009493103324, -9.970185252674984 ], [ -36.783257025353215, -9.969686239775015 ], [ -36.783179054587599, -9.96938995086567 ], [ -36.783678067487557, -9.969078067803199 ], [ -36.783179054587599, -9.968220389381393 ], [ -36.782555288462653, -9.968204795228271 ], [ -36.782305782012678, -9.96814241861577 ], [ -36.781978304797079, -9.968360736759509 ], [ -36.781822363265846, -9.968625837362609 ], [ -36.781292162059643, -9.968844155506337 ], [ -36.782009493103324, -9.970185252674984 ] ] ] ] } },
{ "type": "Feature", "properties": { "fid": 279.0, "LAT_GD": -10.061506, "LONG_GD": -36.874711, "IMG_ANTES": "10/2021", "IMG_DEPOIS": "09/2024", "BIOMA": "Caatinga", "COD_CAR": "AL-2708204-1690EC608A7543CE9021DD406B8B8ADA", "N_IMOVEL": "FAZENDA NOVO PARAISO", "NM_MUN": "São Brás", "ORGAO": "-", "OPERACAO": "XIV FPI - 2024", "PERIODO": "-", "N_PROCESSO": "2024.20112933461.AINF.IMA", "DATA_AI": "2024-11-20", "MOTIVO": "DESMATAMENTO", "AI": "SERIE A - TALAO 0029 - FOLHA 02215", "TE": "SERIE C - TALAO 0049 - FOLHA 04762", "AI_APP": "-", "TE_APP": "-", "AI_RL": "-", "TE_RL": "-", "AREA_UTM": 18.17, "AREA_UC": 0.0, "AREA_TI": 0.0, "AREA_APP": 0.0, "AREA_RL": 0.0, "FORA_UC": 0.0, "FORA_TI": 0.0, "FORA_APP": 0.0, "FORA_RL": 0.0, "SITUACAO": "EMBARGADA" }, "geometry": { "type": "MultiPolygon", "coordinates": [ [ [ [ -36.879175982638877, -10.060089544459309 ], [ -36.87928922531848, -10.060035547659719 ], [ -36.879055068599158, -10.059770170044487 ], [ -36.878672612624278, -10.059856027508241 ], [ -36.878586755160526, -10.059731143924614 ], [ -36.878688223072231, -10.059551623773128 ], [ -36.878641391728365, -10.05941893496551 ], [ -36.878415040233023, -10.059122336454374 ], [ -36.877798427538821, -10.059559428997112 ], [ -36.877494023803713, -10.059965300643917 ], [ -36.877228646188485, -10.06032434094687 ], [ -36.877291087980304, -10.060488250650403 ], [ -36.877273507278133, -10.060863306096019 ], [ -36.879175982638877, -10.060089544459309 ] ] ], [ [ [ -36.874137777493495, -10.059481376757326 ], [ -36.874168998389401, -10.058950621526884 ], [ -36.874449986452582, -10.058622802119841 ], [ -36.874793416307583, -10.058326203608699 ], [ -36.874481207348495, -10.05745201852325 ], [ -36.873013825240768, -10.058216930473012 ], [ -36.872998214792823, -10.058591581223924 ], [ -36.87296699389691, -10.059590649893012 ], [ -36.873154319272359, -10.060449224530505 ], [ -36.874871468547354, -10.059762364820502 ], [ -36.874137777493495, -10.059481376757326 ] ] ], [ [ [ -36.877010099917122, -10.059731143924601 ], [ -36.877603296939391, -10.059122336454372 ], [ -36.87765012828325, -10.058700854359603 ], [ -36.87766573873121, -10.057748617034386 ], [ -36.877494023803706, -10.057467628971198 ], [ -36.877166204396666, -10.057124199116204 ], [ -36.876604228270303, -10.05751446031506 ], [ -36.876963268573256, -10.058060825993474 ], [ -36.87691643722939, -10.058794517047328 ], [ -36.8764012924469, -10.059137946902329 ], [ -36.87617494095155, -10.059543818549141 ], [ -36.876448123790759, -10.0599028588521 ], [ -36.877010099917122, -10.059731143924601 ] ] ], [ [ [ -36.872412822994505, -10.065030891005158 ], [ -36.874785611083588, -10.064999670109245 ], [ -36.875097820042676, -10.065967517882417 ], [ -36.875441249897676, -10.065951907434462 ], [ -36.875691017064952, -10.064468914878788 ], [ -36.87508220959473, -10.06421914771151 ], [ -36.875050988698817, -10.063625950689246 ], [ -36.874270466301091, -10.063672782033111 ], [ -36.874036309581776, -10.063157637250614 ], [ -36.874098751373594, -10.062517608884484 ], [ -36.87433290809291, -10.062174179029485 ], [ -36.874208024509272, -10.061690255142892 ], [ -36.872303549858827, -10.06209612678971 ], [ -36.872537706578143, -10.062486387988567 ], [ -36.87217866627519, -10.06300153277107 ], [ -36.872459654338371, -10.06373522382493 ], [ -36.872412822994505, -10.065030891005158 ] ] ] ] } },
{ "type": "Feature", "properties": { "fid": 280.0, "LAT_GD": -10.061648, "LONG_GD": -36.877502, "IMG_ANTES": "10/2021", "IMG_DEPOIS": "09/2024", "BIOMA": "Caatinga", "COD_CAR": "AL-2708204-A7438D8F46754FF6A5F83692CE7A97F3", "N_IMOVEL": "FAZENDA BOA ESPERANCA", "NM_MUN": "São Brás", "ORGAO": "-", "OPERACAO": "XIV FPI - 2024", "PERIODO": "-", "N_PROCESSO": "2024.20114944890.AINF.IMA", "DATA_AI": "2024-11-13", "MOTIVO": "DESMATAMENTO", "AI": "2024.20111790462.UCS.AINF", "TE": "SERIE C - TALAO 0049 - 04763", "AI_APP": "-", "TE_APP": "-", "AI_RL": "-", "TE_RL": "-", "AREA_UTM": 4.01, "AREA_UC": 0.0, "AREA_TI": 0.0, "AREA_APP": 0.0, "AREA_RL": 0.0, "FORA_UC": 0.0, "FORA_TI": 0.0, "FORA_APP": 0.0, "FORA_RL": 0.0, "SITUACAO": "EMBARGADA" }, "geometry": { "type": "MultiPolygon", "coordinates": [ [ [ [ -36.879175982638877, -10.060089544459309 ], [ -36.877273507278133, -10.060863306096019 ], [ -36.877267672308371, -10.060987784984944 ], [ -36.875893952888376, -10.061502929767444 ], [ -36.87605005736792, -10.061768307382652 ], [ -36.876799358869746, -10.062361504404935 ], [ -36.878048194706096, -10.062330283509027 ], [ -36.878173078289734, -10.062626882020162 ], [ -36.878781885759956, -10.062439556644703 ], [ -36.878110636497915, -10.060597523786081 ], [ -36.879175982638877, -10.060089544459309 ] ] ] ] } },
{ "type": "Feature", "properties": { "fid": 281.0, "LAT_GD": -10.062027, "LONG_GD": -36.88551, "IMG_ANTES": "10/2021", "IMG_DEPOIS": "09/2024", "BIOMA": "Caatinga", "COD_CAR": "AL-2708204-C3589BE88DB440F9B46D6E60B20E656D", "N_IMOVEL": "FAZENDA CAELA 01", "NM_MUN": "São Brás", "ORGAO": "-", "OPERACAO": "XIV FPI - 2024", "PERIODO": "-", "N_PROCESSO": "2024.20112075988.AINF.IMA", "DATA_AI": "2024-11-20", "MOTIVO": "DESMATAMENTO", "AI": "2024.20114440549.UCS.AINF", "TE": "SERIE C - TALAO 0011 - FOLHA 02862", "AI_APP": "-", "TE_APP": "-", "AI_RL": "-", "TE_RL": "-", "AREA_UTM": 10.54, "AREA_UC": 0.0, "AREA_TI": 0.0, "AREA_APP": 0.0, "AREA_RL": 0.0, "FORA_UC": 0.0, "FORA_TI": 0.0, "FORA_APP": 0.0, "FORA_RL": 0.0, "SITUACAO": "EMBARGADA" }, "geometry": { "type": "MultiPolygon", "coordinates": [ [ [ [ -36.885549014948225, -10.06469526637412 ], [ -36.887391047806851, -10.063477651433683 ], [ -36.886969565712086, -10.063165442474592 ], [ -36.886423200033676, -10.062306867837091 ], [ -36.886157822418447, -10.061604397679144 ], [ -36.88598610749095, -10.060683381249818 ], [ -36.885658288083903, -10.059621870788909 ], [ -36.884659219414814, -10.059902858852103 ], [ -36.884854350014244, -10.060909732745166 ], [ -36.88455775150311, -10.060956564089036 ], [ -36.884378231351633, -10.061112668568573 ], [ -36.884307984335834, -10.061331214839941 ], [ -36.884706050758673, -10.062470777540611 ], [ -36.884300179111861, -10.062712739483906 ], [ -36.884932402254016, -10.063821081288681 ], [ -36.885549014948225, -10.06469526637412 ] ] ], [ [ [ -36.885291442556969, -10.05876329615143 ], [ -36.885135338077433, -10.057967163305747 ], [ -36.884432867919472, -10.058240346144951 ], [ -36.88458897239903, -10.059161362574271 ], [ -36.885291442556969, -10.05876329615143 ] ] ] ] } },
{ "type": "Feature", "properties": { "fid": 282.0, "LAT_GD": -10.017752, "LONG_GD": -36.5986, "IMG_ANTES": "08/2020", "IMG_DEPOIS": "09/2024", "BIOMA": "Caatinga", "COD_CAR": "AL-2708808-4506EEDC5CCF4A578FCCED2437C91E0D", "N_IMOVEL": "FAZENDA CEDRO", "NM_MUN": "São Sebastião", "ORGAO": "-", "OPERACAO": "XIV FPI - 2024", "PERIODO": "-", "N_PROCESSO": "2024.25112725042.AINF.IMA", "DATA_AI": "2024-11-25", "MOTIVO": "DESMATAMENTO", "AI": "2024.25112808155.UCS.AINF", "TE": "SERIE C - TALAO 0049 - FOLHA 04774", "AI_APP": "-", "TE_APP": "-", "AI_RL": "-", "TE_RL": "-", "AREA_UTM": 4.74, "AREA_UC": 0.0, "AREA_TI": 0.0, "AREA_APP": 0.0, "AREA_RL": 0.0, "FORA_UC": 0.0, "FORA_TI": 0.0, "FORA_APP": 0.0, "FORA_RL": 0.0, "SITUACAO": "EMBARGADA" }, "geometry": { "type": "MultiPolygon", "coordinates": [ [ [ [ -36.599694078712915, -10.017813221968025 ], [ -36.598809823624912, -10.016952236750754 ], [ -36.598134997373542, -10.016161061145697 ], [ -36.597227472414808, -10.016975506621488 ], [ -36.597646330088075, -10.017673602743594 ], [ -36.59787902879544, -10.018022650804658 ], [ -36.598623664659016, -10.018650937314549 ], [ -36.599228681298179, -10.019279223824448 ], [ -36.599321760781123, -10.019558462273281 ], [ -36.599740618454391, -10.019442112919601 ], [ -36.599531189617757, -10.018744016797504 ], [ -36.599624269100701, -10.018139000158335 ], [ -36.599694078712915, -10.017813221968025 ] ] ] ] } },
{ "type": "Feature", "properties": { "fid": 283.0, "LAT_GD": -9.728639, "LONG_GD": -36.508252, "IMG_ANTES": "08/2020", "IMG_DEPOIS": "08/2024", "BIOMA": "Caatinga", "COD_CAR": "-", "N_IMOVEL": "FAZENDA VITORIA", "NM_MUN": "Limoeiro de Anadia", "ORGAO": "-", "OPERACAO": "XIV FPI - 2024", "PERIODO": "-", "N_PROCESSO": "2024.24114690883.AINF.IMA", "DATA_AI": "2024-11-18", "MOTIVO": "DESMATAMENTO", "AI": "SERIE A - TALAO 0029 - FOLHA 02207", "TE": "SERIE C - TALAO 0049 - FOLHA 04756", "AI_APP": "-", "TE_APP": "-", "AI_RL": "-", "TE_RL": "-", "AREA_UTM": 8.09, "AREA_UC": 0.0, "AREA_TI": 0.0, "AREA_APP": 0.0, "AREA_RL": 0.0, "FORA_UC": 0.0, "FORA_TI": 0.0, "FORA_APP": 0.0, "FORA_RL": 0.0, "SITUACAO": "EMBARGADA" }, "geometry": { "type": "MultiPolygon", "coordinates": [ [ [ [ -36.507417406305798, -9.730465223173551 ], [ -36.507917708526648, -9.73009290524177 ], [ -36.508534360101173, -9.729790396922191 ], [ -36.509092836998867, -9.729592603020915 ], [ -36.509069567128122, -9.72930172963671 ], [ -36.509081202063491, -9.728929411704918 ], [ -36.509023027386647, -9.728638538320713 ], [ -36.509174281546436, -9.728336030001126 ], [ -36.509488424801383, -9.728254585453541 ], [ -36.509953822216126, -9.728254585453545 ], [ -36.510547203919913, -9.7283127601304 ], [ -36.510686823144333, -9.728114966229121 ], [ -36.510500664178437, -9.727661203749769 ], [ -36.509604774155072, -9.726718773984912 ], [ -36.509057932192754, -9.72791717232786 ], [ -36.507952613332755, -9.727986981940067 ], [ -36.506219007962855, -9.727824092844923 ], [ -36.506346992251906, -9.728173140905973 ], [ -36.506486611476333, -9.728685078062176 ], [ -36.506858929408118, -9.729604237956293 ], [ -36.507417406305798, -9.730465223173551 ] ] ] ] } },
{ "type": "Feature", "properties": { "fid": 284.0, "LAT_GD": -9.41285, "LONG_GD": -37.848302, "IMG_ANTES": "2018", "IMG_DEPOIS": "2021", "BIOMA": "Caatinga", "COD_CAR": "AL-2705804-DC62BFE0F5A240B8825AC029ED608AB0", "N_IMOVEL": "RIACHO SECO", "NM_MUN": "Olho d'Água do Casado", "ORGAO": "-", "OPERACAO": "MANDACARU - 2023", "PERIODO": "-", "N_PROCESSO": "-", "DATA_AI": "-", "MOTIVO": "DESMATAMENTO", "AI": "-", "TE": "-", "AI_APP": "-", "TE_APP": "-", "AI_RL": "-", "TE_RL": "-", "AREA_UTM": 3.92, "AREA_UC": 0.0, "AREA_TI": 0.0, "AREA_APP": 0.0, "AREA_RL": 0.0, "FORA_UC": 0.0, "FORA_TI": 0.0, "FORA_APP": 0.0, "FORA_RL": 0.0, "SITUACAO": "EMBARGADA" }, "geometry": { "type": "MultiPolygon", "coordinates": [ [ [ [ -37.84908006179549, -9.412035445274725 ], [ -37.848373436888103, -9.4110805877184 ], [ -37.847984971015826, -9.41117241421882 ], [ -37.846309263411854, -9.411568516413434 ], [ -37.847028437359725, -9.412508014219144 ], [ -37.84760646592737, -9.412284388501245 ], [ -37.847513304815052, -9.412088710638182 ], [ -37.847762034783557, -9.411978720202448 ], [ -37.847984522852883, -9.412418146115291 ], [ -37.84908006179549, -9.412035445274725 ] ] ], [ [ [ -37.849064974310942, -9.415392971396205 ], [ -37.84939580890984, -9.415841270998708 ], [ -37.849684213959911, -9.415775757171506 ], [ -37.849990692398308, -9.415706137516587 ], [ -37.850214278349107, -9.415655347531914 ], [ -37.850306346520156, -9.415634433197024 ], [ -37.849876750063238, -9.414623770102203 ], [ -37.848900769540613, -9.415144083994429 ], [ -37.849064974310942, -9.415392971396205 ] ] ] ] } },
{ "type": "Feature", "properties": { "fid": 285.0, "LAT_GD": -9.410189, "LONG_GD": -37.862289, "IMG_ANTES": "2018", "IMG_DEPOIS": "2021", "BIOMA": "Caatinga", "COD_CAR": "AL-2705804-D064C00AE1EB4D28BCED4E5400A888FC", "N_IMOVEL": "ASSOCIACAO RIACHO SECO II LOTE 10", "NM_MUN": "Olho d'Água do Casado", "ORGAO": "-", "OPERACAO": "MANDACARU - 2023", "PERIODO": "-", "N_PROCESSO": "-", "DATA_AI": "-", "MOTIVO": "DESMATAMENTO", "AI": "-", "TE": "-", "AI_APP": "-", "TE_APP": "-", "AI_RL": "-", "TE_RL": "-", "AREA_UTM": 2.58, "AREA_UC": 0.0, "AREA_TI": 0.0, "AREA_APP": 0.0, "AREA_RL": 0.0, "FORA_UC": 0.0, "FORA_TI": 0.0, "FORA_APP": 0.0, "FORA_RL": 0.0, "SITUACAO": "EMBARGADA" }, "geometry": { "type": "MultiPolygon", "coordinates": [ [ [ [ -37.861263268653346, -9.411027746343898 ], [ -37.861667299564758, -9.410869693815897 ], [ -37.863829589918993, -9.409987757632724 ], [ -37.863779780518044, -9.409882906018677 ], [ -37.863779780518044, -9.409882906018677 ], [ -37.863531095809527, -9.409654291155446 ], [ -37.863203779309053, -9.409353389723629 ], [ -37.863072707600857, -9.409403521595948 ], [ -37.862958844162627, -9.409574590058821 ], [ -37.860871591607903, -9.410225742358255 ], [ -37.861263268653346, -9.411027746343898 ] ] ] ] } },
{ "type": "Feature", "properties": { "fid": 286.0, "LAT_GD": -9.378558, "LONG_GD": -37.873595, "IMG_ANTES": "05/2021", "IMG_DEPOIS": "22/2022", "BIOMA": "Caatinga", "COD_CAR": "AL-2700102-73DCC76AE1BC431B866816ABC788C84E", "N_IMOVEL": "FAZENDA SANTA F", "NM_MUN": "Água Branca", "ORGAO": "-", "OPERACAO": "MANDACARU - 2023", "PERIODO": "-", "N_PROCESSO": "-", "DATA_AI": "-", "MOTIVO": "DESMATAMENTO", "AI": "-", "TE": "-", "AI_APP": "-", "TE_APP": "-", "AI_RL": "-", "TE_RL": "-", "AREA_UTM": 105.82, "AREA_UC": 0.0, "AREA_TI": 0.0, "AREA_APP": 0.0, "AREA_RL": 0.0, "FORA_UC": 0.0, "FORA_TI": 0.0, "FORA_APP": 0.0, "FORA_RL": 0.0, "SITUACAO": "EMBARGADA" }, "geometry": { "type": "MultiPolygon", "coordinates": [ [ [ [ -37.871807169506539, -9.382497160684368 ], [ -37.870018257430992, -9.379979432798683 ], [ -37.864303677467852, -9.375341512829301 ], [ -37.863591425493297, -9.376556206165658 ], [ -37.865269910796123, -9.378875166139419 ], [ -37.868715222773055, -9.383557256774724 ], [ -37.871807169506539, -9.382497160684368 ] ] ], [ [ [ -37.87827817204235, -9.387201336750326 ], [ -37.877633713255562, -9.386010390277027 ], [ -37.877140777391084, -9.384043134118301 ], [ -37.876246321389289, -9.385036974098158 ], [ -37.876665942704861, -9.385964558102051 ], [ -37.87611766392429, -9.3861472862545 ], [ -37.875440206754085, -9.386130198066994 ], [ -37.877505185380855, -9.387863896745893 ], [ -37.87827817204235, -9.387201336750326 ] ] ], [ [ [ -37.878697793367046, -9.382762184776919 ], [ -37.877337671514837, -9.38144537422439 ], [ -37.875340822725065, -9.379670238128064 ], [ -37.874148214736671, -9.380752419460185 ], [ -37.87529665206231, -9.381613747454418 ], [ -37.875605846726913, -9.381194126123882 ], [ -37.877008265389613, -9.382005762119084 ], [ -37.87827817204235, -9.383137635444205 ], [ -37.878697793367046, -9.382762184776919 ] ] ], [ [ [ -37.873233686483609, -9.371002211366241 ], [ -37.870267632084179, -9.370976189996611 ], [ -37.867334889448955, -9.37099070219222 ], [ -37.868439156108224, -9.372050798185125 ], [ -37.867953278778145, -9.372691272847502 ], [ -37.868439156108224, -9.373132979511201 ], [ -37.867997449444516, -9.373950136839072 ], [ -37.869079630776859, -9.374480184836537 ], [ -37.870691860213924, -9.373928051383094 ], [ -37.871288164089144, -9.37357468617491 ], [ -37.871906553418334, -9.373486344842181 ], [ -37.872304089415678, -9.37386179550632 ], [ -37.873386270741761, -9.373574686174912 ], [ -37.873805892072284, -9.373420088842614 ], [ -37.874048830737323, -9.375716963493899 ], [ -37.87506475606385, -9.376467864822214 ], [ -37.876544473387277, -9.376843315486362 ], [ -37.87700826538417, -9.377329192816438 ], [ -37.877427886714692, -9.378102179477924 ], [ -37.878929689371304, -9.376379523489465 ], [ -37.879073244037009, -9.375661750160946 ], [ -37.879702676032792, -9.374767294166928 ], [ -37.878741964039222, -9.373674070174255 ], [ -37.878013148044104, -9.373795539506775 ], [ -37.877438929381285, -9.373817624839957 ], [ -37.877019308050762, -9.373287576843504 ], [ -37.876058596057199, -9.372713358180688 ], [ -37.876356748055201, -9.372359992849729 ], [ -37.876870232051772, -9.372459376849061 ], [ -37.876712136309564, -9.371832013861848 ], [ -37.876505568996436, -9.37107865066794 ], [ -37.873233686483609, -9.371002211366241 ] ] ], [ [ [ -37.880624399187965, -9.390379511803351 ], [ -37.882727831396764, -9.387181241337776 ], [ -37.8810830093569, -9.385014888764962 ], [ -37.880530876027272, -9.385390339429122 ], [ -37.879824145365326, -9.384661523433994 ], [ -37.879338268035248, -9.385125315430887 ], [ -37.87889656137154, -9.384661523434007 ], [ -37.879338268035248, -9.384506926101704 ], [ -37.879227841369321, -9.384175646103925 ], [ -37.878123574710052, -9.384021048771629 ], [ -37.878786134705614, -9.385103230097716 ], [ -37.879382438701619, -9.385677448760537 ], [ -37.879890401364882, -9.387333848749442 ], [ -37.878719878706065, -9.388195176743675 ], [ -37.879338268035248, -9.388835651406053 ], [ -37.878940732037911, -9.389166931403837 ], [ -37.879338268035248, -9.389719064733473 ], [ -37.878609452040131, -9.390072430064427 ], [ -37.879647462699843, -9.390712904726808 ], [ -37.880111254696736, -9.39031536872948 ], [ -37.880624399187965, -9.390379511803351 ] ] ] ] } },
{ "type": "Feature", "properties": { "fid": 287.0, "LAT_GD": -9.199571, "LONG_GD": -37.493653, "IMG_ANTES": "12/2018", "IMG_DEPOIS": "08/2022", "BIOMA": "Caatinga", "COD_CAR": "AL-2701605-7960A059E96047A5B21C2D574329114A", "N_IMOVEL": "FAZENDA BELA VISTA", "NM_MUN": "Canapi", "ORGAO": "-", "OPERACAO": "MANDACARU - 2023", "PERIODO": "-", "N_PROCESSO": "-", "DATA_AI": "-", "MOTIVO": "DESMATAMENTO", "AI": "-", "TE": "-", "AI_APP": "-", "TE_APP": "-", "AI_RL": "-", "TE_RL": "-", "AREA_UTM": 14.0, "AREA_UC": 0.0, "AREA_TI": 0.0, "AREA_APP": 0.0, "AREA_RL": 0.0, "FORA_UC": 0.0, "FORA_TI": 0.0, "FORA_APP": 0.0, "FORA_RL": 0.0, "SITUACAO": "EMBARGADA" }, "geometry": { "type": "MultiPolygon", "coordinates": [ [ [ [ -37.494972671640724, -9.202076283706916 ], [ -37.494470757888877, -9.197493367645581 ], [ -37.492966629425723, -9.198445279279293 ], [ -37.493181255383902, -9.199524174305305 ], [ -37.493698481803037, -9.201498183128782 ], [ -37.493072815279518, -9.201833860095464 ], [ -37.49227718905059, -9.201500796662261 ], [ -37.491814017049514, -9.201644069346811 ], [ -37.492163461071833, -9.202367906714901 ], [ -37.491981298234357, -9.202501001267215 ], [ -37.492079919658039, -9.202837759074223 ], [ -37.492418586628482, -9.203016687341353 ], [ -37.492537114706629, -9.20331334817787 ], [ -37.492710519230343, -9.203379517241121 ], [ -37.494972671640724, -9.202076283706916 ] ] ], [ [ [ -37.494373033185667, -9.196601051096957 ], [ -37.494195234829348, -9.194977585293012 ], [ -37.492749620796417, -9.195225340060112 ], [ -37.492762766803033, -9.195556697939097 ], [ -37.492480902479599, -9.196109494557806 ], [ -37.492411409999761, -9.196432663458733 ], [ -37.4924280633618, -9.196555023685567 ], [ -37.493407421342233, -9.196921113966718 ], [ -37.493825348992921, -9.196669471505659 ], [ -37.494373033185667, -9.196601051096957 ] ] ] ] } },
{ "type": "Feature", "properties": { "fid": 288.0, "LAT_GD": -9.184662, "LONG_GD": -37.466114, "IMG_ANTES": "12/2018", "IMG_DEPOIS": "12/2022", "BIOMA": "Caatinga", "COD_CAR": "AL-2701605-2910F1BE840C4BA7A55F1787916B5577", "N_IMOVEL": "FAZENDA SANTA IZABEL", "NM_MUN": "Canapi", "ORGAO": "-", "OPERACAO": "MANDACARU - 2023", "PERIODO": "-", "N_PROCESSO": "2023.17102931768.AINF.IMA", "DATA_AI": "2023-01-24", "MOTIVO": "DESMATAMENTO", "AI": "SERIE A - TALAO 0001 - FOLHA 00038", "TE": "SERIE C - TALAO 0035 - FOLHA 01726", "AI_APP": "-", "TE_APP": "-", "AI_RL": "-", "TE_RL": "-", "AREA_UTM": 18.77, "AREA_UC": 0.0, "AREA_TI": 0.0, "AREA_APP": 0.0, "AREA_RL": 0.0, "FORA_UC": 0.0, "FORA_TI": 0.0, "FORA_APP": 0.0, "FORA_RL": 0.0, "SITUACAO": "EMBARGADA" }, "geometry": { "type": "MultiPolygon", "coordinates": [ [ [ [ -37.463355362479426, -9.182282646028117 ], [ -37.464366603862622, -9.187899381422421 ], [ -37.467101783690367, -9.186075340651429 ], [ -37.467493938410165, -9.186119992284951 ], [ -37.468633550598746, -9.185435878782155 ], [ -37.468942689533655, -9.184862016670568 ], [ -37.470604742828279, -9.184320183437395 ], [ -37.472387976377071, -9.183288383800221 ], [ -37.47217161078072, -9.182622785245091 ], [ -37.467502242874666, -9.185238741896795 ], [ -37.466783106967036, -9.184827945496124 ], [ -37.46564335847642, -9.185606397021044 ], [ -37.464805241546301, -9.181077860934874 ], [ -37.463355362479426, -9.182282646028117 ] ] ] ] } },
{ "type": "Feature", "properties": { "fid": 289.0, "LAT_GD": -9.429903, "LONG_GD": -37.86838, "IMG_ANTES": "12/2018", "IMG_DEPOIS": "10/2022", "BIOMA": "Caatinga", "COD_CAR": "AL-2705804-5B36B86368F94A6DAB74216ADAA6EA12", "N_IMOVEL": "FAZENDA SAO JOSE - LOTE 02", "NM_MUN": "Olho d'Água do Casado", "ORGAO": "-", "OPERACAO": "MANDACARU - 2023", "PERIODO": "-", "N_PROCESSO": "-", "DATA_AI": "-", "MOTIVO": "DESMATAMENTO", "AI": "-", "TE": "-", "AI_APP": "-", "TE_APP": "-", "AI_RL": "-", "TE_RL": "-", "AREA_UTM": 6.36, "AREA_UC": 0.0, "AREA_TI": 0.0, "AREA_APP": 0.0, "AREA_RL": 0.0, "FORA_UC": 0.0, "FORA_TI": 0.0, "FORA_APP": 0.0, "FORA_RL": 0.0, "SITUACAO": "EMBARGADA" }, "geometry": { "type": "MultiPolygon", "coordinates": [ [ [ [ -37.870236565940964, -9.429706580913427 ], [ -37.868930300582228, -9.428433455477281 ], [ -37.866265298323356, -9.43032243117619 ], [ -37.867519092125306, -9.43073115691422 ], [ -37.867822874770511, -9.431432618649765 ], [ -37.870236565940964, -9.429706580913427 ] ] ] ] } },
{ "type": "Feature", "properties": { "fid": 290.0, "LAT_GD": -9.428512, "LONG_GD": -37.856862, "IMG_ANTES": "12/2018", "IMG_DEPOIS": "10/2022", "BIOMA": "Caatinga", "COD_CAR": "AL-2705804-1F8A7163F0CD47A190ABFE2542DB8F7E", "N_IMOVEL": "FAZENDA SAO JOSE - LOTE 12", "NM_MUN": "Olho d'Água do Casado", "ORGAO": "-", "OPERACAO": "MANDACARU - 2023", "PERIODO": "-", "N_PROCESSO": "-", "DATA_AI": "-", "MOTIVO": "DESMATAMENTO", "AI": "-", "TE": "-", "AI_APP": "-", "TE_APP": "-", "AI_RL": "-", "TE_RL": "-", "AREA_UTM": 1.87, "AREA_UC": 0.0, "AREA_TI": 0.0, "AREA_APP": 0.0, "AREA_RL": 0.0, "FORA_UC": 0.0, "FORA_TI": 0.0, "FORA_APP": 0.0, "FORA_RL": 0.0, "SITUACAO": "EMBARGADA" }, "geometry": { "type": "MultiPolygon", "coordinates": [ [ [ [ -37.858609724346834, -9.427200319944939 ], [ -37.85851297292632, -9.427134950042296 ], [ -37.855252335436596, -9.428994319638894 ], [ -37.855456159603747, -9.42919015042391 ], [ -37.856229424509209, -9.428726191480626 ], [ -37.856472450622348, -9.429057590725831 ], [ -37.857858804143405, -9.42900788086075 ], [ -37.857080015935814, -9.428168336097743 ], [ -37.858609724346834, -9.427200319944939 ] ] ] ] } },
{ "type": "Feature", "properties": { "fid": 291.0, "LAT_GD": -9.552752, "LONG_GD": -37.755876, "IMG_ANTES": "11/2017", "IMG_DEPOIS": "08/2022", "BIOMA": "Caatinga", "COD_CAR": "AL-2707107-BB84081C407C4341BFDBF23EFC012E44", "N_IMOVEL": "SITIO POCO DOCE", "NM_MUN": "Piranhas", "ORGAO": "-", "OPERACAO": "MANDACARU - 2023", "PERIODO": "-", "N_PROCESSO": "-", "DATA_AI": "-", "MOTIVO": "DESMATAMENTO", "AI": "-", "TE": "-", "AI_APP": "-", "TE_APP": "-", "AI_RL": "-", "TE_RL": "-", "AREA_UTM": 1.93, "AREA_UC": 0.0, "AREA_TI": 0.0, "AREA_APP": 0.0, "AREA_RL": 0.0, "FORA_UC": 0.0, "FORA_TI": 0.0, "FORA_APP": 0.0, "FORA_RL": 0.0, "SITUACAO": "EMBARGADA" }, "geometry": { "type": "MultiPolygon", "coordinates": [ [ [ [ -37.756293280695957, -9.551992681819199 ], [ -37.754982450169472, -9.55260466592595 ], [ -37.755102188234794, -9.55293722945218 ], [ -37.755197733631057, -9.553202599648484 ], [ -37.755238184080348, -9.553342231721007 ], [ -37.755302179234917, -9.553566182369623 ], [ -37.756863190499807, -9.552802868445852 ], [ -37.756866505082733, -9.552745996376125 ], [ -37.756293280695957, -9.551992681819199 ] ] ] ] } },
{ "type": "Feature", "properties": { "fid": 292.0, "LAT_GD": -9.413993, "LONG_GD": -37.84106, "IMG_ANTES": "2018", "IMG_DEPOIS": "2021", "BIOMA": "Caatinga", "COD_CAR": "AL-2705804-322782A612194173870B2FDC6D4EE8B0", "N_IMOVEL": "EMPREENDIMENTO RIACHO SECO II", "NM_MUN": "Olho d'Água do Casado", "ORGAO": "-", "OPERACAO": "MANDACARU - 2023", "PERIODO": "-", "N_PROCESSO": "-", "DATA_AI": "-", "MOTIVO": "DESMATAMENTO", "AI": "-", "TE": "-", "AI_APP": "-", "TE_APP": "-", "AI_RL": "-", "TE_RL": "-", "AREA_UTM": 2.35, "AREA_UC": 0.0, "AREA_TI": 0.0, "AREA_APP": 0.0, "AREA_RL": 0.0, "FORA_UC": 0.0, "FORA_TI": 0.0, "FORA_APP": 0.0, "FORA_RL": 0.0, "SITUACAO": "EMBARGADA" }, "geometry": { "type": "MultiPolygon", "coordinates": [ [ [ [ -37.840983707252278, -9.412883223834324 ], [ -37.839903410767576, -9.413120056151755 ], [ -37.841492817242049, -9.415180709997323 ], [ -37.842201491099487, -9.414875762670937 ], [ -37.84112517568169, -9.413542066697708 ], [ -37.840983707252278, -9.412883223834324 ] ] ] ] } },
{ "type": "Feature", "properties": { "fid": 293.0, "LAT_GD": -9.072032, "LONG_GD": -37.445164, "IMG_ANTES": "05/2018", "IMG_DEPOIS": "12/2022", "BIOMA": "Caatinga", "COD_CAR": "AL-2701605-323F68174277411D9ED17381818D0E93", "N_IMOVEL": "SITIO BERNARDO", "NM_MUN": "Canapi", "ORGAO": "-", "OPERACAO": "MANDACARU - 2023", "PERIODO": "-", "N_PROCESSO": "-", "DATA_AI": "-", "MOTIVO": "DESMATAMENTO", "AI": "-", "TE": "-", "AI_APP": "-", "TE_APP": "-", "AI_RL": "-", "TE_RL": "-", "AREA_UTM": 0.39, "AREA_UC": 0.0, "AREA_TI": 0.0, "AREA_APP": 0.0, "AREA_RL": 0.0, "FORA_UC": 0.0, "FORA_TI": 0.0, "FORA_APP": 0.0, "FORA_RL": 0.0, "SITUACAO": "EMBARGADA" }, "geometry": { "type": "MultiPolygon", "coordinates": [ [ [ [ -37.445089806642009, -9.072189759160562 ], [ -37.445269856240358, -9.072698497355296 ], [ -37.445537100812246, -9.07263081049914 ], [ -37.444935724977739, -9.071212161348955 ], [ -37.444809076212195, -9.071261804176689 ], [ -37.445089806642009, -9.072189759160562 ] ] ] ] } },
{ "type": "Feature", "properties": { "fid": 294.0, "LAT_GD": -9.072836, "LONG_GD": -37.438431, "IMG_ANTES": "05/2018", "IMG_DEPOIS": "12/2022", "BIOMA": "Caatinga", "COD_CAR": "AL-2701605-AE029D1D64934FA894D54901A5DBBB8C", "N_IMOVEL": "SITIO BERNARDO", "NM_MUN": "Canapi", "ORGAO": "-", "OPERACAO": "MANDACARU - 2023", "PERIODO": "-", "N_PROCESSO": "-", "DATA_AI": "-", "MOTIVO": "DESMATAMENTO", "AI": "-", "TE": "-", "AI_APP": "-", "TE_APP": "-", "AI_RL": "-", "TE_RL": "-", "AREA_UTM": 2.13, "AREA_UC": 0.0, "AREA_TI": 0.0, "AREA_APP": 0.0, "AREA_RL": 0.0, "FORA_UC": 0.0, "FORA_TI": 0.0, "FORA_APP": 0.0, "FORA_RL": 0.0, "SITUACAO": "EMBARGADA" }, "geometry": { "type": "MultiPolygon", "coordinates": [ [ [ [ -37.438784022220595, -9.07192586322083 ], [ -37.43758643888404, -9.07239221081811 ], [ -37.438189176309976, -9.073751061326185 ], [ -37.439193635601647, -9.073357172620602 ], [ -37.438784022220595, -9.07192586322083 ] ] ] ] } },
{ "type": "Feature", "properties": { "fid": 295.0, "LAT_GD": -9.414452, "LONG_GD": -37.848638, "IMG_ANTES": "2018", "IMG_DEPOIS": "2021", "BIOMA": "Caatinga", "COD_CAR": "AL-2705804-7E9BB98C769E4370BA98C183FF59834D", "N_IMOVEL": "FAZENDA RIACHO SECO", "NM_MUN": "Olho d'Água do Casado", "ORGAO": "-", "OPERACAO": "MANDACARU - 2023", "PERIODO": "-", "N_PROCESSO": "-", "DATA_AI": "-", "MOTIVO": "DESMATAMENTO", "AI": "-", "TE": "-", "AI_APP": "-", "TE_APP": "-", "AI_RL": "-", "TE_RL": "-", "AREA_UTM": 11.52, "AREA_UC": 0.0, "AREA_TI": 0.0, "AREA_APP": 0.0, "AREA_RL": 0.0, "FORA_UC": 0.0, "FORA_TI": 0.0, "FORA_APP": 0.0, "FORA_RL": 0.0, "SITUACAO": "EMBARGADA" }, "geometry": { "type": "MultiPolygon", "coordinates": [ [ [ [ -37.845493874645733, -9.423954090280672 ], [ -37.840722007620656, -9.422836564538418 ], [ -37.840145107598772, -9.423798118921331 ], [ -37.84008647244832, -9.424272528629489 ], [ -37.842036509636692, -9.424735430851646 ], [ -37.84245726575687, -9.42351008068451 ], [ -37.845541249742404, -9.424054291590942 ], [ -37.845493874645733, -9.423954090280672 ] ] ], [ [ [ -37.863203779309053, -9.409353389723629 ], [ -37.863531095809527, -9.409654291155446 ], [ -37.863779780518044, -9.409882906018677 ], [ -37.863478348490467, -9.409248373200146 ], [ -37.863203779309053, -9.409353389723629 ] ] ], [ [ [ -37.85510333642263, -9.408391677475182 ], [ -37.855320532088172, -9.409273765429207 ], [ -37.855299837763923, -9.408340003570975 ], [ -37.85510333642263, -9.408391677475182 ] ] ], [ [ [ -37.86010126519465, -9.406501216348094 ], [ -37.861653721920604, -9.407928414517476 ], [ -37.86239944238352, -9.407757296313676 ], [ -37.86010126519465, -9.406501216348094 ] ] ], [ [ [ -37.858970483548653, -9.40884343693315 ], [ -37.859481494815626, -9.409796444747768 ], [ -37.859651975646592, -9.409748106137439 ], [ -37.858970483548653, -9.40884343693315 ] ] ], [ [ [ -37.852720128494347, -9.406579868880581 ], [ -37.852763086066012, -9.409391203408278 ], [ -37.85364967153042, -9.409262015014328 ], [ -37.853671949805126, -9.409535274878349 ], [ -37.853829418190784, -9.409479506253174 ], [ -37.853225523325577, -9.406431167891645 ], [ -37.852720128494347, -9.406579868880581 ] ] ], [ [ [ -37.848914771177938, -9.410725278725575 ], [ -37.848922471206315, -9.410886504693883 ], [ -37.849486721928493, -9.410757372005229 ], [ -37.850653139047466, -9.410455078012008 ], [ -37.850468262825686, -9.408037098670333 ], [ -37.850160824396532, -9.408101756451014 ], [ -37.85012055260411, -9.406786352380653 ], [ -37.849712672040035, -9.408102050371513 ], [ -37.849972936926676, -9.409665401898343 ], [ -37.84914685240399, -9.410049163783672 ], [ -37.849351992056327, -9.41059270867264 ], [ -37.848914771177938, -9.410725278725575 ] ] ] ] } },
{ "type": "Feature", "properties": { "fid": 296.0, "LAT_GD": -9.412522, "LONG_GD": -37.846114, "IMG_ANTES": "2018", "IMG_DEPOIS": "2021", "BIOMA": "Caatinga", "COD_CAR": "AL-2705804-A56AC7A1205D4D1EBF872F2215CCF7BC", "N_IMOVEL": "ASSOCIACAO RIACHO SECO II LOTE 16", "NM_MUN": "Olho d'Água do Casado", "ORGAO": "-", "OPERACAO": "MANDACARU - 2023", "PERIODO": "-", "N_PROCESSO": "-", "DATA_AI": "-", "MOTIVO": "DESMATAMENTO", "AI": "-", "TE": "-", "AI_APP": "-", "TE_APP": "-", "AI_RL": "-", "TE_RL": "-", "AREA_UTM": 3.25, "AREA_UC": 0.0, "AREA_TI": 0.0, "AREA_APP": 0.0, "AREA_RL": 0.0, "FORA_UC": 0.0, "FORA_TI": 0.0, "FORA_APP": 0.0, "FORA_RL": 0.0, "SITUACAO": "EMBARGADA" }, "geometry": { "type": "MultiPolygon", "coordinates": [ [ [ [ -37.845708493772037, -9.411682344414453 ], [ -37.844867721201815, -9.411908702701435 ], [ -37.84523197061938, -9.412827460798193 ], [ -37.845937667033887, -9.412551319001736 ], [ -37.846137861809908, -9.412973420640391 ], [ -37.84573464751179, -9.413155892454361 ], [ -37.846029345284833, -9.413735430294683 ], [ -37.847324421552273, -9.412992938242111 ], [ -37.846967604808881, -9.41253154883367 ], [ -37.847028437359725, -9.412508014219144 ], [ -37.846293630845935, -9.411548094637887 ], [ -37.845708493772037, -9.411682344414453 ] ] ] ] } },
{ "type": "Feature", "properties": { "fid": 297.0, "LAT_GD": -9.425246, "LONG_GD": -37.850009, "IMG_ANTES": "2018", "IMG_DEPOIS": "2021", "BIOMA": "Caatinga", "COD_CAR": "AL-2705804-621250ECBA534B1DAC06E368C2AC8004", "N_IMOVEL": "ASSOCIACAO RIACHO SECO II LOTE 25", "NM_MUN": "Olho d'Água do Casado", "ORGAO": "-", "OPERACAO": "MANDACARU - 2023", "PERIODO": "-", "N_PROCESSO": "-", "DATA_AI": "-", "MOTIVO": "DESMATAMENTO", "AI": "-", "TE": "-", "AI_APP": "-", "TE_APP": "-", "AI_RL": "-", "TE_RL": "-", "AREA_UTM": 3.37, "AREA_UC": 0.0, "AREA_TI": 0.0, "AREA_APP": 0.0, "AREA_RL": 0.0, "FORA_UC": 0.0, "FORA_TI": 0.0, "FORA_APP": 0.0, "FORA_RL": 0.0, "SITUACAO": "EMBARGADA" }, "geometry": { "type": "MultiPolygon", "coordinates": [ [ [ [ -37.85065314491662, -9.425987173937864 ], [ -37.850662916603994, -9.425975660569559 ], [ -37.851139146038157, -9.425288199542438 ], [ -37.851353024690702, -9.424794706149509 ], [ -37.850061639107992, -9.424471662626459 ], [ -37.849973256109358, -9.424744680261076 ], [ -37.849192826133923, -9.424551158993202 ], [ -37.848617128680679, -9.42569129525619 ], [ -37.850518368149558, -9.426001599920344 ], [ -37.85065314491662, -9.425987173937864 ] ] ] ] } },
{ "type": "Feature", "properties": { "fid": 298.0, "LAT_GD": -9.171445, "LONG_GD": -37.814361, "IMG_ANTES": "05/2018", "IMG_DEPOIS": "12/2022", "BIOMA": "Caatinga", "COD_CAR": "AL-2705002-DDD72186FACC40D1B68E3F83BF2FA20A", "N_IMOVEL": "SITIO SERRA DO SOBRADO", "NM_MUN": "Mata Grande", "ORGAO": "-", "OPERACAO": "MANDACARU - 2023", "PERIODO": "-", "N_PROCESSO": "-", "DATA_AI": "-", "MOTIVO": "DESMATAMENTO", "AI": "-", "TE": "-", "AI_APP": "-", "TE_APP": "-", "AI_RL": "-", "TE_RL": "-", "AREA_UTM": 43.57, "AREA_UC": 0.0, "AREA_TI": 0.0, "AREA_APP": 0.0, "AREA_RL": 0.0, "FORA_UC": 0.0, "FORA_TI": 0.0, "FORA_APP": 0.0, "FORA_RL": 0.0, "SITUACAO": "EMBARGADA" }, "geometry": { "type": "MultiPolygon", "coordinates": [ [ [ [ -37.813997862457981, -9.177735800237595 ], [ -37.817082162262565, -9.171774704727691 ], [ -37.815364120151884, -9.166928495070417 ], [ -37.815089629952702, -9.166184185958201 ], [ -37.814950619321834, -9.165762085348758 ], [ -37.814511999233574, -9.164524811594317 ], [ -37.814355881122729, -9.164555881496018 ], [ -37.8133343696474, -9.164805306199167 ], [ -37.813418216574419, -9.165500343143709 ], [ -37.813526939113409, -9.166448318786742 ], [ -37.813591548017207, -9.166835092842916 ], [ -37.813816755599653, -9.168689709220125 ], [ -37.812931209774447, -9.168252825114672 ], [ -37.812386222374116, -9.169767389777379 ], [ -37.814216214941595, -9.171562476764564 ], [ -37.812648979909405, -9.17155382280372 ], [ -37.811870575806296, -9.173214795242085 ], [ -37.811435380566401, -9.174246560006482 ], [ -37.811749322001262, -9.174859898169391 ], [ -37.811729666154037, -9.174888423388852 ], [ -37.811776676911236, -9.174967851270203 ], [ -37.812205050815905, -9.174380744867335 ], [ -37.813317764656837, -9.174596263481593 ], [ -37.813409707073937, -9.1754440256276 ], [ -37.812745922439106, -9.175583089842839 ], [ -37.813165608124102, -9.177608956207283 ], [ -37.813997862457981, -9.177735800237595 ] ] ] ] } },
{ "type": "Feature", "properties": { "fid": 299.0, "LAT_GD": -9.418639, "LONG_GD": -37.853252, "IMG_ANTES": "2018", "IMG_DEPOIS": "2021", "BIOMA": "Caatinga", "COD_CAR": "AL-2705804-73D41648C6324701B341A8B8AB8B713F", "N_IMOVEL": "ASSOCIACAO RIACHO SECO II LOTE 28", "NM_MUN": "Olho d'Água do Casado", "ORGAO": "-", "OPERACAO": "MANDACARU - 2023", "PERIODO": "-", "N_PROCESSO": "-", "DATA_AI": "-", "MOTIVO": "DESMATAMENTO", "AI": "-", "TE": "-", "AI_APP": "-", "TE_APP": "-", "AI_RL": "-", "TE_RL": "-", "AREA_UTM": 2.53, "AREA_UC": 0.0, "AREA_TI": 0.0, "AREA_APP": 0.0, "AREA_RL": 0.0, "FORA_UC": 0.0, "FORA_TI": 0.0, "FORA_APP": 0.0, "FORA_RL": 0.0, "SITUACAO": "EMBARGADA" }, "geometry": { "type": "MultiPolygon", "coordinates": [ [ [ [ -37.851961307357946, -9.419439674397797 ], [ -37.853459444376327, -9.419700381178775 ], [ -37.854058650723942, -9.417652624535497 ], [ -37.853250045766707, -9.417544866404086 ], [ -37.852961977910233, -9.418094051730449 ], [ -37.852677043710422, -9.418141004644363 ], [ -37.852796819502963, -9.418543546202525 ], [ -37.852667364449417, -9.419109985452176 ], [ -37.852472610504833, -9.4190931541337 ], [ -37.852381355202922, -9.419491856396876 ], [ -37.851961307357946, -9.419439674397797 ] ] ] ] } },
{ "type": "Feature", "properties": { "fid": 300.0, "LAT_GD": -9.410477, "LONG_GD": -37.846707, "IMG_ANTES": "2018", "IMG_DEPOIS": "2021", "BIOMA": "Caatinga", "COD_CAR": "AL-2705804-52C3739752FA4D98A5897E0F45BA7208", "N_IMOVEL": "ASSOCIACAO RIACHO SECO II LOTE 01", "NM_MUN": "Olho d'Água do Casado", "ORGAO": "-", "OPERACAO": "MANDACARU - 2023", "PERIODO": "-", "N_PROCESSO": "-", "DATA_AI": "-", "MOTIVO": "DESMATAMENTO", "AI": "-", "TE": "-", "AI_APP": "-", "TE_APP": "-", "AI_RL": "-", "TE_RL": "-", "AREA_UTM": 2.0, "AREA_UC": 0.0, "AREA_TI": 0.0, "AREA_APP": 0.0, "AREA_RL": 0.0, "FORA_UC": 0.0, "FORA_TI": 0.0, "FORA_APP": 0.0, "FORA_RL": 0.0, "SITUACAO": "EMBARGADA" }, "geometry": { "type": "MultiPolygon", "coordinates": [ [ [ [ -37.845760091511188, -9.409894386545552 ], [ -37.845768333810909, -9.410470284507896 ], [ -37.846484691166538, -9.410449222652973 ], [ -37.846532856439993, -9.411433373224504 ], [ -37.847314114461867, -9.411254582653296 ], [ -37.847302261297699, -9.409657887989967 ], [ -37.847294619336139, -9.409659296939385 ], [ -37.84703652547725, -9.409854985293013 ], [ -37.845760091511188, -9.409894386545552 ] ] ] ] } },
{ "type": "Feature", "properties": { "fid": 301.0, "LAT_GD": -9.416303, "LONG_GD": -37.853739, "IMG_ANTES": "2018", "IMG_DEPOIS": "2021", "BIOMA": "Caatinga", "COD_CAR": "AL-2705804-C92E3E9E20434204ACE16EE1D4513079", "N_IMOVEL": "ASSOCIACAO RIACHO SECO II LOTE 29", "NM_MUN": "Olho d'Água do Casado", "ORGAO": "-", "OPERACAO": "MANDACARU - 2023", "PERIODO": "-", "N_PROCESSO": "-", "DATA_AI": "-", "MOTIVO": "DESMATAMENTO", "AI": "-", "TE": "-", "AI_APP": "-", "TE_APP": "-", "AI_RL": "-", "TE_RL": "-", "AREA_UTM": 3.91, "AREA_UC": 0.0, "AREA_TI": 0.0, "AREA_APP": 0.0, "AREA_RL": 0.0, "FORA_UC": 0.0, "FORA_TI": 0.0, "FORA_APP": 0.0, "FORA_RL": 0.0, "SITUACAO": "EMBARGADA" }, "geometry": { "type": "MultiPolygon", "coordinates": [ [ [ [ -37.852151001741717, -9.417303308551732 ], [ -37.852875425608488, -9.417416022790736 ], [ -37.854078427635095, -9.41760319636305 ], [ -37.854595181078587, -9.416021109785161 ], [ -37.854065122504828, -9.416112426551141 ], [ -37.853884529920705, -9.415568906392222 ], [ -37.854790302283519, -9.415276098621879 ], [ -37.854956855696109, -9.414615808835384 ], [ -37.853632273725765, -9.414905506958908 ], [ -37.853218224854317, -9.416949997611216 ], [ -37.852163635029967, -9.416858179053744 ], [ -37.852151001741717, -9.417303308551732 ] ] ] ] } },
{ "type": "Feature", "properties": { "fid": 302.0, "LAT_GD": -9.420304, "LONG_GD": -37.851959, "IMG_ANTES": "2018", "IMG_DEPOIS": "2021", "BIOMA": "Caatinga", "COD_CAR": "AL-2705804-D8678B49BBF94915B65C142052024176", "N_IMOVEL": "EMPREENDIMENTO RIACHO SECO II", "NM_MUN": "Olho d'Água do Casado", "ORGAO": "-", "OPERACAO": "MANDACARU - 2023", "PERIODO": "-", "N_PROCESSO": "-", "DATA_AI": "-", "MOTIVO": "DESMATAMENTO", "AI": "-", "TE": "-", "AI_APP": "-", "TE_APP": "-", "AI_RL": "-", "TE_RL": "-", "AREA_UTM": 2.42, "AREA_UC": 0.0, "AREA_TI": 0.0, "AREA_APP": 0.0, "AREA_RL": 0.0, "FORA_UC": 0.0, "FORA_TI": 0.0, "FORA_APP": 0.0, "FORA_RL": 0.0, "SITUACAO": "EMBARGADA" }, "geometry": { "type": "MultiPolygon", "coordinates": [ [ [ [ -37.853454822793701, -9.41971617507831 ], [ -37.851551455097685, -9.419388758492515 ], [ -37.851265238505277, -9.419353201546611 ], [ -37.851677468972753, -9.420197080393843 ], [ -37.85109333998497, -9.420893611757322 ], [ -37.851729204550388, -9.421434060417138 ], [ -37.852486255771701, -9.420645231568871 ], [ -37.85273108820202, -9.420241596821802 ], [ -37.852665117255633, -9.419604886011754 ], [ -37.853454795188419, -9.419716269417194 ], [ -37.853454822793701, -9.41971617507831 ] ] ] ] } },
{ "type": "Feature", "properties": { "fid": 303.0, "LAT_GD": -9.559285, "LONG_GD": -37.754382, "IMG_ANTES": "11/2017", "IMG_DEPOIS": "08/2022", "BIOMA": "Caatinga", "COD_CAR": "AL-2707107-D831F95841C748DDA122B32D28F5E8A8", "N_IMOVEL": "SITIO SERROTA", "NM_MUN": "Piranhas", "ORGAO": "-", "OPERACAO": "MANDACARU - 2023", "PERIODO": "-", "N_PROCESSO": "-", "DATA_AI": "-", "MOTIVO": "DESMATAMENTO", "AI": "-", "TE": "-", "AI_APP": "-", "TE_APP": "-", "AI_RL": "-", "TE_RL": "-", "AREA_UTM": 14.81, "AREA_UC": 0.0, "AREA_TI": 0.0, "AREA_APP": 0.0, "AREA_RL": 0.0, "FORA_UC": 0.0, "FORA_TI": 0.0, "FORA_APP": 0.0, "FORA_RL": 0.0, "SITUACAO": "EMBARGADA" }, "geometry": { "type": "MultiPolygon", "coordinates": [ [ [ [ -37.756977361982088, -9.558622114962654 ], [ -37.756322756303149, -9.556941494694797 ], [ -37.755096115399382, -9.557347188654088 ], [ -37.75506953669835, -9.557356308398326 ], [ -37.752372957268392, -9.558532612962509 ], [ -37.752658065535918, -9.559209679913916 ], [ -37.753263971620115, -9.559076645259683 ], [ -37.754216022419008, -9.559485685610396 ], [ -37.754820726788246, -9.55968315438818 ], [ -37.756061718764037, -9.559717645064163 ], [ -37.757164876743687, -9.559245699048784 ], [ -37.756977361982088, -9.558622114962654 ] ] ], [ [ [ -37.75573829660285, -9.560540883859902 ], [ -37.754634703179526, -9.560891855534079 ], [ -37.754107368813102, -9.560228944454792 ], [ -37.753110511933933, -9.559654487693164 ], [ -37.751671831061167, -9.559874670644438 ], [ -37.752244401710399, -9.560582816783224 ], [ -37.751756344007369, -9.561602640544903 ], [ -37.751998770020393, -9.562025808104327 ], [ -37.75573829660285, -9.560540883859902 ] ] ] ] } },
{ "type": "Feature", "properties": { "fid": 304.0, "LAT_GD": -9.20361, "LONG_GD": -37.6109, "IMG_ANTES": "12/2018", "IMG_DEPOIS": "11/2021", "BIOMA": "Caatinga", "COD_CAR": "AL-2701605-C43F33ED51CE4618AAC97A222342C9A7", "N_IMOVEL": "SITIO MANDU", "NM_MUN": "Canapi", "ORGAO": "-", "OPERACAO": "MANDACARU - 2023", "PERIODO": "-", "N_PROCESSO": "2023.07112979077.AINF.IMA", "DATA_AI": "2023-01-20", "MOTIVO": "DESMATAMENTO", "AI": "SERIE A - TALAO 0001 - FOLHA 00028", "TE": "SERIE C - TALAO 0035 - FOLHA 01716", "AI_APP": "-", "TE_APP": "-", "AI_RL": "-", "TE_RL": "-", "AREA_UTM": 6.33, "AREA_UC": 0.0, "AREA_TI": 0.0, "AREA_APP": 0.0, "AREA_RL": 0.0, "FORA_UC": 0.0, "FORA_TI": 0.0, "FORA_APP": 0.0, "FORA_RL": 0.0, "SITUACAO": "EMBARGADA" }, "geometry": { "type": "MultiPolygon", "coordinates": [ [ [ [ -37.6130457964478, -9.201459208806957 ], [ -37.612287726914616, -9.201456291800534 ], [ -37.610980202515165, -9.202628194144157 ], [ -37.612898246096755, -9.202847428324983 ], [ -37.6130457964478, -9.201459208806957 ] ] ], [ [ [ -37.611805395255537, -9.203643539157531 ], [ -37.609506933024647, -9.203775912349952 ], [ -37.608235570585201, -9.204783170533709 ], [ -37.608232521148544, -9.205107733211941 ], [ -37.610758770704095, -9.204734058392706 ], [ -37.611658297183325, -9.204914065175346 ], [ -37.611805395255537, -9.203643539157531 ] ] ] ] } },
{ "type": "Feature", "properties": { "fid": 305.0, "LAT_GD": -9.210531, "LONG_GD": -37.591988, "IMG_ANTES": "05/2021", "IMG_DEPOIS": "12/2022", "BIOMA": "Caatinga", "COD_CAR": "AL-2701605-807E44D65F424DA6AEF7448D8A1D30B5", "N_IMOVEL": "SITIO MANDU", "NM_MUN": "Canapi", "ORGAO": "-", "OPERACAO": "MANDACARU - 2023", "PERIODO": "-", "N_PROCESSO": "-", "DATA_AI": "-", "MOTIVO": "DESMATAMENTO", "AI": "-", "TE": "-", "AI_APP": "-", "TE_APP": "-", "AI_RL": "-", "TE_RL": "-", "AREA_UTM": 1.91, "AREA_UC": 0.0, "AREA_TI": 0.0, "AREA_APP": 0.0, "AREA_RL": 0.0, "FORA_UC": 0.0, "FORA_TI": 0.0, "FORA_APP": 0.0, "FORA_RL": 0.0, "SITUACAO": "EMBARGADA" }, "geometry": { "type": "MultiPolygon", "coordinates": [ [ [ [ -37.592973582566657, -9.210549689836583 ], [ -37.592499630284841, -9.209671395740363 ], [ -37.591274785662769, -9.210425374836772 ], [ -37.591057657931827, -9.211413144501149 ], [ -37.592973582566657, -9.210549689836583 ] ] ] ] } },
{ "type": "Feature", "properties": { "fid": 306.0, "LAT_GD": -9.199099, "LONG_GD": -37.587632, "IMG_ANTES": "05/2021", "IMG_DEPOIS": "12/2022", "BIOMA": "Caatinga", "COD_CAR": "AL-2701605-C913D95905CC4A45BEA8302A9A971CB3", "N_IMOVEL": "FAZENDA MANDU", "NM_MUN": "Canapi", "ORGAO": "-", "OPERACAO": "MANDACARU - 2023", "PERIODO": "-", "N_PROCESSO": "-", "DATA_AI": "-", "MOTIVO": "DESMATAMENTO", "AI": "-", "TE": "-", "AI_APP": "-", "TE_APP": "-", "AI_RL": "-", "TE_RL": "-", "AREA_UTM": 23.71, "AREA_UC": 0.0, "AREA_TI": 0.0, "AREA_APP": 0.0, "AREA_RL": 0.0, "FORA_UC": 0.0, "FORA_TI": 0.0, "FORA_APP": 0.0, "FORA_RL": 0.0, "SITUACAO": "EMBARGADA" }, "geometry": { "type": "MultiPolygon", "coordinates": [ [ [ [ -37.583718343032778, -9.201173112567743 ], [ -37.592207068565735, -9.199143806286068 ], [ -37.59249236985211, -9.1990727761992 ], [ -37.591197374006413, -9.197066941761591 ], [ -37.5830640444035, -9.199035854755691 ], [ -37.583718343032778, -9.201173112567743 ] ] ] ] } },
{ "type": "Feature", "properties": { "fid": 307.0, "LAT_GD": -9.410372, "LONG_GD": -37.847973, "IMG_ANTES": "2018", "IMG_DEPOIS": "2021", "BIOMA": "Caatinga", "COD_CAR": "AL-2705804-E1FFF35F224B4BDF938B1529E497A4AD", "N_IMOVEL": "ASSOCIACAO RIACHO SECO II LOTE 02", "NM_MUN": "Olho d'Água do Casado", "ORGAO": "-", "OPERACAO": "MANDACARU - 2023", "PERIODO": "-", "N_PROCESSO": "-", "DATA_AI": "-", "MOTIVO": "DESMATAMENTO", "AI": "-", "TE": "-", "AI_APP": "-", "TE_APP": "-", "AI_RL": "-", "TE_RL": "-", "AREA_UTM": 2.41, "AREA_UC": 0.0, "AREA_TI": 0.0, "AREA_APP": 0.0, "AREA_RL": 0.0, "FORA_UC": 0.0, "FORA_TI": 0.0, "FORA_APP": 0.0, "FORA_RL": 0.0, "SITUACAO": "EMBARGADA" }, "geometry": { "type": "MultiPolygon", "coordinates": [ [ [ [ -37.847320932344516, -9.40965444560595 ], [ -37.847349406321712, -9.41124650607952 ], [ -37.848922471206315, -9.410886504693883 ], [ -37.848914771177938, -9.410725278725575 ], [ -37.848789214670411, -9.410763348680312 ], [ -37.848332471385049, -9.409467946370585 ], [ -37.847320932344516, -9.40965444560595 ] ] ] ] } },
{ "type": "Feature", "properties": { "fid": 308.0, "LAT_GD": -9.427618, "LONG_GD": -37.865337, "IMG_ANTES": "12/2018", "IMG_DEPOIS": "10/2022", "BIOMA": "Caatinga", "COD_CAR": "AL-2705804-0BF3635EB94346F0A4D6B2BC67EFF735", "N_IMOVEL": "FAZENDA SAO JOSE - LOTE 04", "NM_MUN": "Olho d'Água do Casado", "ORGAO": "-", "OPERACAO": "MANDACARU - 2023", "PERIODO": "-", "N_PROCESSO": "-", "DATA_AI": "-", "MOTIVO": "DESMATAMENTO", "AI": "-", "TE": "-", "AI_APP": "-", "TE_APP": "-", "AI_RL": "-", "TE_RL": "-", "AREA_UTM": 3.03, "AREA_UC": 0.0, "AREA_TI": 0.0, "AREA_APP": 0.0, "AREA_RL": 0.0, "FORA_UC": 0.0, "FORA_TI": 0.0, "FORA_APP": 0.0, "FORA_RL": 0.0, "SITUACAO": "EMBARGADA" }, "geometry": { "type": "MultiPolygon", "coordinates": [ [ [ [ -37.864582812620966, -9.42914389831521 ], [ -37.86503601550433, -9.428825267388239 ], [ -37.86384884548837, -9.427638097292233 ], [ -37.862987207450857, -9.428212522650576 ], [ -37.864312804431641, -9.429317186801237 ], [ -37.864582812620966, -9.42914389831521 ] ] ], [ [ [ -37.867772523466748, -9.425806060228616 ], [ -37.867403709020472, -9.425421943203899 ], [ -37.866831438695144, -9.42578226151913 ], [ -37.867889563382427, -9.42681901009597 ], [ -37.868360674052234, -9.42648777935252 ], [ -37.867772523466748, -9.425806060228616 ] ] ] ] } },
{ "type": "Feature", "properties": { "fid": 309.0, "LAT_GD": -9.409572, "LONG_GD": -37.85808, "IMG_ANTES": "2018", "IMG_DEPOIS": "2021", "BIOMA": "Caatinga", "COD_CAR": "AL-2705804-B15B31EF0D404FF3A54357B2CA82ED60", "N_IMOVEL": "ASSOCIACAO RIACHO SECO II LOTE 11", "NM_MUN": "Olho d'Água do Casado", "ORGAO": "-", "OPERACAO": "MANDACARU - 2023", "PERIODO": "-", "N_PROCESSO": "-", "DATA_AI": "-", "MOTIVO": "DESMATAMENTO", "AI": "-", "TE": "-", "AI_APP": "-", "TE_APP": "-", "AI_RL": "-", "TE_RL": "-", "AREA_UTM": 3.05, "AREA_UC": 0.0, "AREA_TI": 0.0, "AREA_APP": 0.0, "AREA_RL": 0.0, "FORA_UC": 0.0, "FORA_TI": 0.0, "FORA_APP": 0.0, "FORA_RL": 0.0, "SITUACAO": "EMBARGADA" }, "geometry": { "type": "MultiPolygon", "coordinates": [ [ [ [ -37.859481494815626, -9.409796444747768 ], [ -37.858970483548653, -9.40884343693315 ], [ -37.858960468961563, -9.408830142697724 ], [ -37.856521159589207, -9.409413025236924 ], [ -37.856659437530013, -9.409952627642996 ], [ -37.857256698302216, -9.409760388471797 ], [ -37.857596154470599, -9.410331012807482 ], [ -37.859481494815626, -9.409796444747768 ] ] ] ] } },
{ "type": "Feature", "properties": { "fid": 310.0, "LAT_GD": -9.407854, "LONG_GD": -37.859244, "IMG_ANTES": "2018", "IMG_DEPOIS": "2021", "BIOMA": "Caatinga", "COD_CAR": "AL-2705804-39301979BE6F420F9A8F7B5399F47E9E", "N_IMOVEL": "ASSOCIACAO RIACHO SECO II LOTE 09", "NM_MUN": "Olho d'Água do Casado", "ORGAO": "-", "OPERACAO": "MANDACARU - 2023", "PERIODO": "-", "N_PROCESSO": "-", "DATA_AI": "-", "MOTIVO": "DESMATAMENTO", "AI": "-", "TE": "-", "AI_APP": "-", "TE_APP": "-", "AI_RL": "-", "TE_RL": "-", "AREA_UTM": 1.86, "AREA_UC": 0.0, "AREA_TI": 0.0, "AREA_APP": 0.0, "AREA_RL": 0.0, "FORA_UC": 0.0, "FORA_TI": 0.0, "FORA_APP": 0.0, "FORA_RL": 0.0, "SITUACAO": "EMBARGADA" }, "geometry": { "type": "MultiPolygon", "coordinates": [ [ [ [ -37.85989274973128, -9.408332492332203 ], [ -37.859824100399848, -9.406349729032309 ], [ -37.859777891439641, -9.40632447300977 ], [ -37.859784136071383, -9.407155576061925 ], [ -37.858357017310503, -9.407633078495527 ], [ -37.858773068869617, -9.408576642933101 ], [ -37.859737298301226, -9.408368162190802 ], [ -37.85989274973128, -9.408332492332203 ] ] ] ] } },
{ "type": "Feature", "properties": { "fid": 311.0, "LAT_GD": -9.408441, "LONG_GD": -37.852077, "IMG_ANTES": "2018", "IMG_DEPOIS": "2021", "BIOMA": "Caatinga", "COD_CAR": "AL-2705804-C9431DE9B608493EAB00176276419DCF", "N_IMOVEL": "ASSOCIACAO RIACHO SECO II LOTE 05", "NM_MUN": "Olho d'Água do Casado", "ORGAO": "-", "OPERACAO": "MANDACARU - 2023", "PERIODO": "-", "N_PROCESSO": "-", "DATA_AI": "-", "MOTIVO": "DESMATAMENTO", "AI": "-", "TE": "-", "AI_APP": "-", "TE_APP": "-", "AI_RL": "-", "TE_RL": "-", "AREA_UTM": 3.52, "AREA_UC": 0.0, "AREA_TI": 0.0, "AREA_APP": 0.0, "AREA_RL": 0.0, "FORA_UC": 0.0, "FORA_TI": 0.0, "FORA_APP": 0.0, "FORA_RL": 0.0, "SITUACAO": "EMBARGADA" }, "geometry": { "type": "MultiPolygon", "coordinates": [ [ [ [ -37.851415447235553, -9.407837893189116 ], [ -37.851414433691154, -9.410257774975632 ], [ -37.85156560102044, -9.410218597046812 ], [ -37.85151822792578, -9.40963419614098 ], [ -37.852014630648689, -9.409185862133828 ], [ -37.852222865479746, -9.409641099380723 ], [ -37.852730730485156, -9.409395918042163 ], [ -37.852763086066012, -9.409391203408278 ], [ -37.852720128494347, -9.406579868880581 ], [ -37.85256607379312, -9.406625195814195 ], [ -37.85260730589134, -9.407558679842497 ], [ -37.852243326916742, -9.407642179491733 ], [ -37.852021734991297, -9.407251723338746 ], [ -37.851428659908287, -9.40742671089299 ], [ -37.851444057961849, -9.407831875928588 ], [ -37.851415447235553, -9.407837893189116 ] ] ] ] } },
{ "type": "Feature", "properties": { "fid": 312.0, "LAT_GD": -9.553711, "LONG_GD": -37.756137, "IMG_ANTES": "11/2017", "IMG_DEPOIS": "08/2022", "BIOMA": "Caatinga", "COD_CAR": "AL-2707107-676623CE32BF4ABCB7488C4B9F667D7A", "N_IMOVEL": "SITIO POCO DOCE", "NM_MUN": "Piranhas", "ORGAO": "-", "OPERACAO": "MANDACARU - 2023", "PERIODO": "-", "N_PROCESSO": "-", "DATA_AI": "-", "MOTIVO": "DESMATAMENTO", "AI": "-", "TE": "-", "AI_APP": "-", "TE_APP": "-", "AI_RL": "-", "TE_RL": "-", "AREA_UTM": 1.79, "AREA_UC": 0.0, "AREA_TI": 0.0, "AREA_APP": 0.0, "AREA_RL": 0.0, "FORA_UC": 0.0, "FORA_TI": 0.0, "FORA_APP": 0.0, "FORA_RL": 0.0, "SITUACAO": "EMBARGADA" }, "geometry": { "type": "MultiPolygon", "coordinates": [ [ [ [ -37.756861172962509, -9.552837485608618 ], [ -37.755326055972191, -9.553579648615754 ], [ -37.755457916351688, -9.553961763586397 ], [ -37.755511864832592, -9.554166831896801 ], [ -37.755553801701453, -9.55435947230421 ], [ -37.755589942879027, -9.554566594905605 ], [ -37.756482947958553, -9.554146038704493 ], [ -37.75643792436653, -9.554066507188654 ], [ -37.756801944531396, -9.55385372798853 ], [ -37.756861172962509, -9.552837485608618 ] ] ] ] } },
{ "type": "Feature", "properties": { "fid": 313.0, "LAT_GD": -9.463703, "LONG_GD": -37.939675, "IMG_ANTES": "09/2020", "IMG_DEPOIS": "10/2022", "BIOMA": "Caatinga", "COD_CAR": "AL-2702405-EBEDD351AA96492784CE3690BF398DB5", "N_IMOVEL": "FAZENDA LAGOA DA PIA", "NM_MUN": "Delmiro Gouveia", "ORGAO": "-", "OPERACAO": "MANDACARU - 2023", "PERIODO": "-", "N_PROCESSO": "-", "DATA_AI": "-", "MOTIVO": "DESMATAMENTO", "AI": "-", "TE": "-", "AI_APP": "-", "TE_APP": "-", "AI_RL": "-", "TE_RL": "-", "AREA_UTM": 15.4, "AREA_UC": 0.0, "AREA_TI": 0.0, "AREA_APP": 0.0, "AREA_RL": 0.0, "FORA_UC": 0.0, "FORA_TI": 0.0, "FORA_APP": 0.0, "FORA_RL": 0.0, "SITUACAO": "EMBARGADA" }, "geometry": { "type": "MultiPolygon", "coordinates": [ [ [ [ -37.941449414878818, -9.461813013178155 ], [ -37.938037093079068, -9.461745278969774 ], [ -37.938008352883472, -9.464827090608303 ], [ -37.940325559040993, -9.46679617552317 ], [ -37.940697594105586, -9.464930930635454 ], [ -37.941766124204165, -9.462273382189746 ], [ -37.941449414878818, -9.461813013178155 ] ] ] ] } },
{ "type": "Feature", "properties": { "fid": 314.0, "LAT_GD": -9.177165, "LONG_GD": -37.729066, "IMG_ANTES": "05/2021", "IMG_DEPOIS": "12/2022", "BIOMA": "Caatinga", "COD_CAR": "AL-2705002-AB87E87516B64EB58019E85FBF389E88", "N_IMOVEL": "SITIO BUENOS AYRES", "NM_MUN": "Inhapi", "ORGAO": "-", "OPERACAO": "MANDACARU - 2023", "PERIODO": "-", "N_PROCESSO": "-", "DATA_AI": "-", "MOTIVO": "DESMATAMENTO", "AI": "-", "TE": "-", "AI_APP": "-", "TE_APP": "-", "AI_RL": "-", "TE_RL": "-", "AREA_UTM": 17.49, "AREA_UC": 0.0, "AREA_TI": 0.0, "AREA_APP": 0.0, "AREA_RL": 0.0, "FORA_UC": 0.0, "FORA_TI": 0.0, "FORA_APP": 0.0, "FORA_RL": 0.0, "SITUACAO": "EMBARGADA" }, "geometry": { "type": "MultiPolygon", "coordinates": [ [ [ [ -37.731768716063691, -9.175403725259976 ], [ -37.729730881314211, -9.174892467621168 ], [ -37.728632046529228, -9.174517000349471 ], [ -37.727664285711299, -9.175815194910086 ], [ -37.72748739195309, -9.176805127090654 ], [ -37.727833572265112, -9.176959474816627 ], [ -37.727790134590975, -9.17833748517187 ], [ -37.726789296761353, -9.178104267095163 ], [ -37.727067975340958, -9.179631755355839 ], [ -37.728567348306647, -9.180850104641181 ], [ -37.729047227928916, -9.179636329090844 ], [ -37.729190902308467, -9.17715566082879 ], [ -37.731646747783067, -9.177202568744503 ], [ -37.731768716063691, -9.175403725259976 ] ] ] ] } },
{ "type": "Feature", "properties": { "fid": 315.0, "LAT_GD": -9.554923, "LONG_GD": -37.75605, "IMG_ANTES": "11/2017", "IMG_DEPOIS": "08/2022", "BIOMA": "Caatinga", "COD_CAR": "-", "N_IMOVEL": "-", "NM_MUN": "Piranhas", "ORGAO": "-", "OPERACAO": "MANDACARU - 2023", "PERIODO": "-", "N_PROCESSO": "-", "DATA_AI": "-", "MOTIVO": "DESMATAMENTO", "AI": "-", "TE": "-", "AI_APP": "-", "TE_APP": "-", "AI_RL": "-", "TE_RL": "-", "AREA_UTM": 1.12, "AREA_UC": 0.0, "AREA_TI": 0.0, "AREA_APP": 0.0, "AREA_RL": 0.0, "FORA_UC": 0.0, "FORA_TI": 0.0, "FORA_APP": 0.0, "FORA_RL": 0.0, "SITUACAO": "EMBARGADA" }, "geometry": { "type": "MultiPolygon", "coordinates": [ [ [ [ -37.755589942879027, -9.554566594905605 ], [ -37.755522177900978, -9.554596248323351 ], [ -37.755535269147209, -9.554645427267884 ], [ -37.755867485034969, -9.555789220415042 ], [ -37.75591292507103, -9.555768295007013 ], [ -37.756426302068554, -9.555527254302312 ], [ -37.756423134356339, -9.555520284179932 ], [ -37.756094724530108, -9.554797661318441 ], [ -37.756693586048556, -9.554518117949048 ], [ -37.756482947958553, -9.554146038704493 ], [ -37.755589942879027, -9.554566594905605 ] ] ] ] } },
{ "type": "Feature", "properties": { "fid": 316.0, "LAT_GD": -9.067652, "LONG_GD": -37.444235, "IMG_ANTES": "05/2018", "IMG_DEPOIS": "12/2022", "BIOMA": "Caatinga", "COD_CAR": "-", "N_IMOVEL": "-", "NM_MUN": "Canapi", "ORGAO": "-", "OPERACAO": "MANDACARU - 2023", "PERIODO": "-", "N_PROCESSO": "-", "DATA_AI": "-", "MOTIVO": "DESMATAMENTO", "AI": "-", "TE": "-", "AI_APP": "-", "TE_APP": "-", "AI_RL": "-", "TE_RL": "-", "AREA_UTM": 15.64, "AREA_UC": 0.0, "AREA_TI": 0.0, "AREA_APP": 0.0, "AREA_RL": 0.0, "FORA_UC": 0.0, "FORA_TI": 0.0, "FORA_APP": 0.0, "FORA_RL": 0.0, "SITUACAO": "EMBARGADA" }, "geometry": { "type": "MultiPolygon", "coordinates": [ [ [ [ -37.444221143725706, -9.069526447448661 ], [ -37.444195747375488, -9.069466536614268 ], [ -37.447929382324219, -9.067940896050855 ], [ -37.449402196515379, -9.0673806830229 ], [ -37.449120812989953, -9.066706634027936 ], [ -37.447531617630347, -9.067375777582832 ], [ -37.44784859720663, -9.066416580681926 ], [ -37.443598023205382, -9.068327581964709 ], [ -37.442243240777771, -9.065921670222121 ], [ -37.441411473104679, -9.066125226308397 ], [ -37.440764449310009, -9.066152415552457 ], [ -37.439283666313692, -9.066470864905719 ], [ -37.44120191278958, -9.067653743599678 ], [ -37.442619824244879, -9.068608145862541 ], [ -37.442908150138813, -9.068503648271394 ], [ -37.44330214556468, -9.069405874488284 ], [ -37.443871912910467, -9.069111581006817 ], [ -37.44413894920838, -9.069561749896137 ], [ -37.444221143725706, -9.069526447448661 ] ] ] ] } },
{ "type": "Feature", "properties": { "fid": 317.0, "LAT_GD": -9.210512, "LONG_GD": -37.752416, "IMG_ANTES": "09/2020", "IMG_DEPOIS": "10/2022", "BIOMA": "Caatinga", "COD_CAR": "-", "N_IMOVEL": "-", "NM_MUN": "Inhapi", "ORGAO": "-", "OPERACAO": "MANDACARU - 2023", "PERIODO": "-", "N_PROCESSO": "-", "DATA_AI": "-", "MOTIVO": "DESMATAMENTO", "AI": "-", "TE": "-", "AI_APP": "-", "TE_APP": "-", "AI_RL": "-", "TE_RL": "-", "AREA_UTM": 4.54, "AREA_UC": 0.0, "AREA_TI": 0.0, "AREA_APP": 0.0, "AREA_RL": 0.0, "FORA_UC": 0.0, "FORA_TI": 0.0, "FORA_APP": 0.0, "FORA_RL": 0.0, "SITUACAO": "EMBARGADA" }, "geometry": { "type": "MultiPolygon", "coordinates": [ [ [ [ -37.752324577015479, -9.208356212935573 ], [ -37.753002560914737, -9.209000002197065 ], [ -37.753275383386978, -9.209381286433693 ], [ -37.752514420965213, -9.209864106722161 ], [ -37.751980541458991, -9.210120209678596 ], [ -37.751294232310407, -9.210411588500479 ], [ -37.750865949402183, -9.210443355562314 ], [ -37.750865949402183, -9.210443355562314 ], [ -37.751095558561545, -9.21165935698906 ], [ -37.752480604918794, -9.211224720529101 ], [ -37.753911562032457, -9.210632490582748 ], [ -37.753776, -9.209956 ], [ -37.752490881263135, -9.20829517893784 ], [ -37.752324577412899, -9.208356212789717 ], [ -37.752324577015479, -9.208356212935573 ] ] ] ] } },
{ "type": "Feature", "properties": { "fid": 318.0, "LAT_GD": -9.427297, "LONG_GD": -37.857043, "IMG_ANTES": "12/2018", "IMG_DEPOIS": "10/2022", "BIOMA": "Caatinga", "COD_CAR": "-", "N_IMOVEL": "-", "NM_MUN": "Olho d'Água do Casado", "ORGAO": "-", "OPERACAO": "MANDACARU - 2023", "PERIODO": "-", "N_PROCESSO": "-", "DATA_AI": "-", "MOTIVO": "DESMATAMENTO", "AI": "-", "TE": "-", "AI_APP": "-", "TE_APP": "-", "AI_RL": "-", "TE_RL": "-", "AREA_UTM": 6.23, "AREA_UC": 0.0, "AREA_TI": 0.0, "AREA_APP": 0.0, "AREA_RL": 0.0, "FORA_UC": 0.0, "FORA_TI": 0.0, "FORA_APP": 0.0, "FORA_RL": 0.0, "SITUACAO": "EMBARGADA" }, "geometry": { "type": "MultiPolygon", "coordinates": [ [ [ [ -37.855252335436596, -9.428994319638894 ], [ -37.85851297292632, -9.427134950042296 ], [ -37.858609724346834, -9.427200319944939 ], [ -37.859200971074472, -9.42682616914149 ], [ -37.858041073716286, -9.425544758726742 ], [ -37.856494543905363, -9.427212801594228 ], [ -37.856196284584684, -9.427290128084778 ], [ -37.855864885339486, -9.427002915405598 ], [ -37.854892780886914, -9.428648864990089 ], [ -37.855252335436596, -9.428994319638894 ] ] ] ] } },
{ "type": "Feature", "properties": { "fid": 319.0, "LAT_GD": -9.077419, "LONG_GD": -37.439097, "IMG_ANTES": "05/2018", "IMG_DEPOIS": "12/2022", "BIOMA": "Caatinga", "COD_CAR": "-", "N_IMOVEL": "-", "NM_MUN": "Canapi", "ORGAO": "-", "OPERACAO": "MANDACARU - 2023", "PERIODO": "-", "N_PROCESSO": "-", "DATA_AI": "-", "MOTIVO": "DESMATAMENTO", "AI": "-", "TE": "-", "AI_APP": "-", "TE_APP": "-", "AI_RL": "-", "TE_RL": "-", "AREA_UTM": 6.4, "AREA_UC": 0.0, "AREA_TI": 0.0, "AREA_APP": 0.0, "AREA_RL": 0.0, "FORA_UC": 0.0, "FORA_TI": 0.0, "FORA_APP": 0.0, "FORA_RL": 0.0, "SITUACAO": "EMBARGADA" }, "geometry": { "type": "MultiPolygon", "coordinates": [ [ [ [ -37.4407647670347, -9.076252921270168 ], [ -37.440697591975145, -9.075554964874968 ], [ -37.437784032060847, -9.076868088819818 ], [ -37.437911881038062, -9.077446703944485 ], [ -37.438335408397535, -9.079212620407164 ], [ -37.439852125534721, -9.078611133965973 ], [ -37.439780440875161, -9.076637420222031 ], [ -37.4407647670347, -9.076252921270168 ] ] ] ] } },
{ "type": "Feature", "properties": { "fid": 320.0, "LAT_GD": -9.424432, "LONG_GD": -37.855006, "IMG_ANTES": "2018", "IMG_DEPOIS": "2021", "BIOMA": "Caatinga", "COD_CAR": "-", "N_IMOVEL": "-", "NM_MUN": "Olho d'Água do Casado", "ORGAO": "-", "OPERACAO": "MANDACARU - 2023", "PERIODO": "-", "N_PROCESSO": "-", "DATA_AI": "-", "MOTIVO": "DESMATAMENTO", "AI": "-", "TE": "-", "AI_APP": "-", "TE_APP": "-", "AI_RL": "-", "TE_RL": "-", "AREA_UTM": 5.79, "AREA_UC": 0.0, "AREA_TI": 0.0, "AREA_APP": 0.0, "AREA_RL": 0.0, "FORA_UC": 0.0, "FORA_TI": 0.0, "FORA_APP": 0.0, "FORA_RL": 0.0, "SITUACAO": "EMBARGADA" }, "geometry": { "type": "MultiPolygon", "coordinates": [ [ [ [ -37.856393690136478, -9.423970761196822 ], [ -37.855184859376728, -9.422824976138935 ], [ -37.853499515172381, -9.424605401552693 ], [ -37.855079929586118, -9.426141316861845 ], [ -37.856393690136478, -9.423970761196822 ] ] ] ] } },
{ "type": "Feature", "properties": { "fid": 321.0, "LAT_GD": -9.347286, "LONG_GD": -37.958203, "IMG_ANTES": "05/2018", "IMG_DEPOIS": "12/2022", "BIOMA": "Caatinga", "COD_CAR": "AL-2700102-E55F0C7F2A114F628CD72B6802DDE16E", "N_IMOVEL": "FAZENDA MORROS", "NM_MUN": "Água Branca", "ORGAO": "-", "OPERACAO": "MANDACARU - 2023", "PERIODO": "-", "N_PROCESSO": "-", "DATA_AI": "-", "MOTIVO": "DESMATAMENTO", "AI": "-", "TE": "-", "AI_APP": "-", "TE_APP": "-", "AI_RL": "-", "TE_RL": "-", "AREA_UTM": 8.05, "AREA_UC": 0.0, "AREA_TI": 0.0, "AREA_APP": 0.0, "AREA_RL": 0.0, "FORA_UC": 0.0, "FORA_TI": 0.0, "FORA_APP": 0.0, "FORA_RL": 0.0, "SITUACAO": "EMBARGADA" }, "geometry": { "type": "MultiPolygon", "coordinates": [ [ [ [ -37.958716219864755, -9.348980383862326 ], [ -37.960239235146531, -9.347465968600027 ], [ -37.957477510059931, -9.34542891434873 ], [ -37.956284082448875, -9.346792854136416 ], [ -37.95569897456398, -9.347534206103431 ], [ -37.955995286795329, -9.347710229426411 ], [ -37.956946251362041, -9.34662199958712 ], [ -37.957935070312118, -9.347288073952134 ], [ -37.957199178568281, -9.348483901344629 ], [ -37.958716219864755, -9.348980383862326 ] ] ] ] } },
{ "type": "Feature", "properties": { "fid": 322.0, "LAT_GD": -9.415154, "LONG_GD": -37.90435, "IMG_ANTES": "06/2018", "IMG_DEPOIS": "12/2022", "BIOMA": "Caatinga", "COD_CAR": "AL-2702405-AB2C8ED2459745239E674A5CA8F23B89", "N_IMOVEL": "FAZENDA BOM JESUS", "NM_MUN": "Delmiro Gouveia", "ORGAO": "-", "OPERACAO": "MANDACARU - 2023", "PERIODO": "-", "N_PROCESSO": "-", "DATA_AI": "-", "MOTIVO": "DESMATAMENTO", "AI": "-", "TE": "-", "AI_APP": "-", "TE_APP": "-", "AI_RL": "-", "TE_RL": "-", "AREA_UTM": 8.82, "AREA_UC": 0.0, "AREA_TI": 0.0, "AREA_APP": 0.0, "AREA_RL": 0.0, "FORA_UC": 0.0, "FORA_TI": 0.0, "FORA_APP": 0.0, "FORA_RL": 0.0, "SITUACAO": "EMBARGADA" }, "geometry": { "type": "MultiPolygon", "coordinates": [ [ [ [ -37.905621521510731, -9.417628085371327 ], [ -37.905409650532341, -9.416578745613775 ], [ -37.904900684337747, -9.416698494041174 ], [ -37.904806600064227, -9.416021076132289 ], [ -37.90435663273086, -9.416073621096292 ], [ -37.904320145363961, -9.415718308510709 ], [ -37.90522271573407, -9.415652904167722 ], [ -37.904869211669315, -9.413902076796113 ], [ -37.90461275592763, -9.412737752841204 ], [ -37.904483448163191, -9.412336713548981 ], [ -37.904355174876727, -9.412272797751658 ], [ -37.904182649594176, -9.412208963043355 ], [ -37.903970132023382, -9.412167625933796 ], [ -37.903435453989665, -9.412182414589864 ], [ -37.903917225786863, -9.417963621574778 ], [ -37.905621521510731, -9.417628085371327 ] ] ] ] } },
{ "type": "Feature", "properties": { "fid": 323.0, "LAT_GD": -9.251665, "LONG_GD": -37.543873, "IMG_ANTES": "06/2018", "IMG_DEPOIS": "12/2022", "BIOMA": "Caatinga", "COD_CAR": "AL-2701605-53CF44A3FF454EDBA472CF9EA892ECA9", "N_IMOVEL": "FAZENDA BOA VISTA", "NM_MUN": "Canapi", "ORGAO": "-", "OPERACAO": "MANDACARU - 2023", "PERIODO": "-", "N_PROCESSO": "-", "DATA_AI": "-", "MOTIVO": "DESMATAMENTO", "AI": "-", "TE": "-", "AI_APP": "-", "TE_APP": "-", "AI_RL": "-", "TE_RL": "-", "AREA_UTM": 21.96, "AREA_UC": 0.0, "AREA_TI": 0.0, "AREA_APP": 0.0, "AREA_RL": 0.0, "FORA_UC": 0.0, "FORA_TI": 0.0, "FORA_APP": 0.0, "FORA_RL": 0.0, "SITUACAO": "EMBARGADA" }, "geometry": { "type": "MultiPolygon", "coordinates": [ [ [ [ -37.543753754902788, -9.248680034518678 ], [ -37.541252215460197, -9.249940818861424 ], [ -37.541669752887593, -9.253179750544907 ], [ -37.546186760480552, -9.253906463138712 ], [ -37.547363670019195, -9.252470953265863 ], [ -37.546694348616185, -9.251179117665927 ], [ -37.545688539611312, -9.251615796643462 ], [ -37.545277483762881, -9.25190055382159 ], [ -37.54472556808701, -9.252016807943386 ], [ -37.54440179685929, -9.249630007538421 ], [ -37.543891001173037, -9.248617526572495 ], [ -37.543753754902788, -9.248680034518678 ] ] ] ] } },
{ "type": "Feature", "properties": { "fid": 324.0, "LAT_GD": -9.551055, "LONG_GD": -37.756401, "IMG_ANTES": "11/2017", "IMG_DEPOIS": "08/2022", "BIOMA": "Caatinga", "COD_CAR": "AL-2707107-7BBAB5D68E954C3DA20303FCD6DCD925", "N_IMOVEL": "SITIO RIACHO GRANDE", "NM_MUN": "Piranhas", "ORGAO": "-", "OPERACAO": "MANDACARU - 2023", "PERIODO": "-", "N_PROCESSO": "2023.01024833041.AINF.IMA", "DATA_AI": "2023-01-17", "MOTIVO": "DESMATAMENTO", "AI": "SERIE A - TALAO 0001 - FOLHA 00025", "TE": "-", "AI_APP": "-", "TE_APP": "-", "AI_RL": "-", "TE_RL": "-", "AREA_UTM": 7.55, "AREA_UC": 0.0, "AREA_TI": 0.0, "AREA_APP": 0.0, "AREA_RL": 0.0, "FORA_UC": 0.0, "FORA_TI": 0.0, "FORA_APP": 0.0, "FORA_RL": 0.0, "SITUACAO": "EMBARGADA" }, "geometry": { "type": "MultiPolygon", "coordinates": [ [ [ [ -37.754463097359846, -9.551388728452803 ], [ -37.754973792847323, -9.552593047385688 ], [ -37.756283021264373, -9.551979199142211 ], [ -37.756279031596669, -9.55197395602478 ], [ -37.756845433283601, -9.551715507304079 ], [ -37.758792077984964, -9.550802796863492 ], [ -37.757407549763919, -9.549626855202602 ], [ -37.75509783492577, -9.550768549322758 ], [ -37.755064794419077, -9.550724226422155 ], [ -37.754331462964629, -9.55107830777667 ], [ -37.754332893936038, -9.551081682301067 ], [ -37.754359912523881, -9.551133299918943 ], [ -37.754463097359846, -9.551388728452803 ] ] ] ] } },
{ "type": "Feature", "properties": { "fid": 325.0, "LAT_GD": -9.417503, "LONG_GD": -37.844855, "IMG_ANTES": "2018", "IMG_DEPOIS": "2021", "BIOMA": "Caatinga", "COD_CAR": "AL-2705804-497A8CB700804DFEA030A13C9A72FB0F", "N_IMOVEL": "ASSOCIACAO RIACHO SECO LOTE 19", "NM_MUN": "Olho d'Água do Casado", "ORGAO": "-", "OPERACAO": "MANDACARU - 2023", "PERIODO": "-", "N_PROCESSO": "-", "DATA_AI": "-", "MOTIVO": "DESMATAMENTO", "AI": "-", "TE": "-", "AI_APP": "-", "TE_APP": "-", "AI_RL": "-", "TE_RL": "-", "AREA_UTM": 3.92, "AREA_UC": 0.0, "AREA_TI": 0.0, "AREA_APP": 0.0, "AREA_RL": 0.0, "FORA_UC": 0.0, "FORA_TI": 0.0, "FORA_APP": 0.0, "FORA_RL": 0.0, "SITUACAO": "EMBARGADA" }, "geometry": { "type": "MultiPolygon", "coordinates": [ [ [ [ -37.843249400597571, -9.417242367937863 ], [ -37.843060622005552, -9.417286745283214 ], [ -37.843520258337527, -9.417927711126351 ], [ -37.843964494550391, -9.418006595144846 ], [ -37.845956538771922, -9.418308592168255 ], [ -37.84611894439756, -9.416630101668931 ], [ -37.843249400597571, -9.417242367937863 ] ] ] ] } },
{ "type": "Feature", "properties": { "fid": 326.0, "LAT_GD": -9.422892, "LONG_GD": -37.850783, "IMG_ANTES": "2018", "IMG_DEPOIS": "2021", "BIOMA": "Caatinga", "COD_CAR": "AL-2705804-75FE2E2265524150AAA2FF60C4435C28", "N_IMOVEL": "ASSOCIACAO RIACHO SECO II LOTE 26", "NM_MUN": "Olho d'Água do Casado", "ORGAO": "-", "OPERACAO": "MANDACARU - 2023", "PERIODO": "-", "N_PROCESSO": "-", "DATA_AI": "-", "MOTIVO": "DESMATAMENTO", "AI": "-", "TE": "-", "AI_APP": "-", "TE_APP": "-", "AI_RL": "-", "TE_RL": "-", "AREA_UTM": 2.54, "AREA_UC": 0.0, "AREA_TI": 0.0, "AREA_APP": 0.0, "AREA_RL": 0.0, "FORA_UC": 0.0, "FORA_TI": 0.0, "FORA_APP": 0.0, "FORA_RL": 0.0, "SITUACAO": "EMBARGADA" }, "geometry": { "type": "MultiPolygon", "coordinates": [ [ [ [ -37.851868096209458, -9.42379195172207 ], [ -37.852197536726557, -9.423110140045535 ], [ -37.851298606090509, -9.422724156534994 ], [ -37.850718504156021, -9.422352016912356 ], [ -37.850157447458031, -9.422281579829651 ], [ -37.849701629499478, -9.421959388351167 ], [ -37.849407749268153, -9.422293896806993 ], [ -37.850144038007691, -9.423367817252087 ], [ -37.850381712609902, -9.423043814608146 ], [ -37.850788492040181, -9.423155962310592 ], [ -37.851141393905479, -9.423510199910279 ], [ -37.851868096209458, -9.42379195172207 ] ] ] ] } },
{ "type": "Feature", "properties": { "fid": 327.0, "LAT_GD": -9.06707, "LONG_GD": -37.444218, "IMG_ANTES": "05/2018", "IMG_DEPOIS": "12/2022", "BIOMA": "Caatinga", "COD_CAR": "AL-2701605-6E3FBCBD953649EF988D5F0C7DF36014", "N_IMOVEL": "SITIO BERNARDO", "NM_MUN": "Canapi", "ORGAO": "-", "OPERACAO": "MANDACARU - 2023", "PERIODO": "-", "N_PROCESSO": "-", "DATA_AI": "-", "MOTIVO": "DESMATAMENTO", "AI": "-", "TE": "-", "AI_APP": "-", "TE_APP": "-", "AI_RL": "-", "TE_RL": "-", "AREA_UTM": 5.3, "AREA_UC": 0.0, "AREA_TI": 0.0, "AREA_APP": 0.0, "AREA_RL": 0.0, "FORA_UC": 0.0, "FORA_TI": 0.0, "FORA_APP": 0.0, "FORA_RL": 0.0, "SITUACAO": "EMBARGADA" }, "geometry": { "type": "MultiPolygon", "coordinates": [ [ [ [ -37.442243240777771, -9.065921670222121 ], [ -37.443598023205382, -9.068327581964709 ], [ -37.44784859720663, -9.066416580681926 ], [ -37.447869293444001, -9.066353952538229 ], [ -37.447034313106649, -9.066513242102896 ], [ -37.445942885097203, -9.0671156667338 ], [ -37.445750530316488, -9.06677746410355 ], [ -37.445232399240687, -9.06703741367984 ], [ -37.444517535457528, -9.066408763907106 ], [ -37.443691052169655, -9.066748586230741 ], [ -37.442883626680477, -9.065764948936206 ], [ -37.442243240777771, -9.065921670222121 ] ] ] ] } },
{ "type": "Feature", "properties": { "fid": 328.0, "LAT_GD": -9.40708, "LONG_GD": -37.85596, "IMG_ANTES": "2018", "IMG_DEPOIS": "2021", "BIOMA": "Caatinga", "COD_CAR": "AL-2705804-C6E74EF075594392980E03BE4FFAF2D4", "N_IMOVEL": "RIACHO SECO II", "NM_MUN": "Olho d'Água do Casado", "ORGAO": "-", "OPERACAO": "MANDACARU - 2023", "PERIODO": "-", "N_PROCESSO": "-", "DATA_AI": "-", "MOTIVO": "DESMATAMENTO", "AI": "-", "TE": "-", "AI_APP": "-", "TE_APP": "-", "AI_RL": "-", "TE_RL": "-", "AREA_UTM": 1.95, "AREA_UC": 0.0, "AREA_TI": 0.0, "AREA_APP": 0.0, "AREA_RL": 0.0, "FORA_UC": 0.0, "FORA_TI": 0.0, "FORA_APP": 0.0, "FORA_RL": 0.0, "SITUACAO": "EMBARGADA" }, "geometry": { "type": "MultiPolygon", "coordinates": [ [ [ [ -37.855277844460105, -9.406360897217608 ], [ -37.855302977069805, -9.407561157093729 ], [ -37.856519176179091, -9.407815120235494 ], [ -37.856728363820359, -9.406650097547935 ], [ -37.855277844460105, -9.406360897217608 ] ] ] ] } },
{ "type": "Feature", "properties": { "fid": 329.0, "LAT_GD": -9.412967, "LONG_GD": -37.842939, "IMG_ANTES": "2018", "IMG_DEPOIS": "2021", "BIOMA": "Caatinga", "COD_CAR": "AL-2705804-82CD576627B5491583AD5613B78C9C58", "N_IMOVEL": "EMPREENDIMENTO RIACHO SECO II", "NM_MUN": "Olho d'Água do Casado", "ORGAO": "-", "OPERACAO": "MANDACARU - 2023", "PERIODO": "-", "N_PROCESSO": "-", "DATA_AI": "-", "MOTIVO": "DESMATAMENTO", "AI": "-", "TE": "-", "AI_APP": "-", "TE_APP": "-", "AI_RL": "-", "TE_RL": "-", "AREA_UTM": 1.72, "AREA_UC": 0.0, "AREA_TI": 0.0, "AREA_APP": 0.0, "AREA_RL": 0.0, "FORA_UC": 0.0, "FORA_TI": 0.0, "FORA_APP": 0.0, "FORA_RL": 0.0, "SITUACAO": "EMBARGADA" }, "geometry": { "type": "MultiPolygon", "coordinates": [ [ [ [ -37.842046585476218, -9.412542755216835 ], [ -37.843037047048647, -9.4139129013387 ], [ -37.843517882861804, -9.413613930955295 ], [ -37.843382000022103, -9.413084349878469 ], [ -37.843489079473663, -9.412200779057384 ], [ -37.842046585476218, -9.412542755216835 ] ] ] ] } },
{ "type": "Feature", "properties": { "fid": 330.0, "LAT_GD": -9.422552, "LONG_GD": -37.843109, "IMG_ANTES": "2018", "IMG_DEPOIS": "2021", "BIOMA": "Caatinga", "COD_CAR": "AL-2705804-DB4C52060A5B4DAAA5F6366CB4C0359E", "N_IMOVEL": "ASSOCIACAO RIACHO SECO LOTE 22", "NM_MUN": "Olho d'Água do Casado", "ORGAO": "-", "OPERACAO": "MANDACARU - 2023", "PERIODO": "-", "N_PROCESSO": "-", "DATA_AI": "-", "MOTIVO": "DESMATAMENTO", "AI": "-", "TE": "-", "AI_APP": "-", "TE_APP": "-", "AI_RL": "-", "TE_RL": "-", "AREA_UTM": 8.5, "AREA_UC": 0.0, "AREA_TI": 0.0, "AREA_APP": 0.0, "AREA_RL": 0.0, "FORA_UC": 0.0, "FORA_TI": 0.0, "FORA_APP": 0.0, "FORA_RL": 0.0, "SITUACAO": "EMBARGADA" }, "geometry": { "type": "MultiPolygon", "coordinates": [ [ [ [ -37.844704010902994, -9.421967234504978 ], [ -37.841754829566213, -9.42119623793484 ], [ -37.841279237516801, -9.421929241689654 ], [ -37.840915195220553, -9.422514565429946 ], [ -37.840722007620656, -9.422836564538418 ], [ -37.845493874645733, -9.423954090280672 ], [ -37.844669395822493, -9.422210256777076 ], [ -37.844704010902994, -9.421967234504978 ] ] ] ] } },
{ "type": "Feature", "properties": { "fid": 331.0, "LAT_GD": -9.409104, "LONG_GD": -37.850985, "IMG_ANTES": "2018", "IMG_DEPOIS": "2021", "BIOMA": "Caatinga", "COD_CAR": "AL-2705804-85BF2D9501E34929AC1F0515D4E19A89", "N_IMOVEL": "ASSOCIACAO RIACHO SECO II LOTE 04", "NM_MUN": "Olho d'Água do Casado", "ORGAO": "-", "OPERACAO": "MANDACARU - 2023", "PERIODO": "-", "N_PROCESSO": "-", "DATA_AI": "-", "MOTIVO": "DESMATAMENTO", "AI": "-", "TE": "-", "AI_APP": "-", "TE_APP": "-", "AI_RL": "-", "TE_RL": "-", "AREA_UTM": 2.53, "AREA_UC": 0.0, "AREA_TI": 0.0, "AREA_APP": 0.0, "AREA_RL": 0.0, "FORA_UC": 0.0, "FORA_TI": 0.0, "FORA_APP": 0.0, "FORA_RL": 0.0, "SITUACAO": "EMBARGADA" }, "geometry": { "type": "MultiPolygon", "coordinates": [ [ [ [ -37.850468262825686, -9.408037098670333 ], [ -37.850653139047466, -9.410455078012008 ], [ -37.851414433691154, -9.410257774975632 ], [ -37.851415447235553, -9.407837893189116 ], [ -37.850468262825686, -9.408037098670333 ] ] ] ] } },
{ "type": "Feature", "properties": { "fid": 332.0, "LAT_GD": -9.408285, "LONG_GD": -37.854144, "IMG_ANTES": "2018", "IMG_DEPOIS": "2021", "BIOMA": "Caatinga", "COD_CAR": "AL-2705804-1224D3FEE4CB4E6D9CD64E1ED8F4D8E9", "N_IMOVEL": "ASSOCIACAO RIACHO SECO II LOTE 06", "NM_MUN": "Olho d'Água do Casado", "ORGAO": "-", "OPERACAO": "MANDACARU - 2023", "PERIODO": "-", "N_PROCESSO": "-", "DATA_AI": "-", "MOTIVO": "DESMATAMENTO", "AI": "-", "TE": "-", "AI_APP": "-", "TE_APP": "-", "AI_RL": "-", "TE_RL": "-", "AREA_UTM": 3.23, "AREA_UC": 0.0, "AREA_TI": 0.0, "AREA_APP": 0.0, "AREA_RL": 0.0, "FORA_UC": 0.0, "FORA_TI": 0.0, "FORA_APP": 0.0, "FORA_RL": 0.0, "SITUACAO": "EMBARGADA" }, "geometry": { "type": "MultiPolygon", "coordinates": [ [ [ [ -37.853225523325577, -9.406431167891645 ], [ -37.853829418190784, -9.409479506253174 ], [ -37.854015455543028, -9.409413619593213 ], [ -37.85400592169222, -9.40966633232051 ], [ -37.854419850728519, -9.40958949401627 ], [ -37.854772110168973, -9.409537003143896 ], [ -37.854979683657263, -9.409496991628153 ], [ -37.855322579864492, -9.409366164922492 ], [ -37.855320532088172, -9.409273765429207 ], [ -37.85510333642263, -9.408391677475182 ], [ -37.853971916549632, -9.408689204148088 ], [ -37.853953521784788, -9.406462788528811 ], [ -37.853695774199558, -9.406292806426174 ], [ -37.853225523325577, -9.406431167891645 ] ] ] ] } },
{ "type": "Feature", "properties": { "fid": 333.0, "LAT_GD": -9.410602, "LONG_GD": -37.854354, "IMG_ANTES": "2018", "IMG_DEPOIS": "2021", "BIOMA": "Caatinga", "COD_CAR": "AL-2705804-33B6346AF44B4FB3B6D3CD3660D2F32D", "N_IMOVEL": "ASSOCIACAO RIACHO SECO LOTE 12", "NM_MUN": "Olho d'Água do Casado", "ORGAO": "-", "OPERACAO": "MANDACARU - 2023", "PERIODO": "-", "N_PROCESSO": "-", "DATA_AI": "-", "MOTIVO": "DESMATAMENTO", "AI": "-", "TE": "-", "AI_APP": "-", "TE_APP": "-", "AI_RL": "-", "TE_RL": "-", "AREA_UTM": 1.86, "AREA_UC": 0.0, "AREA_TI": 0.0, "AREA_APP": 0.0, "AREA_RL": 0.0, "FORA_UC": 0.0, "FORA_TI": 0.0, "FORA_APP": 0.0, "FORA_RL": 0.0, "SITUACAO": "EMBARGADA" }, "geometry": { "type": "MultiPolygon", "coordinates": [ [ [ [ -37.855476729479143, -9.410981282875694 ], [ -37.854299171566019, -9.410138172908312 ], [ -37.853998712328519, -9.409792398290818 ], [ -37.853138184744829, -9.410028422123579 ], [ -37.853428153088018, -9.410334690280544 ], [ -37.854992440318213, -9.41151429766742 ], [ -37.855476729479143, -9.410981282875694 ] ] ] ] } },
{ "type": "Feature", "properties": { "fid": 334.0, "LAT_GD": -9.20982, "LONG_GD": -37.509701, "IMG_ANTES": "12/2018", "IMG_DEPOIS": "08/2022", "BIOMA": "Caatinga", "COD_CAR": "AL-2701605-D4FD7B11245E42D1979558F96C309E23", "N_IMOVEL": "SITIO CARIE", "NM_MUN": "Canapi", "ORGAO": "-", "OPERACAO": "MANDACARU - 2023", "PERIODO": "-", "N_PROCESSO": "-", "DATA_AI": "-", "MOTIVO": "DESMATAMENTO", "AI": "-", "TE": "-", "AI_APP": "-", "TE_APP": "-", "AI_RL": "-", "TE_RL": "-", "AREA_UTM": 22.06, "AREA_UC": 0.0, "AREA_TI": 0.0, "AREA_APP": 0.0, "AREA_RL": 0.0, "FORA_UC": 0.0, "FORA_TI": 0.0, "FORA_APP": 0.0, "FORA_RL": 0.0, "SITUACAO": "EMBARGADA" }, "geometry": { "type": "MultiPolygon", "coordinates": [ [ [ [ -37.510368419304839, -9.209095844619895 ], [ -37.510151981102823, -9.207223442052264 ], [ -37.506742650576349, -9.208347611139798 ], [ -37.506691085256918, -9.208937686838688 ], [ -37.506719540942917, -9.209122613982947 ], [ -37.506879738006688, -9.209433716613104 ], [ -37.507524676755267, -9.209827291461769 ], [ -37.508506954711642, -9.210448604936882 ], [ -37.508587652542957, -9.210771928947986 ], [ -37.508501305277193, -9.211119977574159 ], [ -37.507987059793237, -9.211693297854177 ], [ -37.507204538984517, -9.21192001797699 ], [ -37.507552215775803, -9.212608880568878 ], [ -37.509866513222512, -9.211911229198597 ], [ -37.511975101491061, -9.210899506059029 ], [ -37.51299755129061, -9.210261506207271 ], [ -37.512672381971782, -9.208500026394582 ], [ -37.510368419304839, -9.209095844619895 ] ] ] ] } },
{ "type": "Feature", "properties": { "fid": 335.0, "LAT_GD": -9.425897, "LONG_GD": -37.842529, "IMG_ANTES": "2018", "IMG_DEPOIS": "2021", "BIOMA": "Caatinga", "COD_CAR": "AL-2705804-B5410A45EC754B5288FF5D290CC5D867", "N_IMOVEL": "ASSOCIACAO RIACHO SECO II LOTE  24", "NM_MUN": "Olho d'Água do Casado", "ORGAO": "-", "OPERACAO": "MANDACARU - 2023", "PERIODO": "-", "N_PROCESSO": "-", "DATA_AI": "-", "MOTIVO": "DESMATAMENTO", "AI": "-", "TE": "-", "AI_APP": "-", "TE_APP": "-", "AI_RL": "-", "TE_RL": "-", "AREA_UTM": 3.8, "AREA_UC": 0.0, "AREA_TI": 0.0, "AREA_APP": 0.0, "AREA_RL": 0.0, "FORA_UC": 0.0, "FORA_TI": 0.0, "FORA_APP": 0.0, "FORA_RL": 0.0, "SITUACAO": "EMBARGADA" }, "geometry": { "type": "MultiPolygon", "coordinates": [ [ [ [ -37.83887017137959, -9.425929246345088 ], [ -37.83934042021626, -9.426019084085333 ], [ -37.83995278210417, -9.426123996624998 ], [ -37.840758904066483, -9.424786308610756 ], [ -37.839678386088558, -9.424590618349727 ], [ -37.83887017137959, -9.425929246345088 ] ] ], [ [ [ -37.846209381852951, -9.425872746263467 ], [ -37.84613811331446, -9.42585614918883 ], [ -37.845186192651838, -9.425714783096444 ], [ -37.844559008410208, -9.427016014455228 ], [ -37.845256894964081, -9.427149328702475 ], [ -37.845664677594243, -9.427216621207664 ], [ -37.846209381852951, -9.425872746263467 ] ] ] ] } },
{ "type": "Feature", "properties": { "fid": 336.0, "LAT_GD": -9.555459, "LONG_GD": -37.759072, "IMG_ANTES": "11/2017", "IMG_DEPOIS": "08/2022", "BIOMA": "Caatinga", "COD_CAR": "AL-2707107-3A88C3F8A9C148DCB0590B513B6E05F9", "N_IMOVEL": "SITIO SAO JOSE", "NM_MUN": "Piranhas", "ORGAO": "-", "OPERACAO": "MANDACARU - 2023", "PERIODO": "-", "N_PROCESSO": "-", "DATA_AI": "-", "MOTIVO": "DESMATAMENTO", "AI": "-", "TE": "-", "AI_APP": "-", "TE_APP": "-", "AI_RL": "-", "TE_RL": "-", "AREA_UTM": 15.59, "AREA_UC": 0.0, "AREA_TI": 0.0, "AREA_APP": 0.0, "AREA_RL": 0.0, "FORA_UC": 0.0, "FORA_TI": 0.0, "FORA_APP": 0.0, "FORA_RL": 0.0, "SITUACAO": "EMBARGADA" }, "geometry": { "type": "MultiPolygon", "coordinates": [ [ [ [ -37.756426302068554, -9.555527254302312 ], [ -37.75591292507103, -9.555768295007013 ], [ -37.756780182824379, -9.557741835550305 ], [ -37.762224304630777, -9.555118444352539 ], [ -37.761402642373341, -9.55321601724696 ], [ -37.760404600350597, -9.553628676264285 ], [ -37.756440079219956, -9.555557569057838 ], [ -37.756426302068554, -9.555527254302312 ] ] ] ] } },
{ "type": "Feature", "properties": { "fid": 337.0, "LAT_GD": -9.452094, "LONG_GD": -37.842869, "IMG_ANTES": "2018", "IMG_DEPOIS": "2021", "BIOMA": "Caatinga", "COD_CAR": "AL-2705804-49B8238EF0E74350979BB8AEDFD6FADA", "N_IMOVEL": "FAZENDA CAMPO ALEGRE E FLOR DA SERRA, BOM JESUS E DOIS SERROTES", "NM_MUN": "Olho d'Água do Casado", "ORGAO": "-", "OPERACAO": "MANDACARU - 2023", "PERIODO": "-", "N_PROCESSO": "-", "DATA_AI": "-", "MOTIVO": "DESMATAMENTO", "AI": "-", "TE": "-", "AI_APP": "-", "TE_APP": "-", "AI_RL": "-", "TE_RL": "-", "AREA_UTM": 3.67, "AREA_UC": 0.0, "AREA_TI": 0.0, "AREA_APP": 0.0, "AREA_RL": 0.0, "FORA_UC": 0.0, "FORA_TI": 0.0, "FORA_APP": 0.0, "FORA_RL": 0.0, "SITUACAO": "EMBARGADA" }, "geometry": { "type": "MultiPolygon", "coordinates": [ [ [ [ -37.843920054695438, -9.451296153555484 ], [ -37.843511207405612, -9.450860110050957 ], [ -37.841436290871393, -9.45222171555352 ], [ -37.841902281723335, -9.452755237402059 ], [ -37.84195329493793, -9.452813643281983 ], [ -37.842076897254969, -9.452955157532276 ], [ -37.842591078356492, -9.45262273161795 ], [ -37.843020947151146, -9.453205030034518 ], [ -37.843115257021744, -9.453332781476959 ], [ -37.84378837767531, -9.452912616440056 ], [ -37.843638350248142, -9.452767974765221 ], [ -37.843133310087502, -9.452281063503609 ], [ -37.844140718399522, -9.451531495040106 ], [ -37.843980184796244, -9.451360283342954 ], [ -37.843920054695438, -9.451296153555484 ] ] ] ] } },
{ "type": "Feature", "properties": { "fid": 338.0, "LAT_GD": -9.420764, "LONG_GD": -37.84379, "IMG_ANTES": "2018", "IMG_DEPOIS": "2021", "BIOMA": "Caatinga", "COD_CAR": "AL-2705804-82FB3254B1C24280AF2EB87D0B32AE49", "N_IMOVEL": "ASSOCIACAO RIACHO SECO II LOTE 21", "NM_MUN": "Olho d'Água do Casado", "ORGAO": "-", "OPERACAO": "MANDACARU - 2023", "PERIODO": "-", "N_PROCESSO": "-", "DATA_AI": "-", "MOTIVO": "DESMATAMENTO", "AI": "-", "TE": "-", "AI_APP": "-", "TE_APP": "-", "AI_RL": "-", "TE_RL": "-", "AREA_UTM": 6.78, "AREA_UC": 0.0, "AREA_TI": 0.0, "AREA_APP": 0.0, "AREA_RL": 0.0, "FORA_UC": 0.0, "FORA_TI": 0.0, "FORA_APP": 0.0, "FORA_RL": 0.0, "SITUACAO": "EMBARGADA" }, "geometry": { "type": "MultiPolygon", "coordinates": [ [ [ [ -37.845715401793903, -9.420293816579571 ], [ -37.843695152757242, -9.419708809199085 ], [ -37.84306095521508, -9.419905889576187 ], [ -37.842542055814192, -9.419898804650343 ], [ -37.841747890668628, -9.421175715985171 ], [ -37.841739244569439, -9.421190319219333 ], [ -37.844639915618622, -9.421946683991157 ], [ -37.84470453794539, -9.421963534291907 ], [ -37.844807959488477, -9.421237439168513 ], [ -37.845480114845437, -9.421222885468564 ], [ -37.845715401793903, -9.420293816579571 ] ] ] ] } },
{ "type": "Feature", "properties": { "fid": 339.0, "LAT_GD": -9.073015, "LONG_GD": -37.442321, "IMG_ANTES": "05/2018", "IMG_DEPOIS": "12/2022", "BIOMA": "Caatinga", "COD_CAR": "AL-2701605-E111AEBEF49A4D9F9B4BB4BBA0A1A8E9", "N_IMOVEL": "SITIO BERNARDO", "NM_MUN": "Canapi", "ORGAO": "-", "OPERACAO": "MANDACARU - 2023", "PERIODO": "-", "N_PROCESSO": "-", "DATA_AI": "-", "MOTIVO": "DESMATAMENTO", "AI": "-", "TE": "-", "AI_APP": "-", "TE_APP": "-", "AI_RL": "-", "TE_RL": "-", "AREA_UTM": 5.47, "AREA_UC": 0.0, "AREA_TI": 0.0, "AREA_APP": 0.0, "AREA_RL": 0.0, "FORA_UC": 0.0, "FORA_TI": 0.0, "FORA_APP": 0.0, "FORA_RL": 0.0, "SITUACAO": "EMBARGADA" }, "geometry": { "type": "MultiPolygon", "coordinates": [ [ [ [ -37.442986167668224, -9.075257107148635 ], [ -37.443524887186527, -9.07496675967481 ], [ -37.442774497818057, -9.072859844197668 ], [ -37.441985673037827, -9.070595582128062 ], [ -37.441123977947477, -9.070991097250463 ], [ -37.44204573762093, -9.073702022645133 ], [ -37.44258070303939, -9.075305551568745 ], [ -37.442699046915962, -9.075344125611895 ], [ -37.442791354028714, -9.075333809440819 ], [ -37.442986167668224, -9.075257107148635 ] ] ] ] } },
{ "type": "Feature", "properties": { "fid": 340.0, "LAT_GD": -9.219268, "LONG_GD": -37.810353, "IMG_ANTES": "05/2021", "IMG_DEPOIS": "08/2022", "BIOMA": "Caatinga", "COD_CAR": "AL-2703304-24E9CB840F294D728554B70F9EDF8C89", "N_IMOVEL": "SITIO CAPIM", "NM_MUN": "Inhapi", "ORGAO": "-", "OPERACAO": "MANDACARU - 2023", "PERIODO": "-", "N_PROCESSO": "-", "DATA_AI": "-", "MOTIVO": "DESMATAMENTO", "AI": "-", "TE": "-", "AI_APP": "-", "TE_APP": "-", "AI_RL": "-", "TE_RL": "-", "AREA_UTM": 3.99, "AREA_UC": 0.0, "AREA_TI": 0.0, "AREA_APP": 0.0, "AREA_RL": 0.0, "FORA_UC": 0.0, "FORA_TI": 0.0, "FORA_APP": 0.0, "FORA_RL": 0.0, "SITUACAO": "EMBARGADA" }, "geometry": { "type": "MultiPolygon", "coordinates": [ [ [ [ -37.809983630548629, -9.221088569040134 ], [ -37.810483304092244, -9.220139618422062 ], [ -37.810519472928711, -9.220057355079364 ], [ -37.811513297739644, -9.217796955015155 ], [ -37.810780927465075, -9.217427600754416 ], [ -37.809177631864095, -9.220520392912476 ], [ -37.809982650091776, -9.221087877884525 ], [ -37.809983630548629, -9.221088569040134 ] ] ] ] } },
{ "type": "Feature", "properties": { "fid": 341.0, "LAT_GD": -9.220796, "LONG_GD": -37.810638, "IMG_ANTES": "05/2021", "IMG_DEPOIS": "08/2022", "BIOMA": "Caatinga", "COD_CAR": "AL-2703304-E2666740B11645AA867503A53F8349F9", "N_IMOVEL": "SITIO CAPIM", "NM_MUN": "Inhapi", "ORGAO": "-", "OPERACAO": "MANDACARU - 2023", "PERIODO": "-", "N_PROCESSO": "2020.2704008440.AINF.IMA", "DATA_AI": "2020-04-23", "MOTIVO": "DESMATAMENTO", "AI": "SERIE A - TALAO 000132 - FOLHA 006557", "TE": "SERIE C - TALAO 032 - FOLHA 002051", "AI_APP": "-", "TE_APP": "-", "AI_RL": "-", "TE_RL": "-", "AREA_UTM": 1.18, "AREA_UC": 0.0, "AREA_TI": 0.0, "AREA_APP": 0.0, "AREA_RL": 0.0, "FORA_UC": 0.0, "FORA_TI": 0.0, "FORA_APP": 0.0, "FORA_RL": 0.0, "SITUACAO": "EMBARGADA" }, "geometry": { "type": "MultiPolygon", "coordinates": [ [ [ [ -37.810483304092244, -9.220139618422062 ], [ -37.809983630548629, -9.221088569040134 ], [ -37.810485634468073, -9.221442447110695 ], [ -37.811223588496198, -9.220901527860045 ], [ -37.811179544942696, -9.22034048962151 ], [ -37.810448042161141, -9.220219819028722 ], [ -37.810483304092244, -9.220139618422062 ] ] ] ] } },
{ "type": "Feature", "properties": { "fid": 342.0, "LAT_GD": -9.412818, "LONG_GD": -37.850755, "IMG_ANTES": "2018", "IMG_DEPOIS": "2021", "BIOMA": "Caatinga", "COD_CAR": "AL-2705804-F5B0BBD4F7944EDA94864F9368CA3E5C", "N_IMOVEL": "ASSOCIACAO RIACHO SECO II LOTE 14", "NM_MUN": "Olho d'Água do Casado", "ORGAO": "-", "OPERACAO": "MANDACARU - 2023", "PERIODO": "-", "N_PROCESSO": "-", "DATA_AI": "-", "MOTIVO": "DESMATAMENTO", "AI": "-", "TE": "-", "AI_APP": "-", "TE_APP": "-", "AI_RL": "-", "TE_RL": "-", "AREA_UTM": 2.95, "AREA_UC": 0.0, "AREA_TI": 0.0, "AREA_APP": 0.0, "AREA_RL": 0.0, "FORA_UC": 0.0, "FORA_TI": 0.0, "FORA_APP": 0.0, "FORA_RL": 0.0, "SITUACAO": "EMBARGADA" }, "geometry": { "type": "MultiPolygon", "coordinates": [ [ [ [ -37.852325304981719, -9.413178303839869 ], [ -37.851641606499172, -9.412271485133047 ], [ -37.849676178175713, -9.412819976302336 ], [ -37.850322147804597, -9.413723146494782 ], [ -37.852325304981719, -9.413178303839869 ] ] ], [ [ [ -37.848431858620259, -9.411057505156474 ], [ -37.849088842172144, -9.412031439216333 ], [ -37.849086363123568, -9.412033244040755 ], [ -37.849126734385713, -9.412019141201688 ], [ -37.848929534713513, -9.411722192346696 ], [ -37.849181691462022, -9.411477554320776 ], [ -37.848744809105071, -9.410985701365588 ], [ -37.848431858620259, -9.411057505156474 ] ] ] ] } },
{ "type": "Feature", "properties": { "fid": 343.0, "LAT_GD": -9.419219, "LONG_GD": -37.844789, "IMG_ANTES": "2018", "IMG_DEPOIS": "2021", "BIOMA": "Caatinga", "COD_CAR": "AL-2705804-E8C68BF8289A4F89941D0EFD8095C21A", "N_IMOVEL": "EMPREENDIMENTO  RIACHO SECO II", "NM_MUN": "Olho d'Água do Casado", "ORGAO": "-", "OPERACAO": "MANDACARU - 2023", "PERIODO": "-", "N_PROCESSO": "-", "DATA_AI": "-", "MOTIVO": "DESMATAMENTO", "AI": "-", "TE": "-", "AI_APP": "-", "TE_APP": "-", "AI_RL": "-", "TE_RL": "-", "AREA_UTM": 3.49, "AREA_UC": 0.0, "AREA_TI": 0.0, "AREA_APP": 0.0, "AREA_RL": 0.0, "FORA_UC": 0.0, "FORA_TI": 0.0, "FORA_APP": 0.0, "FORA_RL": 0.0, "SITUACAO": "EMBARGADA" }, "geometry": { "type": "MultiPolygon", "coordinates": [ [ [ [ -37.843695152757242, -9.419708809199085 ], [ -37.845715401793903, -9.420293816579571 ], [ -37.84584561826528, -9.419779632837182 ], [ -37.846353280791327, -9.419871184977206 ], [ -37.846497296665959, -9.419391763199878 ], [ -37.845045792926712, -9.419199827835387 ], [ -37.845135814664971, -9.418873345881201 ], [ -37.84467703057134, -9.418784619556099 ], [ -37.844572013289479, -9.419177879847979 ], [ -37.843850407166137, -9.419660562821429 ], [ -37.843695152757242, -9.419708809199085 ] ] ], [ [ [ -37.845956538771922, -9.418308592168255 ], [ -37.843555520240521, -9.417944592566768 ], [ -37.843652466663492, -9.418101332286767 ], [ -37.843349456401775, -9.418582965189735 ], [ -37.843205790519001, -9.418820767999389 ], [ -37.844068286454693, -9.419072334868785 ], [ -37.844478051602103, -9.418129156351 ], [ -37.845946532936509, -9.418412003351035 ], [ -37.845956538771922, -9.418308592168255 ] ] ] ] } },
{ "type": "Feature", "properties": { "fid": 344.0, "LAT_GD": -9.411791, "LONG_GD": -37.852704, "IMG_ANTES": "2018", "IMG_DEPOIS": "2021", "BIOMA": "Caatinga", "COD_CAR": "AL-2705804-6B78E4FCEE02467CADFE47BCF3940C14", "N_IMOVEL": "ASSOCIACAO RIACHO SECO II LOTE 13", "NM_MUN": "Olho d'Água do Casado", "ORGAO": "-", "OPERACAO": "MANDACARU - 2023", "PERIODO": "-", "N_PROCESSO": "-", "DATA_AI": "-", "MOTIVO": "DESMATAMENTO", "AI": "-", "TE": "-", "AI_APP": "-", "TE_APP": "-", "AI_RL": "-", "TE_RL": "-", "AREA_UTM": 3.4, "AREA_UC": 0.0, "AREA_TI": 0.0, "AREA_APP": 0.0, "AREA_RL": 0.0, "FORA_UC": 0.0, "FORA_TI": 0.0, "FORA_APP": 0.0, "FORA_RL": 0.0, "SITUACAO": "EMBARGADA" }, "geometry": { "type": "MultiPolygon", "coordinates": [ [ [ [ -37.853590051407352, -9.414653311023669 ], [ -37.853715583785231, -9.414827548293975 ], [ -37.85497316494375, -9.414552720265421 ], [ -37.855210291698157, -9.413736457319775 ], [ -37.853547551469973, -9.41448996761576 ], [ -37.853590051407352, -9.414653311023669 ] ] ], [ [ [ -37.850634274768368, -9.410550674908329 ], [ -37.851202716207496, -9.411339683675445 ], [ -37.853310660549653, -9.410884760990633 ], [ -37.85272737298304, -9.410056745629024 ], [ -37.850634274768368, -9.410550674908329 ] ] ] ] } },
{ "type": "Feature", "properties": { "fid": 345.0, "LAT_GD": -9.209366, "LONG_GD": -37.751887, "IMG_ANTES": "09/2020", "IMG_DEPOIS": "10/2022", "BIOMA": "Caatinga", "COD_CAR": "AL-2703304-8D0E90D30E0445F8ABB32C975427FC64", "N_IMOVEL": "SITIO ROCADO", "NM_MUN": "Inhapi", "ORGAO": "-", "OPERACAO": "MANDACARU - 2023", "PERIODO": "-", "N_PROCESSO": "-", "DATA_AI": "-", "MOTIVO": "DESMATAMENTO", "AI": "-", "TE": "-", "AI_APP": "-", "TE_APP": "-", "AI_RL": "-", "TE_RL": "-", "AREA_UTM": 3.8, "AREA_UC": 0.0, "AREA_TI": 0.0, "AREA_APP": 0.0, "AREA_RL": 0.0, "FORA_UC": 0.0, "FORA_TI": 0.0, "FORA_APP": 0.0, "FORA_RL": 0.0, "SITUACAO": "EMBARGADA" }, "geometry": { "type": "MultiPolygon", "coordinates": [ [ [ [ -37.750865949402183, -9.210443355562314 ], [ -37.751294232310407, -9.210411588500479 ], [ -37.751980541458991, -9.210120209678596 ], [ -37.752514420965213, -9.209864106722161 ], [ -37.753275383386978, -9.209381286433693 ], [ -37.753002560914737, -9.209000002197065 ], [ -37.752324577015479, -9.208356212935573 ], [ -37.750787651119182, -9.208920263032189 ], [ -37.75104931627957, -9.210295817288447 ], [ -37.750847, -9.210343 ], [ -37.750865949402183, -9.210443355562314 ] ] ] ] } },
{ "type": "Feature", "properties": { "fid": 346.0, "LAT_GD": -9.027329, "LONG_GD": -37.469344, "IMG_ANTES": "10/2022", "IMG_DEPOIS": "12/2022", "BIOMA": "Caatinga", "COD_CAR": "AL-2701605-B9728A2A32A64F0BB81FFF441815B765", "N_IMOVEL": "SITIO FOLHA LARGA", "NM_MUN": "Canapi", "ORGAO": "-", "OPERACAO": "MANDACARU - 2023", "PERIODO": "-", "N_PROCESSO": "2021.09111392672.AINF.IMA", "DATA_AI": "2021-11-05", "MOTIVO": "DESMATAMENTO", "AI": "SERIE A - TALAO 000235 - FOLHA 011689", "TE": "SERIE C - TALAO 039 - FOLHA 002420", "AI_APP": "-", "TE_APP": "-", "AI_RL": "-", "TE_RL": "-", "AREA_UTM": 3.51, "AREA_UC": 0.0, "AREA_TI": 0.0, "AREA_APP": 0.0, "AREA_RL": 0.0, "FORA_UC": 0.0, "FORA_TI": 0.0, "FORA_APP": 0.0, "FORA_RL": 0.0, "SITUACAO": "EMBARGADA" }, "geometry": { "type": "MultiPolygon", "coordinates": [ [ [ [ -37.471248103567561, -9.027425198437244 ], [ -37.471247647043512, -9.027424965254143 ], [ -37.470395973579173, -9.026819457105676 ], [ -37.46959355532374, -9.026351200005038 ], [ -37.469413306759883, -9.026401584709157 ], [ -37.469185598764597, -9.026523943383314 ], [ -37.468572005895403, -9.026767527054158 ], [ -37.468039862170762, -9.027680230215005 ], [ -37.467774283652183, -9.028251989055725 ], [ -37.467730162760752, -9.028409721758424 ], [ -37.46816005435717, -9.028677468552456 ], [ -37.469209465941859, -9.027087147156028 ], [ -37.470830366407334, -9.027871315769042 ], [ -37.471248103567561, -9.027425198437244 ] ] ] ] } },
{ "type": "Feature", "properties": { "fid": 347.0, "LAT_GD": -9.20932, "LONG_GD": -37.782723, "IMG_ANTES": "05/2018", "IMG_DEPOIS": "10/2022", "BIOMA": "Caatinga", "COD_CAR": "-", "N_IMOVEL": "-", "NM_MUN": "Inhapi", "ORGAO": "-", "OPERACAO": "MANDACARU - 2023", "PERIODO": "-", "N_PROCESSO": "-", "DATA_AI": "-", "MOTIVO": "DESMATAMENTO", "AI": "-", "TE": "-", "AI_APP": "-", "TE_APP": "-", "AI_RL": "-", "TE_RL": "-", "AREA_UTM": 42.05, "AREA_UC": 0.0, "AREA_TI": 0.0, "AREA_APP": 0.0, "AREA_RL": 0.0, "FORA_UC": 0.0, "FORA_TI": 0.0, "FORA_APP": 0.0, "FORA_RL": 0.0, "SITUACAO": "EMBARGADA" }, "geometry": { "type": "MultiPolygon", "coordinates": [ [ [ [ -37.788423993977339, -9.204704707304055 ], [ -37.785639314931203, -9.205425447408185 ], [ -37.785964511056548, -9.206035217677485 ], [ -37.784639070449593, -9.206170144761119 ], [ -37.784106150148901, -9.207129383843698 ], [ -37.781494720690354, -9.205588120631466 ], [ -37.780832160694786, -9.206096083294744 ], [ -37.7808578662681, -9.207905962509221 ], [ -37.78116344069258, -9.209204593940603 ], [ -37.780042610033398, -9.209695992604004 ], [ -37.77953464737012, -9.209905803269249 ], [ -37.778441423377437, -9.210965899262176 ], [ -37.778739575375454, -9.211672629924097 ], [ -37.779943226034057, -9.213373200579406 ], [ -37.781544412690018, -9.212898365915908 ], [ -37.78190882068759, -9.212556043251524 ], [ -37.782924746014125, -9.211462819258848 ], [ -37.783609391342878, -9.211727843257071 ], [ -37.785354132664544, -9.213340072579616 ], [ -37.785917308660778, -9.212997749915237 ], [ -37.783863372674517, -9.210104571267928 ], [ -37.784570103336456, -9.209066560608214 ], [ -37.788423993977339, -9.204704707304055 ] ] ] ] } },
{ "type": "Feature", "properties": { "fid": 348.0, "LAT_GD": -9.407513, "LONG_GD": -37.860468, "IMG_ANTES": "2018", "IMG_DEPOIS": "2021", "BIOMA": "Caatinga", "COD_CAR": "-", "N_IMOVEL": "-", "NM_MUN": "Olho d'Água do Casado", "ORGAO": "-", "OPERACAO": "MANDACARU - 2023", "PERIODO": "-", "N_PROCESSO": "-", "DATA_AI": "-", "MOTIVO": "DESMATAMENTO", "AI": "-", "TE": "-", "AI_APP": "-", "TE_APP": "-", "AI_RL": "-", "TE_RL": "-", "AREA_UTM": 2.2, "AREA_UC": 0.0, "AREA_TI": 0.0, "AREA_APP": 0.0, "AREA_RL": 0.0, "FORA_UC": 0.0, "FORA_TI": 0.0, "FORA_APP": 0.0, "FORA_RL": 0.0, "SITUACAO": "EMBARGADA" }, "geometry": { "type": "MultiPolygon", "coordinates": [ [ [ [ -37.859836748147579, -9.406356641798265 ], [ -37.85990617465135, -9.408303218047172 ], [ -37.859891864215008, -9.408306916316967 ], [ -37.859892749731287, -9.408332492332203 ], [ -37.861653721920604, -9.407928414517476 ], [ -37.86010126519465, -9.406501216348094 ], [ -37.859836748147579, -9.406356641798265 ] ] ] ] } },
{ "type": "Feature", "properties": { "fid": 349.0, "LAT_GD": -9.428929, "LONG_GD": -37.851392, "IMG_ANTES": "12/2018", "IMG_DEPOIS": "10/2022", "BIOMA": "Caatinga", "COD_CAR": "-", "N_IMOVEL": "-", "NM_MUN": "Olho d'Água do Casado", "ORGAO": "-", "OPERACAO": "MANDACARU - 2023", "PERIODO": "-", "N_PROCESSO": "-", "DATA_AI": "-", "MOTIVO": "DESMATAMENTO", "AI": "-", "TE": "-", "AI_APP": "-", "TE_APP": "-", "AI_RL": "-", "TE_RL": "-", "AREA_UTM": 0.98, "AREA_UC": 0.0, "AREA_TI": 0.0, "AREA_APP": 0.0, "AREA_RL": 0.0, "FORA_UC": 0.0, "FORA_TI": 0.0, "FORA_APP": 0.0, "FORA_RL": 0.0, "SITUACAO": "EMBARGADA" }, "geometry": { "type": "MultiPolygon", "coordinates": [ [ [ [ -37.85199455367119, -9.42878100706613 ], [ -37.851433653648769, -9.428255270190684 ], [ -37.85077370610054, -9.429121160379333 ], [ -37.8512124145916, -9.429535004835957 ], [ -37.851413219741083, -9.429346435886515 ], [ -37.851571844251161, -9.429411406299829 ], [ -37.85199455367119, -9.42878100706613 ] ] ] ] } },
{ "type": "Feature", "properties": { "fid": 350.0, "LAT_GD": -9.427289, "LONG_GD": -37.85178, "IMG_ANTES": "12/2018", "IMG_DEPOIS": "10/2022", "BIOMA": "Caatinga", "COD_CAR": "-", "N_IMOVEL": "-", "NM_MUN": "Olho d'Água do Casado", "ORGAO": "-", "OPERACAO": "MANDACARU - 2023", "PERIODO": "-", "N_PROCESSO": "-", "DATA_AI": "-", "MOTIVO": "DESMATAMENTO", "AI": "-", "TE": "-", "AI_APP": "-", "TE_APP": "-", "AI_RL": "-", "TE_RL": "-", "AREA_UTM": 1.27, "AREA_UC": 0.0, "AREA_TI": 0.0, "AREA_APP": 0.0, "AREA_RL": 0.0, "FORA_UC": 0.0, "FORA_TI": 0.0, "FORA_APP": 0.0, "FORA_RL": 0.0, "SITUACAO": "EMBARGADA" }, "geometry": { "type": "MultiPolygon", "coordinates": [ [ [ [ -37.85257731852154, -9.426709273365258 ], [ -37.852170121197922, -9.426367658188751 ], [ -37.85098172551502, -9.427828260592165 ], [ -37.851423461110763, -9.428206639171835 ], [ -37.85257731852154, -9.426709273365258 ] ] ] ] } },
{ "type": "Feature", "properties": { "fid": 351.0, "LAT_GD": -9.211502, "LONG_GD": -37.635751, "IMG_ANTES": "05/2021", "IMG_DEPOIS": "10/2022", "BIOMA": "Caatinga", "COD_CAR": "-", "N_IMOVEL": "-", "NM_MUN": "Inhapi", "ORGAO": "-", "OPERACAO": "MANDACARU - 2023", "PERIODO": "-", "N_PROCESSO": "-", "DATA_AI": "-", "MOTIVO": "DESMATAMENTO", "AI": "-", "TE": "-", "AI_APP": "-", "TE_APP": "-", "AI_RL": "-", "TE_RL": "-", "AREA_UTM": 10.62, "AREA_UC": 0.0, "AREA_TI": 0.0, "AREA_APP": 0.0, "AREA_RL": 0.0, "FORA_UC": 0.0, "FORA_TI": 0.0, "FORA_APP": 0.0, "FORA_RL": 0.0, "SITUACAO": "EMBARGADA" }, "geometry": { "type": "MultiPolygon", "coordinates": [ [ [ [ -37.636069308037044, -9.213873531211677 ], [ -37.637543944354462, -9.213560422662079 ], [ -37.636878298586844, -9.211505729538558 ], [ -37.637381612154051, -9.21145934420624 ], [ -37.636433449070203, -9.209850203577922 ], [ -37.636097163611922, -9.209794412986826 ], [ -37.634531172213222, -9.210081424948868 ], [ -37.633828115969983, -9.210078759188715 ], [ -37.633372626200533, -9.210572783511221 ], [ -37.634184318963186, -9.211815242902093 ], [ -37.635494548725816, -9.211690637692231 ], [ -37.636069308037044, -9.213873531211677 ] ] ] ] } },
{ "type": "Feature", "properties": { "fid": 352.0, "LAT_GD": -9.550076, "LONG_GD": -37.754177, "IMG_ANTES": "11/2017", "IMG_DEPOIS": "08/2022", "BIOMA": "Caatinga", "COD_CAR": "-", "N_IMOVEL": "-", "NM_MUN": "Piranhas", "ORGAO": "-", "OPERACAO": "MANDACARU - 2023", "PERIODO": "-", "N_PROCESSO": "-", "DATA_AI": "-", "MOTIVO": "DESMATAMENTO", "AI": "-", "TE": "-", "AI_APP": "-", "TE_APP": "-", "AI_RL": "-", "TE_RL": "-", "AREA_UTM": 1.66, "AREA_UC": 0.0, "AREA_TI": 0.0, "AREA_APP": 0.0, "AREA_RL": 0.0, "FORA_UC": 0.0, "FORA_TI": 0.0, "FORA_APP": 0.0, "FORA_RL": 0.0, "SITUACAO": "EMBARGADA" }, "geometry": { "type": "MultiPolygon", "coordinates": [ [ [ [ -37.754332893936038, -9.551081682301067 ], [ -37.754331462964629, -9.55107830777667 ], [ -37.755064794419077, -9.550724226422155 ], [ -37.753782952929356, -9.549004662323826 ], [ -37.753333216972727, -9.549171840247009 ], [ -37.754332893936038, -9.551081682301067 ] ] ] ] } },
{ "type": "Feature", "properties": { "fid": 353.0, "LAT_GD": -9.560878, "LONG_GD": -37.759181, "IMG_ANTES": "11/2017", "IMG_DEPOIS": "08/2022", "BIOMA": "Caatinga", "COD_CAR": "-", "N_IMOVEL": "-", "NM_MUN": "Piranhas", "ORGAO": "-", "OPERACAO": "MANDACARU - 2023", "PERIODO": "-", "N_PROCESSO": "-", "DATA_AI": "-", "MOTIVO": "DESMATAMENTO", "AI": "-", "TE": "-", "AI_APP": "-", "TE_APP": "-", "AI_RL": "-", "TE_RL": "-", "AREA_UTM": 94.12, "AREA_UC": 0.0, "AREA_TI": 0.0, "AREA_APP": 0.0, "AREA_RL": 0.0, "FORA_UC": 0.0, "FORA_TI": 0.0, "FORA_APP": 0.0, "FORA_RL": 0.0, "SITUACAO": "EMBARGADA" }, "geometry": { "type": "MultiPolygon", "coordinates": [ [ [ [ -37.756780182824379, -9.557741835550305 ], [ -37.756654475723515, -9.557793145705771 ], [ -37.756977361982088, -9.558622114962654 ], [ -37.757164876743687, -9.559245699048784 ], [ -37.757350244155177, -9.559166395849191 ], [ -37.757741092924242, -9.559903930847698 ], [ -37.75573829660285, -9.560540883859902 ], [ -37.751998770020393, -9.562025808104327 ], [ -37.752989623789155, -9.563755385181786 ], [ -37.753995773783778, -9.565937358708023 ], [ -37.75517635458646, -9.565941592188613 ], [ -37.756573093376446, -9.564774785406721 ], [ -37.757961861931427, -9.565801332772557 ], [ -37.757419362575945, -9.56722659737137 ], [ -37.757908858565244, -9.569977596418362 ], [ -37.758468557830867, -9.57006973775156 ], [ -37.761706918162766, -9.568188376495335 ], [ -37.757898624830901, -9.560287586028885 ], [ -37.767012229683431, -9.555542641891233 ], [ -37.766803040207257, -9.554790736386547 ], [ -37.765379354486889, -9.55505610274939 ], [ -37.764662938922946, -9.55225923149548 ], [ -37.761712409546433, -9.55202338996915 ], [ -37.761060949486655, -9.552201348806918 ], [ -37.761390499973515, -9.553148987013252 ], [ -37.760404600350597, -9.553628676264285 ], [ -37.761402642373341, -9.55321601724696 ], [ -37.762224304630777, -9.555118444352539 ], [ -37.756780182824379, -9.557741835550305 ] ] ] ] } },
{ "type": "Feature", "properties": { "fid": 354.0, "LAT_GD": -9.543719, "LONG_GD": -37.759414, "IMG_ANTES": "05/2016", "IMG_DEPOIS": "05/2019", "BIOMA": "Caatinga", "COD_CAR": "-", "N_IMOVEL": "-", "NM_MUN": "Piranhas", "ORGAO": "-", "OPERACAO": "MANDACARU - 2023", "PERIODO": "-", "N_PROCESSO": "-", "DATA_AI": "-", "MOTIVO": "DESMATAMENTO", "AI": "-", "TE": "-", "AI_APP": "-", "TE_APP": "-", "AI_RL": "-", "TE_RL": "-", "AREA_UTM": 12.52, "AREA_UC": 0.0, "AREA_TI": 0.0, "AREA_APP": 0.0, "AREA_RL": 0.0, "FORA_UC": 0.0, "FORA_TI": 0.0, "FORA_APP": 0.0, "FORA_RL": 0.0, "SITUACAO": "EMBARGADA" }, "geometry": { "type": "MultiPolygon", "coordinates": [ [ [ [ -37.759982573219112, -9.541460342880404 ], [ -37.757510333181749, -9.542679360125778 ], [ -37.758589128834423, -9.545959603060354 ], [ -37.761488392150966, -9.544629778649364 ], [ -37.759982573219112, -9.541460342880404 ] ] ] ] } },
{ "type": "Feature", "properties": { "fid": 355.0, "LAT_GD": -9.069843, "LONG_GD": -37.44739, "IMG_ANTES": "05/2018", "IMG_DEPOIS": "12/2022", "BIOMA": "Caatinga", "COD_CAR": "AL-2701605-BE85750F9CBF4638810F8A6F020C6635", "N_IMOVEL": "FAZENDA ESPERANCA", "NM_MUN": "Canapi", "ORGAO": "-", "OPERACAO": "MANDACARU - 2023", "PERIODO": "-", "N_PROCESSO": "2023.29110338152.AINF.IMA", "DATA_AI": "2023-11-28", "MOTIVO": "DESMATAMENTO", "AI": "SERIE A - TALAO 0009 - FOLHA 00419", "TE": "SERIE C - TALAO 0043 - FOLHA 02118", "AI_APP": "-", "TE_APP": "-", "AI_RL": "-", "TE_RL": "-", "AREA_UTM": 16.56, "AREA_UC": 0.0, "AREA_TI": 0.0, "AREA_APP": 0.0, "AREA_RL": 0.0, "FORA_UC": 0.0, "FORA_TI": 0.0, "FORA_APP": 0.0, "FORA_RL": 0.0, "SITUACAO": "EMBARGADA" }, "geometry": { "type": "MultiPolygon", "coordinates": [ [ [ [ -37.444935724977739, -9.071212161348955 ], [ -37.445537100812246, -9.07263081049914 ], [ -37.446283083948465, -9.072441869042752 ], [ -37.446108052687308, -9.071812642142515 ], [ -37.446849449172682, -9.071450107846733 ], [ -37.44981755196401, -9.070551670552076 ], [ -37.449485287106143, -9.069346259443419 ], [ -37.449107891939448, -9.068023357908771 ], [ -37.44981291929232, -9.067783573730875 ], [ -37.44962936164378, -9.067317614192834 ], [ -37.449407008394452, -9.067392209770839 ], [ -37.449402196515379, -9.0673806830229 ], [ -37.447929382324219, -9.067940896050855 ], [ -37.444195747375488, -9.069466536614268 ], [ -37.444221143725706, -9.069526447448661 ], [ -37.445197692995229, -9.069107018627843 ], [ -37.445817110272905, -9.07086668089844 ], [ -37.444935724977739, -9.071212161348955 ] ] ] ] } },
{ "type": "Feature", "properties": { "fid": 356.0, "LAT_GD": -9.209242, "LONG_GD": -37.593552, "IMG_ANTES": "05/2021", "IMG_DEPOIS": "12/2022", "BIOMA": "Caatinga", "COD_CAR": "AL-2701605-3F38CE8C2702424E9FA31ED11A91E091", "N_IMOVEL": "SITIO MANDU", "NM_MUN": "Canapi", "ORGAO": "-", "OPERACAO": "MANDACARU - 2023", "PERIODO": "-", "N_PROCESSO": "2023.07112979077.AINF.IMA", "DATA_AI": "2023-01-20", "MOTIVO": "DESMATAMENTO", "AI": "SERIE A - TALAO 0001 - FOLHA 00028", "TE": "SERIE C - TALAO 0035 - FOLHA 01716", "AI_APP": "-", "TE_APP": "-", "AI_RL": "-", "TE_RL": "-", "AREA_UTM": 5.06, "AREA_UC": 0.0, "AREA_TI": 0.0, "AREA_APP": 0.0, "AREA_RL": 0.0, "FORA_UC": 0.0, "FORA_TI": 0.0, "FORA_APP": 0.0, "FORA_RL": 0.0, "SITUACAO": "EMBARGADA" }, "geometry": { "type": "MultiPolygon", "coordinates": [ [ [ [ -37.592507845518107, -9.209666338652429 ], [ -37.592988945568202, -9.210542766091601 ], [ -37.595044762020223, -9.209616248910148 ], [ -37.594103208698357, -9.208082567930624 ], [ -37.592229935241086, -9.208522485890834 ], [ -37.592604689492269, -9.209606723946628 ], [ -37.592507845518107, -9.209666338652429 ] ] ] ] } },
{ "type": "Feature", "properties": { "fid": 358.0, "LAT_GD": -9.563776, "LONG_GD": -36.778929, "IMG_ANTES": "09/2020", "IMG_DEPOIS": "03/2024", "BIOMA": "Caatinga", "COD_CAR": "AL-2703106-0DA2726275564A8FA9A45642335FA7A6", "N_IMOVEL": "FAZENDA TINGUI", "NM_MUN": "Craíbas", "ORGAO": "-", "OPERACAO": "IMA 2024", "PERIODO": "-", "N_PROCESSO": "2024.13062800753.AINF.IMA", "DATA_AI": "2024-04-24", "MOTIVO": "DESMATAMENTO", "AI": "SERIE A - TALAO 0039 - FOLHA 01939", "TE": "SERIE C - TALAO 041 - FOLHA 2540", "AI_APP": "-", "TE_APP": "-", "AI_RL": "-", "TE_RL": "-", "AREA_UTM": 96.86, "AREA_UC": 0.0, "AREA_TI": 0.0, "AREA_APP": 0.0, "AREA_RL": 0.0, "FORA_UC": 0.0, "FORA_TI": 0.0, "FORA_APP": 0.0, "FORA_RL": 0.0, "SITUACAO": "DESEMBARGADA" }, "geometry": { "type": "MultiPolygon", "coordinates": [ [ [ [ -36.776463768175326, -9.569696154804413 ], [ -36.784182121471019, -9.567218682580254 ], [ -36.782416633033883, -9.5600986393881 ], [ -36.779293076568173, -9.558201424047267 ], [ -36.773724997651051, -9.560031679026769 ], [ -36.776463768175326, -9.569696154804413 ] ] ] ] } },
{ "type": "Feature", "properties": { "fid": 359.0, "LAT_GD": -9.57429, "LONG_GD": -36.769878, "IMG_ANTES": "05/2021", "IMG_DEPOIS": "03/2024", "BIOMA": "Caatinga", "COD_CAR": "-", "N_IMOVEL": "FAZENDA TINGUI", "NM_MUN": "Craíbas", "ORGAO": "-", "OPERACAO": "IMA 2024", "PERIODO": "-", "N_PROCESSO": "2024.11060399069.AINF.IMA", "DATA_AI": "2024-04-24", "MOTIVO": "DESMATAMENTO", "AI": "SERIE A - TALAO 0039 - FOLHA 01938", "TE": "SERIE C - TALAO 041 - FOLHA 2539", "AI_APP": "-", "TE_APP": "-", "AI_RL": "-", "TE_RL": "-", "AREA_UTM": 18.84, "AREA_UC": 0.0, "AREA_TI": 0.0, "AREA_APP": 0.0, "AREA_RL": 0.0, "FORA_UC": 0.0, "FORA_TI": 0.0, "FORA_APP": 0.0, "FORA_RL": 0.0, "SITUACAO": "DESEMBARGADA" }, "geometry": { "type": "MultiPolygon", "coordinates": [ [ [ [ -36.771755799009611, -9.576101787546431 ], [ -36.771438916469613, -9.572128970314038 ], [ -36.771212571798188, -9.571972734979006 ], [ -36.769356545492478, -9.57215128964174 ], [ -36.766798850705335, -9.572553037289811 ], [ -36.766776216238185, -9.572776230222354 ], [ -36.766934657508195, -9.573044061547849 ], [ -36.767409981318195, -9.57302174227878 ], [ -36.767885305128189, -9.573356531160718 ], [ -36.768111649799621, -9.573691319712719 ], [ -36.768519070208185, -9.574026107934781 ], [ -36.768745414879618, -9.57572236318854 ], [ -36.769198104222468, -9.577061506088901 ], [ -36.76953762122961, -9.57715078209451 ], [ -36.770126117375327, -9.577128463095301 ], [ -36.771755799009611, -9.576101787546431 ] ] ] ] } },
{ "type": "Feature", "properties": { "fid": 357.0, "LAT_GD": -9.573391, "LONG_GD": -36.761822, "IMG_ANTES": "05/2021", "IMG_DEPOIS": "03/2024", "BIOMA": "Caatinga", "COD_CAR": "-", "N_IMOVEL": "FAZENDA TINGUI", "NM_MUN": "Craíbas", "ORGAO": "-", "OPERACAO": "IMA 2024", "PERIODO": "-", "N_PROCESSO": "2024.10064525250.AINF.IMA", "DATA_AI": "2024-04-24", "MOTIVO": "DESMATAMENTO", "AI": "SERIE A - TALAO 0039 - FOLHA 01937", "TE": "SERIE C - TALAO 041 - FOLHA 2538", "AI_APP": "-", "TE_APP": "-", "AI_RL": "-", "TE_RL": "-", "AREA_UTM": 73.4, "AREA_UC": 0.0, "AREA_TI": 0.0, "AREA_APP": 0.0, "AREA_RL": 0.0, "FORA_UC": 0.0, "FORA_TI": 0.0, "FORA_APP": 0.0, "FORA_RL": 0.0, "SITUACAO": "DESEMBARGADA" }, "geometry": { "type": "MultiPolygon", "coordinates": [ [ [ [ -36.765802934151026, -9.569210705588487 ], [ -36.764150618049612, -9.569322303170779 ], [ -36.76272464661961, -9.56941158121022 ], [ -36.76206824707247, -9.569657095697757 ], [ -36.761004427116752, -9.570081165758459 ], [ -36.758831518271045, -9.570103485220681 ], [ -36.758514635731053, -9.570304360314704 ], [ -36.758061946388196, -9.570527554724347 ], [ -36.757428181308207, -9.570616832447165 ], [ -36.756749147293924, -9.570058846294778 ], [ -36.756228554549629, -9.570237401963228 ], [ -36.756319092418209, -9.570862346063953 ], [ -36.755934306476775, -9.571152498291461 ], [ -36.755594789469633, -9.571130178898141 ], [ -36.754983658856773, -9.571331053385251 ], [ -36.754666776316775, -9.571264095236076 ], [ -36.7544630661125, -9.57186671810361 ], [ -36.75505156225821, -9.57200063415123 ], [ -36.755956940943925, -9.572067592155264 ], [ -36.756545437089635, -9.571822079409332 ], [ -36.756681243892494, -9.571509608385188 ], [ -36.756568071556771, -9.570862346063961 ], [ -36.758243022125349, -9.570795387822416 ], [ -36.758446732329631, -9.571755121356915 ], [ -36.758016677453917, -9.571732802003192 ], [ -36.757767698315341, -9.572179188799323 ], [ -36.757247105571068, -9.572558617114911 ], [ -36.75677178176106, -9.572781810043779 ], [ -36.756341726885339, -9.57226846608817 ], [ -36.75557215500249, -9.572513978511537 ], [ -36.755255272462499, -9.572670213597677 ], [ -36.755809816907494, -9.573484866811313 ], [ -36.75657938879035, -9.573150078055852 ], [ -36.756975491965349, -9.574667784438095 ], [ -36.757530036410337, -9.574545029026881 ], [ -36.758050629154624, -9.57409864533939 ], [ -36.758548587431761, -9.573317472474837 ], [ -36.759114449110328, -9.573183556946255 ], [ -36.758978642307476, -9.574835178109169 ], [ -36.759114449110342, -9.576899693268942 ], [ -36.759453966117491, -9.57682157670757 ], [ -36.759951924394635, -9.576888533761275 ], [ -36.760551737773916, -9.577033607332345 ], [ -36.760891254781058, -9.577122883345272 ], [ -36.761128916686062, -9.577167521342949 ], [ -36.76144579922606, -9.577055926337779 ], [ -36.761649509430335, -9.576977809812337 ], [ -36.761751364532486, -9.577000128821442 ], [ -36.761841902401059, -9.577145202344848 ], [ -36.761955074736768, -9.577290275806273 ], [ -36.762170102174629, -9.577457668184742 ], [ -36.762385129612483, -9.577569263057876 ], [ -36.762532253648907, -9.577770133737111 ], [ -36.762679377685338, -9.577948685352213 ], [ -36.762894405123191, -9.578082599001943 ], [ -36.762996260225336, -9.578071439533153 ], [ -36.763448949568193, -9.577747814778624 ], [ -36.763890321677479, -9.577413030225211 ], [ -36.764399597188195, -9.576977809812346 ], [ -36.764524086757476, -9.576843895726924 ], [ -36.76458633154212, -9.576821576707555 ], [ -36.76469384526105, -9.576810417197319 ], [ -36.764818334830338, -9.576832736217423 ], [ -36.765005069184269, -9.576910852776235 ], [ -36.765180486304622, -9.57705034658655 ], [ -36.765344586191411, -9.577251217572758 ], [ -36.765565272246043, -9.577524625113027 ], [ -36.766187720092475, -9.577781293215798 ], [ -36.766425381997479, -9.577859409556401 ], [ -36.766617774968196, -9.57811607740611 ], [ -36.766968609208909, -9.578138396340407 ], [ -36.767987160230327, -9.578216512598852 ], [ -36.768507752974607, -9.578227672062871 ], [ -36.768281408303181, -9.577368392259825 ], [ -36.768258773836038, -9.577223318831773 ], [ -36.767964525763183, -9.577200999837347 ], [ -36.767319443449615, -9.577167521342945 ], [ -36.766855436873186, -9.577033607332346 ], [ -36.766617774968182, -9.576721141102244 ], [ -36.766414064763886, -9.576375196012131 ], [ -36.766210354559611, -9.57618548403889 ], [ -36.765814251384604, -9.576029250569615 ], [ -36.765593565329972, -9.575939974269167 ], [ -36.765457758527113, -9.575861857487034 ], [ -36.765304975873896, -9.575856277716202 ], [ -36.765146534603893, -9.5759176551904 ], [ -36.764976776100319, -9.576090628012539 ], [ -36.764846627914253, -9.576213382865127 ], [ -36.764648576326763, -9.576336137673366 ], [ -36.764473159206396, -9.57644773291506 ], [ -36.76438262133783, -9.576509110282357 ], [ -36.764105349115333, -9.575778160914805 ], [ -36.764003494013188, -9.575510331745095 ], [ -36.763856369976757, -9.575309459729194 ], [ -36.763833735509628, -9.575041630189864 ], [ -36.76375451487462, -9.574885396194391 ], [ -36.76342631510105, -9.574941194058178 ], [ -36.763482901268908, -9.574695683389008 ], [ -36.765553955012471, -9.57472916212707 ], [ -36.765802934151026, -9.569210705588487 ] ] ] ] } },
{ "type": "Feature", "properties": { "fid": 362.0, "LAT_GD": -9.548779, "LONG_GD": -36.783831, "IMG_ANTES": "09/2020", "IMG_DEPOIS": "03/2024", "BIOMA": "Caatinga", "COD_CAR": "AL-2703106-3519B0031B3B4358929343B1FED3E7A8", "N_IMOVEL": "SITIO LAGOA DOS CABOCLOS", "NM_MUN": "Igaci", "ORGAO": "-", "OPERACAO": "IMA 2024", "PERIODO": "-", "N_PROCESSO": "2024.13061835256.AINF.IMA", "DATA_AI": "2024-04-25", "MOTIVO": "DESMATAMENTO", "AI": "SERIE A - TALAO 0039 - FOLHA 01940", "TE": "SERIE C - TALAO 041 - FOLHA 2541", "AI_APP": "-", "TE_APP": "-", "AI_RL": "-", "TE_RL": "-", "AREA_UTM": 103.16, "AREA_UC": 0.0, "AREA_TI": 0.0, "AREA_APP": 0.0, "AREA_RL": 0.0, "FORA_UC": 0.0, "FORA_TI": 0.0, "FORA_APP": 0.0, "FORA_RL": 0.0, "SITUACAO": "DESEMBARGADA" }, "geometry": { "type": "MultiPolygon", "coordinates": [ [ [ [ -36.79156944568453, -9.549178346334005 ], [ -36.790890411670247, -9.546499835684072 ], [ -36.790528260195956, -9.544982003634308 ], [ -36.790211377655964, -9.543062382830016 ], [ -36.782425120958834, -9.54556235198115 ], [ -36.78305888603883, -9.547258749173199 ], [ -36.77529526380885, -9.549803329121573 ], [ -36.775838491020274, -9.551789873936562 ], [ -36.775929028888847, -9.55480315012708 ], [ -36.777309731384548, -9.553798727693717 ], [ -36.784733836607394, -9.551321139687776 ], [ -36.789645515977377, -9.549580121114824 ], [ -36.790686701465951, -9.549245308830399 ], [ -36.79156944568453, -9.549178346334005 ] ] ] ] } },
{ "type": "Feature", "properties": { "fid": 363.0, "LAT_GD": -9.619776, "LONG_GD": -36.931878, "IMG_ANTES": "06/2021", "IMG_DEPOIS": "04/2024", "BIOMA": "Caatinga", "COD_CAR": "AL-2703700-08F684B3105E4240B7E4DC547EA0AF6B", "N_IMOVEL": "FAZENDA MONTE DAS OLIVEIRAS", "NM_MUN": "Jaramataia", "ORGAO": "-", "OPERACAO": "IMA 2024", "PERIODO": "-", "N_PROCESSO": "2024.13061881255.AINF.IMA", "DATA_AI": "2024-04-24", "MOTIVO": "DESMATAMENTO", "AI": "SERIE A - TALAO 0039 - FOLHA 01941", "TE": "SERIE C - TALAO 041 - FOLHA 2542", "AI_APP": "-", "TE_APP": "-", "AI_RL": "-", "TE_RL": "-", "AREA_UTM": 242.76, "AREA_UC": 0.0, "AREA_TI": 0.0, "AREA_APP": 0.0, "AREA_RL": 0.0, "FORA_UC": 0.0, "FORA_TI": 0.0, "FORA_APP": 0.0, "FORA_RL": 0.0, "SITUACAO": "EMBARGADA" }, "geometry": { "type": "MultiPolygon", "coordinates": [ [ [ [ -36.944187999011447, -9.622444163834183 ], [ -36.940521215334314, -9.616463419027445 ], [ -36.939706374517172, -9.617110594279326 ], [ -36.938755726897178, -9.615325280235345 ], [ -36.93769190694146, -9.611933157588894 ], [ -36.931376890608618, -9.614454936221717 ], [ -36.931603235280043, -9.613450690346163 ], [ -36.930675222127199, -9.613785439302617 ], [ -36.926714190377204, -9.615481495590457 ], [ -36.921191380394369, -9.618672736335542 ], [ -36.921779876540072, -9.625813865227981 ], [ -36.922685255225787, -9.625546075618011 ], [ -36.924450743662923, -9.625122074968083 ], [ -36.925129777677206, -9.624921232369244 ], [ -36.926714190377204, -9.624965864068194 ], [ -36.926442576771485, -9.625970075735792 ], [ -36.92793645160291, -9.625746917845397 ], [ -36.929000271558628, -9.625791549435263 ], [ -36.929226616230061, -9.626951968702194 ], [ -36.932304903761477, -9.626215549244943 ], [ -36.932169096958631, -9.624251756177486 ], [ -36.931127911470064, -9.624296387964876 ], [ -36.930788394462915, -9.623872385746667 ], [ -36.930765759995772, -9.62355996271913 ], [ -36.933051841177196, -9.623180591511627 ], [ -36.935202115555754, -9.622912799814593 ], [ -36.937375024401462, -9.623091327636201 ], [ -36.938529382225752, -9.623269855363457 ], [ -36.938868899232894, -9.623269855363457 ], [ -36.941924552297166, -9.624140176683232 ], [ -36.944187999011447, -9.622444163834183 ] ] ] ] } },
{ "type": "Feature", "properties": { "fid": 360.0, "LAT_GD": -9.641264, "LONG_GD": -36.863659, "IMG_ANTES": "08/2022", "IMG_DEPOIS": "06/2023", "BIOMA": "Caatinga", "COD_CAR": "AL-2702355-945E0B88932941DFAED43D9CBA4AC195", "N_IMOVEL": "SITIO RIACHAO", "NM_MUN": "Craíbas", "ORGAO": "-", "OPERACAO": "IMA 2024", "PERIODO": "-", "N_PROCESSO": "2024.10064646052.AINF.IMA", "DATA_AI": "2024-04-24", "MOTIVO": "DESMATAMENTO", "AI": "SERIE A - TALAO 0039 - FOLHA 01940", "TE": "SERIE C - TALAO 041 - FOLHA 2541", "AI_APP": "-", "TE_APP": "-", "AI_RL": "-", "TE_RL": "-", "AREA_UTM": 105.26, "AREA_UC": 0.0, "AREA_TI": 0.0, "AREA_APP": 0.0, "AREA_RL": 0.0, "FORA_UC": 0.0, "FORA_TI": 0.0, "FORA_APP": 0.0, "FORA_RL": 0.0, "SITUACAO": "EMBARGADA" }, "geometry": { "type": "MultiPolygon", "coordinates": [ [ [ [ -36.870973, -9.635234 ], [ -36.866348066507278, -9.63726167247354 ], [ -36.860644180787297, -9.640140299751394 ], [ -36.854940295067308, -9.642862699845992 ], [ -36.855755135884451, -9.646566913856715 ], [ -36.855981480555883, -9.647604532773084 ], [ -36.857905410263015, -9.646812372383433 ], [ -36.858720251080157, -9.646767743573674 ], [ -36.859512457430156, -9.646522285014473 ], [ -36.859693533167295, -9.646299140714635 ], [ -36.859376650627297, -9.646009052904022 ], [ -36.860607, -9.645198 ], [ -36.861208, -9.644669 ], [ -36.861959, -9.644479 ], [ -36.86271, -9.644458 ], [ -36.863183, -9.644394 ], [ -36.86402, -9.643971 ], [ -36.864685, -9.643717 ], [ -36.865093, -9.643421 ], [ -36.865393, -9.643231 ], [ -36.865243, -9.642829 ], [ -36.865479, -9.64266 ], [ -36.865951, -9.642469 ], [ -36.872004, -9.639931 ], [ -36.871896, -9.639317 ], [ -36.871961, -9.639084 ], [ -36.87224, -9.637752 ], [ -36.872304, -9.636736 ], [ -36.872068, -9.635657 ], [ -36.871725, -9.635573 ], [ -36.871467, -9.635488 ], [ -36.870973, -9.635234 ] ] ] ] } },
{ "type": "Feature", "properties": { "fid": 361.0, "LAT_GD": -9.803015, "LONG_GD": -36.952766, "IMG_ANTES": "05/2023", "IMG_DEPOIS": "03/2024", "BIOMA": "Caatinga", "COD_CAR": "AL-2709202-A6581D0E0E024D11BAF359F308008541", "N_IMOVEL": "FAZENDA BOA VISTA", "NM_MUN": "Traipu", "ORGAO": "-", "OPERACAO": "IMA 2024", "PERIODO": "-", "N_PROCESSO": "2024.24042284151.AI.IMA", "DATA_AI": "2024-05-08", "MOTIVO": "DESMATAMENTO", "AI": "2024.10064450657.AAF.AINF", "TE": "2024.240422109.AI.TA", "AI_APP": "-", "TE_APP": "-", "AI_RL": "-", "TE_RL": "-", "AREA_UTM": 140.29, "AREA_UC": 0.0, "AREA_TI": 0.0, "AREA_APP": 0.0, "AREA_RL": 0.0, "FORA_UC": 0.0, "FORA_TI": 0.0, "FORA_APP": 0.0, "FORA_RL": 0.0, "SITUACAO": "EMBARGADA" }, "geometry": { "type": "MultiPolygon", "coordinates": [ [ [ [ -36.965623715934171, -9.804488011087074 ], [ -36.965171239477691, -9.803739859121562 ], [ -36.964481021154235, -9.802651635067418 ], [ -36.964327639304585, -9.802356907104851 ], [ -36.964350646582027, -9.802152864515781 ], [ -36.964588388448995, -9.802130193109249 ], [ -36.963905839218029, -9.801669207506887 ], [ -36.963737119183406, -9.801472721645558 ], [ -36.96408989743761, -9.801223335576987 ], [ -36.9638291482932, -9.801079749573654 ], [ -36.964235610194777, -9.800656548360136 ], [ -36.963668097351061, -9.800414718852851 ], [ -36.963299980911884, -9.800082202992423 ], [ -36.962590589857257, -9.799175339860728 ], [ -36.962161120678218, -9.7985858774957 ], [ -36.961536089640852, -9.798102215285754 ], [ -36.96093790042719, -9.79783015498279 ], [ -36.959753025638634, -9.797565651696582 ], [ -36.958506798110172, -9.797097102500585 ], [ -36.958058156199947, -9.796764583314914 ], [ -36.956244415827761, -9.797210461237711 ], [ -36.956995986891073, -9.797610995132068 ], [ -36.957003655983563, -9.797739468165561 ], [ -36.956804259579009, -9.797898170079444 ], [ -36.956911626873769, -9.797996414083331 ], [ -36.957371772422732, -9.797830154982789 ], [ -36.957755227046874, -9.797883055614726 ], [ -36.958161688948451, -9.79814000142129 ], [ -36.958652510867353, -9.798480076447527 ], [ -36.958660179959836, -9.798623663576164 ], [ -36.958246048965769, -9.799288697887768 ], [ -36.958453114462799, -9.799938616495101 ], [ -36.959710845629971, -9.79987815900394 ], [ -36.960078962069147, -9.800505404938749 ], [ -36.95946543467052, -9.800671662698498 ], [ -36.958943936381694, -9.801457607343707 ], [ -36.95909731823135, -9.801941264661194 ], [ -36.958514467202654, -9.802198207324214 ], [ -36.958683187237284, -9.802621406570495 ], [ -36.959864227479628, -9.802183093055428 ], [ -36.960891885872321, -9.803815430103812 ], [ -36.958928598196735, -9.804540910657096 ], [ -36.957427036361011, -9.805138923138573 ], [ -36.957971698443281, -9.805805178194152 ], [ -36.958867245456872, -9.807049851998448 ], [ -36.960707827652733, -9.806384833251471 ], [ -36.961413384161148, -9.807563729207272 ], [ -36.962985548120109, -9.806740013884609 ], [ -36.961536089640866, -9.804427554425283 ], [ -36.962732468068175, -9.803966572016659 ], [ -36.964227941102322, -9.805538443825805 ], [ -36.964672748466313, -9.805115248302611 ], [ -36.965623715934171, -9.804488011087074 ] ] ], [ [ [ -36.944959346239365, -9.807669527357255 ], [ -36.947842925012878, -9.807382360871602 ], [ -36.948395099671636, -9.807820667512919 ], [ -36.949146670734947, -9.807352132806017 ], [ -36.949775536318541, -9.809755255417928 ], [ -36.950588460121708, -9.809543660415892 ], [ -36.950005609093019, -9.807049851998455 ], [ -36.950511769196879, -9.80682314121187 ], [ -36.952582424167225, -9.805946524711533 ], [ -36.952735806016875, -9.805598900285011 ], [ -36.953119260641017, -9.805417530874307 ], [ -36.953916846259226, -9.804828079604219 ], [ -36.953410686155372, -9.804435111508603 ], [ -36.952797158756752, -9.804540910657089 ], [ -36.952659115092061, -9.804359540667598 ], [ -36.952659115092061, -9.804102599679297 ], [ -36.952843173311649, -9.803634059717476 ], [ -36.95318061338088, -9.803210861763532 ], [ -36.952490395057445, -9.80331666130267 ], [ -36.952505733242404, -9.802908577180055 ], [ -36.952797158756752, -9.802666749314852 ], [ -36.952965878791368, -9.802273778657796 ], [ -36.952996555161306, -9.802047064605368 ], [ -36.953748126224603, -9.801759893249789 ], [ -36.953778802594549, -9.801397150129416 ], [ -36.953456700710262, -9.8011099782111 ], [ -36.952444380502541, -9.800837920374919 ], [ -36.951861529473852, -9.801351807211493 ], [ -36.951646794884333, -9.801336692904133 ], [ -36.952014911323502, -9.800278689677503 ], [ -36.950404401902119, -9.800172889169231 ], [ -36.949928918168197, -9.800550747972389 ], [ -36.949453434434261, -9.800505404938747 ], [ -36.948287732376876, -9.800293804033073 ], [ -36.947045339394677, -9.800369375800592 ], [ -36.946983986654821, -9.799931059309307 ], [ -36.946370459256187, -9.799825258690145 ], [ -36.945572873637978, -9.799538085410903 ], [ -36.945572873637978, -9.799175339860724 ], [ -36.945879637337299, -9.798842822757953 ], [ -36.945910313707223, -9.797709239220968 ], [ -36.945526859083088, -9.797588323415095 ], [ -36.943793644181987, -9.797331377181298 ], [ -36.943486880482681, -9.798041757459922 ], [ -36.943793644181994, -9.799160225454202 ], [ -36.944253789730958, -9.802304007186409 ], [ -36.941830356506408, -9.803482917653067 ], [ -36.942904029453992, -9.805659356733212 ], [ -36.94437649521069, -9.805447759116316 ], [ -36.944591229800203, -9.806324376935594 ], [ -36.944959346239365, -9.807669527357255 ] ] ] ] } },
{ "type": "Feature", "properties": { "fid": 386.0, "LAT_GD": -9.363672, "LONG_GD": -37.349158, "IMG_ANTES": "05/2021", "IMG_DEPOIS": "01/2025", "BIOMA": "Caatinga", "COD_CAR": "AL-2708006-714EA09F3DC34C519B092E8C939130B4", "N_IMOVEL": "LAGOA DA VARZEA DE DENTRO", "NM_MUN": "Santana do Ipanema", "ORGAO": "-", "OPERACAO": "XV FPI 2025", "PERIODO": "08/2025", "N_PROCESSO": "-", "DATA_AI": "-", "MOTIVO": "DESMATAMENTO", "AI": "2025.25081144031.UCS.AINF", "TE": "2025.220818120.AI.TA", "AI_APP": "-", "TE_APP": "-", "AI_RL": "-", "TE_RL": "-", "AREA_UTM": 14.07, "AREA_UC": 0.0, "AREA_TI": 0.0, "AREA_APP": 0.0, "AREA_RL": 0.0, "FORA_UC": 0.0, "FORA_TI": 0.0, "FORA_APP": 0.0, "FORA_RL": 0.0, "SITUACAO": "EMBARGADA" }, "geometry": { "type": "MultiPolygon", "coordinates": [ [ [ [ -37.347928599400298, -9.362112977234331 ], [ -37.3473965550834, -9.362498138150819 ], [ -37.347092996055999, -9.362765792347 ], [ -37.346949376731203, -9.362896355369539 ], [ -37.347079939753797, -9.363105256205589 ], [ -37.347314953194299, -9.363601395691241 ], [ -37.347380234705597, -9.36407142257236 ], [ -37.3475369103326, -9.36441088643096 ], [ -37.347993880911503, -9.365220377170679 ], [ -37.348202781747602, -9.36569040405181 ], [ -37.348424738885903, -9.36587319228336 ], [ -37.350686, -9.365261 ], [ -37.350675, -9.365143 ], [ -37.350520275397599, -9.36499842003238 ], [ -37.3504288812818, -9.364685068778289 ], [ -37.350454993886302, -9.364215041897159 ], [ -37.350481106490797, -9.36373195871378 ], [ -37.350690007326897, -9.36345777636644 ], [ -37.350925020767498, -9.36335332594841 ], [ -37.351068640092301, -9.363261931832641 ], [ -37.351225315719297, -9.362543835208699 ], [ -37.351316709835103, -9.362256596559121 ], [ -37.35105558379, -9.36168211925996 ], [ -37.349645503146597, -9.36212603353659 ], [ -37.349097138452002, -9.362191315047861 ], [ -37.348587942664103, -9.362230483954621 ], [ -37.348196253596498, -9.36213908983885 ], [ -37.347928599400298, -9.362112977234331 ] ] ] ] } },
{ "type": "Feature", "properties": { "fid": 387.0, "LAT_GD": -9.646812, "LONG_GD": -37.542046, "IMG_ANTES": "05/2021", "IMG_DEPOIS": "02/2025", "BIOMA": "Caatinga", "COD_CAR": "AL-2706406-76A2EA5DAA554E6BA8EDCF101807353C", "N_IMOVEL": "FAZENDA SAO MIGUEL", "NM_MUN": "Pão de Açúcar", "ORGAO": "-", "OPERACAO": "XV FPI 2025", "PERIODO": "08/2025", "N_PROCESSO": "-", "DATA_AI": "-", "MOTIVO": "DESMATAMENTO", "AI": "2025.27081734460.UCS.AINF", "TE": "2025.260837120.AI.TA", "AI_APP": "-", "TE_APP": "-", "AI_RL": "-", "TE_RL": "-", "AREA_UTM": 7.02, "AREA_UC": 0.0, "AREA_TI": 0.0, "AREA_APP": 0.0, "AREA_RL": 0.0, "FORA_UC": 0.0, "FORA_TI": 0.0, "FORA_APP": 0.0, "FORA_RL": 0.0, "SITUACAO": "EMBARGADA" }, "geometry": { "type": "MultiPolygon", "coordinates": [ [ [ [ -37.537935335036401, -9.647221654708661 ], [ -37.5382210635237, -9.647594211466959 ], [ -37.538316362009802, -9.64756830030178 ], [ -37.538557693081799, -9.647214000340741 ], [ -37.538725654116703, -9.64710015593214 ], [ -37.538620630074703, -9.64692036805809 ], [ -37.537935244410001, -9.647123741658939 ], [ -37.537935335036401, -9.647221654708661 ] ] ], [ [ [ -37.540299845972797, -9.64587973534098 ], [ -37.5394755795149, -9.64612543162791 ], [ -37.538965799640302, -9.64683080575483 ], [ -37.538974112485697, -9.64694028561907 ], [ -37.539395644007001, -9.64700276298999 ], [ -37.539839797970302, -9.646266281979409 ], [ -37.540576789336598, -9.646116422475041 ], [ -37.5408175333353, -9.646273357594749 ], [ -37.540899920194697, -9.64664389040032 ], [ -37.5410690195434, -9.646829906701459 ], [ -37.541047952519101, -9.6470756821428 ], [ -37.541725380609002, -9.64775754690513 ], [ -37.542112835309602, -9.647698423012599 ], [ -37.542319900878297, -9.64786118059444 ], [ -37.542918903493899, -9.64772946137345 ], [ -37.544940040218002, -9.64759555416034 ], [ -37.544052211664798, -9.64595046007638 ], [ -37.542459342789897, -9.64696885165217 ], [ -37.542039468036002, -9.64699762757529 ], [ -37.541733924570202, -9.646428266580759 ], [ -37.541358523624901, -9.64648909610529 ], [ -37.5410590703124, -9.645990383600759 ], [ -37.540299845972797, -9.64587973534098 ] ] ], [ [ [ -37.540777013162597, -9.64496002159027 ], [ -37.538956709298702, -9.645420413152729 ], [ -37.538955524181901, -9.64543609418357 ], [ -37.539277692583198, -9.64562872991646 ], [ -37.539640207411701, -9.645645668748561 ], [ -37.540825665789001, -9.64515749962225 ], [ -37.540851029713501, -9.645006262209559 ], [ -37.540777013162597, -9.64496002159027 ] ] ] ] } },
{ "type": "Feature", "properties": { "fid": 388.0, "LAT_GD": -9.619144, "LONG_GD": -37.543594, "IMG_ANTES": "05/2021", "IMG_DEPOIS": "01/2025", "BIOMA": "Caatinga", "COD_CAR": "AL-2706406-5BD20F6903D2478EBF4DA085538FB893", "N_IMOVEL": "FAZENDA BOA VISTA", "NM_MUN": "Pão de Açúcar", "ORGAO": "-", "OPERACAO": "XV FPI 2025", "PERIODO": "08/2025", "N_PROCESSO": "-", "DATA_AI": "-", "MOTIVO": "DESMATAMENTO", "AI": "2025.20082034552.UCS.AINF", "TE": "2025.200811106.AI.TA", "AI_APP": "-", "TE_APP": "-", "AI_RL": "-", "TE_RL": "-", "AREA_UTM": 8.92, "AREA_UC": 0.0, "AREA_TI": 0.0, "AREA_APP": 0.0, "AREA_RL": 0.0, "FORA_UC": 0.0, "FORA_TI": 0.0, "FORA_APP": 0.0, "FORA_RL": 0.0, "SITUACAO": "EMBARGADA" }, "geometry": { "type": "MultiPolygon", "coordinates": [ [ [ [ -37.544123, -9.619559 ], [ -37.544199, -9.619044 ], [ -37.544885, -9.619118 ], [ -37.54522, -9.619549 ], [ -37.545345, -9.619348 ], [ -37.544538, -9.617536 ], [ -37.542384, -9.61746 ], [ -37.54271, -9.621203 ], [ -37.543517, -9.621152 ], [ -37.544819, -9.620142 ], [ -37.544123, -9.619559 ] ] ] ] } },
{ "type": "Feature", "properties": { "fid": 389.0, "LAT_GD": -9.651791, "LONG_GD": -37.5522, "IMG_ANTES": "05/2021", "IMG_DEPOIS": "01/2025", "BIOMA": "Caatinga", "COD_CAR": "AL-2706406-478AB089D4414679A7BB15E76E0E2A43", "N_IMOVEL": "SITIO CAMPO NOVO", "NM_MUN": "Pão de Açúcar", "ORGAO": "-", "OPERACAO": "XV FPI 2025", "PERIODO": "08/2025", "N_PROCESSO": "-", "DATA_AI": "-", "MOTIVO": "DESMATAMENTO", "AI": "SERIE A - TALAO 0023 - FOLHA 01910", "TE": "SERIE C - TALÃO 0061 - FOLHA 05361", "AI_APP": "-", "TE_APP": "-", "AI_RL": "-", "TE_RL": "-", "AREA_UTM": 16.69, "AREA_UC": 0.0, "AREA_TI": 0.0, "AREA_APP": 0.0, "AREA_RL": 0.0, "FORA_UC": 0.0, "FORA_TI": 0.0, "FORA_APP": 0.0, "FORA_RL": 0.0, "SITUACAO": "EMBARGADA" }, "geometry": { "type": "MultiPolygon", "coordinates": [ [ [ [ -37.5529661247555, -9.65034986993822 ], [ -37.552503357709497, -9.64871574324069 ], [ -37.551128275957502, -9.64856562344834 ], [ -37.551032738704102, -9.64861763898498 ], [ -37.550805302439201, -9.648782293579259 ], [ -37.550511061936298, -9.648927120986061 ], [ -37.550573601448498, -9.649352803928 ], [ -37.551087487489198, -9.651973544752099 ], [ -37.551797389884499, -9.654875353112219 ], [ -37.5518619772823, -9.655139362215371 ], [ -37.554069072560601, -9.65429877021386 ], [ -37.553570953222, -9.652485640355851 ], [ -37.553299283842698, -9.651526321820389 ], [ -37.553107190578501, -9.65091032395704 ], [ -37.5529661247555, -9.65034986993822 ] ] ] ] } },
{ "type": "Feature", "properties": { "fid": 390.0, "LAT_GD": -9.506658, "LONG_GD": -37.369684, "IMG_ANTES": "09/2020", "IMG_DEPOIS": "06/2021", "BIOMA": "Caatinga", "COD_CAR": "AL-2701803-5C16D8A7F2024D1D86D1115FE9CA3246", "N_IMOVEL": "FAZENDA MUNDO NOVO", "NM_MUN": "Olho d'Água das Flores", "ORGAO": "-", "OPERACAO": "XV FPI 2025", "PERIODO": "08/2025", "N_PROCESSO": "-", "DATA_AI": "-", "MOTIVO": "DESMATAMENTO", "AI": "2025.19082652247.UCS.AINF", "TE": "SÉRIE C - TALÃO 0011 - FOLHA 02890", "AI_APP": "-", "TE_APP": "-", "AI_RL": "-", "TE_RL": "-", "AREA_UTM": 13.35, "AREA_UC": 0.0, "AREA_TI": 0.0, "AREA_APP": 0.0, "AREA_RL": 0.0, "FORA_UC": 0.0, "FORA_TI": 0.0, "FORA_APP": 0.0, "FORA_RL": 0.0, "SITUACAO": "EMBARGADA" }, "geometry": { "type": "MultiPolygon", "coordinates": [ [ [ [ -37.364608735716999, -9.505089746871169 ], [ -37.364603271276103, -9.50512442486181 ], [ -37.366383707195403, -9.50540141232165 ], [ -37.367101198078302, -9.50628578812786 ], [ -37.367087374933298, -9.50678320869163 ], [ -37.367238517859398, -9.507288059662571 ], [ -37.367396186798601, -9.508226274775369 ], [ -37.368424634109701, -9.50792625964168 ], [ -37.368696793785801, -9.508048812538741 ], [ -37.369095354094398, -9.5079873448183 ], [ -37.369197732651699, -9.507820414954651 ], [ -37.369158087229401, -9.50772821201797 ], [ -37.368879811510503, -9.507558623690111 ], [ -37.368648782532802, -9.5076131546715 ], [ -37.368363038642102, -9.50747054375711 ], [ -37.368389546394397, -9.507049665856551 ], [ -37.368513714474297, -9.506948789147319 ], [ -37.370885601010897, -9.507729351196749 ], [ -37.371153886099201, -9.508031602767399 ], [ -37.371251339044697, -9.50804928411257 ], [ -37.372521346031398, -9.507042635635219 ], [ -37.372983269674798, -9.50617882370322 ], [ -37.372924913758602, -9.506084551263809 ], [ -37.371607638644299, -9.5055980882572 ], [ -37.370866967497498, -9.505608387812041 ], [ -37.369708012916497, -9.505898641321361 ], [ -37.364608735716999, -9.505089746871169 ] ] ] ] } },
{ "type": "Feature", "properties": { "fid": 391.0, "LAT_GD": -9.54768, "LONG_GD": -37.231474, "IMG_ANTES": "09/2020", "IMG_DEPOIS": "12/2024", "BIOMA": "Caatinga", "COD_CAR": "AL-2705705-3454040F1D5F4957A2E8063C8D339B3A", "N_IMOVEL": "SITIO PAU FERRO", "NM_MUN": "Olho d'Água das Flores", "ORGAO": "-", "OPERACAO": "XV FPI 2025", "PERIODO": "08/2025", "N_PROCESSO": "-", "DATA_AI": "-", "MOTIVO": "DESMATAMENTO", "AI": "2025.25064373770.AI.IMA", "TE": "2025.250843113.AI.IMA", "AI_APP": "-", "TE_APP": "-", "AI_RL": "-", "TE_RL": "-", "AREA_UTM": 11.51, "AREA_UC": 0.0, "AREA_TI": 0.0, "AREA_APP": 0.0, "AREA_RL": 0.0, "FORA_UC": 0.0, "FORA_TI": 0.0, "FORA_APP": 0.0, "FORA_RL": 0.0, "SITUACAO": "EMBARGADA" }, "geometry": { "type": "MultiPolygon", "coordinates": [ [ [ [ -37.227721479455901, -9.54955514208072 ], [ -37.228435, -9.549458 ], [ -37.228992, -9.548133 ], [ -37.2291631803188, -9.547496440353919 ], [ -37.228620914853103, -9.547545737214451 ], [ -37.227474762846001, -9.54844540491897 ], [ -37.227498863010901, -9.548653694501031 ], [ -37.227721479455901, -9.54955514208072 ] ] ], [ [ [ -37.233026915878199, -9.54792176100371 ], [ -37.233084, -9.547987 ], [ -37.233207, -9.548055 ], [ -37.233309, -9.548238 ], [ -37.233283, -9.548495 ], [ -37.233193, -9.548714 ], [ -37.233176, -9.548833 ], [ -37.233078, -9.549253 ], [ -37.233078, -9.549468 ], [ -37.233594, -9.549538 ], [ -37.233677, -9.549643 ], [ -37.233754, -9.549657 ], [ -37.233814, -9.549642 ], [ -37.233823, -9.54897 ], [ -37.233625, -9.548797 ], [ -37.233762, -9.548496 ], [ -37.233757, -9.547896 ], [ -37.233711, -9.547346 ], [ -37.233519790367403, -9.546097641936649 ], [ -37.2330946049454, -9.546208559872809 ], [ -37.232515366834299, -9.546300991486291 ], [ -37.231825210787001, -9.546029858753419 ], [ -37.230223062820002, -9.545869643956729 ], [ -37.230173765959499, -9.54615310090473 ], [ -37.230149117529301, -9.546670717940209 ], [ -37.231677320205399, -9.54738552241775 ], [ -37.231714292850803, -9.54812497532558 ], [ -37.231862183432398, -9.54906161567547 ], [ -37.232133316165203, -9.5492341546873 ], [ -37.232379800467797, -9.549320424193221 ], [ -37.232540015264497, -9.549431342129379 ], [ -37.2327618511369, -9.54929577576296 ], [ -37.2328357964277, -9.54907393989061 ], [ -37.232786499567098, -9.54847005334922 ], [ -37.232897417503303, -9.548161947970961 ], [ -37.233026915878199, -9.54792176100371 ] ] ] ] } },
{ "type": "Feature", "properties": { "fid": 392.0, "LAT_GD": -9.605715, "LONG_GD": -37.527361, "IMG_ANTES": "05/2021", "IMG_DEPOIS": "04/2025", "BIOMA": "Caatinga", "COD_CAR": "AL-2706406-6C493CD7DF064FD8B76DFF8A2A79EA35", "N_IMOVEL": "SITIO FURNAS", "NM_MUN": "Pão de Açúcar", "ORGAO": "-", "OPERACAO": "XV FPI 2025", "PERIODO": "08/2025", "N_PROCESSO": "-", "DATA_AI": "-", "MOTIVO": "DESMATAMENTO", "AI": "2025.27085085469.UCS.AINF", "TE": "2025.250818120.AI.TA", "AI_APP": "-", "TE_APP": "-", "AI_RL": "-", "TE_RL": "-", "AREA_UTM": 11.22, "AREA_UC": 0.0, "AREA_TI": 0.0, "AREA_APP": 0.0, "AREA_RL": 0.0, "FORA_UC": 0.0, "FORA_TI": 0.0, "FORA_APP": 0.0, "FORA_RL": 0.0, "SITUACAO": "EMBARGADA" }, "geometry": { "type": "MultiPolygon", "coordinates": [ [ [ [ -37.530045697123597, -9.60640555059058 ], [ -37.5297843706336, -9.60610938056859 ], [ -37.529087499993601, -9.606022271738579 ], [ -37.528355785821603, -9.60607453703658 ], [ -37.528286098757597, -9.605238292268581 ], [ -37.5294359353136, -9.60502923107658 ], [ -37.529418513547597, -9.604837591650581 ], [ -37.529017812929602, -9.60478532635257 ], [ -37.529000391163599, -9.60455884339458 ], [ -37.5284951599496, -9.60450657809656 ], [ -37.528425472885601, -9.60386197275457 ], [ -37.526421969795599, -9.60441946926656 ], [ -37.525620568559503, -9.60485501341658 ], [ -37.5256379903255, -9.60609195880259 ], [ -37.525481194431499, -9.606736564144599 ], [ -37.526683296285597, -9.607259217124611 ], [ -37.528007350501603, -9.60713726476259 ], [ -37.5291223435256, -9.6068585165066 ], [ -37.528791329971597, -9.606475237654591 ], [ -37.530045697123597, -9.60640555059058 ] ] ] ] } },
{ "type": "Feature", "properties": { "fid": 393.0, "LAT_GD": -9.499475, "LONG_GD": -37.320726, "IMG_ANTES": "06/2021", "IMG_DEPOIS": "04/2025", "BIOMA": "Caatinga", "COD_CAR": "AL-2705705-A168BDE8FF694C529DA1F5DF55D178A0", "N_IMOVEL": "SITIO CORDEIRO (MULATINHA)", "NM_MUN": "Olho dÁgua das Flores", "ORGAO": "-", "OPERACAO": "XV FPI 2025", "PERIODO": "08/2025", "N_PROCESSO": "-", "DATA_AI": "-", "MOTIVO": "DESMATAMENTO", "AI": "2025.27081573989.UCS.AINF", "TE": "2025.25080102.AI.TA", "AI_APP": "-", "TE_APP": "-", "AI_RL": "-", "TE_RL": "-", "AREA_UTM": 17.93, "AREA_UC": 0.0, "AREA_TI": 0.0, "AREA_APP": 0.0, "AREA_RL": 0.0, "FORA_UC": 0.0, "FORA_TI": 0.0, "FORA_APP": 0.0, "FORA_RL": 0.0, "SITUACAO": "EMBARGADA" }, "geometry": { "type": "MultiPolygon", "coordinates": [ [ [ [ -37.317944406953998, -9.4979986116543 ], [ -37.317909563421999, -9.499357509402319 ], [ -37.320052440640097, -9.50191850900435 ], [ -37.320487984790098, -9.50223210079235 ], [ -37.321010637770101, -9.50150038662035 ], [ -37.321498447218097, -9.50179655664234 ], [ -37.321829460772101, -9.50177913487634 ], [ -37.322073365496102, -9.501273903662341 ], [ -37.322282426688098, -9.500124067106331 ], [ -37.3228050796681, -9.49836446874032 ], [ -37.323170936754103, -9.49712752335429 ], [ -37.322543753178103, -9.4968487750983 ], [ -37.322230161390102, -9.49698814922629 ], [ -37.321899147836099, -9.49698814922629 ], [ -37.3217075084101, -9.496935883928289 ], [ -37.321568134282103, -9.49721463218429 ], [ -37.321498447218097, -9.49751080220631 ], [ -37.3213939166221, -9.497563067504309 ], [ -37.321097746600103, -9.49737142807829 ], [ -37.320923528940099, -9.4975108022063 ], [ -37.320522828322098, -9.49792892459031 ], [ -37.320400875960097, -9.49819025108031 ], [ -37.320226658300101, -9.498294781676311 ], [ -37.320017597108098, -9.49831220344231 ], [ -37.320052440640097, -9.498590951698301 ], [ -37.3205750936201, -9.49940977470032 ], [ -37.320156971236102, -9.49988016238232 ], [ -37.319129087042, -9.49880001289031 ], [ -37.319425257063997, -9.498434155804301 ], [ -37.317944406953998, -9.4979986116543 ] ] ] ] } },
{ "type": "Feature", "properties": { "fid": 394.0, "LAT_GD": -9.575352, "LONG_GD": -37.562874, "IMG_ANTES": "05/2021", "IMG_DEPOIS": "04/2025", "BIOMA": "Caatinga", "COD_CAR": "AL-2706406-2FBA976082AA40ABBEC388822B5FAEB4", "N_IMOVEL": "FAZENDA PEDRA DO BARCO", "NM_MUN": "Pão de Açúcar", "ORGAO": "-", "OPERACAO": "XV FPI 2025", "PERIODO": "08/2025", "N_PROCESSO": "-", "DATA_AI": "-", "MOTIVO": "DESMATAMENTO", "AI": "2025.25081394260.UCS.AINF", "TE": "SERIE C - TALAO 0061 - FOLHA 05362", "AI_APP": "-", "TE_APP": "-", "AI_RL": "-", "TE_RL": "-", "AREA_UTM": 9.02, "AREA_UC": 0.0, "AREA_TI": 0.0, "AREA_APP": 0.0, "AREA_RL": 0.0, "FORA_UC": 0.0, "FORA_TI": 0.0, "FORA_APP": 0.0, "FORA_RL": 0.0, "SITUACAO": "EMBARGADA" }, "geometry": { "type": "MultiPolygon", "coordinates": [ [ [ [ -37.560766500989899, -9.57684511429408 ], [ -37.560834, -9.57682 ], [ -37.565824748868202, -9.57502893339619 ], [ -37.565637923043603, -9.5746793063281 ], [ -37.5649722086766, -9.57411772969842 ], [ -37.564573841894699, -9.57392841725714 ], [ -37.5599486515911, -9.575715002520219 ], [ -37.560766500989899, -9.57684511429408 ] ] ] ] } },
{ "type": "Feature", "properties": { "fid": 395.0, "LAT_GD": -9.570488, "LONG_GD": -37.572525, "IMG_ANTES": "05/2021", "IMG_DEPOIS": "04/2025", "BIOMA": "Caatinga", "COD_CAR": "-", "N_IMOVEL": "-", "NM_MUN": "Pão de Açúcar", "ORGAO": "-", "OPERACAO": "XV FPI 2025", "PERIODO": "08/2025", "N_PROCESSO": "-", "DATA_AI": "-", "MOTIVO": "DESMATAMENTO", "AI": "2025.25083765160.UCS.AINF", "TE": "SERIE C - TALAO 0011 - FOLHA 02891", "AI_APP": "-", "TE_APP": "-", "AI_RL": "-", "TE_RL": "-", "AREA_UTM": 13.22, "AREA_UC": 0.0, "AREA_TI": 0.0, "AREA_APP": 0.0, "AREA_RL": 0.0, "FORA_UC": 0.0, "FORA_TI": 0.0, "FORA_APP": 0.0, "FORA_RL": 0.0, "SITUACAO": "EMBARGADA" }, "geometry": { "type": "MultiPolygon", "coordinates": [ [ [ [ -37.575372114067299, -9.569923509940979 ], [ -37.574818267941197, -9.5697377413734 ], [ -37.5743139376344, -9.56976903334273 ], [ -37.573422225829297, -9.569998909421439 ], [ -37.573204369257802, -9.56984788170176 ], [ -37.572482600630501, -9.56962805665485 ], [ -37.572146473582102, -9.569626674339579 ], [ -37.571999186290903, -9.568675230530969 ], [ -37.571193459419298, -9.5684383765617 ], [ -37.570789620692501, -9.568553483966239 ], [ -37.570537038382803, -9.568669213647841 ], [ -37.570284037556, -9.568885029537251 ], [ -37.570414095245198, -9.569936490588709 ], [ -37.569538699781603, -9.57028319289212 ], [ -37.5692023631482, -9.57033185081387 ], [ -37.569267215722498, -9.57089928394714 ], [ -37.570678743966504, -9.57095514316924 ], [ -37.570743529272001, -9.57153925745166 ], [ -37.571500237096799, -9.57144228442005 ], [ -37.571120728850701, -9.569755904868391 ], [ -37.5710562215477, -9.56910506625414 ], [ -37.571476936895301, -9.568973346698771 ], [ -37.571608182722798, -9.569741229507679 ], [ -37.571954289566897, -9.571377427346921 ], [ -37.572576684853203, -9.571246536510539 ], [ -37.572741058851697, -9.57213132510963 ], [ -37.575010977433998, -9.571890431442201 ], [ -37.5751174466468, -9.57053967613091 ], [ -37.5754048930024, -9.57012382114862 ], [ -37.575372114067299, -9.569923509940979 ] ] ] ] } },
{ "type": "Feature", "properties": { "fid": 396.0, "LAT_GD": -9.554652, "LONG_GD": -37.31966, "IMG_ANTES": "05/2023", "IMG_DEPOIS": "04/2025", "BIOMA": "Caatinga", "COD_CAR": "AL-2708402-C2099DF537484CF69BC12269CE20C9AC", "N_IMOVEL": "FAZENDA RIACHO D'ÁGUA", "NM_MUN": "São José da Tapera", "ORGAO": "-", "OPERACAO": "XV FPI 2025", "PERIODO": "08/2025", "N_PROCESSO": "-", "DATA_AI": "-", "MOTIVO": "DESMATAMENTO", "AI": "2025.27082900125.UCS.AINF", "TE": "2025.250812108.AI.TA", "AI_APP": "-", "TE_APP": "-", "AI_RL": "-", "TE_RL": "-", "AREA_UTM": 37.63, "AREA_UC": 0.0, "AREA_TI": 0.0, "AREA_APP": 0.0, "AREA_RL": 0.0, "FORA_UC": 0.0, "FORA_TI": 0.0, "FORA_APP": 0.0, "FORA_RL": 0.0, "SITUACAO": "EMBARGADA" }, "geometry": { "type": "MultiPolygon", "coordinates": [ [ [ [ -37.324153104151698, -9.555703964775359 ], [ -37.323825581549499, -9.55510602298529 ], [ -37.324126857430997, -9.554928566653331 ], [ -37.324127441000101, -9.55480929691179 ], [ -37.323887558529101, -9.554718686050689 ], [ -37.323647530279203, -9.55465789247368 ], [ -37.323588909602201, -9.554359428492109 ], [ -37.323589931108998, -9.554150706494751 ], [ -37.3236215762199, -9.553822859619871 ], [ -37.3234121723196, -9.55364294112378 ], [ -37.322900909922197, -9.55375974789556 ], [ -37.3227235902839, -9.55316253012084 ], [ -37.322276204894202, -9.55250437319631 ], [ -37.321555980295201, -9.55235180699475 ], [ -37.321136154088997, -9.55220068983391 ], [ -37.320867111525502, -9.551931027952021 ], [ -37.320355705392103, -9.552077648662189 ], [ -37.320294602646001, -9.552286080135261 ], [ -37.320594269338201, -9.55243661796762 ], [ -37.320682488592801, -9.55282467921851 ], [ -37.3204111071109, -9.553032095082971 ], [ -37.319946148064801, -9.55289566746484 ], [ -37.319464487520598, -9.55310206641885 ], [ -37.317914875992102, -9.55361638932462 ], [ -37.317814348673501, -9.55267663440377 ], [ -37.317607950598699, -9.551885457573711 ], [ -37.3172623479769, -9.55191360344876 ], [ -37.316029403034001, -9.552175997364539 ], [ -37.3157271007492, -9.55256216757174 ], [ -37.3153336521613, -9.5531566219006 ], [ -37.315269906618298, -9.553901763345941 ], [ -37.315688704646398, -9.55426160864201 ], [ -37.316643678670999, -9.55554840908626 ], [ -37.318108755540699, -9.5569569489138 ], [ -37.318976406217203, -9.557676779790089 ], [ -37.324153104151698, -9.555703964775359 ] ] ] ] } },
{ "type": "Feature", "properties": { "fid": 397.0, "LAT_GD": -9.52596, "LONG_GD": -37.308951, "IMG_ANTES": "05/2023", "IMG_DEPOIS": "04/2025", "BIOMA": "Caatinga", "COD_CAR": "AL-2705705-F4147F55ECDD4B5184FF622ABB450462", "N_IMOVEL": "FAZENDA MACACOS", "NM_MUN": "Olho dÁgua das Flores", "ORGAO": "-", "OPERACAO": "XV FPI 2025", "PERIODO": "08/2025", "N_PROCESSO": "-", "DATA_AI": "-", "MOTIVO": "DESMATAMENTO", "AI": "2025.27083668485.UCS.AINF", "TE": "2025.270822109.AI.TA", "AI_APP": "-", "TE_APP": "-", "AI_RL": "-", "TE_RL": "-", "AREA_UTM": 6.98, "AREA_UC": 0.0, "AREA_TI": 0.0, "AREA_APP": 0.0, "AREA_RL": 0.0, "FORA_UC": 0.0, "FORA_TI": 0.0, "FORA_APP": 0.0, "FORA_RL": 0.0, "SITUACAO": "EMBARGADA" }, "geometry": { "type": "MultiPolygon", "coordinates": [ [ [ [ -37.3074645521991, -9.52425323963247 ], [ -37.309495987308402, -9.528584277680579 ], [ -37.309657652938697, -9.528439812161279 ], [ -37.309853116743099, -9.5283960330126 ], [ -37.310033928525499, -9.528277637772479 ], [ -37.310057153459198, -9.52813611498549 ], [ -37.310043271623996, -9.52790495837416 ], [ -37.310067009916999, -9.527659075149719 ], [ -37.310195622408202, -9.52746588174635 ], [ -37.308809756179897, -9.5237244616258 ], [ -37.308644699057197, -9.52369384319134 ], [ -37.3074645521991, -9.52425323963247 ] ] ] ] } },
{ "type": "Feature", "properties": { "fid": 398.0, "LAT_GD": -9.525556, "LONG_GD": -37.28712, "IMG_ANTES": "05/2023", "IMG_DEPOIS": "04/2025", "BIOMA": "Caatinga", "COD_CAR": "-", "N_IMOVEL": "-", "NM_MUN": "Olho dÁgua das Flores", "ORGAO": "-", "OPERACAO": "XV FPI 2025", "PERIODO": "08/2025", "N_PROCESSO": "-", "DATA_AI": "-", "MOTIVO": "DESMATAMENTO", "AI": "2025.25085853468.UCS.AINF", "TE": "2025.250843113.AI.TA", "AI_APP": "-", "TE_APP": "-", "AI_RL": "-", "TE_RL": "-", "AREA_UTM": 8.94, "AREA_UC": 0.0, "AREA_TI": 0.0, "AREA_APP": 0.0, "AREA_RL": 0.0, "FORA_UC": 0.0, "FORA_TI": 0.0, "FORA_APP": 0.0, "FORA_RL": 0.0, "SITUACAO": "EMBARGADA" }, "geometry": { "type": "MultiPolygon", "coordinates": [ [ [ [ -37.285519491306097, -9.526704317523571 ], [ -37.285858671754902, -9.526452535571559 ], [ -37.286144617760101, -9.526334670841329 ], [ -37.2864753959376, -9.52626175263152 ], [ -37.286625729348401, -9.52623267381999 ], [ -37.2868045384703, -9.526516820046769 ], [ -37.286352199221099, -9.526872408528471 ], [ -37.286831229855501, -9.52718784801735 ], [ -37.287132789513599, -9.526950788693931 ], [ -37.287730780357698, -9.52750535275033 ], [ -37.288757313733797, -9.52645186626931 ], [ -37.287980140879903, -9.525687700606049 ], [ -37.288222813007202, -9.52521180954191 ], [ -37.288525186771402, -9.52481075537194 ], [ -37.288436190129701, -9.52458668607602 ], [ -37.287799319121902, -9.52430029181588 ], [ -37.287410586930399, -9.523948025549251 ], [ -37.287096650104999, -9.523655761646239 ], [ -37.286843418905299, -9.52323707077776 ], [ -37.2865207104267, -9.523198213368129 ], [ -37.2864100437505, -9.524308376521571 ], [ -37.286627773170999, -9.52431690078352 ], [ -37.286453797892698, -9.52456949582573 ], [ -37.2861891170392, -9.52494091545711 ], [ -37.285834362221003, -9.52530443757168 ], [ -37.285780644841402, -9.525535260061501 ], [ -37.285734213428299, -9.525810844782789 ], [ -37.285221837757703, -9.526158682179631 ], [ -37.285145666464601, -9.52637448522337 ], [ -37.285519491306097, -9.526704317523571 ] ] ] ] } },
{ "type": "Feature", "properties": { "fid": 399.0, "LAT_GD": -9.525471, "LONG_GD": -37.30713, "IMG_ANTES": "05/2023", "IMG_DEPOIS": "04/2025", "BIOMA": "Caatinga", "COD_CAR": "AL-2705705-6FD583880CAD43A388C23C5AEB4C7190", "N_IMOVEL": "FAZENDA MACACOS", "NM_MUN": "Olho dÁgua das Flores", "ORGAO": "-", "OPERACAO": "XV FPI 2025", "PERIODO": "08/2025", "N_PROCESSO": "-", "DATA_AI": "-", "MOTIVO": "DESMATAMENTO", "AI": "2025.27084494790.UCS.AINF", "TE": "2025.27085107.AI.TA", "AI_APP": "-", "TE_APP": "-", "AI_RL": "-", "TE_RL": "-", "AREA_UTM": 12.85, "AREA_UC": 0.0, "AREA_TI": 0.0, "AREA_APP": 0.0, "AREA_RL": 0.0, "FORA_UC": 0.0, "FORA_TI": 0.0, "FORA_APP": 0.0, "FORA_RL": 0.0, "SITUACAO": "EMBARGADA" }, "geometry": { "type": "MultiPolygon", "coordinates": [ [ [ [ -37.305223391603597, -9.523979712677381 ], [ -37.308677924834001, -9.52916330552689 ], [ -37.309152176420596, -9.528914447969131 ], [ -37.3094917129633, -9.5285880972618 ], [ -37.309495987308402, -9.528584277680579 ], [ -37.3074645521991, -9.52425323963247 ], [ -37.307274781912298, -9.52434319126395 ], [ -37.305995238760701, -9.52189190805626 ], [ -37.304862606613398, -9.52315366657624 ], [ -37.305223391603597, -9.523979712677381 ] ] ] ] } },
{ "type": "Feature", "properties": { "fid": 400.0, "LAT_GD": -9.52719, "LONG_GD": -37.305081, "IMG_ANTES": "05/2023", "IMG_DEPOIS": "04/2025", "BIOMA": "Caatinga", "COD_CAR": "AL-2705705-81146C8344C24326B352096EDE81A40B", "N_IMOVEL": "FAZENDA MACACOS", "NM_MUN": "Olho dÁgua das Flores", "ORGAO": "-", "OPERACAO": "XV FPI 2025", "PERIODO": "08/2025", "N_PROCESSO": "-", "DATA_AI": "-", "MOTIVO": "DESMATAMENTO", "AI": "2025.27085227043.UCS.AINF", "TE": "2025.270856120.AI.TA", "AI_APP": "-", "TE_APP": "-", "AI_RL": "-", "TE_RL": "-", "AREA_UTM": 1.59, "AREA_UC": 0.0, "AREA_TI": 0.0, "AREA_APP": 0.0, "AREA_RL": 0.0, "FORA_UC": 0.0, "FORA_TI": 0.0, "FORA_APP": 0.0, "FORA_RL": 0.0, "SITUACAO": "EMBARGADA" }, "geometry": { "type": "MultiPolygon", "coordinates": [ [ [ [ -37.304928619096998, -9.52651438848698 ], [ -37.303602620402501, -9.52447283411813 ], [ -37.303581869412596, -9.52449359185357 ], [ -37.3035636581752, -9.52463824501204 ], [ -37.306614974055499, -9.530229028365319 ], [ -37.306701571077397, -9.530180994997171 ], [ -37.304928619096998, -9.52651438848698 ] ] ] ] } },
{ "type": "Feature", "properties": { "fid": 401.0, "LAT_GD": -9.527098, "LONG_GD": -37.30678, "IMG_ANTES": "05/2023", "IMG_DEPOIS": "04/2025", "BIOMA": "Caatinga", "COD_CAR": "AL-2705705-B3E058DE527D419ABA598508A31D7341", "N_IMOVEL": "FAZENDA MACACOS", "NM_MUN": "Olho dÁgua das Flores", "ORGAO": "-", "OPERACAO": "XV FPI 2025", "PERIODO": "08/2025", "N_PROCESSO": "-", "DATA_AI": "-", "MOTIVO": "DESMATAMENTO", "AI": "2025.27080705349.UCS.AINF", "TE": "2025.270821107.AI.TA", "AI_APP": "-", "TE_APP": "-", "AI_RL": "-", "TE_RL": "-", "AREA_UTM": 3.6, "AREA_UC": 0.0, "AREA_TI": 0.0, "AREA_APP": 0.0, "AREA_RL": 0.0, "FORA_UC": 0.0, "FORA_TI": 0.0, "FORA_APP": 0.0, "FORA_RL": 0.0, "SITUACAO": "EMBARGADA" }, "geometry": { "type": "MultiPolygon", "coordinates": [ [ [ [ -37.308677924834001, -9.52916330552689 ], [ -37.305223391603597, -9.523979712677381 ], [ -37.305723975905501, -9.525125834803569 ], [ -37.308015248796799, -9.52952019874285 ], [ -37.308504680934199, -9.52925421281441 ], [ -37.308677924834001, -9.52916330552689 ] ] ], [ [ [ -37.303581869412596, -9.52449359185357 ], [ -37.303602620402501, -9.52447283411813 ], [ -37.304928619096998, -9.52651438848698 ], [ -37.303791291115303, -9.52416226611979 ], [ -37.303610553765502, -9.52426574956414 ], [ -37.303581869412596, -9.52449359185357 ] ] ] ] } },
{ "type": "Feature", "properties": { "fid": 402.0, "LAT_GD": -9.500689, "LONG_GD": -37.352297, "IMG_ANTES": "09/2020", "IMG_DEPOIS": "12/2024", "BIOMA": "Caatinga", "COD_CAR": "-", "N_IMOVEL": "-", "NM_MUN": "Olho dÁgua das Flores", "ORGAO": "-", "OPERACAO": "XV FPI 2025", "PERIODO": "08/2025", "N_PROCESSO": "-", "DATA_AI": "-", "MOTIVO": "DESMATAMENTO", "AI": "SERIE A - TALAO 0023 - FOLHA 01909", "TE": "SERIE C - TALAO 0061 - FOLHA 05360", "AI_APP": "-", "TE_APP": "-", "AI_RL": "-", "TE_RL": "-", "AREA_UTM": 49.72, "AREA_UC": 0.0, "AREA_TI": 0.0, "AREA_APP": 0.0, "AREA_RL": 0.0, "FORA_UC": 0.0, "FORA_TI": 0.0, "FORA_APP": 0.0, "FORA_RL": 0.0, "SITUACAO": "EMBARGADA" }, "geometry": { "type": "MultiPolygon", "coordinates": [ [ [ [ -37.347953208906297, -9.50185370961875 ], [ -37.3483783943283, -9.501289876776539 ], [ -37.348424610134998, -9.50133609258328 ], [ -37.3484430964577, -9.50155792845562 ], [ -37.3497648685304, -9.50256543304253 ], [ -37.349561518980799, -9.50280575523756 ], [ -37.349293467301699, -9.502824241560271 ], [ -37.349201035688203, -9.502888943689699 ], [ -37.349201035688203, -9.50303683427126 ], [ -37.349995947564103, -9.50367461240425 ], [ -37.3512880142084, -9.502247014509511 ], [ -37.351288003803397, -9.50224685655531 ], [ -37.351619879888801, -9.501203848447879 ], [ -37.351909281963103, -9.50023615638289 ], [ -37.351308476475502, -9.4991731928279 ], [ -37.3510219384737, -9.499404271861611 ], [ -37.349792598014503, -9.49942275818429 ], [ -37.349727895885003, -9.49965383721799 ], [ -37.3489052545251, -9.499302597086769 ], [ -37.348738877620796, -9.499330326570821 ], [ -37.348627959684599, -9.499441244506979 ], [ -37.348470825941703, -9.49967232354069 ], [ -37.348064126842402, -9.49936729921621 ], [ -37.347417105548097, -9.49965383721799 ], [ -37.347019649610097, -9.49947821715238 ], [ -37.346575977865399, -9.499866429928989 ], [ -37.3465852210268, -9.5006613418049 ], [ -37.346760841092397, -9.50102182509745 ], [ -37.346966555866999, -9.50130982593082 ], [ -37.347800855966803, -9.50182734091455 ], [ -37.347953208906297, -9.50185370961875 ] ] ], [ [ [ -37.351373178604902, -9.506299670227021 ], [ -37.3506891846652, -9.5063921018405 ], [ -37.350245512920502, -9.506780314617091 ], [ -37.349801841175797, -9.50720550003909 ], [ -37.349469087367297, -9.50698366416675 ], [ -37.3495060600127, -9.50611480700006 ], [ -37.349487573689998, -9.50537535409223 ], [ -37.349043901945301, -9.50483925073407 ], [ -37.347749859356597, -9.50631815654971 ], [ -37.351595014477297, -9.508980187017849 ], [ -37.352852084420597, -9.50707609578023 ], [ -37.351373178604902, -9.506299670227021 ] ] ], [ [ [ -37.355884783585999, -9.496403574063709 ], [ -37.3561067407243, -9.496194673227651 ], [ -37.3562111911423, -9.49632523625019 ], [ -37.3564200919784, -9.49653413708625 ], [ -37.356655105418902, -9.496599418597521 ], [ -37.356798724743697, -9.49667775641103 ], [ -37.356916231463998, -9.49688665724709 ], [ -37.357112075997797, -9.496912769851599 ], [ -37.3573601457406, -9.49686054464258 ], [ -37.357791003715, -9.49656024969075 ], [ -37.3590444087313, -9.495806248235599 ], [ -37.358966070917802, -9.49557123479504 ], [ -37.358822451592999, -9.49538844656349 ], [ -37.358652719663702, -9.495310108749971 ], [ -37.3584177062232, -9.49532316505222 ], [ -37.358221861689302, -9.495310108749971 ], [ -37.3580912986668, -9.495101207913921 ], [ -37.358130467573602, -9.49485313817109 ], [ -37.358326312107401, -9.494683406241791 ], [ -37.358587438152398, -9.49457895582378 ], [ -37.358665775966003, -9.494422280196719 ], [ -37.358678832268197, -9.49416115415166 ], [ -37.358639663361501, -9.4939522533156 ], [ -37.358783282686304, -9.493456113829961 ], [ -37.358600494454699, -9.49329943820292 ], [ -37.357167565282403, -9.494073024111451 ], [ -37.3547149755898, -9.49573197054305 ], [ -37.353031981543502, -9.49687033686928 ], [ -37.353413878384501, -9.497356684128221 ], [ -37.353603194767103, -9.497519887906391 ], [ -37.353844736358802, -9.497604753871039 ], [ -37.354060165345999, -9.497787542102589 ], [ -37.354380044751203, -9.49823798453034 ], [ -37.354660755249697, -9.4984729979709 ], [ -37.354804374574499, -9.49855133578443 ], [ -37.354850071632399, -9.49862967359795 ], [ -37.354823959027897, -9.49875370846935 ], [ -37.354869656085697, -9.49898219375879 ], [ -37.3549218812948, -9.49918456644372 ], [ -37.355032859863897, -9.4994979176978 ], [ -37.355163422886399, -9.49977862819626 ], [ -37.355231968473298, -9.49970681853388 ], [ -37.3551536306597, -9.499145397536971 ], [ -37.3552580810778, -9.49898872190993 ], [ -37.355336418891298, -9.49820534377471 ], [ -37.355205855868803, -9.497852823613851 ], [ -37.3550491802417, -9.49743502194174 ], [ -37.355231968473298, -9.49701722026963 ], [ -37.355623657540903, -9.49669081271329 ], [ -37.355740718585302, -9.49656204565852 ], [ -37.355884783585999, -9.496403574063709 ] ] ], [ [ [ -37.354691, -9.501086 ], [ -37.354309, -9.500728 ], [ -37.353759, -9.500217 ], [ -37.352992, -9.499446 ], [ -37.352627, -9.499387 ], [ -37.351973984092503, -9.500079022639991 ], [ -37.351983227253903, -9.50029161535099 ], [ -37.351761391381501, -9.50086469135455 ], [ -37.351465610218398, -9.50190916858684 ], [ -37.353832, -9.503153 ], [ -37.354924, -9.501481 ], [ -37.35494, -9.501245 ], [ -37.354691, -9.501086 ] ] ] ] } },
{ "type": "Feature", "properties": { "fid": 364.0, "LAT_GD": -9.66738, "LONG_GD": -37.01737, "IMG_ANTES": "05/2021", "IMG_DEPOIS": "01/2025", "BIOMA": "Caatinga", "COD_CAR": "-", "N_IMOVEL": "FAZENDA SANTA FE", "NM_MUN": "Jaramataia", "ORGAO": "-", "OPERACAO": "MANDACARU 2025", "PERIODO": "03/2025", "N_PROCESSO": "-", "DATA_AI": "-", "MOTIVO": "DESMATAMENTO", "AI": "2025.01042164983.AAF.AINF", "TE": "2025.260352112.AI.TA", "AI_APP": "-", "TE_APP": "-", "AI_RL": "-", "TE_RL": "-", "AREA_UTM": 34.1, "AREA_UC": 0.0, "AREA_TI": 0.0, "AREA_APP": 0.0, "AREA_RL": 0.0, "FORA_UC": 0.0, "FORA_TI": 0.0, "FORA_APP": 0.0, "FORA_RL": 0.0, "SITUACAO": "EMBARGADA" }, "geometry": { "type": "MultiPolygon", "coordinates": [ [ [ [ -37.020278426270501, -9.663653324009941 ], [ -37.0196663292785, -9.664309117091671 ], [ -37.0175450758952, -9.664736415533641 ], [ -37.014963666622101, -9.665056637427019 ], [ -37.014496192020701, -9.66702252923208 ], [ -37.014778168649698, -9.66756076336554 ], [ -37.015364182688998, -9.66763573304495 ], [ -37.015328205552699, -9.669249758001691 ], [ -37.015137508030797, -9.670458014703589 ], [ -37.015331099378997, -9.67109446986661 ], [ -37.015700114586402, -9.671609209199641 ], [ -37.015805689368598, -9.672294369636409 ], [ -37.015908019373597, -9.6722848929618 ], [ -37.016386476270199, -9.67190847240874 ], [ -37.0166920840622, -9.67116241616643 ], [ -37.016661183841499, -9.67082708867458 ], [ -37.016878745151303, -9.67051000975966 ], [ -37.017288320844401, -9.670428843981551 ], [ -37.017520496340602, -9.670031919807739 ], [ -37.017870906773403, -9.67002676439302 ], [ -37.018220346008, -9.669826488406089 ], [ -37.018478385458799, -9.669221373712849 ], [ -37.019348638399599, -9.668450053375469 ], [ -37.019797787573303, -9.66835145965441 ], [ -37.020154951560102, -9.66763307090806 ], [ -37.020016501862301, -9.666843245341839 ], [ -37.0196277969333, -9.66637570673141 ], [ -37.020366336337403, -9.665292288505819 ], [ -37.020275736757497, -9.66498694918676 ], [ -37.019902648004702, -9.66494788596388 ], [ -37.019821454901901, -9.664790177217711 ], [ -37.0199463082172, -9.664606988726391 ], [ -37.020808117671002, -9.66457587901521 ], [ -37.021068551088902, -9.66365182561805 ], [ -37.020278426270501, -9.663653324009941 ] ] ] ] } },
{ "type": "Feature", "properties": { "fid": 365.0, "LAT_GD": -9.79132, "LONG_GD": -37.155893, "IMG_ANTES": "05/2021", "IMG_DEPOIS": "01/2025", "BIOMA": "Caatinga", "COD_CAR": "AL-2700904-2A1CFCA637F54E459428FD82C1637E9C", "N_IMOVEL": "FAZENDA ANGORA", "NM_MUN": "Belo Monte", "ORGAO": "-", "OPERACAO": "MANDACARU 2025", "PERIODO": "03/2025", "N_PROCESSO": "-", "DATA_AI": "-", "MOTIVO": "DESMATAMENTO", "AI": "SERIE: A TALÃO: 026 FOLHA: 02070", "TE": "SÉRIE C TALÃO 0063 FOLHA 05467", "AI_APP": "-", "TE_APP": "-", "AI_RL": "-", "TE_RL": "-", "AREA_UTM": 35.0, "AREA_UC": 0.0, "AREA_TI": 0.0, "AREA_APP": 0.0, "AREA_RL": 0.0, "FORA_UC": 0.0, "FORA_TI": 0.0, "FORA_APP": 0.0, "FORA_RL": 0.0, "SITUACAO": "EMBARGADA" }, "geometry": { "type": "MultiPolygon", "coordinates": [ [ [ [ -37.1543042433401, -9.802313236025959 ], [ -37.1545, -9.802198 ], [ -37.154092, -9.80121 ], [ -37.153094, -9.801342 ], [ -37.151978, -9.801572 ], [ -37.149524, -9.801477 ], [ -37.150654641732203, -9.8032958212089 ], [ -37.1543042433401, -9.802313236025959 ] ] ], [ [ [ -37.158857384317699, -9.790144831001269 ], [ -37.158150795983502, -9.79021056014864 ], [ -37.157871447107198, -9.78905208392638 ], [ -37.158627332301897, -9.78898635477902 ], [ -37.158856, -9.789271 ], [ -37.159124, -9.789487 ], [ -37.159317, -9.789672 ], [ -37.159441, -9.78981 ], [ -37.15957, -9.789847 ], [ -37.15972, -9.789662 ], [ -37.159763, -9.789556 ], [ -37.159875, -9.789604 ], [ -37.15994, -9.789678 ], [ -37.160095, -9.789614 ], [ -37.16017, -9.789688 ], [ -37.160283, -9.789752 ], [ -37.160449, -9.789773 ], [ -37.160535, -9.789799 ], [ -37.160525, -9.789894 ], [ -37.160476, -9.789937 ], [ -37.160385, -9.789937 ], [ -37.16017, -9.78982 ], [ -37.160133, -9.789873 ], [ -37.160144, -9.789979 ], [ -37.160128, -9.790101 ], [ -37.160197, -9.790233 ], [ -37.160209341246699, -9.790233636148271 ], [ -37.160405997847903, -9.79017746032982 ], [ -37.160455, -9.790116 ], [ -37.160514, -9.790116 ], [ -37.160546141425797, -9.79013742761853 ], [ -37.1612418848066, -9.78993868400566 ], [ -37.161265, -9.789794 ], [ -37.16134, -9.78962 ], [ -37.161286, -9.789519 ], [ -37.161201, -9.789477 ], [ -37.16104, -9.789498 ], [ -37.16104, -9.789556 ], [ -37.160804, -9.789551 ], [ -37.160686, -9.789435 ], [ -37.160535, -9.789371 ], [ -37.160492, -9.789244 ], [ -37.160632, -9.789218 ], [ -37.160525, -9.789112 ], [ -37.160525, -9.789017 ], [ -37.160509, -9.788869 ], [ -37.160643, -9.788916 ], [ -37.160954, -9.788784 ], [ -37.161061, -9.78871 ], [ -37.161233, -9.788657 ], [ -37.161327010877201, -9.788616302678641 ], [ -37.161323015187598, -9.788598621603059 ], [ -37.161306758991799, -9.78844365399492 ], [ -37.161227, -9.788414 ], [ -37.161276, -9.788203 ], [ -37.161168, -9.788076 ], [ -37.161067, -9.787891 ], [ -37.160863, -9.787981 ], [ -37.160804, -9.788081 ], [ -37.160739, -9.788256 ], [ -37.160578, -9.788176 ], [ -37.16046, -9.788166 ], [ -37.16031, -9.78824 ], [ -37.160181, -9.788309 ], [ -37.160063, -9.788441 ], [ -37.159983, -9.788615 ], [ -37.159854, -9.788531 ], [ -37.159666, -9.788562 ], [ -37.15957, -9.788599 ], [ -37.159435, -9.788504 ], [ -37.159301, -9.788494 ], [ -37.159119, -9.788525 ], [ -37.159087, -9.788356 ], [ -37.159119, -9.788245 ], [ -37.159269, -9.788092 ], [ -37.159172, -9.78806 ], [ -37.158150795983502, -9.787967552994919 ], [ -37.157279884780998, -9.787901823847539 ], [ -37.1567540516021, -9.78785252698702 ], [ -37.156252866853499, -9.78760604268443 ], [ -37.156441838152098, -9.78701448035817 ], [ -37.1557516821048, -9.78684194134633 ], [ -37.155718817531202, -9.786250379020091 ], [ -37.151857230123603, -9.787219883943679 ], [ -37.152169443573598, -9.788370144022499 ], [ -37.153023922489297, -9.78846873774355 ], [ -37.153089651636698, -9.78901100320928 ], [ -37.155192984352297, -9.790079101853911 ], [ -37.155866708112697, -9.791229361932739 ], [ -37.156228218423202, -9.791360820227469 ], [ -37.156310379857402, -9.790506341311749 ], [ -37.157723556525703, -9.79045704445123 ], [ -37.157746419597402, -9.7909371686697 ], [ -37.158887958778003, -9.790611091210881 ], [ -37.158857384317699, -9.790144831001269 ] ] ], [ [ [ -37.168190923243003, -9.785552006829381 ], [ -37.168462055975901, -9.7852808740965 ], [ -37.168659243417999, -9.785050822080731 ], [ -37.1688975115772, -9.785075470511011 ], [ -37.169530154620503, -9.78517406423204 ], [ -37.169527, -9.784978 ], [ -37.169205, -9.784545 ], [ -37.168872, -9.784428 ], [ -37.168604, -9.784301 ], [ -37.168314, -9.784523 ], [ -37.1681, -9.78482 ], [ -37.167928, -9.785168 ], [ -37.167606, -9.785327 ], [ -37.16736, -9.785591 ], [ -37.167459533842802, -9.78587694895633 ], [ -37.167781962096299, -9.785768839068069 ], [ -37.168190923243003, -9.785552006829381 ] ] ] ] } },
{ "type": "Feature", "properties": { "fid": 366.0, "LAT_GD": -9.47858, "LONG_GD": -36.858744, "IMG_ANTES": "08/2020", "IMG_DEPOIS": "01/2025", "BIOMA": "Caatinga", "COD_CAR": "AL-2701209-06116B1CDC6C426ABE864E9CCB3245DA", "N_IMOVEL": "FAZENDA MARCACAO", "NM_MUN": "Cacimbinhas", "ORGAO": "-", "OPERACAO": "MANDACARU 2025", "PERIODO": "03/2025", "N_PROCESSO": "-", "DATA_AI": "-", "MOTIVO": "DESMATAMENTO", "AI": "SERIE: A TALÃO: 0041 FOLHA: 02018", "TE": "SÉRIE C TALÃO 0031 FOLHA 02034", "AI_APP": "-", "TE_APP": "-", "AI_RL": "-", "TE_RL": "-", "AREA_UTM": 130.96, "AREA_UC": 0.0, "AREA_TI": 0.0, "AREA_APP": 0.0, "AREA_RL": 0.0, "FORA_UC": 0.0, "FORA_TI": 0.0, "FORA_APP": 0.0, "FORA_RL": 0.0, "SITUACAO": "EMBARGADA" }, "geometry": { "type": "MultiPolygon", "coordinates": [ [ [ [ -36.856863780840399, -9.48262216477278 ], [ -36.857113000077, -9.484089999625001 ], [ -36.857967000076997, -9.48443399962499 ], [ -36.858924000077003, -9.484507999625 ], [ -36.8589273241654, -9.48450962609172 ], [ -36.858916306470903, -9.48445611151144 ], [ -36.861245583130497, -9.484677947383799 ], [ -36.860690993449602, -9.481849540011369 ], [ -36.862521139396499, -9.48146132723477 ], [ -36.866375537678501, -9.479547992835791 ], [ -36.866016, -9.478038 ], [ -36.864773, -9.474 ], [ -36.864095, -9.474025 ], [ -36.863536, -9.474133 ], [ -36.862539, -9.474321 ], [ -36.852483066172802, -9.474889439516531 ], [ -36.851165915680802, -9.475402434971331 ], [ -36.852815819981302, -9.481350409298599 ], [ -36.853231762241997, -9.481322679814561 ], [ -36.8533981391463, -9.482320941240109 ], [ -36.855061908188802, -9.482625965564591 ], [ -36.855034178704798, -9.481849540011369 ], [ -36.856115628582501, -9.48190499897947 ], [ -36.856337464454803, -9.482653695048629 ], [ -36.856859798951398, -9.48259871247358 ], [ -36.856864324651703, -9.482598236080539 ], [ -36.856863780840399, -9.48262216477278 ] ] ] ] } },
{ "type": "Feature", "properties": { "fid": 367.0, "LAT_GD": -9.53754, "LONG_GD": -36.929272, "IMG_ANTES": "11/2020", "IMG_DEPOIS": "01/2025", "BIOMA": "Caatinga", "COD_CAR": "AL-2704401-1DAABFE3856243518DDCE55E34C285B3", "N_IMOVEL": "SITIO POCO DO MENDES - PETRUCIO FERREIRA DA SILVA", "NM_MUN": "Major Isidoro", "ORGAO": "-", "OPERACAO": "MANDACARU 2025", "PERIODO": "03/2025", "N_PROCESSO": "-", "DATA_AI": "-", "MOTIVO": "DESMATAMENTO", "AI": "2025.28032275257.AAF.AINF", "TE": "SÉRIE C TALÃO 0063 FOLHA 05469", "AI_APP": "-", "TE_APP": "-", "AI_RL": "-", "TE_RL": "-", "AREA_UTM": 20.41, "AREA_UC": 0.0, "AREA_TI": 0.0, "AREA_APP": 0.0, "AREA_RL": 0.0, "FORA_UC": 0.0, "FORA_TI": 0.0, "FORA_APP": 0.0, "FORA_RL": 0.0, "SITUACAO": "EMBARGADA" }, "geometry": { "type": "MultiPolygon", "coordinates": [ [ [ [ -36.928846213910603, -9.5391525187867 ], [ -36.932703693246403, -9.53885673762359 ], [ -36.932129, -9.536193 ], [ -36.925456, -9.536299 ], [ -36.926186, -9.538458 ], [ -36.9279, -9.538944 ], [ -36.927902, -9.53795 ], [ -36.928654, -9.538246 ], [ -36.928846213910603, -9.5391525187867 ] ] ] ] } },
{ "type": "Feature", "properties": { "fid": 368.0, "LAT_GD": -9.60855, "LONG_GD": -36.973778, "IMG_ANTES": "06/2021", "IMG_DEPOIS": "01/2025", "BIOMA": "Caatinga", "COD_CAR": "AL-2704401-F7B401B39F984F70A35BA1590AE05632", "N_IMOVEL": "FAZENDA OLHO D'AGUA 2", "NM_MUN": "Major Isidoro", "ORGAO": "-", "OPERACAO": "MANDACARU 2025", "PERIODO": "03/2025", "N_PROCESSO": "-", "DATA_AI": "-", "MOTIVO": "DESMATAMENTO", "AI": "SERIE A - TALAO 0041 - FOLHA 2021", "TE": "SERIE C - TALAO 0063 - FOLHA 5474", "AI_APP": "-", "TE_APP": "-", "AI_RL": "-", "TE_RL": "-", "AREA_UTM": 42.81, "AREA_UC": 0.0, "AREA_TI": 0.0, "AREA_APP": 0.0, "AREA_RL": 0.0, "FORA_UC": 0.0, "FORA_TI": 0.0, "FORA_APP": 0.0, "FORA_RL": 0.0, "SITUACAO": "EMBARGADA" }, "geometry": { "type": "MultiPolygon", "coordinates": [ [ [ [ -36.979602179230803, -9.604025514273291 ], [ -36.972889836645301, -9.6078312265424 ], [ -36.964274033913902, -9.612625106783421 ], [ -36.964714301520502, -9.61378334403526 ], [ -36.9653181880619, -9.613487562872139 ], [ -36.965983695678901, -9.61282205525511 ], [ -36.970543655277098, -9.611244555718409 ], [ -36.977124786156701, -9.60792934184836 ], [ -36.977851914849403, -9.608163501935829 ], [ -36.980822050695799, -9.60700502571359 ], [ -36.980859023341203, -9.606820162486629 ], [ -36.980501621102398, -9.605328932455871 ], [ -36.980222228222203, -9.60460388828934 ], [ -36.979640904871403, -9.604032501258841 ], [ -36.979602179230803, -9.604025514273291 ] ] ] ] } },
{ "type": "Feature", "properties": { "fid": 369.0, "LAT_GD": -9.55272, "LONG_GD": -36.933788, "IMG_ANTES": "11/2020", "IMG_DEPOIS": "01/2025", "BIOMA": "Caatinga", "COD_CAR": "AL-2704401-98CC8414B1334A89A4C79E9E1BFE46B5", "N_IMOVEL": "FAENDA RIACHO DAS PEDRAS", "NM_MUN": "Major Isidoro", "ORGAO": "-", "OPERACAO": "MANDACARU 2025", "PERIODO": "03/2025", "N_PROCESSO": "-", "DATA_AI": "-", "MOTIVO": "DESMATAMENTO", "AI": "2025.01044416459.AAF.AINF", "TE": "SÉRIE C TALÃO 0063 FOLHA 0547", "AI_APP": "-", "TE_APP": "-", "AI_RL": "-", "TE_RL": "-", "AREA_UTM": 30.38, "AREA_UC": 0.0, "AREA_TI": 0.0, "AREA_APP": 0.0, "AREA_RL": 0.0, "FORA_UC": 0.0, "FORA_TI": 0.0, "FORA_APP": 0.0, "FORA_RL": 0.0, "SITUACAO": "EMBARGADA" }, "geometry": { "type": "MultiPolygon", "coordinates": [ [ [ [ -36.9361543686042, -9.55042458395838 ], [ -36.935299014284801, -9.55050760721838 ], [ -36.934804812358998, -9.550544525739101 ], [ -36.934672208541301, -9.55052459018421 ], [ -36.9346889229884, -9.55042897966033 ], [ -36.934170274846899, -9.550527769352 ], [ -36.933973087404802, -9.549886910165229 ], [ -36.931984446820998, -9.55050339047658 ], [ -36.931500211687798, -9.55068849750535 ], [ -36.931360353797203, -9.551341167550611 ], [ -36.930967700628401, -9.55201098778743 ], [ -36.930937160730998, -9.55209584538142 ], [ -36.930799, -9.553417 ], [ -36.931263, -9.554094 ], [ -36.931589, -9.554331 ], [ -36.931795, -9.555009 ], [ -36.93104, -9.555805 ], [ -36.937152734908402, -9.55407714330954 ], [ -36.9361543686042, -9.55042458395838 ] ] ] ] } },
{ "type": "Feature", "properties": { "fid": 370.0, "LAT_GD": -9.66111, "LONG_GD": -37.567158, "IMG_ANTES": "05/2021", "IMG_DEPOIS": "01/2025", "BIOMA": "Caatinga", "COD_CAR": "AL-2706406-53D9374648114709B267C128C93F7033", "N_IMOVEL": "SITIO LAGOA DO PE DA SERRA", "NM_MUN": "Pão de Açúcar", "ORGAO": "-", "OPERACAO": "MANDACARU 2025", "PERIODO": "03/2025", "N_PROCESSO": "-", "DATA_AI": "-", "MOTIVO": "DESMATAMENTO", "AI": "2025.02042226351.AAF.AINF", "TE": "SERIE C - TALAO 031 - FOLHA 2040", "AI_APP": "-", "TE_APP": "-", "AI_RL": "-", "TE_RL": "-", "AREA_UTM": 25.06, "AREA_UC": 0.0, "AREA_TI": 0.0, "AREA_APP": 0.0, "AREA_RL": 0.0, "FORA_UC": 0.0, "FORA_TI": 0.0, "FORA_APP": 0.0, "FORA_RL": 0.0, "SITUACAO": "EMBARGADA" }, "geometry": { "type": "MultiPolygon", "coordinates": [ [ [ [ -37.570108299847597, -9.662193395226931 ], [ -37.571802526457098, -9.661004598772241 ], [ -37.571700663451601, -9.660766448067051 ], [ -37.571254440425598, -9.659874000779491 ], [ -37.568438, -9.661213 ], [ -37.565398839876202, -9.65723830122827 ], [ -37.564977671391198, -9.65780891659502 ], [ -37.564814638429297, -9.65828442940067 ], [ -37.565004843551499, -9.65880070044679 ], [ -37.565670561479401, -9.659316971492901 ], [ -37.564705949787999, -9.65984682861918 ], [ -37.564638019387203, -9.66059406302803 ], [ -37.564638019387203, -9.663637344984069 ], [ -37.567582, -9.663144 ], [ -37.569990934970598, -9.662061359685399 ], [ -37.570108299847597, -9.662193395226931 ] ] ] ] } },
{ "type": "Feature", "properties": { "fid": 371.0, "LAT_GD": -9.71273, "LONG_GD": -37.393919, "IMG_ANTES": "08/2020", "IMG_DEPOIS": "01/2025", "BIOMA": "Caatinga", "COD_CAR": "AL-2706406-CDAB6D9A07CD43DA9B0A2ADE7F023440", "N_IMOVEL": "FAZENDA REDENCAO", "NM_MUN": "Pão de Açúcar", "ORGAO": "-", "OPERACAO": "MANDACARU 2025", "PERIODO": "03/2025", "N_PROCESSO": "-", "DATA_AI": "-", "MOTIVO": "DESMATAMENTO", "AI": "SÉRIE: A TALÃO: 026 FOLHA: 02072", "TE": "SÉRIE C TALÃO 0063 FOLHA 05471", "AI_APP": "-", "TE_APP": "-", "AI_RL": "-", "TE_RL": "-", "AREA_UTM": 57.17, "AREA_UC": 0.0, "AREA_TI": 0.0, "AREA_APP": 0.0, "AREA_RL": 0.0, "FORA_UC": 0.0, "FORA_TI": 0.0, "FORA_APP": 0.0, "FORA_RL": 0.0, "SITUACAO": "EMBARGADA" }, "geometry": { "type": "MultiPolygon", "coordinates": [ [ [ [ -37.410708, -9.7191 ], [ -37.41083, -9.718622 ], [ -37.410661, -9.71812 ], [ -37.410562, -9.71787 ], [ -37.410474, -9.717657 ], [ -37.410165, -9.717851 ], [ -37.409852, -9.718097 ], [ -37.409426, -9.718792 ], [ -37.409194, -9.719178 ], [ -37.40909, -9.719387 ], [ -37.409017, -9.719534 ], [ -37.409161, -9.719752 ], [ -37.409104, -9.719849 ], [ -37.409067, -9.719946 ], [ -37.408953, -9.720069 ], [ -37.409026, -9.720121 ], [ -37.409166, -9.720147 ], [ -37.409328, -9.719984 ], [ -37.40966, -9.719896 ], [ -37.409547, -9.720065 ], [ -37.409508, -9.720171 ], [ -37.409608, -9.720362 ], [ -37.409515, -9.720378 ], [ -37.409509, -9.720695 ], [ -37.409508, -9.720667 ], [ -37.409421, -9.7207 ], [ -37.409431, -9.721098 ], [ -37.409586, -9.721246 ], [ -37.409736, -9.721762 ], [ -37.409794, -9.722107 ], [ -37.409974, -9.722043 ], [ -37.410124, -9.722152 ], [ -37.410299, -9.722201 ], [ -37.410568, -9.722008 ], [ -37.41074, -9.722181 ], [ -37.411102, -9.722406 ], [ -37.41171, -9.722702 ], [ -37.411817, -9.722905 ], [ -37.411495, -9.722892 ], [ -37.411294, -9.722712 ], [ -37.411075, -9.72256 ], [ -37.410697, -9.722524 ], [ -37.410521, -9.722554 ], [ -37.410276, -9.72282 ], [ -37.410015, -9.722668 ], [ -37.4098, -9.722685 ], [ -37.409575, -9.723 ], [ -37.409483, -9.72315 ], [ -37.409307, -9.723275 ], [ -37.409337, -9.723324 ], [ -37.409388, -9.723474 ], [ -37.409502, -9.723562 ], [ -37.409719, -9.723778 ], [ -37.409934, -9.724115 ], [ -37.411009, -9.723882 ], [ -37.411254, -9.723859 ], [ -37.411474, -9.723747 ], [ -37.411673, -9.723792 ], [ -37.411803, -9.72374 ], [ -37.411941, -9.72361 ], [ -37.4125, -9.723616 ], [ -37.412209, -9.722802 ], [ -37.410998, -9.719191 ], [ -37.410708, -9.7191 ] ] ], [ [ [ -37.400117, -9.720288 ], [ -37.400374, -9.720922 ], [ -37.401061, -9.72052 ], [ -37.401491, -9.721113 ], [ -37.40177, -9.721007 ], [ -37.402607, -9.720119 ], [ -37.403423, -9.719484 ], [ -37.40411, -9.719463 ], [ -37.404689, -9.71923 ], [ -37.404775, -9.718786 ], [ -37.404539, -9.718194 ], [ -37.403508, -9.718786 ], [ -37.400117, -9.720288 ] ] ], [ [ [ -37.40996, -9.715993 ], [ -37.409854, -9.715758 ], [ -37.409755, -9.715663 ], [ -37.409553, -9.715709 ], [ -37.408661, -9.716585 ], [ -37.408165, -9.716683 ], [ -37.407659, -9.716666 ], [ -37.407624, -9.716827 ], [ -37.407693, -9.716992 ], [ -37.407755, -9.71717 ], [ -37.407771, -9.717295 ], [ -37.408051, -9.71748 ], [ -37.408352, -9.717603 ], [ -37.408483, -9.71772 ], [ -37.408663, -9.717665 ], [ -37.408856, -9.717544 ], [ -37.408905, -9.717434 ], [ -37.408968, -9.717335 ], [ -37.409019, -9.717056 ], [ -37.409189, -9.716894 ], [ -37.409448, -9.716779 ], [ -37.40986, -9.71656 ], [ -37.410008, -9.716585 ], [ -37.410077, -9.71653 ], [ -37.40996, -9.715993 ] ] ], [ [ [ -37.3873659963173, -9.70892866602556 ], [ -37.386876897431499, -9.704343363971249 ], [ -37.382393490978401, -9.70532156174284 ], [ -37.382434249218903, -9.706320138634659 ], [ -37.383086381066597, -9.70833767153856 ], [ -37.384105337078701, -9.71227084174515 ], [ -37.387753199601903, -9.71112961101163 ], [ -37.3873659963173, -9.70892866602556 ] ] ] ] } },
{ "type": "Feature", "properties": { "fid": 372.0, "LAT_GD": -9.40212, "LONG_GD": -36.868728, "IMG_ANTES": "09/2020", "IMG_DEPOIS": "01/2025", "BIOMA": "Caatinga", "COD_CAR": "AL-2701209-7B08351DD9B64FF0BC0666700490CAFF", "N_IMOVEL": "SAO VICENTE", "NM_MUN": "Cacimbinhas", "ORGAO": "-", "OPERACAO": "MANDACARU 2025", "PERIODO": "03/2025", "N_PROCESSO": "-", "DATA_AI": "-", "MOTIVO": "DESMATAMENTO", "AI": "SERIE A - TALAO 0041 - FOLHA 02015", "TE": "SERIE C - TALAO 031 - FOLHA 02031", "AI_APP": "-", "TE_APP": "-", "AI_RL": "-", "TE_RL": "-", "AREA_UTM": 121.22, "AREA_UC": 0.0, "AREA_TI": 0.0, "AREA_APP": 0.0, "AREA_RL": 0.0, "FORA_UC": 0.0, "FORA_TI": 0.0, "FORA_APP": 0.0, "FORA_RL": 0.0, "SITUACAO": "EMBARGADA" }, "geometry": { "type": "MultiPolygon", "coordinates": [ [ [ [ -36.867303551643801, -9.408787977916569 ], [ -36.8689754940171, -9.40780534936072 ], [ -36.8697690202385, -9.4071527196385 ], [ -36.870486224201599, -9.406871171972311 ], [ -36.870514269050602, -9.40677780646384 ], [ -36.870180478408898, -9.40578418145927 ], [ -36.869612315419602, -9.405667468016221 ], [ -36.869099832439403, -9.40520838282171 ], [ -36.868438708759697, -9.405037317319319 ], [ -36.867808480714899, -9.40507056850638 ], [ -36.867142955428598, -9.40556253996178 ], [ -36.866839699271999, -9.406461420360911 ], [ -36.865719826111601, -9.407652231929131 ], [ -36.865528316116801, -9.409554997636731 ], [ -36.865594323862197, -9.40964907339781 ], [ -36.866785982121897, -9.4097311244384 ], [ -36.867303551643801, -9.408787977916569 ] ] ], [ [ [ -36.869010860154802, -9.399221534656681 ], [ -36.868543829278003, -9.39911246226079 ], [ -36.868087833318199, -9.3988659779582 ], [ -36.868013888027399, -9.398397657783249 ], [ -36.868026212242498, -9.39791701339316 ], [ -36.868050860672803, -9.397350099497171 ], [ -36.867952266951697, -9.397115939409691 ], [ -36.8676688100037, -9.396857130891959 ], [ -36.867694059722403, -9.39638962037759 ], [ -36.868100157533298, -9.39603140847821 ], [ -36.868223399684602, -9.395439846151961 ], [ -36.868137130178702, -9.394688069029019 ], [ -36.866226876833501, -9.394885256471101 ], [ -36.866189904188097, -9.396130002199261 ], [ -36.866005040961198, -9.400270938483059 ], [ -36.865659962937499, -9.400739258658 ], [ -36.864624728866602, -9.40064066493697 ], [ -36.863959221249502, -9.40105968825139 ], [ -36.864264065258297, -9.401754583580431 ], [ -36.864151704198697, -9.40195153008632 ], [ -36.864004932616098, -9.401948290718661 ], [ -36.863629891972501, -9.401544842586331 ], [ -36.863542039000997, -9.40152919382802 ], [ -36.861929860296698, -9.40233835330268 ], [ -36.859670394384203, -9.4077640612823 ], [ -36.860286605140701, -9.40783800657309 ], [ -36.861494378223497, -9.407418983258649 ], [ -36.862307776422099, -9.4069506630837 ], [ -36.862233831131299, -9.40655628819953 ], [ -36.861740862526098, -9.40576753843118 ], [ -36.862652854445699, -9.40547175726806 ], [ -36.862504963864197, -9.40446117162737 ], [ -36.862850041887803, -9.40428863261555 ], [ -36.862899063930897, -9.404334669927101 ], [ -36.863293778027902, -9.404681076707719 ], [ -36.864243873286803, -9.4046863603958 ], [ -36.865799297454998, -9.403532698572221 ], [ -36.8659087824335, -9.4035754575981 ], [ -36.8662513085483, -9.404040708068351 ], [ -36.866876609811001, -9.40388701378358 ], [ -36.867139058785099, -9.404084604410849 ], [ -36.867579403838199, -9.40378536721153 ], [ -36.870298278993197, -9.40405297355499 ], [ -36.870650756196497, -9.40360328476511 ], [ -36.8710086723041, -9.401552656856611 ], [ -36.870712891140997, -9.40135546941452 ], [ -36.871107266025099, -9.401133633542189 ], [ -36.871452344048798, -9.401306172553999 ], [ -36.8713537503277, -9.401873086449999 ], [ -36.870895443577602, -9.40313246718363 ], [ -36.8709439701747, -9.404796236226231 ], [ -36.8723304443768, -9.40481010096825 ], [ -36.872101676133497, -9.40414459335121 ], [ -36.872469091797001, -9.40406833727009 ], [ -36.872774116121498, -9.403971284075929 ], [ -36.873155396527103, -9.404075269641099 ], [ -36.873938754451302, -9.404144593351219 ], [ -36.873897160225297, -9.40455360324084 ], [ -36.874212968237998, -9.40451046848789 ], [ -36.874073422729197, -9.404998714464639 ], [ -36.873208572897298, -9.410016229893049 ], [ -36.873265234680197, -9.41009788799483 ], [ -36.873821854483097, -9.41030382131185 ], [ -36.874201008187001, -9.409894735908511 ], [ -36.874684082695602, -9.408800746374521 ], [ -36.875455594188203, -9.403434818745909 ], [ -36.875357262977602, -9.40336296865158 ], [ -36.873974594208001, -9.403685081819241 ], [ -36.873849465400902, -9.403639384823149 ], [ -36.874023815709897, -9.4012890161173 ], [ -36.8736013205802, -9.40029106287367 ], [ -36.873227031027497, -9.399358946563421 ], [ -36.8731037888762, -9.398446954643781 ], [ -36.872561523410504, -9.39795398603855 ], [ -36.8724382812592, -9.39704199411891 ], [ -36.873555571580503, -9.39691400755021 ], [ -36.873890646713299, -9.395868732385861 ], [ -36.8723841195999, -9.394457991102559 ], [ -36.872283801098803, -9.3944381359294 ], [ -36.870903933258703, -9.394949268498969 ], [ -36.869966784983703, -9.39661293042195 ], [ -36.869471203960799, -9.397192740455051 ], [ -36.869170582572899, -9.399117686038039 ], [ -36.869010860154802, -9.399221534656681 ] ] ] ] } },
{ "type": "Feature", "properties": { "fid": 373.0, "LAT_GD": -9.60656, "LONG_GD": -36.973389, "IMG_ANTES": "06/2021", "IMG_DEPOIS": "01/2025", "BIOMA": "Caatinga", "COD_CAR": "AL-2704401-F7B401B39F984F70A35BA1590AE05632", "N_IMOVEL": "FAZENDA OLHO D'AGUA 2", "NM_MUN": "Major Isidoro", "ORGAO": "-", "OPERACAO": "MANDACARU 2025", "PERIODO": "03/2025", "N_PROCESSO": "-", "DATA_AI": "-", "MOTIVO": "DESMATAMENTO", "AI": "SERIE A - TALAO 0041 - FOLHA 2020", "TE": "SERIE C - TALAO 0063 - FOLHA 5475", "AI_APP": "-", "TE_APP": "-", "AI_RL": "-", "TE_RL": "-", "AREA_UTM": 20.13, "AREA_UC": 0.0, "AREA_TI": 0.0, "AREA_APP": 0.0, "AREA_RL": 0.0, "FORA_UC": 0.0, "FORA_TI": 0.0, "FORA_APP": 0.0, "FORA_RL": 0.0, "SITUACAO": "EMBARGADA" }, "geometry": { "type": "MultiPolygon", "coordinates": [ [ [ [ -36.969383058912499, -9.609728133437869 ], [ -36.9702534426347, -9.60922577383406 ], [ -36.971120828318902, -9.608767596542551 ], [ -36.971736249569503, -9.608466273911541 ], [ -36.9718206827392, -9.60842613055857 ], [ -36.972208382371299, -9.608210405454621 ], [ -36.972097325125802, -9.607744280672421 ], [ -36.972593703624, -9.60762606363509 ], [ -36.972709313051297, -9.60760658363253 ], [ -36.973247320446703, -9.607457062123929 ], [ -36.973365268681803, -9.607427200275859 ], [ -36.973563458378301, -9.60744372883898 ], [ -36.973573905214501, -9.60744338945144 ], [ -36.979602179230803, -9.604025514273291 ], [ -36.979536573592597, -9.604013677515191 ], [ -36.9781094993522, -9.604603755405529 ], [ -36.9771371103718, -9.60344332754091 ], [ -36.971521088132199, -9.60680061551701 ], [ -36.968407821723503, -9.60820064001453 ], [ -36.968506893521898, -9.608329113512809 ], [ -36.968530195167197, -9.608408073811001 ], [ -36.968443949662799, -9.60863535937413 ], [ -36.968454126260298, -9.60867562957568 ], [ -36.968458453803301, -9.608692754260881 ], [ -36.968696040910601, -9.60896054079015 ], [ -36.968856583646598, -9.609058386197161 ], [ -36.968901042912002, -9.60914822766223 ], [ -36.969079647149201, -9.6092568455784 ], [ -36.969130173930601, -9.609306768608461 ], [ -36.969383058912499, -9.609728133437869 ] ] ] ] } },
{ "type": "Feature", "properties": { "fid": 374.0, "LAT_GD": -9.66832, "LONG_GD": -37.042158, "IMG_ANTES": "05/2021", "IMG_DEPOIS": "02/2022", "BIOMA": "Caatinga", "COD_CAR": "AL-2703700-554D3485B1C043C1BCA826AE12D41227", "N_IMOVEL": "PEDRA DE RISCO", "NM_MUN": "Jaramataia", "ORGAO": "-", "OPERACAO": "MANDACARU 2025", "PERIODO": "03/2025", "N_PROCESSO": "-", "DATA_AI": "-", "MOTIVO": "DESMATAMENTO", "AI": "2025.01045026245.AAF.AINF", "TE": "SÉRIE C TALÃO 0063 FOLHA 05472", "AI_APP": "-", "TE_APP": "-", "AI_RL": "-", "TE_RL": "-", "AREA_UTM": 44.28, "AREA_UC": 0.0, "AREA_TI": 0.0, "AREA_APP": 0.0, "AREA_RL": 0.0, "FORA_UC": 0.0, "FORA_TI": 0.0, "FORA_APP": 0.0, "FORA_RL": 0.0, "SITUACAO": "EMBARGADA" }, "geometry": { "type": "MultiPolygon", "coordinates": [ [ [ [ -37.045116992700002, -9.670984977899989 ], [ -37.045113656909002, -9.670908619257711 ], [ -37.0450377801602, -9.670947760975199 ], [ -37.044840592718103, -9.66698757984665 ], [ -37.0399328163817, -9.66731074815451 ], [ -37.040401982729698, -9.672732761591959 ], [ -37.044944608351798, -9.672404035712511 ], [ -37.045116992700002, -9.670984977899989 ] ] ], [ [ [ -37.043174397226103, -9.66620347354494 ], [ -37.0431352929224, -9.66611564856886 ], [ -37.041135952126098, -9.665887995717391 ], [ -37.040338135852302, -9.6656122519205 ], [ -37.040218067108199, -9.663254262078979 ], [ -37.040315203635203, -9.66315179288123 ], [ -37.042242084746199, -9.662692235295459 ], [ -37.044256878480397, -9.662351147453011 ], [ -37.044305689937602, -9.66226915831594 ], [ -37.044238799142498, -9.66156799034367 ], [ -37.039045495542098, -9.66258072357474 ], [ -37.039937269744399, -9.667203585316781 ], [ -37.040002389027599, -9.667271945529389 ], [ -37.043005638342997, -9.667082528656669 ], [ -37.043174397226103, -9.66620347354494 ] ] ] ] } },
{ "type": "Feature", "properties": { "fid": 375.0, "LAT_GD": -9.74391, "LONG_GD": -37.049155, "IMG_ANTES": "08/2020", "IMG_DEPOIS": "01/2025", "BIOMA": "Caatinga", "COD_CAR": "AL-2700706-C78EC1D40E124D84869A9DAE0D954700", "N_IMOVEL": "FAZENDA BELA VISTA", "NM_MUN": "Batalha", "ORGAO": "-", "OPERACAO": "MANDACARU 2025", "PERIODO": "03/2025", "N_PROCESSO": "-", "DATA_AI": "-", "MOTIVO": "DESMATAMENTO", "AI": "2025.01043955266.AAF.AINF", "TE": "SERIE C - TALAO 031 - FOLHA 2039", "AI_APP": "-", "TE_APP": "-", "AI_RL": "-", "TE_RL": "-", "AREA_UTM": 79.03, "AREA_UC": 0.0, "AREA_TI": 0.0, "AREA_APP": 0.0, "AREA_RL": 0.0, "FORA_UC": 0.0, "FORA_TI": 0.0, "FORA_APP": 0.0, "FORA_RL": 0.0, "SITUACAO": "EMBARGADA" }, "geometry": { "type": "MultiPolygon", "coordinates": [ [ [ [ -37.043381542582303, -9.74284654736692 ], [ -37.040423730950998, -9.74381605229051 ], [ -37.038780502267002, -9.74301087023531 ], [ -37.038616179398602, -9.74628089531658 ], [ -37.041311074440401, -9.74591938500609 ], [ -37.042097, -9.746555 ], [ -37.042891, -9.745984 ], [ -37.043707, -9.744968 ], [ -37.044694, -9.745032 ], [ -37.046197, -9.745032 ], [ -37.046476, -9.745687 ], [ -37.046884, -9.747041 ], [ -37.047785, -9.747062 ], [ -37.048322, -9.746703 ], [ -37.048086, -9.745772 ], [ -37.048114041192299, -9.74447334376412 ], [ -37.049067113829103, -9.74355313570106 ], [ -37.049165707550102, -9.742747953645869 ], [ -37.046947348826698, -9.74253433391695 ], [ -37.046750161384601, -9.74156482899336 ], [ -37.045024771266299, -9.74204136531174 ], [ -37.043381542582303, -9.74284654736692 ] ] ], [ [ [ -37.056823153217799, -9.74360243256158 ], [ -37.0580720070176, -9.74289584422743 ], [ -37.059567345120101, -9.741416938411801 ], [ -37.058942918220197, -9.741236183256561 ], [ -37.058252762172899, -9.741071860388139 ], [ -37.057069637520399, -9.74103899581446 ], [ -37.055870080581002, -9.74161412585388 ], [ -37.055409976549498, -9.742222120466989 ], [ -37.0552292213942, -9.742747953645869 ], [ -37.055114195386402, -9.74322448996424 ], [ -37.054752685075897, -9.74352027112737 ], [ -37.054391174765399, -9.7437338908563 ], [ -37.053755, -9.743682 ], [ -37.053112, -9.743541 ], [ -37.052456, -9.743327 ], [ -37.052452164918201, -9.74283011508008 ], [ -37.053766747865403, -9.742534333916961 ], [ -37.053931070733803, -9.74204136531173 ], [ -37.051696279723501, -9.74066105321713 ], [ -37.051729144297198, -9.7398723034488 ], [ -37.051006123676203, -9.740069490890891 ], [ -37.0506117487921, -9.74059532406979 ], [ -37.049954457318499, -9.740463865775061 ], [ -37.050184509334201, -9.739445063990949 ], [ -37.0491985721238, -9.73960938685935 ], [ -37.050348832202602, -9.74319162539056 ], [ -37.051679847436702, -9.747299697100679 ], [ -37.052402868057698, -9.74713537423227 ], [ -37.052945133523401, -9.74680672849547 ], [ -37.0536352895707, -9.746905322216509 ], [ -37.054489768486398, -9.746708134774421 ], [ -37.054982, -9.746296 ], [ -37.05611, -9.746287 ], [ -37.056461642907301, -9.74616586930868 ], [ -37.056330184612598, -9.744259724035199 ], [ -37.056724559496701, -9.74399680744575 ], [ -37.056823153217799, -9.74360243256158 ] ] ] ] } },
{ "type": "Feature", "properties": { "fid": 376.0, "LAT_GD": -9.36415, "LONG_GD": -36.805691, "IMG_ANTES": "12/2020", "IMG_DEPOIS": "01/2025", "BIOMA": "Caatinga", "COD_CAR": "AL-2702553-60218892A4ED45EEAEF6C510C6F025CD", "N_IMOVEL": "FAZENDA TRAVESSIA", "NM_MUN": "Minador do Negrão", "ORGAO": "-", "OPERACAO": "MANDACARU 2025", "PERIODO": "03/2025", "N_PROCESSO": "-", "DATA_AI": "-", "MOTIVO": "DESMATAMENTO", "AI": "SÉRIE: A TALÃO: 026 FOLHA: 02069", "TE": "SÉRIE C TALÃO 0063 FOLHA 05468", "AI_APP": "-", "TE_APP": "-", "AI_RL": "-", "TE_RL": "-", "AREA_UTM": 40.22, "AREA_UC": 0.0, "AREA_TI": 0.0, "AREA_APP": 0.0, "AREA_RL": 0.0, "FORA_UC": 0.0, "FORA_TI": 0.0, "FORA_APP": 0.0, "FORA_RL": 0.0, "SITUACAO": "EMBARGADA" }, "geometry": { "type": "MultiPolygon", "coordinates": [ [ [ [ -36.802047722554498, -9.361437417623881 ], [ -36.801962777431697, -9.361490495195911 ], [ -36.803284029109101, -9.36347237263079 ], [ -36.802673980460099, -9.36416560973186 ], [ -36.804143643114401, -9.365829378774469 ], [ -36.803507752113397, -9.36626707929735 ], [ -36.805835141640998, -9.369267834795821 ], [ -36.806281564556699, -9.36891670511336 ], [ -36.806319711949897, -9.368772771270759 ], [ -36.806590239417197, -9.367532596128621 ], [ -36.806708671028098, -9.36730518041403 ], [ -36.806807287906402, -9.366933083734089 ], [ -36.807584209093399, -9.36589048850843 ], [ -36.807917138861697, -9.365442783774929 ], [ -36.808161274144098, -9.36501141453893 ], [ -36.808682266158002, -9.364413878130151 ], [ -36.809080673792401, -9.36387811543738 ], [ -36.809944696123203, -9.36146109097472 ], [ -36.8093013271464, -9.361032178034989 ], [ -36.8087744669496, -9.361697685652031 ], [ -36.808303065720899, -9.362280004816929 ], [ -36.807415722231497, -9.362640488109481 ], [ -36.807082968423003, -9.36252957017332 ], [ -36.806556108226196, -9.36300097140205 ], [ -36.806029248029297, -9.36305643037015 ], [ -36.8057242237049, -9.36269594707759 ], [ -36.806223354417597, -9.36230773430097 ], [ -36.806167895449597, -9.36169768565202 ], [ -36.805446928864399, -9.361669956167979 ], [ -36.805225092992103, -9.361448120295639 ], [ -36.805668764736801, -9.360643965258371 ], [ -36.805643408488002, -9.36011148392468 ], [ -36.804027959893901, -9.36061386525596 ], [ -36.803866348273999, -9.360699424226461 ], [ -36.802047722554498, -9.361437417623881 ] ] ] ] } },
{ "type": "Feature", "properties": { "fid": 377.0, "LAT_GD": -9.68919, "LONG_GD": -36.999052, "IMG_ANTES": "08/2020", "IMG_DEPOIS": "01/2025", "BIOMA": "Caatinga", "COD_CAR": "AL-2703700-25C76C7C9E654B8B9F4F85F06E93E451", "N_IMOVEL": "FAZENDA  LAGOINHA", "NM_MUN": "Jaramataia", "ORGAO": "-", "OPERACAO": "MANDACARU 2025", "PERIODO": "03/2025", "N_PROCESSO": "-", "DATA_AI": "-", "MOTIVO": "DESMATAMENTO", "AI": "SERIE A - TALAO 0041 - FOLHA 2016", "TE": "SERIE C - TALAO 031 - FOLHA 2032", "AI_APP": "-", "TE_APP": "-", "AI_RL": "-", "TE_RL": "-", "AREA_UTM": 36.71, "AREA_UC": 0.0, "AREA_TI": 0.0, "AREA_APP": 0.0, "AREA_RL": 0.0, "FORA_UC": 0.0, "FORA_TI": 0.0, "FORA_APP": 0.0, "FORA_RL": 0.0, "SITUACAO": "EMBARGADA" }, "geometry": { "type": "MultiPolygon", "coordinates": [ [ [ [ -36.9969751625136, -9.69357724939394 ], [ -37.000695239476997, -9.69138317513835 ], [ -37.001434010187097, -9.69083794043156 ], [ -37.000557916015602, -9.68865376236942 ], [ -37.000634716677197, -9.688541689100781 ], [ -37.001588428836101, -9.6881441513111 ], [ -37.001588377514899, -9.68762171325497 ], [ -37.002314447642902, -9.68720089684199 ], [ -37.001974183987898, -9.685081400821209 ], [ -37.001866609211397, -9.685051213463201 ], [ -36.999775898633203, -9.685818786888049 ], [ -36.997597001218402, -9.68650986302719 ], [ -36.997100861732697, -9.68841608315622 ], [ -36.997283649964302, -9.68938224952297 ], [ -36.9958600542599, -9.689784407486639 ], [ -36.995796146398298, -9.68990594881728 ], [ -36.996927698587903, -9.69356978361882 ], [ -36.9969751625136, -9.69357724939394 ] ] ] ] } },
{ "type": "Feature", "properties": { "fid": 378.0, "LAT_GD": -9.62111, "LONG_GD": -37.569128, "IMG_ANTES": "05/2021", "IMG_DEPOIS": "02/2025", "BIOMA": "Caatinga", "COD_CAR": "AL-2706406-A5020713E2CB40508D84C7E88955C1FB", "N_IMOVEL": "EMENDADAS", "NM_MUN": "Pão de Açúcar", "ORGAO": "-", "OPERACAO": "MANDACARU 2025", "PERIODO": "03/2025", "N_PROCESSO": "-", "DATA_AI": "-", "MOTIVO": "DESMATAMENTO", "AI": "2025.02042744989.AAF.AINF", "TE": "SERIE C - TALAO 031 - FOLHA 2041", "AI_APP": "-", "TE_APP": "-", "AI_RL": "-", "TE_RL": "-", "AREA_UTM": 44.43, "AREA_UC": 0.0, "AREA_TI": 0.0, "AREA_APP": 0.0, "AREA_RL": 0.0, "FORA_UC": 0.0, "FORA_TI": 0.0, "FORA_APP": 0.0, "FORA_RL": 0.0, "SITUACAO": "EMBARGADA" }, "geometry": { "type": "MultiPolygon", "coordinates": [ [ [ [ -37.574056297716403, -9.623902006902609 ], [ -37.573992925146797, -9.623821969063179 ], [ -37.573011090063297, -9.6242247731264 ], [ -37.572488837973097, -9.623780858849781 ], [ -37.572514950577599, -9.62318026894612 ], [ -37.567702, -9.622689 ], [ -37.567359, -9.622731 ], [ -37.565384, -9.624551 ], [ -37.568582, -9.628253 ], [ -37.571888248069499, -9.625008151261619 ], [ -37.572776076622702, -9.62652268232304 ], [ -37.573637792571397, -9.62633989409149 ], [ -37.574995648005803, -9.62534761512021 ], [ -37.574310817896396, -9.62425559022992 ], [ -37.574056297716403, -9.623902006902609 ] ] ], [ [ [ -37.568403, -9.607993 ], [ -37.568677, -9.60801 ], [ -37.56882, -9.608559 ], [ -37.569429, -9.608758 ], [ -37.56934, -9.607841 ], [ -37.56865, -9.607589 ], [ -37.568253, -9.606868 ], [ -37.565112, -9.607173 ], [ -37.564751, -9.608408 ], [ -37.565764, -9.608704 ], [ -37.565764, -9.609982 ], [ -37.566082, -9.610032 ], [ -37.568408, -9.608721 ], [ -37.568133, -9.608442 ], [ -37.568403, -9.607993 ] ] ] ] } },
{ "type": "Feature", "properties": { "fid": 379.0, "LAT_GD": -9.68494, "LONG_GD": -36.989996, "IMG_ANTES": "08/2020", "IMG_DEPOIS": "01/2025", "BIOMA": "Caatinga", "COD_CAR": "AL-2703700-A93DD2F5B56C4B3FAD3A76F9FCBED8A5", "N_IMOVEL": "FAZENDA JAPAO", "NM_MUN": "Jaramataia", "ORGAO": "-", "OPERACAO": "MANDACARU 2025", "PERIODO": "03/2025", "N_PROCESSO": "-", "DATA_AI": "-", "MOTIVO": "DESMATAMENTO", "AI": "SERIE A - TALAO 0041 - FOLHA 2017", "TE": "SERIE C - TALAO 031 - FOLHA 2033", "AI_APP": "-", "TE_APP": "-", "AI_RL": "-", "TE_RL": "-", "AREA_UTM": 18.82, "AREA_UC": 0.0, "AREA_TI": 0.0, "AREA_APP": 0.0, "AREA_RL": 0.0, "FORA_UC": 0.0, "FORA_TI": 0.0, "FORA_APP": 0.0, "FORA_RL": 0.0, "SITUACAO": "EMBARGADA" }, "geometry": { "type": "MultiPolygon", "coordinates": [ [ [ [ -36.991557664966798, -9.6875282904508 ], [ -36.991489063569503, -9.686257825296931 ], [ -36.990891205146298, -9.6805893823133 ], [ -36.990215783401197, -9.68039555866544 ], [ -36.988776279568498, -9.681226056691671 ], [ -36.988746911807297, -9.68135053895255 ], [ -36.989155135958399, -9.68198916101221 ], [ -36.989600523092399, -9.682076539837251 ], [ -36.989725975964802, -9.681827661782631 ], [ -36.989880004035903, -9.68179181218731 ], [ -36.9901988421312, -9.6820407640586 ], [ -36.990238576534601, -9.682218999736699 ], [ -36.990023249530203, -9.682475985672269 ], [ -36.990036862674401, -9.682734448674729 ], [ -36.988885870350899, -9.68418655830469 ], [ -36.988405547849403, -9.68450751056011 ], [ -36.988237178256099, -9.68454190353091 ], [ -36.9881977991013, -9.6846442019664 ], [ -36.988338730334902, -9.684782643053619 ], [ -36.988394323453697, -9.68505640883385 ], [ -36.989335821073702, -9.685482487350489 ], [ -36.989463604766698, -9.685765467095059 ], [ -36.989707580492102, -9.685643374394839 ], [ -36.990225137352901, -9.685694571671201 ], [ -36.990529316792497, -9.686007947922761 ], [ -36.990802144191299, -9.686101674696189 ], [ -36.990850501592398, -9.68687422132621 ], [ -36.9907725577525, -9.686981034525671 ], [ -36.990571350235101, -9.686997509088741 ], [ -36.990389317897602, -9.686822934176909 ], [ -36.990276113017401, -9.68629988848865 ], [ -36.990019874056202, -9.686330025767839 ], [ -36.989729029500801, -9.68607505559155 ], [ -36.9895263319316, -9.68608949211945 ], [ -36.989476267660201, -9.68679369815036 ], [ -36.989667576243903, -9.686990896509579 ], [ -36.989623217174596, -9.687651470383219 ], [ -36.989298095634901, -9.68791104449296 ], [ -36.9890935657086, -9.687769338513039 ], [ -36.9889940528072, -9.68778195399773 ], [ -36.988725879808101, -9.688191170262551 ], [ -36.988540920958997, -9.68827587251063 ], [ -36.988475273047698, -9.688667682757499 ], [ -36.987805058203897, -9.688924264797731 ], [ -36.987165125051398, -9.68917238898001 ], [ -36.985487172650402, -9.68982298112593 ], [ -36.985404830829196, -9.68989873577411 ], [ -36.985452175140402, -9.689978927812779 ], [ -36.990361652140599, -9.68844296857873 ], [ -36.990496337433797, -9.68801312035173 ], [ -36.9907132624013, -9.68791402627374 ], [ -36.991557664966798, -9.6875282904508 ] ] ] ] } },
{ "type": "Feature", "properties": { "fid": 380.0, "LAT_GD": -9.76885, "LONG_GD": -37.257271, "IMG_ANTES": "06/2021", "IMG_DEPOIS": "12/2024", "BIOMA": "Caatinga", "COD_CAR": "AL-2700904-81CEE56F98BC4B05A016A8D95194BC1A", "N_IMOVEL": "FAZENDA SAO FRANCISCO", "NM_MUN": "Belo Monte", "ORGAO": "-", "OPERACAO": "MANDACARU 2025", "PERIODO": "03/2025", "N_PROCESSO": "-", "DATA_AI": "-", "MOTIVO": "DESMATAMENTO", "AI": "2025.31030802339.AAF.AINF", "TE": "SERIE C - TALAO 031 - FOLHA 2026", "AI_APP": "-", "TE_APP": "-", "AI_RL": "-", "TE_RL": "-", "AREA_UTM": 34.82, "AREA_UC": 0.0, "AREA_TI": 0.0, "AREA_APP": 0.0, "AREA_RL": 0.0, "FORA_UC": 0.0, "FORA_TI": 0.0, "FORA_APP": 0.0, "FORA_RL": 0.0, "SITUACAO": "EMBARGADA" }, "geometry": { "type": "MultiPolygon", "coordinates": [ [ [ [ -37.259537964603098, -9.765869201675059 ], [ -37.2592730360399, -9.765848822554821 ], [ -37.258559766831503, -9.76625640495965 ], [ -37.258559766831503, -9.767173465370499 ], [ -37.257406, -9.768019 ], [ -37.257085, -9.766792 ], [ -37.257944, -9.765735 ], [ -37.256548, -9.765439 ], [ -37.25657, -9.766137 ], [ -37.255797, -9.76675 ], [ -37.255883, -9.767575 ], [ -37.255217, -9.76804 ], [ -37.256313, -9.768653 ], [ -37.253969, -9.77007 ], [ -37.255064, -9.771106 ], [ -37.255558, -9.771846 ], [ -37.255643, -9.772375 ], [ -37.255923, -9.773115 ], [ -37.258308, -9.771804 ], [ -37.257907634983702, -9.771330805899749 ], [ -37.258824695394601, -9.77045450372937 ], [ -37.259639860204302, -9.771106635577089 ], [ -37.261331327184301, -9.77018957516623 ], [ -37.261188673342602, -9.769822751001881 ], [ -37.260393887653201, -9.769578201558989 ], [ -37.259476827242302, -9.768355454344499 ], [ -37.259293415160201, -9.768335075224259 ], [ -37.259700997564998, -9.76721422361098 ], [ -37.259395310761398, -9.76664360824423 ], [ -37.260422142641403, -9.766003506850589 ], [ -37.260019574623897, -9.765688598239301 ], [ -37.259537964603098, -9.765869201675059 ] ] ], [ [ [ -37.253282, -9.76656 ], [ -37.253883, -9.766687 ], [ -37.254592, -9.766433 ], [ -37.254957, -9.765735 ], [ -37.256094, -9.76527 ], [ -37.255364, -9.764762 ], [ -37.253926, -9.765968 ], [ -37.253282, -9.76656 ] ] ], [ [ [ -37.256428333478901, -9.762754522565089 ], [ -37.256333347945102, -9.762835260149121 ], [ -37.256476001786801, -9.763752320559981 ], [ -37.256068419381997, -9.763996870002879 ], [ -37.255212496331801, -9.76358928759805 ], [ -37.254743776566301, -9.76393573264216 ], [ -37.255130979850897, -9.764384073287459 ], [ -37.256700172109397, -9.764017249123111 ], [ -37.257291166596403, -9.7634670128766 ], [ -37.257327877664899, -9.763440499367469 ], [ -37.256492, -9.762714 ], [ -37.256428333478901, -9.762754522565089 ] ] ] ] } },
{ "type": "Feature", "properties": { "fid": 381.0, "LAT_GD": -9.59231, "LONG_GD": -37.032943, "IMG_ANTES": "01/2022", "IMG_DEPOIS": "01/2025", "BIOMA": "Caatinga", "COD_CAR": "AL-2704401-E0BA471B269A4CA6A1F662954677A9B7", "N_IMOVEL": "RIACHO DA MADEIRA", "NM_MUN": "Major Isidoro", "ORGAO": "-", "OPERACAO": "MANDACARU 2025", "PERIODO": "03/2025", "N_PROCESSO": "-", "DATA_AI": "-", "MOTIVO": "DESMATAMENTO", "AI": "2025.03043261239.AAF.AINF", "TE": "SERIE C - TALAO 031 - FOLHA 2043", "AI_APP": "-", "TE_APP": "-", "AI_RL": "-", "TE_RL": "-", "AREA_UTM": 30.09, "AREA_UC": 0.0, "AREA_TI": 0.0, "AREA_APP": 0.0, "AREA_RL": 0.0, "FORA_UC": 0.0, "FORA_TI": 0.0, "FORA_APP": 0.0, "FORA_RL": 0.0, "SITUACAO": "EMBARGADA" }, "geometry": { "type": "MultiPolygon", "coordinates": [ [ [ [ -37.033884864977999, -9.589234575396 ], [ -37.033825, -9.589149 ], [ -37.029397676093097, -9.59154893384768 ], [ -37.0291761087596, -9.59168525604314 ], [ -37.029607456289199, -9.591944064560879 ], [ -37.029718374225297, -9.59280675961999 ], [ -37.030264, -9.593218 ], [ -37.03036, -9.593556 ], [ -37.0304331787029, -9.59395291162712 ], [ -37.030781337780297, -9.5941500990692 ], [ -37.031409872752, -9.59448285287772 ], [ -37.032137001444703, -9.59539484479737 ], [ -37.032358837316998, -9.59497582148294 ], [ -37.032519052113699, -9.594199395929721 ], [ -37.0334310440333, -9.59447052866259 ], [ -37.033960985283898, -9.594236368575119 ], [ -37.034059579005003, -9.594766309825721 ], [ -37.036705473928698, -9.5932665631305 ], [ -37.035517530594603, -9.59156844038834 ], [ -37.033979, -9.589441 ], [ -37.033884864977999, -9.589234575396 ] ] ] ] } },
{ "type": "Feature", "properties": { "fid": 382.0, "LAT_GD": -9.75522, "LONG_GD": -37.274286, "IMG_ANTES": "05/2021", "IMG_DEPOIS": "08/2024", "BIOMA": "Caatinga", "COD_CAR": "AL-2706406-183346A8EAC5406BB2B44932E2F6942C", "N_IMOVEL": "ALTO LIMPO", "NM_MUN": "Pão de Açúcar", "ORGAO": "-", "OPERACAO": "MANDACARU 2025", "PERIODO": "03/2025", "N_PROCESSO": "-", "DATA_AI": "-", "MOTIVO": "DESMATAMENTO", "AI": "2025.01045182039.AAF.AINF", "TE": "SERIE C - TALAO 031 - FOLHA 2036", "AI_APP": "-", "TE_APP": "-", "AI_RL": "-", "TE_RL": "-", "AREA_UTM": 30.06, "AREA_UC": 0.0, "AREA_TI": 0.0, "AREA_APP": 0.0, "AREA_RL": 0.0, "FORA_UC": 0.0, "FORA_TI": 0.0, "FORA_APP": 0.0, "FORA_RL": 0.0, "SITUACAO": "EMBARGADA" }, "geometry": { "type": "MultiPolygon", "coordinates": [ [ [ [ -37.271661213537101, -9.755670427544491 ], [ -37.2717987277669, -9.75583151475511 ], [ -37.271991220481297, -9.756190438463459 ], [ -37.272036, -9.756261 ], [ -37.272487, -9.757065 ], [ -37.273217, -9.757953 ], [ -37.274033, -9.759032 ], [ -37.275407, -9.757572 ], [ -37.276501, -9.756325 ], [ -37.277618, -9.755183 ], [ -37.276652, -9.753998 ], [ -37.275278, -9.752582 ], [ -37.274247, -9.751567 ], [ -37.274157408240796, -9.751650818866541 ], [ -37.273332485144898, -9.752586653373729 ], [ -37.271754923824702, -9.75420428861419 ], [ -37.2713974963197, -9.754570796449521 ], [ -37.271028, -9.754992 ], [ -37.271386044379497, -9.7553587020795 ], [ -37.271416979944803, -9.755384326708549 ], [ -37.27145812869, -9.75543252929968 ], [ -37.271607, -9.755585 ], [ -37.271661213537101, -9.755670427544491 ] ] ] ] } },
{ "type": "Feature", "properties": { "fid": 383.0, "LAT_GD": -9.51802, "LONG_GD": -37.045972, "IMG_ANTES": "05/2021", "IMG_DEPOIS": "01/2025", "BIOMA": "Caatinga", "COD_CAR": "AL-2704401-9FD4710B39304FB08024255D473FBCFA", "N_IMOVEL": "SITIO LAGOA DA QUIXABA", "NM_MUN": "Major Isidoro", "ORGAO": "-", "OPERACAO": "MANDACARU 2025", "PERIODO": "03/2025", "N_PROCESSO": "-", "DATA_AI": "-", "MOTIVO": "DESMATAMENTO", "AI": "SERIE A - TALAO 0041 - FOLHA 2019", "TE": "SERIE C - TALAO 031 - FOLHA 2035", "AI_APP": "-", "TE_APP": "-", "AI_RL": "-", "TE_RL": "-", "AREA_UTM": 28.88, "AREA_UC": 0.0, "AREA_TI": 0.0, "AREA_APP": 0.0, "AREA_RL": 0.0, "FORA_UC": 0.0, "FORA_TI": 0.0, "FORA_APP": 0.0, "FORA_RL": 0.0, "SITUACAO": "EMBARGADA" }, "geometry": { "type": "MultiPolygon", "coordinates": [ [ [ [ -37.0441742537595, -9.519711441632101 ], [ -37.044241, -9.519961 ], [ -37.044347, -9.52154 ], [ -37.044358798456599, -9.521872568782729 ], [ -37.045809, -9.521741 ], [ -37.047383043403997, -9.521890304886901 ], [ -37.047387, -9.521862 ], [ -37.047371, -9.520792 ], [ -37.047448568676401, -9.520526130780031 ], [ -37.047516755717403, -9.517015258891441 ], [ -37.047516, -9.517009 ], [ -37.047465, -9.515366 ], [ -37.04752, -9.514733 ], [ -37.047532, -9.51443 ], [ -37.047526, -9.514085 ], [ -37.047591, -9.512913 ], [ -37.046350013894198, -9.51261284082924 ], [ -37.046312940717101, -9.513132191944029 ], [ -37.046311, -9.513313 ], [ -37.046282, -9.514067 ], [ -37.046228, -9.514638 ], [ -37.04617, -9.51592 ], [ -37.045588, -9.515908 ], [ -37.044655, -9.515855 ], [ -37.044071331241099, -9.515838691688501 ], [ -37.04409, -9.516554 ], [ -37.043857, -9.516919 ], [ -37.043876, -9.517283 ], [ -37.043963, -9.517906 ], [ -37.044079, -9.518405 ], [ -37.0441742537595, -9.519711441632101 ] ] ] ] } },
{ "type": "Feature", "properties": { "fid": 384.0, "LAT_GD": -9.72601, "LONG_GD": -37.054497, "IMG_ANTES": "01/2022", "IMG_DEPOIS": "01/2025", "BIOMA": "Caatinga", "COD_CAR": "AL-2700706-534DEC8DB2F244D3AC14636CB1860943", "N_IMOVEL": "FAZENDA SAO JOSE", "NM_MUN": "Batalha", "ORGAO": "-", "OPERACAO": "MANDACARU 2025", "PERIODO": "03/2025", "N_PROCESSO": "-", "DATA_AI": "-", "MOTIVO": "DESMATAMENTO", "AI": "2025.01045792999.AAF.AINF", "TE": "SÉRIE C TALÃO 0063 FOLHA 05473", "AI_APP": "-", "TE_APP": "-", "AI_RL": "-", "TE_RL": "-", "AREA_UTM": 18.13, "AREA_UC": 0.0, "AREA_TI": 0.0, "AREA_APP": 0.0, "AREA_RL": 0.0, "FORA_UC": 0.0, "FORA_TI": 0.0, "FORA_APP": 0.0, "FORA_RL": 0.0, "SITUACAO": "EMBARGADA" }, "geometry": { "type": "MultiPolygon", "coordinates": [ [ [ [ -37.055756940282002, -9.72571409400795 ], [ -37.055603141070101, -9.72502935283833 ], [ -37.055611326914303, -9.725084834646401 ], [ -37.0556722084604, -9.72549747585651 ], [ -37.054663, -9.725542 ], [ -37.052210473366003, -9.725913760456461 ], [ -37.050961619566102, -9.726308135340631 ], [ -37.050852070987197, -9.72735980169842 ], [ -37.051750369334499, -9.72779799601417 ], [ -37.052692487113298, -9.728148551466759 ], [ -37.053612695176398, -9.72819237089834 ], [ -37.055036826702597, -9.727995183456249 ], [ -37.056132312491897, -9.727929454308891 ], [ -37.0561761319235, -9.72742553084578 ], [ -37.056182765455702, -9.72742264672312 ], [ -37.055756940282002, -9.72571409400795 ] ] ], [ [ [ -37.0562983011624, -9.72439169155021 ], [ -37.057813266266102, -9.724498483011621 ], [ -37.057953636129803, -9.724083360770431 ], [ -37.058038457765399, -9.72306549740412 ], [ -37.0565924165235, -9.7220576504779 ], [ -37.055913215334101, -9.722254837919991 ], [ -37.055957034765598, -9.722868309962029 ], [ -37.056439048512999, -9.724270531772421 ], [ -37.055990650737002, -9.72421957781944 ], [ -37.0562983011624, -9.72439169155021 ] ] ] ] } },
{ "type": "Feature", "properties": { "fid": 385.0, "LAT_GD": -9.51292, "LONG_GD": -36.885263, "IMG_ANTES": "07/2021", "IMG_DEPOIS": "01/2025", "BIOMA": "Caatinga", "COD_CAR": "AL-2701209-9682563BB0CB44BAB288326F52339262", "N_IMOVEL": "FAZENDA NOVA REDENCAO", "NM_MUN": "Cacimbinhas", "ORGAO": "-", "OPERACAO": "MANDACARU 2025", "PERIODO": "03/2025", "N_PROCESSO": "-", "DATA_AI": "-", "MOTIVO": "DESMATAMENTO", "AI": "2025.01040007973.AAF.AINF", "TE": "SERIE C - TALAO 031 - FOLHA 2038", "AI_APP": "-", "TE_APP": "-", "AI_RL": "-", "TE_RL": "-", "AREA_UTM": 59.66, "AREA_UC": 0.0, "AREA_TI": 0.0, "AREA_APP": 0.0, "AREA_RL": 0.0, "FORA_UC": 0.0, "FORA_TI": 0.0, "FORA_APP": 0.0, "FORA_RL": 0.0, "SITUACAO": "EMBARGADA" }, "geometry": { "type": "MultiPolygon", "coordinates": [ [ [ [ -36.8898517114744, -9.51779413663342 ], [ -36.889844128009301, -9.517697379281239 ], [ -36.889293981907699, -9.51701130676256 ], [ -36.889081952844101, -9.516505860266699 ], [ -36.8888156226405, -9.514487142730269 ], [ -36.888205573991499, -9.514265306857929 ], [ -36.886555669690999, -9.514417819020171 ], [ -36.885280113424997, -9.514154388921749 ], [ -36.8838203459593, -9.51447750488436 ], [ -36.883824315512697, -9.51511105612126 ], [ -36.884999240971702, -9.51892245655216 ], [ -36.8898517114744, -9.51779413663342 ] ] ], [ [ [ -36.878509, -9.513417 ], [ -36.877121, -9.513445 ], [ -36.875751, -9.510245 ], [ -36.873989, -9.510424 ], [ -36.875396, -9.513527 ], [ -36.876538, -9.514715 ], [ -36.878823, -9.514608 ], [ -36.879576, -9.514143 ], [ -36.879302, -9.513584 ], [ -36.878993, -9.513537 ], [ -36.878509, -9.513417 ] ] ], [ [ [ -36.88816, -9.513 ], [ -36.888739, -9.513952 ], [ -36.890652, -9.513719 ], [ -36.890628, -9.51173 ], [ -36.891487, -9.511476 ], [ -36.891637, -9.510482 ], [ -36.891702, -9.509995 ], [ -36.890073, -9.509508 ], [ -36.888163, -9.508598 ], [ -36.88816, -9.513 ] ] ], [ [ [ -36.88518, -9.50626 ], [ -36.885266, -9.507286 ], [ -36.88591, -9.507328 ], [ -36.886768, -9.507699 ], [ -36.885824, -9.502651 ], [ -36.884569, -9.502916 ], [ -36.88518, -9.50626 ] ] ] ] } },
{ "type": "Feature", "properties": { "fid": 403.0, "LAT_GD": -9.53918, "LONG_GD": -36.19304, "IMG_ANTES": "04/2022", "IMG_DEPOIS": "04/2025", "BIOMA": "Mata Atlântica", "COD_CAR": "AL-2700409-8EB1DD530EFA484F8D34E889E4BD84CE", "N_IMOVEL": "PA SÃO LUIZ", "NM_MUN": "Atalaia", "ORGAO": "-", "OPERACAO": "MATA ATLÂNTICA", "PERIODO": "09/2025", "N_PROCESSO": "-", "DATA_AI": "-", "MOTIVO": "DESMATAMENTO", "AI": "2025.03100756998.AAF.AINF", "TE": "SERIE C - TALAO 0036 - FOLHA 01791", "AI_APP": "-", "TE_APP": "-", "AI_RL": "-", "TE_RL": "-", "AREA_UTM": 2.37, "AREA_UC": 0.0, "AREA_TI": 0.0, "AREA_APP": 0.0, "AREA_RL": 0.0, "FORA_UC": 0.0, "FORA_TI": 0.0, "FORA_APP": 0.0, "FORA_RL": 0.0, "SITUACAO": "EMBARGADA" }, "geometry": { "type": "MultiPolygon", "coordinates": [ [ [ [ -36.192375156220102, -9.53790906676883 ], [ -36.191510269650102, -9.537873027448461 ], [ -36.191668629162898, -9.53921849282565 ], [ -36.1917295366678, -9.53989122352325 ], [ -36.1930816832772, -9.539951288699561 ], [ -36.192850234758502, -9.54029966651345 ], [ -36.193520217312702, -9.54045583576273 ], [ -36.1942267443699, -9.540491874810099 ], [ -36.194446011387598, -9.53993927566515 ], [ -36.194663098920898, -9.539124122559 ], [ -36.194699085131703, -9.538907915880429 ], [ -36.192375156220102, -9.53790906676883 ] ] ] ] } },
{ "type": "Feature", "properties": { "fid": 404.0, "LAT_GD": -9.3582, "LONG_GD": -36.69119, "IMG_ANTES": "04/2022", "IMG_DEPOIS": "04/2025", "BIOMA": "Mata Atlântica", "COD_CAR": "AL-2706307-EE58509BC61441FCA82970FD5467EDC0", "N_IMOVEL": "POEIRAME", "NM_MUN": "Palmeira dos Índios", "ORGAO": "-", "OPERACAO": "MATA ATLÂNTICA", "PERIODO": "09/2025", "N_PROCESSO": "-", "DATA_AI": "-", "MOTIVO": "DESMATAMENTO", "AI": "2025.30092035766.AI.IMA", "TE": "2025.300920105.AI.TA", "AI_APP": "-", "TE_APP": "-", "AI_RL": "-", "TE_RL": "-", "AREA_UTM": 1.43, "AREA_UC": 0.0, "AREA_TI": 0.0, "AREA_APP": 0.0, "AREA_RL": 0.0, "FORA_UC": 0.0, "FORA_TI": 0.0, "FORA_APP": 0.0, "FORA_RL": 0.0, "SITUACAO": "EMBARGADA" }, "geometry": { "type": "MultiPolygon", "coordinates": [ [ [ [ -36.693275183845699, -9.362271436789619 ], [ -36.6931450775201, -9.361892151998831 ], [ -36.693139774774899, -9.361060052675869 ], [ -36.693118317102702, -9.36099567965951 ], [ -36.693118317102702, -9.36097467805155 ], [ -36.6929251980537, -9.36113898927174 ], [ -36.6929251980537, -9.36116734103646 ], [ -36.6929251980537, -9.3612102563807 ], [ -36.692908520564401, -9.36174043796661 ], [ -36.693096859430597, -9.362562089724211 ], [ -36.693118317102702, -9.36258354739633 ], [ -36.6933328938239, -9.362605005068451 ], [ -36.693375809168202, -9.362605005068451 ], [ -36.6933972668403, -9.362626462740559 ], [ -36.693526012873001, -9.36279812411752 ], [ -36.693526012873001, -9.36280763685299 ], [ -36.694181884836297, -9.36297910136684 ], [ -36.694191200708701, -9.362969785494469 ], [ -36.694148285364498, -9.362755208773279 ], [ -36.693275183845699, -9.362271436789619 ] ] ], [ [ [ -36.691926809198499, -9.35766163974014 ], [ -36.691370900352702, -9.356074454964521 ], [ -36.689431133316397, -9.35650626330467 ], [ -36.689845107988802, -9.357614957938379 ], [ -36.690105320640001, -9.35865362654569 ], [ -36.6903063940523, -9.359050420475381 ], [ -36.690977357252102, -9.35931660335882 ], [ -36.691138289793003, -9.359477535899719 ], [ -36.691486976964903, -9.359558002170161 ], [ -36.691835664136804, -9.359558002170161 ], [ -36.692211173398903, -9.35942389171942 ], [ -36.692211173398903, -9.35920931499823 ], [ -36.692050240858002, -9.35878016155584 ], [ -36.692482718044197, -9.35822182087232 ], [ -36.692364439566397, -9.35781335555256 ], [ -36.691926809198499, -9.35766163974014 ] ] ] ] } },
{ "type": "Feature", "properties": { "fid": 405.0, "LAT_GD": -10.22079, "LONG_GD": -36.39161, "IMG_ANTES": "05/2022", "IMG_DEPOIS": "06/2025", "BIOMA": "Mata Atlântica", "COD_CAR": "AL-2706703-1006DE512DB143B5AE439AAFB923B977", "N_IMOVEL": "PA NOVO HORIZONTE PONTE DOS DIAS", "NM_MUN": "Penedo", "ORGAO": "-", "OPERACAO": "MATA ATLÂNTICA", "PERIODO": "09/2025", "N_PROCESSO": "-", "DATA_AI": "-", "MOTIVO": "DESMATAMENTO", "AI": "2025.01101037353.AAF.AINF", "TE": "SERIE C - TALÃO 0063 - FOLHA 05479", "AI_APP": "-", "TE_APP": "-", "AI_RL": "-", "TE_RL": "-", "AREA_UTM": 1.31, "AREA_UC": 0.0, "AREA_TI": 0.0, "AREA_APP": 0.0, "AREA_RL": 0.0, "FORA_UC": 0.0, "FORA_TI": 0.0, "FORA_APP": 0.0, "FORA_RL": 0.0, "SITUACAO": "EMBARGADA" }, "geometry": { "type": "MultiPolygon", "coordinates": [ [ [ [ -36.388567272161801, -10.222879212897 ], [ -36.388223949407902, -10.223093789618201 ], [ -36.388073745702997, -10.222879212897 ], [ -36.388030830358801, -10.222621720831601 ], [ -36.388358639896097, -10.222425105762801 ], [ -36.387966457342401, -10.2221925673892 ], [ -36.387708965277, -10.2219994483401 ], [ -36.387494388555801, -10.221806329291001 ], [ -36.387322727178798, -10.221870702307401 ], [ -36.387601676916397, -10.2222140250613 ], [ -36.387923541998198, -10.222407144110401 ], [ -36.387816253637602, -10.222471517126699 ], [ -36.3876445922606, -10.2229221282412 ], [ -36.3876445922606, -10.2234156547 ], [ -36.387751880621202, -10.223995011847199 ], [ -36.388118134535503, -10.223718456527999 ], [ -36.388545814489603, -10.2236731467654 ], [ -36.388653102850199, -10.223694604437499 ], [ -36.3886985426265, -10.223502747604501 ], [ -36.388567272161801, -10.222879212897 ] ] ], [ [ [ -36.388481, -10.220927 ], [ -36.388439, -10.22142 ], [ -36.388491037023798, -10.2214879825382 ], [ -36.388705410685198, -10.2216395517808 ], [ -36.388950415844903, -10.221812778502001 ], [ -36.389232, -10.2218683691181 ], [ -36.389232, -10.221871 ], [ -36.389254, -10.221892 ], [ -36.389254, -10.221914 ], [ -36.389275, -10.221935 ], [ -36.389275, -10.221957 ], [ -36.389297, -10.221978 ], [ -36.389318, -10.221999 ], [ -36.38934, -10.222021 ], [ -36.38934, -10.222042 ], [ -36.389361, -10.222064 ], [ -36.389361, -10.222085 ], [ -36.389383, -10.222085 ], [ -36.389383, -10.222107 ], [ -36.389383, -10.222128 ], [ -36.389404, -10.222128 ], [ -36.389426, -10.22215 ], [ -36.389447, -10.22215 ], [ -36.389447, -10.222171 ], [ -36.389468, -10.222193 ], [ -36.389468, -10.222214 ], [ -36.389511, -10.222235 ], [ -36.389533, -10.222235 ], [ -36.389533, -10.222257 ], [ -36.389554, -10.222257 ], [ -36.389554, -10.222278 ], [ -36.389554, -10.2223 ], [ -36.389576, -10.2223 ], [ -36.389597, -10.2223 ], [ -36.389597, -10.222321 ], [ -36.389619, -10.222321 ], [ -36.38964, -10.222321 ], [ -36.38964, -10.222343 ], [ -36.389662, -10.222343 ], [ -36.389683, -10.222343 ], [ -36.389705, -10.222364 ], [ -36.389726, -10.222364 ], [ -36.389726, -10.222386 ], [ -36.389747, -10.222386 ], [ -36.389769, -10.222386 ], [ -36.389769, -10.222407 ], [ -36.38979, -10.222407 ], [ -36.389812, -10.222429 ], [ -36.389833, -10.22245 ], [ -36.389855, -10.22245 ], [ -36.389876, -10.222472 ], [ -36.389876, -10.222493 ], [ -36.389898, -10.222493 ], [ -36.389898, -10.222514 ], [ -36.389919, -10.222514 ], [ -36.389919, -10.222536 ], [ -36.389941, -10.222536 ], [ -36.389941, -10.222557 ], [ -36.389962, -10.222557 ], [ -36.389962, -10.222579 ], [ -36.389962, -10.2226 ], [ -36.389962, -10.222622 ], [ -36.389962, -10.222643 ], [ -36.389962, -10.222665 ], [ -36.389962, -10.222686 ], [ -36.389962, -10.222708 ], [ -36.389941, -10.222708 ], [ -36.389919, -10.222708 ], [ -36.389919, -10.222729 ], [ -36.389898, -10.222729 ], [ -36.389898, -10.22275 ], [ -36.389876, -10.22275 ], [ -36.389855, -10.22275 ], [ -36.389833, -10.22275 ], [ -36.389812, -10.22275 ], [ -36.38979, -10.22275 ], [ -36.389769, -10.22275 ], [ -36.389747, -10.22275 ], [ -36.389726, -10.22275 ], [ -36.389705, -10.22275 ], [ -36.389683, -10.22275 ], [ -36.389662, -10.22275 ], [ -36.38964, -10.22275 ], [ -36.389619, -10.22275 ], [ -36.389597, -10.22275 ], [ -36.389576, -10.22275 ], [ -36.389554, -10.22275 ], [ -36.389533, -10.22275 ], [ -36.389511, -10.22275 ], [ -36.38949, -10.22275 ], [ -36.389468, -10.22275 ], [ -36.389457044391101, -10.22275 ], [ -36.389715, -10.223087 ], [ -36.391657, -10.225626 ], [ -36.391958, -10.225583 ], [ -36.392258, -10.225325 ], [ -36.392451, -10.225089 ], [ -36.392365, -10.224896 ], [ -36.392237, -10.224875 ], [ -36.392043, -10.224896 ], [ -36.391893, -10.224918 ], [ -36.391807, -10.224939 ], [ -36.39155, -10.224896 ], [ -36.391486, -10.224832 ], [ -36.391314, -10.224574 ], [ -36.391314, -10.224381 ], [ -36.3914, -10.224231 ], [ -36.391571, -10.224081 ], [ -36.391540998297103, -10.2238709880797 ], [ -36.391414858879699, -10.2236473772943 ], [ -36.391594108780197, -10.223375513457199 ], [ -36.3916262279634, -10.2227727857784 ], [ -36.391700092291202, -10.222342771094 ], [ -36.391256138808103, -10.2223599680413 ], [ -36.39123725, -10.222315894 ], [ -36.39138098, -10.222181146 ], [ -36.391327081, -10.222046399 ], [ -36.391524711, -10.2219925 ], [ -36.39172234, -10.221094185 ], [ -36.392351161, -10.220591128 ], [ -36.392243363, -10.220159937 ], [ -36.392081666, -10.220016206 ], [ -36.391533694, -10.220016206 ], [ -36.391434879, -10.220429431 ], [ -36.391192334, -10.220501297 ], [ -36.391093519, -10.220132987 ], [ -36.391012671, -10.220141971 ], [ -36.390734193, -10.220573162 ], [ -36.39024012, -10.220761808 ], [ -36.390347918, -10.220923505 ], [ -36.390267069, -10.221219949 ], [ -36.390258086, -10.221714022 ], [ -36.3901195066056, -10.2214971017594 ], [ -36.389620788257602, -10.2207990252677 ], [ -36.389619, -10.220798 ], [ -36.389232, -10.22054 ], [ -36.389168, -10.220519 ], [ -36.388889, -10.220519 ], [ -36.38876, -10.220583 ], [ -36.388632, -10.220712 ], [ -36.388481, -10.220927 ] ] ], [ [ [ -36.393456132171202, -10.2211961559884 ], [ -36.393325834938103, -10.2209404849875 ], [ -36.393140179345998, -10.2209372453308 ], [ -36.393116298651002, -10.220862191717799 ], [ -36.3928588065856, -10.220797818701399 ], [ -36.392837348913403, -10.2209694800784 ], [ -36.392837348913403, -10.221248429815899 ], [ -36.392880264257698, -10.221484464209199 ], [ -36.392901721929803, -10.2216561255862 ], [ -36.392987552618301, -10.221935075323801 ], [ -36.393073383306699, -10.222342771094 ], [ -36.393191400503397, -10.2227290091922 ], [ -36.393193684856499, -10.2227423492553 ], [ -36.393244831262301, -10.2228957884727 ], [ -36.393390412210699, -10.223114159895299 ], [ -36.393815177944703, -10.223035776228601 ], [ -36.393994824390397, -10.2226573361006 ], [ -36.3937233982941, -10.221892182786 ], [ -36.393456132171202, -10.2211961559884 ] ] ], [ [ [ -36.390755954717903, -10.2143176017215 ], [ -36.390605751013098, -10.214167398016601 ], [ -36.390032438566202, -10.214320626715001 ], [ -36.3899991686691, -10.2139957986561 ], [ -36.3899191055053, -10.213545125525201 ], [ -36.389854732488899, -10.2135022101809 ], [ -36.389725986456199, -10.2135022101809 ], [ -36.389489952062902, -10.213716786902101 ], [ -36.389404121374398, -10.213759702246399 ], [ -36.388932052587798, -10.2138026175906 ], [ -36.389996266681699, -10.214829031025801 ], [ -36.3905189429545, -10.214490443890901 ], [ -36.390713039373701, -10.2144892630984 ], [ -36.390755954717903, -10.2143176017215 ] ] ], [ [ [ -36.402300182318001, -10.2102406440188 ], [ -36.4022358093017, -10.2098544059207 ], [ -36.401918578626002, -10.2098608797897 ], [ -36.401091559207003, -10.2103883018858 ], [ -36.401248756384199, -10.2105410514285 ], [ -36.401303276178297, -10.2106617796655 ], [ -36.400998933032099, -10.2108701435303 ], [ -36.401184383367799, -10.211098950903599 ], [ -36.401484790777502, -10.211098950903599 ], [ -36.4015062484496, -10.2110774932315 ], [ -36.401742282842903, -10.2109058318545 ], [ -36.4020426902526, -10.211270612280501 ], [ -36.4020426902526, -10.211313527624799 ], [ -36.402085605596803, -10.211313527624799 ], [ -36.402085605596803, -10.211270612280501 ], [ -36.4022358093017, -10.2110131202151 ], [ -36.402300182318001, -10.2102406440188 ] ] ] ] } },
{ "type": "Feature", "properties": { "fid": 406.0, "LAT_GD": -9.1476, "LONG_GD": -36.18143, "IMG_ANTES": "09/2021", "IMG_DEPOIS": "04/2025", "BIOMA": "Mata Atlântica", "COD_CAR": "AL-2708105-61C5918E4AF64105A22C5A2A97AAB88F", "N_IMOVEL": "FAZENDA SERRA DA BOA ESPERANCA", "NM_MUN": "Santana do Mundaú", "ORGAO": "-", "OPERACAO": "MATA ATLÂNTICA", "PERIODO": "09/2025", "N_PROCESSO": "-", "DATA_AI": "-", "MOTIVO": "DESMATAMENTO", "AI": "SERIE A - TALAO 0020 - FOLHA 00991", "TE": "SERIE C - TALAO 0036 - FOLHA 01789", "AI_APP": "-", "TE_APP": "-", "AI_RL": "-", "TE_RL": "-", "AREA_UTM": 4.68, "AREA_UC": 0.0, "AREA_TI": 0.0, "AREA_APP": 0.0, "AREA_RL": 0.0, "FORA_UC": 0.0, "FORA_TI": 0.0, "FORA_APP": 0.0, "FORA_RL": 0.0, "SITUACAO": "EMBARGADA" }, "geometry": { "type": "MultiPolygon", "coordinates": [ [ [ [ -36.181711441206801, -9.14850093718923 ], [ -36.182270806863301, -9.148059136686211 ], [ -36.182606426257202, -9.14759892724553 ], [ -36.182736944910303, -9.14724916767253 ], [ -36.182718299388398, -9.14691781618097 ], [ -36.182289452385199, -9.1466048728223 ], [ -36.181711441206801, -9.146347154555579 ], [ -36.181692795684903, -9.146549647495149 ], [ -36.181487694944202, -9.14691781618097 ], [ -36.181040202419098, -9.1471755340344 ], [ -36.180648646459602, -9.14656805593849 ], [ -36.180145217368803, -9.147838236228971 ], [ -36.1806672919815, -9.14877706222504 ], [ -36.181208012116002, -9.14864820390166 ], [ -36.181711441206801, -9.14850093718923 ] ] ] ] } },
{ "type": "Feature", "properties": { "fid": 407.0, "LAT_GD": -9.13548, "LONG_GD": -36.14152, "IMG_ANTES": "04/2022", "IMG_DEPOIS": "04/2025", "BIOMA": "Mata Atlântica", "COD_CAR": "-", "N_IMOVEL": "-", "NM_MUN": "Santana do Mundaú", "ORGAO": "-", "OPERACAO": "MATA ATLÂNTICA", "PERIODO": "09/2025", "N_PROCESSO": "-", "DATA_AI": "-", "MOTIVO": "DESMATAMENTO", "AI": "2025.09100818786.AAF.AINF", "TE": "2025.61038122.AI.TA", "AI_APP": "-", "TE_APP": "-", "AI_RL": "-", "TE_RL": "-", "AREA_UTM": 1.2, "AREA_UC": 0.0, "AREA_TI": 0.0, "AREA_APP": 0.0, "AREA_RL": 0.0, "FORA_UC": 0.0, "FORA_TI": 0.0, "FORA_APP": 0.0, "FORA_RL": 0.0, "SITUACAO": "EMBARGADA" }, "geometry": { "type": "MultiPolygon", "coordinates": [ [ [ [ -36.142033770642698, -9.13453793527604 ], [ -36.1402344777811, -9.13537554673869 ], [ -36.140215832259202, -9.13585418097613 ], [ -36.140103959127899, -9.136590540085839 ], [ -36.141185399397102, -9.136388041482389 ], [ -36.142471940406899, -9.13589099896776 ], [ -36.142863496366402, -9.13554122789364 ], [ -36.143143179194603, -9.135136229378849 ], [ -36.142900787410198, -9.13504418419766 ], [ -36.142360067275597, -9.1354307737989 ], [ -36.141959188555099, -9.13507179775451 ], [ -36.142509231450603, -9.13473123040372 ], [ -36.142621104581899, -9.13453793527604 ], [ -36.142872819127298, -9.134510321677819 ], [ -36.142947623160801, -9.134206724807051 ], [ -36.142788914278903, -9.13395804926388 ], [ -36.142555845255401, -9.13408691290369 ], [ -36.142033770642698, -9.13453793527604 ] ] ] ] } },
{ "type": "Feature", "properties": { "fid": 408.0, "LAT_GD": -9.73472, "LONG_GD": -36.19552, "IMG_ANTES": "04/2025", "IMG_DEPOIS": "08/2025", "BIOMA": "Mata Atlântica", "COD_CAR": "AL-2701001-4E7CE7120FD64F508B90C45FCB365C8A", "N_IMOVEL": "FAZENDA SANTA IZABEL", "NM_MUN": "São Miguel dos Campos", "ORGAO": "-", "OPERACAO": "MATA ATLÂNTICA", "PERIODO": "09/2025", "N_PROCESSO": "-", "DATA_AI": "-", "MOTIVO": "DESMATAMENTO", "AI": "2025.29095361033.AI.IMA", "TE": "2025.290953114.AI.TA", "AI_APP": "-", "TE_APP": "-", "AI_RL": "-", "TE_RL": "-", "AREA_UTM": 0.97, "AREA_UC": 0.0, "AREA_TI": 0.0, "AREA_APP": 0.0, "AREA_RL": 0.0, "FORA_UC": 0.0, "FORA_TI": 0.0, "FORA_APP": 0.0, "FORA_RL": 0.0, "SITUACAO": "EMBARGADA" }, "geometry": { "type": "MultiPolygon", "coordinates": [ [ [ [ -36.195159512306702, -9.734760692070459 ], [ -36.195130709000402, -9.735640736562109 ], [ -36.195428343165098, -9.736076026528689 ], [ -36.195418742063097, -9.736426150655269 ], [ -36.1956922216363, -9.73641849750706 ], [ -36.195735578432, -9.73578267900486 ], [ -36.195850791657101, -9.73557449673484 ], [ -36.195898797167501, -9.734826932059139 ], [ -36.195821988350801, -9.734618749193331 ], [ -36.195601163002699, -9.73450519484819 ], [ -36.1957163762278, -9.734173994454361 ], [ -36.1957643817383, -9.732924892871189 ], [ -36.195533955288099, -9.73282080086174 ], [ -36.195380337654697, -9.73281133795019 ], [ -36.195351534348397, -9.733606221586539 ], [ -36.195361135450497, -9.734107754336179 ], [ -36.195245922225503, -9.734240234559399 ], [ -36.195159512306702, -9.734760692070459 ] ] ] ] } },
{ "type": "Feature", "properties": { "fid": 409.0, "LAT_GD": -10.03097, "LONG_GD": -36.51594, "IMG_ANTES": "04/2022", "IMG_DEPOIS": "04/2025", "BIOMA": "Mata Atlântica", "COD_CAR": "AL-2708808-2BE024D9BFF24DF989A1151FFDD8A226", "N_IMOVEL": "FAZENDA SANTA MARIA", "NM_MUN": "São Sebastião", "ORGAO": "-", "OPERACAO": "MATA ATLÂNTICA", "PERIODO": "09/2025", "N_PROCESSO": "-", "DATA_AI": "-", "MOTIVO": "DESMATAMENTO", "AI": "2025.02100666579.AAF.AINF", "TE": "SERIE C - TALAO 0063 - FOLHA 05480", "AI_APP": "-", "TE_APP": "-", "AI_RL": "-", "TE_RL": "-", "AREA_UTM": 48.18, "AREA_UC": 0.0, "AREA_TI": 0.0, "AREA_APP": 0.0, "AREA_RL": 0.0, "FORA_UC": 0.0, "FORA_TI": 0.0, "FORA_APP": 0.0, "FORA_RL": 0.0, "SITUACAO": "EMBARGADA" }, "geometry": { "type": "MultiPolygon", "coordinates": [ [ [ [ -36.516473746428801, -10.034913600784501 ], [ -36.516853064632201, -10.034884868837 ], [ -36.5176700576855, -10.035129090309599 ], [ -36.517684646847201, -10.0343964253392 ], [ -36.517830538463897, -10.0339654451705 ], [ -36.517903484272203, -10.0337355888459 ], [ -36.518253624152301, -10.0335919285603 ], [ -36.518297391637297, -10.033850517028601 ], [ -36.518530818223901, -10.0340372752385 ], [ -36.518808012295601, -10.034094739281301 ], [ -36.519333222115698, -10.0340372752385 ], [ -36.519464524570701, -10.033864883048601 ], [ -36.519391578762303, -10.033520098393501 ], [ -36.519304043792303, -10.033117849165301 ], [ -36.519406167923997, -10.032902358301801 ], [ -36.5195520595407, -10.0326725012227 ], [ -36.519683361995703, -10.032457010062901 ], [ -36.520135626007402, -10.0321553221982 ], [ -36.520266928462398, -10.0316668745835 ], [ -36.520150215169103, -10.0313077214557 ], [ -36.519931377744101, -10.0311209616718 ], [ -36.519581237864003, -10.0308911033285 ], [ -36.517918073433897, -10.030575047840101 ], [ -36.517071902057197, -10.030819272562701 ], [ -36.516167374033799, -10.0316237762292 ], [ -36.5158026449921, -10.031868000161101 ], [ -36.5158026449921, -10.0320978578112 ], [ -36.5158026449921, -10.0326581351498 ], [ -36.515977714932099, -10.032959822546101 ], [ -36.5161819631954, -10.0336493926822 ], [ -36.516109017387102, -10.034382059342899 ], [ -36.516094428225401, -10.034870502862301 ], [ -36.516123606548803, -10.0350716264503 ], [ -36.516473746428801, -10.034913600784501 ] ] ], [ [ [ -36.516714467596302, -10.0301081471224 ], [ -36.517122964122997, -10.0295047667368 ], [ -36.517648173943002, -10.028987582654601 ], [ -36.518202562086401, -10.0282118049834 ], [ -36.518290097056401, -10.0281256073497 ], [ -36.518435988673097, -10.0280106771358 ], [ -36.519398873343199, -10.0279532120135 ], [ -36.518435988673097, -10.0267177094202 ], [ -36.518523523643097, -10.0264303825606 ], [ -36.518939314750597, -10.026574046022301 ], [ -36.519763602384899, -10.026976303376101 ], [ -36.519931377744001, -10.0267177094202 ], [ -36.5196395945107, -10.0264734816058 ], [ -36.519625005348999, -10.0259060103851 ], [ -36.519800075288998, -10.025431919742701 ], [ -36.519304043792303, -10.0254750189207 ], [ -36.5188955472656, -10.0255612172594 ], [ -36.518195267505597, -10.0260353077127 ], [ -36.5180493758889, -10.0261789713495 ], [ -36.517290739482199, -10.025532484482399 ], [ -36.517144847865502, -10.0260353077127 ], [ -36.516911421278799, -10.026911654906501 ], [ -36.516707173015497, -10.027170248707501 ], [ -36.516473746428801, -10.027242080282299 ], [ -36.516429978943798, -10.027270812907799 ], [ -36.516415389782097, -10.027558139022201 ], [ -36.516502924752103, -10.027845464881899 ], [ -36.516444568105399, -10.027989127716101 ], [ -36.516284087327101, -10.0281040579377 ], [ -36.5161819631954, -10.0282189881185 ], [ -36.516065249902098, -10.0283770170505 ], [ -36.515861001638697, -10.0284057495754 ], [ -36.515364970142002, -10.028319551993301 ], [ -36.515044008585299, -10.0282908194608 ], [ -36.514810581998603, -10.028448848357799 ], [ -36.5144020854719, -10.028477580876199 ], [ -36.514008178106899, -10.028477580876199 ], [ -36.513920643136899, -10.028549412161199 ], [ -36.513818519005198, -10.028879835866899 ], [ -36.513920643136899, -10.029152794326199 ], [ -36.513993588945198, -10.029440118771699 ], [ -36.513964410621902, -10.0295981471081 ], [ -36.5138476973286, -10.0296412457319 ], [ -36.513512146610204, -10.0295981471081 ], [ -36.513395433316902, -10.0295837808989 ], [ -36.513205774215201, -10.029813640169801 ], [ -36.5131765958918, -10.0300147668982 ], [ -36.513234952538497, -10.0301727949543 ], [ -36.513541324933499, -10.0306037801699 ], [ -36.513862286490202, -10.030819272562701 ], [ -36.514504209603601, -10.0309629340783 ], [ -36.5147668145136, -10.030991666373801 ], [ -36.515102365232003, -10.0310922293878 ], [ -36.515554629243702, -10.0309629340783 ], [ -36.5156129858904, -10.031077863244899 ], [ -36.515452505112002, -10.031164060092999 ], [ -36.515379559303703, -10.031365185982899 ], [ -36.515481683435397, -10.031580677869099 ], [ -36.515459799692898, -10.0316956068165 ], [ -36.515350380980401, -10.031796169612001 ], [ -36.515000241100303, -10.031508847256299 ], [ -36.514664690381998, -10.0313077214557 ], [ -36.5140373564303, -10.0312789891882 ], [ -36.513687216550203, -10.0314226504999 ], [ -36.513264130861899, -10.031149693953299 ], [ -36.512695153556798, -10.0307043433044 ], [ -36.512388781161803, -10.0304313861525 ], [ -36.512520083616799, -10.0300147668982 ], [ -36.511819803856703, -10.030043499277699 ], [ -36.511746858048397, -10.030057865466601 ], [ -36.511615555593401, -10.0302158935016 ], [ -36.511717679725102, -10.0304457523241 ], [ -36.5116885014017, -10.0309198356303 ], [ -36.511528020623402, -10.0311927923707 ], [ -36.511280004874997, -10.031480115006699 ], [ -36.511002810803298, -10.0316381423479 ], [ -36.510783973378302, -10.0316812407003 ], [ -36.510521368468297, -10.0318249018336 ], [ -36.510623492599997, -10.032054759514301 ], [ -36.511673912240099, -10.032744331577501 ], [ -36.511673912240099, -10.032931090425199 ], [ -36.511425896491701, -10.032931090425199 ], [ -36.511207059066699, -10.032931090425199 ], [ -36.511148702420002, -10.0330891170585 ], [ -36.5112216482284, -10.0334195361333 ], [ -36.511236237390001, -10.0336206606225 ], [ -36.511863571341799, -10.033749954871 ], [ -36.512490905293497, -10.034382059342899 ], [ -36.514606333735301, -10.0342671313488 ], [ -36.515044008585299, -10.0341665693206 ], [ -36.514620922897002, -10.033864883048601 ], [ -36.513614270741897, -10.0337930529424 ], [ -36.513074471760198, -10.033534464428101 ], [ -36.513132828406903, -10.0331609473208 ], [ -36.5138476973286, -10.0327299655078 ], [ -36.514547977088597, -10.032773063714901 ], [ -36.514898116968702, -10.032543206544 ], [ -36.515561923824599, -10.032650952113199 ], [ -36.515598396728699, -10.032241518759699 ], [ -36.515671342537097, -10.0317099729321 ], [ -36.516021482417102, -10.0313364537206 ], [ -36.516276792746297, -10.030883920252601 ], [ -36.516714467596302, -10.0301081471224 ] ] ] ] } },
{ "type": "Feature", "properties": { "fid": 410.0, "LAT_GD": -10.08827, "LONG_GD": -36.50432, "IMG_ANTES": "10/2021", "IMG_DEPOIS": "04/2025", "BIOMA": "Mata Atlântica", "COD_CAR": "AL-2703205-ECBF2FE54C524CA69E53AABC4C55B066", "N_IMOVEL": "SITIO CASTANHO GRANDE", "NM_MUN": "Igreja Nova", "ORGAO": "-", "OPERACAO": "MATA ATLÂNTICA", "PERIODO": "09/2025", "N_PROCESSO": "-", "DATA_AI": "-", "MOTIVO": "DESMATAMENTO", "AI": "2025.2103630759.AI.IMA", "TE": "2025.21036118.AI.TA", "AI_APP": "-", "TE_APP": "-", "AI_RL": "-", "TE_RL": "-", "AREA_UTM": 3.76, "AREA_UC": 0.0, "AREA_TI": 0.0, "AREA_APP": 0.0, "AREA_RL": 0.0, "FORA_UC": 0.0, "FORA_TI": 0.0, "FORA_APP": 0.0, "FORA_RL": 0.0, "SITUACAO": "EMBARGADA" }, "geometry": { "type": "MultiPolygon", "coordinates": [ [ [ [ -36.506432181684097, -10.0878912356598 ], [ -36.506070924526803, -10.087357726916499 ], [ -36.504500845343401, -10.087836516855001 ], [ -36.502972449678097, -10.0882605873489 ], [ -36.502110990303102, -10.0886709776179 ], [ -36.501888678206299, -10.0891087266616 ], [ -36.502500036472398, -10.0888624928977 ], [ -36.502764032087299, -10.089190804540999 ], [ -36.503403179365598, -10.0888624928977 ], [ -36.504334111270801, -10.088602579275999 ], [ -36.505542933297001, -10.0884521028728 ], [ -36.506432181684097, -10.0878912356598 ] ] ] ] } },
{ "type": "Feature", "properties": { "fid": 411.0, "LAT_GD": -9.56025, "LONG_GD": -36.20367, "IMG_ANTES": "04/2022", "IMG_DEPOIS": "08/2025", "BIOMA": "Mata Atlântica", "COD_CAR": "AL-2700409-1C308A19F85F43BAB20EFA902B58B17D", "N_IMOVEL": "PA OURICURI II", "NM_MUN": "Atalaia", "ORGAO": "-", "OPERACAO": "MATA ATLÂNTICA", "PERIODO": "09/2025", "N_PROCESSO": "-", "DATA_AI": "-", "MOTIVO": "DESMATAMENTO", "AI": "2025.03100940450.AAF.AINF", "TE": "SERIE C - TALAO 0036 - FOLHA 01790", "AI_APP": "-", "TE_APP": "-", "AI_RL": "-", "TE_RL": "-", "AREA_UTM": 0.91, "AREA_UC": 0.0, "AREA_TI": 0.0, "AREA_APP": 0.0, "AREA_RL": 0.0, "FORA_UC": 0.0, "FORA_TI": 0.0, "FORA_APP": 0.0, "FORA_RL": 0.0, "SITUACAO": "EMBARGADA" }, "geometry": { "type": "MultiPolygon", "coordinates": [ [ [ [ -36.204785, -9.561148 ], [ -36.204398, -9.560204 ], [ -36.204205, -9.56014 ], [ -36.204153551385097, -9.55993800913469 ], [ -36.203948, -9.559131 ], [ -36.203497, -9.559474 ], [ -36.202768, -9.560268 ], [ -36.20236, -9.560462 ], [ -36.202682, -9.560955 ], [ -36.203004, -9.560869 ], [ -36.203132, -9.560311 ], [ -36.203325, -9.560204 ], [ -36.20341, -9.560248 ], [ -36.203776, -9.56044 ], [ -36.204162, -9.560698 ], [ -36.204506, -9.561363 ], [ -36.204785, -9.561148 ] ] ] ] } },
{ "type": "Feature", "properties": { "fid": 412.0, "LAT_GD": -9.23076, "LONG_GD": -36.31918, "IMG_ANTES": "09/2021", "IMG_DEPOIS": "04/2025", "BIOMA": "Mata Atlântica", "COD_CAR": "AL-2701902-75166BCEA7864465A9A7B68BB3B75734", "N_IMOVEL": "FAZENDA MAROMBA", "NM_MUN": "Chã Preta", "ORGAO": "-", "OPERACAO": "MATA ATLÂNTICA", "PERIODO": "09/2025", "N_PROCESSO": "-", "DATA_AI": "-", "MOTIVO": "DESMATAMENTO", "AI": "2025.09100089375.AAF.AINF", "TE": "2025.7100102.AI.TA", "AI_APP": "-", "TE_APP": "-", "AI_RL": "-", "TE_RL": "-", "AREA_UTM": 4.0, "AREA_UC": 0.0, "AREA_TI": 0.0, "AREA_APP": 0.0, "AREA_RL": 0.0, "FORA_UC": 0.0, "FORA_TI": 0.0, "FORA_APP": 0.0, "FORA_RL": 0.0, "SITUACAO": "EMBARGADA" }, "geometry": { "type": "MultiPolygon", "coordinates": [ [ [ [ -36.320476076430502, -9.23344526633359 ], [ -36.319212842323097, -9.23170609088884 ], [ -36.319511170673202, -9.231779706954599 ], [ -36.3196043982826, -9.231761302939599 ], [ -36.319716271413903, -9.231650878829431 ], [ -36.319660334848201, -9.23157726273676 ], [ -36.319343360976198, -9.23146683856894 ], [ -36.319175551279301, -9.23139322243785 ], [ -36.319268778888699, -9.231319606291381 ], [ -36.319529816195001, -9.23128279821238 ], [ -36.3198094990233, -9.231245990129541 ], [ -36.320070536329602, -9.230877909089751 ], [ -36.320294282592201, -9.230749080635031 ], [ -36.319995954242103, -9.23014174585729 ], [ -36.319660334848201, -9.230031321239849 ], [ -36.319063678147998, -9.2298840883628 ], [ -36.318802640841703, -9.229755259544939 ], [ -36.318522958013403, -9.229000689809411 ], [ -36.318299211750897, -9.228908668999489 ], [ -36.3182059841414, -9.22958962242425 ], [ -36.318261920707101, -9.23034419089945 ], [ -36.318369132457903, -9.230749080635031 ], [ -36.318448375925897, -9.2309285202555 ], [ -36.318644153905701, -9.23108035370919 ], [ -36.318770011178401, -9.23142082848881 ], [ -36.319114953333198, -9.23179811096864 ], [ -36.319618382423997, -9.232387038910529 ], [ -36.319963324578801, -9.23316920731213 ], [ -36.320196393602302, -9.23356489184239 ], [ -36.320476076430502, -9.23344526633359 ] ] ] ] } },
{ "type": "Feature", "properties": { "fid": 413.0, "LAT_GD": -9.50414, "LONG_GD": -36.44787, "IMG_ANTES": "11/2024", "IMG_DEPOIS": "03/2025", "BIOMA": "Mata Atlântica", "COD_CAR": "AL-2709004-9CCE57B6EA824F2183F74A33293F7D05", "N_IMOVEL": "FAZ  SANTA FÉ", "NM_MUN": "Mar Vermelho", "ORGAO": "-", "OPERACAO": "MATA ATLÂNTICA", "PERIODO": "09/2025", "N_PROCESSO": "-", "DATA_AI": "-", "MOTIVO": "DESMATAMENTO", "AI": "2025.3101821657.AI.IMA", "TE": "2025.31018120.AI.TA", "AI_APP": "-", "TE_APP": "-", "AI_RL": "-", "TE_RL": "-", "AREA_UTM": 1.29, "AREA_UC": 0.0, "AREA_TI": 0.0, "AREA_APP": 0.0, "AREA_RL": 0.0, "FORA_UC": 0.0, "FORA_TI": 0.0, "FORA_APP": 0.0, "FORA_RL": 0.0, "SITUACAO": "EMBARGADA" }, "geometry": { "type": "MultiPolygon", "coordinates": [ [ [ [ -36.446873763300601, -9.506626626734541 ], [ -36.447271813624603, -9.506619616311211 ], [ -36.447210876090203, -9.506181174314181 ], [ -36.447189418418098, -9.50615971664206 ], [ -36.446631518943001, -9.50568764785544 ], [ -36.446481315238202, -9.50585930923239 ], [ -36.446553901433099, -9.506058781979609 ], [ -36.446539685350103, -9.506220021944101 ], [ -36.446198499358097, -9.506416313972229 ], [ -36.4464757129766, -9.50692807480174 ], [ -36.446767142678098, -9.50695611646891 ], [ -36.446930627632597, -9.506864981042209 ], [ -36.446873763300601, -9.506626626734541 ] ] ], [ [ [ -36.449382901950202, -9.50281994573305 ], [ -36.449311821535197, -9.502574578101759 ], [ -36.449034607916701, -9.50251849404706 ], [ -36.448949311418701, -9.502364262849239 ], [ -36.449183876788197, -9.5021539474675 ], [ -36.449142066580997, -9.502018385923069 ], [ -36.448935095335699, -9.50194363195653 ], [ -36.448643665634201, -9.501782389977279 ], [ -36.448283759696203, -9.50171962910356 ], [ -36.448053698189597, -9.50171929526908 ], [ -36.448060806231098, -9.501971674032131 ], [ -36.448069182974997, -9.502468997037569 ], [ -36.448295371600601, -9.502455399474529 ], [ -36.448476878745304, -9.5020613012673 ], [ -36.448627082450102, -9.50210421661154 ], [ -36.448586801302099, -9.50242034692921 ], [ -36.448764502339699, -9.5024834415082 ], [ -36.448728962132201, -9.503107376163131 ], [ -36.4493781009743, -9.503134184873259 ], [ -36.449390009991703, -9.503149439132651 ], [ -36.449382901950202, -9.50281994573305 ] ] ] ] } },
{ "type": "Feature", "properties": { "fid": 414.0, "LAT_GD": -9.230756, "LONG_GD": -36.319177, "IMG_ANTES": "09/2021", "IMG_DEPOIS": "04/2025", "BIOMA": "Mata Atlântica", "COD_CAR": "AL-2701902-75166BCEA7864465A9A7B68BB3B75734", "N_IMOVEL": "FAZENDA MAROMBA", "NM_MUN": "Chã Preta", "ORGAO": "-", "OPERACAO": "MATA ATLANTICA P1", "PERIODO": "09/2025", "N_PROCESSO": "-", "DATA_AI": "-", "MOTIVO": "DESMATAMENTO", "AI": "2025.09100089375.AAF.AINF", "TE": "2025.7100102.AI.TA", "AI_APP": "-", "TE_APP": "-", "AI_RL": "-", "TE_RL": "-", "AREA_UTM": 4.0, "AREA_UC": 0.0, "AREA_TI": 0.0, "AREA_APP": 0.0, "AREA_RL": 0.0, "FORA_UC": 0.0, "FORA_TI": 0.0, "FORA_APP": 0.0, "FORA_RL": 0.0, "SITUACAO": "EMBARGADA" }, "geometry": { "type": "MultiPolygon", "coordinates": [ [ [ [ -36.320476076430538, -9.233445266333586 ], [ -36.319212842323061, -9.231706090888837 ], [ -36.319511170673167, -9.231779706954601 ], [ -36.319604398282578, -9.231761302939603 ], [ -36.31971627141386, -9.231650878829431 ], [ -36.319660334848216, -9.231577262736762 ], [ -36.319343360976234, -9.231466838568943 ], [ -36.319175551279287, -9.231393222437848 ], [ -36.319268778888699, -9.231319606291377 ], [ -36.319529816195043, -9.231282798212378 ], [ -36.319809499023272, -9.231245990129539 ], [ -36.320070536329617, -9.230877909089747 ], [ -36.320294282592201, -9.230749080635029 ], [ -36.319995954242096, -9.230141745857294 ], [ -36.319660334848216, -9.230031321239849 ], [ -36.319063678148005, -9.229884088362798 ], [ -36.31880264084166, -9.229755259544939 ], [ -36.318522958013439, -9.229000689809407 ], [ -36.318299211750862, -9.228908668999489 ], [ -36.31820598414145, -9.229589622424248 ], [ -36.318261920707094, -9.230344190899448 ], [ -36.318369132457903, -9.230749080635029 ], [ -36.318448375925904, -9.230928520255505 ], [ -36.318644153905659, -9.231080353709185 ], [ -36.318770011178366, -9.231420828488808 ], [ -36.319114953333184, -9.231798110968638 ], [ -36.319618382423982, -9.232387038910529 ], [ -36.319963324578794, -9.23316920731213 ], [ -36.320196393602316, -9.233564891842395 ], [ -36.320476076430538, -9.233445266333586 ] ] ] ] } },
{ "type": "Feature", "properties": { "fid": 415.0, "LAT_GD": -9.504143, "LONG_GD": -36.447865, "IMG_ANTES": "11/2024", "IMG_DEPOIS": "03/2025", "BIOMA": "Mata Atlântica", "COD_CAR": "AL-2709004-9CCE57B6EA824F2183F74A33293F7D05", "N_IMOVEL": "FAZ  SANTA FE", "NM_MUN": "Mar Vermelho", "ORGAO": "-", "OPERACAO": "MATA ATLANTICA P1", "PERIODO": "09/2025", "N_PROCESSO": "-", "DATA_AI": "-", "MOTIVO": "DESMATAMENTO", "AI": "2025.3101821657.AI.IMA", "TE": "2025.31018120.AI.TA", "AI_APP": "-", "TE_APP": "-", "AI_RL": "-", "TE_RL": "-", "AREA_UTM": 2.08, "AREA_UC": 0.0, "AREA_TI": 0.0, "AREA_APP": 0.0, "AREA_RL": 0.0, "FORA_UC": 0.0, "FORA_TI": 0.0, "FORA_APP": 0.0, "FORA_RL": 0.0, "SITUACAO": "EMBARGADA" }, "geometry": { "type": "MultiPolygon", "coordinates": [ [ [ [ -36.446873763300594, -9.506626626734541 ], [ -36.447271813624603, -9.506619616311212 ], [ -36.447210876090224, -9.506181174314179 ], [ -36.447189418418105, -9.50615971664206 ], [ -36.446631518943008, -9.505687647855439 ], [ -36.446481315238174, -9.505859309232392 ], [ -36.446553901433077, -9.506058781979613 ], [ -36.446539685350075, -9.506220021944101 ], [ -36.446198499358069, -9.506416313972229 ], [ -36.446475712976572, -9.506928074801742 ], [ -36.446767142678084, -9.506956116468908 ], [ -36.44693062763259, -9.506864981042211 ], [ -36.446873763300594, -9.506626626734541 ] ] ], [ [ [ -36.449382901950173, -9.502819945733046 ], [ -36.449311821535169, -9.502574578101761 ], [ -36.449034607916666, -9.502518494047056 ], [ -36.448949311418666, -9.502364262849239 ], [ -36.449183876788169, -9.502153947467496 ], [ -36.449142066580954, -9.502018385923066 ], [ -36.448935095335663, -9.50194363195653 ], [ -36.448643665634151, -9.501782389977281 ], [ -36.448283759696189, -9.50171962910356 ], [ -36.448053698189625, -9.501719295269078 ], [ -36.448060806231133, -9.501971674032125 ], [ -36.448069182974997, -9.502468997037568 ], [ -36.448295371600636, -9.502455399474531 ], [ -36.448476878745261, -9.502061301267304 ], [ -36.448627082450095, -9.502104216611542 ], [ -36.448586801302149, -9.502420346929213 ], [ -36.448764502339657, -9.5024834415082 ], [ -36.448728962132151, -9.503107376163129 ], [ -36.449378100974265, -9.503134184873261 ], [ -36.449390009991674, -9.503149439132653 ], [ -36.449382901950173, -9.502819945733046 ] ] ] ] } },
{ "type": "Feature", "properties": { "fid": 416.0, "LAT_GD": -10.088275, "LONG_GD": -36.504317, "IMG_ANTES": "10/2021", "IMG_DEPOIS": "04/2025", "BIOMA": "Mata Atlântica", "COD_CAR": "AL-2703205-ECBF2FE54C524CA69E53AABC4C55B066", "N_IMOVEL": "SITIO CASTANHO GRANDE", "NM_MUN": "Igreja Nova", "ORGAO": "-", "OPERACAO": "MATA ATLANTICA P1", "PERIODO": "09/2025", "N_PROCESSO": "-", "DATA_AI": "-", "MOTIVO": "DESMATAMENTO", "AI": "2025.2103630759.AI.IMA", "TE": "2025.21036118.AI.TA", "AI_APP": "-", "TE_APP": "-", "AI_RL": "-", "TE_RL": "-", "AREA_UTM": 3.76, "AREA_UC": 0.0, "AREA_TI": 0.0, "AREA_APP": 0.0, "AREA_RL": 0.0, "FORA_UC": 0.0, "FORA_TI": 0.0, "FORA_APP": 0.0, "FORA_RL": 0.0, "SITUACAO": "EMBARGADA" }, "geometry": { "type": "MultiPolygon", "coordinates": [ [ [ [ -36.506432181684083, -10.087891235659765 ], [ -36.506070924526831, -10.087357726916457 ], [ -36.504500845343372, -10.087836516854969 ], [ -36.502972449678055, -10.088260587348941 ], [ -36.502110990303066, -10.08867097761785 ], [ -36.501888678206292, -10.089108726661564 ], [ -36.502500036472419, -10.088862492897697 ], [ -36.502764032087335, -10.08919080454101 ], [ -36.503403179365556, -10.088862492897697 ], [ -36.504334111270794, -10.088602579276019 ], [ -36.505542933296994, -10.088452102872845 ], [ -36.506432181684083, -10.087891235659765 ] ] ] ] } },
{ "type": "Feature", "properties": { "fid": 417.0, "LAT_GD": -9.560252, "LONG_GD": -36.20367, "IMG_ANTES": "04/2022", "IMG_DEPOIS": "08/2025", "BIOMA": "Mata Atlântica", "COD_CAR": "AL-2700409-1C308A19F85F43BAB20EFA902B58B17D", "N_IMOVEL": "PA OURICURI II", "NM_MUN": "Atalaia", "ORGAO": "-", "OPERACAO": "MATA ATLANTICA P1", "PERIODO": "09/2025", "N_PROCESSO": "-", "DATA_AI": "-", "MOTIVO": "DESMATAMENTO", "AI": "2025.03100940450.AAF.AINF", "TE": "SERIE C - TALAO 0036 - FOLHA 01790", "AI_APP": "-", "TE_APP": "-", "AI_RL": "-", "TE_RL": "-", "AREA_UTM": 2.16, "AREA_UC": 0.0, "AREA_TI": 0.0, "AREA_APP": 0.0, "AREA_RL": 0.0, "FORA_UC": 0.0, "FORA_TI": 0.0, "FORA_APP": 0.0, "FORA_RL": 0.0, "SITUACAO": "EMBARGADA" }, "geometry": { "type": "MultiPolygon", "coordinates": [ [ [ [ -36.204785, -9.561148 ], [ -36.204398, -9.560204 ], [ -36.204205, -9.56014 ], [ -36.204153551385147, -9.559938009134692 ], [ -36.203948, -9.559131 ], [ -36.203497, -9.559474 ], [ -36.202768, -9.560268 ], [ -36.20236, -9.560462 ], [ -36.202682, -9.560955 ], [ -36.203004, -9.560869 ], [ -36.203132, -9.560311 ], [ -36.203325, -9.560204 ], [ -36.20341, -9.560248 ], [ -36.203776, -9.56044 ], [ -36.204162, -9.560698 ], [ -36.204506, -9.561363 ], [ -36.204785, -9.561148 ] ] ] ] } },
{ "type": "Feature", "properties": { "fid": 418.0, "LAT_GD": -9.734719, "LONG_GD": -36.195516, "IMG_ANTES": "04/2025", "IMG_DEPOIS": "08/2025", "BIOMA": "Mata Atlântica", "COD_CAR": "AL-2701001-4E7CE7120FD64F508B90C45FCB365C8A", "N_IMOVEL": "FAZENDA SANTA IZABEL", "NM_MUN": "São Miguel dos Campos", "ORGAO": "-", "OPERACAO": "MATA ATLANTICA P1", "PERIODO": "09/2025", "N_PROCESSO": "-", "DATA_AI": "-", "MOTIVO": "DESMATAMENTO", "AI": "2025.29095361033.AI.IMA", "TE": "2025.290953114.AI.TA", "AI_APP": "-", "TE_APP": "-", "AI_RL": "-", "TE_RL": "-", "AREA_UTM": 2.11, "AREA_UC": 0.0, "AREA_TI": 0.0, "AREA_APP": 0.0, "AREA_RL": 0.0, "FORA_UC": 0.0, "FORA_TI": 0.0, "FORA_APP": 0.0, "FORA_RL": 0.0, "SITUACAO": "EMBARGADA" }, "geometry": { "type": "MultiPolygon", "coordinates": [ [ [ [ -36.195159512306653, -9.734760692070461 ], [ -36.195130709000388, -9.735640736562106 ], [ -36.19542834316514, -9.736076026528686 ], [ -36.195418742063055, -9.736426150655268 ], [ -36.195692221636335, -9.736418497507064 ], [ -36.195735578431993, -9.735782679004856 ], [ -36.195850791657051, -9.735574496734841 ], [ -36.195898797167494, -9.734826932059137 ], [ -36.195821988350787, -9.734618749193331 ], [ -36.195601163002735, -9.734505194848195 ], [ -36.195716376227807, -9.734173994454357 ], [ -36.19576438173825, -9.732924892871189 ], [ -36.19553395528812, -9.732820800861743 ], [ -36.195380337654697, -9.732811337950187 ], [ -36.195351534348433, -9.733606221586536 ], [ -36.195361135450518, -9.734107754336176 ], [ -36.195245922225453, -9.734240234559397 ], [ -36.195159512306653, -9.734760692070461 ] ] ] ] } },
{ "type": "Feature", "properties": { "fid": 419.0, "LAT_GD": -10.030966, "LONG_GD": -36.51594, "IMG_ANTES": "04/2022", "IMG_DEPOIS": "04/2025", "BIOMA": "Mata Atlântica", "COD_CAR": "AL-2708808-2BE024D9BFF24DF989A1151FFDD8A226", "N_IMOVEL": "FAZENDA SANTA MARIA", "NM_MUN": "São Sebastião", "ORGAO": "-", "OPERACAO": "MATA ATLANTICA P1", "PERIODO": "09/2025", "N_PROCESSO": "-", "DATA_AI": "-", "MOTIVO": "DESMATAMENTO", "AI": "2025.02100666579.AAF.AINF", "TE": "SERIE C - TALAO 0063 - FOLHA 05480", "AI_APP": "-", "TE_APP": "-", "AI_RL": "-", "TE_RL": "-", "AREA_UTM": 48.18, "AREA_UC": 0.0, "AREA_TI": 0.0, "AREA_APP": 0.0, "AREA_RL": 0.0, "FORA_UC": 0.0, "FORA_TI": 0.0, "FORA_APP": 0.0, "FORA_RL": 0.0, "SITUACAO": "EMBARGADA" }, "geometry": { "type": "MultiPolygon", "coordinates": [ [ [ [ -36.516473746428787, -10.03491360078454 ], [ -36.516853064632151, -10.034884868837025 ], [ -36.51767005768555, -10.035129090309608 ], [ -36.517684646847215, -10.034396425339239 ], [ -36.51783053846389, -10.033965445170491 ], [ -36.517903484272232, -10.03373558884595 ], [ -36.518253624152258, -10.033591928560258 ], [ -36.518297391637262, -10.033850517028615 ], [ -36.518530818223944, -10.034037275238452 ], [ -36.518808012295636, -10.034094739281347 ], [ -36.519333222115677, -10.034037275238452 ], [ -36.519464524570679, -10.033864883048581 ], [ -36.519391578762345, -10.033520098393515 ], [ -36.519304043792346, -10.033117849165306 ], [ -36.519406167924025, -10.032902358301813 ], [ -36.519552059540693, -10.032672501222706 ], [ -36.51968336199571, -10.032457010062881 ], [ -36.520135626007402, -10.032155322198244 ], [ -36.520266928462412, -10.031666874583511 ], [ -36.520150215169082, -10.031307721455672 ], [ -36.519931377744051, -10.031120961671812 ], [ -36.519581237864038, -10.030891103328475 ], [ -36.51791807343389, -10.030575047840053 ], [ -36.517071902057154, -10.030819272562733 ], [ -36.516167374033763, -10.031623776229194 ], [ -36.515802644992057, -10.03186800016114 ], [ -36.515802644992057, -10.03209785781122 ], [ -36.515802644992057, -10.032658135149845 ], [ -36.51597771493207, -10.032959822546099 ], [ -36.516181963195422, -10.033649392682182 ], [ -36.516109017387087, -10.034382059342855 ], [ -36.516094428225415, -10.03487050286231 ], [ -36.51612360654876, -10.03507162645028 ], [ -36.516473746428787, -10.03491360078454 ] ] ], [ [ [ -36.516714467596287, -10.030108147122444 ], [ -36.51712296412299, -10.029504766736785 ], [ -36.51764817394303, -10.028987582654624 ], [ -36.518202562086408, -10.028211804983401 ], [ -36.518290097056422, -10.028125607349716 ], [ -36.51843598867309, -10.028010677135798 ], [ -36.519398873343171, -10.02795321201355 ], [ -36.51843598867309, -10.026717709420241 ], [ -36.51852352364309, -10.026430382560616 ], [ -36.518939314750625, -10.026574046022276 ], [ -36.519763602384856, -10.026976303376086 ], [ -36.519931377744044, -10.026717709420241 ], [ -36.519639594510686, -10.026473481605805 ], [ -36.519625005349013, -10.025906010385105 ], [ -36.519800075289041, -10.025431919742683 ], [ -36.519304043792332, -10.025475018920655 ], [ -36.518895547265629, -10.025561217259396 ], [ -36.518195267505583, -10.02603530771267 ], [ -36.5180493758889, -10.026178971349468 ], [ -36.517290739482178, -10.025532484482364 ], [ -36.517144847865495, -10.02603530771267 ], [ -36.516911421278813, -10.026911654906471 ], [ -36.516707173015462, -10.027170248707542 ], [ -36.51647374642878, -10.027242080282326 ], [ -36.516429978943776, -10.027270812907785 ], [ -36.516415389782097, -10.027558139022217 ], [ -36.516502924752118, -10.027845464881869 ], [ -36.516444568105442, -10.027989127716149 ], [ -36.516284087327094, -10.028104057937712 ], [ -36.516181963195422, -10.028218988118505 ], [ -36.51606524990207, -10.028377017050536 ], [ -36.515861001638726, -10.028405749575354 ], [ -36.515364970142024, -10.028319551993263 ], [ -36.515044008585321, -10.028290819460802 ], [ -36.514810581998645, -10.028448848357796 ], [ -36.514402085471943, -10.028477580876238 ], [ -36.514008178106913, -10.028477580876238 ], [ -36.513920643136906, -10.028549412161203 ], [ -36.513818519005234, -10.028879835866924 ], [ -36.513920643136906, -10.029152794326169 ], [ -36.513993588945247, -10.029440118771667 ], [ -36.513964410621902, -10.029598147108068 ], [ -36.513847697328565, -10.029641245731888 ], [ -36.513512146610211, -10.029598147108068 ], [ -36.513395433316866, -10.029583780898852 ], [ -36.51320577421518, -10.02981364016984 ], [ -36.513176595891849, -10.030014766898171 ], [ -36.513234952538518, -10.030172794954252 ], [ -36.513541324933541, -10.030603780169928 ], [ -36.51386228649023, -10.030819272562733 ], [ -36.514504209603615, -10.030962934078291 ], [ -36.514766814513642, -10.03099166637376 ], [ -36.515102365232003, -10.03109222938782 ], [ -36.515554629243709, -10.030962934078291 ], [ -36.515612985890378, -10.031077863244866 ], [ -36.51545250511203, -10.031164060093033 ], [ -36.515379559303689, -10.031365185982894 ], [ -36.515481683435361, -10.031580677869149 ], [ -36.515459799692877, -10.031695606816534 ], [ -36.515350380980358, -10.03179616961204 ], [ -36.515000241100331, -10.031508847256324 ], [ -36.514664690381963, -10.031307721455672 ], [ -36.514037356430251, -10.031278989188243 ], [ -36.513687216550217, -10.031422650499911 ], [ -36.513264130861856, -10.031149693953267 ], [ -36.512695153556812, -10.030704343304409 ], [ -36.512388781161782, -10.030431386152467 ], [ -36.512520083616799, -10.030014766898171 ], [ -36.511819803856739, -10.030043499277729 ], [ -36.511746858048397, -10.030057865466564 ], [ -36.511615555593394, -10.030215893501623 ], [ -36.511717679725066, -10.030445752324091 ], [ -36.511688501401729, -10.030919835630314 ], [ -36.511528020623381, -10.031192792370659 ], [ -36.511280004875033, -10.031480115006737 ], [ -36.51100281080334, -10.031638142347935 ], [ -36.510783973378324, -10.031681240700337 ], [ -36.510521368468304, -10.031824901833593 ], [ -36.510623492599976, -10.032054759514256 ], [ -36.511673912240056, -10.032744331577456 ], [ -36.511673912240056, -10.032931090425233 ], [ -36.511425896491701, -10.032931090425233 ], [ -36.511207059066685, -10.032931090425233 ], [ -36.511148702420023, -10.033089117058465 ], [ -36.51122164822835, -10.033419536133309 ], [ -36.511236237390008, -10.033620660622502 ], [ -36.511863571341763, -10.033749954871016 ], [ -36.512490905293475, -10.034382059342855 ], [ -36.514606333735316, -10.034267131348846 ], [ -36.515044008585349, -10.034166569320623 ], [ -36.514620922896981, -10.033864883048581 ], [ -36.513614270741904, -10.033793052942382 ], [ -36.513074471760191, -10.033534464428142 ], [ -36.51313282840686, -10.033160947320802 ], [ -36.513847697328586, -10.032729965507778 ], [ -36.514547977088647, -10.032773063714892 ], [ -36.514898116968666, -10.032543206544025 ], [ -36.515561923824556, -10.032650952113181 ], [ -36.515598396728713, -10.03224151875968 ], [ -36.515671342537054, -10.03170997293209 ], [ -36.516021482417088, -10.031336453720561 ], [ -36.516276792746254, -10.03088392025262 ], [ -36.516714467596287, -10.030108147122444 ] ] ] ] } },
{ "type": "Feature", "properties": { "fid": 420.0, "LAT_GD": -9.147602, "LONG_GD": -36.181431, "IMG_ANTES": "09/2021", "IMG_DEPOIS": "04/2025", "BIOMA": "Mata Atlântica", "COD_CAR": "AL-2708105-61C5918E4AF64105A22C5A2A97AAB88F", "N_IMOVEL": "FAZENDA SERRA DA BOA ESPERANCA", "NM_MUN": "Santana do Mundaú", "ORGAO": "-", "OPERACAO": "MATA ATLANTICA P1", "PERIODO": "09/2025", "N_PROCESSO": "-", "DATA_AI": "-", "MOTIVO": "DESMATAMENTO", "AI": "SERIE A - TALAO 0020 - FOLHA 00991", "TE": "SERIE C - TALAO 0036 - FOLHA 01789", "AI_APP": "-", "TE_APP": "-", "AI_RL": "-", "TE_RL": "-", "AREA_UTM": 4.68, "AREA_UC": 0.0, "AREA_TI": 0.0, "AREA_APP": 0.0, "AREA_RL": 0.0, "FORA_UC": 0.0, "FORA_TI": 0.0, "FORA_APP": 0.0, "FORA_RL": 0.0, "SITUACAO": "EMBARGADA" }, "geometry": { "type": "MultiPolygon", "coordinates": [ [ [ [ -36.181711441206822, -9.148500937189235 ], [ -36.182270806863279, -9.148059136686209 ], [ -36.182606426257152, -9.14759892724553 ], [ -36.182736944910317, -9.147249167672525 ], [ -36.182718299388434, -9.146917816180972 ], [ -36.182289452385156, -9.146604872822303 ], [ -36.181711441206822, -9.146347154555581 ], [ -36.181692795684938, -9.146549647495149 ], [ -36.181487694944245, -9.146917816180972 ], [ -36.181040202419076, -9.147175534034398 ], [ -36.180648646459574, -9.146568055938486 ], [ -36.180145217368768, -9.147838236228969 ], [ -36.18066729198145, -9.148777062225037 ], [ -36.181208012116024, -9.148648203901665 ], [ -36.181711441206822, -9.148500937189235 ] ] ] ] } },
{ "type": "Feature", "properties": { "fid": 421.0, "LAT_GD": -9.135484, "LONG_GD": -36.141524, "IMG_ANTES": "04/2022", "IMG_DEPOIS": "04/2025", "BIOMA": "Mata Atlântica", "COD_CAR": "-", "N_IMOVEL": null, "NM_MUN": "Santana do Mundaú", "ORGAO": "-", "OPERACAO": "MATA ATLANTICA P1", "PERIODO": "09/2025", "N_PROCESSO": "-", "DATA_AI": "-", "MOTIVO": "DESMATAMENTO", "AI": "2025.09100818786.AAF.AINF", "TE": "2025.61038122.AI.TA", "AI_APP": "-", "TE_APP": "-", "AI_RL": "-", "TE_RL": "-", "AREA_UTM": 4.38, "AREA_UC": 0.0, "AREA_TI": 0.0, "AREA_APP": 0.0, "AREA_RL": 0.0, "FORA_UC": 0.0, "FORA_TI": 0.0, "FORA_APP": 0.0, "FORA_RL": 0.0, "SITUACAO": "EMBARGADA" }, "geometry": { "type": "MultiPolygon", "coordinates": [ [ [ [ -36.142033770642662, -9.134537935276043 ], [ -36.140234477781092, -9.13537554673869 ], [ -36.140215832259209, -9.13585418097613 ], [ -36.14010395912792, -9.136590540085839 ], [ -36.141185399397052, -9.136388041482389 ], [ -36.142471940406892, -9.135890998967762 ], [ -36.142863496366402, -9.135541227893643 ], [ -36.143143179194624, -9.135136229378853 ], [ -36.14290078741017, -9.135044184197655 ], [ -36.142360067275597, -9.1354307737989 ], [ -36.141959188555141, -9.135071797754511 ], [ -36.142509231450646, -9.134731230403721 ], [ -36.142621104581941, -9.134537935276043 ], [ -36.142872819127341, -9.134510321677816 ], [ -36.142947623160836, -9.134206724807047 ], [ -36.142788914278874, -9.133958049263882 ], [ -36.142555845255359, -9.134086912903689 ], [ -36.142033770642662, -9.134537935276043 ] ] ] ] } },
{ "type": "Feature", "properties": { "fid": 422.0, "LAT_GD": -9.358199, "LONG_GD": -36.691193, "IMG_ANTES": "04/2022", "IMG_DEPOIS": "04/2025", "BIOMA": "Mata Atlântica", "COD_CAR": "AL-2706307-EE58509BC61441FCA82970FD5467EDC0", "N_IMOVEL": "POEIRAME", "NM_MUN": "Palmeira dos Índios", "ORGAO": "-", "OPERACAO": "MATA ATLANTICA P1", "PERIODO": "09/2025", "N_PROCESSO": "-", "DATA_AI": "-", "MOTIVO": "DESMATAMENTO", "AI": "2025.30092035766.AI.IMA", "TE": "2025.300920105.AI.TA", "AI_APP": "-", "TE_APP": "-", "AI_RL": "-", "TE_RL": "-", "AREA_UTM": 8.75, "AREA_UC": 0.0, "AREA_TI": 0.0, "AREA_APP": 0.0, "AREA_RL": 0.0, "FORA_UC": 0.0, "FORA_TI": 0.0, "FORA_APP": 0.0, "FORA_RL": 0.0, "SITUACAO": "EMBARGADA" }, "geometry": { "type": "MultiPolygon", "coordinates": [ [ [ [ -36.693275183845678, -9.362271436789623 ], [ -36.693145077520072, -9.361892151998829 ], [ -36.693139774774863, -9.361060052675867 ], [ -36.693118317102744, -9.36099567965951 ], [ -36.693118317102744, -9.360974678051548 ], [ -36.692925198053672, -9.361138989271735 ], [ -36.692925198053672, -9.361167341036463 ], [ -36.692925198053672, -9.361210256380701 ], [ -36.692908520564423, -9.361740437966608 ], [ -36.693096859430625, -9.362562089724207 ], [ -36.693118317102744, -9.362583547396326 ], [ -36.693332893823936, -9.362605005068446 ], [ -36.693375809168174, -9.362605005068446 ], [ -36.693397266840293, -9.362626462740565 ], [ -36.693526012873008, -9.362798124117518 ], [ -36.693526012873008, -9.36280763685299 ], [ -36.694181884836325, -9.362979101366845 ], [ -36.694191200708701, -9.362969785494471 ], [ -36.694148285364463, -9.362755208773279 ], [ -36.693275183845678, -9.362271436789623 ] ] ], [ [ [ -36.691926809198478, -9.35766163974014 ], [ -36.691370900352709, -9.356074454964515 ], [ -36.689431133316404, -9.356506263304674 ], [ -36.689845107988788, -9.357614957938384 ], [ -36.690105320639994, -9.35865362654569 ], [ -36.6903063940523, -9.359050420475381 ], [ -36.690977357252059, -9.359316603358822 ], [ -36.691138289792953, -9.359477535899716 ], [ -36.691486976964889, -9.359558002170163 ], [ -36.691835664136825, -9.359558002170163 ], [ -36.69221117339891, -9.359423891719418 ], [ -36.69221117339891, -9.359209314998227 ], [ -36.692050240858016, -9.358780161555844 ], [ -36.692482718044246, -9.358221820872322 ], [ -36.692364439566425, -9.357813355552556 ], [ -36.691926809198478, -9.35766163974014 ] ] ] ] } },
{ "type": "Feature", "properties": { "fid": 423.0, "LAT_GD": -10.220793, "LONG_GD": -36.39161, "IMG_ANTES": "05/2022", "IMG_DEPOIS": "06/2025", "BIOMA": "Mata Atlântica", "COD_CAR": "AL-2706703-1006DE512DB143B5AE439AAFB923B977", "N_IMOVEL": "PA NOVO HORIZONTE PONTE DOS DIAS", "NM_MUN": "Penedo", "ORGAO": "-", "OPERACAO": "MATA ATLANTICA P1", "PERIODO": "09/2025", "N_PROCESSO": "-", "DATA_AI": "-", "MOTIVO": "DESMATAMENTO", "AI": "2025.01101037353.AAF.AINF", "TE": "SERIE C - TALAO 0063 - FOLHA 05479", "AI_APP": "-", "TE_APP": "-", "AI_RL": "-", "TE_RL": "-", "AREA_UTM": 16.96, "AREA_UC": 0.0, "AREA_TI": 0.0, "AREA_APP": 0.0, "AREA_RL": 0.0, "FORA_UC": 0.0, "FORA_TI": 0.0, "FORA_APP": 0.0, "FORA_RL": 0.0, "SITUACAO": "EMBARGADA" }, "geometry": { "type": "MultiPolygon", "coordinates": [ [ [ [ -36.388567272161758, -10.222879212897 ], [ -36.388223949407859, -10.22309378961819 ], [ -36.388073745703018, -10.222879212897 ], [ -36.38803083035878, -10.222621720831571 ], [ -36.388358639896069, -10.222425105762753 ], [ -36.387966457342429, -10.22219256738919 ], [ -36.387708965277, -10.221999448340121 ], [ -36.387494388555808, -10.22180632929104 ], [ -36.387322727178848, -10.221870702307401 ], [ -36.387601676916397, -10.22221402506131 ], [ -36.387923541998191, -10.222407144110379 ], [ -36.387816253637588, -10.22247151712674 ], [ -36.387644592260642, -10.22292212824124 ], [ -36.387644592260642, -10.223415654699981 ], [ -36.387751880621238, -10.223995011847199 ], [ -36.388118134535468, -10.223718456527999 ], [ -36.388545814489639, -10.22367314676541 ], [ -36.388653102850242, -10.223694604437529 ], [ -36.388698542626493, -10.22350274760446 ], [ -36.388567272161758, -10.222879212897 ] ] ], [ [ [ -36.388481, -10.220927 ], [ -36.388439, -10.22142 ], [ -36.38849103702384, -10.221487982538203 ], [ -36.388705410685219, -10.221639551780786 ], [ -36.38895041584491, -10.221812778502033 ], [ -36.389232, -10.22186836911812 ], [ -36.389232, -10.221871 ], [ -36.389254, -10.221892 ], [ -36.389254, -10.221914 ], [ -36.389275, -10.221935 ], [ -36.389275, -10.221957 ], [ -36.389297, -10.221978 ], [ -36.389318, -10.221999 ], [ -36.38934, -10.222021 ], [ -36.38934, -10.222042 ], [ -36.389361, -10.222064 ], [ -36.389361, -10.222085 ], [ -36.389383, -10.222085 ], [ -36.389383, -10.222107 ], [ -36.389383, -10.222128 ], [ -36.389404, -10.222128 ], [ -36.389426, -10.22215 ], [ -36.389447, -10.22215 ], [ -36.389447, -10.222171 ], [ -36.389468, -10.222193 ], [ -36.389468, -10.222214 ], [ -36.389511, -10.222235 ], [ -36.389533, -10.222235 ], [ -36.389533, -10.222257 ], [ -36.389554, -10.222257 ], [ -36.389554, -10.222278 ], [ -36.389554, -10.2223 ], [ -36.389576, -10.2223 ], [ -36.389597, -10.2223 ], [ -36.389597, -10.222321 ], [ -36.389619, -10.222321 ], [ -36.38964, -10.222321 ], [ -36.38964, -10.222343 ], [ -36.389662, -10.222343 ], [ -36.389683, -10.222343 ], [ -36.389705, -10.222364 ], [ -36.389726, -10.222364 ], [ -36.389726, -10.222386 ], [ -36.389747, -10.222386 ], [ -36.389769, -10.222386 ], [ -36.389769, -10.222407 ], [ -36.38979, -10.222407 ], [ -36.389812, -10.222429 ], [ -36.389833, -10.22245 ], [ -36.389855, -10.22245 ], [ -36.389876, -10.222472 ], [ -36.389876, -10.222493 ], [ -36.389898, -10.222493 ], [ -36.389898, -10.222514 ], [ -36.389919, -10.222514 ], [ -36.389919, -10.222536 ], [ -36.389941, -10.222536 ], [ -36.389941, -10.222557 ], [ -36.389962, -10.222557 ], [ -36.389962, -10.222579 ], [ -36.389962, -10.2226 ], [ -36.389962, -10.222622 ], [ -36.389962, -10.222643 ], [ -36.389962, -10.222665 ], [ -36.389962, -10.222686 ], [ -36.389962, -10.222708 ], [ -36.389941, -10.222708 ], [ -36.389919, -10.222708 ], [ -36.389919, -10.222729 ], [ -36.389898, -10.222729 ], [ -36.389898, -10.22275 ], [ -36.389876, -10.22275 ], [ -36.389855, -10.22275 ], [ -36.389833, -10.22275 ], [ -36.389812, -10.22275 ], [ -36.38979, -10.22275 ], [ -36.389769, -10.22275 ], [ -36.389747, -10.22275 ], [ -36.389726, -10.22275 ], [ -36.389705, -10.22275 ], [ -36.389683, -10.22275 ], [ -36.389662, -10.22275 ], [ -36.38964, -10.22275 ], [ -36.389619, -10.22275 ], [ -36.389597, -10.22275 ], [ -36.389576, -10.22275 ], [ -36.389554, -10.22275 ], [ -36.389533, -10.22275 ], [ -36.389511, -10.22275 ], [ -36.38949, -10.22275 ], [ -36.389468, -10.22275 ], [ -36.389457044391122, -10.22275 ], [ -36.389715, -10.223087 ], [ -36.391657, -10.225626 ], [ -36.391958, -10.225583 ], [ -36.392258, -10.225325 ], [ -36.392451, -10.225089 ], [ -36.392365, -10.224896 ], [ -36.392237, -10.224875 ], [ -36.392043, -10.224896 ], [ -36.391893, -10.224918 ], [ -36.391807, -10.224939 ], [ -36.39155, -10.224896 ], [ -36.391486, -10.224832 ], [ -36.391314, -10.224574 ], [ -36.391314, -10.224381 ], [ -36.3914, -10.224231 ], [ -36.391571, -10.224081 ], [ -36.391540998297103, -10.223870988079705 ], [ -36.391414858879699, -10.223647377294309 ], [ -36.391594108780204, -10.223375513457157 ], [ -36.391626227963386, -10.222772785778391 ], [ -36.39170009229116, -10.222342771094024 ], [ -36.391256138808082, -10.222359968041278 ], [ -36.39123725, -10.222315894 ], [ -36.39138098, -10.222181146 ], [ -36.391327081, -10.222046399 ], [ -36.391524711, -10.2219925 ], [ -36.39172234, -10.221094185 ], [ -36.392351161, -10.220591128 ], [ -36.392243363, -10.220159937 ], [ -36.392081666, -10.220016206 ], [ -36.391533694, -10.220016206 ], [ -36.391434879, -10.220429431 ], [ -36.391192334, -10.220501297 ], [ -36.391093519, -10.220132987 ], [ -36.391012671, -10.220141971 ], [ -36.390734193, -10.220573162 ], [ -36.39024012, -10.220761808 ], [ -36.390347918, -10.220923505 ], [ -36.390267069, -10.221219949 ], [ -36.390258086, -10.221714022 ], [ -36.390119506605629, -10.221497101759359 ], [ -36.389620788257588, -10.220799025267681 ], [ -36.389619, -10.220798 ], [ -36.389232, -10.22054 ], [ -36.389168, -10.220519 ], [ -36.388889, -10.220519 ], [ -36.38876, -10.220583 ], [ -36.388632, -10.220712 ], [ -36.388481, -10.220927 ] ] ], [ [ [ -36.39345613217121, -10.221196155988419 ], [ -36.393325834938103, -10.2209404849875 ], [ -36.393140179346048, -10.220937245330839 ], [ -36.393116298650988, -10.220862191717794 ], [ -36.392858806585558, -10.220797818701437 ], [ -36.392837348913439, -10.22096948007839 ], [ -36.392837348913439, -10.221248429815939 ], [ -36.392880264257677, -10.221484464209249 ], [ -36.392901721929796, -10.221656125586202 ], [ -36.392987552618273, -10.221935075323751 ], [ -36.393073383306749, -10.222342771094015 ], [ -36.393191400503419, -10.222729009192159 ], [ -36.393193684856492, -10.22274234925527 ], [ -36.393244831262294, -10.222895788472687 ], [ -36.393390412210678, -10.22311415989526 ], [ -36.393815177944731, -10.22303577622864 ], [ -36.393994824390397, -10.222657336100591 ], [ -36.393723398294128, -10.22189218278603 ], [ -36.39345613217121, -10.221196155988419 ] ] ], [ [ [ -36.390755954717903, -10.214317601721463 ], [ -36.390605751013069, -10.214167398016629 ], [ -36.390032438566237, -10.214320626714994 ], [ -36.389999168669149, -10.21399579865607 ], [ -36.389919105505257, -10.213545125525174 ], [ -36.389854732488899, -10.213502210180936 ], [ -36.389725986456185, -10.213502210180936 ], [ -36.389489952062874, -10.213716786902127 ], [ -36.389404121374398, -10.213759702246366 ], [ -36.388932052587776, -10.213802617590604 ], [ -36.389996266681671, -10.214829031025761 ], [ -36.390518942954479, -10.214490443890929 ], [ -36.390713039373665, -10.214489263098416 ], [ -36.390755954717903, -10.214317601721463 ] ] ], [ [ [ -36.402300182318029, -10.210240644018826 ], [ -36.402235809301672, -10.209854405920682 ], [ -36.401918578626002, -10.209860879789661 ], [ -36.401091559206996, -10.210388301885835 ], [ -36.401248756384192, -10.210541051428494 ], [ -36.401303276178261, -10.210661779665511 ], [ -36.400998933032071, -10.210870143530311 ], [ -36.401184383367834, -10.211098950903592 ], [ -36.401484790777502, -10.211098950903592 ], [ -36.401506248449621, -10.211077493231473 ], [ -36.401742282842932, -10.21090583185452 ], [ -36.4020426902526, -10.211270612280545 ], [ -36.4020426902526, -10.211313527624784 ], [ -36.402085605596838, -10.211313527624784 ], [ -36.402085605596838, -10.211270612280545 ], [ -36.402235809301672, -10.211013120215116 ], [ -36.402300182318029, -10.210240644018826 ] ] ] ] } },
{ "type": "Feature", "properties": { "fid": 424.0, "LAT_GD": -9.539184, "LONG_GD": -36.193041, "IMG_ANTES": "04/2022", "IMG_DEPOIS": "04/2025", "BIOMA": "Mata Atlântica", "COD_CAR": "AL-2700409-8EB1DD530EFA484F8D34E889E4BD84CE", "N_IMOVEL": "PA SAO LUIZ", "NM_MUN": "Atalaia", "ORGAO": "-", "OPERACAO": "MATA ATLANTICA P1", "PERIODO": "09/2025", "N_PROCESSO": "-", "DATA_AI": "-", "MOTIVO": "DESMATAMENTO", "AI": "2025.03100756998.AAF.AINF", "TE": "SERIE C - TALAO 0036 - FOLHA 01791", "AI_APP": "-", "TE_APP": "-", "AI_RL": "-", "TE_RL": "-", "AREA_UTM": 6.84, "AREA_UC": 0.0, "AREA_TI": 0.0, "AREA_APP": 0.0, "AREA_RL": 0.0, "FORA_UC": 0.0, "FORA_TI": 0.0, "FORA_APP": 0.0, "FORA_RL": 0.0, "SITUACAO": "EMBARGADA" }, "geometry": { "type": "MultiPolygon", "coordinates": [ [ [ [ -36.192375156220074, -9.537909066768831 ], [ -36.191510269650095, -9.537873027448461 ], [ -36.191668629162912, -9.539218492825652 ], [ -36.191729536667836, -9.539891223523252 ], [ -36.193081683277249, -9.539951288699564 ], [ -36.192850234758517, -9.54029966651345 ], [ -36.193520217312731, -9.54045583576273 ], [ -36.1942267443699, -9.540491874810098 ], [ -36.19444601138764, -9.539939275665148 ], [ -36.194663098920934, -9.539124122559 ], [ -36.194699085131724, -9.538907915880428 ], [ -36.192375156220074, -9.537909066768831 ] ] ] ] } },
{ "type": "Feature", "properties": { "fid": 425.0, "LAT_GD": -9.183761, "LONG_GD": -36.125897, "IMG_ANTES": "07/2021", "IMG_DEPOIS": "12/2024", "BIOMA": "Mata Atlântica", "COD_CAR": "AL-2709301-97E87F1A27F14DC5B9E4E290EA448086", "N_IMOVEL": "FAZENDA TIMBÓ", "NM_MUN": "União dos Palmares", "ORGAO": "-", "OPERACAO": "MATA ATLANTICA P2", "PERIODO": "12/2025", "N_PROCESSO": "-", "DATA_AI": "-", "MOTIVO": "DESMATAMENTO", "AI": "2025.10125569069.AAF.AINF", "TE": "SERIE C - TALAO 0066 - FOLHA 05636", "AI_APP": "-", "TE_APP": "-", "AI_RL": "-", "TE_RL": "-", "AREA_UTM": 3.02, "AREA_UC": 0.0, "AREA_TI": 0.0, "AREA_APP": 0.0, "AREA_RL": 0.0, "FORA_UC": 0.0, "FORA_TI": 0.0, "FORA_APP": 0.0, "FORA_RL": 0.0, "SITUACAO": "EMBARGADA" }, "geometry": { "type": "MultiPolygon", "coordinates": [ [ [ [ -36.126384792500012, -9.18147175151975 ], [ -36.126387112274649, -9.180294441727467 ], [ -36.126384132558229, -9.180291462011047 ], [ -36.12637340372217, -9.180270004338928 ], [ -36.12635194605005, -9.180248546666808 ], [ -36.126309030705812, -9.18020563132257 ], [ -36.126298301869753, -9.180194902486511 ], [ -36.126287573033693, -9.180184173650451 ], [ -36.126276844197633, -9.180173444814391 ], [ -36.126255386525514, -9.180162715978332 ], [ -36.126233928853395, -9.180162715978332 ], [ -36.126212471181276, -9.180151987142272 ], [ -36.126180284673097, -9.180151987142272 ], [ -36.126148098164919, -9.180151987142272 ], [ -36.126126640492799, -9.180151987142272 ], [ -36.12611591165674, -9.180162715978332 ], [ -36.126094453984621, -9.180173444814391 ], [ -36.126083725148561, -9.18021636015863 ], [ -36.126072996312502, -9.180280733174987 ], [ -36.126072996312502, -9.180312919683166 ], [ -36.126072996312502, -9.180334377355285 ], [ -36.126062267476442, -9.180345106191345 ], [ -36.126040809804323, -9.180388021535583 ], [ -36.126040809804323, -9.180420208043762 ], [ -36.126030080968263, -9.180430936879821 ], [ -36.126019352132204, -9.180473852224059 ], [ -36.126008623296144, -9.180506038732238 ], [ -36.125987165624025, -9.180527496404357 ], [ -36.125976436787965, -9.180538225240417 ], [ -36.125965707951906, -9.180570411748596 ], [ -36.125944250279787, -9.180613327092834 ], [ -36.125912063771608, -9.180688428945251 ], [ -36.125890606099489, -9.18070988661737 ], [ -36.125901334935548, -9.18072061545343 ], [ -36.125912063771608, -9.180763530797668 ], [ -36.125922792607668, -9.180827903814025 ], [ -36.125922792607668, -9.180849361486144 ], [ -36.125922792607668, -9.180892276830383 ], [ -36.125922792607668, -9.180913734502502 ], [ -36.125922792607668, -9.180935192174621 ], [ -36.125954979115846, -9.180945921010681 ], [ -36.125976436787965, -9.18095664984674 ], [ -36.126008623296144, -9.1809673786828 ], [ -36.126019352132204, -9.180978107518859 ], [ -36.126030080968263, -9.180988836354919 ], [ -36.126062267476442, -9.180999565190978 ], [ -36.126083725148561, -9.181021022863098 ], [ -36.126094453984621, -9.181031751699157 ], [ -36.12611591165674, -9.181053209371276 ], [ -36.126126640492799, -9.181074667043395 ], [ -36.126137369328859, -9.181096124715515 ], [ -36.126148098164919, -9.181106853551574 ], [ -36.126240583018991, -9.181297498996123 ], [ -36.126298801415963, -9.181406119716153 ], [ -36.126384792500012, -9.18147175151975 ] ] ], [ [ [ -36.126378487133728, -9.184671790594477 ], [ -36.12638040180736, -9.183700073779335 ], [ -36.126189, -9.18369 ], [ -36.126171, -9.183681 ], [ -36.12609, -9.183627 ], [ -36.126009, -9.183537 ], [ -36.125892, -9.183339 ], [ -36.125757581249289, -9.183175863358629 ], [ -36.125613, -9.18306 ], [ -36.125505, -9.183033 ], [ -36.125415, -9.183096 ], [ -36.125415, -9.183618 ], [ -36.125325, -9.183762 ], [ -36.125315823529405, -9.183807882352948 ], [ -36.125091, -9.184113 ], [ -36.125091, -9.184194 ], [ -36.125172, -9.184329 ], [ -36.125262, -9.184365 ], [ -36.125307, -9.18441 ], [ -36.125343, -9.184455 ], [ -36.125388, -9.1845 ], [ -36.125433, -9.184581 ], [ -36.125478, -9.184671 ], [ -36.125478, -9.185274 ], [ -36.12573, -9.185274 ], [ -36.125773153970052, -9.185252423014974 ], [ -36.125773153970052, -9.185262301029589 ], [ -36.125783882806111, -9.185283758701708 ], [ -36.125783882806111, -9.185305216373827 ], [ -36.125794611642171, -9.185315945209886 ], [ -36.125794611642171, -9.185337402882006 ], [ -36.12580534047823, -9.185348131718065 ], [ -36.12580534047823, -9.185369589390184 ], [ -36.12581606931429, -9.185380318226244 ], [ -36.125826798150349, -9.185391047062303 ], [ -36.125837526986409, -9.185401775898363 ], [ -36.125848255822469, -9.185423233570482 ], [ -36.125858984658528, -9.185433962406542 ], [ -36.125869713494588, -9.185444691242601 ], [ -36.125891171166707, -9.18546614891472 ], [ -36.125901900002766, -9.18547687775078 ], [ -36.125912628838826, -9.18548760658684 ], [ -36.125923357674885, -9.185509064258959 ], [ -36.125944815347005, -9.185509064258959 ], [ -36.125955544183064, -9.185519793095018 ], [ -36.125977001855183, -9.185530521931078 ], [ -36.125987730691243, -9.185541250767137 ], [ -36.126009188363362, -9.185551979603197 ], [ -36.126019917199422, -9.185562708439257 ], [ -36.126041374871541, -9.185562708439257 ], [ -36.12606283254366, -9.185573437275316 ], [ -36.126073561379719, -9.185584166111376 ], [ -36.126095019051839, -9.185584166111376 ], [ -36.126105747887898, -9.185594894947435 ], [ -36.126137934396077, -9.185605623783495 ], [ -36.126159392068196, -9.185605623783495 ], [ -36.126170120904256, -9.185616352619554 ], [ -36.126180849740315, -9.185627081455614 ], [ -36.126213036248494, -9.185627081455614 ], [ -36.126234493920613, -9.185627081455614 ], [ -36.126255951592732, -9.185627081455614 ], [ -36.126277409264851, -9.185627081455614 ], [ -36.12630959577303, -9.185637810291674 ], [ -36.12632032460909, -9.185637810291674 ], [ -36.126331053445149, -9.185637810291674 ], [ -36.126341782281209, -9.185637810291674 ], [ -36.126376556278196, -9.185651719890469 ], [ -36.126378086295105, -9.184875220372364 ], [ -36.126097246317727, -9.184822231697387 ], [ -36.12621233590734, -9.184642957528958 ], [ -36.126261, -9.184662 ], [ -36.126378487133728, -9.184671790594477 ] ] ] ] } },
{ "type": "Feature", "properties": { "fid": 426.0, "LAT_GD": -9.39752, "LONG_GD": -35.606403, "IMG_ANTES": "08/2021", "IMG_DEPOIS": "04/2023", "BIOMA": "Mata Atlântica", "COD_CAR": "AL-2700508-A39789F45DEF4713B12DECA5748BF29D", "N_IMOVEL": "FAZENDA SANTA TEREZINHA", "NM_MUN": "Barra de Santo Antônio", "ORGAO": "-", "OPERACAO": "MATA ATLANTICA P2", "PERIODO": "12/2025", "N_PROCESSO": "-", "DATA_AI": "-", "MOTIVO": "DESMATAMENTO", "AI": "2025.16124789288.AAF.AINF", "TE": "SERIE C - TALAO 0066 - FOLHA 05643", "AI_APP": "-", "TE_APP": "-", "AI_RL": "-", "TE_RL": "-", "AREA_UTM": 3.97, "AREA_UC": 0.0, "AREA_TI": 0.0, "AREA_APP": 0.0, "AREA_RL": 0.0, "FORA_UC": 0.0, "FORA_TI": 0.0, "FORA_APP": 0.0, "FORA_RL": 0.0, "SITUACAO": "EMBARGADA" }, "geometry": { "type": "MultiPolygon", "coordinates": [ [ [ [ -35.603145, -9.398943 ], [ -35.603154, -9.398925 ], [ -35.603181, -9.398916 ], [ -35.60319, -9.398898 ], [ -35.603199, -9.398889 ], [ -35.603226, -9.39888 ], [ -35.603235, -9.398871 ], [ -35.603244, -9.398862 ], [ -35.603253, -9.398853 ], [ -35.603262, -9.398835 ], [ -35.603262, -9.398781 ], [ -35.603208, -9.398673 ], [ -35.603199, -9.398664 ], [ -35.60319, -9.398619 ], [ -35.603172, -9.39861 ], [ -35.603145, -9.398619 ], [ -35.603136, -9.398637 ], [ -35.603127, -9.398646 ], [ -35.603118, -9.398655 ], [ -35.6031, -9.398664 ], [ -35.603091, -9.398673 ], [ -35.603073, -9.398691 ], [ -35.603046, -9.3987 ], [ -35.603028, -9.398709 ], [ -35.603019, -9.398718 ], [ -35.603001, -9.398727 ], [ -35.602947, -9.398673 ], [ -35.602866, -9.398664 ], [ -35.602794, -9.398709 ], [ -35.602785, -9.398718 ], [ -35.602758, -9.398727 ], [ -35.602749, -9.398754 ], [ -35.60274, -9.398763 ], [ -35.60274, -9.39888 ], [ -35.602749, -9.398889 ], [ -35.602785, -9.398925 ], [ -35.602794, -9.398952 ], [ -35.602794, -9.398979 ], [ -35.602812, -9.398988 ], [ -35.602839, -9.398988 ], [ -35.602848, -9.398997 ], [ -35.602866, -9.398997 ], [ -35.602902, -9.399024 ], [ -35.60292, -9.399024 ], [ -35.602947, -9.399033 ], [ -35.60301, -9.399033 ], [ -35.603028, -9.399024 ], [ -35.603037, -9.399006 ], [ -35.603064, -9.398997 ], [ -35.603091, -9.398979 ], [ -35.603127, -9.398952 ], [ -35.603145, -9.398943 ] ] ], [ [ [ -35.603028, -9.398034 ], [ -35.60301, -9.397917 ], [ -35.602956, -9.397773 ], [ -35.602956, -9.397746 ], [ -35.602911, -9.39753 ], [ -35.602902, -9.397503 ], [ -35.602866, -9.397413 ], [ -35.602758, -9.39726 ], [ -35.602731, -9.39726 ], [ -35.602722, -9.397278 ], [ -35.602722, -9.397368 ], [ -35.60274, -9.39744 ], [ -35.602749, -9.397467 ], [ -35.602767, -9.39753 ], [ -35.602785, -9.397575 ], [ -35.602758, -9.397692 ], [ -35.602758, -9.397764 ], [ -35.602749, -9.397773 ], [ -35.602686, -9.397863 ], [ -35.602623, -9.397881 ], [ -35.60256, -9.397881 ], [ -35.602533, -9.397872 ], [ -35.602524, -9.397863 ], [ -35.602488, -9.397809 ], [ -35.60247, -9.3978 ], [ -35.602407, -9.397719 ], [ -35.602371, -9.397701 ], [ -35.602353, -9.397683 ], [ -35.602308, -9.397656 ], [ -35.602254, -9.397647 ], [ -35.602236, -9.397656 ], [ -35.602218, -9.397665 ], [ -35.602191, -9.39771 ], [ -35.60211, -9.397854 ], [ -35.602128, -9.397935 ], [ -35.602137, -9.397971 ], [ -35.602182, -9.398088 ], [ -35.602191, -9.398097 ], [ -35.602245, -9.398196 ], [ -35.602254, -9.398205 ], [ -35.602317, -9.398322 ], [ -35.602416, -9.398394 ], [ -35.602533, -9.398466 ], [ -35.60265, -9.398502 ], [ -35.602794, -9.398574 ], [ -35.602848, -9.398592 ], [ -35.602974, -9.39861 ], [ -35.603073, -9.398592 ], [ -35.603073, -9.398574 ], [ -35.603091, -9.398475 ], [ -35.603091, -9.398268 ], [ -35.603082, -9.398259 ], [ -35.603037, -9.398043 ], [ -35.603028, -9.398034 ] ] ], [ [ [ -35.609004, -9.397746 ], [ -35.608977, -9.397719 ], [ -35.608977, -9.397692 ], [ -35.608923, -9.397665 ], [ -35.608923, -9.397629 ], [ -35.608887, -9.397602 ], [ -35.608887, -9.397575 ], [ -35.60886, -9.397548 ], [ -35.60886, -9.397287 ], [ -35.608887, -9.39726 ], [ -35.608923, -9.397233 ], [ -35.60895, -9.397233 ], [ -35.60895, -9.397206 ], [ -35.608972020951477, -9.397206 ], [ -35.609008439796057, -9.397046570398828 ], [ -35.60892260910758, -9.396860604125408 ], [ -35.609122880932304, -9.396789078333398 ], [ -35.609051355140295, -9.396660332300684 ], [ -35.608950535332866, -9.396486267666432 ], [ -35.60895, -9.396486 ], [ -35.608923, -9.396459 ], [ -35.608887, -9.396432 ], [ -35.608867830872491, -9.396432 ], [ -35.60873664283416, -9.39656019671574 ], [ -35.608722337937692, -9.396831993677637 ], [ -35.608450540320959, -9.396932129589999 ], [ -35.608135828014824, -9.397103790966952 ], [ -35.60767806412467, -9.397561554529688 ], [ -35.607821115708688, -9.397675995665935 ], [ -35.608078607774118, -9.397418503600505 ], [ -35.608264574047539, -9.397575859753573 ], [ -35.608464845872263, -9.397747521130526 ], [ -35.608607896801445, -9.397647385218164 ], [ -35.608708032386389, -9.397733215906641 ], [ -35.608765253281931, -9.397876267163241 ], [ -35.608893999314645, -9.398005013195956 ], [ -35.609194406724313, -9.398205284693262 ], [ -35.609194406724313, -9.398019318419841 ], [ -35.609016020272499, -9.397789027029997 ], [ -35.609004, -9.397773 ], [ -35.609004, -9.397746 ] ] ], [ [ [ -35.604108, -9.397224 ], [ -35.604117, -9.397215 ], [ -35.604135, -9.397215 ], [ -35.604135, -9.397197 ], [ -35.604144, -9.397197 ], [ -35.604144, -9.39717 ], [ -35.604162, -9.397152 ], [ -35.60418, -9.397125 ], [ -35.604207, -9.397107 ], [ -35.604207, -9.397098 ], [ -35.604216, -9.39708 ], [ -35.604216, -9.397053 ], [ -35.604252, -9.397026 ], [ -35.604252, -9.397008 ], [ -35.604279, -9.397008 ], [ -35.604495, -9.396765 ], [ -35.604387, -9.396765 ], [ -35.604333, -9.396792 ], [ -35.604306, -9.39681 ], [ -35.604288, -9.39681 ], [ -35.604279, -9.396828 ], [ -35.604261, -9.396828 ], [ -35.604252, -9.396837 ], [ -35.604216, -9.396855 ], [ -35.60418, -9.3969 ], [ -35.604162, -9.396909 ], [ -35.604162, -9.396954 ], [ -35.604144, -9.396972 ], [ -35.604144, -9.396981 ], [ -35.604117, -9.396999 ], [ -35.604117, -9.397026 ], [ -35.604108, -9.397035 ], [ -35.604108, -9.397071 ], [ -35.603946, -9.397071 ], [ -35.603919, -9.397053 ], [ -35.603901, -9.397026 ], [ -35.603901, -9.397008 ], [ -35.603892, -9.396981 ], [ -35.603874, -9.396954 ], [ -35.603874, -9.3969 ], [ -35.603865, -9.3969 ], [ -35.603865, -9.396882 ], [ -35.603847, -9.396864 ], [ -35.603838, -9.396855 ], [ -35.60382, -9.396837 ], [ -35.60382, -9.396828 ], [ -35.603802, -9.396828 ], [ -35.603775, -9.39681 ], [ -35.603766, -9.396792 ], [ -35.603748, -9.396783 ], [ -35.60373, -9.396765 ], [ -35.603721, -9.396756 ], [ -35.603703, -9.396756 ], [ -35.603694, -9.396738 ], [ -35.603694, -9.396729 ], [ -35.603676, -9.396729 ], [ -35.603658, -9.396711 ], [ -35.603658, -9.396693 ], [ -35.603649, -9.396684 ], [ -35.603631, -9.396666 ], [ -35.603622, -9.396666 ], [ -35.603622, -9.397143 ], [ -35.603631, -9.39717 ], [ -35.603649, -9.397179 ], [ -35.603658, -9.397197 ], [ -35.603676, -9.397197 ], [ -35.603703, -9.397224 ], [ -35.60373, -9.397251 ], [ -35.603748, -9.397251 ], [ -35.603748, -9.397269 ], [ -35.603766, -9.397269 ], [ -35.603766, -9.397287 ], [ -35.603793, -9.397287 ], [ -35.603802, -9.397296 ], [ -35.603838, -9.397296 ], [ -35.603847, -9.397314 ], [ -35.604063, -9.397314 ], [ -35.604081, -9.397296 ], [ -35.60409, -9.397269 ], [ -35.60409, -9.397251 ], [ -35.604108, -9.397251 ], [ -35.604108, -9.397224 ] ] ], [ [ [ -35.607794440147828, -9.396729 ], [ -35.60805, -9.396729 ], [ -35.608068, -9.396702 ], [ -35.608095, -9.396702 ], [ -35.608122, -9.396693 ], [ -35.60814, -9.396693 ], [ -35.608176, -9.396657 ], [ -35.608221, -9.396657 ], [ -35.608248, -9.396648 ], [ -35.608266, -9.396648 ], [ -35.608293, -9.396621 ], [ -35.608311, -9.396621 ], [ -35.60832, -9.396603 ], [ -35.608338, -9.396603 ], [ -35.608383, -9.396576 ], [ -35.608392, -9.396558 ], [ -35.608455, -9.396558 ], [ -35.608491, -9.396432 ], [ -35.608470043256702, -9.396432 ], [ -35.608350404736022, -9.396488670923731 ], [ -35.607749589916686, -9.39656019671574 ], [ -35.607549318091962, -9.396603112059978 ], [ -35.607320436474303, -9.396545891491854 ], [ -35.607034333961103, -9.396531586267969 ], [ -35.6067053167585, -9.396531586267969 ], [ -35.606388956231285, -9.396386587793565 ], [ -35.606051756547863, -9.397021316742947 ], [ -35.60616172217987, -9.397103790966952 ], [ -35.606576570725785, -9.397032265502361 ], [ -35.606848367687682, -9.396831993677637 ], [ -35.607091554856645, -9.396731858092693 ], [ -35.607420572059247, -9.396688942748455 ], [ -35.607794440147828, -9.396729 ] ] ], [ [ [ -35.605458, -9.396513 ], [ -35.605665, -9.396432 ], [ -35.605818, -9.396405 ], [ -35.605989, -9.396405 ], [ -35.606187, -9.396378 ], [ -35.60634, -9.396351 ], [ -35.60634, -9.39627 ], [ -35.606304, -9.396243 ], [ -35.606169, -9.396234 ], [ -35.60598, -9.396216 ], [ -35.605854, -9.396243 ], [ -35.605746, -9.396243 ], [ -35.605629, -9.396261 ], [ -35.605575, -9.39627 ], [ -35.605494, -9.396342 ], [ -35.605404, -9.396405 ], [ -35.605278, -9.396468 ], [ -35.605161, -9.39654 ], [ -35.605026, -9.396567 ], [ -35.604756, -9.396567 ], [ -35.60472, -9.396621 ], [ -35.604792, -9.396738 ], [ -35.604846, -9.396855 ], [ -35.604936, -9.396918 ], [ -35.605089, -9.396918 ], [ -35.605161, -9.3969 ], [ -35.605251, -9.396855 ], [ -35.605314, -9.396756 ], [ -35.605359, -9.39663 ], [ -35.605386, -9.396549 ], [ -35.605458, -9.396513 ] ] ], [ [ [ -35.612087224660996, -9.399690385346608 ], [ -35.61202762016174, -9.39927315286956 ], [ -35.611920331801144, -9.399130101612959 ], [ -35.61161038801211, -9.399201627404969 ], [ -35.611431573859505, -9.399165864508964 ], [ -35.61132428549891, -9.399571176020677 ], [ -35.611729597010623, -9.399642701812686 ], [ -35.612087224660996, -9.399690385346608 ] ] ] ] } },
{ "type": "Feature", "properties": { "fid": 427.0, "LAT_GD": -9.318532, "LONG_GD": -35.706736, "IMG_ANTES": "01/2021", "IMG_DEPOIS": "11/2025", "BIOMA": "Mata Atlântica", "COD_CAR": "AL-2702801-81BD35B3BD6A4167963279FD989E30E3", "N_IMOVEL": "PA DUAS BARRAS I", "NM_MUN": "Flexeiras", "ORGAO": "-", "OPERACAO": "MATA ATLANTICA P2", "PERIODO": "12/2025", "N_PROCESSO": "-", "DATA_AI": "-", "MOTIVO": "DESMATAMENTO", "AI": "2025.12125765582.AAF.AINF", "TE": "SERIE C - TALAO 0066 - FOLHA 05640", "AI_APP": "-", "TE_APP": "-", "AI_RL": "-", "TE_RL": "-", "AREA_UTM": 6.46, "AREA_UC": 0.0, "AREA_TI": 0.0, "AREA_APP": 0.0, "AREA_RL": 0.0, "FORA_UC": 0.0, "FORA_TI": 0.0, "FORA_APP": 0.0, "FORA_RL": 0.0, "SITUACAO": "EMBARGADA" }, "geometry": { "type": "MultiPolygon", "coordinates": [ [ [ [ -35.709437974256545, -9.321331034785034 ], [ -35.709523804945022, -9.321331034785034 ], [ -35.709588177961379, -9.321309577112915 ], [ -35.709652550977736, -9.321288119440796 ], [ -35.709738381666213, -9.321288119440796 ], [ -35.709845670026809, -9.321266661768677 ], [ -35.709952958387404, -9.321266661768677 ], [ -35.710017331403762, -9.321266661768677 ], [ -35.710060246748, -9.321266661768677 ], [ -35.710081704420119, -9.321266661768675 ], [ -35.710103162092238, -9.321202288752318 ], [ -35.710188992780715, -9.321073542719603 ], [ -35.710210450452834, -9.321052085047484 ], [ -35.710231908124953, -9.321009169703245 ], [ -35.710296281141311, -9.32090188134265 ], [ -35.710339196485549, -9.320858965998411 ], [ -35.710360654157668, -9.320837508326292 ], [ -35.710382111829787, -9.320794592982054 ], [ -35.710403569501906, -9.320730219965697 ], [ -35.71044380263713, -9.320663164740324 ], [ -35.710425027174026, -9.32064438927722 ], [ -35.710304327768355, -9.320612202769041 ], [ -35.710296281141311, -9.320612202769041 ], [ -35.710253365797072, -9.320612202769041 ], [ -35.710210450452834, -9.320612202769041 ], [ -35.710167535108596, -9.32063366044116 ], [ -35.710124619764358, -9.32063366044116 ], [ -35.710103162092238, -9.32065511811328 ], [ -35.710060246748, -9.32065511811328 ], [ -35.710017331403762, -9.32065511811328 ], [ -35.709974416059524, -9.32065511811328 ], [ -35.709931500715285, -9.32065511811328 ], [ -35.709888585371047, -9.32063366044116 ], [ -35.709867127698928, -9.320612202769041 ], [ -35.709845670026809, -9.320590745096922 ], [ -35.70982421235469, -9.320569287424803 ], [ -35.70982421235469, -9.320526372080565 ], [ -35.70980275468257, -9.320504914408446 ], [ -35.709759839338332, -9.320483456736326 ], [ -35.709738381666213, -9.320461999064207 ], [ -35.709716923994094, -9.320440541392088 ], [ -35.709652550977736, -9.320440541392088 ], [ -35.709609635633498, -9.320440541392088 ], [ -35.70956672028926, -9.320440541392088 ], [ -35.709523804945022, -9.320440541392088 ], [ -35.709480889600783, -9.320461999064207 ], [ -35.709459431928664, -9.320483456736326 ], [ -35.709416516584426, -9.320504914408446 ], [ -35.709395058912307, -9.320526372080565 ], [ -35.709373601240188, -9.320547829752684 ], [ -35.709373601240188, -9.320590745096922 ], [ -35.709352143568069, -9.320612202769041 ], [ -35.709330685895949, -9.32063366044116 ], [ -35.70930922822383, -9.320676575785399 ], [ -35.70930922822383, -9.320719491129637 ], [ -35.709287770551711, -9.320740948801756 ], [ -35.709287770551711, -9.320783864145994 ], [ -35.709266312879592, -9.320826779490233 ], [ -35.709244855207473, -9.320869694834471 ], [ -35.709223397535354, -9.320912610178709 ], [ -35.709223397535354, -9.320955525522947 ], [ -35.709201939863235, -9.320976983195067 ], [ -35.709201939863235, -9.321019898539305 ], [ -35.709201939863235, -9.321062813883543 ], [ -35.709201939863235, -9.321105729227781 ], [ -35.709201939863235, -9.32114864457202 ], [ -35.709201939863235, -9.321191559916258 ], [ -35.709201939863235, -9.321234475260496 ], [ -35.709201939863235, -9.321277390604735 ], [ -35.709201939863235, -9.321341763621092 ], [ -35.709212668699294, -9.321352492457153 ], [ -35.709244855207473, -9.321352492457153 ], [ -35.70930922822383, -9.321352492457153 ], [ -35.709395058912307, -9.321331034785034 ], [ -35.709437974256545, -9.321331034785034 ] ] ], [ [ [ -35.704938920976268, -9.314742376688487 ], [ -35.704940459482451, -9.314746735789344 ], [ -35.704749796295168, -9.314831474983691 ], [ -35.704717609786989, -9.315013865196704 ], [ -35.704749796295168, -9.315185526573657 ], [ -35.704781982803347, -9.31536791678667 ], [ -35.704867813491823, -9.315550306999683 ], [ -35.70496437301636, -9.315711239540576 ], [ -35.705018017196657, -9.315882900917529 ], [ -35.705093119049074, -9.315990189278125 ], [ -35.705060932540896, -9.316151121819018 ], [ -35.705039474868776, -9.316204765999316 ], [ -35.705050203704836, -9.316322783195972 ], [ -35.705125305557253, -9.316333512032031 ], [ -35.705296966934206, -9.316322783195972 ], [ -35.705425712966921, -9.316322783195972 ], [ -35.705629560852053, -9.316333512032031 ], [ -35.705822679901125, -9.316333512032031 ], [ -35.706080171966555, -9.316333512032031 ], [ -35.706391308212282, -9.316290596687793 ], [ -35.706477138900759, -9.316151121819018 ], [ -35.706423494720461, -9.316076019966602 ], [ -35.706294748687746, -9.316000918114185 ], [ -35.706166002655031, -9.315936545097827 ], [ -35.705919239425661, -9.31587217208147 ], [ -35.705672476196291, -9.315807799065112 ], [ -35.705597374343874, -9.315711239540576 ], [ -35.705629560852053, -9.31561468001604 ], [ -35.705833408737185, -9.315550306999683 ], [ -35.706069443130495, -9.315496662819385 ], [ -35.706155273818972, -9.315400103294849 ], [ -35.706080171966555, -9.315239170753955 ], [ -35.7059621547699, -9.315174797737598 ], [ -35.705811951065066, -9.315142611229419 ], [ -35.705560214167733, -9.315055471534189 ], [ -35.705561193467723, -9.315053512934215 ], [ -35.705561193467723, -9.314999868753917 ], [ -35.705539735795604, -9.31493549573756 ], [ -35.704938920976268, -9.314720919016368 ], [ -35.704938920976268, -9.314742376688487 ] ] ], [ [ [ -35.706530783081057, -9.318597296440601 ], [ -35.706498596572878, -9.318511465752124 ], [ -35.706498596572878, -9.318382719719409 ], [ -35.706498596572878, -9.318211058342456 ], [ -35.706498596572878, -9.318125227653979 ], [ -35.70644495239258, -9.318093041145801 ], [ -35.706337664031985, -9.31810376998186 ], [ -35.706251833343508, -9.318135956490039 ], [ -35.706144544982912, -9.318125227653979 ], [ -35.706144544982912, -9.318007210457324 ], [ -35.706144544982912, -9.317899922096728 ], [ -35.706230375671389, -9.317835549080371 ], [ -35.706369850540163, -9.317814091408252 ], [ -35.706466410064699, -9.317738989555835 ], [ -35.706520054244997, -9.31761024352312 ], [ -35.706530783081057, -9.317460039818286 ], [ -35.706498596572878, -9.317299107277393 ], [ -35.70645568122864, -9.317224005424976 ], [ -35.706412765884401, -9.317148903572559 ], [ -35.706359121704104, -9.317041615211963 ], [ -35.706284019851687, -9.316955784523486 ], [ -35.706133816146853, -9.316912869179248 ], [ -35.705983612442019, -9.316966513359546 ], [ -35.705876324081423, -9.317052344048022 ], [ -35.705833408737185, -9.317052344048022 ], [ -35.70569393386841, -9.316998699867725 ], [ -35.7054578994751, -9.316945055687427 ], [ -35.705382797622683, -9.316848496162891 ], [ -35.705232593917849, -9.316816309654712 ], [ -35.705168220901491, -9.316751936638354 ], [ -35.705157492065432, -9.316676834785937 ], [ -35.705114576721193, -9.316591004097461 ], [ -35.705028746032717, -9.316569546425342 ], [ -35.7049536441803, -9.316655377113818 ], [ -35.7049536441803, -9.316891411507129 ], [ -35.705050203704836, -9.317063072884082 ], [ -35.705146763229372, -9.317170361244678 ], [ -35.70520040740967, -9.317266920769214 ], [ -35.705307695770266, -9.317395666801929 ], [ -35.7054578994751, -9.317427853310107 ], [ -35.705661747360232, -9.317449310982227 ], [ -35.705758306884768, -9.317513683998584 ], [ -35.705876324081423, -9.317588785851001 ], [ -35.705919239425661, -9.317674616539477 ], [ -35.705854866409304, -9.317674616539477 ], [ -35.705736849212649, -9.317696074211597 ], [ -35.705640289688112, -9.317824820244311 ], [ -35.705651018524172, -9.318007210457324 ], [ -35.705747578048708, -9.318146685326099 ], [ -35.705897781753542, -9.318275431358813 ], [ -35.706144544982912, -9.31837199088335 ], [ -35.706241104507448, -9.318479279243945 ], [ -35.706284019851687, -9.318586567604541 ], [ -35.706337664031985, -9.318715313637256 ], [ -35.706423494720461, -9.318747500145435 ], [ -35.706509325408938, -9.318715313637256 ], [ -35.706530783081057, -9.318597296440601 ] ] ], [ [ [ -35.704663965606692, -9.316344240868091 ], [ -35.70470688095093, -9.316247681343555 ], [ -35.704717609786989, -9.316129664146899 ], [ -35.704556677246096, -9.316054562294482 ], [ -35.704481575393679, -9.315968731606006 ], [ -35.704395744705202, -9.31587217208147 ], [ -35.704320642852785, -9.315807799065112 ], [ -35.704309914016726, -9.315732697212695 ], [ -35.704363558197024, -9.31560395117998 ], [ -35.704406473541262, -9.315485933983325 ], [ -35.704406473541262, -9.31536791678667 ], [ -35.704374287033083, -9.315260628426074 ], [ -35.704256269836428, -9.315271357262134 ], [ -35.704170439147951, -9.315335730278491 ], [ -35.704073879623415, -9.315711239540576 ], [ -35.704063150787356, -9.315850714409351 ], [ -35.704041693115236, -9.316022375786304 ], [ -35.704020235443117, -9.31611893531084 ], [ -35.704009506607058, -9.316258410179614 ], [ -35.704020235443117, -9.316344240868091 ], [ -35.70419189682007, -9.316376427376269 ], [ -35.704438660049441, -9.316397885048389 ], [ -35.704556677246096, -9.316397885048389 ], [ -35.704663965606692, -9.316344240868091 ] ] ], [ [ [ -35.709624, -9.323883 ], [ -35.709633, -9.323874 ], [ -35.709588, -9.323793 ], [ -35.70957, -9.323748 ], [ -35.709507, -9.323694 ], [ -35.709435, -9.323631 ], [ -35.709399, -9.323577 ], [ -35.709345, -9.323532 ], [ -35.709228, -9.323478 ], [ -35.709057, -9.323478 ], [ -35.709021, -9.32346 ], [ -35.70894, -9.323352 ], [ -35.708904, -9.323199 ], [ -35.708886, -9.322974 ], [ -35.70885, -9.322857 ], [ -35.708733376514068, -9.322792002945736 ], [ -35.70845442677652, -9.322813460617855 ], [ -35.708247, -9.322803 ], [ -35.708112, -9.322821 ], [ -35.707853611957184, -9.322877833634212 ], [ -35.707789238940826, -9.322952935486629 ], [ -35.707799967776886, -9.323167512207821 ], [ -35.707851, -9.323631 ], [ -35.708036002170196, -9.32368249633868 ], [ -35.708355, -9.323703 ], [ -35.708499, -9.323694 ], [ -35.708616, -9.323694 ], [ -35.70867, -9.323703 ], [ -35.708778, -9.323748 ], [ -35.708872851382843, -9.323736140518978 ], [ -35.70894, -9.323712 ], [ -35.709048, -9.323658 ], [ -35.709174, -9.323757 ], [ -35.709309, -9.323847 ], [ -35.709498, -9.323883 ], [ -35.709624, -9.323883 ] ] ] ] } },
{ "type": "Feature", "properties": { "fid": 428.0, "LAT_GD": -9.195793, "LONG_GD": -35.360975, "IMG_ANTES": "01/2021", "IMG_DEPOIS": "11/2025", "BIOMA": "Mata Atlântica", "COD_CAR": "AL-2707404-F4E36B03211A4E3288440197489C0474", "N_IMOVEL": "PA ALEXSENDER CALCHI / AREIAS", "NM_MUN": "Porto de Pedras", "ORGAO": "-", "OPERACAO": "MATA ATLANTICA P2", "PERIODO": "12/2025", "N_PROCESSO": "-", "DATA_AI": "-", "MOTIVO": "DESMATAMENTO", "AI": "2025.15122687066.AAF.AINF", "TE": "SERIE C - TALAO 0066 - FOLHA 05641", "AI_APP": "-", "TE_APP": "-", "AI_RL": "-", "TE_RL": "-", "AREA_UTM": 6.18, "AREA_UC": 0.0, "AREA_TI": 0.0, "AREA_APP": 0.0, "AREA_RL": 0.0, "FORA_UC": 0.0, "FORA_TI": 0.0, "FORA_APP": 0.0, "FORA_RL": 0.0, "SITUACAO": "EMBARGADA" }, "geometry": { "type": "MultiPolygon", "coordinates": [ [ [ [ -35.357072220065433, -9.19969820396841 ], [ -35.357072220065433, -9.199671381878261 ], [ -35.357072220065433, -9.199644559788112 ], [ -35.357072220065433, -9.199617737697963 ], [ -35.357072220065433, -9.199590915607814 ], [ -35.357072220065433, -9.199564093517665 ], [ -35.357072220065433, -9.199537271427516 ], [ -35.357072220065433, -9.199510449337367 ], [ -35.357072220065433, -9.199483627247218 ], [ -35.357099042155582, -9.19945680515707 ], [ -35.357099042155582, -9.199429983066921 ], [ -35.357125864245731, -9.199403160976772 ], [ -35.35715268633588, -9.199403160976772 ], [ -35.357179508426029, -9.199376338886623 ], [ -35.357233152606327, -9.199376338886623 ], [ -35.357233152606327, -9.199349516796474 ], [ -35.357259974696476, -9.199322694706325 ], [ -35.357259974696476, -9.199295872616176 ], [ -35.357259974696476, -9.199269050526027 ], [ -35.357259974696476, -9.199242228435878 ], [ -35.357286796786624, -9.199215406345729 ], [ -35.357286796786624, -9.19918858425558 ], [ -35.357286796786624, -9.199161762165431 ], [ -35.357286796786624, -9.199134940075282 ], [ -35.357286796786624, -9.199108117985134 ], [ -35.357286796786624, -9.199081295894985 ], [ -35.357286796786624, -9.199027651714687 ], [ -35.357286796786624, -9.199000829624538 ], [ -35.357286796786624, -9.19894718544424 ], [ -35.357259974696476, -9.198920363354091 ], [ -35.357233152606327, -9.198920363354091 ], [ -35.357206330516178, -9.198920363354091 ], [ -35.357179508426029, -9.198920363354091 ], [ -35.35715268633588, -9.198920363354091 ], [ -35.357125864245731, -9.198920363354091 ], [ -35.357099042155582, -9.198920363354091 ], [ -35.357072220065433, -9.198920363354091 ], [ -35.357072220065433, -9.198893541263942 ], [ -35.357045397975284, -9.198893541263942 ], [ -35.357018575885135, -9.198893541263942 ], [ -35.356991753794986, -9.198893541263942 ], [ -35.356964931704837, -9.198893541263942 ], [ -35.356938109614688, -9.198920363354091 ], [ -35.356884465434391, -9.198920363354091 ], [ -35.356857643344242, -9.198920363354091 ], [ -35.356803999163944, -9.198920363354091 ], [ -35.356777177073795, -9.198920363354091 ], [ -35.356750354983646, -9.198920363354091 ], [ -35.356750354983646, -9.198893541263942 ], [ -35.356723532893497, -9.198893541263942 ], [ -35.356723532893497, -9.198866719173793 ], [ -35.356696710803348, -9.198839897083644 ], [ -35.356696710803348, -9.198813074993495 ], [ -35.356669888713199, -9.198786252903346 ], [ -35.35664306662305, -9.198759430813197 ], [ -35.356616244532901, -9.198759430813197 ], [ -35.356589422442752, -9.198732608723049 ], [ -35.356562600352603, -9.198732608723049 ], [ -35.356535778262455, -9.198732608723049 ], [ -35.356508956172306, -9.198732608723049 ], [ -35.356455311992008, -9.1987057866329 ], [ -35.356428489901859, -9.1987057866329 ], [ -35.35640166781171, -9.1987057866329 ], [ -35.356374845721561, -9.1987057866329 ], [ -35.356348023631412, -9.1987057866329 ], [ -35.356294379451114, -9.1987057866329 ], [ -35.355972514369327, -9.198839897083644 ], [ -35.355999336459476, -9.198839897083644 ], [ -35.356026158549625, -9.198839897083644 ], [ -35.356052980639774, -9.198866719173793 ], [ -35.356079802729923, -9.198893541263942 ], [ -35.356079802729923, -9.198920363354091 ], [ -35.356133446910221, -9.198974007534389 ], [ -35.35616026900037, -9.199000829624538 ], [ -35.35616026900037, -9.199027651714687 ], [ -35.35616026900037, -9.199054473804836 ], [ -35.356187091090518, -9.199081295894985 ], [ -35.356187091090518, -9.199108117985134 ], [ -35.356187091090518, -9.199134940075282 ], [ -35.356187091090518, -9.199161762165431 ], [ -35.35616026900037, -9.199161762165431 ], [ -35.35616026900037, -9.19918858425558 ], [ -35.356133446910221, -9.19918858425558 ], [ -35.356133446910221, -9.199215406345729 ], [ -35.356133446910221, -9.199242228435878 ], [ -35.356079802729923, -9.199269050526027 ], [ -35.356052980639774, -9.199322694706325 ], [ -35.356026158549625, -9.199322694706325 ], [ -35.355999336459476, -9.199349516796474 ], [ -35.355999336459476, -9.199376338886623 ], [ -35.355999336459476, -9.199403160976772 ], [ -35.355999336459476, -9.199429983066921 ], [ -35.356052980639774, -9.199483627247218 ], [ -35.356052980639774, -9.199510449337367 ], [ -35.356079802729923, -9.199510449337367 ], [ -35.356133446910221, -9.199510449337367 ], [ -35.35616026900037, -9.199510449337367 ], [ -35.356187091090518, -9.199537271427516 ], [ -35.356213913180667, -9.199537271427516 ], [ -35.356240735270816, -9.199537271427516 ], [ -35.356294379451114, -9.199537271427516 ], [ -35.356321201541263, -9.199537271427516 ], [ -35.356348023631412, -9.199537271427516 ], [ -35.356374845721561, -9.199537271427516 ], [ -35.356428489901859, -9.199537271427516 ], [ -35.356455311992008, -9.199537271427516 ], [ -35.356482134082157, -9.199537271427516 ], [ -35.356508956172306, -9.199537271427516 ], [ -35.356535778262455, -9.199537271427516 ], [ -35.356562600352603, -9.199537271427516 ], [ -35.356589422442752, -9.199537271427516 ], [ -35.356616244532901, -9.199537271427516 ], [ -35.356616244532901, -9.199564093517665 ], [ -35.35664306662305, -9.199590915607814 ], [ -35.35664306662305, -9.199617737697963 ], [ -35.35664306662305, -9.199644559788112 ], [ -35.356669888713199, -9.19969820396841 ], [ -35.356669888713199, -9.199725026058559 ], [ -35.356696710803348, -9.199725026058559 ], [ -35.356696710803348, -9.199751848148708 ], [ -35.356750354983646, -9.199751848148708 ], [ -35.356750354983646, -9.199778670238857 ], [ -35.356777177073795, -9.199805492329006 ], [ -35.356830821254093, -9.199805492329006 ], [ -35.356857643344242, -9.199805492329006 ], [ -35.356857643344242, -9.199832314419154 ], [ -35.356884465434391, -9.199832314419154 ], [ -35.356911287524539, -9.199832314419154 ], [ -35.356938109614688, -9.199832314419154 ], [ -35.356964931704837, -9.199832314419154 ], [ -35.356991753794986, -9.199832314419154 ], [ -35.357018575885135, -9.199832314419154 ], [ -35.357072220065433, -9.199805492329006 ], [ -35.357072220065433, -9.199778670238857 ], [ -35.357072220065433, -9.199725026058559 ], [ -35.357072220065433, -9.19969820396841 ] ] ], [ [ [ -35.355087385394413, -9.196157688068752 ], [ -35.355114207484561, -9.196157688068752 ], [ -35.35514102957471, -9.196184510158901 ], [ -35.355167851664859, -9.196184510158901 ], [ -35.355194673755008, -9.196184510158901 ], [ -35.355221495845157, -9.196184510158901 ], [ -35.355248317935306, -9.196238154339198 ], [ -35.355248317935306, -9.196264976429347 ], [ -35.355248317935306, -9.196291798519496 ], [ -35.355248317935306, -9.196318620609645 ], [ -35.355248317935306, -9.196345442699794 ], [ -35.355248317935306, -9.196372264789943 ], [ -35.355248317935306, -9.196399086880092 ], [ -35.355248317935306, -9.196425908970241 ], [ -35.355248317935306, -9.19645273106039 ], [ -35.355275140025455, -9.19645273106039 ], [ -35.355301962115604, -9.19645273106039 ], [ -35.355301962115604, -9.196479553150539 ], [ -35.355328784205753, -9.196479553150539 ], [ -35.355382428386051, -9.196425908970241 ], [ -35.355382428386051, -9.196399086880092 ], [ -35.355382428386051, -9.196372264789943 ], [ -35.3554092504762, -9.196345442699794 ], [ -35.355436072566349, -9.196345442699794 ], [ -35.355436072566349, -9.196318620609645 ], [ -35.355462894656497, -9.196291798519496 ], [ -35.355489716746646, -9.19621133224905 ], [ -35.355489716746646, -9.196184510158901 ], [ -35.355516538836795, -9.196157688068752 ], [ -35.355516538836795, -9.196130865978603 ], [ -35.355543360926944, -9.196104043888454 ], [ -35.355543360926944, -9.196077221798305 ], [ -35.355543360926944, -9.196050399708156 ], [ -35.355543360926944, -9.196023577618007 ], [ -35.355543360926944, -9.195996755527858 ], [ -35.355543360926944, -9.195969933437709 ], [ -35.355543360926944, -9.19594311134756 ], [ -35.355543360926944, -9.195916289257411 ], [ -35.355543360926944, -9.195889467167262 ], [ -35.355543360926944, -9.195862645077113 ], [ -35.355543360926944, -9.195835822986965 ], [ -35.355543360926944, -9.195809000896816 ], [ -35.355543360926944, -9.195782178806667 ], [ -35.355543360926944, -9.195728534626369 ], [ -35.355543360926944, -9.19570171253622 ], [ -35.355543360926944, -9.195648068355922 ], [ -35.355516538836795, -9.195648068355922 ], [ -35.355516538836795, -9.195621246265773 ], [ -35.355489716746646, -9.195594424175624 ], [ -35.355436072566349, -9.195567602085475 ], [ -35.355436072566349, -9.195540779995326 ], [ -35.355382428386051, -9.195513957905177 ], [ -35.355355606295902, -9.195513957905177 ], [ -35.355328784205753, -9.195487135815029 ], [ -35.355275140025455, -9.19546031372488 ], [ -35.355248317935306, -9.19546031372488 ], [ -35.355221495845157, -9.19546031372488 ], [ -35.355194673755008, -9.19546031372488 ], [ -35.355167851664859, -9.19546031372488 ], [ -35.355114207484561, -9.19546031372488 ], [ -35.355087385394413, -9.19546031372488 ], [ -35.355033741214115, -9.19546031372488 ], [ -35.355006919123966, -9.19546031372488 ], [ -35.354953274943668, -9.19546031372488 ], [ -35.354926452853519, -9.19546031372488 ], [ -35.35489963076337, -9.19546031372488 ], [ -35.354872808673221, -9.19546031372488 ], [ -35.354845986583072, -9.19546031372488 ], [ -35.354819164492923, -9.19546031372488 ], [ -35.354819164492923, -9.195487135815029 ], [ -35.354792342402774, -9.195513957905177 ], [ -35.354792342402774, -9.195540779995326 ], [ -35.354765520312625, -9.195540779995326 ], [ -35.354738698222477, -9.195567602085475 ], [ -35.354738698222477, -9.195594424175624 ], [ -35.354738698222477, -9.195621246265773 ], [ -35.354711876132328, -9.195648068355922 ], [ -35.354711876132328, -9.195674890446071 ], [ -35.354711876132328, -9.19570171253622 ], [ -35.354711876132328, -9.195728534626369 ], [ -35.354711876132328, -9.195755356716518 ], [ -35.354711876132328, -9.195809000896816 ], [ -35.354685054042179, -9.195809000896816 ], [ -35.354685054042179, -9.195862645077113 ], [ -35.354685054042179, -9.195889467167262 ], [ -35.35465823195203, -9.19594311134756 ], [ -35.35465823195203, -9.195969933437709 ], [ -35.354631409861881, -9.196077221798305 ], [ -35.354631409861881, -9.196104043888454 ], [ -35.354577765681583, -9.196157688068752 ], [ -35.354577765681583, -9.196184510158901 ], [ -35.354577765681583, -9.19621133224905 ], [ -35.354550943591434, -9.19621133224905 ], [ -35.354550943591434, -9.196238154339198 ], [ -35.354524121501285, -9.196291798519496 ], [ -35.354497299411136, -9.196345442699794 ], [ -35.354497299411136, -9.196372264789943 ], [ -35.354497299411136, -9.196399086880092 ], [ -35.354497299411136, -9.19645273106039 ], [ -35.354497299411136, -9.196479553150539 ], [ -35.354497299411136, -9.196506375240688 ], [ -35.354497299411136, -9.196533197330837 ], [ -35.354524121501285, -9.196533197330837 ], [ -35.354550943591434, -9.196560019420986 ], [ -35.354577765681583, -9.196560019420986 ], [ -35.354604587771732, -9.196586841511134 ], [ -35.354631409861881, -9.196586841511134 ], [ -35.35465823195203, -9.196613663601283 ], [ -35.354685054042179, -9.196613663601283 ], [ -35.354711876132328, -9.196613663601283 ], [ -35.354738698222477, -9.196613663601283 ], [ -35.354980097033817, -9.196157688068752 ], [ -35.355006919123966, -9.196157688068752 ], [ -35.355033741214115, -9.196157688068752 ], [ -35.355087385394413, -9.196157688068752 ] ] ], [ [ [ -35.361840430842925, -9.196347417163921 ], [ -35.361087450905423, -9.19693904425767 ], [ -35.361338444217921, -9.197745808476419 ], [ -35.361544617296047, -9.197709952288919 ], [ -35.361894215124174, -9.197324498273295 ], [ -35.362360345561669, -9.197037648773295 ], [ -35.362387237702293, -9.196786655460796 ], [ -35.363185037874167, -9.196257776695171 ], [ -35.363588419983543, -9.196096423851422 ], [ -35.363436031186666, -9.195675113648297 ], [ -35.363061, -9.195822 ], [ -35.363025, -9.19584 ], [ -35.361840430842925, -9.196347417163921 ] ] ], [ [ [ -35.36370025550945, -9.19933754823658 ], [ -35.364260539243098, -9.199301785340575 ], [ -35.364534126928859, -9.199354854890476 ], [ -35.364522799825629, -9.199003762189459 ], [ -35.364717889889796, -9.198566018765478 ], [ -35.364177092813172, -9.198574608747077 ], [ -35.363825245002367, -9.198502360773601 ], [ -35.363521442011681, -9.19856268778174 ], [ -35.363509520718928, -9.198693818073 ], [ -35.363509520718928, -9.19889647382886 ], [ -35.36347636939761, -9.199318998702976 ], [ -35.36370025550945, -9.19933754823658 ] ] ], [ [ [ -35.365837679126059, -9.185647787320031 ], [ -35.366434504866398, -9.185792251968614 ], [ -35.366972347678896, -9.185846036249863 ], [ -35.366981311725773, -9.18572950364049 ], [ -35.366631713897647, -9.18513787654674 ], [ -35.366309008210145, -9.184824134906115 ], [ -35.366146401829695, -9.184987314384605 ], [ -35.366072093967837, -9.185130401562155 ], [ -35.365993225051383, -9.185260098979203 ], [ -35.365805678901125, -9.185401533635639 ], [ -35.365601644732763, -9.18545466827096 ], [ -35.365601644732763, -9.18561560081185 ], [ -35.365837679126059, -9.185647787320031 ] ] ] ] } },
{ "type": "Feature", "properties": { "fid": 429.0, "LAT_GD": -9.071994, "LONG_GD": -36.098881, "IMG_ANTES": "06/2022", "IMG_DEPOIS": "06/2024", "BIOMA": "Mata Atlântica", "COD_CAR": null, "N_IMOVEL": null, "NM_MUN": "União dos Palmares", "ORGAO": "-", "OPERACAO": "MATA ATLANTICA P2", "PERIODO": "12/2025", "N_PROCESSO": "-", "DATA_AI": "-", "MOTIVO": "DESMATAMENTO", "AI": "2025.17124052867.AAF.AINF", "TE": "SERIE C - TALAO 0066 - FOLHA 05645", "AI_APP": "-", "TE_APP": "-", "AI_RL": "-", "TE_RL": "-", "AREA_UTM": 1.3, "AREA_UC": 0.0, "AREA_TI": 0.0, "AREA_APP": 0.0, "AREA_RL": 0.0, "FORA_UC": 0.0, "FORA_TI": 0.0, "FORA_APP": 0.0, "FORA_RL": 0.0, "SITUACAO": "EMBARGADA" }, "geometry": { "type": "MultiPolygon", "coordinates": [ [ [ [ -36.09846, -9.072747 ], [ -36.098523, -9.072702 ], [ -36.09894749547697, -9.072578188819218 ], [ -36.098979835750235, -9.07268906975612 ], [ -36.099151497127188, -9.07267834092006 ], [ -36.099194412471427, -9.072324289330094 ], [ -36.099215870143546, -9.072292102821915 ], [ -36.099258785487784, -9.072238458641618 ], [ -36.099301700832022, -9.072045339592545 ], [ -36.099248056651724, -9.071830762871354 ], [ -36.099237327815665, -9.071637643822282 ], [ -36.099258785487784, -9.071530355461686 ], [ -36.099290971995963, -9.071444524773209 ], [ -36.09936607384838, -9.071347965248673 ], [ -36.099376802684439, -9.071197761543839 ], [ -36.09935534501232, -9.071154846199601 ], [ -36.099237327815665, -9.071111930855363 ], [ -36.099194412471427, -9.071101202019303 ], [ -36.09885108971752, -9.071047557839005 ], [ -36.099001293422354, -9.071283592232316 ], [ -36.09886181855358, -9.07143379593715 ], [ -36.098775987865103, -9.07117630387172 ], [ -36.098700886012686, -9.07118703270778 ], [ -36.098700886012686, -9.071262134560197 ], [ -36.098711614848746, -9.071337236412614 ], [ -36.098743801356925, -9.071498168953507 ], [ -36.098733072520865, -9.071626914986222 ], [ -36.098700886012686, -9.071723474510758 ], [ -36.098625784160269, -9.071820034035294 ], [ -36.098679428340567, -9.07191659355983 ], [ -36.09858360851468, -9.072100248226109 ], [ -36.09846, -9.072126 ], [ -36.098397, -9.072189 ], [ -36.098352, -9.072234 ], [ -36.098334, -9.072252 ], [ -36.098289, -9.072558 ], [ -36.098289, -9.072603 ], [ -36.098271, -9.072774 ], [ -36.098289, -9.07281 ], [ -36.098334, -9.07281 ], [ -36.09846, -9.072747 ] ] ] ] } },
{ "type": "Feature", "properties": { "fid": 430.0, "LAT_GD": -9.062918, "LONG_GD": -36.095294, "IMG_ANTES": "07/2023", "IMG_DEPOIS": "04/2025", "BIOMA": "Mata Atlântica", "COD_CAR": "AL-2709301-32C08A3034414E5DA8A88EE1D44D1182", "N_IMOVEL": "SITIO BARRA DO CARURU", "NM_MUN": "União dos Palmares", "ORGAO": "-", "OPERACAO": "MATA ATLANTICA P2", "PERIODO": "12/2025", "N_PROCESSO": "-", "DATA_AI": "-", "MOTIVO": "DESMATAMENTO", "AI": "2025.16123036771.AI.IMA", "TE": "2025.161230106.AI.TA", "AI_APP": "-", "TE_APP": "-", "AI_RL": "-", "TE_RL": "-", "AREA_UTM": 3.74, "AREA_UC": 0.0, "AREA_TI": 0.0, "AREA_APP": 0.0, "AREA_RL": 0.0, "FORA_UC": 0.0, "FORA_TI": 0.0, "FORA_APP": 0.0, "FORA_RL": 0.0, "SITUACAO": "EMBARGADA" }, "geometry": { "type": "MultiPolygon", "coordinates": [ [ [ [ -36.095064781140628, -9.064226068230541 ], [ -36.095094318939992, -9.06419730534496 ], [ -36.09525339412118, -9.064032589693468 ], [ -36.095768530836622, -9.063560293097121 ], [ -36.096582113675098, -9.062305821317699 ], [ -36.095159147642732, -9.061844907655594 ], [ -36.094270954100018, -9.062855809995638 ], [ -36.094216228510483, -9.06300445923101 ], [ -36.094114516014976, -9.063110076360715 ], [ -36.094282589103756, -9.063264734642136 ], [ -36.095064781140628, -9.064226068230541 ] ] ] ] } },
{ "type": "Feature", "properties": { "fid": 431.0, "LAT_GD": -8.910754, "LONG_GD": -35.893479, "IMG_ANTES": "07/2022", "IMG_DEPOIS": "01/2025", "BIOMA": "Mata Atlântica", "COD_CAR": "AL-2703007-C98085357D2A4B1CB60EF9EAF78FDA9B", "N_IMOVEL": "FAZENDA SANTA RITA", "NM_MUN": "Ibateguara", "ORGAO": "-", "OPERACAO": "MATA ATLANTICA P2", "PERIODO": "12/2025", "N_PROCESSO": "-", "DATA_AI": "-", "MOTIVO": "DESMATAMENTO", "AI": "2025.1112236858.AI.IMA", "TE": "2025.11122104.AI.TA", "AI_APP": "-", "TE_APP": "-", "AI_RL": "-", "TE_RL": "-", "AREA_UTM": 1.7, "AREA_UC": 0.0, "AREA_TI": 0.0, "AREA_APP": 0.0, "AREA_RL": 0.0, "FORA_UC": 0.0, "FORA_TI": 0.0, "FORA_APP": 0.0, "FORA_RL": 0.0, "SITUACAO": "EMBARGADA" }, "geometry": { "type": "MultiPolygon", "coordinates": [ [ [ [ -35.893692, -8.911503 ], [ -35.89371, -8.911494 ], [ -35.893728, -8.911494 ], [ -35.893746, -8.911476 ], [ -35.893764, -8.911467 ], [ -35.893773, -8.911458 ], [ -35.893782, -8.911449 ], [ -35.893809, -8.911431 ], [ -35.893836, -8.911413 ], [ -35.893845, -8.911395 ], [ -35.893845, -8.911377 ], [ -35.893863, -8.911359 ], [ -35.893863, -8.911332 ], [ -35.893872, -8.911323 ], [ -35.893881, -8.911296 ], [ -35.89389, -8.911278 ], [ -35.893899, -8.911269 ], [ -35.893899, -8.911242 ], [ -35.893917, -8.911233 ], [ -35.893926, -8.911224 ], [ -35.893926, -8.911206 ], [ -35.893935, -8.911179 ], [ -35.893944, -8.911161 ], [ -35.893953, -8.911134 ], [ -35.893971, -8.911125 ], [ -35.893971, -8.911107 ], [ -35.893989, -8.91108 ], [ -35.893998, -8.911053 ], [ -35.894007, -8.911017 ], [ -35.894025, -8.911008 ], [ -35.894043, -8.91099 ], [ -35.894052, -8.910963 ], [ -35.894061, -8.910936 ], [ -35.894088, -8.910909 ], [ -35.894106, -8.9109 ], [ -35.894106, -8.910882 ], [ -35.894115, -8.910873 ], [ -35.894124, -8.910846 ], [ -35.894142, -8.910837 ], [ -35.894142, -8.910774 ], [ -35.894124, -8.910738 ], [ -35.894124, -8.91072 ], [ -35.894106, -8.910666 ], [ -35.894106, -8.910648 ], [ -35.894115, -8.91063 ], [ -35.894124, -8.910612 ], [ -35.894142, -8.910603 ], [ -35.894142, -8.910567 ], [ -35.894151, -8.910558 ], [ -35.89416, -8.91054 ], [ -35.894169, -8.910513 ], [ -35.894178, -8.910495 ], [ -35.894196, -8.910468 ], [ -35.894214, -8.910459 ], [ -35.894223, -8.910432 ], [ -35.894232, -8.910414 ], [ -35.89425, -8.910396 ], [ -35.89425, -8.910297 ], [ -35.894232, -8.910279 ], [ -35.894232, -8.910225 ], [ -35.894223, -8.910207 ], [ -35.894223, -8.910171 ], [ -35.894205, -8.910153 ], [ -35.894196, -8.910135 ], [ -35.894151, -8.910126 ], [ -35.894034, -8.910126 ], [ -35.894007, -8.910135 ], [ -35.893998, -8.910153 ], [ -35.893989, -8.910171 ], [ -35.893989, -8.910234 ], [ -35.89398, -8.910243 ], [ -35.893971, -8.91027 ], [ -35.893953, -8.910279 ], [ -35.893872, -8.910279 ], [ -35.893863, -8.91027 ], [ -35.893845, -8.910261 ], [ -35.893836, -8.910243 ], [ -35.893827, -8.910234 ], [ -35.893818, -8.910225 ], [ -35.893809, -8.910207 ], [ -35.893809, -8.910171 ], [ -35.893692, -8.910153 ], [ -35.893674, -8.910135 ], [ -35.893656, -8.910135 ], [ -35.893638, -8.910126 ], [ -35.893611, -8.910117 ], [ -35.893548, -8.910117 ], [ -35.893539, -8.910108 ], [ -35.893386, -8.910108 ], [ -35.893368, -8.910099 ], [ -35.893359, -8.91009 ], [ -35.893270780989695, -8.91009 ], [ -35.893290946905047, -8.910117922036646 ], [ -35.893258760396868, -8.910311041085718 ], [ -35.893355319921405, -8.910482702462671 ], [ -35.893355319921405, -8.910708008019922 ], [ -35.893172929708392, -8.910804567544458 ], [ -35.893033454839617, -8.910675821511743 ], [ -35.892990539495379, -8.910557804315088 ], [ -35.892872522298724, -8.91050416013479 ], [ -35.89282612893637, -8.910375769276058 ], [ -35.892774662105026, -8.910233337894978 ], [ -35.892774, -8.910234 ], [ -35.892765, -8.910243 ], [ -35.892756, -8.910261 ], [ -35.892747, -8.91027 ], [ -35.892729, -8.910279 ], [ -35.89272, -8.910288 ], [ -35.892711, -8.910297 ], [ -35.892702, -8.910324 ], [ -35.892666, -8.910351 ], [ -35.892666, -8.910378 ], [ -35.892657, -8.910396 ], [ -35.892648, -8.910405 ], [ -35.892639, -8.910414 ], [ -35.892612, -8.910432 ], [ -35.892585, -8.910459 ], [ -35.892558, -8.910468 ], [ -35.892549, -8.910486 ], [ -35.89254, -8.910504 ], [ -35.892531, -8.91054 ], [ -35.892531, -8.910666 ], [ -35.89254, -8.910684 ], [ -35.89254, -8.910711 ], [ -35.892549, -8.91072 ], [ -35.892576, -8.910747 ], [ -35.892585, -8.910765 ], [ -35.892612, -8.910792 ], [ -35.89263, -8.910801 ], [ -35.892639, -8.910828 ], [ -35.892648, -8.910837 ], [ -35.892657, -8.910846 ], [ -35.892666, -8.910855 ], [ -35.892693, -8.910873 ], [ -35.892702, -8.910882 ], [ -35.892711, -8.910891 ], [ -35.89272, -8.9109 ], [ -35.892747, -8.910927 ], [ -35.892756, -8.910936 ], [ -35.892765, -8.910945 ], [ -35.892783, -8.910963 ], [ -35.892801, -8.910972 ], [ -35.892819, -8.910999 ], [ -35.892828, -8.911008 ], [ -35.892855, -8.911008 ], [ -35.892864, -8.911017 ], [ -35.892873, -8.911026 ], [ -35.892882, -8.911044 ], [ -35.892891, -8.911053 ], [ -35.892909, -8.911062 ], [ -35.892918, -8.91108 ], [ -35.892936, -8.911098 ], [ -35.892945, -8.911107 ], [ -35.892954, -8.911116 ], [ -35.892972, -8.911125 ], [ -35.892981, -8.911134 ], [ -35.89299, -8.911152 ], [ -35.892999, -8.911161 ], [ -35.893026, -8.911179 ], [ -35.893044, -8.911188 ], [ -35.893053, -8.911206 ], [ -35.893062, -8.911215 ], [ -35.89308, -8.911224 ], [ -35.893098, -8.911242 ], [ -35.893107, -8.911251 ], [ -35.893116, -8.911269 ], [ -35.893134, -8.911278 ], [ -35.893161, -8.911305 ], [ -35.893188, -8.911323 ], [ -35.893215, -8.91135 ], [ -35.893224, -8.911359 ], [ -35.893233, -8.911377 ], [ -35.893413, -8.911377 ], [ -35.893422, -8.911359 ], [ -35.89344, -8.91135 ], [ -35.893485, -8.91135 ], [ -35.893503, -8.911359 ], [ -35.89353, -8.911377 ], [ -35.893548, -8.911395 ], [ -35.893566, -8.911404 ], [ -35.893593, -8.911431 ], [ -35.893593, -8.911449 ], [ -35.893602, -8.911467 ], [ -35.893611, -8.911494 ], [ -35.89362, -8.911503 ], [ -35.893692, -8.911503 ] ] ] ] } },
{ "type": "Feature", "properties": { "fid": 432.0, "LAT_GD": -8.905789, "LONG_GD": -35.892921, "IMG_ANTES": "07/2022", "IMG_DEPOIS": "01/2025", "BIOMA": "Mata Atlântica", "COD_CAR": "AL-2703007-7C85624226B04701945F3F6671AB6567", "N_IMOVEL": "SÍTIO LARANJEIRAS", "NM_MUN": "Ibateguara", "ORGAO": "-", "OPERACAO": "MATA ATLANTICA P2", "PERIODO": "12/2025", "N_PROCESSO": "-", "DATA_AI": "-", "MOTIVO": "DESMATAMENTO", "AI": "2025.11124273566.AI.IMA", "TE": "2025.111242111.AI.TA", "AI_APP": "-", "TE_APP": "-", "AI_RL": "-", "TE_RL": "-", "AREA_UTM": 2.09, "AREA_UC": 0.0, "AREA_TI": 0.0, "AREA_APP": 0.0, "AREA_RL": 0.0, "FORA_UC": 0.0, "FORA_TI": 0.0, "FORA_APP": 0.0, "FORA_RL": 0.0, "SITUACAO": "EMBARGADA" }, "geometry": { "type": "MultiPolygon", "coordinates": [ [ [ [ -35.893077536796739, -8.906296643173414 ], [ -35.893120452140977, -8.906275185501295 ], [ -35.893163367485215, -8.906253727829176 ], [ -35.893206282829453, -8.906253727829176 ], [ -35.893227740501572, -8.906232270157057 ], [ -35.893270655845811, -8.906210812484938 ], [ -35.893313571190049, -8.906210812484938 ], [ -35.893356486534287, -8.906189354812819 ], [ -35.893377944206406, -8.906167897140699 ], [ -35.893420859550645, -8.906167897140699 ], [ -35.893442317222764, -8.906124981796461 ], [ -35.893485232567002, -8.906103524124342 ], [ -35.89354960558336, -8.906082066452223 ], [ -35.893571063255479, -8.906060608780104 ], [ -35.893613978599717, -8.906039151107985 ], [ -35.893635436271836, -8.906017693435865 ], [ -35.893678351616074, -8.905996235763746 ], [ -35.893699809288194, -8.905953320419508 ], [ -35.893742724632432, -8.905953320419508 ], [ -35.893764182304551, -8.905931862747389 ], [ -35.89378563997667, -8.90591040507527 ], [ -35.893807097648789, -8.905888947403151 ], [ -35.893850012993028, -8.905846032058912 ], [ -35.893871470665147, -8.905824574386793 ], [ -35.893892928337266, -8.905803116714674 ], [ -35.893935843681504, -8.905738743698317 ], [ -35.893957301353623, -8.905717286026197 ], [ -35.893957301353623, -8.905674370681959 ], [ -35.893978759025742, -8.905631455337721 ], [ -35.893978759025742, -8.905588539993483 ], [ -35.894000216697862, -8.905567082321364 ], [ -35.894000216697862, -8.905524166977125 ], [ -35.894000216697862, -8.905481251632887 ], [ -35.894000216697862, -8.905438336288649 ], [ -35.893978759025742, -8.90539542094441 ], [ -35.893935843681504, -8.90539542094441 ], [ -35.893892928337266, -8.90539542094441 ], [ -35.893850012993028, -8.905373963272291 ], [ -35.893807097648789, -8.905373963272291 ], [ -35.89378563997667, -8.905352505600172 ], [ -35.893742724632432, -8.905331047928053 ], [ -35.893699809288194, -8.905331047928053 ], [ -35.893678351616074, -8.905309590255934 ], [ -35.893635436271836, -8.905288132583815 ], [ -35.893571063255479, -8.905288132583815 ], [ -35.89354960558336, -8.905266674911696 ], [ -35.893506690239121, -8.905266674911696 ], [ -35.893442317222764, -8.905245217239576 ], [ -35.893420859550645, -8.905223759567457 ], [ -35.893377944206406, -8.905223759567457 ], [ -35.893356486534287, -8.905202301895338 ], [ -35.893313571190049, -8.905202301895338 ], [ -35.893270655845811, -8.905202301895338 ], [ -35.893227740501572, -8.905202301895338 ], [ -35.893103632937184, -8.905123462289069 ], [ -35.891871076491867, -8.905813693898441 ], [ -35.891889004585622, -8.906405320992191 ], [ -35.892562552665879, -8.906253727829176 ], [ -35.893056079124619, -8.906296643173414 ], [ -35.893077536796739, -8.906296643173414 ] ] ] ] } },
{ "type": "Feature", "properties": { "fid": 433.0, "LAT_GD": -9.128504, "LONG_GD": -35.33431, "IMG_ANTES": "01/2021", "IMG_DEPOIS": "11/2025", "BIOMA": "Mata Atlântica", "COD_CAR": "AL-2707305-CDEA74CEFB8F4A7DAFFB6D109152FE84", "N_IMOVEL": "FAZENDA CRASTO", "NM_MUN": "Porto Calvo", "ORGAO": "-", "OPERACAO": "MATA ATLANTICA P2", "PERIODO": "12/2025", "N_PROCESSO": "-", "DATA_AI": "-", "MOTIVO": "DESMATAMENTO", "AI": "2025.17122351867.AI.IMA", "TE": "2025.171223111.AI.TA", "AI_APP": "-", "TE_APP": "-", "AI_RL": "-", "TE_RL": "-", "AREA_UTM": 5.8, "AREA_UC": 0.0, "AREA_TI": 0.0, "AREA_APP": 0.0, "AREA_RL": 0.0, "FORA_UC": 0.0, "FORA_TI": 0.0, "FORA_APP": 0.0, "FORA_RL": 0.0, "SITUACAO": "EMBARGADA" }, "geometry": { "type": "MultiPolygon", "coordinates": [ [ [ [ -35.335579029559362, -9.128122955911889 ], [ -35.335561148602487, -9.128105074300178 ], [ -35.335561148602487, -9.12805143011988 ], [ -35.335561148602487, -9.128015667551294 ], [ -35.335543267645612, -9.127997785939582 ], [ -35.335543267645612, -9.127979904327871 ], [ -35.335525385379064, -9.127962023370996 ], [ -35.335507504422189, -9.127944141759285 ], [ -35.335489623465314, -9.127926260147573 ], [ -35.335489623465314, -9.127908379190698 ], [ -35.335489623465314, -9.127890497578987 ], [ -35.335489623465314, -9.127872615967275 ], [ -35.335471741198766, -9.1278547350104 ], [ -35.335453860241891, -9.1278547350104 ], [ -35.335435979285016, -9.127836853398689 ], [ -35.335418097018469, -9.127818971786978 ], [ -35.335400216061593, -9.127818971786978 ], [ -35.335382335104718, -9.127801090830102 ], [ -35.33532869092442, -9.127783209218391 ], [ -35.335275046744123, -9.127783209218391 ], [ -35.3352392835207, -9.12776532760668 ], [ -35.335221402563825, -9.127747446649805 ], [ -35.335203520297277, -9.127711683426382 ], [ -35.335203520297277, -9.127693802469507 ], [ -35.335203520297277, -9.127658039246084 ], [ -35.335203520297277, -9.127640158289209 ], [ -35.335203520297277, -9.127622276677497 ], [ -35.335203520297277, -9.127604395065786 ], [ -35.335203520297277, -9.127586514108911 ], [ -35.335203520297277, -9.1275686324972 ], [ -35.335203520297277, -9.127550750885488 ], [ -35.335203520297277, -9.127532869928613 ], [ -35.335203520297277, -9.127514988316902 ], [ -35.335221402563825, -9.12749710670519 ], [ -35.335221402563825, -9.127479225748315 ], [ -35.3352392835207, -9.127479225748315 ], [ -35.335257164477575, -9.127443462524893 ], [ -35.335346571881296, -9.12737193738772 ], [ -35.335418097018469, -9.127228885803701 ], [ -35.335400216061593, -9.126871258153328 ], [ -35.335319125776181, -9.126563116375372 ], [ -35.335310808657873, -9.12656727501067 ], [ -35.3352392835207, -9.126585155640127 ], [ -35.335221402563825, -9.126603037251838 ], [ -35.335185639340402, -9.126603037251838 ], [ -35.335149876116979, -9.126638799820425 ], [ -35.335131995160104, -9.126674563371266 ], [ -35.335114114203229, -9.126692444000723 ], [ -35.335096231936681, -9.126710325612434 ], [ -35.335042587756384, -9.126710325612434 ], [ -35.335024706799508, -9.126692444000723 ], [ -35.335006825842633, -9.126674563371266 ], [ -35.334988943576086, -9.126656681432136 ], [ -35.334971062619211, -9.126620919190968 ], [ -35.334917418438913, -9.126620919190968 ], [ -35.334863774258615, -9.126620919190968 ], [ -35.334828011035192, -9.126620919190968 ], [ -35.334774366854894, -9.126620919190968 ], [ -35.334756485898019, -9.126638799820425 ], [ -35.334720722674597, -9.126674563371266 ], [ -35.334720722674597, -9.126710325612434 ], [ -35.334720722674597, -9.126746088181021 ], [ -35.334702841717721, -9.126781851731861 ], [ -35.334684960760846, -9.12681761397303 ], [ -35.334684960760846, -9.126853376541616 ], [ -35.334684960760846, -9.126889140092457 ], [ -35.334667078494299, -9.126924902333625 ], [ -35.334667078494299, -9.126960664902212 ], [ -35.334649197537424, -9.126978546513923 ], [ -35.334649197537424, -9.12701430908251 ], [ -35.334631316580548, -9.127032190694221 ], [ -35.334613434314001, -9.127050072633351 ], [ -35.334595553357126, -9.12710371648623 ], [ -35.33457767240025, -9.127121597443105 ], [ -35.334559791443375, -9.127157360666528 ], [ -35.334541909176828, -9.127193123235115 ], [ -35.334541909176828, -9.127228885803701 ], [ -35.334541909176828, -9.127264649027124 ], [ -35.334541909176828, -9.12730041159571 ], [ -35.334541909176828, -9.127336174164297 ], [ -35.334559791443375, -9.12737193738772 ], [ -35.33457767240025, -9.127407699956306 ], [ -35.334595553357126, -9.127443462524893 ], [ -35.334613434314001, -9.127461344136604 ], [ -35.334631316580548, -9.127479225748315 ], [ -35.334649197537424, -9.127514988316902 ], [ -35.334684960760846, -9.127514988316902 ], [ -35.334702841717721, -9.127532869928613 ], [ -35.334720722674597, -9.127550750885488 ], [ -35.334756485898019, -9.127550750885488 ], [ -35.334810130078317, -9.1275686324972 ], [ -35.33488165521549, -9.1275686324972 ], [ -35.334899537482038, -9.127586514108911 ], [ -35.334899537482038, -9.127622276677497 ], [ -35.334899537482038, -9.127658039246084 ], [ -35.334899537482038, -9.127693802469507 ], [ -35.33488165521549, -9.127711683426382 ], [ -35.334863774258615, -9.127729565038093 ], [ -35.334828011035192, -9.127729565038093 ], [ -35.334792249121442, -9.127747446649805 ], [ -35.334756485898019, -9.127747446649805 ], [ -35.334720722674597, -9.127747446649805 ], [ -35.334667078494299, -9.127747446649805 ], [ -35.334631316580548, -9.127747446649805 ], [ -35.334595553357126, -9.127747446649805 ], [ -35.334559791443375, -9.127747446649805 ], [ -35.334524028219953, -9.127747446649805 ], [ -35.33448826499653, -9.127747446649805 ], [ -35.33445250308278, -9.127747446649805 ], [ -35.334434620816232, -9.12776532760668 ], [ -35.334416739859357, -9.127783209218391 ], [ -35.334398858902482, -9.127801090830102 ], [ -35.334398858902482, -9.127836853398689 ], [ -35.334380976635934, -9.127890497578987 ], [ -35.334363095679059, -9.127926260147573 ], [ -35.334345214722184, -9.127944141759285 ], [ -35.334327332455636, -9.127926260147573 ], [ -35.334309451498761, -9.127890497578987 ], [ -35.334309451498761, -9.1278547350104 ], [ -35.334291570541886, -9.127836853398689 ], [ -35.334291570541886, -9.127801090830102 ], [ -35.334273688275339, -9.127783209218391 ], [ -35.334273688275339, -9.127747446649805 ], [ -35.334273688275339, -9.127711683426382 ], [ -35.334255807318463, -9.127675920857795 ], [ -35.334255807318463, -9.127640158289209 ], [ -35.334237926361588, -9.127622276677497 ], [ -35.334220044095041, -9.127604395065786 ], [ -35.334211103698458, -9.127595454505494 ], [ -35.334202163138166, -9.127604395065786 ], [ -35.33418428218129, -9.127622276677497 ], [ -35.334166399914743, -9.127640158289209 ], [ -35.334166399914743, -9.127675920857795 ], [ -35.334148518957868, -9.127693802469507 ], [ -35.334130638000993, -9.127711683426382 ], [ -35.334130638000993, -9.127747446649805 ], [ -35.334112755734445, -9.127783209218391 ], [ -35.334059111554147, -9.127783209218391 ], [ -35.334041230597272, -9.127801090830102 ], [ -35.334023349640397, -9.127818971786978 ], [ -35.333987586416974, -9.127836853398689 ], [ -35.333951823193551, -9.127836853398689 ], [ -35.333916061279801, -9.1278547350104 ], [ -35.333898179013254, -9.127872615967275 ], [ -35.333880298056378, -9.127890497578987 ], [ -35.333844534832956, -9.127890497578987 ], [ -35.333808772919205, -9.127890497578987 ], [ -35.333790890652658, -9.127908379190698 ], [ -35.333755128738908, -9.127944141759285 ], [ -35.33373724647236, -9.127962023370996 ], [ -35.333719365515485, -9.127979904327871 ], [ -35.333683602292062, -9.127997785939582 ], [ -35.333683602292062, -9.128033548508169 ], [ -35.333683602292062, -9.128069311731592 ], [ -35.333683602292062, -9.128105074300178 ], [ -35.333683602292062, -9.128158718480476 ], [ -35.333683602292062, -9.128194481049063 ], [ -35.333665721335187, -9.128212362660774 ], [ -35.333665721335187, -9.12824812522936 ], [ -35.333647840378312, -9.128266006841072 ], [ -35.333647840378312, -9.128301769409658 ], [ -35.333629958111764, -9.12831965102137 ], [ -35.333594196198014, -9.128337532633081 ], [ -35.333558432974591, -9.128337532633081 ], [ -35.333522669751169, -9.128337532633081 ], [ -35.333504788794293, -9.12831965102137 ], [ -35.333469025570871, -9.128301769409658 ], [ -35.333397500433698, -9.128301769409658 ], [ -35.3333438562534, -9.128301769409658 ], [ -35.333290212073102, -9.128301769409658 ], [ -35.333254448849679, -9.128301769409658 ], [ -35.333236567892804, -9.12831965102137 ], [ -35.333236567892804, -9.128355413589956 ], [ -35.333236567892804, -9.128391176813379 ], [ -35.333236567892804, -9.128426939381965 ], [ -35.333236567892804, -9.128480583398556 ], [ -35.333218686935929, -9.128480583234849 ], [ -35.333182923712506, -9.128498464191724 ], [ -35.333147160489084, -9.128498464191724 ], [ -35.333129279532208, -9.128498464191724 ], [ -35.333111398575333, -9.128498464191724 ], [ -35.333093516308786, -9.128498464191724 ], [ -35.333075635351911, -9.128516345803435 ], [ -35.333039872128488, -9.128534227415146 ], [ -35.333021991171613, -9.128552108372022 ], [ -35.33298622794819, -9.128569989983733 ], [ -35.332972761585239, -9.128574478826179 ], [ -35.332812859648314, -9.1295052678584 ], [ -35.332825295407297, -9.129517703617383 ], [ -35.332843177673844, -9.129535585229094 ], [ -35.332896821854142, -9.129535585229094 ], [ -35.332914702811017, -9.129553466840806 ], [ -35.33295046603444, -9.129571347797681 ], [ -35.33298622794819, -9.129589229409392 ], [ -35.333004110214738, -9.129607111021103 ], [ -35.333057754395035, -9.129607111021103 ], [ -35.333075635351911, -9.12964287358969 ], [ -35.333111398575333, -9.12964287358969 ], [ -35.333129279532208, -9.129660755201401 ], [ -35.333147160489084, -9.129678636158276 ], [ -35.333165042755631, -9.129696517769988 ], [ -35.333200804669382, -9.129696517769988 ], [ -35.333218686935929, -9.129714399381699 ], [ -35.333236567892804, -9.129750161950286 ], [ -35.333272331116227, -9.129750161950286 ], [ -35.333290212073102, -9.129768043561997 ], [ -35.333308093029977, -9.129785924518872 ], [ -35.3333438562534, -9.129803806130584 ], [ -35.333379619476823, -9.129821687742295 ], [ -35.33343326365712, -9.129821687742295 ], [ -35.333451144613996, -9.12983956869917 ], [ -35.333486907837418, -9.12983956869917 ], [ -35.333540552017716, -9.12983956869917 ], [ -35.333594196198014, -9.12983956869917 ], [ -35.333629958111764, -9.12983956869917 ], [ -35.333665721335187, -9.12983956869917 ], [ -35.333719365515485, -9.12983956869917 ], [ -35.333755128738908, -9.12983956869917 ], [ -35.333808772919205, -9.12983956869917 ], [ -35.333844534832956, -9.12983956869917 ], [ -35.333898179013254, -9.129821687742295 ], [ -35.333933942236676, -9.129821687742295 ], [ -35.333987586416974, -9.129803806130584 ], [ -35.334023349640397, -9.129803806130584 ], [ -35.334059111554147, -9.129785924518872 ], [ -35.33409487477757, -9.129785924518872 ], [ -35.334130638000993, -9.129768043561997 ], [ -35.334166399914743, -9.129768043561997 ], [ -35.334202163138166, -9.129768043561997 ], [ -35.334237926361588, -9.129750161950286 ], [ -35.334273688275339, -9.129732280338574 ], [ -35.334291570541886, -9.129714399381699 ], [ -35.334327332455636, -9.129714399381699 ], [ -35.334363095679059, -9.129696517769988 ], [ -35.334380976635934, -9.129678636158276 ], [ -35.334398858902482, -9.129660755201401 ], [ -35.334434620816232, -9.129660755201401 ], [ -35.334470384039655, -9.12964287358969 ], [ -35.334506147263077, -9.12964287358969 ], [ -35.334524028219953, -9.129624991977979 ], [ -35.334559791443375, -9.129607111021103 ], [ -35.33457767240025, -9.129589229409392 ], [ -35.334613435623673, -9.129553466840806 ], [ -35.334649197537424, -9.129535585229094 ], [ -35.334684960760846, -9.129499822660508 ], [ -35.334702841717721, -9.129464059437085 ], [ -35.334720722674597, -9.12944617848021 ], [ -35.334720722674597, -9.129410415256787 ], [ -35.334720722674597, -9.12939253495475 ], [ -35.334756485898019, -9.129374653015615 ], [ -35.334774366854894, -9.129338890447029 ], [ -35.334828011035192, -9.129321008835317 ], [ -35.334863774258615, -9.129285246266731 ], [ -35.33488165521549, -9.129231602086433 ], [ -35.334899537482038, -9.129213720474722 ], [ -35.334917418438913, -9.129177957906135 ], [ -35.334935299395788, -9.129160076294424 ], [ -35.334935299395788, -9.129124313725837 ], [ -35.334935299395788, -9.129070669545539 ], [ -35.334935299395788, -9.129034906976953 ], [ -35.334935299395788, -9.129008084886804 ], [ -35.334953181662335, -9.12899914375353 ], [ -35.334971062619211, -9.128981262796655 ], [ -35.335024706799508, -9.128963381184944 ], [ -35.335042587756384, -9.128945499573232 ], [ -35.335060470022931, -9.128927618616357 ], [ -35.335096231936681, -9.128891855392935 ], [ -35.335149876116979, -9.128873974436059 ], [ -35.335167758383527, -9.128856092824348 ], [ -35.335185639340402, -9.128838211212637 ], [ -35.335203520297277, -9.128820330255762 ], [ -35.335257164477575, -9.128784567032339 ], [ -35.335275046744123, -9.128766686075464 ], [ -35.335310808657873, -9.128748804463752 ], [ -35.335346571881296, -9.128748804463752 ], [ -35.335364452838171, -9.128713041895166 ], [ -35.335382335104718, -9.128695160283455 ], [ -35.335435979285016, -9.128677278671743 ], [ -35.335489623465314, -9.128623634491445 ], [ -35.335525385379064, -9.128587871922859 ], [ -35.335561148602487, -9.128569990311147 ], [ -35.335579029559362, -9.128552109354272 ], [ -35.33559691182591, -9.12851634613085 ], [ -35.335614792782785, -9.128498465173974 ], [ -35.335614792782785, -9.128462701950552 ], [ -35.33563267373966, -9.128444820993677 ], [ -35.33563267373966, -9.128409057770254 ], [ -35.33563267373966, -9.128337532633081 ], [ -35.33563267373966, -9.12831965102137 ], [ -35.335567781421908, -9.128168235745305 ], [ -35.335579029559362, -9.12816965541081 ], [ -35.335579029559362, -9.128158718480476 ], [ -35.335579029559362, -9.128122955911889 ] ] ] ] } },
{ "type": "Feature", "properties": { "fid": 434.0, "LAT_GD": -8.932215, "LONG_GD": -35.884591, "IMG_ANTES": "07/2021", "IMG_DEPOIS": "11/2024", "BIOMA": "Mata Atlântica", "COD_CAR": "AL-2703007-8B8C58381C164B13892A3F2E91B1D347", "N_IMOVEL": "FAZENDA JARDIM QUINA-QUINA", "NM_MUN": "Ibateguara", "ORGAO": "-", "OPERACAO": "MATA ATLANTICA P2", "PERIODO": "12/2025", "N_PROCESSO": "-", "DATA_AI": "-", "MOTIVO": "DESMATAMENTO", "AI": "2025.16122226981.AAF.AINF", "TE": "SERIE C - TALAO 0066 - FOLHA 05642", "AI_APP": "-", "TE_APP": "-", "AI_RL": "-", "TE_RL": "-", "AREA_UTM": 3.24, "AREA_UC": 0.0, "AREA_TI": 0.0, "AREA_APP": 0.0, "AREA_RL": 0.0, "FORA_UC": 0.0, "FORA_TI": 0.0, "FORA_APP": 0.0, "FORA_RL": 0.0, "SITUACAO": "EMBARGADA" }, "geometry": { "type": "MultiPolygon", "coordinates": [ [ [ [ -35.884260600695029, -8.932920971648439 ], [ -35.884690874945022, -8.933422958273438 ], [ -35.885542459398145, -8.932768582851564 ], [ -35.885121149195022, -8.932445877164064 ], [ -35.885354214413773, -8.931970782679688 ], [ -35.885148041335647, -8.931280551070314 ], [ -35.884535646277492, -8.931021231789998 ], [ -35.884521341381024, -8.931006926566113 ], [ -35.884507036484557, -8.931006926566113 ], [ -35.884478426036786, -8.931006926566113 ], [ -35.884464121140319, -8.930992621342227 ], [ -35.884449815589015, -8.930992621342227 ], [ -35.884435510692548, -8.930992621342227 ], [ -35.88442120579608, -8.930992621342227 ], [ -35.884406900244777, -8.930992621342227 ], [ -35.884392595348309, -8.930992621342227 ], [ -35.884378290451842, -8.930992621342227 ], [ -35.884349680004071, -8.930992621342227 ], [ -35.884335375107604, -8.931006926566113 ], [ -35.8843210695563, -8.931021231789998 ], [ -35.884306764659833, -8.931021231789998 ], [ -35.884292459763365, -8.931035536686466 ], [ -35.884278154212062, -8.931049841910351 ], [ -35.884235238867824, -8.931078452030704 ], [ -35.884220933971356, -8.931092757254589 ], [ -35.884206629074889, -8.931092757254589 ], [ -35.884206629074889, -8.931107062478475 ], [ -35.884192323523585, -8.931121367374942 ], [ -35.884178018627118, -8.931135672598828 ], [ -35.884163713730651, -8.931149977822713 ], [ -35.884149408179347, -8.93116428271918 ], [ -35.884149408179347, -8.931178587943066 ], [ -35.88413510328288, -8.931192893166951 ], [ -35.88413510328288, -8.931207198063419 ], [ -35.884412989491899, -8.931773573648442 ], [ -35.88362011915202, -8.932065504948184 ], [ -35.883605814255553, -8.932094115395955 ], [ -35.883591508704249, -8.932094115395955 ], [ -35.883577203807782, -8.932137030740193 ], [ -35.883562898911315, -8.932165640860546 ], [ -35.883562898911315, -8.932179946084432 ], [ -35.883562898911315, -8.932194250980899 ], [ -35.883562898911315, -8.932208556204785 ], [ -35.883548593360011, -8.932208556204785 ], [ -35.883548593360011, -8.93222286142867 ], [ -35.883548593360011, -8.932237166325137 ], [ -35.883548593360011, -8.932265776772908 ], [ -35.883562898911315, -8.932265776772908 ], [ -35.883562898911315, -8.932280081669376 ], [ -35.883562898911315, -8.932294386893261 ], [ -35.883562898911315, -8.932322997013614 ], [ -35.883562898911315, -8.932337302564918 ], [ -35.883562898911315, -8.932365912357852 ], [ -35.883591508704249, -8.932380217909156 ], [ -35.883591508704249, -8.932394522805623 ], [ -35.883591508704249, -8.932408827702091 ], [ -35.883591508704249, -8.932423133253394 ], [ -35.883605814255553, -8.932423133253394 ], [ -35.883605814255553, -8.932437438149861 ], [ -35.883605814255553, -8.932451743046329 ], [ -35.883605814255553, -8.932466048597632 ], [ -35.883605814255553, -8.9324803534941 ], [ -35.883605814255553, -8.932494658390567 ], [ -35.88362011915202, -8.932508963941871 ], [ -35.88362011915202, -8.932523268838338 ], [ -35.883634424048488, -8.932537573734805 ], [ -35.883634424048488, -8.932551879286109 ], [ -35.883634424048488, -8.932566184182576 ], [ -35.883648729599791, -8.932580489079044 ], [ -35.883648729599791, -8.932594794630347 ], [ -35.883648729599791, -8.932609099526815 ], [ -35.883663034496259, -8.932637709974586 ], [ -35.88369164494403, -8.93266631976752 ], [ -35.883705949840497, -8.932680625318824 ], [ -35.883720254736964, -8.932680625318824 ], [ -35.883748865184735, -8.932694930215291 ], [ -35.883777475632506, -8.932709235111759 ], [ -35.883791780528973, -8.932723540663062 ], [ -35.883820390976744, -8.932752150455997 ], [ -35.883849000769679, -8.9327664560073 ], [ -35.883863306320983, -8.932780760903768 ], [ -35.88387761121745, -8.932809371351539 ], [ -35.883906221665221, -8.932809371351539 ], [ -35.883920526561688, -8.932809371351539 ], [ -35.883949137009459, -8.932837981144473 ], [ -35.883977746802394, -8.932837981144473 ], [ -35.883992052353697, -8.932837981144473 ], [ -35.884006357250165, -8.932837981144473 ], [ -35.884034967697936, -8.932852286695777 ], [ -35.884063577490871, -8.932852286695777 ], [ -35.884077883042174, -8.932852286695777 ], [ -35.884260600695029, -8.932920971648439 ] ] ] ] } },
{ "type": "Feature", "properties": { "fid": 435.0, "LAT_GD": -8.90467, "LONG_GD": -35.654376, "IMG_ANTES": "04/2022", "IMG_DEPOIS": "04/2025", "BIOMA": "Mata Atlântica", "COD_CAR": "AL-2702108-AEEA994482544CE89D837E0CB83F8655", "N_IMOVEL": "FAZENDA CAMPO NOVO", "NM_MUN": "Colônia Leopoldina", "ORGAO": "-", "OPERACAO": "MATA ATLANTICA P2", "PERIODO": "12/2025", "N_PROCESSO": "-", "DATA_AI": "-", "MOTIVO": "DESMATAMENTO", "AI": "2025.11121718995.AAF.AINF", "TE": "SERIE C - TALAO 0066 - FOLHA 05639", "AI_APP": "-", "TE_APP": "-", "AI_RL": "-", "TE_RL": "-", "AREA_UTM": 2.07, "AREA_UC": 0.0, "AREA_TI": 0.0, "AREA_APP": 0.0, "AREA_RL": 0.0, "FORA_UC": 0.0, "FORA_TI": 0.0, "FORA_APP": 0.0, "FORA_RL": 0.0, "SITUACAO": "EMBARGADA" }, "geometry": { "type": "MultiPolygon", "coordinates": [ [ [ [ -35.654635, -8.9048 ], [ -35.654565, -8.904614 ], [ -35.654444, -8.904276 ], [ -35.654031, -8.90356 ], [ -35.653809, -8.903179 ], [ -35.653713, -8.903338 ], [ -35.65392, -8.904371 ], [ -35.653681, -8.905325 ], [ -35.654047, -8.905356 ], [ -35.654603, -8.905404 ], [ -35.65508, -8.905357 ], [ -35.655303, -8.904673 ], [ -35.655224, -8.904416 ], [ -35.654862, -8.904428 ], [ -35.65487, -8.904582 ], [ -35.65467, -8.904768 ], [ -35.654635, -8.9048 ] ] ] ] } },
{ "type": "Feature", "properties": { "fid": 436.0, "LAT_GD": -8.92582, "LONG_GD": -35.77035, "IMG_ANTES": "04/2022", "IMG_DEPOIS": "04/2025", "BIOMA": "Mata Atlântica", "COD_CAR": "AL-2702108-FD491223C0664A8898A310AD80EC8E07", "N_IMOVEL": "FAZENDA VALE DO JACUÍPE", "NM_MUN": "Colônia Leopoldina", "ORGAO": "-", "OPERACAO": "MATA ATLANTICA P2", "PERIODO": "12/2025", "N_PROCESSO": "-", "DATA_AI": "-", "MOTIVO": "DESMATAMENTO", "AI": "2025.11123981364.AAF.AINF", "TE": "SERIE C - TALAO 0066 - FOLHA 05638", "AI_APP": "-", "TE_APP": "-", "AI_RL": "-", "TE_RL": "-", "AREA_UTM": 9.67, "AREA_UC": 0.0, "AREA_TI": 0.0, "AREA_APP": 0.0, "AREA_RL": 0.0, "FORA_UC": 0.0, "FORA_TI": 0.0, "FORA_APP": 0.0, "FORA_RL": 0.0, "SITUACAO": "EMBARGADA" }, "geometry": { "type": "MultiPolygon", "coordinates": [ [ [ [ -35.767910070731503, -8.925961919279251 ], [ -35.767877794954366, -8.926114585022642 ], [ -35.769087620882978, -8.926308673061955 ], [ -35.769182562378425, -8.926141932343532 ], [ -35.769488484974872, -8.92621488141722 ], [ -35.769667818910719, -8.926527520139228 ], [ -35.769679727372214, -8.927003970812327 ], [ -35.770362648738818, -8.927336613346784 ], [ -35.77049064520461, -8.927329958299213 ], [ -35.771186882837895, -8.927382064612202 ], [ -35.771756531810581, -8.927694702333808 ], [ -35.772283984563074, -8.927798914848125 ], [ -35.771951, -8.927196 ], [ -35.771798728030788, -8.926861001147362 ], [ -35.770975901736911, -8.926715103243817 ], [ -35.771081392287407, -8.925943927641416 ], [ -35.772115199682283, -8.925964770246701 ], [ -35.772178494012579, -8.925422862122305 ], [ -35.771756531810588, -8.925110222453609 ], [ -35.771850804532029, -8.924273322828462 ], [ -35.771675468721888, -8.924088225387617 ], [ -35.771140168786481, -8.92418904416737 ], [ -35.771081392287407, -8.924609998426448 ], [ -35.770596135755113, -8.924443256931657 ], [ -35.768866090726938, -8.925131065308937 ], [ -35.768282, -8.924986 ], [ -35.767910070731503, -8.925961919279251 ] ] ] ] } },
{ "type": "Feature", "properties": { "fid": 437.0, "LAT_GD": -9.226363, "LONG_GD": -36.031025, "IMG_ANTES": "09/2024", "IMG_DEPOIS": "08/2025", "BIOMA": "Mata Atlântica", "COD_CAR": "AL-2701100-9A91A36C664C41648B0A4B23E97DC092", "N_IMOVEL": "PA ELDORADO DOS CARAJÁS", "NM_MUN": "Branquinha", "ORGAO": "-", "OPERACAO": "MATA ATLANTICA P2", "PERIODO": "12/2025", "N_PROCESSO": "-", "DATA_AI": "-", "MOTIVO": "DESMATAMENTO", "AI": "2025.10122320854.AAF.AINF", "TE": "SERIE C - TALAO 0066 - FOLHA 05637", "AI_APP": "-", "TE_APP": "-", "AI_RL": "-", "TE_RL": "-", "AREA_UTM": 3.84, "AREA_UC": 0.0, "AREA_TI": 0.0, "AREA_APP": 0.0, "AREA_RL": 0.0, "FORA_UC": 0.0, "FORA_TI": 0.0, "FORA_APP": 0.0, "FORA_RL": 0.0, "SITUACAO": "EMBARGADA" }, "geometry": { "type": "MultiPolygon", "coordinates": [ [ [ [ -36.031047417666464, -9.226805508618943 ], [ -36.031404741695383, -9.226933763410553 ], [ -36.031791872470485, -9.227024457809536 ], [ -36.03191636473678, -9.226941779333481 ], [ -36.032119389753205, -9.226236377418527 ], [ -36.032817795809713, -9.226003915114781 ], [ -36.032533560786717, -9.225482878360229 ], [ -36.031786428726264, -9.225506926227379 ], [ -36.031770186724948, -9.226436775833282 ], [ -36.03103929666581, -9.226372648352948 ], [ -36.031136748673696, -9.226019947002717 ], [ -36.031169232676319, -9.225522958137903 ], [ -36.030105381590246, -9.225530974092891 ], [ -36.029829267567905, -9.227486861665129 ], [ -36.030679975034282, -9.227356076021467 ], [ -36.031047417666464, -9.226805508618943 ] ] ] ] } },
{ "type": "Feature", "properties": { "fid": 450.0, "LAT_GD": -9.15238, "LONG_GD": -36.153261, "IMG_ANTES": "11/2021", "IMG_DEPOIS": "02/2026", "BIOMA": "Mata Atlântica", "COD_CAR": "AL-2708105-CE6348CE64EF43F3AA926F064C0FFC6E", "N_IMOVEL": "FAZENDA CAIRARA", "NM_MUN": "Santana do Mundau", "ORGAO": "IMA-AL", "OPERACAO": "MATA VIVA", "PERIODO": "9 A 20 DE MARÇO DE 2026", "N_PROCESSO": "-", "DATA_AI": "-", "MOTIVO": "DESMATAMENTO", "AI": "2026.19035766916.AAF.AINF", "TE": "2026.19032951879.AAF.AINF", "AI_APP": "-", "TE_APP": "-", "AI_RL": "-", "TE_RL": "-", "AREA_UTM": 5.64, "AREA_UC": 0.0, "AREA_TI": 0.0, "AREA_APP": 0.0, "AREA_RL": 0.0, "FORA_UC": 5.64, "FORA_TI": 5.64, "FORA_APP": 5.64, "FORA_RL": 5.64, "SITUACAO": "EMBARGADA" }, "geometry": { "type": "MultiPolygon", "coordinates": [ [ [ [ -36.154461965617344, -9.153423314898438 ], [ -36.154442365454891, -9.152477117025647 ], [ -36.154293201279842, -9.151409443471842 ], [ -36.153146935735869, -9.151322179443307 ], [ -36.151899358385862, -9.151589349927065 ], [ -36.151463745561237, -9.152153066718956 ], [ -36.151937522613551, -9.152198332419593 ], [ -36.152327242446901, -9.152288863803573 ], [ -36.15264054662665, -9.152771697462235 ], [ -36.152243185227945, -9.153005569779991 ], [ -36.152365450273699, -9.153360150097392 ], [ -36.152678754453454, -9.153503490976398 ], [ -36.15318434908572, -9.153510402339233 ], [ -36.15378003591519, -9.153382476322408 ], [ -36.154263200226993, -9.153482697165215 ], [ -36.154313519726927, -9.153366980823369 ], [ -36.154461965617344, -9.153423314898438 ] ] ] ] } },
{ "type": "Feature", "properties": { "fid": 446.0, "LAT_GD": -9.155046, "LONG_GD": -36.153554, "IMG_ANTES": "12/2022", "IMG_DEPOIS": "02/2026", "BIOMA": "Mata Atlântica", "COD_CAR": "AL-2708105-379D457BD7C541DE937F926F2E5A74FA", "N_IMOVEL": "FAZENDA SANTO ANTONIO", "NM_MUN": "Santana do Mundau", "ORGAO": "IMA-AL", "OPERACAO": "MATA VIVA", "PERIODO": "9 A 20 DE MARÇO DE 2026", "N_PROCESSO": "-", "DATA_AI": "-", "MOTIVO": "DESMATAMENTO", "AI": "2026.18031070442.AAF.AINF", "TE": "2026.19034908054.AAF.AINF", "AI_APP": "-", "TE_APP": "-", "AI_RL": "-", "TE_RL": "-", "AREA_UTM": 4.21, "AREA_UC": 0.0, "AREA_TI": 0.0, "AREA_APP": 0.0, "AREA_RL": 0.0, "FORA_UC": 4.21, "FORA_TI": 4.21, "FORA_APP": 4.21, "FORA_RL": 4.21, "SITUACAO": "EMBARGADA" }, "geometry": { "type": "MultiPolygon", "coordinates": [ [ [ [ -36.152686396018801, -9.155344284497142 ], [ -36.152877435152796, -9.155585699333896 ], [ -36.152885076718157, -9.156106249517808 ], [ -36.152894787138713, -9.156462456370901 ], [ -36.153562513941104, -9.156519625351233 ], [ -36.154766106878533, -9.154047540453975 ], [ -36.154428672920844, -9.153865615044948 ], [ -36.15386319708422, -9.153933513266745 ], [ -36.153374136901192, -9.154031588453117 ], [ -36.152844140608572, -9.154346796328525 ], [ -36.152535797432272, -9.155185311427676 ], [ -36.152686396018801, -9.155344284497142 ] ] ] ] } },
{ "type": "Feature", "properties": { "fid": 449.0, "LAT_GD": -9.187316, "LONG_GD": -36.018793, "IMG_ANTES": "02/2022", "IMG_DEPOIS": "03/02/2026", "BIOMA": "Mata Atlântica", "COD_CAR": "N/A", "N_IMOVEL": "N/A", "NM_MUN": "Uniao dos Palmares", "ORGAO": "IMA-AL", "OPERACAO": "MATA VIVA", "PERIODO": "9 A 20 DE MARÇO DE 2026", "N_PROCESSO": "-", "DATA_AI": "-", "MOTIVO": "DESMATAMENTO", "AI": "2026.9033567899.AI.IMA", "TE": "2026.90335116.AI.TA", "AI_APP": "-", "TE_APP": "-", "AI_RL": "-", "TE_RL": "-", "AREA_UTM": 5.54, "AREA_UC": 5.54, "AREA_TI": 0.0, "AREA_APP": 0.11, "AREA_RL": 0.0, "FORA_UC": 0.0, "FORA_TI": 5.54, "FORA_APP": 5.43, "FORA_RL": 5.54, "SITUACAO": "EMBARGADA" }, "geometry": { "type": "MultiPolygon", "coordinates": [ [ [ [ -36.021301253792934, -9.188953965665757 ], [ -36.020731642913049, -9.189029498641746 ], [ -36.020493596575193, -9.188693796402944 ], [ -36.020072117760471, -9.187945743379277 ], [ -36.019869462332032, -9.187361617714959 ], [ -36.019130364445779, -9.187337775947999 ], [ -36.018999234154514, -9.187170882924438 ], [ -36.018903866431835, -9.187325854982664 ], [ -36.018975392223844, -9.187683482796746 ], [ -36.019380703735557, -9.188005347878534 ], [ -36.019677437702526, -9.188408449249799 ], [ -36.01994098900515, -9.188786114550332 ], [ -36.02014364355248, -9.188994785054565 ], [ -36.020397962465516, -9.189141211281417 ], [ -36.020574345490154, -9.189408910289357 ], [ -36.020920052502611, -9.189492356719283 ], [ -36.021275748828167, -9.189440733450651 ], [ -36.021301253792934, -9.188953965665757 ] ] ], [ [ [ -36.017807073619331, -9.18793846520234 ], [ -36.018153, -9.187713 ], [ -36.01845319939352, -9.18744330276348 ], [ -36.01875075731585, -9.187099206423783 ], [ -36.01884427552001, -9.18625994565698 ], [ -36.019251, -9.185526 ], [ -36.019287, -9.185364 ], [ -36.018905447800456, -9.185043392132927 ], [ -36.018725252351075, -9.185001050779194 ], [ -36.01867506016297, -9.185655500463906 ], [ -36.018439025769659, -9.186106111578408 ], [ -36.018203055418446, -9.186479398222763 ], [ -36.018199519060822, -9.186471441442396 ], [ -36.017961100408961, -9.186364153081801 ], [ -36.017710761119183, -9.186340311151131 ], [ -36.017007426456352, -9.18626878568654 ], [ -36.016718861789101, -9.186352264438648 ], [ -36.016888894887572, -9.186604042811837 ], [ -36.017296974323905, -9.186948139632486 ], [ -36.017305475978837, -9.187384554631583 ], [ -36.017237462739445, -9.188022390970833 ], [ -36.017807073619331, -9.18793846520234 ] ] ] ] } },
{ "type": "Feature", "properties": { "fid": 447.0, "LAT_GD": -9.067591, "LONG_GD": -36.110896, "IMG_ANTES": "12/2024", "IMG_DEPOIS": "03/02/2026", "BIOMA": "Mata Atlântica", "COD_CAR": "N/A", "N_IMOVEL": "N/A", "NM_MUN": "Uniao dos Palmares", "ORGAO": "IBAMA", "OPERACAO": "MATA VIVA", "PERIODO": "9 A 20 DE MARÇO DE 2026", "N_PROCESSO": "-", "DATA_AI": "-", "MOTIVO": "DESMATAMENTO", "AI": "Q65DNW8I", "TE": "1PS5F5GQ", "AI_APP": "-", "TE_APP": "-", "AI_RL": "-", "TE_RL": "-", "AREA_UTM": 5.03, "AREA_UC": 0.0, "AREA_TI": 0.0, "AREA_APP": 0.0, "AREA_RL": 0.0, "FORA_UC": 5.03, "FORA_TI": 5.03, "FORA_APP": 5.03, "FORA_RL": 5.03, "SITUACAO": "EMBARGADA" }, "geometry": { "type": "MultiPolygon", "coordinates": [ [ [ [ -36.11071700148819, -9.068859881917447 ], [ -36.11071895769232, -9.067862536268057 ], [ -36.110525900000013, -9.067881600760286 ], [ -36.110303883653863, -9.067347794595202 ], [ -36.110728610576942, -9.067214342929914 ], [ -36.11030388365387, -9.066756793986626 ], [ -36.109512347115405, -9.066299244460257 ], [ -36.109029702884641, -9.066594745262721 ], [ -36.108817339423098, -9.066470825600975 ], [ -36.108556711538483, -9.066537551578001 ], [ -36.108952479807712, -9.066899778094042 ], [ -36.10964748750002, -9.067843471774822 ], [ -36.109888809615406, -9.068615582941257 ], [ -36.11004698668755, -9.068820317731308 ], [ -36.11071700148819, -9.068859881917447 ] ] ], [ [ [ -36.112169028993598, -9.067783472280489 ], [ -36.112058505956824, -9.068078154976389 ], [ -36.111340106217803, -9.068230953316068 ], [ -36.111572204595028, -9.068492893175632 ], [ -36.112721644177469, -9.06820912498581 ], [ -36.113406887005461, -9.068089069145664 ], [ -36.113174788628235, -9.067597931199716 ], [ -36.113572671560618, -9.067335990687145 ], [ -36.113296363968686, -9.067008564777678 ], [ -36.112892954884472, -9.066970365068789 ], [ -36.112496515336574, -9.067328762967636 ], [ -36.112482, -9.067338 ], [ -36.112144117595328, -9.067467342255396 ], [ -36.112169028993598, -9.067783472280489 ] ] ] ] } },
{ "type": "Feature", "properties": { "fid": 444.0, "LAT_GD": -9.184449, "LONG_GD": -35.998231, "IMG_ANTES": "05/2022", "IMG_DEPOIS": "01/2024", "BIOMA": "Mata Atlântica", "COD_CAR": "AL-2701100-9B108B2F12084B2EB43FAC668737F799", "N_IMOVEL": "FAZENDA SANTA CLOTILDE", "NM_MUN": "Uniao dos Palmares", "ORGAO": "IBAMA", "OPERACAO": "MATA VIVA", "PERIODO": "9 A 20 DE MARÇO DE 2026", "N_PROCESSO": "-", "DATA_AI": "-", "MOTIVO": "DESMATAMENTO", "AI": "WBR2HHC8", "TE": "6DZT7BB8", "AI_APP": "YR36AEQB", "TE_APP": "NJDUB6E0", "AI_RL": "-", "TE_RL": "-", "AREA_UTM": 3.18, "AREA_UC": 3.18, "AREA_TI": 0.0, "AREA_APP": 0.61, "AREA_RL": 0.0, "FORA_UC": 0.0, "FORA_TI": 3.18, "FORA_APP": 2.57, "FORA_RL": 3.18, "SITUACAO": "EMBARGADA" }, "geometry": { "type": "MultiPolygon", "coordinates": [ [ [ [ -35.99741824642085, -9.184815170859205 ], [ -35.996467847577456, -9.185289934695477 ], [ -35.99613525365961, -9.185418680728192 ], [ -35.995801700715568, -9.185614503037815 ], [ -35.995975272487257, -9.185863122568035 ], [ -35.996017236462954, -9.186158970416303 ], [ -35.996031042416888, -9.186473005518787 ], [ -35.996313525296124, -9.18661145755045 ], [ -35.997472030702106, -9.186016353140452 ], [ -35.99741824642085, -9.185657791265454 ], [ -35.997687167827102, -9.185550222702954 ], [ -35.997669239733355, -9.185317157484203 ], [ -35.99741824642085, -9.184815170859205 ] ] ], [ [ [ -36.001927763246123, -9.181109083762772 ], [ -36.002205137744035, -9.181624807663733 ], [ -36.002472676078391, -9.182032843848013 ], [ -36.002561352108238, -9.181019455937165 ], [ -36.002268389453377, -9.180954948616574 ], [ -36.002113018630311, -9.180246584120049 ], [ -36.002016250816006, -9.180107871702171 ], [ -36.001648687064176, -9.180689112605123 ], [ -36.001927763246123, -9.181109083762772 ] ] ] ] } },
{ "type": "Feature", "properties": { "fid": 443.0, "LAT_GD": -9.079044, "LONG_GD": -36.084615, "IMG_ANTES": "03/2021", "IMG_DEPOIS": "03/02/2026", "BIOMA": "Mata Atlântica", "COD_CAR": "AL-2709301-D6E35D3EB1E94AD3BF551B6ADD4836A9", "N_IMOVEL": "SITIO JARDIM DO CESAR", "NM_MUN": "Uniao dos Palmares", "ORGAO": "IMA-AL", "OPERACAO": "MATA VIVA", "PERIODO": "9 A 20 DE MARÇO DE 2026", "N_PROCESSO": "-", "DATA_AI": "-", "MOTIVO": "DESMATAMENTO", "AI": "2026.15033930345.AAF.AINF", "TE": "2026.15031113228.AAF.AINF", "AI_APP": "-", "TE_APP": "-", "AI_RL": "-", "TE_RL": "-", "AREA_UTM": 2.89, "AREA_UC": 0.0, "AREA_TI": 0.0, "AREA_APP": 0.18, "AREA_RL": 0.0, "FORA_UC": 2.89, "FORA_TI": 2.89, "FORA_APP": 2.71, "FORA_RL": 2.89, "SITUACAO": "EMBARGADA" }, "geometry": { "type": "MultiPolygon", "coordinates": [ [ [ [ -36.085830626282153, -9.079748972086549 ], [ -36.085954752514198, -9.079158592130957 ], [ -36.085955398513491, -9.079151204251572 ], [ -36.085881735794473, -9.079119285861823 ], [ -36.085634972565103, -9.079130014697883 ], [ -36.085119988434244, -9.079484066287849 ], [ -36.08470156382792, -9.079430422107551 ], [ -36.084508444778848, -9.079258760730598 ], [ -36.084079291336465, -9.079430422107551 ], [ -36.084057833664346, -9.07969864300904 ], [ -36.084108157409609, -9.079939667262661 ], [ -36.084362170948843, -9.079958613837197 ], [ -36.08467813765732, -9.079922437271769 ], [ -36.084894003769662, -9.079914921047386 ], [ -36.085152259222923, -9.079878990797459 ], [ -36.085397669503919, -9.079850776049138 ], [ -36.085830626282153, -9.079748972086549 ] ] ], [ [ [ -36.081435335542878, -9.079884363546162 ], [ -36.081420436210905, -9.079915423539138 ], [ -36.081421192343129, -9.079927091357561 ], [ -36.081457567294166, -9.080091383651535 ], [ -36.081594, -9.080091 ], [ -36.081729, -9.07992 ], [ -36.081773565132607, -9.079590913806506 ], [ -36.081639891192474, -9.079703130074524 ], [ -36.081639891192474, -9.07905939991095 ], [ -36.081601120098036, -9.078683842406125 ], [ -36.081600747205016, -9.078677636791566 ], [ -36.081531382653459, -9.078683359175223 ], [ -36.081366870009361, -9.078697126543247 ], [ -36.081367388719343, -9.078709725167174 ], [ -36.081413230935524, -9.078716583945083 ], [ -36.081383424628193, -9.079099211376848 ], [ -36.081385499139813, -9.079149597898441 ], [ -36.08139470183702, -9.07951831838704 ], [ -36.081395430314572, -9.079529559468336 ], [ -36.081468492453908, -9.079731570169772 ], [ -36.081435335542878, -9.079884363546162 ] ] ], [ [ [ -36.085147837807952, -9.078902535123181 ], [ -36.085149, -9.078903 ], [ -36.085194, -9.078903 ], [ -36.085302, -9.07893 ], [ -36.085836915482375, -9.078953960013111 ], [ -36.085859020089728, -9.078430095377849 ], [ -36.085859950451116, -9.078418649860915 ], [ -36.085836130551442, -9.078330860570592 ], [ -36.085809755830503, -9.07822244190891 ], [ -36.085749622610152, -9.078094619380959 ], [ -36.085647408258659, -9.078024453833279 ], [ -36.085506464325732, -9.077998311933367 ], [ -36.085455464658686, -9.077982694601483 ], [ -36.085457182197516, -9.077983170864622 ], [ -36.085387207950312, -9.077961535428903 ], [ -36.085390932570832, -9.077962933314957 ], [ -36.085322932379263, -9.07794211001117 ], [ -36.085233986203633, -9.077906370704476 ], [ -36.085097799282977, -9.077786801904901 ], [ -36.084731685114647, -9.07778617738181 ], [ -36.084676423596257, -9.078168162773208 ], [ -36.08476484202567, -9.078408267668102 ], [ -36.085147837807952, -9.078902535123181 ] ] ] ] } },
{ "type": "Feature", "properties": { "fid": 448.0, "LAT_GD": -9.075794, "LONG_GD": -36.084193, "IMG_ANTES": "03/2021", "IMG_DEPOIS": "03/02/2026", "BIOMA": "Mata Atlântica", "COD_CAR": "AL-2709301-F02155205E2C45E19CC51B687BBDCF91", "N_IMOVEL": "SÍTIO JARDIM DO CESAR", "NM_MUN": "Uniao dos Palmares", "ORGAO": "IMA-AL", "OPERACAO": "MATA VIVA", "PERIODO": "9 A 20 DE MARÇO DE 2026", "N_PROCESSO": "-", "DATA_AI": "-", "MOTIVO": "DESMATAMENTO", "AI": "2026.15032061549.AAF.AINF", "TE": "2026.15031958486.AAF.AINF", "AI_APP": "-", "TE_APP": "-", "AI_RL": "-", "TE_RL": "-", "AREA_UTM": 5.52, "AREA_UC": 0.0, "AREA_TI": 0.0, "AREA_APP": 0.0, "AREA_RL": 2.92, "FORA_UC": 5.52, "FORA_TI": 5.52, "FORA_APP": 5.52, "FORA_RL": 2.6, "SITUACAO": "EMBARGADA" }, "geometry": { "type": "MultiPolygon", "coordinates": [ [ [ [ -36.081554060503997, -9.077900685616516 ], [ -36.081532602831878, -9.077836312600159 ], [ -36.081429987373532, -9.077731360690688 ], [ -36.081342, -9.077922 ], [ -36.081296441860466, -9.078094255813953 ], [ -36.081260778489522, -9.078107813437338 ], [ -36.081375883190688, -9.078695952384598 ], [ -36.08154228603761, -9.078678326065875 ], [ -36.081600550824717, -9.07867436866807 ], [ -36.081554060503997, -9.077900685616516 ] ] ], [ [ [ -36.081171, -9.077121 ], [ -36.081067649185051, -9.077121 ], [ -36.08111882257424, -9.077382475534332 ], [ -36.081216, -9.077292 ], [ -36.081171, -9.077121 ] ] ], [ [ [ -36.085456080390621, -9.076838352831277 ], [ -36.085538488215782, -9.076379562187306 ], [ -36.085666768567982, -9.076026618272836 ], [ -36.08585637043813, -9.075748505766056 ], [ -36.085868036502283, -9.075560802192586 ], [ -36.085848682921764, -9.075350732968074 ], [ -36.08560427767209, -9.075263288837171 ], [ -36.085281347005882, -9.075211534149224 ], [ -36.085087790824069, -9.075074319063004 ], [ -36.084610109774189, -9.074872161148328 ], [ -36.084278540663867, -9.074752107537309 ], [ -36.083692768568973, -9.074752107537309 ], [ -36.083560140924853, -9.074713908652651 ], [ -36.083538036317492, -9.074599311974268 ], [ -36.083626454746913, -9.074140924894659 ], [ -36.083441287640134, -9.073874776650507 ], [ -36.083445987872501, -9.074012576510958 ], [ -36.083254021474751, -9.074735061917613 ], [ -36.083108691301717, -9.075109189300665 ], [ -36.08292736827751, -9.07546728743371 ], [ -36.082765512173133, -9.075903932630652 ], [ -36.082747720923628, -9.075963900008192 ], [ -36.08375908239104, -9.076334629183728 ], [ -36.084179069930777, -9.076050867195351 ], [ -36.084378011396964, -9.076203662140069 ], [ -36.084576952863159, -9.076432854435094 ], [ -36.084930626580835, -9.076389198771141 ], [ -36.085184829565414, -9.076498337921056 ], [ -36.085361666424255, -9.076891238585754 ], [ -36.085416927942632, -9.077480588775723 ], [ -36.08523, -9.077742 ], [ -36.085213928571427, -9.077787 ], [ -36.085102067949272, -9.077786809186458 ], [ -36.085236674236697, -9.077905038672235 ], [ -36.085387207950312, -9.077961535428903 ], [ -36.085457182197516, -9.077983170864622 ], [ -36.085506804114502, -9.077996930722358 ], [ -36.085517559268702, -9.077895949901382 ], [ -36.085516124378039, -9.077570657865399 ], [ -36.085486013002622, -9.077172631194934 ], [ -36.085456080390621, -9.076838352831277 ] ] ] ] } },
{ "type": "Feature", "properties": { "fid": 438.0, "LAT_GD": -9.08795, "LONG_GD": -36.143708, "IMG_ANTES": "10/2021", "IMG_DEPOIS": "03/02/2026", "BIOMA": "Mata Atlântica", "COD_CAR": "AL-2708105-3FB3262176C94D4C86416AE8475509DA", "N_IMOVEL": "SITIO AGUA FRIA", "NM_MUN": "Santana do Mundau", "ORGAO": "IBAMA", "OPERACAO": "MATA VIVA", "PERIODO": "9 A 20 DE MARÇO DE 2026", "N_PROCESSO": "-", "DATA_AI": "-", "MOTIVO": "DESMATAMENTO", "AI": "RACGF9Y2", "TE": "Z7NRX8PZ", "AI_APP": "-", "TE_APP": "-", "AI_RL": "-", "TE_RL": "-", "AREA_UTM": 0.77, "AREA_UC": 0.0, "AREA_TI": 0.0, "AREA_APP": 0.0, "AREA_RL": 0.0, "FORA_UC": 0.77, "FORA_TI": 0.77, "FORA_APP": 0.77, "FORA_RL": 0.77, "SITUACAO": "EMBARGADA" }, "geometry": { "type": "MultiPolygon", "coordinates": [ [ [ [ -36.143828352877271, -9.088219689215423 ], [ -36.143983085128752, -9.088219689215423 ], [ -36.144187706313147, -9.088152338398336 ], [ -36.144187380413946, -9.088149708368986 ], [ -36.144187380413861, -9.088149708369006 ], [ -36.144167500799242, -9.087989278487223 ], [ -36.144165954690145, -9.087976801278629 ], [ -36.14405975291416, -9.087769391202411 ], [ -36.1440044597528, -9.08747270400556 ], [ -36.143949092191889, -9.087399302849658 ], [ -36.143934686364332, -9.087383437643386 ], [ -36.143871225526723, -9.087313547921696 ], [ -36.14372542173875, -9.087334930947803 ], [ -36.143511867368566, -9.087846485389919 ], [ -36.143511867368424, -9.087846485390008 ], [ -36.143051909668337, -9.088140554061708 ], [ -36.143629411411077, -9.088503441569866 ], [ -36.143828352877271, -9.088219689215423 ] ] ] ] } },
{ "type": "Feature", "properties": { "fid": 454.0, "LAT_GD": -9.268637, "LONG_GD": -36.013808, "IMG_ANTES": "02/2022", "IMG_DEPOIS": "08/2022", "BIOMA": "Mata Atlântica", "COD_CAR": "N/A", "N_IMOVEL": "N/A", "NM_MUN": "Murici", "ORGAO": "IBAMA", "OPERACAO": "MATA VIVA", "PERIODO": "9 A 20 DE MARÇO DE 2026", "N_PROCESSO": "-", "DATA_AI": "-", "MOTIVO": "DESMATAMENTO", "AI": "KLW278Q2", "TE": "MBR6A8VB", "AI_APP": "-", "TE_APP": "-", "AI_RL": "-", "TE_RL": "-", "AREA_UTM": 11.45, "AREA_UC": 0.0, "AREA_TI": 0.0, "AREA_APP": 0.0, "AREA_RL": 0.0, "FORA_UC": 11.45, "FORA_TI": 11.45, "FORA_APP": 11.45, "FORA_RL": 11.45, "SITUACAO": "EMBARGADA" }, "geometry": { "type": "MultiPolygon", "coordinates": [ [ [ [ -36.008532, -9.270189 ], [ -36.008811, -9.270297 ], [ -36.00879343329327, -9.270411067412153 ], [ -36.008739, -9.270468 ], [ -36.008757, -9.270549 ], [ -36.008919, -9.27063 ], [ -36.009198, -9.27063 ], [ -36.009315666225966, -9.270590862274158 ], [ -36.009406753365397, -9.270538921545707 ], [ -36.009477, -9.270459 ], [ -36.009471526442312, -9.270329160833377 ], [ -36.00945, -9.270027 ], [ -36.009444144951928, -9.270023993174295 ], [ -36.00941687415866, -9.269975563920278 ], [ -36.009431043269238, -9.269881670894804 ], [ -36.009534275360586, -9.269775791495531 ], [ -36.009524154567309, -9.269703873394791 ], [ -36.009486, -9.269649 ], [ -36.009171, -9.269649 ], [ -36.009126, -9.26964 ], [ -36.009099, -9.269631 ], [ -36.009099, -9.269622 ], [ -36.00909, -9.269604 ], [ -36.009081, -9.269595 ], [ -36.009063, -9.269586 ], [ -36.009045, -9.269577 ], [ -36.009036, -9.269568 ], [ -36.009036, -9.269564019448291 ], [ -36.009036, -9.26955 ], [ -36.009018, -9.26955 ], [ -36.008991, -9.269541 ], [ -36.008955, -9.269541 ], [ -36.008928, -9.269523 ], [ -36.00891, -9.269523 ], [ -36.008874, -9.269514 ], [ -36.008766, -9.269514 ], [ -36.008748, -9.269496 ], [ -36.00873, -9.269487 ], [ -36.008694, -9.269478 ], [ -36.008694, -9.269469 ], [ -36.008613, -9.269469 ], [ -36.008577, -9.269433 ], [ -36.008559, -9.269406 ], [ -36.008559, -9.269397 ], [ -36.008541, -9.269379 ], [ -36.008541, -9.269352 ], [ -36.008568, -9.269343 ], [ -36.008577, -9.269325 ], [ -36.008595, -9.269307 ], [ -36.008703, -9.269307 ], [ -36.008748, -9.269298 ], [ -36.008757, -9.269289 ], [ -36.008784, -9.269289 ], [ -36.008802, -9.269262 ], [ -36.00882, -9.269253 ], [ -36.008838, -9.269244 ], [ -36.008847, -9.269235 ], [ -36.008847, -9.269217 ], [ -36.008865, -9.269208 ], [ -36.008874, -9.269199 ], [ -36.008892, -9.26919 ], [ -36.008892, -9.269181 ], [ -36.00891, -9.269172 ], [ -36.00891, -9.269154 ], [ -36.008928, -9.269091 ], [ -36.008928, -9.268938 ], [ -36.008982, -9.26892 ], [ -36.009063, -9.268893 ], [ -36.00918, -9.268857 ], [ -36.009189, -9.268848 ], [ -36.009189, -9.268758 ], [ -36.00918, -9.268749 ], [ -36.009171, -9.26874 ], [ -36.009171, -9.268731 ], [ -36.00918, -9.268686 ], [ -36.00918, -9.268677 ], [ -36.009189, -9.268668 ], [ -36.00918, -9.268461 ], [ -36.009144, -9.268452 ], [ -36.009144, -9.268434 ], [ -36.009117, -9.268425 ], [ -36.009099, -9.268416 ], [ -36.009072, -9.268407 ], [ -36.009027, -9.268407 ], [ -36.008991, -9.268425 ], [ -36.008982, -9.268434 ], [ -36.008946, -9.268434 ], [ -36.008919, -9.268425 ], [ -36.008901, -9.268416 ], [ -36.008874, -9.268416 ], [ -36.008856, -9.268407 ], [ -36.008847, -9.268398 ], [ -36.008784, -9.268389 ], [ -36.00864, -9.268389 ], [ -36.008631, -9.268398 ], [ -36.008622, -9.268407 ], [ -36.008613, -9.268452 ], [ -36.008595, -9.268488 ], [ -36.008586, -9.268515 ], [ -36.00841390354568, -9.268744963977097 ], [ -36.008127, -9.268875 ], [ -36.008027289242797, -9.268936746070167 ], [ -36.008075869050487, -9.269056609825135 ], [ -36.008082, -9.269172 ], [ -36.008059675781254, -9.269240400836605 ], [ -36.008073, -9.269271 ], [ -36.008082, -9.269289 ], [ -36.008181, -9.269406 ], [ -36.008188209855774, -9.269578016683043 ], [ -36.008251879206725, -9.269782970433619 ], [ -36.0083845532452, -9.270047481965355 ], [ -36.008523, -9.270162 ], [ -36.008532, -9.270189 ] ] ], [ [ [ -36.01488007836538, -9.267727118719328 ], [ -36.015074397596152, -9.267922896839117 ], [ -36.015187750480756, -9.268382375671102 ], [ -36.015373973076905, -9.268917767638529 ], [ -36.015681645192295, -9.26926137697852 ], [ -36.016539888461523, -9.2692693678894 ], [ -36.016790884134601, -9.269620967788136 ], [ -36.017001396634598, -9.270228275874686 ], [ -36.016547985096139, -9.271003391248334 ], [ -36.016819222355757, -9.27150681578032 ], [ -36.018, -9.268074 ], [ -36.017964896153828, -9.267970842484466 ], [ -36.017362377605636, -9.267921 ], [ -36.017277994619761, -9.268051967335991 ], [ -36.017273919244438, -9.268051538349114 ], [ -36.017074146734629, -9.268030509663872 ], [ -36.017040586965898, -9.267866439683417 ], [ -36.016587, -9.267777 ], [ -36.01488007836538, -9.267727118719328 ] ] ], [ [ [ -36.013698, -9.26766 ], [ -36.013880143990377, -9.267651204725146 ], [ -36.013973255288455, -9.267523349539943 ], [ -36.014013, -9.267381 ], [ -36.014013, -9.267228 ], [ -36.01407857142857, -9.267050571428573 ], [ -36.014508, -9.266868 ], [ -36.014625034374994, -9.266700280670722 ], [ -36.014616, -9.266391 ], [ -36.014553, -9.266373 ], [ -36.01449, -9.266346 ], [ -36.014228299278841, -9.266356668824418 ], [ -36.01395, -9.266373 ], [ -36.013887, -9.266283 ], [ -36.013887, -9.26586 ], [ -36.013626, -9.265815 ], [ -36.013347, -9.266004 ], [ -36.013284, -9.266202 ], [ -36.013266, -9.266733 ], [ -36.012961175961536, -9.267199715894334 ], [ -36.01314, -9.267318 ], [ -36.013321476201916, -9.267511363113941 ], [ -36.0135, -9.267615 ], [ -36.013698, -9.26766 ] ] ], [ [ [ -36.012978, -9.268425 ], [ -36.012976357151445, -9.268355406278019 ], [ -36.01294397061298, -9.268266507152786 ], [ -36.012864016346157, -9.268158629532385 ], [ -36.012645, -9.268065 ], [ -36.012537, -9.268101 ], [ -36.01238631490385, -9.268082715631495 ], [ -36.012213, -9.267885 ], [ -36.011943, -9.267777 ], [ -36.011925, -9.267822 ], [ -36.011925, -9.267894 ], [ -36.011952, -9.267993 ], [ -36.011988, -9.268047 ], [ -36.012204, -9.268182 ], [ -36.012321, -9.268245 ], [ -36.01276483257211, -9.268460287239519 ], [ -36.012896402884614, -9.26847926569587 ], [ -36.012978, -9.268425 ] ] ], [ [ [ -36.010972440084132, -9.269194453092757 ], [ -36.011106, -9.26928 ], [ -36.011205, -9.269271 ], [ -36.011439, -9.2691 ], [ -36.011484, -9.269064 ], [ -36.01148252806491, -9.268960718824431 ], [ -36.011411682512026, -9.268928755151711 ], [ -36.011358, -9.268938 ], [ -36.01125, -9.268911 ], [ -36.011088, -9.268785 ], [ -36.011088, -9.268677 ], [ -36.011079, -9.268542 ], [ -36.011043, -9.268461 ], [ -36.01098, -9.268389 ], [ -36.010917, -9.268326 ], [ -36.010741846153842, -9.26827823076923 ], [ -36.010746, -9.268272 ], [ -36.010764, -9.268236 ], [ -36.010746, -9.268119 ], [ -36.010692, -9.268074 ], [ -36.010539, -9.267984 ], [ -36.010215, -9.268002 ], [ -36.010233, -9.268101 ], [ -36.010215, -9.268155 ], [ -36.010233, -9.26829 ], [ -36.01026, -9.268326 ], [ -36.010490690324517, -9.268513227141527 ], [ -36.010604043209135, -9.268557177242783 ], [ -36.010646550540869, -9.268509231677504 ], [ -36.010683, -9.26856 ], [ -36.01071, -9.268632 ], [ -36.010806459074516, -9.268770934474997 ], [ -36.010827, -9.269001 ], [ -36.010972440084132, -9.269194453092757 ] ] ], [ [ [ -36.010161764543277, -9.270580873673129 ], [ -36.010279165745203, -9.270708727744829 ], [ -36.010548, -9.270765 ], [ -36.010570506629485, -9.270644964642745 ], [ -36.010514758582907, -9.270593198599494 ], [ -36.010407470222312, -9.270153316321052 ], [ -36.010376325360589, -9.270005529774183 ], [ -36.010299407331743, -9.269817743714155 ], [ -36.010184536328126, -9.269771296614664 ], [ -36.010035, -9.269766 ], [ -36.009943661448318, -9.269837221528245 ], [ -36.009870285697119, -9.269917629928804 ], [ -36.009854092427894, -9.270061466027965 ], [ -36.009945, -9.270216 ], [ -36.009954, -9.270225 ], [ -36.009939107091355, -9.270381101592866 ], [ -36.010032218389433, -9.270540919266171 ], [ -36.010161764543277, -9.270580873673129 ] ] ] ] } },
{ "type": "Feature", "properties": { "fid": 455.0, "LAT_GD": -9.085994, "LONG_GD": -36.144947, "IMG_ANTES": "10/2021", "IMG_DEPOIS": "03/02/2026", "BIOMA": "Mata Atlântica", "COD_CAR": "N/A", "N_IMOVEL": "N/A", "NM_MUN": "Santana do Mundau", "ORGAO": "IBAMA", "OPERACAO": "MATA VIVA", "PERIODO": "9 A 20 DE MARÇO DE 2026", "N_PROCESSO": "-", "DATA_AI": "-", "MOTIVO": "DESMATAMENTO", "AI": "J6QW8N8J", "TE": "A41BE7NP", "AI_APP": "-", "TE_APP": "-", "AI_RL": "-", "TE_RL": "-", "AREA_UTM": 13.13, "AREA_UC": 0.0, "AREA_TI": 0.0, "AREA_APP": 0.0, "AREA_RL": 0.0, "FORA_UC": 13.13, "FORA_TI": 13.13, "FORA_APP": 13.13, "FORA_RL": 13.13, "SITUACAO": "EMBARGADA" }, "geometry": { "type": "MultiPolygon", "coordinates": [ [ [ [ -36.147961914452594, -9.083750559986159 ], [ -36.147387194661363, -9.083592311409168 ], [ -36.146757213351755, -9.083668707282648 ], [ -36.146226702775238, -9.083581397711628 ], [ -36.145663035287711, -9.083641423043987 ], [ -36.145198838533254, -9.084187107422466 ], [ -36.144579909527323, -9.084383553595304 ], [ -36.144314654239075, -9.084623654326961 ], [ -36.144021768191621, -9.085333041912428 ], [ -36.143789669814403, -9.085349412378591 ], [ -36.143585663718973, -9.085286808092373 ], [ -36.143434799776635, -9.085566693384164 ], [ -36.143662568322121, -9.085660451093556 ], [ -36.143889140547493, -9.085807785127452 ], [ -36.144215183505978, -9.086091539392392 ], [ -36.144535700312623, -9.086342552593269 ], [ -36.144718063323282, -9.086708158462518 ], [ -36.144800955600878, -9.086828208069564 ], [ -36.144961214004191, -9.086904603253094 ], [ -36.145873029057562, -9.085633167006558 ], [ -36.146508536519015, -9.084438121957534 ], [ -36.147011319620461, -9.0845042125767 ], [ -36.147302324488251, -9.084114405383298 ], [ -36.147511352446521, -9.084524697778015 ], [ -36.14787902217499, -9.084481776641336 ], [ -36.147961914452594, -9.084405380941192 ], [ -36.147961914452594, -9.083750559986159 ] ] ], [ [ [ -36.143102593767232, -9.088103048579816 ], [ -36.143511867368566, -9.087846485389919 ], [ -36.14372542173875, -9.087334930947803 ], [ -36.14387122552673, -9.087313547921694 ], [ -36.143949092191889, -9.087399302849658 ], [ -36.1440044597528, -9.08747270400556 ], [ -36.14405975291416, -9.087769391202411 ], [ -36.144165954690152, -9.08797680127863 ], [ -36.144187380413861, -9.088149708369006 ], [ -36.14421518350597, -9.088143294312358 ], [ -36.144270445024361, -9.088001418020578 ], [ -36.144358863453775, -9.087914109505398 ], [ -36.144568857223653, -9.088099640074718 ], [ -36.14467938026042, -9.088437960277254 ], [ -36.144602014134676, -9.088688971833918 ], [ -36.144403072668489, -9.088907242609766 ], [ -36.144392020364805, -9.089038205011422 ], [ -36.144480438794233, -9.089180080892508 ], [ -36.144723589475134, -9.08925647557443 ], [ -36.144834112511901, -9.089125513252585 ], [ -36.145165681622224, -9.088743539540351 ], [ -36.145361860012493, -9.088530725438254 ], [ -36.145649219908101, -9.088017788364805 ], [ -36.145671324515455, -9.087799517046928 ], [ -36.145306598494109, -9.087199270236969 ], [ -36.144999897067066, -9.087041023183167 ], [ -36.144637934121633, -9.08688550445874 ], [ -36.144480438794233, -9.086571738405695 ], [ -36.14424005118925, -9.086315268558216 ], [ -36.144016242039783, -9.086135193874743 ], [ -36.143739934447851, -9.08586235327278 ], [ -36.143353103819145, -9.085654994276322 ], [ -36.143231528478687, -9.086058798527137 ], [ -36.143032587012492, -9.086320725365395 ], [ -36.142877854761011, -9.086757269670265 ], [ -36.14271207020586, -9.087466653031093 ], [ -36.142833645546311, -9.087848628105048 ], [ -36.143044028053943, -9.088146386339186 ], [ -36.143102593767232, -9.088103048579816 ] ] ] ] } },
{ "type": "Feature", "properties": { "fid": 445.0, "LAT_GD": -8.989702, "LONG_GD": -35.712397, "IMG_ANTES": "06/2024", "IMG_DEPOIS": "05/2025", "BIOMA": "Mata Atlântica", "COD_CAR": "N/A", "N_IMOVEL": "FAZENDA FLOR DA SERRA", "NM_MUN": "Novo Lino e Colônia Leopoldina", "ORGAO": "IMA-AL", "OPERACAO": "MATA VIVA", "PERIODO": "9 A 20 DE MARÇO DE 2026", "N_PROCESSO": "-", "DATA_AI": "-", "MOTIVO": "DESMATAMENTO", "AI": "2026.18033159581.AAF.AINF", "TE": "2026.18033495058.AAF.AINF", "AI_APP": "-", "TE_APP": "-", "AI_RL": "-", "TE_RL": "-", "AREA_UTM": 3.4, "AREA_UC": 3.4, "AREA_TI": 0.0, "AREA_APP": 0.0, "AREA_RL": 0.0, "FORA_UC": 0.0, "FORA_TI": 3.4, "FORA_APP": 3.4, "FORA_RL": 3.4, "SITUACAO": "EMBARGADA" }, "geometry": { "type": "MultiPolygon", "coordinates": [ [ [ [ -35.701383375159516, -8.990430412939649 ], [ -35.702188187708458, -8.991539380669122 ], [ -35.702406778771135, -8.991784727053119 ], [ -35.702506138345079, -8.992157653238403 ], [ -35.702834024939087, -8.992579648195353 ], [ -35.703032744086983, -8.992648345002255 ], [ -35.702655177705992, -8.991784727053119 ], [ -35.702599730974057, -8.99160107940615 ], [ -35.702628685763713, -8.991424719037026 ], [ -35.702809653199019, -8.991012416757863 ], [ -35.702565754089449, -8.990734643362769 ], [ -35.702277611325009, -8.990253762899265 ], [ -35.701962521594332, -8.989924631035047 ], [ -35.701155713122638, -8.990093205467506 ], [ -35.701383375159516, -8.990430412939649 ] ] ], [ [ [ -35.727710567917292, -8.988517583664914 ], [ -35.728432619451063, -8.988935395147484 ], [ -35.728460032378948, -8.98865828497652 ], [ -35.728417117034709, -8.988593911960161 ], [ -35.728095251952922, -8.988207673862011 ], [ -35.727495071191967, -8.987878792879169 ], [ -35.727162216619256, -8.987721769519105 ], [ -35.726978401407465, -8.987442071490397 ], [ -35.726809490131757, -8.987348838766172 ], [ -35.726614672576702, -8.98739228232149 ], [ -35.726277916411156, -8.987123117334473 ], [ -35.726084165241964, -8.986867953807547 ], [ -35.725935125881051, -8.986676581044415 ], [ -35.725820738708293, -8.986491060092479 ], [ -35.725732617224516, -8.986446840284465 ], [ -35.725804098516704, -8.986657311289278 ], [ -35.725836672270113, -8.986842311179805 ], [ -35.725976920375039, -8.987085402679771 ], [ -35.726100881603266, -8.987245378247005 ], [ -35.726210365607763, -8.987354411833353 ], [ -35.726349708886211, -8.987425462390407 ], [ -35.726505339041367, -8.987548795399748 ], [ -35.726601250648606, -8.987731113684465 ], [ -35.726945989538791, -8.987921028466804 ], [ -35.727000279127793, -8.987923709615959 ], [ -35.72703647218713, -8.987972864013628 ], [ -35.727182149250972, -8.988244106797179 ], [ -35.727247296757774, -8.988322753760682 ], [ -35.727446358584125, -8.988358502374815 ], [ -35.727583892209609, -8.988437149313482 ], [ -35.727710567917292, -8.988517583664914 ] ] ] ] } },
{ "type": "Feature", "properties": { "fid": 453.0, "LAT_GD": -9.074462, "LONG_GD": -36.138328, "IMG_ANTES": "12/2024", "IMG_DEPOIS": "03/02/2026", "BIOMA": "Mata Atlântica", "COD_CAR": "N/A", "N_IMOVEL": "N/A", "NM_MUN": "Santana do Mundau", "ORGAO": "IBAMA", "OPERACAO": "MATA VIVA", "PERIODO": "9 A 20 DE MARÇO DE 2026", "N_PROCESSO": "-", "DATA_AI": "-", "MOTIVO": "DESMATAMENTO", "AI": "CDE2NAKT", "TE": "2XBTGQC", "AI_APP": "-", "TE_APP": "-", "AI_RL": "-", "TE_RL": "-", "AREA_UTM": 8.26, "AREA_UC": 0.0, "AREA_TI": 0.0, "AREA_APP": 0.0, "AREA_RL": 0.0, "FORA_UC": 8.26, "FORA_TI": 8.26, "FORA_APP": 8.26, "FORA_RL": 8.26, "SITUACAO": "EMBARGADA" }, "geometry": { "type": "MultiPolygon", "coordinates": [ [ [ [ -36.138459696366013, -9.075835317073365 ], [ -36.139266514534455, -9.075813489205689 ], [ -36.139291382217735, -9.075161381046232 ], [ -36.139059283840517, -9.075030413574179 ], [ -36.139222305319755, -9.074683895240412 ], [ -36.139200200712395, -9.074503814714307 ], [ -36.139078625371944, -9.074209137294782 ], [ -36.139122834586658, -9.073979943578916 ], [ -36.139819129718326, -9.073881717655862 ], [ -36.140074659337948, -9.073050505823844 ], [ -36.137331759848749, -9.073551332551832 ], [ -36.136978687673256, -9.075202308371443 ], [ -36.136879216940152, -9.075573382573577 ], [ -36.137011844584286, -9.076086337456164 ], [ -36.137299204479895, -9.076544722049702 ], [ -36.137785505841698, -9.076315529826164 ], [ -36.137807610449052, -9.075769833466349 ], [ -36.137851819663759, -9.075496984975107 ], [ -36.138039708826277, -9.075529726805014 ], [ -36.138459696366013, -9.075835317073365 ] ] ], [ [ [ -36.140194908043355, -9.072659348363745 ], [ -36.138954286955574, -9.072951298550899 ], [ -36.138191678001853, -9.073104094815834 ], [ -36.137882213498884, -9.073278719038939 ], [ -36.137354465998271, -9.073445157672476 ], [ -36.137331759848742, -9.07355133255183 ], [ -36.140074659337948, -9.073050505823842 ], [ -36.140194908043355, -9.072659348363745 ] ] ] ] } },
{ "type": "Feature", "properties": { "fid": 452.0, "LAT_GD": -9.126085, "LONG_GD": -36.028528, "IMG_ANTES": "08/2022", "IMG_DEPOIS": "03/02/2026", "BIOMA": "Mata Atlântica", "COD_CAR": "N/A", "N_IMOVEL": "FAZ. VÁRZEA GRANDE", "NM_MUN": "Uniao dos Palmares", "ORGAO": "IBAMA", "OPERACAO": "MATA VIVA", "PERIODO": "9 A 20 DE MARÇO DE 2026", "N_PROCESSO": "-", "DATA_AI": "-", "MOTIVO": "DESMATAMENTO", "AI": "28CCTJKR", "TE": "28CCTJKR", "AI_APP": "-", "TE_APP": "-", "AI_RL": "-", "TE_RL": "-", "AREA_UTM": 8.01, "AREA_UC": 8.01, "AREA_TI": 0.0, "AREA_APP": 0.0, "AREA_RL": 0.0, "FORA_UC": 0.0, "FORA_TI": 8.01, "FORA_APP": 8.01, "FORA_RL": 8.01, "SITUACAO": "EMBARGADA" }, "geometry": { "type": "MultiPolygon", "coordinates": [ [ [ [ -36.029395563678221, -9.127604545724017 ], [ -36.030069754202536, -9.126666082061877 ], [ -36.029598340953108, -9.125782972741094 ], [ -36.029318197552477, -9.125400243443021 ], [ -36.02915241299732, -9.125323856486087 ], [ -36.02915241299732, -9.12505104579208 ], [ -36.029406615981898, -9.124941921456056 ], [ -36.029273988337771, -9.124701847799296 ], [ -36.028953471531125, -9.12451633622659 ], [ -36.028555588598742, -9.123883413664279 ], [ -36.02687563843979, -9.126404184785191 ], [ -36.028002973414878, -9.127539071595168 ], [ -36.028345594828878, -9.127375386220457 ], [ -36.028765582368614, -9.127528159239192 ], [ -36.029395563678221, -9.127604545724017 ] ] ] ] } },
{ "type": "Feature", "properties": { "fid": 441.0, "LAT_GD": -9.230265, "LONG_GD": -36.006175, "IMG_ANTES": "01/2024", "IMG_DEPOIS": "03/02/2026", "BIOMA": "Mata Atlântica", "COD_CAR": "N/A", "N_IMOVEL": "N/A", "NM_MUN": "Branquinha", "ORGAO": "IMA-AL", "OPERACAO": "MATA VIVA", "PERIODO": "9 A 20 DE MARÇO DE 2026", "N_PROCESSO": "-", "DATA_AI": "-", "MOTIVO": "DESMATAMENTO", "AI": "2026.903125644.AI.IMA", "TE": "2026.9031103.AI.TA", "AI_APP": "-", "TE_APP": "-", "AI_RL": "-", "TE_RL": "-", "AREA_UTM": 1.44, "AREA_UC": 1.44, "AREA_TI": 0.0, "AREA_APP": 0.0, "AREA_RL": 0.0, "FORA_UC": 0.0, "FORA_TI": 1.44, "FORA_APP": 1.44, "FORA_RL": 1.44, "SITUACAO": "EMBARGADA" }, "geometry": { "type": "MultiPolygon", "coordinates": [ [ [ [ -36.00685631346154, -9.230671149982228 ], [ -36.007096460403822, -9.230450921545637 ], [ -36.006985198497254, -9.230212502893776 ], [ -36.006301731564285, -9.229672087544825 ], [ -36.005157322821155, -9.23029197577773 ], [ -36.005010280769241, -9.23033549474548 ], [ -36.005253179807696, -9.230527297777039 ], [ -36.005504175480773, -9.230487338820735 ], [ -36.005771364423083, -9.230583240308254 ], [ -36.006305742307696, -9.230655166406775 ], [ -36.00685631346154, -9.230671149982228 ] ] ] ] } },
{ "type": "Feature", "properties": { "fid": 456.0, "LAT_GD": -9.313125, "LONG_GD": -36.096366, "IMG_ANTES": "06/2024", "IMG_DEPOIS": "03/02/2026", "BIOMA": "Mata Atlântica", "COD_CAR": "AL-2701704-27D9F464AF7F4839AB8030F086E9AD8C", "N_IMOVEL": "FAZENDA PEIXOTO", "NM_MUN": "Capela", "ORGAO": "IBAMA", "OPERACAO": "MATA VIVA", "PERIODO": "9 A 20 DE MARÇO DE 2026", "N_PROCESSO": "-", "DATA_AI": "-", "MOTIVO": "DESMATAMENTO", "AI": "J4LKW3E0", "TE": "6WQ9RUSD", "AI_APP": "-", "TE_APP": "-", "AI_RL": "-", "TE_RL": "-", "AREA_UTM": 14.99, "AREA_UC": 0.0, "AREA_TI": 0.0, "AREA_APP": 0.0, "AREA_RL": 0.0, "FORA_UC": 14.99, "FORA_TI": 14.99, "FORA_APP": 14.99, "FORA_RL": 14.99, "SITUACAO": "EMBARGADA" }, "geometry": { "type": "MultiPolygon", "coordinates": [ [ [ [ -36.095168837410121, -9.31402609861231 ], [ -36.095300407722625, -9.314369663696363 ], [ -36.095940041857233, -9.315983616080699 ], [ -36.096251762289938, -9.315777877515737 ], [ -36.096616110847634, -9.315929684623935 ], [ -36.09685091325148, -9.315849786154159 ], [ -36.097231455078408, -9.315881745544264 ], [ -36.097632238491855, -9.315971631313248 ], [ -36.097721301472625, -9.315911707469828 ], [ -36.097907524068781, -9.315568143902446 ], [ -36.09820305123224, -9.315360407627995 ], [ -36.098223292818773, -9.315248549582886 ], [ -36.097729398107241, -9.315072772582486 ], [ -36.097405532722625, -9.31459338031364 ], [ -36.097308373107232, -9.31371449277877 ], [ -36.097437919261083, -9.313402886667292 ], [ -36.098077553395697, -9.312787663528596 ], [ -36.097190971905327, -9.311459337148403 ], [ -36.096308438732244, -9.310468582154689 ], [ -36.095717384405319, -9.30980141894336 ], [ -36.095575693299544, -9.309913278732328 ], [ -36.095401615655312, -9.310208908002259 ], [ -36.095207296424547, -9.310476572125548 ], [ -36.095077750270697, -9.31066034140494 ], [ -36.094964397386079, -9.310708281201062 ], [ -36.094543372386084, -9.310780190882916 ], [ -36.09474173993415, -9.311077816908787 ], [ -36.095259924549545, -9.311860831819851 ], [ -36.095389470703381, -9.312500026364839 ], [ -36.095243731280306, -9.313043340808703 ], [ -36.095745722626461, -9.313666553395093 ], [ -36.095276117818784, -9.313692520562062 ], [ -36.09501702551109, -9.313552697332495 ], [ -36.094822706280326, -9.313468803367893 ], [ -36.094705305078399, -9.313472798319044 ], [ -36.094612193780321, -9.313504757926617 ], [ -36.094462, -9.313556 ], [ -36.094333, -9.313584 ], [ -36.094347, -9.313613 ], [ -36.094376, -9.313656 ], [ -36.094652676953388, -9.313678538241627 ], [ -36.094741739934157, -9.313710497830376 ], [ -36.09491784173705, -9.313840333629615 ], [ -36.095168837410121, -9.31402609861231 ] ] ] ] } },
{ "type": "Feature", "properties": { "fid": 451.0, "LAT_GD": -9.100262, "LONG_GD": -35.942679, "IMG_ANTES": "01/2024", "IMG_DEPOIS": "03/02/2026", "BIOMA": "Mata Atlântica", "COD_CAR": "AL-2709301-41FE4E081A79469690497C36825AB8EF", "N_IMOVEL": "SITIO FUNDO DO SURRAO", "NM_MUN": "Uniao dos Palmares", "ORGAO": "IMA-AL", "OPERACAO": "MATA VIVA", "PERIODO": "9 A 20 DE MARÇO DE 2026", "N_PROCESSO": "-", "DATA_AI": "-", "MOTIVO": "DESMATAMENTO", "AI": "2026.17033192460.AAF.AINF", "TE": "2026.17033145772.AAF.AINF", "AI_APP": "-", "TE_APP": "-", "AI_RL": "-", "TE_RL": "-", "AREA_UTM": 6.9, "AREA_UC": 6.9, "AREA_TI": 0.0, "AREA_APP": 0.0, "AREA_RL": 1.79, "FORA_UC": 0.0, "FORA_TI": 6.9, "FORA_APP": 6.9, "FORA_RL": 5.11, "SITUACAO": "EMBARGADA" }, "geometry": { "type": "MultiPolygon", "coordinates": [ [ [ [ -35.9415330934305, -9.102653105770212 ], [ -35.941728081870863, -9.102703647617957 ], [ -35.942605413867071, -9.102690111943049 ], [ -35.943016663240286, -9.102730718966228 ], [ -35.942605413867071, -9.10189150621679 ], [ -35.942098206306767, -9.101688470578322 ], [ -35.941649874827078, -9.101519015232507 ], [ -35.9415330934305, -9.102653105770212 ] ] ], [ [ [ -35.942989246615412, -9.099005005395275 ], [ -35.942811038553685, -9.097840923444153 ], [ -35.942584851398415, -9.097861227231567 ], [ -35.942368945477476, -9.097668341204599 ], [ -35.942221721347309, -9.097648171658276 ], [ -35.942219702019798, -9.098893248719691 ], [ -35.941908577263156, -9.09973804168755 ], [ -35.941821539943291, -9.100752154838473 ], [ -35.942737797544495, -9.100962899303775 ], [ -35.943550007960283, -9.101372828566085 ], [ -35.943768024616659, -9.100405124597321 ], [ -35.943839789737233, -9.099953792527915 ], [ -35.943633537300123, -9.098991469580399 ], [ -35.942989246615412, -9.099005005395275 ] ] ] ] } },
{ "type": "Feature", "properties": { "fid": 440.0, "LAT_GD": -8.956401, "LONG_GD": -35.780772, "IMG_ANTES": "06/2022", "IMG_DEPOIS": "10/2023", "BIOMA": "Mata Atlântica", "COD_CAR": "AL-2702108-FE5E34C2CD294099B534230D338D6128", "N_IMOVEL": "SITIO GROTA DAGUA", "NM_MUN": "Colonia Leopoldina", "ORGAO": "IMA-AL", "OPERACAO": "MATA VIVA", "PERIODO": "9 A 20 DE MARÇO DE 2026", "N_PROCESSO": "-", "DATA_AI": "-", "MOTIVO": "DESMATAMENTO", "AI": "2026.16031045873.AI.IMA", "TE": "2026.160310104.AI.IMA", "AI_APP": "-", "TE_APP": "-", "AI_RL": "-", "TE_RL": "-", "AREA_UTM": 1.03, "AREA_UC": 1.03, "AREA_TI": 0.0, "AREA_APP": 0.0, "AREA_RL": 0.0, "FORA_UC": 0.0, "FORA_TI": 1.03, "FORA_APP": 1.03, "FORA_RL": 1.03, "SITUACAO": "EMBARGADA" }, "geometry": { "type": "MultiPolygon", "coordinates": [ [ [ [ -35.78034504043287, -8.955794086430704 ], [ -35.780236267119093, -8.956780487928404 ], [ -35.780275235561071, -8.956776591084205 ], [ -35.781433949855504, -8.956798048756324 ], [ -35.781455407527623, -8.956722946903907 ], [ -35.781465684490023, -8.956546848227825 ], [ -35.781337921078872, -8.956409627439252 ], [ -35.781046354052172, -8.956134541387776 ], [ -35.780418011610173, -8.955762303429035 ], [ -35.78034504043287, -8.955794086430704 ] ] ] ] } },
{ "type": "Feature", "properties": { "fid": 442.0, "LAT_GD": -8.96953, "LONG_GD": -35.725471, "IMG_ANTES": "05/2022", "IMG_DEPOIS": "03/2025", "BIOMA": "Mata Atlântica", "COD_CAR": "N/A", "N_IMOVEL": "N/A", "NM_MUN": "Colonia Leopoldina", "ORGAO": "IMA-AL", "OPERACAO": "MATA VIVA", "PERIODO": "9 A 20 DE MARÇO DE 2026", "N_PROCESSO": "-", "DATA_AI": "-", "MOTIVO": "DESMATAMENTO", "AI": "2026.19033684895.AINF", "TE": "2026.19032211118.AINF", "AI_APP": "-", "TE_APP": "-", "AI_RL": "-", "TE_RL": "-", "AREA_UTM": 2.69, "AREA_UC": 2.69, "AREA_TI": 0.0, "AREA_APP": 0.0, "AREA_RL": 0.0, "FORA_UC": 0.0, "FORA_TI": 2.69, "FORA_APP": 2.69, "FORA_RL": 2.69, "SITUACAO": "EMBARGADA" }, "geometry": { "type": "MultiPolygon", "coordinates": [ [ [ [ -35.724920185468719, -8.969229843515638 ], [ -35.723423189640592, -8.969409124453136 ], [ -35.723698567289766, -8.969962246500177 ], [ -35.725431310005526, -8.969755787730911 ], [ -35.727340493885542, -8.969787963131248 ], [ -35.727465974781218, -8.969615297531263 ], [ -35.727412190499969, -8.969211915421887 ], [ -35.726417181296839, -8.969238807562512 ], [ -35.725762805874965, -8.969176059234387 ], [ -35.724920185468719, -8.969229843515638 ] ] ] ] } },
{ "type": "Feature", "properties": { "fid": 439.0, "LAT_GD": -9.098865, "LONG_GD": -36.154766, "IMG_ANTES": "12/2024", "IMG_DEPOIS": "03/02/2026", "BIOMA": "Mata Atlântica", "COD_CAR": "AL-2708105-AF8FD4F0037A42F98960AFC6C019DD2C", "N_IMOVEL": "SITIO PROPRIEDADE AGUA FRIA", "NM_MUN": "Santana do Mundau", "ORGAO": "IMA-AL", "OPERACAO": "MATA VIVA", "PERIODO": "9 A 20 DE MARÇO DE 2026", "N_PROCESSO": "-", "DATA_AI": "-", "MOTIVO": "DESMATAMENTO", "AI": "2026.18035952886.AAF.AINF", "TE": "2026.18032104.AI.TA", "AI_APP": "-", "TE_APP": "-", "AI_RL": "-", "TE_RL": "-", "AREA_UTM": 1.02, "AREA_UC": 0.0, "AREA_TI": 0.0, "AREA_APP": 0.0, "AREA_RL": 0.0, "FORA_UC": 1.02, "FORA_TI": 1.02, "FORA_APP": 1.02, "FORA_RL": 1.02, "SITUACAO": "EMBARGADA" }, "geometry": { "type": "MultiPolygon", "coordinates": [ [ [ [ -36.1541367819325, -9.099307312019908 ], [ -36.154844885112432, -9.099135650642955 ], [ -36.155354877735199, -9.099281760575797 ], [ -36.155317376780772, -9.098494730213512 ], [ -36.155051967261613, -9.098298216716564 ], [ -36.154807272002721, -9.098626142654458 ], [ -36.154617433787976, -9.098594917305549 ], [ -36.154390972817609, -9.098478715758079 ], [ -36.154286985637341, -9.098642124184215 ], [ -36.154112521449044, -9.098794769208828 ], [ -36.1541367819325, -9.099307312019908 ] ] ] ] } }
]
}
