{
"type": "FeatureCollection",
"name": "ASV_Analisadas_Pontos",
"crs": { "type": "name", "properties": { "name": "urn:ogc:def:crs:OGC:1.3:CRS84" } },
"features": [
{ "type": "Feature", "properties": { "NR_PROCES": "22700055/2020", "NM_MUNIC": "BATALHA", "TIPO_DOC": "AUT", "COD_1": "12.", "TIP_EMPR_1": "OUTRAS TIPOLOGIAS", "COD_2": "12.12", "TIP_EMPR_2": "AUTORIZACAO DE SUPRESSAO DE VEGETACAO", "DT_ENTRA": "2020/07", "NR_LICENCA": "-", "DATA_EMISS": null, "VALIDADE": null, "LONG": -37.0578, "LAT": -9.65911, "NR_RST_PTS": "0" }, "geometry": { "type": "Point", "coordinates": [ -37.057797222222199, -9.659108333333331 ] } },
{ "type": "Feature", "properties": { "NR_PROCES": "22712648/2021", "NM_MUNIC": "ARAPIRACA", "TIPO_DOC": "AUT", "COD_1": "12.", "TIP_EMPR_1": "OUTRAS TIPOLOGIAS", "COD_2": "12.12", "TIP_EMPR_2": "AUTORIZACAO DE SUPRESSAO DE VEGETACAO", "DT_ENTRA": "2021/11", "NR_LICENCA": "-", "DATA_EMISS": null, "VALIDADE": null, "LONG": -36.65928, "LAT": -9.79745, "NR_RST_PTS": "0" }, "geometry": { "type": "Point", "coordinates": [ -36.659282869293897, -9.797449947563701 ] } },
{ "type": "Feature", "properties": { "NR_PROCES": "22700054/2020", "NM_MUNIC": "CAMPO GRANDE", "TIPO_DOC": "AUT", "COD_1": "12.", "TIP_EMPR_1": "OUTRAS TIPOLOGIAS", "COD_2": "12.12", "TIP_EMPR_2": "AUTORIZACAO DE SUPRESSAO DE VEGETACAO", "DT_ENTRA": "2020/10", "NR_LICENCA": "-", "DATA_EMISS": null, "VALIDADE": null, "LONG": -36.79067, "LAT": -9.96038, "NR_RST_PTS": "5" }, "geometry": { "type": "Point", "coordinates": [ -36.790667614253898, -9.96037977532254 ] } },
{ "type": "Feature", "properties": { "NR_PROCES": "22718459/2021", "NM_MUNIC": "PAO DE ACUCAR", "TIPO_DOC": "AUT", "COD_1": "12.", "TIP_EMPR_1": "OUTRAS TIPOLOGIAS", "COD_2": "12.12", "TIP_EMPR_2": "AUTORIZACAO DE SUPRESSAO DE VEGETACAO", "DT_ENTRA": "2021/12", "NR_LICENCA": "-", "DATA_EMISS": null, "VALIDADE": null, "LONG": -37.62957, "LAT": -9.68732, "NR_RST_PTS": "0" }, "geometry": { "type": "Point", "coordinates": [ -37.629566546862399, -9.68732096346427 ] } },
{ "type": "Feature", "properties": { "NR_PROCES": "54686/2016", "NM_MUNIC": "MACEIO", "TIPO_DOC": "AUT", "COD_1": "12.", "TIP_EMPR_1": "OUTRAS TIPOLOGIAS", "COD_2": "12.12", "TIP_EMPR_2": "AUTORIZACAO DE SUPRESSAO DE VEGETACAO", "DT_ENTRA": "2016/10", "NR_LICENCA": "-", "DATA_EMISS": null, "VALIDADE": null, "LONG": -35.7309, "LAT": -9.63133, "NR_RST_PTS": "0" }, "geometry": { "type": "Point", "coordinates": [ -35.730903, -9.631328 ] } },
{ "type": "Feature", "properties": { "NR_PROCES": "22700036/2021", "NM_MUNIC": "DELMIRO GOUVEIA", "TIPO_DOC": "AUT", "COD_1": "12.", "TIP_EMPR_1": "OUTRAS TIPOLOGIAS", "COD_2": "12.12", "TIP_EMPR_2": "AUTORIZACAO DE SUPRESSAO DE VEGETACAO", "DT_ENTRA": "2021/06", "NR_LICENCA": "-", "DATA_EMISS": null, "VALIDADE": null, "LONG": -38.07718, "LAT": -9.34918, "NR_RST_PTS": "0" }, "geometry": { "type": "Point", "coordinates": [ -38.077182267512299, -9.349176105155379 ] } },
{ "type": "Feature", "properties": { "NR_PROCES": "22715624/2021", "NM_MUNIC": "MARECHAL DEODORO", "TIPO_DOC": "AUT", "COD_1": "12.", "TIP_EMPR_1": "OUTRAS TIPOLOGIAS", "COD_2": "12.12", "TIP_EMPR_2": "AUTORIZACAO DE SUPRESSAO DE VEGETACAO", "DT_ENTRA": "2021/08", "NR_LICENCA": "-", "DATA_EMISS": null, "VALIDADE": null, "LONG": -35.81336, "LAT": -9.71804, "NR_RST_PTS": "434" }, "geometry": { "type": "Point", "coordinates": [ -35.8133627, -9.7180425 ] } },
{ "type": "Feature", "properties": { "NR_PROCES": "22700058", "NM_MUNIC": "BELO MONTE", "TIPO_DOC": "AUT", "COD_1": "12.", "TIP_EMPR_1": "OUTRAS TIPOLOGIAS", "COD_2": "12.12", "TIP_EMPR_2": "AUTORIZACAO DE SUPRESSAO DE VEGETACAO", "DT_ENTRA": "2020/11", "NR_LICENCA": "-", "DATA_EMISS": null, "VALIDADE": null, "LONG": -37.22119, "LAT": -9.79866, "NR_RST_PTS": "0" }, "geometry": { "type": "Point", "coordinates": [ -37.221190489730901, -9.79865783792086 ] } },
{ "type": "Feature", "properties": { "NR_PROCES": "73019/2018", "NM_MUNIC": "MARECHAL DEODORO", "TIPO_DOC": "AUT", "COD_1": "12.", "TIP_EMPR_1": "OUTRAS TIPOLOGIAS", "COD_2": "12.12", "TIP_EMPR_2": "AUTORIZACAO DE SUPRESSAO DE VEGETACAO", "DT_ENTRA": "2018/03", "NR_LICENCA": "-", "DATA_EMISS": null, "VALIDADE": null, "LONG": -35.88123, "LAT": -9.76583, "NR_RST_PTS": "0" }, "geometry": { "type": "Point", "coordinates": [ -35.881226, -9.765835 ] } },
{ "type": "Feature", "properties": { "NR_PROCES": "73019/2018", "NM_MUNIC": "MARECHAL DEODORO", "TIPO_DOC": "AUT", "COD_1": "12.", "TIP_EMPR_1": "OUTRAS TIPOLOGIAS", "COD_2": "12.12", "TIP_EMPR_2": "AUTORIZACAO DE SUPRESSAO DE VEGETACAO", "DT_ENTRA": "2018/01", "NR_LICENCA": "-", "DATA_EMISS": null, "VALIDADE": null, "LONG": -35.88107, "LAT": -9.76539, "NR_RST_PTS": "0" }, "geometry": { "type": "Point", "coordinates": [ -35.881074, -9.765386 ] } },
{ "type": "Feature", "properties": { "NR_PROCES": "62529/2017", "NM_MUNIC": "MACEIO", "TIPO_DOC": "AUT", "COD_1": "12.", "TIP_EMPR_1": "OUTRAS TIPOLOGIAS", "COD_2": "12.12", "TIP_EMPR_2": "AUTORIZACAO DE SUPRESSAO DE VEGETACAO", "DT_ENTRA": "2017/05", "NR_LICENCA": "-", "DATA_EMISS": null, "VALIDADE": null, "LONG": -35.5964, "LAT": -9.5241, "NR_RST_PTS": "0" }, "geometry": { "type": "Point", "coordinates": [ -35.596403, -9.524101 ] } },
{ "type": "Feature", "properties": { "NR_PROCES": "22700049/2020", "NM_MUNIC": "MACEIO", "TIPO_DOC": "AUT", "COD_1": "12.", "TIP_EMPR_1": "OUTRAS TIPOLOGIAS", "COD_2": "12.12", "TIP_EMPR_2": "AUTORIZACAO DE SUPRESSAO DE VEGETACAO", "DT_ENTRA": "2020/06", "NR_LICENCA": "-", "DATA_EMISS": null, "VALIDADE": null, "LONG": -35.74937, "LAT": -9.63312, "NR_RST_PTS": "35" }, "geometry": { "type": "Point", "coordinates": [ -35.749374321188299, -9.633123338701241 ] } },
{ "type": "Feature", "properties": { "NR_PROCES": "22700059", "NM_MUNIC": "MACEIO", "TIPO_DOC": "AUT", "COD_1": "12.", "TIP_EMPR_1": "OUTRAS TIPOLOGIAS", "COD_2": "12.12", "TIP_EMPR_2": "AUTORIZACAO DE SUPRESSAO DE VEGETACAO", "DT_ENTRA": "2020/10", "NR_LICENCA": "-", "DATA_EMISS": null, "VALIDADE": null, "LONG": -35.75014, "LAT": -9.63211, "NR_RST_PTS": "92" }, "geometry": { "type": "Point", "coordinates": [ -35.750139955916502, -9.63211429199324 ] } },
{ "type": "Feature", "properties": { "NR_PROCES": "22700034/2020", "NM_MUNIC": "MARAVILHA, POCO DAS TRINCHEIRAS E SANTANA DO IPANEMA", "TIPO_DOC": "AUT", "COD_1": "12.", "TIP_EMPR_1": "OUTRAS TIPOLOGIAS", "COD_2": "12.12", "TIP_EMPR_2": "AUTORIZACAO DE SUPRESSAO DE VEGETACAO", "DT_ENTRA": "2020/03", "NR_LICENCA": "-", "DATA_EMISS": null, "VALIDADE": null, "LONG": -37.35126, "LAT": -9.30307, "NR_RST_PTS": "0" }, "geometry": { "type": "Point", "coordinates": [ -37.351264091958498, -9.30306781014419 ] } },
{ "type": "Feature", "properties": { "NR_PROCES": "51615/2017", "NM_MUNIC": "RIO LARGO", "TIPO_DOC": "AUT", "COD_1": "12.", "TIP_EMPR_1": "OUTRAS TIPOLOGIAS", "COD_2": "12.12", "TIP_EMPR_2": "AUTORIZACAO DE SUPRESSAO DE VEGETACAO", "DT_ENTRA": "2017/05", "NR_LICENCA": "-", "DATA_EMISS": null, "VALIDADE": null, "LONG": -35.90683, "LAT": -9.48542, "NR_RST_PTS": "0" }, "geometry": { "type": "Point", "coordinates": [ -35.906826, -9.485423 ] } },
{ "type": "Feature", "properties": { "NR_PROCES": "22718499/2022", "NM_MUNIC": "BARRA DE SAO MIGUEL", "TIPO_DOC": "AUT", "COD_1": "12.", "TIP_EMPR_1": "OUTRAS TIPOLOGIAS", "COD_2": "12.12", "TIP_EMPR_2": "AUTORIZACAO DE SUPRESSAO DE VEGETACAO", "DT_ENTRA": "2022/07", "NR_LICENCA": "-", "DATA_EMISS": null, "VALIDADE": null, "LONG": -35.88638, "LAT": -9.8316, "NR_RST_PTS": "50" }, "geometry": { "type": "Point", "coordinates": [ -35.886377777777803, -9.83160277777778 ] } },
{ "type": "Feature", "properties": { "NR_PROCES": "22718505/2022", "NM_MUNIC": "MACEIO", "TIPO_DOC": "AUT", "COD_1": "12.", "TIP_EMPR_1": "OUTRAS TIPOLOGIAS", "COD_2": "12.12", "TIP_EMPR_2": "AUTORIZACAO DE SUPRESSAO DE VEGETACAO", "DT_ENTRA": "2022/06", "NR_LICENCA": "-", "DATA_EMISS": null, "VALIDADE": null, "LONG": -35.69014, "LAT": -9.52957, "NR_RST_PTS": "12" }, "geometry": { "type": "Point", "coordinates": [ -35.690136153745001, -9.529565273410929 ] } },
{ "type": "Feature", "properties": { "NR_PROCES": "22718462/2021", "NM_MUNIC": "MACEIO", "TIPO_DOC": "AUT", "COD_1": "12.", "TIP_EMPR_1": "OUTRAS TIPOLOGIAS", "COD_2": "12.12", "TIP_EMPR_2": "AUTORIZACAO DE SUPRESSAO DE VEGETACAO", "DT_ENTRA": "2021/11", "NR_LICENCA": "-", "DATA_EMISS": null, "VALIDADE": null, "LONG": -35.7975, "LAT": -9.56381, "NR_RST_PTS": "47" }, "geometry": { "type": "Point", "coordinates": [ -35.797503936932998, -9.563811650556399 ] } },
{ "type": "Feature", "properties": { "NR_PROCES": "22718475 /2022", "NM_MUNIC": "MESSIAS", "TIPO_DOC": "AUT", "COD_1": "12.", "TIP_EMPR_1": "OUTRAS TIPOLOGIAS", "COD_2": "12.12", "TIP_EMPR_2": "AUTORIZACAO DE SUPRESSAO DE VEGETACAO", "DT_ENTRA": "2022/03", "NR_LICENCA": "-", "DATA_EMISS": null, "VALIDADE": null, "LONG": -35.84153, "LAT": -9.39114, "NR_RST_PTS": "1" }, "geometry": { "type": "Point", "coordinates": [ -35.8415305555556, -9.391136111111109 ] } },
{ "type": "Feature", "properties": { "NR_PROCES": "22718484/2022", "NM_MUNIC": "RIO LARGO", "TIPO_DOC": "AUT", "COD_1": "12.", "TIP_EMPR_1": "OUTRAS TIPOLOGIAS", "COD_2": "12.12", "TIP_EMPR_2": "AUTORIZACAO DE SUPRESSAO DE VEGETACAO", "DT_ENTRA": "2022/06", "NR_LICENCA": "-", "DATA_EMISS": null, "VALIDADE": null, "LONG": -35.84033, "LAT": -9.48138, "NR_RST_PTS": "8" }, "geometry": { "type": "Point", "coordinates": [ -35.8403316666667, -9.48138333333333 ] } },
{ "type": "Feature", "properties": { "NR_PROCES": "22700015/2019", "NM_MUNIC": "PIACABUCU", "TIPO_DOC": "AUT", "COD_1": "12.", "TIP_EMPR_1": "OUTRAS TIPOLOGIAS", "COD_2": "12.12", "TIP_EMPR_2": "AUTORIZACAO DE SUPRESSAO DE VEGETACAO", "DT_ENTRA": "2019/07", "NR_LICENCA": "-", "DATA_EMISS": null, "VALIDADE": null, "LONG": -36.48813, "LAT": -10.38544, "NR_RST_PTS": "0" }, "geometry": { "type": "Point", "coordinates": [ -36.4881265637339, -10.385442639418899 ] } },
{ "type": "Feature", "properties": { "NR_PROCES": "72851/2018", "NM_MUNIC": "BARRA DE SAO MIGUEL", "TIPO_DOC": "AUT", "COD_1": "12.", "TIP_EMPR_1": "OUTRAS TIPOLOGIAS", "COD_2": "12.12", "TIP_EMPR_2": "AUTORIZACAO DE SUPRESSAO DE VEGETACAO", "DT_ENTRA": "2018/04", "NR_LICENCA": "-", "DATA_EMISS": null, "VALIDADE": null, "LONG": -35.86883, "LAT": -9.80034, "NR_RST_PTS": "0" }, "geometry": { "type": "Point", "coordinates": [ -35.868827, -9.800339 ] } },
{ "type": "Feature", "properties": { "NR_PROCES": "227000003/2018 Sinaflor", "NM_MUNIC": "MACEIO", "TIPO_DOC": "AUT", "COD_1": "12.", "TIP_EMPR_1": "OUTRAS TIPOLOGIAS", "COD_2": "12.12", "TIP_EMPR_2": "AUTORIZACAO DE SUPRESSAO DE VEGETACAO", "DT_ENTRA": "2019/04", "NR_LICENCA": "-", "DATA_EMISS": null, "VALIDADE": null, "LONG": -35.7512, "LAT": -9.52669, "NR_RST_PTS": "0" }, "geometry": { "type": "Point", "coordinates": [ -35.751202294990001, -9.52668685699963 ] } },
{ "type": "Feature", "properties": { "NR_PROCES": "227000003/2018 Sinaflor", "NM_MUNIC": "MACEIO", "TIPO_DOC": "AUT", "COD_1": "12.", "TIP_EMPR_1": "OUTRAS TIPOLOGIAS", "COD_2": "12.12", "TIP_EMPR_2": "AUTORIZACAO DE SUPRESSAO DE VEGETACAO", "DT_ENTRA": "2019/04", "NR_LICENCA": "-", "DATA_EMISS": null, "VALIDADE": null, "LONG": -35.75123, "LAT": -9.52666, "NR_RST_PTS": "0" }, "geometry": { "type": "Point", "coordinates": [ -35.751229379990001, -9.52665953799959 ] } },
{ "type": "Feature", "properties": { "NR_PROCES": "227000003/2018 Sinaflor", "NM_MUNIC": "MACEIO", "TIPO_DOC": "AUT", "COD_1": "12.", "TIP_EMPR_1": "OUTRAS TIPOLOGIAS", "COD_2": "12.12", "TIP_EMPR_2": "AUTORIZACAO DE SUPRESSAO DE VEGETACAO", "DT_ENTRA": "2019/04", "NR_LICENCA": "-", "DATA_EMISS": null, "VALIDADE": null, "LONG": -35.75127, "LAT": -9.52665, "NR_RST_PTS": "0" }, "geometry": { "type": "Point", "coordinates": [ -35.751274812989998, -9.52665014499963 ] } },
{ "type": "Feature", "properties": { "NR_PROCES": "227000003/2018 Sinaflor", "NM_MUNIC": "MACEIO", "TIPO_DOC": "AUT", "COD_1": "12.", "TIP_EMPR_1": "OUTRAS TIPOLOGIAS", "COD_2": "12.12", "TIP_EMPR_2": "AUTORIZACAO DE SUPRESSAO DE VEGETACAO", "DT_ENTRA": "2019/04", "NR_LICENCA": "-", "DATA_EMISS": null, "VALIDADE": null, "LONG": -35.74903, "LAT": -9.51818, "NR_RST_PTS": "0" }, "geometry": { "type": "Point", "coordinates": [ -35.749031710990003, -9.51817501999961 ] } },
{ "type": "Feature", "properties": { "NR_PROCES": "227000003/2018 Sinaflor", "NM_MUNIC": "MACEIO", "TIPO_DOC": "AUT", "COD_1": "12.", "TIP_EMPR_1": "OUTRAS TIPOLOGIAS", "COD_2": "12.12", "TIP_EMPR_2": "AUTORIZACAO DE SUPRESSAO DE VEGETACAO", "DT_ENTRA": "2019/04", "NR_LICENCA": "-", "DATA_EMISS": null, "VALIDADE": null, "LONG": -35.74909, "LAT": -9.5182, "NR_RST_PTS": "0" }, "geometry": { "type": "Point", "coordinates": [ -35.749086532990098, -9.51820169299965 ] } },
{ "type": "Feature", "properties": { "NR_PROCES": "227000003/2018 Sinaflor", "NM_MUNIC": "MACEIO", "TIPO_DOC": "AUT", "COD_1": "12.", "TIP_EMPR_1": "OUTRAS TIPOLOGIAS", "COD_2": "12.12", "TIP_EMPR_2": "AUTORIZACAO DE SUPRESSAO DE VEGETACAO", "DT_ENTRA": "2019/04", "NR_LICENCA": "-", "DATA_EMISS": null, "VALIDADE": null, "LONG": -35.749, "LAT": -9.51822, "NR_RST_PTS": "0" }, "geometry": { "type": "Point", "coordinates": [ -35.749004769990002, -9.51822040699961 ] } },
{ "type": "Feature", "properties": { "NR_PROCES": "227000003/2018 Sinaflor", "NM_MUNIC": "MACEIO", "TIPO_DOC": "AUT", "COD_1": "12.", "TIP_EMPR_1": "OUTRAS TIPOLOGIAS", "COD_2": "12.12", "TIP_EMPR_2": "AUTORIZACAO DE SUPRESSAO DE VEGETACAO", "DT_ENTRA": "2019/04", "NR_LICENCA": "-", "DATA_EMISS": null, "VALIDADE": null, "LONG": -35.74907, "LAT": -9.51823, "NR_RST_PTS": "0" }, "geometry": { "type": "Point", "coordinates": [ -35.749068547990099, -9.51822893999964 ] } },
{ "type": "Feature", "properties": { "NR_PROCES": "227000003/2018 Sinaflor", "NM_MUNIC": "MACEIO", "TIPO_DOC": "AUT", "COD_1": "12.", "TIP_EMPR_1": "OUTRAS TIPOLOGIAS", "COD_2": "12.12", "TIP_EMPR_2": "AUTORIZACAO DE SUPRESSAO DE VEGETACAO", "DT_ENTRA": "2019/04", "NR_LICENCA": "-", "DATA_EMISS": null, "VALIDADE": null, "LONG": -35.74898, "LAT": -9.5182, "NR_RST_PTS": "0" }, "geometry": { "type": "Point", "coordinates": [ -35.7489773229901, -9.518202553999631 ] } },
{ "type": "Feature", "properties": { "NR_PROCES": "227000003/2018 Sinaflor", "NM_MUNIC": "MACEIO", "TIPO_DOC": "AUT", "COD_1": "12.", "TIP_EMPR_1": "OUTRAS TIPOLOGIAS", "COD_2": "12.12", "TIP_EMPR_2": "AUTORIZACAO DE SUPRESSAO DE VEGETACAO", "DT_ENTRA": "2019/04", "NR_LICENCA": "-", "DATA_EMISS": null, "VALIDADE": null, "LONG": -35.74904, "LAT": -9.51822, "NR_RST_PTS": "0" }, "geometry": { "type": "Point", "coordinates": [ -35.749041172990097, -9.51822012099962 ] } },
{ "type": "Feature", "properties": { "NR_PROCES": "227000003/2018 Sinaflor", "NM_MUNIC": "MACEIO", "TIPO_DOC": "AUT", "COD_1": "12.", "TIP_EMPR_1": "OUTRAS TIPOLOGIAS", "COD_2": "12.12", "TIP_EMPR_2": "AUTORIZACAO DE SUPRESSAO DE VEGETACAO", "DT_ENTRA": "2019/04", "NR_LICENCA": "-", "DATA_EMISS": null, "VALIDADE": null, "LONG": -35.74901, "LAT": -9.51821, "NR_RST_PTS": "0" }, "geometry": { "type": "Point", "coordinates": [ -35.749013797990102, -9.518211300999621 ] } },
{ "type": "Feature", "properties": { "NR_PROCES": "227000003/2018 Sinaflor", "NM_MUNIC": "MACEIO", "TIPO_DOC": "AUT", "COD_1": "12.", "TIP_EMPR_1": "OUTRAS TIPOLOGIAS", "COD_2": "12.12", "TIP_EMPR_2": "AUTORIZACAO DE SUPRESSAO DE VEGETACAO", "DT_ENTRA": "2019/04", "NR_LICENCA": "-", "DATA_EMISS": null, "VALIDADE": null, "LONG": -35.74896, "LAT": -9.51823, "NR_RST_PTS": "0" }, "geometry": { "type": "Point", "coordinates": [ -35.748959337990101, -9.518229799999631 ] } },
{ "type": "Feature", "properties": { "NR_PROCES": "227000003/2018 Sinaflor", "NM_MUNIC": "MACEIO", "TIPO_DOC": "AUT", "COD_1": "12.", "TIP_EMPR_1": "OUTRAS TIPOLOGIAS", "COD_2": "12.12", "TIP_EMPR_2": "AUTORIZACAO DE SUPRESSAO DE VEGETACAO", "DT_ENTRA": "2019/04", "NR_LICENCA": "-", "DATA_EMISS": null, "VALIDADE": null, "LONG": -35.749, "LAT": -9.51824, "NR_RST_PTS": "0" }, "geometry": { "type": "Point", "coordinates": [ -35.74899581399, -9.518238547999619 ] } },
{ "type": "Feature", "properties": { "NR_PROCES": "227000003/2018 Sinaflor", "NM_MUNIC": "MACEIO", "TIPO_DOC": "AUT", "COD_1": "12.", "TIP_EMPR_1": "OUTRAS TIPOLOGIAS", "COD_2": "12.12", "TIP_EMPR_2": "AUTORIZACAO DE SUPRESSAO DE VEGETACAO", "DT_ENTRA": "2019/04", "NR_LICENCA": "-", "DATA_EMISS": null, "VALIDADE": null, "LONG": -35.74902, "LAT": -9.51821, "NR_RST_PTS": "0" }, "geometry": { "type": "Point", "coordinates": [ -35.749022898989999, -9.518211229999631 ] } },
{ "type": "Feature", "properties": { "NR_PROCES": "227000003/2018 Sinaflor", "NM_MUNIC": "MACEIO", "TIPO_DOC": "AUT", "COD_1": "12.", "TIP_EMPR_1": "OUTRAS TIPOLOGIAS", "COD_2": "12.12", "TIP_EMPR_2": "AUTORIZACAO DE SUPRESSAO DE VEGETACAO", "DT_ENTRA": "2019/04", "NR_LICENCA": "-", "DATA_EMISS": null, "VALIDADE": null, "LONG": -35.74909, "LAT": -9.51824, "NR_RST_PTS": "0" }, "geometry": { "type": "Point", "coordinates": [ -35.749086821990097, -9.51823783099964 ] } },
{ "type": "Feature", "properties": { "NR_PROCES": "56031/2016", "NM_MUNIC": "MACEIO", "TIPO_DOC": "AUT", "COD_1": "12.", "TIP_EMPR_1": "OUTRAS TIPOLOGIAS", "COD_2": "12.12", "TIP_EMPR_2": "AUTORIZACAO DE SUPRESSAO DE VEGETACAO", "DT_ENTRA": "2017/02", "NR_LICENCA": "-", "DATA_EMISS": null, "VALIDADE": null, "LONG": -35.74887, "LAT": -9.51812, "NR_RST_PTS": "0" }, "geometry": { "type": "Point", "coordinates": [ -35.748867, -9.518122 ] } },
{ "type": "Feature", "properties": { "NR_PROCES": "56031/2016", "NM_MUNIC": "MACEIO", "TIPO_DOC": "AUT", "COD_1": "12.", "TIP_EMPR_1": "OUTRAS TIPOLOGIAS", "COD_2": "12.12", "TIP_EMPR_2": "AUTORIZACAO DE SUPRESSAO DE VEGETACAO", "DT_ENTRA": "2017/02", "NR_LICENCA": "-", "DATA_EMISS": null, "VALIDADE": null, "LONG": -35.74879, "LAT": -9.5181, "NR_RST_PTS": "0" }, "geometry": { "type": "Point", "coordinates": [ -35.748785, -9.518096 ] } },
{ "type": "Feature", "properties": { "NR_PROCES": "56031/2016", "NM_MUNIC": "MACEIO", "TIPO_DOC": "AUT", "COD_1": "12.", "TIP_EMPR_1": "OUTRAS TIPOLOGIAS", "COD_2": "12.12", "TIP_EMPR_2": "AUTORIZACAO DE SUPRESSAO DE VEGETACAO", "DT_ENTRA": "2017/02", "NR_LICENCA": "-", "DATA_EMISS": null, "VALIDADE": null, "LONG": -35.75133, "LAT": -9.52661, "NR_RST_PTS": "0" }, "geometry": { "type": "Point", "coordinates": [ -35.751329, -9.526605 ] } },
{ "type": "Feature", "properties": { "NR_PROCES": "56031/2016", "NM_MUNIC": "MACEIO", "TIPO_DOC": "AUT", "COD_1": "12.", "TIP_EMPR_1": "OUTRAS TIPOLOGIAS", "COD_2": "12.12", "TIP_EMPR_2": "AUTORIZACAO DE SUPRESSAO DE VEGETACAO", "DT_ENTRA": "2017/02", "NR_LICENCA": "-", "DATA_EMISS": null, "VALIDADE": null, "LONG": -35.75125, "LAT": -9.52659, "NR_RST_PTS": "0" }, "geometry": { "type": "Point", "coordinates": [ -35.751247, -9.526587 ] } },
{ "type": "Feature", "properties": { "NR_PROCES": "61495/2017", "NM_MUNIC": "SANTANA DO MUNDAU", "TIPO_DOC": "AUT", "COD_1": "12.", "TIP_EMPR_1": "OUTRAS TIPOLOGIAS", "COD_2": "12.12", "TIP_EMPR_2": "AUTORIZACAO DE SUPRESSAO DE VEGETACAO", "DT_ENTRA": "2017/06", "NR_LICENCA": "-", "DATA_EMISS": null, "VALIDADE": null, "LONG": -36.15096, "LAT": -9.11937, "NR_RST_PTS": "0" }, "geometry": { "type": "Point", "coordinates": [ -36.15096, -9.119374 ] } },
{ "type": "Feature", "properties": { "NR_PROCES": "22714236/2021", "NM_MUNIC": "SANTANA DO IPANEMA", "TIPO_DOC": "AUT", "COD_1": "12.", "TIP_EMPR_1": "OUTRAS TIPOLOGIAS", "COD_2": "12.12", "TIP_EMPR_2": "AUTORIZACAO DE SUPRESSAO DE VEGETACAO", "DT_ENTRA": "2021/08", "NR_LICENCA": "-", "DATA_EMISS": null, "VALIDADE": null, "LONG": -37.25514, "LAT": -9.36314, "NR_RST_PTS": "62" }, "geometry": { "type": "Point", "coordinates": [ -37.25513889, -9.363138888999989 ] } },
{ "type": "Feature", "properties": { "NR_PROCES": "22708168/2021", "NM_MUNIC": "PIRANHAS", "TIPO_DOC": "AUT", "COD_1": "12.", "TIP_EMPR_1": "OUTRAS TIPOLOGIAS", "COD_2": "12.12", "TIP_EMPR_2": "AUTORIZACAO DE SUPRESSAO DE VEGETACAO", "DT_ENTRA": "2021/04", "NR_LICENCA": "-", "DATA_EMISS": null, "VALIDADE": null, "LONG": -37.76155, "LAT": -9.61667, "NR_RST_PTS": "0" }, "geometry": { "type": "Point", "coordinates": [ -37.761551300483497, -9.61667160393818 ] } },
{ "type": "Feature", "properties": { "NR_PROCES": "22709314/2021", "NM_MUNIC": "MARAGOGI", "TIPO_DOC": "AUT", "COD_1": "12.", "TIP_EMPR_1": "OUTRAS TIPOLOGIAS", "COD_2": "12.12", "TIP_EMPR_2": "AUTORIZACAO DE SUPRESSAO DE VEGETACAO", "DT_ENTRA": "2021/05", "NR_LICENCA": "-", "DATA_EMISS": null, "VALIDADE": null, "LONG": -35.23763, "LAT": -9.00233, "NR_RST_PTS": "0" }, "geometry": { "type": "Point", "coordinates": [ -35.237625784609598, -9.00233082309086 ] } },
{ "type": "Feature", "properties": { "NR_PROCES": "22718469/2022", "NM_MUNIC": "CRAIBAS E GIRAU DO PONCIANO", "TIPO_DOC": "AUT", "COD_1": "12.", "TIP_EMPR_1": "OUTRAS TIPOLOGIAS", "COD_2": "12.12", "TIP_EMPR_2": "AUTORIZACAO DE SUPRESSAO DE VEGETACAO", "DT_ENTRA": "2022/01", "NR_LICENCA": "-", "DATA_EMISS": null, "VALIDADE": null, "LONG": -36.83105, "LAT": -9.67661, "NR_RST_PTS": "0" }, "geometry": { "type": "Point", "coordinates": [ -36.831048452760498, -9.67661028313289 ] } },
{ "type": "Feature", "properties": { "NR_PROCES": "22716821/2021", "NM_MUNIC": "GIRAU DO PONCIANO E JARAMATIA", "TIPO_DOC": "AUT", "COD_1": "12.", "TIP_EMPR_1": "OUTRAS TIPOLOGIAS", "COD_2": "12.12", "TIP_EMPR_2": "AUTORIZACAO DE SUPRESSAO DE VEGETACAO", "DT_ENTRA": "2021/09", "NR_LICENCA": "-", "DATA_EMISS": null, "VALIDADE": null, "LONG": -36.90217, "LAT": -9.66562, "NR_RST_PTS": "0" }, "geometry": { "type": "Point", "coordinates": [ -36.9021695419382, -9.665620976589659 ] } },
{ "type": "Feature", "properties": { "NR_PROCES": "22717256/2021", "NM_MUNIC": "BATALHA, JACARE DOS HOMENS, JARAMATAIA, MONTEIROPOLIS E OLHO DAGUA DAS FLORES", "TIPO_DOC": "AUT", "COD_1": "12.", "TIP_EMPR_1": "OUTRAS TIPOLOGIAS", "COD_2": "12.12", "TIP_EMPR_2": "AUTORIZACAO DE SUPRESSAO DE VEGETACAO", "DT_ENTRA": "2021/10", "NR_LICENCA": "-", "DATA_EMISS": null, "VALIDADE": null, "LONG": -37.25844, "LAT": -9.57343, "NR_RST_PTS": "0" }, "geometry": { "type": "Point", "coordinates": [ -37.2584356985451, -9.57342856476645 ] } },
{ "type": "Feature", "properties": { "NR_PROCES": "22717426/2021", "NM_MUNIC": "BATALHA, JACARE DOS HOMENS, MONTEIROPOLIS E OLHO DAGUA DAS FLORES", "TIPO_DOC": "AUT", "COD_1": "12.", "TIP_EMPR_1": "OUTRAS TIPOLOGIAS", "COD_2": "12.12", "TIP_EMPR_2": "AUTORIZACAO DE SUPRESSAO DE VEGETACAO", "DT_ENTRA": "2021/10", "NR_LICENCA": "-", "DATA_EMISS": null, "VALIDADE": null, "LONG": -37.25573, "LAT": -9.57594, "NR_RST_PTS": "727" }, "geometry": { "type": "Point", "coordinates": [ -37.2557295, -9.5759404 ] } },
{ "type": "Feature", "properties": { "NR_PROCES": "22718470/2022", "NM_MUNIC": "SAO JOSE DA TAPERA E PAO DE ACUCAR", "TIPO_DOC": "AUT", "COD_1": "12.", "TIP_EMPR_1": "OUTRAS TIPOLOGIAS", "COD_2": "12.12", "TIP_EMPR_2": "AUTORIZACAO DE SUPRESSAO DE VEGETACAO", "DT_ENTRA": "2022/02", "NR_LICENCA": "-", "DATA_EMISS": null, "VALIDADE": null, "LONG": -37.53492, "LAT": -9.52929, "NR_RST_PTS": "0" }, "geometry": { "type": "Point", "coordinates": [ -37.534916930335697, -9.52929158007672 ] } },
{ "type": "Feature", "properties": { "NR_PROCES": "22709587/2021", "NM_MUNIC": "CAMPO ALEGRE E JEQUIA DA PRAIA", "TIPO_DOC": "AUT", "COD_1": "12.", "TIP_EMPR_1": "OUTRAS TIPOLOGIAS", "COD_2": "12.12", "TIP_EMPR_2": "AUTORIZACAO DE SUPRESSAO DE VEGETACAO", "DT_ENTRA": "2021/05", "NR_LICENCA": "-", "DATA_EMISS": null, "VALIDADE": null, "LONG": -36.22183, "LAT": -9.82123, "NR_RST_PTS": "0" }, "geometry": { "type": "Point", "coordinates": [ -36.221826021031703, -9.82123118224616 ] } },
{ "type": "Feature", "properties": { "NR_PROCES": "76861/2018", "NM_MUNIC": "CAMPO ALEGRE, SAO MIGUEL DOS CAMPOS", "TIPO_DOC": "AUT", "COD_1": "12.", "TIP_EMPR_1": "OUTRAS TIPOLOGIAS", "COD_2": "12.12", "TIP_EMPR_2": "AUTORIZACAO DE SUPRESSAO DE VEGETACAO", "DT_ENTRA": "2018/04", "NR_LICENCA": "-", "DATA_EMISS": null, "VALIDADE": null, "LONG": -36.24027, "LAT": -9.82324, "NR_RST_PTS": "0" }, "geometry": { "type": "Point", "coordinates": [ -36.240274302564004, -9.82323652126666 ] } },
{ "type": "Feature", "properties": { "NR_PROCES": "22706528/2021", "NM_MUNIC": "MURICI", "TIPO_DOC": "AUT", "COD_1": "12.", "TIP_EMPR_1": "OUTRAS TIPOLOGIAS", "COD_2": "12.12", "TIP_EMPR_2": "AUTORIZACAO DE SUPRESSAO DE VEGETACAO", "DT_ENTRA": "2021/02", "NR_LICENCA": "-", "DATA_EMISS": null, "VALIDADE": null, "LONG": -35.97127, "LAT": -9.31237, "NR_RST_PTS": "36" }, "geometry": { "type": "Point", "coordinates": [ -35.971269444444502, -9.31236944444445 ] } },
{ "type": "Feature", "properties": { "NR_PROCES": "22718506/2022", "NM_MUNIC": "DELMIRO GOUVEIA E OLHO DAGUA DO CASADO", "TIPO_DOC": "AUT", "COD_1": "12.", "TIP_EMPR_1": "OUTRAS TIPOLOGIAS", "COD_2": "12.12", "TIP_EMPR_2": "AUTORIZACAO DE SUPRESSAO DE VEGETACAO", "DT_ENTRA": "2022/06", "NR_LICENCA": "-", "DATA_EMISS": null, "VALIDADE": null, "LONG": -37.91272, "LAT": -9.42266, "NR_RST_PTS": "0" }, "geometry": { "type": "Point", "coordinates": [ -37.912722484239801, -9.422663748140771 ] } },
{ "type": "Feature", "properties": { "NR_PROCES": "22718478/2022", "NM_MUNIC": "PIRANHAS E OLHO DAGUA DO CASADO", "TIPO_DOC": "AUT", "COD_1": "12.", "TIP_EMPR_1": "OUTRAS TIPOLOGIAS", "COD_2": "12.12", "TIP_EMPR_2": "AUTORIZACAO DE SUPRESSAO DE VEGETACAO", "DT_ENTRA": "2022/03", "NR_LICENCA": "-", "DATA_EMISS": null, "VALIDADE": null, "LONG": -37.78035, "LAT": -9.49184, "NR_RST_PTS": "0" }, "geometry": { "type": "Point", "coordinates": [ -37.780350708717897, -9.491840055874111 ] } },
{ "type": "Feature", "properties": { "NR_PROCES": "22709739/2021", "NM_MUNIC": "ARAPIRACA E SAO SEBASTIAO", "TIPO_DOC": "AUT", "COD_1": "12.", "TIP_EMPR_1": "OUTRAS TIPOLOGIAS", "COD_2": "12.12", "TIP_EMPR_2": "AUTORIZACAO DE SUPRESSAO DE VEGETACAO", "DT_ENTRA": "2021/05", "NR_LICENCA": "-", "DATA_EMISS": null, "VALIDADE": null, "LONG": -36.63311, "LAT": -9.78053, "NR_RST_PTS": "712" }, "geometry": { "type": "Point", "coordinates": [ -36.6331067, -9.7805262 ] } },
{ "type": "Feature", "properties": { "NR_PROCES": "56926/2016", "NM_MUNIC": "AGUA BRANCA", "TIPO_DOC": "AUT", "COD_1": "12.", "TIP_EMPR_1": "OUTRAS TIPOLOGIAS", "COD_2": "12.12", "TIP_EMPR_2": "AUTORIZACAO DE SUPRESSAO DE VEGETACAO", "DT_ENTRA": "2016/11", "NR_LICENCA": "-", "DATA_EMISS": null, "VALIDADE": null, "LONG": -37.90704, "LAT": -9.17018, "NR_RST_PTS": "0" }, "geometry": { "type": "Point", "coordinates": [ -37.907045, -9.170182 ] } },
{ "type": "Feature", "properties": { "NR_PROCES": "22718497/2022", "NM_MUNIC": "SANTANA DO IPANEMA", "TIPO_DOC": "AUT", "COD_1": "12.", "TIP_EMPR_1": "OUTRAS TIPOLOGIAS", "COD_2": "12.12", "TIP_EMPR_2": "AUTORIZACAO DE SUPRESSAO DE VEGETACAO", "DT_ENTRA": "2022/06", "NR_LICENCA": "-", "DATA_EMISS": null, "VALIDADE": null, "LONG": -37.19273, "LAT": -9.38984, "NR_RST_PTS": "0" }, "geometry": { "type": "Point", "coordinates": [ -37.192725852268097, -9.389842030492471 ] } },
{ "type": "Feature", "properties": { "NR_PROCES": "65443/2017", "NM_MUNIC": "MARECHAL DEODORO", "TIPO_DOC": "AUT", "COD_1": "12.", "TIP_EMPR_1": "OUTRAS TIPOLOGIAS", "COD_2": "12.12", "TIP_EMPR_2": "AUTORIZACAO DE SUPRESSAO DE VEGETACAO", "DT_ENTRA": "2017/03", "NR_LICENCA": "-", "DATA_EMISS": null, "VALIDADE": null, "LONG": -35.83222, "LAT": -9.66777, "NR_RST_PTS": "0" }, "geometry": { "type": "Point", "coordinates": [ -35.832224, -9.667769 ] } },
{ "type": "Feature", "properties": { "NR_PROCES": "57142/2016", "NM_MUNIC": "BARRA DE SAO MIGUEL", "TIPO_DOC": "AUT", "COD_1": "12.", "TIP_EMPR_1": "OUTRAS TIPOLOGIAS", "COD_2": "12.12", "TIP_EMPR_2": "AUTORIZACAO DE SUPRESSAO DE VEGETACAO", "DT_ENTRA": "2016/12", "NR_LICENCA": "-", "DATA_EMISS": null, "VALIDADE": null, "LONG": -35.93018, "LAT": -9.83618, "NR_RST_PTS": "0" }, "geometry": { "type": "Point", "coordinates": [ -35.930175, -9.836179 ] } },
{ "type": "Feature", "properties": { "NR_PROCES": "22718460/2021", "NM_MUNIC": "CORURIPE", "TIPO_DOC": "AUT", "COD_1": "12.", "TIP_EMPR_1": "OUTRAS TIPOLOGIAS", "COD_2": "12.12", "TIP_EMPR_2": "AUTORIZACAO DE SUPRESSAO DE VEGETACAO", "DT_ENTRA": "2021/12", "NR_LICENCA": "-", "DATA_EMISS": null, "VALIDADE": null, "LONG": -36.27409, "LAT": -10.12046, "NR_RST_PTS": "0" }, "geometry": { "type": "Point", "coordinates": [ -36.274088023205501, -10.1204590845471 ] } },
{ "type": "Feature", "properties": { "NR_PROCES": "76926/2018", "NM_MUNIC": "MARAGOGI", "TIPO_DOC": "AUT", "COD_1": "12.", "TIP_EMPR_1": "OUTRAS TIPOLOGIAS", "COD_2": "12.12", "TIP_EMPR_2": "AUTORIZACAO DE SUPRESSAO DE VEGETACAO", "DT_ENTRA": "2018/06", "NR_LICENCA": "-", "DATA_EMISS": null, "VALIDADE": null, "LONG": -35.17309, "LAT": -8.92442, "NR_RST_PTS": "0" }, "geometry": { "type": "Point", "coordinates": [ -35.173086111111097, -8.924419444444441 ] } },
{ "type": "Feature", "properties": { "NR_PROCES": "74105/2018", "NM_MUNIC": "CORURIPE", "TIPO_DOC": "AUT", "COD_1": "12.", "TIP_EMPR_1": "OUTRAS TIPOLOGIAS", "COD_2": "12.12", "TIP_EMPR_2": "AUTORIZACAO DE SUPRESSAO DE VEGETACAO", "DT_ENTRA": "2018/03", "NR_LICENCA": "-", "DATA_EMISS": null, "VALIDADE": null, "LONG": -36.23026, "LAT": -10.10732, "NR_RST_PTS": "0" }, "geometry": { "type": "Point", "coordinates": [ -36.230263, -10.107316 ] } },
{ "type": "Feature", "properties": { "NR_PROCES": "53713/2016", "NM_MUNIC": "ARAPIRACA", "TIPO_DOC": "AUT", "COD_1": "12.", "TIP_EMPR_1": "OUTRAS TIPOLOGIAS", "COD_2": "12.12", "TIP_EMPR_2": "AUTORIZACAO DE SUPRESSAO DE VEGETACAO", "DT_ENTRA": "2016/08", "NR_LICENCA": "-", "DATA_EMISS": null, "VALIDADE": null, "LONG": -36.65682, "LAT": -9.78972, "NR_RST_PTS": "0" }, "geometry": { "type": "Point", "coordinates": [ -36.656821, -9.789723 ] } },
{ "type": "Feature", "properties": { "NR_PROCES": "53713/2016", "NM_MUNIC": "ARAPIRACA", "TIPO_DOC": "AUT", "COD_1": "12.", "TIP_EMPR_1": "OUTRAS TIPOLOGIAS", "COD_2": "12.12", "TIP_EMPR_2": "AUTORIZACAO DE SUPRESSAO DE VEGETACAO", "DT_ENTRA": "2016/08", "NR_LICENCA": "-", "DATA_EMISS": null, "VALIDADE": null, "LONG": -36.66387, "LAT": -9.79091, "NR_RST_PTS": "0" }, "geometry": { "type": "Point", "coordinates": [ -36.663872, -9.790908 ] } },
{ "type": "Feature", "properties": { "NR_PROCES": "53713/2016", "NM_MUNIC": "ARAPIRACA", "TIPO_DOC": "AUT", "COD_1": "12.", "TIP_EMPR_1": "OUTRAS TIPOLOGIAS", "COD_2": "12.12", "TIP_EMPR_2": "AUTORIZACAO DE SUPRESSAO DE VEGETACAO", "DT_ENTRA": "2016/08", "NR_LICENCA": "-", "DATA_EMISS": null, "VALIDADE": null, "LONG": -36.6667, "LAT": -9.79109, "NR_RST_PTS": "0" }, "geometry": { "type": "Point", "coordinates": [ -36.666703, -9.791089 ] } },
{ "type": "Feature", "properties": { "NR_PROCES": "53713/2016", "NM_MUNIC": "GIRAU DO PONCIANO", "TIPO_DOC": "AUT", "COD_1": "12.", "TIP_EMPR_1": "OUTRAS TIPOLOGIAS", "COD_2": "12.12", "TIP_EMPR_2": "AUTORIZACAO DE SUPRESSAO DE VEGETACAO", "DT_ENTRA": "2016/08", "NR_LICENCA": "-", "DATA_EMISS": null, "VALIDADE": null, "LONG": -36.76459, "LAT": -9.82942, "NR_RST_PTS": "0" }, "geometry": { "type": "Point", "coordinates": [ -36.764592, -9.829422 ] } },
{ "type": "Feature", "properties": { "NR_PROCES": "53713/2016", "NM_MUNIC": "GIRAU DO PONCIANO", "TIPO_DOC": "AUT", "COD_1": "12.", "TIP_EMPR_1": "OUTRAS TIPOLOGIAS", "COD_2": "12.12", "TIP_EMPR_2": "AUTORIZACAO DE SUPRESSAO DE VEGETACAO", "DT_ENTRA": "2016/08", "NR_LICENCA": "-", "DATA_EMISS": null, "VALIDADE": null, "LONG": -36.80633, "LAT": -9.86943, "NR_RST_PTS": "0" }, "geometry": { "type": "Point", "coordinates": [ -36.806333, -9.869428 ] } },
{ "type": "Feature", "properties": { "NR_PROCES": "53713/2016", "NM_MUNIC": "GIRAU DO PONCIANO", "TIPO_DOC": "AUT", "COD_1": "12.", "TIP_EMPR_1": "OUTRAS TIPOLOGIAS", "COD_2": "12.12", "TIP_EMPR_2": "AUTORIZACAO DE SUPRESSAO DE VEGETACAO", "DT_ENTRA": "2016/08", "NR_LICENCA": "-", "DATA_EMISS": null, "VALIDADE": null, "LONG": -36.80889, "LAT": -9.87348, "NR_RST_PTS": "0" }, "geometry": { "type": "Point", "coordinates": [ -36.808886, -9.873481 ] } },
{ "type": "Feature", "properties": { "NR_PROCES": "53713/2016", "NM_MUNIC": "LAGOA DA CANOA", "TIPO_DOC": "AUT", "COD_1": "12.", "TIP_EMPR_1": "OUTRAS TIPOLOGIAS", "COD_2": "12.12", "TIP_EMPR_2": "AUTORIZACAO DE SUPRESSAO DE VEGETACAO", "DT_ENTRA": "2016/08", "NR_LICENCA": "-", "DATA_EMISS": null, "VALIDADE": null, "LONG": -36.72697, "LAT": -9.81748, "NR_RST_PTS": "0" }, "geometry": { "type": "Point", "coordinates": [ -36.72697, -9.81748 ] } },
{ "type": "Feature", "properties": { "NR_PROCES": "53713/2016", "NM_MUNIC": "LAGOA DA CANOA", "TIPO_DOC": "AUT", "COD_1": "12.", "TIP_EMPR_1": "OUTRAS TIPOLOGIAS", "COD_2": "12.12", "TIP_EMPR_2": "AUTORIZACAO DE SUPRESSAO DE VEGETACAO", "DT_ENTRA": "2016/08", "NR_LICENCA": "-", "DATA_EMISS": null, "VALIDADE": null, "LONG": -36.72937, "LAT": -9.81977, "NR_RST_PTS": "0" }, "geometry": { "type": "Point", "coordinates": [ -36.729366, -9.819767 ] } },
{ "type": "Feature", "properties": { "NR_PROCES": "53713/2016", "NM_MUNIC": "LAGOA DA CANOA", "TIPO_DOC": "AUT", "COD_1": "12.", "TIP_EMPR_1": "OUTRAS TIPOLOGIAS", "COD_2": "12.12", "TIP_EMPR_2": "AUTORIZACAO DE SUPRESSAO DE VEGETACAO", "DT_ENTRA": "2016/08", "NR_LICENCA": "-", "DATA_EMISS": null, "VALIDADE": null, "LONG": -36.7532, "LAT": -9.82423, "NR_RST_PTS": "0" }, "geometry": { "type": "Point", "coordinates": [ -36.753197, -9.824225 ] } },
{ "type": "Feature", "properties": { "NR_PROCES": "53712/2016", "NM_MUNIC": "MARECHAL DEODORO", "TIPO_DOC": "AUT", "COD_1": "12.", "TIP_EMPR_1": "OUTRAS TIPOLOGIAS", "COD_2": "12.12", "TIP_EMPR_2": "AUTORIZACAO DE SUPRESSAO DE VEGETACAO", "DT_ENTRA": "2016/08", "NR_LICENCA": "-", "DATA_EMISS": null, "VALIDADE": null, "LONG": -35.9077, "LAT": -9.71722, "NR_RST_PTS": "0" }, "geometry": { "type": "Point", "coordinates": [ -35.9077, -9.717225 ] } },
{ "type": "Feature", "properties": { "NR_PROCES": "57883/2016", "NM_MUNIC": "MACEIO", "TIPO_DOC": "AUT", "COD_1": "12.", "TIP_EMPR_1": "OUTRAS TIPOLOGIAS", "COD_2": "12.12", "TIP_EMPR_2": "AUTORIZACAO DE SUPRESSAO DE VEGETACAO", "DT_ENTRA": "2016/12", "NR_LICENCA": "-", "DATA_EMISS": null, "VALIDADE": null, "LONG": -35.74014, "LAT": -9.61998, "NR_RST_PTS": "0" }, "geometry": { "type": "Point", "coordinates": [ -35.740135, -9.619983 ] } },
{ "type": "Feature", "properties": { "NR_PROCES": "22700050/2020", "NM_MUNIC": "MACEIO", "TIPO_DOC": "AUT", "COD_1": "12.", "TIP_EMPR_1": "OUTRAS TIPOLOGIAS", "COD_2": "12.12", "TIP_EMPR_2": "AUTORIZACAO DE SUPRESSAO DE VEGETACAO", "DT_ENTRA": "2020/07", "NR_LICENCA": "-", "DATA_EMISS": null, "VALIDADE": null, "LONG": -35.67191, "LAT": -9.50928, "NR_RST_PTS": "0" }, "geometry": { "type": "Point", "coordinates": [ -35.671905555555497, -9.509275 ] } },
{ "type": "Feature", "properties": { "NR_PROCES": "22700053/2020", "NM_MUNIC": "MACEIO, PARIPUEIRA E BARRA DE SANTO ANTONIO", "TIPO_DOC": "AUT", "COD_1": "12.", "TIP_EMPR_1": "OUTRAS TIPOLOGIAS", "COD_2": "12.12", "TIP_EMPR_2": "AUTORIZACAO DE SUPRESSAO DE VEGETACAO", "DT_ENTRA": "2020/07", "NR_LICENCA": "-", "DATA_EMISS": null, "VALIDADE": null, "LONG": -35.56801, "LAT": -9.43732, "NR_RST_PTS": "0" }, "geometry": { "type": "Point", "coordinates": [ -35.568011111111097, -9.437319444444441 ] } },
{ "type": "Feature", "properties": { "NR_PROCES": "22700051/2020", "NM_MUNIC": "SANTANA DO IPANEMA", "TIPO_DOC": "AUT", "COD_1": "12.", "TIP_EMPR_1": "OUTRAS TIPOLOGIAS", "COD_2": "12.12", "TIP_EMPR_2": "AUTORIZACAO DE SUPRESSAO DE VEGETACAO", "DT_ENTRA": "2020/07", "NR_LICENCA": "-", "DATA_EMISS": null, "VALIDADE": null, "LONG": -37.26884, "LAT": -9.37538, "NR_RST_PTS": "0" }, "geometry": { "type": "Point", "coordinates": [ -37.268844444444397, -9.37538333333333 ] } },
{ "type": "Feature", "properties": { "NR_PROCES": "22700052/2020", "NM_MUNIC": "SANTANA DO IPANEMA", "TIPO_DOC": "AUT", "COD_1": "12.", "TIP_EMPR_1": "OUTRAS TIPOLOGIAS", "COD_2": "12.12", "TIP_EMPR_2": "AUTORIZACAO DE SUPRESSAO DE VEGETACAO", "DT_ENTRA": "2020/07", "NR_LICENCA": "-", "DATA_EMISS": null, "VALIDADE": null, "LONG": -37.2466, "LAT": -9.39993, "NR_RST_PTS": "0" }, "geometry": { "type": "Point", "coordinates": [ -37.246597222222199, -9.399925 ] } },
{ "type": "Feature", "properties": { "NR_PROCES": "22718509/2022", "NM_MUNIC": "MARECHAL DEODORO", "TIPO_DOC": "AUT", "COD_1": "12.", "TIP_EMPR_1": "OUTRAS TIPOLOGIAS", "COD_2": "12.12", "TIP_EMPR_2": "AUTORIZACAO DE SUPRESSAO DE VEGETACAO", "DT_ENTRA": "2022/07", "NR_LICENCA": "-", "DATA_EMISS": null, "VALIDADE": null, "LONG": -35.87141, "LAT": -9.75491, "NR_RST_PTS": "139" }, "geometry": { "type": "Point", "coordinates": [ -35.87141, -9.754912 ] } },
{ "type": "Feature", "properties": { "NR_PROCES": "22718486/2022", "NM_MUNIC": "MATRIZ DE CAMARAGIBE", "TIPO_DOC": "AUT", "COD_1": "12.", "TIP_EMPR_1": "OUTRAS TIPOLOGIAS", "COD_2": "12.12", "TIP_EMPR_2": "AUTORIZACAO DE SUPRESSAO DE VEGETACAO", "DT_ENTRA": "2022/05", "NR_LICENCA": "-", "DATA_EMISS": null, "VALIDADE": null, "LONG": -35.52139, "LAT": -9.10313, "NR_RST_PTS": "0" }, "geometry": { "type": "Point", "coordinates": [ -35.521390014172603, -9.10313407746496 ] } },
{ "type": "Feature", "properties": { "NR_PROCES": "22718490/2022", "NM_MUNIC": "RIO LARGO", "TIPO_DOC": "AUT", "COD_1": "12.", "TIP_EMPR_1": "OUTRAS TIPOLOGIAS", "COD_2": "12.12", "TIP_EMPR_2": "AUTORIZACAO DE SUPRESSAO DE VEGETACAO", "DT_ENTRA": "2022/05", "NR_LICENCA": "-", "DATA_EMISS": null, "VALIDADE": null, "LONG": -35.84467, "LAT": -9.52853, "NR_RST_PTS": "0" }, "geometry": { "type": "Point", "coordinates": [ -35.844670207904201, -9.528533799866601 ] } },
{ "type": "Feature", "properties": { "NR_PROCES": "22718507/2022", "NM_MUNIC": "RIO LARGO", "TIPO_DOC": "AUT", "COD_1": "12.", "TIP_EMPR_1": "OUTRAS TIPOLOGIAS", "COD_2": "12.12", "TIP_EMPR_2": "AUTORIZACAO DE SUPRESSAO DE VEGETACAO", "DT_ENTRA": "2022/07", "NR_LICENCA": "-", "DATA_EMISS": null, "VALIDADE": null, "LONG": -35.84467, "LAT": -9.52852, "NR_RST_PTS": "0" }, "geometry": { "type": "Point", "coordinates": [ -35.844669197754897, -9.5285184772699 ] } },
{ "type": "Feature", "properties": { "NR_PROCES": "22708878/2021", "NM_MUNIC": "SAO LUIS DO QUITUNDE, PASSO DE CAMARAGIBE E MATRIZ DE CAMARAGIBE", "TIPO_DOC": "AUT", "COD_1": "12.", "TIP_EMPR_1": "OUTRAS TIPOLOGIAS", "COD_2": "12.12", "TIP_EMPR_2": "AUTORIZACAO DE SUPRESSAO DE VEGETACAO", "DT_ENTRA": "2021/06", "NR_LICENCA": "-", "DATA_EMISS": null, "VALIDADE": null, "LONG": -35.528, "LAT": -9.15268, "NR_RST_PTS": "0" }, "geometry": { "type": "Point", "coordinates": [ -35.5280013699847, -9.152675161486471 ] } },
{ "type": "Feature", "properties": { "NR_PROCES": "22718460/2021", "NM_MUNIC": "CHA PRETA", "TIPO_DOC": "AUT", "COD_1": "12.", "TIP_EMPR_1": "OUTRAS TIPOLOGIAS", "COD_2": "12.12", "TIP_EMPR_2": "AUTORIZACAO DE SUPRESSAO DE VEGETACAO", "DT_ENTRA": "2021/12", "NR_LICENCA": "-", "DATA_EMISS": null, "VALIDADE": null, "LONG": -36.30571, "LAT": -9.20762, "NR_RST_PTS": "242" }, "geometry": { "type": "Point", "coordinates": [ -36.3057091, -9.2076223 ] } },
{ "type": "Feature", "properties": { "NR_PROCES": "57737/2016", "NM_MUNIC": "QUEBRANGULO", "TIPO_DOC": "AUT", "COD_1": "12.", "TIP_EMPR_1": "OUTRAS TIPOLOGIAS", "COD_2": "12.12", "TIP_EMPR_2": "AUTORIZACAO DE SUPRESSAO DE VEGETACAO", "DT_ENTRA": "2017/03", "NR_LICENCA": "-", "DATA_EMISS": null, "VALIDADE": null, "LONG": -36.46213, "LAT": -9.33358, "NR_RST_PTS": "0" }, "geometry": { "type": "Point", "coordinates": [ -36.462132, -9.333576 ] } },
{ "type": "Feature", "properties": { "NR_PROCES": "22700033/2020", "NM_MUNIC": "PORTO DE PEDRAS", "TIPO_DOC": "AUT", "COD_1": "12.", "TIP_EMPR_1": "OUTRAS TIPOLOGIAS", "COD_2": "12.12", "TIP_EMPR_2": "AUTORIZACAO DE SUPRESSAO DE VEGETACAO", "DT_ENTRA": "2020/03", "NR_LICENCA": "-", "DATA_EMISS": null, "VALIDADE": null, "LONG": -35.31305, "LAT": -9.19567, "NR_RST_PTS": "8" }, "geometry": { "type": "Point", "coordinates": [ -35.3130489553646, -9.195666660230041 ] } },
{ "type": "Feature", "properties": { "NR_PROCES": "73341/2018", "NM_MUNIC": "DELMIRO GOUVEIA", "TIPO_DOC": "AUT", "COD_1": "12.", "TIP_EMPR_1": "OUTRAS TIPOLOGIAS", "COD_2": "12.12", "TIP_EMPR_2": "AUTORIZACAO DE SUPRESSAO DE VEGETACAO", "DT_ENTRA": "2018/02", "NR_LICENCA": "-", "DATA_EMISS": null, "VALIDADE": null, "LONG": -37.98481, "LAT": -9.39678, "NR_RST_PTS": "0" }, "geometry": { "type": "Point", "coordinates": [ -37.984806, -9.39678 ] } },
{ "type": "Feature", "properties": { "NR_PROCES": "73341/2018", "NM_MUNIC": "DELMIRO GOUVEIA", "TIPO_DOC": "AUT", "COD_1": "12.", "TIP_EMPR_1": "OUTRAS TIPOLOGIAS", "COD_2": "12.12", "TIP_EMPR_2": "AUTORIZACAO DE SUPRESSAO DE VEGETACAO", "DT_ENTRA": "2018/02", "NR_LICENCA": "-", "DATA_EMISS": null, "VALIDADE": null, "LONG": -37.96815, "LAT": -9.42423, "NR_RST_PTS": "0" }, "geometry": { "type": "Point", "coordinates": [ -37.968149, -9.424232 ] } },
{ "type": "Feature", "properties": { "NR_PROCES": "22700032/2020", "NM_MUNIC": "VICOSA", "TIPO_DOC": "AUT", "COD_1": "12.", "TIP_EMPR_1": "OUTRAS TIPOLOGIAS", "COD_2": "12.12", "TIP_EMPR_2": "AUTORIZACAO DE SUPRESSAO DE VEGETACAO", "DT_ENTRA": "2020/03", "NR_LICENCA": "-", "DATA_EMISS": null, "VALIDADE": null, "LONG": -36.2664, "LAT": -9.42208, "NR_RST_PTS": "541" }, "geometry": { "type": "Point", "coordinates": [ -36.266400134945698, -9.42208470069929 ] } },
{ "type": "Feature", "properties": { "NR_PROCES": "22718485/2022", "NM_MUNIC": "PALMEIRA DOS INDIOS", "TIPO_DOC": "AUT", "COD_1": "12.", "TIP_EMPR_1": "OUTRAS TIPOLOGIAS", "COD_2": "12.12", "TIP_EMPR_2": "AUTORIZACAO DE SUPRESSAO DE VEGETACAO", "DT_ENTRA": "2022/04", "NR_LICENCA": "-", "DATA_EMISS": null, "VALIDADE": null, "LONG": -36.67728, "LAT": -9.38066, "NR_RST_PTS": "0" }, "geometry": { "type": "Point", "coordinates": [ -36.677275233334498, -9.380660020084139 ] } },
{ "type": "Feature", "properties": { "NR_PROCES": "22700045/2020", "NM_MUNIC": "CORURIPE", "TIPO_DOC": "AUT", "COD_1": "12.", "TIP_EMPR_1": "OUTRAS TIPOLOGIAS", "COD_2": "12.12", "TIP_EMPR_2": "AUTORIZACAO DE SUPRESSAO DE VEGETACAO", "DT_ENTRA": "2020/09", "NR_LICENCA": "-", "DATA_EMISS": null, "VALIDADE": null, "LONG": -36.05259, "LAT": -10.0598, "NR_RST_PTS": "0" }, "geometry": { "type": "Point", "coordinates": [ -36.0525936633707, -10.059795125290799 ] } },
{ "type": "Feature", "properties": { "NR_PROCES": "22718467 /2022", "NM_MUNIC": "MARECHAL DEODORO", "TIPO_DOC": "AUT", "COD_1": "12.", "TIP_EMPR_1": "OUTRAS TIPOLOGIAS", "COD_2": "12.12", "TIP_EMPR_2": "AUTORIZACAO DE SUPRESSAO DE VEGETACAO", "DT_ENTRA": "2022/02", "NR_LICENCA": "-", "DATA_EMISS": null, "VALIDADE": null, "LONG": -35.83491, "LAT": -9.67825, "NR_RST_PTS": "0" }, "geometry": { "type": "Point", "coordinates": [ -35.834913131324697, -9.67825228955701 ] } },
{ "type": "Feature", "properties": { "NR_PROCES": "22718479/2022", "NM_MUNIC": "MARECHAL DEODORO", "TIPO_DOC": "AUT", "COD_1": "12.", "TIP_EMPR_1": "OUTRAS TIPOLOGIAS", "COD_2": "12.12", "TIP_EMPR_2": "AUTORIZACAO DE SUPRESSAO DE VEGETACAO", "DT_ENTRA": "2022/03", "NR_LICENCA": "-", "DATA_EMISS": null, "VALIDADE": null, "LONG": -35.829, "LAT": -9.67712, "NR_RST_PTS": "0" }, "geometry": { "type": "Point", "coordinates": [ -35.829000380237702, -9.67711563977344 ] } },
{ "type": "Feature", "properties": { "NR_PROCES": "75223/2018", "NM_MUNIC": "PALMEIRA DOS INDIOS", "TIPO_DOC": "AUT", "COD_1": "12.", "TIP_EMPR_1": "OUTRAS TIPOLOGIAS", "COD_2": "12.12", "TIP_EMPR_2": "AUTORIZACAO DE SUPRESSAO DE VEGETACAO", "DT_ENTRA": "2018/03", "NR_LICENCA": "-", "DATA_EMISS": null, "VALIDADE": null, "LONG": -36.63676, "LAT": -9.32231, "NR_RST_PTS": "0" }, "geometry": { "type": "Point", "coordinates": [ -36.636765, -9.322306 ] } },
{ "type": "Feature", "properties": { "NR_PROCES": "76933/2018", "NM_MUNIC": "PALMEIRA DOS INDIOS", "TIPO_DOC": "AUT", "COD_1": "12.", "TIP_EMPR_1": "OUTRAS TIPOLOGIAS", "COD_2": "12.12", "TIP_EMPR_2": "AUTORIZACAO DE SUPRESSAO DE VEGETACAO", "DT_ENTRA": "2018/05", "NR_LICENCA": "-", "DATA_EMISS": null, "VALIDADE": null, "LONG": -36.64178, "LAT": -9.32781, "NR_RST_PTS": "0" }, "geometry": { "type": "Point", "coordinates": [ -36.641775, -9.327809 ] } },
{ "type": "Feature", "properties": { "NR_PROCES": "44422/2015", "NM_MUNIC": "CORURIPE", "TIPO_DOC": "AUT", "COD_1": "12.", "TIP_EMPR_1": "OUTRAS TIPOLOGIAS", "COD_2": "12.12", "TIP_EMPR_2": "AUTORIZACAO DE SUPRESSAO DE VEGETACAO", "DT_ENTRA": "2019/02", "NR_LICENCA": "-", "DATA_EMISS": null, "VALIDADE": null, "LONG": -36.04475, "LAT": -10.05296, "NR_RST_PTS": "0" }, "geometry": { "type": "Point", "coordinates": [ -36.044746, -10.052956 ] } },
{ "type": "Feature", "properties": { "NR_PROCES": "22717985/2021", "NM_MUNIC": "SAO SEBASTIAO", "TIPO_DOC": "AUT", "COD_1": "12.", "TIP_EMPR_1": "OUTRAS TIPOLOGIAS", "COD_2": "12.12", "TIP_EMPR_2": "AUTORIZACAO DE SUPRESSAO DE VEGETACAO", "DT_ENTRA": "2021/10", "NR_LICENCA": "-", "DATA_EMISS": null, "VALIDADE": null, "LONG": -36.49658, "LAT": -9.98108, "NR_RST_PTS": "0" }, "geometry": { "type": "Point", "coordinates": [ -36.496575008028898, -9.981076272065559 ] } },
{ "type": "Feature", "properties": { "NR_PROCES": "58572/2017", "NM_MUNIC": "RIO LARGO", "TIPO_DOC": "AUT", "COD_1": "12.", "TIP_EMPR_1": "OUTRAS TIPOLOGIAS", "COD_2": "12.12", "TIP_EMPR_2": "AUTORIZACAO DE SUPRESSAO DE VEGETACAO", "DT_ENTRA": "2017/04", "NR_LICENCA": "-", "DATA_EMISS": null, "VALIDADE": null, "LONG": -35.83968, "LAT": -9.49162, "NR_RST_PTS": "0" }, "geometry": { "type": "Point", "coordinates": [ -35.839677293587897, -9.491622119256739 ] } },
{ "type": "Feature", "properties": { "NR_PROCES": "22700009/2018 Sinaflor", "NM_MUNIC": "AGUA BRANCA", "TIPO_DOC": "AUT", "COD_1": "12.", "TIP_EMPR_1": "OUTRAS TIPOLOGIAS", "COD_2": "12.12", "TIP_EMPR_2": "AUTORIZACAO DE SUPRESSAO DE VEGETACAO", "DT_ENTRA": "2019/04", "NR_LICENCA": "-", "DATA_EMISS": null, "VALIDADE": null, "LONG": -37.96429, "LAT": -9.28512, "NR_RST_PTS": "0" }, "geometry": { "type": "Point", "coordinates": [ -37.964289, -9.285118 ] } },
{ "type": "Feature", "properties": { "NR_PROCES": "22700009/2018 Sinaflor", "NM_MUNIC": "AGUA BRANCA", "TIPO_DOC": "AUT", "COD_1": "12.", "TIP_EMPR_1": "OUTRAS TIPOLOGIAS", "COD_2": "12.12", "TIP_EMPR_2": "AUTORIZACAO DE SUPRESSAO DE VEGETACAO", "DT_ENTRA": "2019/04", "NR_LICENCA": "-", "DATA_EMISS": null, "VALIDADE": null, "LONG": -37.96434, "LAT": -9.28518, "NR_RST_PTS": "0" }, "geometry": { "type": "Point", "coordinates": [ -37.96434, -9.285177 ] } },
{ "type": "Feature", "properties": { "NR_PROCES": "22700009/2018 Sinaflor", "NM_MUNIC": "AGUA BRANCA", "TIPO_DOC": "AUT", "COD_1": "12.", "TIP_EMPR_1": "OUTRAS TIPOLOGIAS", "COD_2": "12.12", "TIP_EMPR_2": "AUTORIZACAO DE SUPRESSAO DE VEGETACAO", "DT_ENTRA": "2019/04", "NR_LICENCA": "-", "DATA_EMISS": null, "VALIDADE": null, "LONG": -37.96438, "LAT": -9.28524, "NR_RST_PTS": "0" }, "geometry": { "type": "Point", "coordinates": [ -37.964384, -9.28524 ] } },
{ "type": "Feature", "properties": { "NR_PROCES": "22700009/2018 Sinaflor", "NM_MUNIC": "AGUA BRANCA", "TIPO_DOC": "AUT", "COD_1": "12.", "TIP_EMPR_1": "OUTRAS TIPOLOGIAS", "COD_2": "12.12", "TIP_EMPR_2": "AUTORIZACAO DE SUPRESSAO DE VEGETACAO", "DT_ENTRA": "2019/04", "NR_LICENCA": "-", "DATA_EMISS": null, "VALIDADE": null, "LONG": -37.96443, "LAT": -9.2853, "NR_RST_PTS": "0" }, "geometry": { "type": "Point", "coordinates": [ -37.964434, -9.285304 ] } },
{ "type": "Feature", "properties": { "NR_PROCES": "22700009/2018 Sinaflor", "NM_MUNIC": "AGUA BRANCA", "TIPO_DOC": "AUT", "COD_1": "12.", "TIP_EMPR_1": "OUTRAS TIPOLOGIAS", "COD_2": "12.12", "TIP_EMPR_2": "AUTORIZACAO DE SUPRESSAO DE VEGETACAO", "DT_ENTRA": "2019/04", "NR_LICENCA": "-", "DATA_EMISS": null, "VALIDADE": null, "LONG": -37.96448, "LAT": -9.28537, "NR_RST_PTS": "0" }, "geometry": { "type": "Point", "coordinates": [ -37.964484, -9.285365 ] } },
{ "type": "Feature", "properties": { "NR_PROCES": "22700009/2018 Sinaflor", "NM_MUNIC": "AGUA BRANCA", "TIPO_DOC": "AUT", "COD_1": "12.", "TIP_EMPR_1": "OUTRAS TIPOLOGIAS", "COD_2": "12.12", "TIP_EMPR_2": "AUTORIZACAO DE SUPRESSAO DE VEGETACAO", "DT_ENTRA": "2019/04", "NR_LICENCA": "-", "DATA_EMISS": null, "VALIDADE": null, "LONG": -37.96453, "LAT": -9.28543, "NR_RST_PTS": "0" }, "geometry": { "type": "Point", "coordinates": [ -37.96453, -9.285427 ] } },
{ "type": "Feature", "properties": { "NR_PROCES": "22700009/2018 Sinaflor", "NM_MUNIC": "AGUA BRANCA", "TIPO_DOC": "AUT", "COD_1": "12.", "TIP_EMPR_1": "OUTRAS TIPOLOGIAS", "COD_2": "12.12", "TIP_EMPR_2": "AUTORIZACAO DE SUPRESSAO DE VEGETACAO", "DT_ENTRA": "2019/04", "NR_LICENCA": "-", "DATA_EMISS": null, "VALIDADE": null, "LONG": -37.96464, "LAT": -9.28551, "NR_RST_PTS": "0" }, "geometry": { "type": "Point", "coordinates": [ -37.964644, -9.285514 ] } },
{ "type": "Feature", "properties": { "NR_PROCES": "57820/2016", "NM_MUNIC": "CORURIPE", "TIPO_DOC": "AUT", "COD_1": "12.", "TIP_EMPR_1": "OUTRAS TIPOLOGIAS", "COD_2": "12.12", "TIP_EMPR_2": "AUTORIZACAO DE SUPRESSAO DE VEGETACAO", "DT_ENTRA": "2016/12", "NR_LICENCA": "-", "DATA_EMISS": null, "VALIDADE": null, "LONG": -36.15319, "LAT": -10.12544, "NR_RST_PTS": "0" }, "geometry": { "type": "Point", "coordinates": [ -36.153194, -10.125444 ] } },
{ "type": "Feature", "properties": { "NR_PROCES": "22715651/2021", "NM_MUNIC": "MARECHAL DEODORO", "TIPO_DOC": "AUT", "COD_1": "12.", "TIP_EMPR_1": "OUTRAS TIPOLOGIAS", "COD_2": "12.12", "TIP_EMPR_2": "AUTORIZACAO DE SUPRESSAO DE VEGETACAO", "DT_ENTRA": "2021/09", "NR_LICENCA": "-", "DATA_EMISS": null, "VALIDADE": null, "LONG": -35.9006, "LAT": -9.71861, "NR_RST_PTS": "81" }, "geometry": { "type": "Point", "coordinates": [ -35.900604400622697, -9.71860808450902 ] } },
{ "type": "Feature", "properties": { "NR_PROCES": "22718471/2022", "NM_MUNIC": "DELMIRO GOUVEIA", "TIPO_DOC": "AUT", "COD_1": "12.", "TIP_EMPR_1": "OUTRAS TIPOLOGIAS", "COD_2": "12.12", "TIP_EMPR_2": "AUTORIZACAO DE SUPRESSAO DE VEGETACAO", "DT_ENTRA": "2022/02", "NR_LICENCA": "-", "DATA_EMISS": null, "VALIDADE": null, "LONG": -38.06171, "LAT": -9.36175, "NR_RST_PTS": "0" }, "geometry": { "type": "Point", "coordinates": [ -38.061706956240599, -9.36174558740684 ] } },
{ "type": "Feature", "properties": { "NR_PROCES": "22709293/2022", "NM_MUNIC": "JARAMATAIA E BATALHA", "TIPO_DOC": "AUT", "COD_1": "12.", "TIP_EMPR_1": "OUTRAS TIPOLOGIAS", "COD_2": "12.12", "TIP_EMPR_2": "AUTORIZACAO DE SUPRESSAO DE VEGETACAO", "DT_ENTRA": "2022/01", "NR_LICENCA": "-", "DATA_EMISS": null, "VALIDADE": null, "LONG": -37.05324, "LAT": -9.66523, "NR_RST_PTS": "0" }, "geometry": { "type": "Point", "coordinates": [ -37.053236861709003, -9.665225764407159 ] } },
{ "type": "Feature", "properties": { "NR_PROCES": "22718483/2022", "NM_MUNIC": "MINADOR DO NEGRAO", "TIPO_DOC": "AUT", "COD_1": "12.", "TIP_EMPR_1": "OUTRAS TIPOLOGIAS", "COD_2": "12.12", "TIP_EMPR_2": "AUTORIZACAO DE SUPRESSAO DE VEGETACAO", "DT_ENTRA": "2022/04", "NR_LICENCA": "-", "DATA_EMISS": null, "VALIDADE": null, "LONG": -36.88872, "LAT": -9.38769, "NR_RST_PTS": "0" }, "geometry": { "type": "Point", "coordinates": [ -36.8887166462777, -9.387691437252499 ] } },
{ "type": "Feature", "properties": { "NR_PROCES": "71658/2017", "NM_MUNIC": "MARIBONDO", "TIPO_DOC": "AUT", "COD_1": "12.", "TIP_EMPR_1": "OUTRAS TIPOLOGIAS", "COD_2": "12.12", "TIP_EMPR_2": "AUTORIZACAO DE SUPRESSAO DE VEGETACAO", "DT_ENTRA": "2017/12", "NR_LICENCA": "-", "DATA_EMISS": null, "VALIDADE": null, "LONG": -36.31392, "LAT": -9.58519, "NR_RST_PTS": "0" }, "geometry": { "type": "Point", "coordinates": [ -36.313917, -9.585194 ] } },
{ "type": "Feature", "properties": { "NR_PROCES": "22706517/2021", "NM_MUNIC": "MARECHAL DEODORO", "TIPO_DOC": "AUT", "COD_1": "12.", "TIP_EMPR_1": "OUTRAS TIPOLOGIAS", "COD_2": "12.12", "TIP_EMPR_2": "AUTORIZACAO DE SUPRESSAO DE VEGETACAO", "DT_ENTRA": "2021/04", "NR_LICENCA": "-", "DATA_EMISS": null, "VALIDADE": null, "LONG": -35.81869, "LAT": -9.66981, "NR_RST_PTS": "1" }, "geometry": { "type": "Point", "coordinates": [ -35.818691666666702, -9.66980833333333 ] } },
{ "type": "Feature", "properties": { "NR_PROCES": "67657/2017", "NM_MUNIC": "MARECHAL DEODORO", "TIPO_DOC": "AUT", "COD_1": "12.", "TIP_EMPR_1": "OUTRAS TIPOLOGIAS", "COD_2": "12.12", "TIP_EMPR_2": "AUTORIZACAO DE SUPRESSAO DE VEGETACAO", "DT_ENTRA": "2017/08", "NR_LICENCA": "-", "DATA_EMISS": null, "VALIDADE": null, "LONG": -35.82009, "LAT": -9.6674, "NR_RST_PTS": "0" }, "geometry": { "type": "Point", "coordinates": [ -35.820087, -9.667399 ] } },
{ "type": "Feature", "properties": { "NR_PROCES": "22700013/2019 Sinaflor", "NM_MUNIC": "BELO MONTE", "TIPO_DOC": "AUT", "COD_1": "12.", "TIP_EMPR_1": "OUTRAS TIPOLOGIAS", "COD_2": "12.12", "TIP_EMPR_2": "AUTORIZACAO DE SUPRESSAO DE VEGETACAO", "DT_ENTRA": "2019/04", "NR_LICENCA": "-", "DATA_EMISS": null, "VALIDADE": null, "LONG": -37.2403, "LAT": -9.80319, "NR_RST_PTS": "0" }, "geometry": { "type": "Point", "coordinates": [ -37.2402997328618, -9.803189664508841 ] } },
{ "type": "Feature", "properties": { "NR_PROCES": "72275/2017", "NM_MUNIC": "PIRANHAS", "TIPO_DOC": "AUT", "COD_1": "12.", "TIP_EMPR_1": "OUTRAS TIPOLOGIAS", "COD_2": "12.12", "TIP_EMPR_2": "AUTORIZACAO DE SUPRESSAO DE VEGETACAO", "DT_ENTRA": "2017/12", "NR_LICENCA": "-", "DATA_EMISS": null, "VALIDADE": null, "LONG": -37.79677, "LAT": -9.576, "NR_RST_PTS": "0" }, "geometry": { "type": "Point", "coordinates": [ -37.796765, -9.575996 ] } },
{ "type": "Feature", "properties": { "NR_PROCES": "22700043/2020", "NM_MUNIC": "MACEIO", "TIPO_DOC": "AUT", "COD_1": "12.", "TIP_EMPR_1": "OUTRAS TIPOLOGIAS", "COD_2": "12.12", "TIP_EMPR_2": "AUTORIZACAO DE SUPRESSAO DE VEGETACAO", "DT_ENTRA": "2020/03", "NR_LICENCA": "-", "DATA_EMISS": null, "VALIDADE": null, "LONG": -35.72595, "LAT": -9.60146, "NR_RST_PTS": "6" }, "geometry": { "type": "Point", "coordinates": [ -35.72595, -9.60145833333333 ] } },
{ "type": "Feature", "properties": { "NR_PROCES": "65882/2017", "NM_MUNIC": "RIO LARGO", "TIPO_DOC": "AUT", "COD_1": "12.", "TIP_EMPR_1": "OUTRAS TIPOLOGIAS", "COD_2": "12.12", "TIP_EMPR_2": "AUTORIZACAO DE SUPRESSAO DE VEGETACAO", "DT_ENTRA": "2017/08", "NR_LICENCA": "-", "DATA_EMISS": null, "VALIDADE": null, "LONG": -35.80392, "LAT": -9.51758, "NR_RST_PTS": "0" }, "geometry": { "type": "Point", "coordinates": [ -35.803917, -9.517583 ] } },
{ "type": "Feature", "properties": { "NR_PROCES": "65882/2017", "NM_MUNIC": "RIO LARGO", "TIPO_DOC": "AUT", "COD_1": "12.", "TIP_EMPR_1": "OUTRAS TIPOLOGIAS", "COD_2": "12.12", "TIP_EMPR_2": "AUTORIZACAO DE SUPRESSAO DE VEGETACAO", "DT_ENTRA": "2017/08", "NR_LICENCA": "-", "DATA_EMISS": null, "VALIDADE": null, "LONG": -35.80394, "LAT": -9.51753, "NR_RST_PTS": "0" }, "geometry": { "type": "Point", "coordinates": [ -35.803944, -9.517528 ] } },
{ "type": "Feature", "properties": { "NR_PROCES": "22700039/2021", "NM_MUNIC": "DELMIRO GOUVEIA", "TIPO_DOC": "AUT", "COD_1": "12.", "TIP_EMPR_1": "OUTRAS TIPOLOGIAS", "COD_2": "12.12", "TIP_EMPR_2": "AUTORIZACAO DE SUPRESSAO DE VEGETACAO", "DT_ENTRA": "2021/06", "NR_LICENCA": "-", "DATA_EMISS": null, "VALIDADE": null, "LONG": -38.05617, "LAT": -9.3456, "NR_RST_PTS": "0" }, "geometry": { "type": "Point", "coordinates": [ -38.056170576978197, -9.34559614286362 ] } },
{ "type": "Feature", "properties": { "NR_PROCES": "22715116/2021", "NM_MUNIC": "DELMIRO GOUVEIA", "TIPO_DOC": "AUT", "COD_1": "12.", "TIP_EMPR_1": "OUTRAS TIPOLOGIAS", "COD_2": "12.12", "TIP_EMPR_2": "AUTORIZACAO DE SUPRESSAO DE VEGETACAO", "DT_ENTRA": "2021/08", "NR_LICENCA": "-", "DATA_EMISS": null, "VALIDADE": null, "LONG": -38.10426, "LAT": -9.4279, "NR_RST_PTS": "0" }, "geometry": { "type": "Point", "coordinates": [ -38.104264806501298, -9.42790047789482 ] } },
{ "type": "Feature", "properties": { "NR_PROCES": "22712457/2021", "NM_MUNIC": "PIRANHAS", "TIPO_DOC": "AUT", "COD_1": "12.", "TIP_EMPR_1": "OUTRAS TIPOLOGIAS", "COD_2": "12.12", "TIP_EMPR_2": "AUTORIZACAO DE SUPRESSAO DE VEGETACAO", "DT_ENTRA": "2021/08", "NR_LICENCA": "-", "DATA_EMISS": null, "VALIDADE": null, "LONG": -37.75996, "LAT": -9.61608, "NR_RST_PTS": "0" }, "geometry": { "type": "Point", "coordinates": [ -37.7599582716309, -9.616081656321279 ] } },
{ "type": "Feature", "properties": { "NR_PROCES": "22718458/2021", "NM_MUNIC": "PARIPUEIRA", "TIPO_DOC": "AUT", "COD_1": "12.", "TIP_EMPR_1": "OUTRAS TIPOLOGIAS", "COD_2": "12.12", "TIP_EMPR_2": "AUTORIZACAO DE SUPRESSAO DE VEGETACAO", "DT_ENTRA": "2021/11", "NR_LICENCA": "-", "DATA_EMISS": null, "VALIDADE": null, "LONG": -35.54765, "LAT": -9.45223, "NR_RST_PTS": "0" }, "geometry": { "type": "Point", "coordinates": [ -35.547650729386199, -9.452233288151019 ] } },
{ "type": "Feature", "properties": { "NR_PROCES": "22714395/2021", "NM_MUNIC": "PIACABUCU", "TIPO_DOC": "AUT", "COD_1": "12.", "TIP_EMPR_1": "OUTRAS TIPOLOGIAS", "COD_2": "12.12", "TIP_EMPR_2": "AUTORIZACAO DE SUPRESSAO DE VEGETACAO", "DT_ENTRA": "2021/08", "NR_LICENCA": "-", "DATA_EMISS": null, "VALIDADE": null, "LONG": -36.45311, "LAT": -10.39504, "NR_RST_PTS": "0" }, "geometry": { "type": "Point", "coordinates": [ -36.4531122328655, -10.3950433751007 ] } },
{ "type": "Feature", "properties": { "NR_PROCES": "22700024/2019", "NM_MUNIC": "MARAGOGI", "TIPO_DOC": "AUT", "COD_1": "12.", "TIP_EMPR_1": "OUTRAS TIPOLOGIAS", "COD_2": "12.12", "TIP_EMPR_2": "AUTORIZACAO DE SUPRESSAO DE VEGETACAO", "DT_ENTRA": "2019/09", "NR_LICENCA": "-", "DATA_EMISS": null, "VALIDADE": null, "LONG": -35.17492, "LAT": -8.9527, "NR_RST_PTS": "26" }, "geometry": { "type": "Point", "coordinates": [ -35.174919444444399, -8.9527 ] } },
{ "type": "Feature", "properties": { "NR_PROCES": "62188/2017", "NM_MUNIC": "MARECHAL DEODORO", "TIPO_DOC": "AUT", "COD_1": "12.", "TIP_EMPR_1": "OUTRAS TIPOLOGIAS", "COD_2": "12.12", "TIP_EMPR_2": "AUTORIZACAO DE SUPRESSAO DE VEGETACAO", "DT_ENTRA": "2019/02", "NR_LICENCA": "-", "DATA_EMISS": null, "VALIDADE": null, "LONG": -35.89009, "LAT": -9.76935, "NR_RST_PTS": "0" }, "geometry": { "type": "Point", "coordinates": [ -35.890092015430099, -9.769353820361751 ] } },
{ "type": "Feature", "properties": { "NR_PROCES": "65213/2017", "NM_MUNIC": "SAO MIGUEL DOS MILAGRES", "TIPO_DOC": "AUT", "COD_1": "12.", "TIP_EMPR_1": "OUTRAS TIPOLOGIAS", "COD_2": "12.12", "TIP_EMPR_2": "AUTORIZACAO DE SUPRESSAO DE VEGETACAO", "DT_ENTRA": "2017/07", "NR_LICENCA": "-", "DATA_EMISS": null, "VALIDADE": null, "LONG": -35.35345, "LAT": -9.25041, "NR_RST_PTS": "0" }, "geometry": { "type": "Point", "coordinates": [ -35.353449, -9.25041 ] } },
{ "type": "Feature", "properties": { "NR_PROCES": "22700014/2019 Sinaflor", "NM_MUNIC": "BELO MONTE", "TIPO_DOC": "AUT", "COD_1": "12.", "TIP_EMPR_1": "OUTRAS TIPOLOGIAS", "COD_2": "12.12", "TIP_EMPR_2": "AUTORIZACAO DE SUPRESSAO DE VEGETACAO", "DT_ENTRA": "2019/04", "NR_LICENCA": "-", "DATA_EMISS": null, "VALIDADE": null, "LONG": -37.25569, "LAT": -9.78494, "NR_RST_PTS": "0" }, "geometry": { "type": "Point", "coordinates": [ -37.255686849810402, -9.78493943387865 ] } },
{ "type": "Feature", "properties": { "NR_PROCES": "22706528/2021", "NM_MUNIC": "BELO MONTE", "TIPO_DOC": "AUT", "COD_1": "12.", "TIP_EMPR_1": "OUTRAS TIPOLOGIAS", "COD_2": "12.12", "TIP_EMPR_2": "AUTORIZACAO DE SUPRESSAO DE VEGETACAO", "DT_ENTRA": "2021/01", "NR_LICENCA": "-", "DATA_EMISS": null, "VALIDADE": null, "LONG": -37.2503, "LAT": -9.77867, "NR_RST_PTS": "0" }, "geometry": { "type": "Point", "coordinates": [ -37.250304677947803, -9.778666658752449 ] } },
{ "type": "Feature", "properties": { "NR_PROCES": "22700016/2019 Sinaflor", "NM_MUNIC": "CRAIBAS E ARAPIRACA", "TIPO_DOC": "AUT", "COD_1": "12.", "TIP_EMPR_1": "OUTRAS TIPOLOGIAS", "COD_2": "12.12", "TIP_EMPR_2": "AUTORIZACAO DE SUPRESSAO DE VEGETACAO", "DT_ENTRA": "2019/04", "NR_LICENCA": "-", "DATA_EMISS": null, "VALIDADE": null, "LONG": -36.75452, "LAT": -9.67636, "NR_RST_PTS": "0" }, "geometry": { "type": "Point", "coordinates": [ -36.754516200424703, -9.676357806622621 ] } },
{ "type": "Feature", "properties": { "NR_PROCES": "22718480/2022", "NM_MUNIC": "ARAPIRACA", "TIPO_DOC": "AUT", "COD_1": "12.", "TIP_EMPR_1": "OUTRAS TIPOLOGIAS", "COD_2": "12.12", "TIP_EMPR_2": "AUTORIZACAO DE SUPRESSAO DE VEGETACAO", "DT_ENTRA": "2022/04", "NR_LICENCA": "-", "DATA_EMISS": null, "VALIDADE": null, "LONG": -36.73531, "LAT": -9.69181, "NR_RST_PTS": "2" }, "geometry": { "type": "Point", "coordinates": [ -36.735314978286603, -9.69180696643889 ] } },
{ "type": "Feature", "properties": { "NR_PROCES": "22706517/2021", "NM_MUNIC": "COITE DO NOIA", "TIPO_DOC": "AUT", "COD_1": "12.", "TIP_EMPR_1": "OUTRAS TIPOLOGIAS", "COD_2": "12.12", "TIP_EMPR_2": "AUTORIZACAO DE SUPRESSAO DE VEGETACAO", "DT_ENTRA": "2021/04", "NR_LICENCA": "-", "DATA_EMISS": null, "VALIDADE": null, "LONG": -36.56749, "LAT": -9.65723, "NR_RST_PTS": "0" }, "geometry": { "type": "Point", "coordinates": [ -36.567487161908304, -9.657225008304341 ] } },
{ "type": "Feature", "properties": { "NR_PROCES": "22700038/2020", "NM_MUNIC": "CRAIBAS E ARAPIRACA", "TIPO_DOC": "AUT", "COD_1": "12.", "TIP_EMPR_1": "OUTRAS TIPOLOGIAS", "COD_2": "12.12", "TIP_EMPR_2": "AUTORIZACAO DE SUPRESSAO DE VEGETACAO", "DT_ENTRA": "2020/03", "NR_LICENCA": "-", "DATA_EMISS": null, "VALIDADE": null, "LONG": -36.75019, "LAT": -9.69522, "NR_RST_PTS": "0" }, "geometry": { "type": "Point", "coordinates": [ -36.750193530010797, -9.695218057960959 ] } },
{ "type": "Feature", "properties": { "NR_PROCES": "22718495/2022", "NM_MUNIC": "PALESTINA", "TIPO_DOC": "AUT", "COD_1": "12.", "TIP_EMPR_1": "OUTRAS TIPOLOGIAS", "COD_2": "12.12", "TIP_EMPR_2": "AUTORIZACAO DE SUPRESSAO DE VEGETACAO", "DT_ENTRA": "2022/05", "NR_LICENCA": "-", "DATA_EMISS": null, "VALIDADE": null, "LONG": -37.33156, "LAT": -9.67192, "NR_RST_PTS": "15" }, "geometry": { "type": "Point", "coordinates": [ -37.331555555555603, -9.67191666666667 ] } },
{ "type": "Feature", "properties": { "NR_PROCES": "22718490/2022", "NM_MUNIC": "DELMIRO GOUVEIA", "TIPO_DOC": "AUT", "COD_1": "12.", "TIP_EMPR_1": "OUTRAS TIPOLOGIAS", "COD_2": "12.12", "TIP_EMPR_2": "AUTORIZACAO DE SUPRESSAO DE VEGETACAO", "DT_ENTRA": "2022/05", "NR_LICENCA": "-", "DATA_EMISS": null, "VALIDADE": null, "LONG": -38.17556, "LAT": -9.37204, "NR_RST_PTS": "0" }, "geometry": { "type": "Point", "coordinates": [ -38.175555006006199, -9.372041301745931 ] } },
{ "type": "Feature", "properties": { "NR_PROCES": "22711700/2021", "NM_MUNIC": "DELMIRO GOUVEIA", "TIPO_DOC": "AUT", "COD_1": "12.", "TIP_EMPR_1": "OUTRAS TIPOLOGIAS", "COD_2": "12.12", "TIP_EMPR_2": "AUTORIZACAO DE SUPRESSAO DE VEGETACAO", "DT_ENTRA": "2021/07", "NR_LICENCA": "-", "DATA_EMISS": null, "VALIDADE": null, "LONG": -38.14531, "LAT": -9.40446, "NR_RST_PTS": "0" }, "geometry": { "type": "Point", "coordinates": [ -38.145311111111099, -9.404461111111109 ] } },
{ "type": "Feature", "properties": { "NR_PROCES": "22718504/2022", "NM_MUNIC": "PIACABUCU", "TIPO_DOC": "AUT", "COD_1": "12.", "TIP_EMPR_1": "OUTRAS TIPOLOGIAS", "COD_2": "12.12", "TIP_EMPR_2": "AUTORIZACAO DE SUPRESSAO DE VEGETACAO", "DT_ENTRA": "2022/06", "NR_LICENCA": "-", "DATA_EMISS": null, "VALIDADE": null, "LONG": -36.48835, "LAT": -10.37876, "NR_RST_PTS": "0" }, "geometry": { "type": "Point", "coordinates": [ -36.488350258737299, -10.378763144473 ] } },
{ "type": "Feature", "properties": { "NR_PROCES": "22700035/2020", "NM_MUNIC": "CORURIPE", "TIPO_DOC": "AUT", "COD_1": "12.", "TIP_EMPR_1": "OUTRAS TIPOLOGIAS", "COD_2": "12.12", "TIP_EMPR_2": "AUTORIZACAO DE SUPRESSAO DE VEGETACAO", "DT_ENTRA": "2020/06", "NR_LICENCA": "-", "DATA_EMISS": null, "VALIDADE": null, "LONG": -36.14691, "LAT": -10.14677, "NR_RST_PTS": "0" }, "geometry": { "type": "Point", "coordinates": [ -36.146905555555598, -10.1467666666667 ] } },
{ "type": "Feature", "properties": { "NR_PROCES": "22718473 /2022", "NM_MUNIC": "IGACI", "TIPO_DOC": "AUT", "COD_1": "12.", "TIP_EMPR_1": "OUTRAS TIPOLOGIAS", "COD_2": "12.12", "TIP_EMPR_2": "AUTORIZACAO DE SUPRESSAO DE VEGETACAO", "DT_ENTRA": "2022/03", "NR_LICENCA": "-", "DATA_EMISS": null, "VALIDADE": null, "LONG": -36.59653, "LAT": -9.53144, "NR_RST_PTS": "0" }, "geometry": { "type": "Point", "coordinates": [ -36.596534277491301, -9.531442606223271 ] } },
{ "type": "Feature", "properties": { "NR_PROCES": "22718496/2022", "NM_MUNIC": "PALMEIRA DOS INDIOS", "TIPO_DOC": "AUT", "COD_1": "12.", "TIP_EMPR_1": "OUTRAS TIPOLOGIAS", "COD_2": "12.12", "TIP_EMPR_2": "AUTORIZACAO DE SUPRESSAO DE VEGETACAO", "DT_ENTRA": "2022/05", "NR_LICENCA": "-", "DATA_EMISS": null, "VALIDADE": null, "LONG": -36.67384, "LAT": -9.38643, "NR_RST_PTS": "0" }, "geometry": { "type": "Point", "coordinates": [ -36.673836843451802, -9.386425726340541 ] } },
{ "type": "Feature", "properties": { "NR_PROCES": "22718498/2022", "NM_MUNIC": "PENEDO", "TIPO_DOC": "AUT", "COD_1": "12.", "TIP_EMPR_1": "OUTRAS TIPOLOGIAS", "COD_2": "12.12", "TIP_EMPR_2": "AUTORIZACAO DE SUPRESSAO DE VEGETACAO", "DT_ENTRA": "2022/05", "NR_LICENCA": "-", "DATA_EMISS": null, "VALIDADE": null, "LONG": -36.50016, "LAT": -10.32559, "NR_RST_PTS": "0" }, "geometry": { "type": "Point", "coordinates": [ -36.500159980308197, -10.3255894729151 ] } },
{ "type": "Feature", "properties": { "NR_PROCES": "22714395/2021", "NM_MUNIC": "BARRA DE SANTO ANTONIO", "TIPO_DOC": "AUT", "COD_1": "12.", "TIP_EMPR_1": "OUTRAS TIPOLOGIAS", "COD_2": "12.12", "TIP_EMPR_2": "AUTORIZACAO DE SUPRESSAO DE VEGETACAO", "DT_ENTRA": "2021/08", "NR_LICENCA": "-", "DATA_EMISS": null, "VALIDADE": null, "LONG": -35.4961, "LAT": -9.3751, "NR_RST_PTS": "0" }, "geometry": { "type": "Point", "coordinates": [ -35.496101437916302, -9.375097113259949 ] } },
{ "type": "Feature", "properties": { "NR_PROCES": "22718494/2022", "NM_MUNIC": "MARECHAL DEODORO", "TIPO_DOC": "AUT", "COD_1": "12.", "TIP_EMPR_1": "OUTRAS TIPOLOGIAS", "COD_2": "12.12", "TIP_EMPR_2": "AUTORIZACAO DE SUPRESSAO DE VEGETACAO", "DT_ENTRA": "2022/05", "NR_LICENCA": "-", "DATA_EMISS": null, "VALIDADE": null, "LONG": -35.8339, "LAT": -9.72307, "NR_RST_PTS": "48" }, "geometry": { "type": "Point", "coordinates": [ -35.8339, -9.72307 ] } },
{ "type": "Feature", "properties": { "NR_PROCES": "22718468/2022", "NM_MUNIC": "PALMEIRA DOS INDIOS", "TIPO_DOC": "AUT", "COD_1": "12.", "TIP_EMPR_1": "OUTRAS TIPOLOGIAS", "COD_2": "12.12", "TIP_EMPR_2": "AUTORIZACAO DE SUPRESSAO DE VEGETACAO", "DT_ENTRA": "2022/01", "NR_LICENCA": "-", "DATA_EMISS": null, "VALIDADE": null, "LONG": -36.67952, "LAT": -9.3773, "NR_RST_PTS": "0" }, "geometry": { "type": "Point", "coordinates": [ -36.679521017083502, -9.37730319536 ] } },
{ "type": "Feature", "properties": { "NR_PROCES": "22700031/2020", "NM_MUNIC": "JAPARATINGA", "TIPO_DOC": "AUT", "COD_1": "12.", "TIP_EMPR_1": "OUTRAS TIPOLOGIAS", "COD_2": "12.12", "TIP_EMPR_2": "AUTORIZACAO DE SUPRESSAO DE VEGETACAO", "DT_ENTRA": "2020/01", "NR_LICENCA": "-", "DATA_EMISS": null, "VALIDADE": null, "LONG": -35.24829, "LAT": -9.07799, "NR_RST_PTS": "0" }, "geometry": { "type": "Point", "coordinates": [ -35.248287041854098, -9.07799398661014 ] } },
{ "type": "Feature", "properties": { "NR_PROCES": "75286/2018", "NM_MUNIC": "MACEIO", "TIPO_DOC": "AUT", "COD_1": "12.", "TIP_EMPR_1": "OUTRAS TIPOLOGIAS", "COD_2": "12.12", "TIP_EMPR_2": "AUTORIZACAO DE SUPRESSAO DE VEGETACAO", "DT_ENTRA": "2018/03", "NR_LICENCA": "-", "DATA_EMISS": null, "VALIDADE": null, "LONG": -35.71533, "LAT": -9.5415, "NR_RST_PTS": "0" }, "geometry": { "type": "Point", "coordinates": [ -35.715332, -9.541503 ] } },
{ "type": "Feature", "properties": { "NR_PROCES": "22700018/2019", "NM_MUNIC": "MACEIO", "TIPO_DOC": "AUT", "COD_1": "12.", "TIP_EMPR_1": "OUTRAS TIPOLOGIAS", "COD_2": "12.12", "TIP_EMPR_2": "AUTORIZACAO DE SUPRESSAO DE VEGETACAO", "DT_ENTRA": "2019/07", "NR_LICENCA": "-", "DATA_EMISS": null, "VALIDADE": null, "LONG": -35.73267, "LAT": -9.62983, "NR_RST_PTS": "0" }, "geometry": { "type": "Point", "coordinates": [ -35.732668537165097, -9.629834405619651 ] } },
{ "type": "Feature", "properties": { "NR_PROCES": "61460/2017", "NM_MUNIC": "MACEIO", "TIPO_DOC": "AUT", "COD_1": "12.", "TIP_EMPR_1": "OUTRAS TIPOLOGIAS", "COD_2": "12.12", "TIP_EMPR_2": "AUTORIZACAO DE SUPRESSAO DE VEGETACAO", "DT_ENTRA": "2017/11", "NR_LICENCA": "-", "DATA_EMISS": null, "VALIDADE": null, "LONG": -35.73252, "LAT": -9.62974, "NR_RST_PTS": "0" }, "geometry": { "type": "Point", "coordinates": [ -35.732516, -9.62974 ] } },
{ "type": "Feature", "properties": { "NR_PROCES": "72557/2018", "NM_MUNIC": "PENEDO", "TIPO_DOC": "AUT", "COD_1": "12.", "TIP_EMPR_1": "OUTRAS TIPOLOGIAS", "COD_2": "12.12", "TIP_EMPR_2": "AUTORIZACAO DE SUPRESSAO DE VEGETACAO", "DT_ENTRA": "2018/04", "NR_LICENCA": "-", "DATA_EMISS": null, "VALIDADE": null, "LONG": -36.56186, "LAT": -10.28272, "NR_RST_PTS": "0" }, "geometry": { "type": "Point", "coordinates": [ -36.561861111111099, -10.282722222222199 ] } },
{ "type": "Feature", "properties": { "NR_PROCES": "72557/2018", "NM_MUNIC": "PENEDO", "TIPO_DOC": "AUT", "COD_1": "12.", "TIP_EMPR_1": "OUTRAS TIPOLOGIAS", "COD_2": "12.12", "TIP_EMPR_2": "AUTORIZACAO DE SUPRESSAO DE VEGETACAO", "DT_ENTRA": "2018/04", "NR_LICENCA": "-", "DATA_EMISS": null, "VALIDADE": null, "LONG": -36.56192, "LAT": -10.28267, "NR_RST_PTS": "0" }, "geometry": { "type": "Point", "coordinates": [ -36.561916666666697, -10.282666666666699 ] } },
{ "type": "Feature", "properties": { "NR_PROCES": "72557/2018", "NM_MUNIC": "PENEDO", "TIPO_DOC": "AUT", "COD_1": "12.", "TIP_EMPR_1": "OUTRAS TIPOLOGIAS", "COD_2": "12.12", "TIP_EMPR_2": "AUTORIZACAO DE SUPRESSAO DE VEGETACAO", "DT_ENTRA": "2018/04", "NR_LICENCA": "-", "DATA_EMISS": null, "VALIDADE": null, "LONG": -36.562, "LAT": -10.28267, "NR_RST_PTS": "0" }, "geometry": { "type": "Point", "coordinates": [ -36.562, -10.282666666666699 ] } },
{ "type": "Feature", "properties": { "NR_PROCES": "72557/2018", "NM_MUNIC": "PENEDO", "TIPO_DOC": "AUT", "COD_1": "12.", "TIP_EMPR_1": "OUTRAS TIPOLOGIAS", "COD_2": "12.12", "TIP_EMPR_2": "AUTORIZACAO DE SUPRESSAO DE VEGETACAO", "DT_ENTRA": "2018/04", "NR_LICENCA": "-", "DATA_EMISS": null, "VALIDADE": null, "LONG": -36.56194, "LAT": -10.28289, "NR_RST_PTS": "0" }, "geometry": { "type": "Point", "coordinates": [ -36.5619444444444, -10.2828888888889 ] } },
{ "type": "Feature", "properties": { "NR_PROCES": "72557/2018", "NM_MUNIC": "PENEDO", "TIPO_DOC": "AUT", "COD_1": "12.", "TIP_EMPR_1": "OUTRAS TIPOLOGIAS", "COD_2": "12.12", "TIP_EMPR_2": "AUTORIZACAO DE SUPRESSAO DE VEGETACAO", "DT_ENTRA": "2018/04", "NR_LICENCA": "-", "DATA_EMISS": null, "VALIDADE": null, "LONG": -36.56197, "LAT": -10.28239, "NR_RST_PTS": "0" }, "geometry": { "type": "Point", "coordinates": [ -36.561972222222202, -10.282388888888899 ] } },
{ "type": "Feature", "properties": { "NR_PROCES": "72557/2018", "NM_MUNIC": "PENEDO", "TIPO_DOC": "AUT", "COD_1": "12.", "TIP_EMPR_1": "OUTRAS TIPOLOGIAS", "COD_2": "12.12", "TIP_EMPR_2": "AUTORIZACAO DE SUPRESSAO DE VEGETACAO", "DT_ENTRA": "2018/04", "NR_LICENCA": "-", "DATA_EMISS": null, "VALIDADE": null, "LONG": -36.5615, "LAT": -10.28264, "NR_RST_PTS": "0" }, "geometry": { "type": "Point", "coordinates": [ -36.5615, -10.282638888888901 ] } },
{ "type": "Feature", "properties": { "NR_PROCES": "72557/2018", "NM_MUNIC": "PENEDO", "TIPO_DOC": "AUT", "COD_1": "12.", "TIP_EMPR_1": "OUTRAS TIPOLOGIAS", "COD_2": "12.12", "TIP_EMPR_2": "AUTORIZACAO DE SUPRESSAO DE VEGETACAO", "DT_ENTRA": "2018/04", "NR_LICENCA": "-", "DATA_EMISS": null, "VALIDADE": null, "LONG": -36.56144, "LAT": -10.28272, "NR_RST_PTS": "0" }, "geometry": { "type": "Point", "coordinates": [ -36.561444444444398, -10.282722222222199 ] } },
{ "type": "Feature", "properties": { "NR_PROCES": "72557/2018", "NM_MUNIC": "PENEDO", "TIPO_DOC": "AUT", "COD_1": "12.", "TIP_EMPR_1": "OUTRAS TIPOLOGIAS", "COD_2": "12.12", "TIP_EMPR_2": "AUTORIZACAO DE SUPRESSAO DE VEGETACAO", "DT_ENTRA": "2018/04", "NR_LICENCA": "-", "DATA_EMISS": null, "VALIDADE": null, "LONG": -36.56153, "LAT": -10.28286, "NR_RST_PTS": "0" }, "geometry": { "type": "Point", "coordinates": [ -36.561527777777798, -10.282861111111099 ] } },
{ "type": "Feature", "properties": { "NR_PROCES": "72557/2018", "NM_MUNIC": "PENEDO", "TIPO_DOC": "AUT", "COD_1": "12.", "TIP_EMPR_1": "OUTRAS TIPOLOGIAS", "COD_2": "12.12", "TIP_EMPR_2": "AUTORIZACAO DE SUPRESSAO DE VEGETACAO", "DT_ENTRA": "2018/04", "NR_LICENCA": "-", "DATA_EMISS": null, "VALIDADE": null, "LONG": -36.56158, "LAT": -10.28283, "NR_RST_PTS": "0" }, "geometry": { "type": "Point", "coordinates": [ -36.561583333333303, -10.282833333333301 ] } },
{ "type": "Feature", "properties": { "NR_PROCES": "72557/2018", "NM_MUNIC": "PENEDO", "TIPO_DOC": "AUT", "COD_1": "12.", "TIP_EMPR_1": "OUTRAS TIPOLOGIAS", "COD_2": "12.12", "TIP_EMPR_2": "AUTORIZACAO DE SUPRESSAO DE VEGETACAO", "DT_ENTRA": "2018/04", "NR_LICENCA": "-", "DATA_EMISS": null, "VALIDADE": null, "LONG": -36.56158, "LAT": -10.283, "NR_RST_PTS": "0" }, "geometry": { "type": "Point", "coordinates": [ -36.561583333333303, -10.283 ] } },
{ "type": "Feature", "properties": { "NR_PROCES": "72557/2018", "NM_MUNIC": "PENEDO", "TIPO_DOC": "AUT", "COD_1": "12.", "TIP_EMPR_1": "OUTRAS TIPOLOGIAS", "COD_2": "12.12", "TIP_EMPR_2": "AUTORIZACAO DE SUPRESSAO DE VEGETACAO", "DT_ENTRA": "2018/04", "NR_LICENCA": "-", "DATA_EMISS": null, "VALIDADE": null, "LONG": -36.56211, "LAT": -10.28242, "NR_RST_PTS": "0" }, "geometry": { "type": "Point", "coordinates": [ -36.562111111111101, -10.2824166666667 ] } },
{ "type": "Feature", "properties": { "NR_PROCES": "72557/2018", "NM_MUNIC": "PENEDO", "TIPO_DOC": "AUT", "COD_1": "12.", "TIP_EMPR_1": "OUTRAS TIPOLOGIAS", "COD_2": "12.12", "TIP_EMPR_2": "AUTORIZACAO DE SUPRESSAO DE VEGETACAO", "DT_ENTRA": "2018/04", "NR_LICENCA": "-", "DATA_EMISS": null, "VALIDADE": null, "LONG": -36.56167, "LAT": -10.28297, "NR_RST_PTS": "0" }, "geometry": { "type": "Point", "coordinates": [ -36.561666666666703, -10.282972222222201 ] } },
{ "type": "Feature", "properties": { "NR_PROCES": "22712459/2021", "NM_MUNIC": "PIRANHAS", "TIPO_DOC": "AUT", "COD_1": "12.", "TIP_EMPR_1": "OUTRAS TIPOLOGIAS", "COD_2": "12.12", "TIP_EMPR_2": "AUTORIZACAO DE SUPRESSAO DE VEGETACAO", "DT_ENTRA": "2021/09", "NR_LICENCA": "-", "DATA_EMISS": null, "VALIDADE": null, "LONG": -37.74744, "LAT": -9.61979, "NR_RST_PTS": "0" }, "geometry": { "type": "Point", "coordinates": [ -37.747442896124902, -9.619793249250611 ] } },
{ "type": "Feature", "properties": { "NR_PROCES": "22700037/2020", "NM_MUNIC": "MACEIO", "TIPO_DOC": "AUT", "COD_1": "12.", "TIP_EMPR_1": "OUTRAS TIPOLOGIAS", "COD_2": "12.12", "TIP_EMPR_2": "AUTORIZACAO DE SUPRESSAO DE VEGETACAO", "DT_ENTRA": "2020/03", "NR_LICENCA": "-", "DATA_EMISS": null, "VALIDADE": null, "LONG": -35.67079, "LAT": -9.58984, "NR_RST_PTS": "0" }, "geometry": { "type": "Point", "coordinates": [ -35.670787585353096, -9.58984274170923 ] } },
{ "type": "Feature", "properties": { "NR_PROCES": "22700042/2020", "NM_MUNIC": "MACEIO", "TIPO_DOC": "AUT", "COD_1": "12.", "TIP_EMPR_1": "OUTRAS TIPOLOGIAS", "COD_2": "12.12", "TIP_EMPR_2": "AUTORIZACAO DE SUPRESSAO DE VEGETACAO", "DT_ENTRA": "2020/03", "NR_LICENCA": "-", "DATA_EMISS": null, "VALIDADE": null, "LONG": -35.73747, "LAT": -9.65093, "NR_RST_PTS": "0" }, "geometry": { "type": "Point", "coordinates": [ -35.7374694444444, -9.650927777777779 ] } },
{ "type": "Feature", "properties": { "NR_PROCES": "22700047/2020", "NM_MUNIC": "MACEIO", "TIPO_DOC": "AUT", "COD_1": "12.", "TIP_EMPR_1": "OUTRAS TIPOLOGIAS", "COD_2": "12.12", "TIP_EMPR_2": "AUTORIZACAO DE SUPRESSAO DE VEGETACAO", "DT_ENTRA": "2020/05", "NR_LICENCA": "-", "DATA_EMISS": null, "VALIDADE": null, "LONG": -35.76971, "LAT": -9.56228, "NR_RST_PTS": "11" }, "geometry": { "type": "Point", "coordinates": [ -35.769713888888901, -9.56228333333333 ] } },
{ "type": "Feature", "properties": { "NR_PROCES": "22718465/2022", "NM_MUNIC": "MONTEIROPOLIS, OLHO DAGUA DAS FLORES E SAO JOSE DA TAPERA", "TIPO_DOC": "AUT", "COD_1": "12.", "TIP_EMPR_1": "OUTRAS TIPOLOGIAS", "COD_2": "12.12", "TIP_EMPR_2": "AUTORIZACAO DE SUPRESSAO DE VEGETACAO", "DT_ENTRA": "2022/01", "NR_LICENCA": "-", "DATA_EMISS": null, "VALIDADE": null, "LONG": -37.34705, "LAT": -9.55183, "NR_RST_PTS": "0" }, "geometry": { "type": "Point", "coordinates": [ -37.347048123764601, -9.551834925020209 ] } },
{ "type": "Feature", "properties": { "NR_PROCES": "76335/2018", "NM_MUNIC": "MACEIO", "TIPO_DOC": "AUT", "COD_1": "12.", "TIP_EMPR_1": "OUTRAS TIPOLOGIAS", "COD_2": "12.12", "TIP_EMPR_2": "AUTORIZACAO DE SUPRESSAO DE VEGETACAO", "DT_ENTRA": "2018/04", "NR_LICENCA": "-", "DATA_EMISS": null, "VALIDADE": null, "LONG": -35.76682, "LAT": -9.55926, "NR_RST_PTS": "0" }, "geometry": { "type": "Point", "coordinates": [ -35.766819, -9.559256 ] } },
{ "type": "Feature", "properties": { "NR_PROCES": "22716898/2021", "NM_MUNIC": "BARRA SANTO ANTONIO E PASSO DE CAMARAGIBE", "TIPO_DOC": "AUT", "COD_1": "12.", "TIP_EMPR_1": "OUTRAS TIPOLOGIAS", "COD_2": "12.12", "TIP_EMPR_2": "AUTORIZACAO DE SUPRESSAO DE VEGETACAO", "DT_ENTRA": "2021/10", "NR_LICENCA": "-", "DATA_EMISS": null, "VALIDADE": null, "LONG": -35.48014, "LAT": -9.35875, "NR_RST_PTS": "0" }, "geometry": { "type": "Point", "coordinates": [ -35.480139928373099, -9.358747914969641 ] } },
{ "type": "Feature", "properties": { "NR_PROCES": "22718456/2021", "NM_MUNIC": "BARRA SANTO ANTONIO E PASSO DE CAMARAGIBE", "TIPO_DOC": "AUT", "COD_1": "12.", "TIP_EMPR_1": "OUTRAS TIPOLOGIAS", "COD_2": "12.12", "TIP_EMPR_2": "AUTORIZACAO DE SUPRESSAO DE VEGETACAO", "DT_ENTRA": "2021/10", "NR_LICENCA": "-", "DATA_EMISS": null, "VALIDADE": null, "LONG": -35.47238, "LAT": -9.34831, "NR_RST_PTS": "536" }, "geometry": { "type": "Point", "coordinates": [ -35.4723777, -9.3483071 ] } },
{ "type": "Feature", "properties": { "NR_PROCES": "22718472/2022", "NM_MUNIC": "MACEIO", "TIPO_DOC": "AUT", "COD_1": "12.", "TIP_EMPR_1": "OUTRAS TIPOLOGIAS", "COD_2": "12.12", "TIP_EMPR_2": "AUTORIZACAO DE SUPRESSAO DE VEGETACAO", "DT_ENTRA": "2022/01", "NR_LICENCA": "-", "DATA_EMISS": null, "VALIDADE": null, "LONG": -35.66501, "LAT": -9.57078, "NR_RST_PTS": "0" }, "geometry": { "type": "Point", "coordinates": [ -35.665012392258198, -9.57078139968892 ] } },
{ "type": "Feature", "properties": { "NR_PROCES": "22718493/2022", "NM_MUNIC": "MACEIO", "TIPO_DOC": "AUT", "COD_1": "12.", "TIP_EMPR_1": "OUTRAS TIPOLOGIAS", "COD_2": "12.12", "TIP_EMPR_2": "AUTORIZACAO DE SUPRESSAO DE VEGETACAO", "DT_ENTRA": "2022/05", "NR_LICENCA": "-", "DATA_EMISS": null, "VALIDADE": null, "LONG": -35.6611, "LAT": -9.56284, "NR_RST_PTS": "0" }, "geometry": { "type": "Point", "coordinates": [ -35.661095193244002, -9.56284386902753 ] } },
{ "type": "Feature", "properties": { "NR_PROCES": "22716821/2021", "NM_MUNIC": "MACEIO E PARIPUEIRA", "TIPO_DOC": "AUT", "COD_1": "12.", "TIP_EMPR_1": "OUTRAS TIPOLOGIAS", "COD_2": "12.12", "TIP_EMPR_2": "AUTORIZACAO DE SUPRESSAO DE VEGETACAO", "DT_ENTRA": "2021/09", "NR_LICENCA": "-", "DATA_EMISS": null, "VALIDADE": null, "LONG": -35.57801, "LAT": -9.47892, "NR_RST_PTS": "0" }, "geometry": { "type": "Point", "coordinates": [ -35.578010035556503, -9.47892296201568 ] } },
{ "type": "Feature", "properties": { "NR_PROCES": "66549/2017", "NM_MUNIC": "MACEIO", "TIPO_DOC": "AUT", "COD_1": "12.", "TIP_EMPR_1": "OUTRAS TIPOLOGIAS", "COD_2": "12.12", "TIP_EMPR_2": "AUTORIZACAO DE SUPRESSAO DE VEGETACAO", "DT_ENTRA": "2017/08", "NR_LICENCA": "-", "DATA_EMISS": null, "VALIDADE": null, "LONG": -35.75985, "LAT": -9.61915, "NR_RST_PTS": "0" }, "geometry": { "type": "Point", "coordinates": [ -35.759845, -9.619151 ] } },
{ "type": "Feature", "properties": { "NR_PROCES": "75145/2018", "NM_MUNIC": "NOVO LINO", "TIPO_DOC": "AUT", "COD_1": "12.", "TIP_EMPR_1": "OUTRAS TIPOLOGIAS", "COD_2": "12.12", "TIP_EMPR_2": "AUTORIZACAO DE SUPRESSAO DE VEGETACAO", "DT_ENTRA": "2018/03", "NR_LICENCA": "-", "DATA_EMISS": null, "VALIDADE": null, "LONG": -35.63049, "LAT": -8.88245, "NR_RST_PTS": "0" }, "geometry": { "type": "Point", "coordinates": [ -35.630486, -8.882446 ] } },
{ "type": "Feature", "properties": { "NR_PROCES": "22700041/2020", "NM_MUNIC": "MARECHAL DEODORO", "TIPO_DOC": "AUT", "COD_1": "12.", "TIP_EMPR_1": "OUTRAS TIPOLOGIAS", "COD_2": "12.12", "TIP_EMPR_2": "AUTORIZACAO DE SUPRESSAO DE VEGETACAO", "DT_ENTRA": "2020/03", "NR_LICENCA": "-", "DATA_EMISS": null, "VALIDADE": null, "LONG": -35.87119, "LAT": -9.78525, "NR_RST_PTS": "0" }, "geometry": { "type": "Point", "coordinates": [ -35.871191666666697, -9.78525277777778 ] } },
{ "type": "Feature", "properties": { "NR_PROCES": "22707451/2021", "NM_MUNIC": "MARECHAL DEODORO", "TIPO_DOC": "AUT", "COD_1": "12.", "TIP_EMPR_1": "OUTRAS TIPOLOGIAS", "COD_2": "12.12", "TIP_EMPR_2": "AUTORIZACAO DE SUPRESSAO DE VEGETACAO", "DT_ENTRA": "2021/04", "NR_LICENCA": "-", "DATA_EMISS": null, "VALIDADE": null, "LONG": -35.8714, "LAT": -9.78501, "NR_RST_PTS": "0" }, "geometry": { "type": "Point", "coordinates": [ -35.8713972222222, -9.785013888888891 ] } },
{ "type": "Feature", "properties": { "NR_PROCES": "75135/2018", "NM_MUNIC": "MACEIO", "TIPO_DOC": "AUT", "COD_1": "12.", "TIP_EMPR_1": "OUTRAS TIPOLOGIAS", "COD_2": "12.12", "TIP_EMPR_2": "AUTORIZACAO DE SUPRESSAO DE VEGETACAO", "DT_ENTRA": "2018/03", "NR_LICENCA": "-", "DATA_EMISS": null, "VALIDADE": null, "LONG": -35.73077, "LAT": -9.54748, "NR_RST_PTS": "0" }, "geometry": { "type": "Point", "coordinates": [ -35.730768, -9.54748 ] } },
{ "type": "Feature", "properties": { "NR_PROCES": "22700020/2019", "NM_MUNIC": "MACEIO", "TIPO_DOC": "AUT", "COD_1": "12.", "TIP_EMPR_1": "OUTRAS TIPOLOGIAS", "COD_2": "12.12", "TIP_EMPR_2": "AUTORIZACAO DE SUPRESSAO DE VEGETACAO", "DT_ENTRA": "2019/07", "NR_LICENCA": "-", "DATA_EMISS": null, "VALIDADE": null, "LONG": -35.77755, "LAT": -9.56599, "NR_RST_PTS": "87" }, "geometry": { "type": "Point", "coordinates": [ -35.777551121499997, -9.565986603900001 ] } },
{ "type": "Feature", "properties": { "NR_PROCES": "22700017/2019", "NM_MUNIC": "MACEIO", "TIPO_DOC": "AUT", "COD_1": "12.", "TIP_EMPR_1": "OUTRAS TIPOLOGIAS", "COD_2": "12.12", "TIP_EMPR_2": "AUTORIZACAO DE SUPRESSAO DE VEGETACAO", "DT_ENTRA": "2019/07", "NR_LICENCA": "-", "DATA_EMISS": null, "VALIDADE": null, "LONG": -35.67831, "LAT": -9.59919, "NR_RST_PTS": "404" }, "geometry": { "type": "Point", "coordinates": [ -35.678306579599997, -9.5991859433 ] } },
{ "type": "Feature", "properties": { "NR_PROCES": "68323/2017", "NM_MUNIC": "MACEIO", "TIPO_DOC": "AUT", "COD_1": "12.", "TIP_EMPR_1": "OUTRAS TIPOLOGIAS", "COD_2": "12.12", "TIP_EMPR_2": "AUTORIZACAO DE SUPRESSAO DE VEGETACAO", "DT_ENTRA": "2017/10", "NR_LICENCA": "-", "DATA_EMISS": null, "VALIDADE": null, "LONG": -35.77728, "LAT": -9.56603, "NR_RST_PTS": "0" }, "geometry": { "type": "Point", "coordinates": [ -35.777279, -9.566028 ] } },
{ "type": "Feature", "properties": { "NR_PROCES": "22700019/2019", "NM_MUNIC": "MACEIO", "TIPO_DOC": "AUT", "COD_1": "12.", "TIP_EMPR_1": "OUTRAS TIPOLOGIAS", "COD_2": "12.12", "TIP_EMPR_2": "AUTORIZACAO DE SUPRESSAO DE VEGETACAO", "DT_ENTRA": "2019/09", "NR_LICENCA": "-", "DATA_EMISS": null, "VALIDADE": null, "LONG": -35.60282, "LAT": -9.51034, "NR_RST_PTS": "0" }, "geometry": { "type": "Point", "coordinates": [ -35.602817533472702, -9.51033872557365 ] } },
{ "type": "Feature", "properties": { "NR_PROCES": "22700061", "NM_MUNIC": "MARECHAL DEODORO", "TIPO_DOC": "AUT", "COD_1": "12.", "TIP_EMPR_1": "OUTRAS TIPOLOGIAS", "COD_2": "12.12", "TIP_EMPR_2": "AUTORIZACAO DE SUPRESSAO DE VEGETACAO", "DT_ENTRA": "2020/11", "NR_LICENCA": "-", "DATA_EMISS": null, "VALIDADE": null, "LONG": -35.82934, "LAT": -9.71552, "NR_RST_PTS": "78" }, "geometry": { "type": "Point", "coordinates": [ -35.829336544382599, -9.715517891973789 ] } },
{ "type": "Feature", "properties": { "NR_PROCES": "22706231/2021", "NM_MUNIC": "DELMIRO GOUVEIA", "TIPO_DOC": "AUT", "COD_1": "12.", "TIP_EMPR_1": "OUTRAS TIPOLOGIAS", "COD_2": "12.12", "TIP_EMPR_2": "AUTORIZACAO DE SUPRESSAO DE VEGETACAO", "DT_ENTRA": "2021/02", "NR_LICENCA": "-", "DATA_EMISS": null, "VALIDADE": null, "LONG": -38.02692, "LAT": -9.40483, "NR_RST_PTS": "0" }, "geometry": { "type": "Point", "coordinates": [ -38.026919444444502, -9.404825 ] } },
{ "type": "Feature", "properties": { "NR_PROCES": "58857/2017", "NM_MUNIC": "MATA GRANDE", "TIPO_DOC": "AUT", "COD_1": "12.", "TIP_EMPR_1": "OUTRAS TIPOLOGIAS", "COD_2": "12.12", "TIP_EMPR_2": "AUTORIZACAO DE SUPRESSAO DE VEGETACAO", "DT_ENTRA": "2017/02", "NR_LICENCA": "-", "DATA_EMISS": null, "VALIDADE": null, "LONG": -37.84683, "LAT": -9.09473, "NR_RST_PTS": "0" }, "geometry": { "type": "Point", "coordinates": [ -37.846832, -9.094732 ] } },
{ "type": "Feature", "properties": { "NR_PROCES": "22718473 /2022", "NM_MUNIC": "IGACI", "TIPO_DOC": "AUT", "COD_1": "12.", "TIP_EMPR_1": "OUTRAS TIPOLOGIAS", "COD_2": "12.12", "TIP_EMPR_2": "AUTORIZACAO DE SUPRESSAO DE VEGETACAO", "DT_ENTRA": "2022/03", "NR_LICENCA": "-", "DATA_EMISS": null, "VALIDADE": null, "LONG": -36.5925, "LAT": -9.52694, "NR_RST_PTS": "96" }, "geometry": { "type": "Point", "coordinates": [ -36.5925, -9.526943999691589 ] } },
{ "type": "Feature", "properties": { "NR_PROCES": "65343/2017", "NM_MUNIC": "PENEDO", "TIPO_DOC": "AUT", "COD_1": "12.", "TIP_EMPR_1": "OUTRAS TIPOLOGIAS", "COD_2": "12.12", "TIP_EMPR_2": "AUTORIZACAO DE SUPRESSAO DE VEGETACAO", "DT_ENTRA": "2021/01", "NR_LICENCA": "-", "DATA_EMISS": null, "VALIDADE": null, "LONG": -36.45712, "LAT": -10.18474, "NR_RST_PTS": "0" }, "geometry": { "type": "Point", "coordinates": [ -36.457117, -10.184741 ] } },
{ "type": "Feature", "properties": { "NR_PROCES": "22700058", "NM_MUNIC": "PENEDO", "TIPO_DOC": "AUT", "COD_1": "12.", "TIP_EMPR_1": "OUTRAS TIPOLOGIAS", "COD_2": "12.12", "TIP_EMPR_2": "AUTORIZACAO DE SUPRESSAO DE VEGETACAO", "DT_ENTRA": "2020/09", "NR_LICENCA": "-", "DATA_EMISS": null, "VALIDADE": null, "LONG": -36.534, "LAT": -10.25518, "NR_RST_PTS": "48" }, "geometry": { "type": "Point", "coordinates": [ -36.533996726520797, -10.255175253223999 ] } },
{ "type": "Feature", "properties": { "NR_PROCES": "22718473/2022", "NM_MUNIC": "PENEDO", "TIPO_DOC": "AUT", "COD_1": "12.", "TIP_EMPR_1": "OUTRAS TIPOLOGIAS", "COD_2": "12.12", "TIP_EMPR_2": "AUTORIZACAO DE SUPRESSAO DE VEGETACAO", "DT_ENTRA": "2022/03", "NR_LICENCA": "-", "DATA_EMISS": null, "VALIDADE": null, "LONG": -36.48827, "LAT": -10.2079, "NR_RST_PTS": "96" }, "geometry": { "type": "Point", "coordinates": [ -36.4882722222222, -10.2079 ] } },
{ "type": "Feature", "properties": { "NR_PROCES": "22715651/2021", "NM_MUNIC": "TEOTONIO VILELA", "TIPO_DOC": "AUT", "COD_1": "12.", "TIP_EMPR_1": "OUTRAS TIPOLOGIAS", "COD_2": "12.12", "TIP_EMPR_2": "AUTORIZACAO DE SUPRESSAO DE VEGETACAO", "DT_ENTRA": "2021/09", "NR_LICENCA": "-", "DATA_EMISS": null, "VALIDADE": null, "LONG": -36.37487, "LAT": -9.93603, "NR_RST_PTS": "0" }, "geometry": { "type": "Point", "coordinates": [ -36.374867939165398, -9.936034841210059 ] } },
{ "type": "Feature", "properties": { "NR_PROCES": "22716821/2021", "NM_MUNIC": "TEOTONIO VILELA", "TIPO_DOC": "AUT", "COD_1": "12.", "TIP_EMPR_1": "OUTRAS TIPOLOGIAS", "COD_2": "12.12", "TIP_EMPR_2": "AUTORIZACAO DE SUPRESSAO DE VEGETACAO", "DT_ENTRA": "2021/09", "NR_LICENCA": "-", "DATA_EMISS": null, "VALIDADE": null, "LONG": -36.36871, "LAT": -9.9288, "NR_RST_PTS": "760" }, "geometry": { "type": "Point", "coordinates": [ -36.3687136, -9.9288016 ] } },
{ "type": "Feature", "properties": { "NR_PROCES": "22709185/2021", "NM_MUNIC": "PORTO DE PEDRAS", "TIPO_DOC": "AUT", "COD_1": "12.", "TIP_EMPR_1": "OUTRAS TIPOLOGIAS", "COD_2": "12.12", "TIP_EMPR_2": "AUTORIZACAO DE SUPRESSAO DE VEGETACAO", "DT_ENTRA": "2021/05", "NR_LICENCA": "-", "DATA_EMISS": null, "VALIDADE": null, "LONG": -35.36888, "LAT": -9.21334, "NR_RST_PTS": "20" }, "geometry": { "type": "Point", "coordinates": [ -35.368881282234902, -9.21334125569552 ] } },
{ "type": "Feature", "properties": { "NR_PROCES": "20707528/2021", "NM_MUNIC": "RIO LARGO E MESSIAS", "TIPO_DOC": "AUT", "COD_1": "12.", "TIP_EMPR_1": "OUTRAS TIPOLOGIAS", "COD_2": "12.12", "TIP_EMPR_2": "AUTORIZACAO DE SUPRESSAO DE VEGETACAO", "DT_ENTRA": "2021/05", "NR_LICENCA": "-", "DATA_EMISS": null, "VALIDADE": null, "LONG": -35.84337, "LAT": -9.40338, "NR_RST_PTS": "0" }, "geometry": { "type": "Point", "coordinates": [ -35.843369073872601, -9.40338338440977 ] } },
{ "type": "Feature", "properties": { "NR_PROCES": "22709932/2021", "NM_MUNIC": "COLONIA LEOPOLDINA", "TIPO_DOC": "AUT", "COD_1": "12.", "TIP_EMPR_1": "OUTRAS TIPOLOGIAS", "COD_2": "12.12", "TIP_EMPR_2": "AUTORIZACAO DE SUPRESSAO DE VEGETACAO", "DT_ENTRA": "2021/05", "NR_LICENCA": "-", "DATA_EMISS": null, "VALIDADE": null, "LONG": -35.78456, "LAT": -8.93766, "NR_RST_PTS": "0" }, "geometry": { "type": "Point", "coordinates": [ -35.784556276537302, -8.937658884284311 ] } },
{ "type": "Feature", "properties": { "NR_PROCES": "22700057", "NM_MUNIC": "DELMIRO GOUVEIA", "TIPO_DOC": "AUT", "COD_1": "12.", "TIP_EMPR_1": "OUTRAS TIPOLOGIAS", "COD_2": "12.12", "TIP_EMPR_2": "AUTORIZACAO DE SUPRESSAO DE VEGETACAO", "DT_ENTRA": "2020/10", "NR_LICENCA": "-", "DATA_EMISS": null, "VALIDADE": null, "LONG": -38.02629, "LAT": -9.40595, "NR_RST_PTS": "75" }, "geometry": { "type": "Point", "coordinates": [ -38.026291806541799, -9.40594652941016 ] } },
{ "type": "Feature", "properties": { "NR_PROCES": "55856/2016", "NM_MUNIC": "BARRA DE SAO MIGUEL", "TIPO_DOC": "AUT", "COD_1": "12.", "TIP_EMPR_1": "OUTRAS TIPOLOGIAS", "COD_2": "12.12", "TIP_EMPR_2": "AUTORIZACAO DE SUPRESSAO DE VEGETACAO", "DT_ENTRA": "2016/11", "NR_LICENCA": "-", "DATA_EMISS": null, "VALIDADE": null, "LONG": -35.89465, "LAT": -9.83199, "NR_RST_PTS": "0" }, "geometry": { "type": "Point", "coordinates": [ -35.894649, -9.831985 ] } },
{ "type": "Feature", "properties": { "NR_PROCES": "74776/2018", "NM_MUNIC": "PIACABUCU", "TIPO_DOC": "AUT", "COD_1": "12.", "TIP_EMPR_1": "OUTRAS TIPOLOGIAS", "COD_2": "12.12", "TIP_EMPR_2": "AUTORIZACAO DE SUPRESSAO DE VEGETACAO", "DT_ENTRA": "2018/03", "NR_LICENCA": "-", "DATA_EMISS": null, "VALIDADE": null, "LONG": -36.32732, "LAT": -10.34298, "NR_RST_PTS": "0" }, "geometry": { "type": "Point", "coordinates": [ -36.327319, -10.342984 ] } },
{ "type": "Feature", "properties": { "NR_PROCES": "22700044/2020", "NM_MUNIC": "PIACABUCU", "TIPO_DOC": "AUT", "COD_1": "12.", "TIP_EMPR_1": "OUTRAS TIPOLOGIAS", "COD_2": "12.12", "TIP_EMPR_2": "AUTORIZACAO DE SUPRESSAO DE VEGETACAO", "DT_ENTRA": "2020/10", "NR_LICENCA": "-", "DATA_EMISS": null, "VALIDADE": null, "LONG": -36.32869, "LAT": -10.34157, "NR_RST_PTS": "0" }, "geometry": { "type": "Point", "coordinates": [ -36.328688888888898, -10.341569444444501 ] } },
{ "type": "Feature", "properties": { "NR_PROCES": "22700048/2020", "NM_MUNIC": "BARRA DE SANTO ANTONIO", "TIPO_DOC": "AUT", "COD_1": "12.", "TIP_EMPR_1": "OUTRAS TIPOLOGIAS", "COD_2": "12.12", "TIP_EMPR_2": "AUTORIZACAO DE SUPRESSAO DE VEGETACAO", "DT_ENTRA": "2021/04", "NR_LICENCA": "-", "DATA_EMISS": null, "VALIDADE": null, "LONG": -35.48422, "LAT": -9.36808, "NR_RST_PTS": "0" }, "geometry": { "type": "Point", "coordinates": [ -35.484218229782101, -9.36807571609619 ] } },
{ "type": "Feature", "properties": { "NR_PROCES": "22700048/2020", "NM_MUNIC": "BARRA DE SANTO ANTONIO", "TIPO_DOC": "AUT", "COD_1": "12.", "TIP_EMPR_1": "OUTRAS TIPOLOGIAS", "COD_2": "12.12", "TIP_EMPR_2": "AUTORIZACAO DE SUPRESSAO DE VEGETACAO", "DT_ENTRA": "2020/06", "NR_LICENCA": "-", "DATA_EMISS": null, "VALIDADE": null, "LONG": -35.48422, "LAT": -9.36808, "NR_RST_PTS": "0" }, "geometry": { "type": "Point", "coordinates": [ -35.484218229782101, -9.36807571609619 ] } },
{ "type": "Feature", "properties": { "NR_PROCES": "22718474/2022", "NM_MUNIC": "BATALHA", "TIPO_DOC": "AUT", "COD_1": "12.", "TIP_EMPR_1": "OUTRAS TIPOLOGIAS", "COD_2": "12.12", "TIP_EMPR_2": "AUTORIZACAO DE SUPRESSAO DE VEGETACAO", "DT_ENTRA": "2022/02", "NR_LICENCA": "-", "DATA_EMISS": null, "VALIDADE": null, "LONG": -37.09804, "LAT": -9.64089, "NR_RST_PTS": "0" }, "geometry": { "type": "Point", "coordinates": [ -37.098041236166502, -9.64089313554924 ] } },
{ "type": "Feature", "properties": { "NR_PROCES": "22708303/2021", "NM_MUNIC": "PIRANHAS", "TIPO_DOC": "AUT", "COD_1": "12.", "TIP_EMPR_1": "OUTRAS TIPOLOGIAS", "COD_2": "12.12", "TIP_EMPR_2": "AUTORIZACAO DE SUPRESSAO DE VEGETACAO", "DT_ENTRA": "2021/04", "NR_LICENCA": "-", "DATA_EMISS": null, "VALIDADE": null, "LONG": -37.76305, "LAT": -9.61528, "NR_RST_PTS": "0" }, "geometry": { "type": "Point", "coordinates": [ -37.763054426918899, -9.61528401395295 ] } },
{ "type": "Feature", "properties": { "NR_PROCES": "22714301/2021", "NM_MUNIC": "PIACABUCU", "TIPO_DOC": "AUT", "COD_1": "12.", "TIP_EMPR_1": "OUTRAS TIPOLOGIAS", "COD_2": "12.12", "TIP_EMPR_2": "AUTORIZACAO DE SUPRESSAO DE VEGETACAO", "DT_ENTRA": "2021/09", "NR_LICENCA": "-", "DATA_EMISS": null, "VALIDADE": null, "LONG": -36.47913, "LAT": -10.38137, "NR_RST_PTS": "0" }, "geometry": { "type": "Point", "coordinates": [ -36.479129911306899, -10.381367168666101 ] } },
{ "type": "Feature", "properties": { "NR_PROCES": "22718474/2022", "NM_MUNIC": "MARECHAL DEODORO", "TIPO_DOC": "AUT", "COD_1": "12.", "TIP_EMPR_1": "OUTRAS TIPOLOGIAS", "COD_2": "12.12", "TIP_EMPR_2": "AUTORIZACAO DE SUPRESSAO DE VEGETACAO", "DT_ENTRA": "2022/02", "NR_LICENCA": "-", "DATA_EMISS": null, "VALIDADE": null, "LONG": -35.8356, "LAT": -9.73821, "NR_RST_PTS": "145" }, "geometry": { "type": "Point", "coordinates": [ -35.8356032, -9.7382139 ] } },
{ "type": "Feature", "properties": { "NR_PROCES": "22718337/2022", "NM_MUNIC": "SAO JOSE DA TAPERA", "TIPO_DOC": "AUT", "COD_1": "12.", "TIP_EMPR_1": "OUTRAS TIPOLOGIAS", "COD_2": "12.12", "TIP_EMPR_2": "AUTORIZACAO DE SUPRESSAO DE VEGETACAO", "DT_ENTRA": "2022/07", "NR_LICENCA": "-", "DATA_EMISS": null, "VALIDADE": null, "LONG": -37.37213, "LAT": -9.54041, "NR_RST_PTS": "0" }, "geometry": { "type": "Point", "coordinates": [ -37.372133402697067, -9.54041152809746 ] } },
{ "type": "Feature", "properties": { "NR_PROCES": "22718461/2022", "NM_MUNIC": "ARAPIRACA E CRAIBAS", "TIPO_DOC": "AUT", "COD_1": "12.", "TIP_EMPR_1": "OUTRAS TIPOLOGIAS", "COD_2": "12.12", "TIP_EMPR_2": "AUTORIZACAO DE SUPRESSAO DE VEGETACAO", "DT_ENTRA": "2022/01", "NR_LICENCA": "-", "DATA_EMISS": null, "VALIDADE": null, "LONG": -36.75043, "LAT": -9.67261, "NR_RST_PTS": "0" }, "geometry": { "type": "Point", "coordinates": [ -36.750426187146175, -9.672610339729111 ] } },
{ "type": "Feature", "properties": { "NR_PROCES": "22718503/2022", "NM_MUNIC": "PIRANHAS", "TIPO_DOC": "AUT", "COD_1": "12.", "TIP_EMPR_1": "OUTRAS TIPOLOGIAS", "COD_2": "12.12", "TIP_EMPR_2": "AUTORIZACAO DE SUPRESSAO DE VEGETACAO", "DT_ENTRA": "2022/06", "NR_LICENCA": "-", "DATA_EMISS": null, "VALIDADE": null, "LONG": -37.81093, "LAT": -9.57078, "NR_RST_PTS": "0" }, "geometry": { "type": "Point", "coordinates": [ -37.810928528688152, -9.570779628362951 ] } },
{ "type": "Feature", "properties": { "NR_PROCES": "22718512/2022", "NM_MUNIC": "DELMIRO GOUVEIA", "TIPO_DOC": "AUT", "COD_1": "12.", "TIP_EMPR_1": "OUTRAS TIPOLOGIAS", "COD_2": "12.12", "TIP_EMPR_2": "AUTORIZACAO DE SUPRESSAO DE VEGETACAO", "DT_ENTRA": "2022/08", "NR_LICENCA": "-", "DATA_EMISS": null, "VALIDADE": null, "LONG": -37.99332, "LAT": -9.41801, "NR_RST_PTS": "0" }, "geometry": { "type": "Point", "coordinates": [ -37.993320165525638, -9.418007053734945 ] } },
{ "type": "Feature", "properties": { "NR_PROCES": "22718511/2022", "NM_MUNIC": "BOCA DA MATA", "TIPO_DOC": "AUT", "COD_1": "12.", "TIP_EMPR_1": "OUTRAS TIPOLOGIAS", "COD_2": "12.12", "TIP_EMPR_2": "AUTORIZACAO DE SUPRESSAO DE VEGETACAO", "DT_ENTRA": "2022/08", "NR_LICENCA": "-", "DATA_EMISS": null, "VALIDADE": null, "LONG": -36.0911, "LAT": -9.68342, "NR_RST_PTS": "0" }, "geometry": { "type": "Point", "coordinates": [ -36.091102382211815, -9.6834153440055 ] } },
{ "type": "Feature", "properties": { "NR_PROCES": "22718515/2022", "NM_MUNIC": "CORURIPE", "TIPO_DOC": "AUT", "COD_1": "12.", "TIP_EMPR_1": "OUTRAS TIPOLOGIAS", "COD_2": "12.12", "TIP_EMPR_2": "AUTORIZACAO DE SUPRESSAO DE VEGETACAO", "DT_ENTRA": "2022/09", "NR_LICENCA": "-", "DATA_EMISS": null, "VALIDADE": null, "LONG": -36.27794, "LAT": -10.11334, "NR_RST_PTS": "364" }, "geometry": { "type": "Point", "coordinates": [ -36.2779425, -10.1133366 ] } },
{ "type": "Feature", "properties": { "NR_PROCES": "22718513/2022", "NM_MUNIC": "MARECHAL DEODORO", "TIPO_DOC": "AUT", "COD_1": "12.", "TIP_EMPR_1": "OUTRAS TIPOLOGIAS", "COD_2": "12.12", "TIP_EMPR_2": "AUTORIZACAO DE SUPRESSAO DE VEGETACAO", "DT_ENTRA": "2022/09", "NR_LICENCA": "-", "DATA_EMISS": null, "VALIDADE": null, "LONG": -35.88996, "LAT": -9.76966, "NR_RST_PTS": "0" }, "geometry": { "type": "Point", "coordinates": [ -35.88996497855414, -9.769655011517679 ] } },
{ "type": "Feature", "properties": { "NR_PROCES": "22718514/2022", "NM_MUNIC": "MACEIO", "TIPO_DOC": "AUT", "COD_1": "12.", "TIP_EMPR_1": "OUTRAS TIPOLOGIAS", "COD_2": "12.12", "TIP_EMPR_2": "AUTORIZACAO DE SUPRESSAO DE VEGETACAO", "DT_ENTRA": "2022/09", "NR_LICENCA": "-", "DATA_EMISS": null, "VALIDADE": null, "LONG": -35.74611, "LAT": -9.63781, "NR_RST_PTS": "0" }, "geometry": { "type": "Point", "coordinates": [ -35.746113975232824, -9.637814490217272 ] } },
{ "type": "Feature", "properties": { "NR_PROCES": "22718489/2022", "NM_MUNIC": "JACARE DOS HOMENS E OLHO DAGUA DO CASADO", "TIPO_DOC": "AUT", "COD_1": "12.", "TIP_EMPR_1": "OUTRAS TIPOLOGIAS", "COD_2": "12.12", "TIP_EMPR_2": "AUTORIZACAO DE SUPRESSAO DE VEGETACAO", "DT_ENTRA": "2022/10", "NR_LICENCA": "-", "DATA_EMISS": null, "VALIDADE": null, "LONG": -37.24534, "LAT": -9.58591, "NR_RST_PTS": "194" }, "geometry": { "type": "Point", "coordinates": [ -37.245339596099853, -9.58591043055293 ] } },
{ "type": "Feature", "properties": { "NR_PROCES": "22718520/2022", "NM_MUNIC": "MARECHAL DEODORO", "TIPO_DOC": "AUT", "COD_1": "12.", "TIP_EMPR_1": "OUTRAS TIPOLOGIAS", "COD_2": "12.12", "TIP_EMPR_2": "AUTORIZACAO DE SUPRESSAO DE VEGETACAO", "DT_ENTRA": "2022/09", "NR_LICENCA": "-", "DATA_EMISS": null, "VALIDADE": null, "LONG": -35.87618, "LAT": -9.78655, "NR_RST_PTS": "0" }, "geometry": { "type": "Point", "coordinates": [ -35.876178020677948, -9.786553344204124 ] } },
{ "type": "Feature", "properties": { "NR_PROCES": "22718517/2022", "NM_MUNIC": "DELMIRO GOUVEIA", "TIPO_DOC": "AUT", "COD_1": "12.", "TIP_EMPR_1": "OUTRAS TIPOLOGIAS", "COD_2": "12.12", "TIP_EMPR_2": "AUTORIZACAO DE SUPRESSAO DE VEGETACAO", "DT_ENTRA": "2022/10", "NR_LICENCA": "-", "DATA_EMISS": null, "VALIDADE": null, "LONG": -38.11934, "LAT": -9.4009, "NR_RST_PTS": "0" }, "geometry": { "type": "Point", "coordinates": [ -38.119340359520741, -9.400898299852193 ] } },
{ "type": "Feature", "properties": { "NR_PROCES": "22718502/2022", "NM_MUNIC": "ATALAIA", "TIPO_DOC": "AUT", "COD_1": "12.", "TIP_EMPR_1": "OUTRAS TIPOLOGIAS", "COD_2": "12.12", "TIP_EMPR_2": "AUTORIZACAO DE SUPRESSAO DE VEGETACAO", "DT_ENTRA": "2022/10", "NR_LICENCA": "-", "DATA_EMISS": null, "VALIDADE": null, "LONG": -36.01146, "LAT": -9.57345, "NR_RST_PTS": "0" }, "geometry": { "type": "Point", "coordinates": [ -36.01145833333333, -9.57345 ] } },
{ "type": "Feature", "properties": { "NR_PROCES": "22718521/2022", "NM_MUNIC": "MATA GRANDE", "TIPO_DOC": "AUT", "COD_1": "12.", "TIP_EMPR_1": "OUTRAS TIPOLOGIAS", "COD_2": "12.12", "TIP_EMPR_2": "AUTORIZACAO DE SUPRESSAO DE VEGETACAO", "DT_ENTRA": "2022/10", "NR_LICENCA": "-", "DATA_EMISS": null, "VALIDADE": null, "LONG": -37.73512, "LAT": -8.93413, "NR_RST_PTS": "0" }, "geometry": { "type": "Point", "coordinates": [ -37.7351179617702, -8.934134188779728 ] } },
{ "type": "Feature", "properties": { "NR_PROCES": "22718525/2022", "NM_MUNIC": "ARAPIRACA", "TIPO_DOC": "AUT", "COD_1": "12.", "TIP_EMPR_1": "OUTRAS TIPOLOGIAS", "COD_2": "12.12", "TIP_EMPR_2": "AUTORIZACAO DE SUPRESSAO DE VEGETACAO", "DT_ENTRA": "2022/10", "NR_LICENCA": "-", "DATA_EMISS": null, "VALIDADE": null, "LONG": -36.66439, "LAT": -9.70367, "NR_RST_PTS": "0" }, "geometry": { "type": "Point", "coordinates": [ -36.664386507631967, -9.703672805108948 ] } },
{ "type": "Feature", "properties": { "NR_PROCES": "22718531/2022", "NM_MUNIC": "CORURIPE", "TIPO_DOC": "AUT", "COD_1": "12.", "TIP_EMPR_1": "OUTRAS TIPOLOGIAS", "COD_2": "12.12", "TIP_EMPR_2": "AUTORIZACAO DE SUPRESSAO DE VEGETACAO", "DT_ENTRA": "2022/11", "NR_LICENCA": "-", "DATA_EMISS": null, "VALIDADE": null, "LONG": -36.07934, "LAT": -10.07878, "NR_RST_PTS": "0" }, "geometry": { "type": "Point", "coordinates": [ -36.079342690307399, -10.078784894104302 ] } },
{ "type": "Feature", "properties": { "NR_PROCES": "22718528/2022", "NM_MUNIC": "MACEIO, PARIPUEIRA, BARRA DE SANTO ANTONIO", "TIPO_DOC": "AUT", "COD_1": "12.", "TIP_EMPR_1": "OUTRAS TIPOLOGIAS", "COD_2": "12.12", "TIP_EMPR_2": "AUTORIZACAO DE SUPRESSAO DE VEGETACAO", "DT_ENTRA": "2022/11", "NR_LICENCA": "-", "DATA_EMISS": null, "VALIDADE": null, "LONG": -35.62413, "LAT": -9.51997, "NR_RST_PTS": "0" }, "geometry": { "type": "Point", "coordinates": [ -35.624130266764496, -9.519966618299748 ] } },
{ "type": "Feature", "properties": { "NR_PROCES": "22718518/2022", "NM_MUNIC": "DELMIRO GOUVEIA", "TIPO_DOC": "AUT", "COD_1": "12.", "TIP_EMPR_1": "OUTRAS TIPOLOGIAS", "COD_2": "12.12", "TIP_EMPR_2": "AUTORIZACAO DE SUPRESSAO DE VEGETACAO", "DT_ENTRA": "2022/12", "NR_LICENCA": "-", "DATA_EMISS": null, "VALIDADE": null, "LONG": -37.95013, "LAT": -9.41478, "NR_RST_PTS": "0" }, "geometry": { "type": "Point", "coordinates": [ -37.950131067992373, -9.414778906315236 ] } },
{ "type": "Feature", "properties": { "NR_PROCES": "22718522/2022", "NM_MUNIC": "OLHO DAGUA DAS FLORES", "TIPO_DOC": "AUT", "COD_1": "12.", "TIP_EMPR_1": "OUTRAS TIPOLOGIAS", "COD_2": "12.12", "TIP_EMPR_2": "AUTORIZACAO DE SUPRESSAO DE VEGETACAO", "DT_ENTRA": "2022/12", "NR_LICENCA": "-", "DATA_EMISS": null, "VALIDADE": null, "LONG": -37.29267, "LAT": -9.50729, "NR_RST_PTS": "41" }, "geometry": { "type": "Point", "coordinates": [ -37.292669444444442, -9.507288888888889 ] } },
{ "type": "Feature", "properties": { "NR_PROCES": "22718527/2022", "NM_MUNIC": "AGUA BRANCA", "TIPO_DOC": "AUT", "COD_1": "12.", "TIP_EMPR_1": "OUTRAS TIPOLOGIAS", "COD_2": "12.12", "TIP_EMPR_2": "AUTORIZACAO DE SUPRESSAO DE VEGETACAO", "DT_ENTRA": "2022/12", "NR_LICENCA": "-", "DATA_EMISS": null, "VALIDADE": null, "LONG": -37.98094, "LAT": -9.33096, "NR_RST_PTS": "0" }, "geometry": { "type": "Point", "coordinates": [ -37.980939119507333, -9.330962175212697 ] } },
{ "type": "Feature", "properties": { "NR_PROCES": "22718529/2022", "NM_MUNIC": "SAO JOSE DA TAPERA", "TIPO_DOC": "AUT", "COD_1": "12.", "TIP_EMPR_1": "OUTRAS TIPOLOGIAS", "COD_2": "12.12", "TIP_EMPR_2": "AUTORIZACAO DE SUPRESSAO DE VEGETACAO", "DT_ENTRA": "2023/01", "NR_LICENCA": "-", "DATA_EMISS": null, "VALIDADE": null, "LONG": -37.33228, "LAT": -9.55536, "NR_RST_PTS": "0" }, "geometry": { "type": "Point", "coordinates": [ -37.332280555555563, -9.555363888888889 ] } },
{ "type": "Feature", "properties": { "NR_PROCES": "22718533/2023", "NM_MUNIC": "VICOSA", "TIPO_DOC": "AUT", "COD_1": "12.", "TIP_EMPR_1": "OUTRAS TIPOLOGIAS", "COD_2": "12.12", "TIP_EMPR_2": "AUTORIZACAO DE SUPRESSAO DE VEGETACAO", "DT_ENTRA": "2023/01", "NR_LICENCA": "-", "DATA_EMISS": null, "VALIDADE": null, "LONG": -36.30384, "LAT": -9.32773, "NR_RST_PTS": "155" }, "geometry": { "type": "Point", "coordinates": [ -36.303843922741997, -9.327734319153933 ] } },
{ "type": "Feature", "properties": { "NR_PROCES": "22718532/2022", "NM_MUNIC": "PORTO DE PEDRAS", "TIPO_DOC": "AUT", "COD_1": "12.", "TIP_EMPR_1": "OUTRAS TIPOLOGIAS", "COD_2": "12.12", "TIP_EMPR_2": "AUTORIZACAO DE SUPRESSAO DE VEGETACAO", "DT_ENTRA": "2023/01", "NR_LICENCA": "-", "DATA_EMISS": null, "VALIDADE": null, "LONG": -35.30739, "LAT": -9.18158, "NR_RST_PTS": "24" }, "geometry": { "type": "Point", "coordinates": [ -35.307394233561801, -9.181579009997231 ] } },
{ "type": "Feature", "properties": { "NR_PROCES": "22718523/2023", "NM_MUNIC": "MARECHAL DEODORO", "TIPO_DOC": "AUT", "COD_1": "12.", "TIP_EMPR_1": "OUTRAS TIPOLOGIAS", "COD_2": "12.12", "TIP_EMPR_2": "AUTORIZACAO DE SUPRESSAO DE VEGETACAO", "DT_ENTRA": "2023/01", "NR_LICENCA": "-", "DATA_EMISS": null, "VALIDADE": null, "LONG": -35.84699, "LAT": -9.75974, "NR_RST_PTS": "0" }, "geometry": { "type": "Point", "coordinates": [ -35.846994444444448, -9.759741666666667 ] } },
{ "type": "Feature", "properties": { "NR_PROCES": "22718537/2023", "NM_MUNIC": "SANTANA DO IPANEMA", "TIPO_DOC": "AUT", "COD_1": "12.", "TIP_EMPR_1": "OUTRAS TIPOLOGIAS", "COD_2": "12.12", "TIP_EMPR_2": "AUTORIZACAO DE SUPRESSAO DE VEGETACAO", "DT_ENTRA": "2023/02", "NR_LICENCA": "-", "DATA_EMISS": null, "VALIDADE": null, "LONG": -37.21737, "LAT": -9.40833, "NR_RST_PTS": "0" }, "geometry": { "type": "Point", "coordinates": [ -37.217366640570702, -9.408334578435213 ] } },
{ "type": "Feature", "properties": { "NR_PROCES": "22718534/2023", "NM_MUNIC": "COLONIA LEOPOLDINA E NOVO LINO", "TIPO_DOC": "AUT", "COD_1": "12.", "TIP_EMPR_1": "OUTRAS TIPOLOGIAS", "COD_2": "12.12", "TIP_EMPR_2": "AUTORIZACAO DE SUPRESSAO DE VEGETACAO", "DT_ENTRA": "2023/02", "NR_LICENCA": "-", "DATA_EMISS": null, "VALIDADE": null, "LONG": -35.78688, "LAT": -8.93425, "NR_RST_PTS": "28" }, "geometry": { "type": "Point", "coordinates": [ -35.786882599648507, -8.934251248699383 ] } },
{ "type": "Feature", "properties": { "NR_PROCES": "22718541/2022", "NM_MUNIC": "MACEIO", "TIPO_DOC": "AUT", "COD_1": "12.", "TIP_EMPR_1": "OUTRAS TIPOLOGIAS", "COD_2": "12.12", "TIP_EMPR_2": "AUTORIZACAO DE SUPRESSAO DE VEGETACAO", "DT_ENTRA": "2023/03", "NR_LICENCA": "-", "DATA_EMISS": null, "VALIDADE": null, "LONG": -35.79656, "LAT": -9.56104, "NR_RST_PTS": "0" }, "geometry": { "type": "Point", "coordinates": [ -35.796559536183423, -9.5610421057312 ] } },
{ "type": "Feature", "properties": { "NR_PROCES": "22718544/2022", "NM_MUNIC": "BARRA DE SAO MIGUEL", "TIPO_DOC": "AUT", "COD_1": "12.", "TIP_EMPR_1": "OUTRAS TIPOLOGIAS", "COD_2": "12.12", "TIP_EMPR_2": "AUTORIZACAO DE SUPRESSAO DE VEGETACAO", "DT_ENTRA": "2023/03", "NR_LICENCA": "-", "DATA_EMISS": null, "VALIDADE": null, "LONG": -35.89211, "LAT": -9.80689, "NR_RST_PTS": "13" }, "geometry": { "type": "Point", "coordinates": [ -35.892107738773987, -9.806888984594675 ] } },
{ "type": "Feature", "properties": { "NR_PROCES": "22718493/2022", "NM_MUNIC": "MACEIO", "TIPO_DOC": "AUT", "COD_1": "12.", "TIP_EMPR_1": "OUTRAS TIPOLOGIAS", "COD_2": "12.12", "TIP_EMPR_2": "AUTORIZACAO DE SUPRESSAO DE VEGETACAO", "DT_ENTRA": "2023/02", "NR_LICENCA": "-", "DATA_EMISS": null, "VALIDADE": null, "LONG": -35.66123, "LAT": -9.56315, "NR_RST_PTS": "0" }, "geometry": { "type": "Point", "coordinates": [ -35.661229494843091, -9.563150585265115 ] } },
{ "type": "Feature", "properties": { "NR_PROCES": "22718536/2023", "NM_MUNIC": "BELO MONTE", "TIPO_DOC": "AUT", "COD_1": "12.", "TIP_EMPR_1": "OUTRAS TIPOLOGIAS", "COD_2": "12.12", "TIP_EMPR_2": "AUTORIZACAO DE SUPRESSAO DE VEGETACAO", "DT_ENTRA": "2023/03", "NR_LICENCA": "-", "DATA_EMISS": null, "VALIDADE": null, "LONG": -37.23965, "LAT": -9.86278, "NR_RST_PTS": "0" }, "geometry": { "type": "Point", "coordinates": [ -37.23965, -9.862780555555554 ] } },
{ "type": "Feature", "properties": { "NR_PROCES": "22718538/2023", "NM_MUNIC": "AGUA BRANCA", "TIPO_DOC": "AUT", "COD_1": "12.", "TIP_EMPR_1": "OUTRAS TIPOLOGIAS", "COD_2": "12.12", "TIP_EMPR_2": "AUTORIZACAO DE SUPRESSAO DE VEGETACAO", "DT_ENTRA": "2023/04", "NR_LICENCA": "-", "DATA_EMISS": null, "VALIDADE": null, "LONG": -37.96805, "LAT": -9.33639, "NR_RST_PTS": "0" }, "geometry": { "type": "Point", "coordinates": [ -37.968052777777778, -9.336386111111112 ] } },
{ "type": "Feature", "properties": { "NR_PROCES": "22718493/2022", "NM_MUNIC": "MACEIO", "TIPO_DOC": "AUT", "COD_1": "12.", "TIP_EMPR_1": "OUTRAS TIPOLOGIAS", "COD_2": "12.12", "TIP_EMPR_2": "AUTORIZACAO DE SUPRESSAO DE VEGETACAO", "DT_ENTRA": "2023/03", "NR_LICENCA": "-", "DATA_EMISS": null, "VALIDADE": null, "LONG": -35.67167, "LAT": -9.58335, "NR_RST_PTS": "0" }, "geometry": { "type": "Point", "coordinates": [ -35.671671200836343, -9.583347191557904 ] } },
{ "type": "Feature", "properties": { "NR_PROCES": "22718554/2023", "NM_MUNIC": "MACEIO", "TIPO_DOC": "AUT", "COD_1": "12.", "TIP_EMPR_1": "OUTRAS TIPOLOGIAS", "COD_2": "12.12", "TIP_EMPR_2": "AUTORIZACAO DE SUPRESSAO DE VEGETACAO", "DT_ENTRA": "2023/04", "NR_LICENCA": "-", "DATA_EMISS": null, "VALIDADE": null, "LONG": -35.74724, "LAT": -9.63925, "NR_RST_PTS": "66" }, "geometry": { "type": "Point", "coordinates": [ -35.747243659570799, -9.639251260086899 ] } },
{ "type": "Feature", "properties": { "NR_PROCES": "22718559/2023", "NM_MUNIC": "AGUA BRANCA", "TIPO_DOC": "AUT", "COD_1": "12.", "TIP_EMPR_1": "OUTRAS TIPOLOGIAS", "COD_2": "12.12", "TIP_EMPR_2": "AUTORIZACAO DE SUPRESSAO DE VEGETACAO", "DT_ENTRA": "2023/05", "NR_LICENCA": "-", "DATA_EMISS": null, "VALIDADE": null, "LONG": -37.81179, "LAT": -9.28774, "NR_RST_PTS": "359" }, "geometry": { "type": "Point", "coordinates": [ -37.811788400081042, -9.287735979808428 ] } },
{ "type": "Feature", "properties": { "NR_PROCES": "22718533/2023", "NM_MUNIC": "VICOSA", "TIPO_DOC": "AUT", "COD_1": "12.", "TIP_EMPR_1": "OUTRAS TIPOLOGIAS", "COD_2": "12.12", "TIP_EMPR_2": "AUTORIZACAO DE SUPRESSAO DE VEGETACAO", "DT_ENTRA": "2023/06", "NR_LICENCA": "-", "DATA_EMISS": null, "VALIDADE": null, "LONG": -36.30158, "LAT": -9.32359, "NR_RST_PTS": "153" }, "geometry": { "type": "Point", "coordinates": [ -36.301583425730833, -9.32358801413314 ] } },
{ "type": "Feature", "properties": { "NR_PROCES": "22718555/2023", "NM_MUNIC": "SAO MIGUEL DOS MILAGRES", "TIPO_DOC": "AUT", "COD_1": "12.", "TIP_EMPR_1": "OUTRAS TIPOLOGIAS", "COD_2": "12.12", "TIP_EMPR_2": "AUTORIZACAO DE SUPRESSAO DE VEGETACAO", "DT_ENTRA": "2023/06", "NR_LICENCA": "-", "DATA_EMISS": null, "VALIDADE": null, "LONG": -35.46566, "LAT": -9.21382, "NR_RST_PTS": "0" }, "geometry": { "type": "Point", "coordinates": [ -35.465658465979537, -9.213818539968738 ] } },
{ "type": "Feature", "properties": { "NR_PROCES": "22718554/2023", "NM_MUNIC": "MACEIO", "TIPO_DOC": "AUT", "COD_1": "12.", "TIP_EMPR_1": "OUTRAS TIPOLOGIAS", "COD_2": "12.12", "TIP_EMPR_2": "AUTORIZACAO DE SUPRESSAO DE VEGETACAO", "DT_ENTRA": "2023/06", "NR_LICENCA": "-", "DATA_EMISS": null, "VALIDADE": null, "LONG": -35.74716, "LAT": -9.63945, "NR_RST_PTS": "0" }, "geometry": { "type": "Point", "coordinates": [ -35.747163728759254, -9.639450011455153 ] } },
{ "type": "Feature", "properties": { "NR_PROCES": "2023.23060339261.AUT.IMA", "NM_MUNIC": "SAO MIGUEL DOS MILAGRES, PASSO DE CAMARAGIBE, MATRIZ DE CAMARAGIBE", "TIPO_DOC": "AUT", "COD_1": "12.", "TIP_EMPR_1": "OUTRAS TIPOLOGIAS", "COD_2": "12.12", "TIP_EMPR_2": "AUTORIZACAO DE SUPRESSAO DE VEGETACAO", "DT_ENTRA": "2023/06", "NR_LICENCA": "-", "DATA_EMISS": null, "VALIDADE": null, "LONG": -35.40427, "LAT": -9.21012, "NR_RST_PTS": "0" }, "geometry": { "type": "Point", "coordinates": [ -35.404269886948398, -9.210123989323236 ] } },
{ "type": "Feature", "properties": { "NR_PROCES": "2023.20064773366.SVeg.IMA", "NM_MUNIC": "SAO MIGUEL DOS CAMPOS", "TIPO_DOC": "AUT", "COD_1": "12.", "TIP_EMPR_1": "OUTRAS TIPOLOGIAS", "COD_2": "12.12", "TIP_EMPR_2": "AUTORIZACAO DE SUPRESSAO DE VEGETACAO", "DT_ENTRA": "2023/06", "NR_LICENCA": "-", "DATA_EMISS": null, "VALIDADE": null, "LONG": -36.0991, "LAT": -9.7626, "NR_RST_PTS": "0" }, "geometry": { "type": "Point", "coordinates": [ -36.099096455637863, -9.762602362886025 ] } },
{ "type": "Feature", "properties": { "NR_PROCES": "2023.20060302014.AUT.IMA", "NM_MUNIC": "BARRA DE SANTO ANTONIO", "TIPO_DOC": "AUT", "COD_1": "12.", "TIP_EMPR_1": "OUTRAS TIPOLOGIAS", "COD_2": "12.12", "TIP_EMPR_2": "AUTORIZACAO DE SUPRESSAO DE VEGETACAO", "DT_ENTRA": "2023/06", "NR_LICENCA": "-", "DATA_EMISS": null, "VALIDADE": null, "LONG": -35.50148, "LAT": -9.40596, "NR_RST_PTS": "0" }, "geometry": { "type": "Point", "coordinates": [ -35.501476904039819, -9.405960111129231 ] } },
{ "type": "Feature", "properties": { "NR_PROCES": "2023.04075959074.SVeg.IMA", "NM_MUNIC": "MACEIO, PARIPUEIRA, BARRA DE SANTO ANTONIO", "TIPO_DOC": "AUT", "COD_1": "12.", "TIP_EMPR_1": "OUTRAS TIPOLOGIAS", "COD_2": "12.12", "TIP_EMPR_2": "AUTORIZACAO DE SUPRESSAO DE VEGETACAO", "DT_ENTRA": "2023/07", "NR_LICENCA": "-", "DATA_EMISS": null, "VALIDADE": null, "LONG": -35.5923, "LAT": -9.49624, "NR_RST_PTS": "0" }, "geometry": { "type": "Point", "coordinates": [ -35.592299201244593, -9.496237358159545 ] } },
{ "type": "Feature", "properties": { "NR_PROCES": "2023.13074766585.SVeg.IMA", "NM_MUNIC": "CHA PRETA", "TIPO_DOC": "AUT", "COD_1": "12.", "TIP_EMPR_1": "OUTRAS TIPOLOGIAS", "COD_2": "12.12", "TIP_EMPR_2": "AUTORIZACAO DE SUPRESSAO DE VEGETACAO", "DT_ENTRA": "2023/07", "NR_LICENCA": "-", "DATA_EMISS": null, "VALIDADE": null, "LONG": -36.30156, "LAT": -9.25504, "NR_RST_PTS": "9" }, "geometry": { "type": "Point", "coordinates": [ -36.301562707807427, -9.255036459284694 ] } },
{ "type": "Feature", "properties": { "NR_PROCES": "2023.14072646050.SVeg.IMA", "NM_MUNIC": "SANTANA DO IPANEMA", "TIPO_DOC": "AUT", "COD_1": "12.", "TIP_EMPR_1": "OUTRAS TIPOLOGIAS", "COD_2": "12.12", "TIP_EMPR_2": "AUTORIZACAO DE SUPRESSAO DE VEGETACAO", "DT_ENTRA": "2023/07", "NR_LICENCA": "-", "DATA_EMISS": null, "VALIDADE": null, "LONG": -37.15737, "LAT": -9.38618, "NR_RST_PTS": "0" }, "geometry": { "type": "Point", "coordinates": [ -37.157366467248806, -9.386175172475875 ] } },
{ "type": "Feature", "properties": { "NR_PROCES": "2023.17074169060.SVeg.IMA", "NM_MUNIC": "JACARE DOS HOMENS, PALESTINA, PAO DE ACUCAR", "TIPO_DOC": "AUT", "COD_1": "12.", "TIP_EMPR_1": "OUTRAS TIPOLOGIAS", "COD_2": "12.12", "TIP_EMPR_2": "AUTORIZACAO DE SUPRESSAO DE VEGETACAO", "DT_ENTRA": "2023/07", "NR_LICENCA": "-", "DATA_EMISS": null, "VALIDADE": null, "LONG": -37.24526, "LAT": -9.73419, "NR_RST_PTS": "0" }, "geometry": { "type": "Point", "coordinates": [ -37.245261345508872, -9.734185405289653 ] } },
{ "type": "Feature", "properties": { "NR_PROCES": "2023.28064471247.OF.IMA", "NM_MUNIC": "BARRA DE SANTO ANTONIO, MACEIO E PARIPUEIRA", "TIPO_DOC": "AUT", "COD_1": "12.", "TIP_EMPR_1": "OUTRAS TIPOLOGIAS", "COD_2": "12.12", "TIP_EMPR_2": "AUTORIZACAO DE SUPRESSAO DE VEGETACAO", "DT_ENTRA": "2023/07", "NR_LICENCA": "-", "DATA_EMISS": null, "VALIDADE": null, "LONG": -35.60298, "LAT": -9.50397, "NR_RST_PTS": "0" }, "geometry": { "type": "Point", "coordinates": [ -35.602981614732606, -9.503972908858405 ] } },
{ "type": "Feature", "properties": { "NR_PROCES": "2023.13073487588.SVeg.IMA", "NM_MUNIC": "MACEIO", "TIPO_DOC": "AUT", "COD_1": "12.", "TIP_EMPR_1": "OUTRAS TIPOLOGIAS", "COD_2": "12.12", "TIP_EMPR_2": "AUTORIZACAO DE SUPRESSAO DE VEGETACAO", "DT_ENTRA": "2023/07", "NR_LICENCA": "-", "DATA_EMISS": null, "VALIDADE": null, "LONG": -35.74695, "LAT": -9.63936, "NR_RST_PTS": "60" }, "geometry": { "type": "Point", "coordinates": [ -35.746948448941097, -9.639363409951351 ] } },
{ "type": "Feature", "properties": { "NR_PROCES": "2023.07073364043.AUT.IMA", "NM_MUNIC": "MARECHAL DEODORO", "TIPO_DOC": "AUT", "COD_1": "12.", "TIP_EMPR_1": "OUTRAS TIPOLOGIAS", "COD_2": "12.12", "TIP_EMPR_2": "AUTORIZACAO DE SUPRESSAO DE VEGETACAO", "DT_ENTRA": "2023/07", "NR_LICENCA": "-", "DATA_EMISS": null, "VALIDADE": null, "LONG": -35.87434, "LAT": -9.77169, "NR_RST_PTS": "100" }, "geometry": { "type": "Point", "coordinates": [ -35.874343028517167, -9.771688641134004 ] } },
{ "type": "Feature", "properties": { "NR_PROCES": "2023.03080364460.SVeg.IMA", "NM_MUNIC": "FELIZ DESERTO", "TIPO_DOC": "AUT", "COD_1": "12.", "TIP_EMPR_1": "OUTRAS TIPOLOGIAS", "COD_2": "12.12", "TIP_EMPR_2": "AUTORIZACAO DE SUPRESSAO DE VEGETACAO", "DT_ENTRA": "2023/08", "NR_LICENCA": "-", "DATA_EMISS": null, "VALIDADE": null, "LONG": -36.27529, "LAT": -10.26479, "NR_RST_PTS": "2" }, "geometry": { "type": "Point", "coordinates": [ -36.275291666666668, -10.264788888888891 ] } },
{ "type": "Feature", "properties": { "NR_PROCES": "2023.07085084570.AUT.IMA", "NM_MUNIC": "COLONIA LEOPOLDINA, SAO JOSE DA LAJE, IBATEGUARA, NOVO LINO", "TIPO_DOC": "AUT", "COD_1": "12.", "TIP_EMPR_1": "OUTRAS TIPOLOGIAS", "COD_2": "12.12", "TIP_EMPR_2": "AUTORIZACAO DE SUPRESSAO DE VEGETACAO", "DT_ENTRA": "2023/08", "NR_LICENCA": "-", "DATA_EMISS": null, "VALIDADE": null, "LONG": -35.9464, "LAT": -8.96261, "NR_RST_PTS": "971" }, "geometry": { "type": "Point", "coordinates": [ -35.9463958, -8.9626082 ] } },
{ "type": "Feature", "properties": { "NR_PROCES": "2023.16080960351.SVeg.IMA", "NM_MUNIC": "MARAGOGI", "TIPO_DOC": "AUT", "COD_1": "12.", "TIP_EMPR_1": "OUTRAS TIPOLOGIAS", "COD_2": "12.12", "TIP_EMPR_2": "AUTORIZACAO DE SUPRESSAO DE VEGETACAO", "DT_ENTRA": "2023/08", "NR_LICENCA": "-", "DATA_EMISS": null, "VALIDADE": null, "LONG": -35.25224, "LAT": -9.06921, "NR_RST_PTS": "0" }, "geometry": { "type": "Point", "coordinates": [ -35.252242003594837, -9.06920754594662 ] } },
{ "type": "Feature", "properties": { "NR_PROCES": "2023.17081107136.SVeg.IMA", "NM_MUNIC": "CRAIBAS", "TIPO_DOC": "AUT", "COD_1": "12.", "TIP_EMPR_1": "OUTRAS TIPOLOGIAS", "COD_2": "12.12", "TIP_EMPR_2": "AUTORIZACAO DE SUPRESSAO DE VEGETACAO", "DT_ENTRA": "2023/08", "NR_LICENCA": "-", "DATA_EMISS": null, "VALIDADE": null, "LONG": -36.77696, "LAT": -9.67533, "NR_RST_PTS": "0" }, "geometry": { "type": "Point", "coordinates": [ -36.776964090018893, -9.675325984396581 ] } },
{ "type": "Feature", "properties": { "NR_PROCES": "2023.09081274252.AUT.IMA", "NM_MUNIC": "SAO MIGUEL DOS CAMPOS", "TIPO_DOC": "AUT", "COD_1": "12.", "TIP_EMPR_1": "OUTRAS TIPOLOGIAS", "COD_2": "12.12", "TIP_EMPR_2": "AUTORIZACAO DE SUPRESSAO DE VEGETACAO", "DT_ENTRA": "2023/08", "NR_LICENCA": "-", "DATA_EMISS": null, "VALIDADE": null, "LONG": -36.15798, "LAT": -9.76477, "NR_RST_PTS": "0" }, "geometry": { "type": "Point", "coordinates": [ -36.157981629077042, -9.764772138497486 ] } },
{ "type": "Feature", "properties": { "NR_PROCES": "2023.10083474573.SVeg.IMA", "NM_MUNIC": "MACEIO", "TIPO_DOC": "AUT", "COD_1": "12.", "TIP_EMPR_1": "OUTRAS TIPOLOGIAS", "COD_2": "12.12", "TIP_EMPR_2": "AUTORIZACAO DE SUPRESSAO DE VEGETACAO", "DT_ENTRA": "2023/08", "NR_LICENCA": "-", "DATA_EMISS": null, "VALIDADE": null, "LONG": -35.61615, "LAT": -9.5326, "NR_RST_PTS": "113" }, "geometry": { "type": "Point", "coordinates": [ -35.616153, -9.532596 ] } },
{ "type": "Feature", "properties": { "NR_PROCES": "2023.12074859611.AUT.IMA", "NM_MUNIC": "MACEIO", "TIPO_DOC": "AUT", "COD_1": "12.", "TIP_EMPR_1": "OUTRAS TIPOLOGIAS", "COD_2": "12.12", "TIP_EMPR_2": "AUTORIZACAO DE SUPRESSAO DE VEGETACAO", "DT_ENTRA": "2023/08", "NR_LICENCA": "-", "DATA_EMISS": null, "VALIDADE": null, "LONG": -35.75134, "LAT": -9.62555, "NR_RST_PTS": "0" }, "geometry": { "type": "Point", "coordinates": [ -35.751340952981842, -9.625549213776365 ] } },
{ "type": "Feature", "properties": { "NR_PROCES": "2023.29080656261.SVeg.IMA", "NM_MUNIC": "MACEIO", "TIPO_DOC": "AUT", "COD_1": "12.", "TIP_EMPR_1": "OUTRAS TIPOLOGIAS", "COD_2": "12.12", "TIP_EMPR_2": "AUTORIZACAO DE SUPRESSAO DE VEGETACAO", "DT_ENTRA": "2023/08", "NR_LICENCA": "-", "DATA_EMISS": null, "VALIDADE": null, "LONG": -35.74015, "LAT": -9.58291, "NR_RST_PTS": "0" }, "geometry": { "type": "Point", "coordinates": [ -35.740153628740998, -9.582905166076211 ] } },
{ "type": "Feature", "properties": { "NR_PROCES": "2023.04094521549.SVeg.IMA", "NM_MUNIC": "ARAPIRACA E CRAIBAS", "TIPO_DOC": "AUT", "COD_1": "12.", "TIP_EMPR_1": "OUTRAS TIPOLOGIAS", "COD_2": "12.12", "TIP_EMPR_2": "AUTORIZACAO DE SUPRESSAO DE VEGETACAO", "DT_ENTRA": "2023/09", "NR_LICENCA": "-", "DATA_EMISS": null, "VALIDADE": null, "LONG": -36.71574, "LAT": -9.70352, "NR_RST_PTS": "0" }, "geometry": { "type": "Point", "coordinates": [ -36.715743830915571, -9.703519066440021 ] } },
{ "type": "Feature", "properties": { "NR_PROCES": "2023.05094089919.AUT.IMA", "NM_MUNIC": "MACEIO", "TIPO_DOC": "AUT", "COD_1": "12.", "TIP_EMPR_1": "OUTRAS TIPOLOGIAS", "COD_2": "12.12", "TIP_EMPR_2": "AUTORIZACAO DE SUPRESSAO DE VEGETACAO", "DT_ENTRA": "2023/09", "NR_LICENCA": "-", "DATA_EMISS": null, "VALIDADE": null, "LONG": -35.74534, "LAT": -9.64097, "NR_RST_PTS": "15" }, "geometry": { "type": "Point", "coordinates": [ -35.74534073037595, -9.640970669005375 ] } },
{ "type": "Feature", "properties": { "NR_PROCES": "2023.05090894164.AUT.IMA", "NM_MUNIC": "MACEIO", "TIPO_DOC": "AUT", "COD_1": "12.", "TIP_EMPR_1": "OUTRAS TIPOLOGIAS", "COD_2": "12.12", "TIP_EMPR_2": "AUTORIZACAO DE SUPRESSAO DE VEGETACAO", "DT_ENTRA": "2023/09", "NR_LICENCA": "-", "DATA_EMISS": null, "VALIDADE": null, "LONG": -35.74605, "LAT": -9.64037, "NR_RST_PTS": "1" }, "geometry": { "type": "Point", "coordinates": [ -35.74604964934624, -9.640374647886262 ] } },
{ "type": "Feature", "properties": { "NR_PROCES": "2023.13093685584.AUT.IMA", "NM_MUNIC": "MACEIO", "TIPO_DOC": "AUT", "COD_1": "12.", "TIP_EMPR_1": "OUTRAS TIPOLOGIAS", "COD_2": "12.12", "TIP_EMPR_2": "AUTORIZACAO DE SUPRESSAO DE VEGETACAO", "DT_ENTRA": "2023/09", "NR_LICENCA": "-", "DATA_EMISS": null, "VALIDADE": null, "LONG": -35.77305, "LAT": -9.57827, "NR_RST_PTS": "93" }, "geometry": { "type": "Point", "coordinates": [ -35.7730454180614, -9.57827110415062 ] } },
{ "type": "Feature", "properties": { "NR_PROCES": "2023.12095351450.AUT.IMA", "NM_MUNIC": "BARRA DE SANTO ANTONIO", "TIPO_DOC": "AUT", "COD_1": "12.", "TIP_EMPR_1": "OUTRAS TIPOLOGIAS", "COD_2": "12.12", "TIP_EMPR_2": "AUTORIZACAO DE SUPRESSAO DE VEGETACAO", "DT_ENTRA": "2023/09", "NR_LICENCA": "-", "DATA_EMISS": null, "VALIDADE": null, "LONG": -35.48639, "LAT": -9.37006, "NR_RST_PTS": "73" }, "geometry": { "type": "Point", "coordinates": [ -35.486386741855263, -9.370063942395042 ] } },
{ "type": "Feature", "properties": { "NR_PROCES": "2023.13095062346.SVeg.IMA", "NM_MUNIC": "MACEIO", "TIPO_DOC": "AUT", "COD_1": "12.", "TIP_EMPR_1": "OUTRAS TIPOLOGIAS", "COD_2": "12.12", "TIP_EMPR_2": "AUTORIZACAO DE SUPRESSAO DE VEGETACAO", "DT_ENTRA": "2023/09", "NR_LICENCA": "-", "DATA_EMISS": null, "VALIDADE": null, "LONG": -35.74544, "LAT": -9.64087, "NR_RST_PTS": "15" }, "geometry": { "type": "Point", "coordinates": [ -35.745436461838629, -9.640867017849239 ] } },
{ "type": "Feature", "properties": { "NR_PROCES": "2023.13090214338.SVeg.IMA", "NM_MUNIC": "MACEIO", "TIPO_DOC": "AUT", "COD_1": "12.", "TIP_EMPR_1": "OUTRAS TIPOLOGIAS", "COD_2": "12.12", "TIP_EMPR_2": "AUTORIZACAO DE SUPRESSAO DE VEGETACAO", "DT_ENTRA": "2023/09", "NR_LICENCA": "-", "DATA_EMISS": null, "VALIDADE": null, "LONG": -35.74653, "LAT": -9.63979, "NR_RST_PTS": "1" }, "geometry": { "type": "Point", "coordinates": [ -35.746529667533387, -9.639794293879794 ] } },
{ "type": "Feature", "properties": { "NR_PROCES": "2023.13094678384.AUT.IMA", "NM_MUNIC": "MACEIO", "TIPO_DOC": "AUT", "COD_1": "12.", "TIP_EMPR_1": "OUTRAS TIPOLOGIAS", "COD_2": "12.12", "TIP_EMPR_2": "AUTORIZACAO DE SUPRESSAO DE VEGETACAO", "DT_ENTRA": "2023/09", "NR_LICENCA": "-", "DATA_EMISS": null, "VALIDADE": null, "LONG": -35.7866, "LAT": -9.54541, "NR_RST_PTS": "35" }, "geometry": { "type": "Point", "coordinates": [ -35.786595216047438, -9.545405483831873 ] } },
{ "type": "Feature", "properties": { "NR_PROCES": "2023.13091437781.AUT.IMA", "NM_MUNIC": "MACEIO", "TIPO_DOC": "AUT", "COD_1": "12.", "TIP_EMPR_1": "OUTRAS TIPOLOGIAS", "COD_2": "12.12", "TIP_EMPR_2": "AUTORIZACAO DE SUPRESSAO DE VEGETACAO", "DT_ENTRA": "2023/09", "NR_LICENCA": "-", "DATA_EMISS": null, "VALIDADE": null, "LONG": -35.75088, "LAT": -9.62685, "NR_RST_PTS": "2" }, "geometry": { "type": "Point", "coordinates": [ -35.750876359386602, -9.62685425120651 ] } },
{ "type": "Feature", "properties": { "NR_PROCES": "2023.13091111010.SVeg.IMA", "NM_MUNIC": "MARECHAL DEODORO", "TIPO_DOC": "AUT", "COD_1": "12.", "TIP_EMPR_1": "OUTRAS TIPOLOGIAS", "COD_2": "12.12", "TIP_EMPR_2": "AUTORIZACAO DE SUPRESSAO DE VEGETACAO", "DT_ENTRA": "2023/09", "NR_LICENCA": "-", "DATA_EMISS": null, "VALIDADE": null, "LONG": -35.84869, "LAT": -9.76298, "NR_RST_PTS": "0" }, "geometry": { "type": "Point", "coordinates": [ -35.848687967574406, -9.762984395444683 ] } },
{ "type": "Feature", "properties": { "NR_PROCES": "2023.14090845048.AUT.IMA", "NM_MUNIC": "MACEIO", "TIPO_DOC": "AUT", "COD_1": "12.", "TIP_EMPR_1": "OUTRAS TIPOLOGIAS", "COD_2": "12.12", "TIP_EMPR_2": "AUTORIZACAO DE SUPRESSAO DE VEGETACAO", "DT_ENTRA": "2023/09", "NR_LICENCA": "-", "DATA_EMISS": null, "VALIDADE": null, "LONG": -35.75084, "LAT": -9.62683, "NR_RST_PTS": "1" }, "geometry": { "type": "Point", "coordinates": [ -35.750839427217798, -9.626833113998195 ] } },
{ "type": "Feature", "properties": { "NR_PROCES": "2023.14095273357.AUT.IMA", "NM_MUNIC": "BELO MONTE", "TIPO_DOC": "AUT", "COD_1": "12.", "TIP_EMPR_1": "OUTRAS TIPOLOGIAS", "COD_2": "12.12", "TIP_EMPR_2": "AUTORIZACAO DE SUPRESSAO DE VEGETACAO", "DT_ENTRA": "2023/09", "NR_LICENCA": "-", "DATA_EMISS": null, "VALIDADE": null, "LONG": -37.26399, "LAT": -9.79424, "NR_RST_PTS": "0" }, "geometry": { "type": "Point", "coordinates": [ -37.263992879624453, -9.794236930859334 ] } },
{ "type": "Feature", "properties": { "NR_PROCES": "2023.04105891997.SVeg.IMA", "NM_MUNIC": "MACEIO", "TIPO_DOC": "AUT", "COD_1": "12.", "TIP_EMPR_1": "OUTRAS TIPOLOGIAS", "COD_2": "12.12", "TIP_EMPR_2": "AUTORIZACAO DE SUPRESSAO DE VEGETACAO", "DT_ENTRA": "2023/10", "NR_LICENCA": "-", "DATA_EMISS": null, "VALIDADE": null, "LONG": -35.75194, "LAT": -9.6244, "NR_RST_PTS": "0" }, "geometry": { "type": "Point", "coordinates": [ -35.751941666666667, -9.624402777777778 ] } },
{ "type": "Feature", "properties": { "NR_PROCES": "2023.04101268160.AUT.IMA", "NM_MUNIC": "ATALAIA", "TIPO_DOC": "AUT", "COD_1": "12.", "TIP_EMPR_1": "OUTRAS TIPOLOGIAS", "COD_2": "12.12", "TIP_EMPR_2": "AUTORIZACAO DE SUPRESSAO DE VEGETACAO", "DT_ENTRA": "2023/10", "NR_LICENCA": "-", "DATA_EMISS": null, "VALIDADE": null, "LONG": -35.99962, "LAT": -9.51023, "NR_RST_PTS": "0" }, "geometry": { "type": "Point", "coordinates": [ -35.99961679999771, -9.510228832847957 ] } },
{ "type": "Feature", "properties": { "NR_PROCES": "2023.03104369169.SVeg.IMA", "NM_MUNIC": "MARECHAL DEODORO", "TIPO_DOC": "AUT", "COD_1": "12.", "TIP_EMPR_1": "OUTRAS TIPOLOGIAS", "COD_2": "12.12", "TIP_EMPR_2": "AUTORIZACAO DE SUPRESSAO DE VEGETACAO", "DT_ENTRA": "2023/10", "NR_LICENCA": "-", "DATA_EMISS": null, "VALIDADE": null, "LONG": -35.81585, "LAT": -9.70117, "NR_RST_PTS": "648" }, "geometry": { "type": "Point", "coordinates": [ -35.815854538055717, -9.701166551223832 ] } },
{ "type": "Feature", "properties": { "NR_PROCES": "2023.06100895378.SVeg.IMA", "NM_MUNIC": "MACEIO", "TIPO_DOC": "AUT", "COD_1": "12.", "TIP_EMPR_1": "OUTRAS TIPOLOGIAS", "COD_2": "12.12", "TIP_EMPR_2": "AUTORIZACAO DE SUPRESSAO DE VEGETACAO", "DT_ENTRA": "2023/10", "NR_LICENCA": "-", "DATA_EMISS": null, "VALIDADE": null, "LONG": -35.63214, "LAT": -9.55018, "NR_RST_PTS": "123" }, "geometry": { "type": "Point", "coordinates": [ -35.632144311927902, -9.5501777047081 ] } },
{ "type": "Feature", "properties": { "NR_PROCES": "2023.18103113965.AUT.IMA", "NM_MUNIC": "MARAGOGI", "TIPO_DOC": "AUT", "COD_1": "12.", "TIP_EMPR_1": "OUTRAS TIPOLOGIAS", "COD_2": "12.12", "TIP_EMPR_2": "AUTORIZACAO DE SUPRESSAO DE VEGETACAO", "DT_ENTRA": "2023/10", "NR_LICENCA": "-", "DATA_EMISS": null, "VALIDADE": null, "LONG": -35.25344, "LAT": -8.98785, "NR_RST_PTS": "0" }, "geometry": { "type": "Point", "coordinates": [ -35.253437277541231, -8.987845415336512 ] } },
{ "type": "Feature", "properties": { "NR_PROCES": "2023.25105211541.AUT.IMA", "NM_MUNIC": "BARRA DE SANTO ANTONIO", "TIPO_DOC": "AUT", "COD_1": "12.", "TIP_EMPR_1": "OUTRAS TIPOLOGIAS", "COD_2": "12.12", "TIP_EMPR_2": "AUTORIZACAO DE SUPRESSAO DE VEGETACAO", "DT_ENTRA": "2023/10", "NR_LICENCA": "-", "DATA_EMISS": null, "VALIDADE": null, "LONG": -35.4864, "LAT": -9.37009, "NR_RST_PTS": "73" }, "geometry": { "type": "Point", "coordinates": [ -35.486396033675661, -9.370090987517637 ] } },
{ "type": "Feature", "properties": { "NR_PROCES": "2023.25101280974.AUT.IMA", "NM_MUNIC": "PORTO DE PEDRAS", "TIPO_DOC": "AUT", "COD_1": "12.", "TIP_EMPR_1": "OUTRAS TIPOLOGIAS", "COD_2": "12.12", "TIP_EMPR_2": "AUTORIZACAO DE SUPRESSAO DE VEGETACAO", "DT_ENTRA": "2023/10", "NR_LICENCA": "-", "DATA_EMISS": null, "VALIDADE": null, "LONG": -35.33005, "LAT": -9.22078, "NR_RST_PTS": "36" }, "geometry": { "type": "Point", "coordinates": [ -35.330047145440503, -9.22078321491564 ] } },
{ "type": "Feature", "properties": { "NR_PROCES": "2023.26102952358.AUT.IMA", "NM_MUNIC": "ATALAIA", "TIPO_DOC": "AUT", "COD_1": "12.", "TIP_EMPR_1": "OUTRAS TIPOLOGIAS", "COD_2": "12.12", "TIP_EMPR_2": "AUTORIZACAO DE SUPRESSAO DE VEGETACAO", "DT_ENTRA": "2023/10", "NR_LICENCA": "-", "DATA_EMISS": null, "VALIDADE": null, "LONG": -35.97897, "LAT": -9.50548, "NR_RST_PTS": "0" }, "geometry": { "type": "Point", "coordinates": [ -35.97897202302444, -9.505479253048774 ] } },
{ "type": "Feature", "properties": { "NR_PROCES": "2023.01110632554.SVeg.IMA", "NM_MUNIC": "PASSO DE CAMARAGIBE E SAO LUIS DO QUITUNDE", "TIPO_DOC": "AUT", "COD_1": "12.", "TIP_EMPR_1": "OUTRAS TIPOLOGIAS", "COD_2": "12.12", "TIP_EMPR_2": "AUTORIZACAO DE SUPRESSAO DE VEGETACAO", "DT_ENTRA": "2023/11", "NR_LICENCA": "-", "DATA_EMISS": null, "VALIDADE": null, "LONG": -35.66708, "LAT": -9.21503, "NR_RST_PTS": "0" }, "geometry": { "type": "Point", "coordinates": [ -35.667081385023764, -9.215033633250099 ] } },
{ "type": "Feature", "properties": { "NR_PROCES": "2023.07112306452.SVeg.IMA", "NM_MUNIC": "MACEIO", "TIPO_DOC": "AUT", "COD_1": "12.", "TIP_EMPR_1": "OUTRAS TIPOLOGIAS", "COD_2": "12.12", "TIP_EMPR_2": "AUTORIZACAO DE SUPRESSAO DE VEGETACAO", "DT_ENTRA": "2023/11", "NR_LICENCA": "-", "DATA_EMISS": null, "VALIDADE": null, "LONG": -35.75147, "LAT": -9.62832, "NR_RST_PTS": "7" }, "geometry": { "type": "Point", "coordinates": [ -35.751467793037868, -9.628322246547192 ] } },
{ "type": "Feature", "properties": { "NR_PROCES": "2023.16113765160.SVeg.IMA", "NM_MUNIC": "BATALHA", "TIPO_DOC": "AUT", "COD_1": "12.", "TIP_EMPR_1": "OUTRAS TIPOLOGIAS", "COD_2": "12.12", "TIP_EMPR_2": "AUTORIZACAO DE SUPRESSAO DE VEGETACAO", "DT_ENTRA": "2023/11", "NR_LICENCA": "-", "DATA_EMISS": null, "VALIDADE": null, "LONG": -37.17205, "LAT": -9.7286, "NR_RST_PTS": "11" }, "geometry": { "type": "Point", "coordinates": [ -37.172053319725897, -9.72859768935902 ] } },
{ "type": "Feature", "properties": { "NR_PROCES": "2023.24110290766.AUT.IMA", "NM_MUNIC": "PENEDO", "TIPO_DOC": "AUT", "COD_1": "12.", "TIP_EMPR_1": "OUTRAS TIPOLOGIAS", "COD_2": "12.12", "TIP_EMPR_2": "AUTORIZACAO DE SUPRESSAO DE VEGETACAO", "DT_ENTRA": "2023/11", "NR_LICENCA": "-", "DATA_EMISS": null, "VALIDADE": null, "LONG": -36.5766, "LAT": -10.27094, "NR_RST_PTS": "0" }, "geometry": { "type": "Point", "coordinates": [ -36.576604759426793, -10.270939605499736 ] } },
{ "type": "Feature", "properties": { "NR_PROCES": "2023.24113791153.AUT.IMA", "NM_MUNIC": "COITE DO NOIA", "TIPO_DOC": "AUT", "COD_1": "12.", "TIP_EMPR_1": "OUTRAS TIPOLOGIAS", "COD_2": "12.12", "TIP_EMPR_2": "AUTORIZACAO DE SUPRESSAO DE VEGETACAO", "DT_ENTRA": "2023/11", "NR_LICENCA": "-", "DATA_EMISS": null, "VALIDADE": null, "LONG": -36.61038, "LAT": -9.62872, "NR_RST_PTS": "0" }, "geometry": { "type": "Point", "coordinates": [ -36.610382215855395, -9.628718693164883 ] } },
{ "type": "Feature", "properties": { "NR_PROCES": "2023.27111351551.SVeg.IMA", "NM_MUNIC": "CRAIBAS", "TIPO_DOC": "AUT", "COD_1": "12.", "TIP_EMPR_1": "OUTRAS TIPOLOGIAS", "COD_2": "12.12", "TIP_EMPR_2": "AUTORIZACAO DE SUPRESSAO DE VEGETACAO", "DT_ENTRA": "2023/11", "NR_LICENCA": "-", "DATA_EMISS": null, "VALIDADE": null, "LONG": -36.77747, "LAT": -9.67497, "NR_RST_PTS": "0" }, "geometry": { "type": "Point", "coordinates": [ -36.777474813792772, -9.674970573108036 ] } },
{ "type": "Feature", "properties": { "NR_PROCES": "2023.30111931767.AUT.IMA", "NM_MUNIC": "PORTO REAL DO COLEGIO", "TIPO_DOC": "AUT", "COD_1": "12.", "TIP_EMPR_1": "OUTRAS TIPOLOGIAS", "COD_2": "12.12", "TIP_EMPR_2": "AUTORIZACAO DE SUPRESSAO DE VEGETACAO", "DT_ENTRA": "2023/11", "NR_LICENCA": "-", "DATA_EMISS": null, "VALIDADE": null, "LONG": -36.7018, "LAT": -10.11679, "NR_RST_PTS": "0" }, "geometry": { "type": "Point", "coordinates": [ -36.701795690517478, -10.116785252670022 ] } },
{ "type": "Feature", "properties": { "NR_PROCES": "2023.05121156357.SVeg.IMA", "NM_MUNIC": "MARECHAL DEODORO", "TIPO_DOC": "AUT", "COD_1": "12.", "TIP_EMPR_1": "OUTRAS TIPOLOGIAS", "COD_2": "12.12", "TIP_EMPR_2": "AUTORIZACAO DE SUPRESSAO DE VEGETACAO", "DT_ENTRA": "2023/12", "NR_LICENCA": "-", "DATA_EMISS": null, "VALIDADE": null, "LONG": -35.89012, "LAT": -9.76969, "NR_RST_PTS": "0" }, "geometry": { "type": "Point", "coordinates": [ -35.890119025857047, -9.769685821181989 ] } },
{ "type": "Feature", "properties": { "NR_PROCES": "2023.13120801545.SVeg.IMA", "NM_MUNIC": "MARECHAL DEODORO", "TIPO_DOC": "AUT", "COD_1": "12.", "TIP_EMPR_1": "OUTRAS TIPOLOGIAS", "COD_2": "12.12", "TIP_EMPR_2": "AUTORIZACAO DE SUPRESSAO DE VEGETACAO", "DT_ENTRA": "2023/12", "NR_LICENCA": "-", "DATA_EMISS": null, "VALIDADE": null, "LONG": -35.82898, "LAT": -9.67365, "NR_RST_PTS": "233" }, "geometry": { "type": "Point", "coordinates": [ -35.828983333333333, -9.673647222222222 ] } },
{ "type": "Feature", "properties": { "NR_PROCES": "2023.04075959074.SVeg.IMA", "NM_MUNIC": "MACEIO, PARIPUEIRA E BARRA DE SANTO ANTONIO", "TIPO_DOC": "AUT", "COD_1": "12.", "TIP_EMPR_1": "OUTRAS TIPOLOGIAS", "COD_2": "12.12", "TIP_EMPR_2": "AUTORIZACAO DE SUPRESSAO DE VEGETACAO", "DT_ENTRA": "2023/12", "NR_LICENCA": "-", "DATA_EMISS": null, "VALIDADE": null, "LONG": -35.61214, "LAT": -9.50906, "NR_RST_PTS": "0" }, "geometry": { "type": "Point", "coordinates": [ -35.612137425123954, -9.509059527128457 ] } },
{ "type": "Feature", "properties": { "NR_PROCES": "2023.22114268373.SVeg.IMA", "NM_MUNIC": "MARECHAL DEODORO", "TIPO_DOC": "AUT", "COD_1": "12.", "TIP_EMPR_1": "OUTRAS TIPOLOGIAS", "COD_2": "12.12", "TIP_EMPR_2": "AUTORIZACAO DE SUPRESSAO DE VEGETACAO", "DT_ENTRA": "2023/12", "NR_LICENCA": "-", "DATA_EMISS": null, "VALIDADE": null, "LONG": -35.84613, "LAT": -9.75237, "NR_RST_PTS": "0" }, "geometry": { "type": "Point", "coordinates": [ -35.846127184676561, -9.752369471547626 ] } },
{ "type": "Feature", "properties": { "NR_PROCES": "2024.08045074147.AUT.IMA", "NM_MUNIC": "BARRA DE SAO MIGUEL", "TIPO_DOC": "AUT", "COD_1": "12.", "TIP_EMPR_1": "OUTRAS TIPOLOGIAS", "COD_2": "12.12", "TIP_EMPR_2": "AUTORIZACAO DE SUPRESSAO DE VEGETACAO", "DT_ENTRA": "2024/04", "NR_LICENCA": "-", "DATA_EMISS": null, "VALIDADE": null, "LONG": -35.88976, "LAT": -9.8366, "NR_RST_PTS": "53" }, "geometry": { "type": "Point", "coordinates": [ -35.889761409031202, -9.83659675511208 ] } },
{ "type": "Feature", "properties": { "NR_PROCES": "2023.14095273357.AUT.IMA", "NM_MUNIC": "BELO MONTE", "TIPO_DOC": "AUT", "COD_1": "12.", "TIP_EMPR_1": "OUTRAS TIPOLOGIAS", "COD_2": "12.12", "TIP_EMPR_2": "AUTORIZACAO DE SUPRESSAO DE VEGETACAO", "DT_ENTRA": "2024/04", "NR_LICENCA": "-", "DATA_EMISS": null, "VALIDADE": null, "LONG": -37.24188, "LAT": -9.77076, "NR_RST_PTS": "0" }, "geometry": { "type": "Point", "coordinates": [ -37.241882567272661, -9.770758759813843 ] } },
{ "type": "Feature", "properties": { "NR_PROCES": "2024.23043809580.SVeg.IMA", "NM_MUNIC": "BARRA DE SAO MIGUEL", "TIPO_DOC": "AUT", "COD_1": "12.", "TIP_EMPR_1": "OUTRAS TIPOLOGIAS", "COD_2": "12.12", "TIP_EMPR_2": "AUTORIZACAO DE SUPRESSAO DE VEGETACAO", "DT_ENTRA": "2024/06", "NR_LICENCA": "-", "DATA_EMISS": null, "VALIDADE": null, "LONG": -35.9373, "LAT": -9.83381, "NR_RST_PTS": "0" }, "geometry": { "type": "Point", "coordinates": [ -35.937299423739013, -9.833805147562403 ] } },
{ "type": "Feature", "properties": { "NR_PROCES": "2024.26044319889.SVeg.IMA", "NM_MUNIC": "MARECHAL DEODORO", "TIPO_DOC": "AUT", "COD_1": "12.", "TIP_EMPR_1": "OUTRAS TIPOLOGIAS", "COD_2": "12.12", "TIP_EMPR_2": "AUTORIZACAO DE SUPRESSAO DE VEGETACAO", "DT_ENTRA": "2024/04", "NR_LICENCA": "-", "DATA_EMISS": null, "VALIDADE": null, "LONG": -35.84616, "LAT": -9.75227, "NR_RST_PTS": "0" }, "geometry": { "type": "Point", "coordinates": [ -35.846161785100129, -9.752270220871566 ] } },
{ "type": "Feature", "properties": { "NR_PROCES": "2024.25042799184.SVeg.IMA", "NM_MUNIC": "JARAMATAIA", "TIPO_DOC": "AUT", "COD_1": "12.", "TIP_EMPR_1": "OUTRAS TIPOLOGIAS", "COD_2": "12.12", "TIP_EMPR_2": "AUTORIZACAO DE SUPRESSAO DE VEGETACAO", "DT_ENTRA": "2024/04", "NR_LICENCA": "-", "DATA_EMISS": null, "VALIDADE": null, "LONG": -36.94439, "LAT": -9.62503, "NR_RST_PTS": "0" }, "geometry": { "type": "Point", "coordinates": [ -36.944385260459015, -9.6250292607128 ] } },
{ "type": "Feature", "properties": { "NR_PROCES": "2024.25044697596.SVeg.IMA", "NM_MUNIC": "MAJOR ISIDORO E JARAMATAIA", "TIPO_DOC": "LRO", "COD_1": "12.", "TIP_EMPR_1": "OUTRAS TIPOLOGIAS", "COD_2": "12.12", "TIP_EMPR_2": "AUTORIZACAO DE SUPRESSAO DE VEGETACAO", "DT_ENTRA": "2024/05", "NR_LICENCA": "-", "DATA_EMISS": null, "VALIDADE": null, "LONG": -36.94336, "LAT": -9.61209, "NR_RST_PTS": "0" }, "geometry": { "type": "Point", "coordinates": [ -36.943358655731224, -9.612091121676913 ] } },
{ "type": "Feature", "properties": { "NR_PROCES": "2024.29043292987.SVeg.IMA", "NM_MUNIC": "BELO MONTE", "TIPO_DOC": "AUT", "COD_1": "12.", "TIP_EMPR_1": "OUTRAS TIPOLOGIAS", "COD_2": "12.12", "TIP_EMPR_2": "AUTORIZACAO DE SUPRESSAO DE VEGETACAO", "DT_ENTRA": "2024/04", "NR_LICENCA": "-", "DATA_EMISS": null, "VALIDADE": null, "LONG": -37.1786, "LAT": -9.78271, "NR_RST_PTS": "0" }, "geometry": { "type": "Point", "coordinates": [ -37.178604576566819, -9.782709743627656 ] } },
{ "type": "Feature", "properties": { "NR_PROCES": "2024.25040158994.SVeg.IMA", "NM_MUNIC": "MACEIO", "TIPO_DOC": "AUT", "COD_1": "12.", "TIP_EMPR_1": "OUTRAS TIPOLOGIAS", "COD_2": "12.12", "TIP_EMPR_2": "AUTORIZACAO DE SUPRESSAO DE VEGETACAO", "DT_ENTRA": "2024/04", "NR_LICENCA": "-", "DATA_EMISS": null, "VALIDADE": null, "LONG": -35.74792, "LAT": -9.63641, "NR_RST_PTS": "91" }, "geometry": { "type": "Point", "coordinates": [ -35.747915019433499, -9.636410116484249 ] } },
{ "type": "Feature", "properties": { "NR_PROCES": "2024.06051210953.SVeg.IMA", "NM_MUNIC": "DELMIRO GOUVEIA", "TIPO_DOC": "AUT", "COD_1": "12.", "TIP_EMPR_1": "OUTRAS TIPOLOGIAS", "COD_2": "12.12", "TIP_EMPR_2": "AUTORIZACAO DE SUPRESSAO DE VEGETACAO", "DT_ENTRA": "2024/05", "NR_LICENCA": "-", "DATA_EMISS": null, "VALIDADE": null, "LONG": -38.14642, "LAT": -9.40324, "NR_RST_PTS": "0" }, "geometry": { "type": "Point", "coordinates": [ -38.146422556001234, -9.403238964211296 ] } },
{ "type": "Feature", "properties": { "NR_PROCES": "2024.26031466576.SVeg.IMA", "NM_MUNIC": "JACARE DOS HOMENS", "TIPO_DOC": "AUT", "COD_1": "12.", "TIP_EMPR_1": "OUTRAS TIPOLOGIAS", "COD_2": "12.12", "TIP_EMPR_2": "AUTORIZACAO DE SUPRESSAO DE VEGETACAO", "DT_ENTRA": "2024/05", "NR_LICENCA": "-", "DATA_EMISS": null, "VALIDADE": null, "LONG": -37.17472, "LAT": -9.64268, "NR_RST_PTS": "13" }, "geometry": { "type": "Point", "coordinates": [ -37.174722220523059, -9.642683335145986 ] } },
{ "type": "Feature", "properties": { "NR_PROCES": "2024.17050831239.SVeg.IMA", "NM_MUNIC": "DELMIRO GOUVEIA", "TIPO_DOC": "AUT", "COD_1": "12.", "TIP_EMPR_1": "OUTRAS TIPOLOGIAS", "COD_2": "12.12", "TIP_EMPR_2": "AUTORIZACAO DE SUPRESSAO DE VEGETACAO", "DT_ENTRA": "2024/06", "NR_LICENCA": "-", "DATA_EMISS": null, "VALIDADE": null, "LONG": -38.1752, "LAT": -9.37295, "NR_RST_PTS": "0" }, "geometry": { "type": "Point", "coordinates": [ -38.175195150376837, -9.372951932341572 ] } },
{ "type": "Feature", "properties": { "NR_PROCES": "2024.06063495688.AUT.IMA", "NM_MUNIC": "QUEBRANGULO", "TIPO_DOC": "AUT", "COD_1": "12.", "TIP_EMPR_1": "OUTRAS TIPOLOGIAS", "COD_2": "12.12", "TIP_EMPR_2": "AUTORIZACAO DE SUPRESSAO DE VEGETACAO", "DT_ENTRA": "2024/06", "NR_LICENCA": "-", "DATA_EMISS": null, "VALIDADE": null, "LONG": -36.44954, "LAT": -9.26709, "NR_RST_PTS": "20" }, "geometry": { "type": "Point", "coordinates": [ -36.449536111111108, -9.267094444444446 ] } },
{ "type": "Feature", "properties": { "NR_PROCES": "2024.23013415979.SVeg.IMA", "NM_MUNIC": "ARAPIRACA", "TIPO_DOC": "AUT", "COD_1": "12.", "TIP_EMPR_1": "OUTRAS TIPOLOGIAS", "COD_2": "12.12", "TIP_EMPR_2": "AUTORIZACAO DE SUPRESSAO DE VEGETACAO", "DT_ENTRA": "2024/06", "NR_LICENCA": "-", "DATA_EMISS": null, "VALIDADE": null, "LONG": -36.71186, "LAT": -9.75707, "NR_RST_PTS": "0" }, "geometry": { "type": "Point", "coordinates": [ -36.711860012733759, -9.757066030160562 ] } },
{ "type": "Feature", "properties": { "NR_PROCES": "2024.09074308672.SVeg.IMA", "NM_MUNIC": "FELIZ DESERTO", "TIPO_DOC": "AUT", "COD_1": "12.", "TIP_EMPR_1": "OUTRAS TIPOLOGIAS", "COD_2": "12.12", "TIP_EMPR_2": "AUTORIZACAO DE SUPRESSAO DE VEGETACAO", "DT_ENTRA": "2024/07", "NR_LICENCA": "-", "DATA_EMISS": null, "VALIDADE": null, "LONG": -36.29951, "LAT": -10.2962, "NR_RST_PTS": "18" }, "geometry": { "type": "Point", "coordinates": [ -36.299505555555562, -10.29619722222222 ] } },
{ "type": "Feature", "properties": { "NR_PROCES": "2024.10075770145.SVeg.IMA", "NM_MUNIC": "BELO MONTE", "TIPO_DOC": "AUT", "COD_1": "12.", "TIP_EMPR_1": "OUTRAS TIPOLOGIAS", "COD_2": "12.12", "TIP_EMPR_2": "AUTORIZACAO DE SUPRESSAO DE VEGETACAO", "DT_ENTRA": "2024/07", "NR_LICENCA": "-", "DATA_EMISS": null, "VALIDADE": null, "LONG": -37.22452, "LAT": -9.82577, "NR_RST_PTS": "0" }, "geometry": { "type": "Point", "coordinates": [ -37.224524435100051, -9.825767363491648 ] } },
{ "type": "Feature", "properties": { "NR_PROCES": "2024.03070750764.SVeg.IMA", "NM_MUNIC": "BATALHA", "TIPO_DOC": "AUT", "COD_1": "12.", "TIP_EMPR_1": "OUTRAS TIPOLOGIAS", "COD_2": "12.12", "TIP_EMPR_2": "AUTORIZACAO DE SUPRESSAO DE VEGETACAO", "DT_ENTRA": "2024/07", "NR_LICENCA": "-", "DATA_EMISS": null, "VALIDADE": null, "LONG": -37.17145, "LAT": -9.72682, "NR_RST_PTS": "63" }, "geometry": { "type": "Point", "coordinates": [ -37.171448, -9.726821 ] } },
{ "type": "Feature", "properties": { "NR_PROCES": "2024.19074254354.SVeg.IMA", "NM_MUNIC": "MARAGOGI", "TIPO_DOC": "AUT", "COD_1": "12.", "TIP_EMPR_1": "OUTRAS TIPOLOGIAS", "COD_2": "12.12", "TIP_EMPR_2": "AUTORIZACAO DE SUPRESSAO DE VEGETACAO", "DT_ENTRA": "2024/07", "NR_LICENCA": "-", "DATA_EMISS": null, "VALIDADE": null, "LONG": -35.2632, "LAT": -8.99157, "NR_RST_PTS": "0" }, "geometry": { "type": "Point", "coordinates": [ -35.263195783602477, -8.99156746665348 ] } },
{ "type": "Feature", "properties": { "NR_PROCES": "2024.12084112542.SVeg.IMA", "NM_MUNIC": "BARRA DE SAO MIGUEL", "TIPO_DOC": "AUT", "COD_1": "12.", "TIP_EMPR_1": "OUTRAS TIPOLOGIAS", "COD_2": "12.12", "TIP_EMPR_2": "AUTORIZACAO DE SUPRESSAO DE VEGETACAO", "DT_ENTRA": "2024/08", "NR_LICENCA": "-", "DATA_EMISS": null, "VALIDADE": null, "LONG": -35.88471, "LAT": -9.8174, "NR_RST_PTS": "0" }, "geometry": { "type": "Point", "coordinates": [ -35.884712721583803, -9.817396435500111 ] } },
{ "type": "Feature", "properties": { "NR_PROCES": "2024.25040158994.SVeg.IMA", "NM_MUNIC": "MACEIO", "TIPO_DOC": "AUT", "COD_1": "12.", "TIP_EMPR_1": "OUTRAS TIPOLOGIAS", "COD_2": "12.12", "TIP_EMPR_2": "AUTORIZACAO DE SUPRESSAO DE VEGETACAO", "DT_ENTRA": "2024/04", "NR_LICENCA": "-", "DATA_EMISS": null, "VALIDADE": null, "LONG": -35.74958, "LAT": -9.63366, "NR_RST_PTS": "91" }, "geometry": { "type": "Point", "coordinates": [ -35.749576852330399, -9.633662165927859 ] } },
{ "type": "Feature", "properties": { "NR_PROCES": "2024.22081588277.SVeg.IMA", "NM_MUNIC": "GIRAU DO PONCIANO", "TIPO_DOC": "AUT", "COD_1": "12.", "TIP_EMPR_1": "OUTRAS TIPOLOGIAS", "COD_2": "12.12", "TIP_EMPR_2": "AUTORIZACAO DE SUPRESSAO DE VEGETACAO", "DT_ENTRA": "2024/08", "NR_LICENCA": "-", "DATA_EMISS": null, "VALIDADE": null, "LONG": -36.8707, "LAT": -9.67872, "NR_RST_PTS": "0" }, "geometry": { "type": "Point", "coordinates": [ -36.870699512566659, -9.678716420566282 ] } },
{ "type": "Feature", "properties": { "NR_PROCES": "2024.16084944680.SVeg.IMA", "NM_MUNIC": "BARRA DE SAO MIGUEL", "TIPO_DOC": "AUT", "COD_1": "12.", "TIP_EMPR_1": "OUTRAS TIPOLOGIAS", "COD_2": "12.12", "TIP_EMPR_2": "AUTORIZACAO DE SUPRESSAO DE VEGETACAO", "DT_ENTRA": "2024/08", "NR_LICENCA": "-", "DATA_EMISS": null, "VALIDADE": null, "LONG": -35.87055, "LAT": -9.80832, "NR_RST_PTS": "0" }, "geometry": { "type": "Point", "coordinates": [ -35.870553485010149, -9.808315254913623 ] } },
{ "type": "Feature", "properties": { "NR_PROCES": "2024.16124413447.SVeg.IMA", "NM_MUNIC": "PORTO DE PEDRAS", "TIPO_DOC": "AUT", "COD_1": "12.", "TIP_EMPR_1": "OUTRAS TIPOLOGIAS", "COD_2": "12.12", "TIP_EMPR_2": "AUTORIZACAO DE SUPRESSAO DE VEGETACAO", "DT_ENTRA": "2024/12", "NR_LICENCA": "-", "DATA_EMISS": null, "VALIDADE": null, "LONG": -35.3209, "LAT": -9.19485, "NR_RST_PTS": "11" }, "geometry": { "type": "Point", "coordinates": [ -35.320902781577942, -9.194847043444682 ] } },
{ "type": "Feature", "properties": { "NR_PROCES": "2024.13125972472.SVeg.IMA", "NM_MUNIC": "MARECHAL DEODORO", "TIPO_DOC": "AUT", "COD_1": "12.", "TIP_EMPR_1": "OUTRAS TIPOLOGIAS", "COD_2": "12.12", "TIP_EMPR_2": "AUTORIZACAO DE SUPRESSAO DE VEGETACAO", "DT_ENTRA": "2024/12", "NR_LICENCA": "-", "DATA_EMISS": null, "VALIDADE": null, "LONG": -35.82001, "LAT": -9.67006, "NR_RST_PTS": "0" }, "geometry": { "type": "Point", "coordinates": [ -35.820012938719728, -9.670058610098343 ] } },
{ "type": "Feature", "properties": { "NR_PROCES": "2024.03125579717.SVeg.IMA", "NM_MUNIC": "SAO MIGUEL DOS MILAGRES", "TIPO_DOC": "AUT", "COD_1": "12.", "TIP_EMPR_1": "OUTRAS TIPOLOGIAS", "COD_2": "12.12", "TIP_EMPR_2": "AUTORIZACAO DE SUPRESSAO DE VEGETACAO", "DT_ENTRA": "2024/12", "NR_LICENCA": "-", "DATA_EMISS": null, "VALIDADE": null, "LONG": -35.36609, "LAT": -9.26141, "NR_RST_PTS": "0" }, "geometry": { "type": "Point", "coordinates": [ -35.366085813682297, -9.261408436590134 ] } },
{ "type": "Feature", "properties": { "NR_PROCES": "2024.02124196477.SVeg.IMA", "NM_MUNIC": "MACEIO", "TIPO_DOC": "AUT", "COD_1": "12.", "TIP_EMPR_1": "OUTRAS TIPOLOGIAS", "COD_2": "12.12", "TIP_EMPR_2": "AUTORIZACAO DE SUPRESSAO DE VEGETACAO", "DT_ENTRA": "2024/12", "NR_LICENCA": "-", "DATA_EMISS": null, "VALIDADE": null, "LONG": -35.74473, "LAT": -9.64111, "NR_RST_PTS": "53" }, "geometry": { "type": "Point", "coordinates": [ -35.744727172784003, -9.641106057255168 ] } },
{ "type": "Feature", "properties": { "NR_PROCES": "2024.02124486795.SVeg.IMA", "NM_MUNIC": "MARAGOGI", "TIPO_DOC": "AUT", "COD_1": "12.", "TIP_EMPR_1": "OUTRAS TIPOLOGIAS", "COD_2": "12.12", "TIP_EMPR_2": "AUTORIZACAO DE SUPRESSAO DE VEGETACAO", "DT_ENTRA": "2024/12", "NR_LICENCA": "-", "DATA_EMISS": null, "VALIDADE": null, "LONG": -35.22637, "LAT": -9.0254, "NR_RST_PTS": "0" }, "geometry": { "type": "Point", "coordinates": [ -35.22636656655331, -9.025399039895129 ] } },
{ "type": "Feature", "properties": { "NR_PROCES": "2024.27112991051.SVeg.IMA", "NM_MUNIC": "ATALAIA", "TIPO_DOC": "AUT", "COD_1": "12.", "TIP_EMPR_1": "OUTRAS TIPOLOGIAS", "COD_2": "12.12", "TIP_EMPR_2": "AUTORIZACAO DE SUPRESSAO DE VEGETACAO", "DT_ENTRA": "2024/11", "NR_LICENCA": "-", "DATA_EMISS": null, "VALIDADE": null, "LONG": -36.02967, "LAT": -9.53392, "NR_RST_PTS": "48" }, "geometry": { "type": "Point", "coordinates": [ -36.02966891416407, -9.533919320828543 ] } },
{ "type": "Feature", "properties": { "NR_PROCES": "2024.08111291876.SVeg.IMA", "NM_MUNIC": "MARECHAL DEODORO", "TIPO_DOC": "AUT", "COD_1": "12.", "TIP_EMPR_1": "OUTRAS TIPOLOGIAS", "COD_2": "12.12", "TIP_EMPR_2": "AUTORIZACAO DE SUPRESSAO DE VEGETACAO", "DT_ENTRA": "2024/11", "NR_LICENCA": "-", "DATA_EMISS": null, "VALIDADE": null, "LONG": -35.81937, "LAT": -9.66942, "NR_RST_PTS": "0" }, "geometry": { "type": "Point", "coordinates": [ -35.819366567902733, -9.669417907910395 ] } },
{ "type": "Feature", "properties": { "NR_PROCES": "2024.18071924461.SVeg.IMA", "NM_MUNIC": "INHAPI E SANTANA DO IPANEMA", "TIPO_DOC": "AUT", "COD_1": "12.", "TIP_EMPR_1": "OUTRAS TIPOLOGIAS", "COD_2": "12.12", "TIP_EMPR_2": "AUTORIZACAO DE SUPRESSAO DE VEGETACAO", "DT_ENTRA": "2024/11", "NR_LICENCA": "-", "DATA_EMISS": null, "VALIDADE": null, "LONG": -37.7746, "LAT": -9.22415, "NR_RST_PTS": "0" }, "geometry": { "type": "Point", "coordinates": [ -37.77460374284037, -9.224150170597374 ] } },
{ "type": "Feature", "properties": { "NR_PROCES": "2024.31103621025.SVeg.IMA", "NM_MUNIC": "SANTANA DO IPANEMA", "TIPO_DOC": "AUT", "COD_1": "12.", "TIP_EMPR_1": "OUTRAS TIPOLOGIAS", "COD_2": "12.12", "TIP_EMPR_2": "AUTORIZACAO DE SUPRESSAO DE VEGETACAO", "DT_ENTRA": "2024/11", "NR_LICENCA": "-", "DATA_EMISS": null, "VALIDADE": null, "LONG": -37.31045, "LAT": -9.37454, "NR_RST_PTS": "0" }, "geometry": { "type": "Point", "coordinates": [ -37.310445516361071, -9.374544839971367 ] } },
{ "type": "Feature", "properties": { "NR_PROCES": "2024.23101913454.SVeg.IMA", "NM_MUNIC": "PAO DE ACUCAR", "TIPO_DOC": "AUT", "COD_1": "12.", "TIP_EMPR_1": "OUTRAS TIPOLOGIAS", "COD_2": "12.12", "TIP_EMPR_2": "AUTORIZACAO DE SUPRESSAO DE VEGETACAO", "DT_ENTRA": "2024/10", "NR_LICENCA": "-", "DATA_EMISS": null, "VALIDADE": null, "LONG": -37.42006, "LAT": -9.75313, "NR_RST_PTS": "0" }, "geometry": { "type": "Point", "coordinates": [ -37.420064496387383, -9.753129758055737 ] } },
{ "type": "Feature", "properties": { "NR_PROCES": "2024.23100563040.SVeg.IMA", "NM_MUNIC": "PIRANHAS", "TIPO_DOC": "AUT", "COD_1": "12.", "TIP_EMPR_1": "OUTRAS TIPOLOGIAS", "COD_2": "12.12", "TIP_EMPR_2": "AUTORIZACAO DE SUPRESSAO DE VEGETACAO", "DT_ENTRA": "2024/10", "NR_LICENCA": "-", "DATA_EMISS": null, "VALIDADE": null, "LONG": -37.79493, "LAT": -9.61213, "NR_RST_PTS": "0" }, "geometry": { "type": "Point", "coordinates": [ -37.794930131174738, -9.61212797450329 ] } },
{ "type": "Feature", "properties": { "NR_PROCES": "2024.18100643036.SVeg.IMA", "NM_MUNIC": "PIACABUCU", "TIPO_DOC": "AUT", "COD_1": "12.", "TIP_EMPR_1": "OUTRAS TIPOLOGIAS", "COD_2": "12.12", "TIP_EMPR_2": "AUTORIZACAO DE SUPRESSAO DE VEGETACAO", "DT_ENTRA": "2024/10", "NR_LICENCA": "-", "DATA_EMISS": null, "VALIDADE": null, "LONG": -36.32377, "LAT": -10.34814, "NR_RST_PTS": "0" }, "geometry": { "type": "Point", "coordinates": [ -36.323767974972718, -10.348142003640531 ] } },
{ "type": "Feature", "properties": { "NR_PROCES": "2024.19103987598.AA.IMA", "NM_MUNIC": "ARAPIRACA", "TIPO_DOC": "AUT", "COD_1": "12.", "TIP_EMPR_1": "OUTRAS TIPOLOGIAS", "COD_2": "12.12", "TIP_EMPR_2": "AUTORIZACAO DE SUPRESSAO DE VEGETACAO", "DT_ENTRA": "2024/10", "NR_LICENCA": "-", "DATA_EMISS": null, "VALIDADE": null, "LONG": -36.63137, "LAT": -9.74849, "NR_RST_PTS": "0" }, "geometry": { "type": "Point", "coordinates": [ -36.631366808613208, -9.748493519742782 ] } },
{ "type": "Feature", "properties": { "NR_PROCES": "2024.18102571142.SVeg.IMA", "NM_MUNIC": "PENEDO", "TIPO_DOC": "AUT", "COD_1": "12.", "TIP_EMPR_1": "OUTRAS TIPOLOGIAS", "COD_2": "12.12", "TIP_EMPR_2": "AUTORIZACAO DE SUPRESSAO DE VEGETACAO", "DT_ENTRA": "2024/10", "NR_LICENCA": "-", "DATA_EMISS": null, "VALIDADE": null, "LONG": -36.53157, "LAT": -10.27139, "NR_RST_PTS": "196" }, "geometry": { "type": "Point", "coordinates": [ -36.531570022925727, -10.271393023431299 ] } },
{ "type": "Feature", "properties": { "NR_PROCES": "2024.10102618574.SVeg.IMA", "NM_MUNIC": "MACEIO", "TIPO_DOC": "AUT", "COD_1": "12.", "TIP_EMPR_1": "OUTRAS TIPOLOGIAS", "COD_2": "12.12", "TIP_EMPR_2": "AUTORIZACAO DE SUPRESSAO DE VEGETACAO", "DT_ENTRA": "2024/10", "NR_LICENCA": "-", "DATA_EMISS": null, "VALIDADE": null, "LONG": -35.69046, "LAT": -9.52965, "NR_RST_PTS": "122" }, "geometry": { "type": "Point", "coordinates": [ -35.690461680215897, -9.529654427808151 ] } },
{ "type": "Feature", "properties": { "NR_PROCES": "2024.10100969072.SVeg.IMA", "NM_MUNIC": "MACEIO", "TIPO_DOC": "AUT", "COD_1": "12.", "TIP_EMPR_1": "OUTRAS TIPOLOGIAS", "COD_2": "12.12", "TIP_EMPR_2": "AUTORIZACAO DE SUPRESSAO DE VEGETACAO", "DT_ENTRA": "2024/10", "NR_LICENCA": "-", "DATA_EMISS": null, "VALIDADE": null, "LONG": -35.61601, "LAT": -9.53267, "NR_RST_PTS": "277" }, "geometry": { "type": "Point", "coordinates": [ -35.616006102530598, -9.5326730994949 ] } },
{ "type": "Feature", "properties": { "NR_PROCES": "2024.24093619369.SVeg.IMA", "NM_MUNIC": "PORTO DE PEDRAS", "TIPO_DOC": "AUT", "COD_1": "12.", "TIP_EMPR_1": "OUTRAS TIPOLOGIAS", "COD_2": "12.12", "TIP_EMPR_2": "AUTORIZACAO DE SUPRESSAO DE VEGETACAO", "DT_ENTRA": "2024/09", "NR_LICENCA": "-", "DATA_EMISS": null, "VALIDADE": null, "LONG": -35.31083, "LAT": -9.16676, "NR_RST_PTS": "118" }, "geometry": { "type": "Point", "coordinates": [ -35.3108302, -9.1667619 ] } },
{ "type": "Feature", "properties": { "NR_PROCES": "2024.24094361662.SVeg.IMA", "NM_MUNIC": "PORTO DE PEDRAS", "TIPO_DOC": "AUT", "COD_1": "12.", "TIP_EMPR_1": "OUTRAS TIPOLOGIAS", "COD_2": "12.12", "TIP_EMPR_2": "AUTORIZACAO DE SUPRESSAO DE VEGETACAO", "DT_ENTRA": "2024/09", "NR_LICENCA": "-", "DATA_EMISS": null, "VALIDADE": null, "LONG": -35.30582, "LAT": -9.15255, "NR_RST_PTS": "77" }, "geometry": { "type": "Point", "coordinates": [ -35.3058175, -9.1525479 ] } },
{ "type": "Feature", "properties": { "NR_PROCES": "2024.09123338575.SVeg.IMA", "NM_MUNIC": "TRAIPU", "TIPO_DOC": "AUT", "COD_1": "12.", "TIP_EMPR_1": "OUTRAS TIPOLOGIAS", "COD_2": "12.12", "TIP_EMPR_2": "AUTORIZACAO DE SUPRESSAO DE VEGETACAO", "DT_ENTRA": "12/2024", "NR_LICENCA": "-", "DATA_EMISS": null, "VALIDADE": null, "LONG": -36.95199, "LAT": -9.79671, "NR_RST_PTS": "0" }, "geometry": { "type": "Point", "coordinates": [ -36.951990803481159, -9.796706604131479 ] } },
{ "type": "Feature", "properties": { "NR_PROCES": "2025.14012992580.SVeg.IMA", "NM_MUNIC": "TRAIPU", "TIPO_DOC": "AUT", "COD_1": "12.", "TIP_EMPR_1": "OUTRAS TIPOLOGIAS", "COD_2": "12.12", "TIP_EMPR_2": "AUTORIZACAO DE SUPRESSAO DE VEGETACAO", "DT_ENTRA": "2025/01", "NR_LICENCA": "-", "DATA_EMISS": null, "VALIDADE": null, "LONG": -36.92347, "LAT": -10.06041, "NR_RST_PTS": "0" }, "geometry": { "type": "Point", "coordinates": [ -36.923465147687452, -10.060407204368179 ] } },
{ "type": "Feature", "properties": { "NR_PROCES": "2025.20014628264.SVeg.IMA", "NM_MUNIC": "FLEXEIRAS", "TIPO_DOC": "AUT", "COD_1": "12.", "TIP_EMPR_1": "OUTRAS TIPOLOGIAS", "COD_2": "12.12", "TIP_EMPR_2": "AUTORIZACAO DE SUPRESSAO DE VEGETACAO", "DT_ENTRA": "2025/01", "NR_LICENCA": "-", "DATA_EMISS": null, "VALIDADE": null, "LONG": -35.73209, "LAT": -9.2731, "NR_RST_PTS": "63" }, "geometry": { "type": "Point", "coordinates": [ -35.732088888888889, -9.273099748000758 ] } },
{ "type": "Feature", "properties": { "NR_PROCES": "2025.22011622447.SVeg.IMA", "NM_MUNIC": "BARRA DE SAO MIGUEL", "TIPO_DOC": "AUT", "COD_1": "12.", "TIP_EMPR_1": "OUTRAS TIPOLOGIAS", "COD_2": "12.12", "TIP_EMPR_2": "AUTORIZACAO DE SUPRESSAO DE VEGETACAO", "DT_ENTRA": "2025/01", "NR_LICENCA": "-", "DATA_EMISS": null, "VALIDADE": null, "LONG": -35.8704, "LAT": -9.80843, "NR_RST_PTS": "0" }, "geometry": { "type": "Point", "coordinates": [ -35.870401388114914, -9.808432501104106 ] } },
{ "type": "Feature", "properties": { "NR_PROCES": "2025.20010663252.SVeg.IMA", "NM_MUNIC": "PENEDO", "TIPO_DOC": "AUT", "COD_1": "12.", "TIP_EMPR_1": "OUTRAS TIPOLOGIAS", "COD_2": "12.12", "TIP_EMPR_2": "AUTORIZACAO DE SUPRESSAO DE VEGETACAO", "DT_ENTRA": "2025/01", "NR_LICENCA": "-", "DATA_EMISS": null, "VALIDADE": null, "LONG": -36.49036, "LAT": -10.18526, "NR_RST_PTS": "0" }, "geometry": { "type": "Point", "coordinates": [ -36.490355161226816, -10.185264251396351 ] } },
{ "type": "Feature", "properties": { "NR_PROCES": "2025.24012289921.SVeg.IMA", "NM_MUNIC": "BELO MONTE", "TIPO_DOC": "AUT", "COD_1": "12.", "TIP_EMPR_1": "OUTRAS TIPOLOGIAS", "COD_2": "12.12", "TIP_EMPR_2": "AUTORIZACAO DE SUPRESSAO DE VEGETACAO", "DT_ENTRA": "2025/01", "NR_LICENCA": "-", "DATA_EMISS": null, "VALIDADE": null, "LONG": -37.27768, "LAT": -9.83004, "NR_RST_PTS": "0" }, "geometry": { "type": "Point", "coordinates": [ -37.277679396956842, -9.830043824076251 ] } },
{ "type": "Feature", "properties": { "NR_PROCES": "2025.03021149786.SVeg.IMA", "NM_MUNIC": "SANTANA DO IPANEMA", "TIPO_DOC": "AUT", "COD_1": "12.", "TIP_EMPR_1": "OUTRAS TIPOLOGIAS", "COD_2": "12.12", "TIP_EMPR_2": "AUTORIZACAO DE SUPRESSAO DE VEGETACAO", "DT_ENTRA": "2025/02", "NR_LICENCA": "-", "DATA_EMISS": null, "VALIDADE": null, "LONG": -37.2018, "LAT": -9.38782, "NR_RST_PTS": "0" }, "geometry": { "type": "Point", "coordinates": [ -37.201796394697517, -9.387821268599426 ] } },
{ "type": "Feature", "properties": { "NR_PROCES": "2025.03020114651.SVeg.IMA", "NM_MUNIC": "COQUEIRO SECO, MARECHAL DEODORO, PILAR, SANTA LUZIA DO NORTE E SATUBA", "TIPO_DOC": "AUT", "COD_1": "12.", "TIP_EMPR_1": "OUTRAS TIPOLOGIAS", "COD_2": "12.12", "TIP_EMPR_2": "AUTORIZACAO DE SUPRESSAO DE VEGETACAO", "DT_ENTRA": "2025/02", "NR_LICENCA": "-", "DATA_EMISS": null, "VALIDADE": null, "LONG": -35.83936, "LAT": -9.67201, "NR_RST_PTS": "887" }, "geometry": { "type": "Point", "coordinates": [ -35.839357548660097, -9.67200901960252 ] } },
{ "type": "Feature", "properties": { "NR_PROCES": "2025.03025932670.SVeg.IMA", "NM_MUNIC": "MARECHAL DEODORO", "TIPO_DOC": "AUT", "COD_1": "12.", "TIP_EMPR_1": "OUTRAS TIPOLOGIAS", "COD_2": "12.12", "TIP_EMPR_2": "AUTORIZACAO DE SUPRESSAO DE VEGETACAO", "DT_ENTRA": "2025/02", "NR_LICENCA": "-", "DATA_EMISS": null, "VALIDADE": null, "LONG": -35.81692, "LAT": -9.69172, "NR_RST_PTS": "0" }, "geometry": { "type": "Point", "coordinates": [ -35.816923182592532, -9.691716268408074 ] } },
{ "type": "Feature", "properties": { "NR_PROCES": "2025.11022160127.SVeg.IMA", "NM_MUNIC": "MACEIO", "TIPO_DOC": "AUT", "COD_1": "12.", "TIP_EMPR_1": "OUTRAS TIPOLOGIAS", "COD_2": "12.12", "TIP_EMPR_2": "AUTORIZACAO DE SUPRESSAO DE VEGETACAO", "DT_ENTRA": "2025/02", "NR_LICENCA": "-", "DATA_EMISS": null, "VALIDADE": null, "LONG": -35.67293, "LAT": -9.48697, "NR_RST_PTS": "0" }, "geometry": { "type": "Point", "coordinates": [ -35.672931710744251, -9.4869667676241 ] } },
{ "type": "Feature", "properties": { "NR_PROCES": "2025.11022437362.SVeg.IMA", "NM_MUNIC": "CORURIPE", "TIPO_DOC": "AUT", "COD_1": "12.", "TIP_EMPR_1": "OUTRAS TIPOLOGIAS", "COD_2": "12.12", "TIP_EMPR_2": "AUTORIZACAO DE SUPRESSAO DE VEGETACAO", "DT_ENTRA": "2025/02", "NR_LICENCA": "-", "DATA_EMISS": null, "VALIDADE": null, "LONG": -36.04483, "LAT": -10.0536, "NR_RST_PTS": "127" }, "geometry": { "type": "Point", "coordinates": [ -36.044829581113419, -10.053599133334719 ] } },
{ "type": "Feature", "properties": { "NR_PROCES": "2025.20024014023.SVeg.IMA", "NM_MUNIC": "TRAIPU", "TIPO_DOC": "AUT", "COD_1": "12.", "TIP_EMPR_1": "OUTRAS TIPOLOGIAS", "COD_2": "12.12", "TIP_EMPR_2": "AUTORIZACAO DE SUPRESSAO DE VEGETACAO", "DT_ENTRA": "2025/02", "NR_LICENCA": "-", "DATA_EMISS": null, "VALIDADE": null, "LONG": -36.9946, "LAT": -9.78939, "NR_RST_PTS": "0" }, "geometry": { "type": "Point", "coordinates": [ -36.994596544488893, -9.789390213905381 ] } },
{ "type": "Feature", "properties": { "NR_PROCES": "2025.26022014861.SVeg.IMA", "NM_MUNIC": "BARRA DE SAO MIGUEL", "TIPO_DOC": "AUT", "COD_1": "12.", "TIP_EMPR_1": "OUTRAS TIPOLOGIAS", "COD_2": "12.12", "TIP_EMPR_2": "AUTORIZACAO DE SUPRESSAO DE VEGETACAO", "DT_ENTRA": "2025/02", "NR_LICENCA": "-", "DATA_EMISS": null, "VALIDADE": null, "LONG": -35.90438, "LAT": -9.82903, "NR_RST_PTS": "260" }, "geometry": { "type": "Point", "coordinates": [ -35.904384428238302, -9.82903387813062 ] } },
{ "type": "Feature", "properties": { "NR_PROCES": "2025.06033258054.SVeg.IMA", "NM_MUNIC": "MESSIAS", "TIPO_DOC": "AUT", "COD_1": "12.", "TIP_EMPR_1": "OUTRAS TIPOLOGIAS", "COD_2": "12.12", "TIP_EMPR_2": "AUTORIZACAO DE SUPRESSAO DE VEGETACAO", "DT_ENTRA": "2025/03", "NR_LICENCA": "-", "DATA_EMISS": null, "VALIDADE": null, "LONG": -35.84088, "LAT": -9.3913, "NR_RST_PTS": "71" }, "geometry": { "type": "Point", "coordinates": [ -35.84087866, -9.39130146 ] } },
{ "type": "Feature", "properties": { "NR_PROCES": "2025.15010610225.SVeg.IMA", "NM_MUNIC": "OLHO DAGUA DAS FLORES", "TIPO_DOC": "AUT", "COD_1": "12.", "TIP_EMPR_1": "OUTRAS TIPOLOGIAS", "COD_2": "12.12", "TIP_EMPR_2": "AUTORIZACAO DE SUPRESSAO DE VEGETACAO", "DT_ENTRA": "2025/03", "NR_LICENCA": "-", "DATA_EMISS": null, "VALIDADE": null, "LONG": -37.29171, "LAT": -9.50503, "NR_RST_PTS": "0" }, "geometry": { "type": "Point", "coordinates": [ -37.291710472333179, -9.505027974825877 ] } },
{ "type": "Feature", "properties": { "NR_PROCES": "2025.10030823034.SVeg.IMA", "NM_MUNIC": "MARECHAL DEODORO", "TIPO_DOC": "AUT", "COD_1": "12.", "TIP_EMPR_1": "OUTRAS TIPOLOGIAS", "COD_2": "12.12", "TIP_EMPR_2": "AUTORIZACAO DE SUPRESSAO DE VEGETACAO", "DT_ENTRA": "2025/03", "NR_LICENCA": "-", "DATA_EMISS": null, "VALIDADE": null, "LONG": -35.80978, "LAT": -9.70417, "NR_RST_PTS": "0" }, "geometry": { "type": "Point", "coordinates": [ -35.809783345774747, -9.704174265180168 ] } },
{ "type": "Feature", "properties": { "NR_PROCES": "2025.24034909478.SVeg.IMA", "NM_MUNIC": "TRAIPU E GIRAU DO PONCIANO", "TIPO_DOC": "AUT", "COD_1": "12.", "TIP_EMPR_1": "OUTRAS TIPOLOGIAS", "COD_2": "12.12", "TIP_EMPR_2": "AUTORIZACAO DE SUPRESSAO DE VEGETACAO", "DT_ENTRA": "2025/03", "NR_LICENCA": "-", "DATA_EMISS": null, "VALIDADE": null, "LONG": -36.91309, "LAT": -9.72598, "NR_RST_PTS": "0" }, "geometry": { "type": "Point", "coordinates": [ -36.913088978129274, -9.725983548988701 ] } },
{ "type": "Feature", "properties": { "NR_PROCES": "2025.12032150544.SVeg.IMA", "NM_MUNIC": "PAO DE ACUCAR", "TIPO_DOC": "AUT", "COD_1": "12.", "TIP_EMPR_1": "OUTRAS TIPOLOGIAS", "COD_2": "12.12", "TIP_EMPR_2": "AUTORIZACAO DE SUPRESSAO DE VEGETACAO", "DT_ENTRA": "2025/03", "NR_LICENCA": "-", "DATA_EMISS": null, "VALIDADE": null, "LONG": -37.56179, "LAT": -9.69951, "NR_RST_PTS": "0" }, "geometry": { "type": "Point", "coordinates": [ -37.561789093690486, -9.699505357892479 ] } },
{ "type": "Feature", "properties": { "NR_PROCES": "2025.13022008244.SVeg.IMA\r", "NM_MUNIC": "CORURIPE", "TIPO_DOC": "AUT", "COD_1": "12.", "TIP_EMPR_1": "OUTRAS TIPOLOGIAS", "COD_2": "12.12", "TIP_EMPR_2": "AUTORIZACAO DE SUPRESSAO DE VEGETACAO", "DT_ENTRA": "2025/03", "NR_LICENCA": "-", "DATA_EMISS": null, "VALIDADE": null, "LONG": -36.04709, "LAT": -10.06775, "NR_RST_PTS": "0" }, "geometry": { "type": "Point", "coordinates": [ -36.047088277569429, -10.067748152550029 ] } },
{ "type": "Feature", "properties": { "NR_PROCES": "2025.26031365465.SVeg.IMA", "NM_MUNIC": "CORURIPE", "TIPO_DOC": "AUT", "COD_1": "12.", "TIP_EMPR_1": "OUTRAS TIPOLOGIAS", "COD_2": "12.12", "TIP_EMPR_2": "AUTORIZACAO DE SUPRESSAO DE VEGETACAO", "DT_ENTRA": "2025/03", "NR_LICENCA": "-", "DATA_EMISS": null, "VALIDADE": null, "LONG": -36.05242, "LAT": -10.05938, "NR_RST_PTS": "39" }, "geometry": { "type": "Point", "coordinates": [ -36.052424172353199, -10.0593849153697 ] } },
{ "type": "Feature", "properties": { "NR_PROCES": "2025.10042419574.SVeg.IMA\r", "NM_MUNIC": "MACEIO", "TIPO_DOC": "AUT", "COD_1": "12.", "TIP_EMPR_1": "OUTRAS TIPOLOGIAS", "COD_2": "12.12", "TIP_EMPR_2": "AUTORIZACAO DE SUPRESSAO DE VEGETACAO", "DT_ENTRA": "2025/04", "NR_LICENCA": "-", "DATA_EMISS": null, "VALIDADE": null, "LONG": -35.73502, "LAT": -9.62152, "NR_RST_PTS": "40" }, "geometry": { "type": "Point", "coordinates": [ -35.735024018213153, -9.621515991166234 ] } },
{ "type": "Feature", "properties": { "NR_PROCES": "2025.10044043343.SVeg.IMA", "NM_MUNIC": "BATALHA", "TIPO_DOC": "AUT", "COD_1": "12.", "TIP_EMPR_1": "OUTRAS TIPOLOGIAS", "COD_2": "12.12", "TIP_EMPR_2": "AUTORIZACAO DE SUPRESSAO DE VEGETACAO", "DT_ENTRA": "2025/04", "NR_LICENCA": "-", "DATA_EMISS": null, "VALIDADE": null, "LONG": -37.10342, "LAT": -9.68666, "NR_RST_PTS": "0" }, "geometry": { "type": "Point", "coordinates": [ -37.103417376677065, -9.686658622569505 ] } },
{ "type": "Feature", "properties": { "NR_PROCES": "2025.24042519576.SVeg.IMA\r", "NM_MUNIC": "PORTO DE PEDRAS", "TIPO_DOC": "AUT", "COD_1": "12.", "TIP_EMPR_1": "OUTRAS TIPOLOGIAS", "COD_2": "12.12", "TIP_EMPR_2": "AUTORIZACAO DE SUPRESSAO DE VEGETACAO", "DT_ENTRA": "2025/04", "NR_LICENCA": "-", "DATA_EMISS": null, "VALIDADE": null, "LONG": -35.30685, "LAT": -9.18975, "NR_RST_PTS": "38" }, "geometry": { "type": "Point", "coordinates": [ -35.3068461, -9.189752 ] } },
{ "type": "Feature", "properties": { "NR_PROCES": "2025.24042205656.SVeg.IMA", "NM_MUNIC": "JARAMATAIA, MAJOR ISIDORO E PARICONHA", "TIPO_DOC": "AUT", "COD_1": "12.", "TIP_EMPR_1": "OUTRAS TIPOLOGIAS", "COD_2": "12.12", "TIP_EMPR_2": "AUTORIZACAO DE SUPRESSAO DE VEGETACAO", "DT_ENTRA": "2025/04", "NR_LICENCA": "-", "DATA_EMISS": null, "VALIDADE": null, "LONG": -36.97297, "LAT": -9.6243, "NR_RST_PTS": "0" }, "geometry": { "type": "Point", "coordinates": [ -36.97297199448758, -9.624298550761724 ] } },
{ "type": "Feature", "properties": { "NR_PROCES": "2025.25041524663.SVeg.IMA", "NM_MUNIC": "PORTO DE PEDRAS", "TIPO_DOC": "AUT", "COD_1": "12.", "TIP_EMPR_1": "OUTRAS TIPOLOGIAS", "COD_2": "12.12", "TIP_EMPR_2": "AUTORIZACAO DE SUPRESSAO DE VEGETACAO", "DT_ENTRA": "2025/05", "NR_LICENCA": "-", "DATA_EMISS": null, "VALIDADE": null, "LONG": -35.32736, "LAT": -9.2019, "NR_RST_PTS": "1385" }, "geometry": { "type": "Point", "coordinates": [ -35.327356714459498, -9.201895217152339 ] } },
{ "type": "Feature", "properties": { "NR_PROCES": "2025.25040266781.SVeg.IMA", "NM_MUNIC": "MACEIO", "TIPO_DOC": "AUT", "COD_1": "12.", "TIP_EMPR_1": "OUTRAS TIPOLOGIAS", "COD_2": "12.12", "TIP_EMPR_2": "AUTORIZACAO DE SUPRESSAO DE VEGETACAO", "DT_ENTRA": "2025/04", "NR_LICENCA": "-", "DATA_EMISS": null, "VALIDADE": null, "LONG": -35.67686, "LAT": -9.49754, "NR_RST_PTS": "0" }, "geometry": { "type": "Point", "coordinates": [ -35.676863136219872, -9.497535395175767 ] } },
{ "type": "Feature", "properties": { "NR_PROCES": "2025.29041577795.SVeg.IMA", "NM_MUNIC": "PENEDO", "TIPO_DOC": "AUT", "COD_1": "12.", "TIP_EMPR_1": "OUTRAS TIPOLOGIAS", "COD_2": "12.12", "TIP_EMPR_2": "AUTORIZACAO DE SUPRESSAO DE VEGETACAO", "DT_ENTRA": "2025/05", "NR_LICENCA": "-", "DATA_EMISS": null, "VALIDADE": null, "LONG": -36.52436, "LAT": -10.32264, "NR_RST_PTS": "49" }, "geometry": { "type": "Point", "coordinates": [ -36.524355044465963, -10.32264298565892 ] } },
{ "type": "Feature", "properties": { "NR_PROCES": "2025.13051727154.SVeg.IMA", "NM_MUNIC": "MACEIO", "TIPO_DOC": "AUT", "COD_1": "12.", "TIP_EMPR_1": "OUTRAS TIPOLOGIAS", "COD_2": "12.12", "TIP_EMPR_2": "AUTORIZACAO DE SUPRESSAO DE VEGETACAO", "DT_ENTRA": "2025/05", "NR_LICENCA": "-", "DATA_EMISS": null, "VALIDADE": null, "LONG": -35.72589, "LAT": -9.60205, "NR_RST_PTS": "4" }, "geometry": { "type": "Point", "coordinates": [ -35.725885652314957, -9.602050049618887 ] } },
{ "type": "Feature", "properties": { "NR_PROCES": "2025.13053245669.SVeg.IMA", "NM_MUNIC": "BELO MONTE", "TIPO_DOC": "AUT", "COD_1": "12.", "TIP_EMPR_1": "OUTRAS TIPOLOGIAS", "COD_2": "12.12", "TIP_EMPR_2": "AUTORIZACAO DE SUPRESSAO DE VEGETACAO", "DT_ENTRA": "2025/05", "NR_LICENCA": "-", "DATA_EMISS": null, "VALIDADE": null, "LONG": -37.2384, "LAT": -9.77102, "NR_RST_PTS": "0" }, "geometry": { "type": "Point", "coordinates": [ -37.238395915215875, -9.771019680704331 ] } },
{ "type": "Feature", "properties": { "NR_PROCES": "2025.13050788610.SVeg.IMA", "NM_MUNIC": "BELO MONTE", "TIPO_DOC": "AUT", "COD_1": "12.", "TIP_EMPR_1": "OUTRAS TIPOLOGIAS", "COD_2": "12.12", "TIP_EMPR_2": "AUTORIZACAO DE SUPRESSAO DE VEGETACAO", "DT_ENTRA": "2025/05", "NR_LICENCA": "-", "DATA_EMISS": null, "VALIDADE": null, "LONG": -37.24236, "LAT": -9.77079, "NR_RST_PTS": "0" }, "geometry": { "type": "Point", "coordinates": [ -37.242355531509155, -9.770785737537334 ] } },
{ "type": "Feature", "properties": { "NR_PROCES": "2025.16050415976.SVeg.IMA", "NM_MUNIC": "CORURIPE", "TIPO_DOC": "AUT", "COD_1": "12.", "TIP_EMPR_1": "OUTRAS TIPOLOGIAS", "COD_2": "12.12", "TIP_EMPR_2": "AUTORIZACAO DE SUPRESSAO DE VEGETACAO", "DT_ENTRA": "2025/05", "NR_LICENCA": "-", "DATA_EMISS": null, "VALIDADE": null, "LONG": -36.05255, "LAT": -10.06074, "NR_RST_PTS": "0" }, "geometry": { "type": "Point", "coordinates": [ -36.052553680510513, -10.060740558421955 ] } },
{ "type": "Feature", "properties": { "NR_PROCES": "2025.16050415976.SVeg.IMA", "NM_MUNIC": "CORURIPE", "TIPO_DOC": "AUT", "COD_1": "12.", "TIP_EMPR_1": "OUTRAS TIPOLOGIAS", "COD_2": "12.12", "TIP_EMPR_2": "AUTORIZACAO DE SUPRESSAO DE VEGETACAO", "DT_ENTRA": "2025/05", "NR_LICENCA": "-", "DATA_EMISS": null, "VALIDADE": null, "LONG": -36.04453, "LAT": -10.06173, "NR_RST_PTS": "745" }, "geometry": { "type": "Point", "coordinates": [ -36.044527780623753, -10.061726291552169 ] } },
{ "type": "Feature", "properties": { "NR_PROCES": "2025.26051064980.SVeg.IMA", "NM_MUNIC": "MINADOR DO NEGRAO", "TIPO_DOC": "AUT", "COD_1": "12.", "TIP_EMPR_1": "OUTRAS TIPOLOGIAS", "COD_2": "12.12", "TIP_EMPR_2": "AUTORIZACAO DE SUPRESSAO DE VEGETACAO", "DT_ENTRA": "2025/05", "NR_LICENCA": "-", "DATA_EMISS": null, "VALIDADE": null, "LONG": -36.91016, "LAT": -9.3813, "NR_RST_PTS": "0" }, "geometry": { "type": "Point", "coordinates": [ -36.910163291147711, -9.381302632798764 ] } },
{ "type": "Feature", "properties": { "NR_PROCES": "2025.26054463357.SVeg.IMA", "NM_MUNIC": "MACEIO", "TIPO_DOC": "AUT", "COD_1": "12.", "TIP_EMPR_1": "OUTRAS TIPOLOGIAS", "COD_2": "12.12", "TIP_EMPR_2": "AUTORIZACAO DE SUPRESSAO DE VEGETACAO", "DT_ENTRA": "2025/05", "NR_LICENCA": "-", "DATA_EMISS": null, "VALIDADE": null, "LONG": -35.59909, "LAT": -9.52272, "NR_RST_PTS": "41" }, "geometry": { "type": "Point", "coordinates": [ -35.599090000614524, -9.522719001397491 ] } },
{ "type": "Feature", "properties": { "NR_PROCES": "2025.09063376789.SVeg.IMA", "NM_MUNIC": "MACEIO E RIO LARGO", "TIPO_DOC": "AUT", "COD_1": "12.", "TIP_EMPR_1": "OUTRAS TIPOLOGIAS", "COD_2": "12.12", "TIP_EMPR_2": "AUTORIZACAO DE SUPRESSAO DE VEGETACAO", "DT_ENTRA": "2025/06", "NR_LICENCA": "-", "DATA_EMISS": null, "VALIDADE": null, "LONG": -35.6282, "LAT": -9.52888, "NR_RST_PTS": "0" }, "geometry": { "type": "Point", "coordinates": [ -35.628198930706809, -9.528884839089855 ] } },
{ "type": "Feature", "properties": { "NR_PROCES": "2025.26054977176.SVeg.IMA", "NM_MUNIC": "MARECHAL DEODORO", "TIPO_DOC": "AUT", "COD_1": "12.", "TIP_EMPR_1": "OUTRAS TIPOLOGIAS", "COD_2": "12.12", "TIP_EMPR_2": "AUTORIZACAO DE SUPRESSAO DE VEGETACAO", "DT_ENTRA": "2025/05", "NR_LICENCA": "-", "DATA_EMISS": null, "VALIDADE": null, "LONG": -35.82441, "LAT": -9.73769, "NR_RST_PTS": "0" }, "geometry": { "type": "Point", "coordinates": [ -35.824414375705828, -9.737692982691023 ] } },
{ "type": "Feature", "properties": { "NR_PROCES": "2025.17063590040.SVeg.IMA", "NM_MUNIC": "PIACABUCU", "TIPO_DOC": "AUT", "COD_1": "12.", "TIP_EMPR_1": "OUTRAS TIPOLOGIAS", "COD_2": "12.12", "TIP_EMPR_2": "AUTORIZACAO DE SUPRESSAO DE VEGETACAO", "DT_ENTRA": "2025/06", "NR_LICENCA": "-", "DATA_EMISS": null, "VALIDADE": null, "LONG": -36.40172, "LAT": -10.4236, "NR_RST_PTS": "434" }, "geometry": { "type": "Point", "coordinates": [ -36.401723027229309, -10.423595979809759 ] } },
{ "type": "Feature", "properties": { "NR_PROCES": "2025.17064806569.SVeg.IMA", "NM_MUNIC": "PIACABUCU", "TIPO_DOC": "AUT", "COD_1": "12.", "TIP_EMPR_1": "OUTRAS TIPOLOGIAS", "COD_2": "12.12", "TIP_EMPR_2": "AUTORIZACAO DE SUPRESSAO DE VEGETACAO", "DT_ENTRA": "2025/06", "NR_LICENCA": "-", "DATA_EMISS": null, "VALIDADE": null, "LONG": -36.40333, "LAT": -10.41849, "NR_RST_PTS": "415" }, "geometry": { "type": "Point", "coordinates": [ -36.403332017362118, -10.418486958369609 ] } },
{ "type": "Feature", "properties": { "NR_PROCES": "2025.26064857798.SVeg.IMA", "NM_MUNIC": "CORURIPE", "TIPO_DOC": "AUT", "COD_1": "12.", "TIP_EMPR_1": "OUTRAS TIPOLOGIAS", "COD_2": "12.12", "TIP_EMPR_2": "AUTORIZACAO DE SUPRESSAO DE VEGETACAO", "DT_ENTRA": "2025/06", "NR_LICENCA": "-", "DATA_EMISS": null, "VALIDADE": null, "LONG": -36.07045, "LAT": -10.06042, "NR_RST_PTS": "0" }, "geometry": { "type": "Point", "coordinates": [ -36.070446944122097, -10.060421674751352 ] } },
{ "type": "Feature", "properties": { "NR_PROCES": "2025.26060375047.SVeg.IMA", "NM_MUNIC": "MARECHAL DEODORO", "TIPO_DOC": "AUT", "COD_1": "12.", "TIP_EMPR_1": "OUTRAS TIPOLOGIAS", "COD_2": "12.12", "TIP_EMPR_2": "AUTORIZACAO DE SUPRESSAO DE VEGETACAO", "DT_ENTRA": "2025/06", "NR_LICENCA": "-", "DATA_EMISS": null, "VALIDADE": null, "LONG": -35.8274, "LAT": -9.66561, "NR_RST_PTS": "0" }, "geometry": { "type": "Point", "coordinates": [ -35.82740182569502, -9.665607098464662 ] } },
{ "type": "Feature", "properties": { "NR_PROCES": "2025.18074868070.SVeg.IMA", "NM_MUNIC": "PALMEIRA DOS INDIOS", "TIPO_DOC": "AUT", "COD_1": "12.", "TIP_EMPR_1": "OUTRAS TIPOLOGIAS", "COD_2": "12.12", "TIP_EMPR_2": "AUTORIZACAO DE SUPRESSAO DE VEGETACAO", "DT_ENTRA": "2025/07", "NR_LICENCA": "-", "DATA_EMISS": null, "VALIDADE": null, "LONG": -36.65309, "LAT": -9.46696, "NR_RST_PTS": "14" }, "geometry": { "type": "Point", "coordinates": [ -36.6530877, -9.4669569 ] } },
{ "type": "Feature", "properties": { "NR_PROCES": "2025.18070744042.SVeg.IMA", "NM_MUNIC": "CAPELA E CAJUEIRO", "TIPO_DOC": "AUT", "COD_1": "12.", "TIP_EMPR_1": "OUTRAS TIPOLOGIAS", "COD_2": "12.12", "TIP_EMPR_2": "AUTORIZACAO DE SUPRESSAO DE VEGETACAO", "DT_ENTRA": "2025/07", "NR_LICENCA": "-", "DATA_EMISS": null, "VALIDADE": null, "LONG": -36.14016, "LAT": -9.4403, "NR_RST_PTS": "0" }, "geometry": { "type": "Point", "coordinates": [ -36.140159661041118, -9.44030261075387 ] } },
{ "type": "Feature", "properties": { "NR_PROCES": "2025.21075995595.SVeg.IMA", "NM_MUNIC": "MARAGOGI", "TIPO_DOC": "AUT", "COD_1": "12.", "TIP_EMPR_1": "OUTRAS TIPOLOGIAS", "COD_2": "12.12", "TIP_EMPR_2": "AUTORIZACAO DE SUPRESSAO DE VEGETACAO", "DT_ENTRA": "2025/07", "NR_LICENCA": "-", "DATA_EMISS": null, "VALIDADE": null, "LONG": -35.25613, "LAT": -8.98901, "NR_RST_PTS": "0" }, "geometry": { "type": "Point", "coordinates": [ -35.256129008376782, -8.989005848178465 ] } },
{ "type": "Feature", "properties": { "NR_PROCES": "2025.06083801758.SVeg.IMA\r", "NM_MUNIC": "MACEIO", "TIPO_DOC": "AUT", "COD_1": "12.", "TIP_EMPR_1": "OUTRAS TIPOLOGIAS", "COD_2": "12.12", "TIP_EMPR_2": "AUTORIZACAO DE SUPRESSAO DE VEGETACAO", "DT_ENTRA": "2025/08", "NR_LICENCA": "-", "DATA_EMISS": null, "VALIDADE": null, "LONG": -35.79795, "LAT": -9.53728, "NR_RST_PTS": "10" }, "geometry": { "type": "Point", "coordinates": [ -35.797950151017147, -9.537277952935721 ] } },
{ "type": "Feature", "properties": { "NR_PROCES": "2025.06081994062.SVeg.IMA", "NM_MUNIC": "PENEDO", "TIPO_DOC": "AUT", "COD_1": "12.", "TIP_EMPR_1": "OUTRAS TIPOLOGIAS", "COD_2": "12.12", "TIP_EMPR_2": "AUTORIZACAO DE SUPRESSAO DE VEGETACAO", "DT_ENTRA": "2025/08", "NR_LICENCA": "-", "DATA_EMISS": null, "VALIDADE": null, "LONG": -36.55091, "LAT": -10.3034, "NR_RST_PTS": "95" }, "geometry": { "type": "Point", "coordinates": [ -36.550905, -10.3033956 ] } },
{ "type": "Feature", "properties": { "NR_PROCES": "2025.07081613133.SVeg.IMA", "NM_MUNIC": "JAPARATINGA", "TIPO_DOC": "AUT", "COD_1": "12.", "TIP_EMPR_1": "OUTRAS TIPOLOGIAS", "COD_2": "12.12", "TIP_EMPR_2": "AUTORIZACAO DE SUPRESSAO DE VEGETACAO", "DT_ENTRA": "2025/08", "NR_LICENCA": "-", "DATA_EMISS": null, "VALIDADE": null, "LONG": -35.24368, "LAT": -9.07202, "NR_RST_PTS": "12" }, "geometry": { "type": "Point", "coordinates": [ -35.24367678260078, -9.072021831050062 ] } },
{ "type": "Feature", "properties": { "NR_PROCES": "2025.11085496694.SVeg.IMA", "NM_MUNIC": "OLHO DAGUA GRANDE", "TIPO_DOC": "AUT", "COD_1": "12.", "TIP_EMPR_1": "OUTRAS TIPOLOGIAS", "COD_2": "12.12", "TIP_EMPR_2": "AUTORIZACAO DE SUPRESSAO DE VEGETACAO", "DT_ENTRA": "2025/08", "NR_LICENCA": "-", "DATA_EMISS": null, "VALIDADE": null, "LONG": -36.82479, "LAT": -10.06523, "NR_RST_PTS": "0" }, "geometry": { "type": "Point", "coordinates": [ -36.824791881516262, -10.065228155080973 ] } },
{ "type": "Feature", "properties": { "NR_PROCES": "2025.19080932245.SVeg.IMA", "NM_MUNIC": "INHAPI E SANTANA DO IPANEMA", "TIPO_DOC": "AUT", "COD_1": "12.", "TIP_EMPR_1": "OUTRAS TIPOLOGIAS", "COD_2": "12.12", "TIP_EMPR_2": "AUTORIZACAO DE SUPRESSAO DE VEGETACAO", "DT_ENTRA": "2025/08", "NR_LICENCA": "-", "DATA_EMISS": null, "VALIDADE": null, "LONG": -37.77411, "LAT": -9.22537, "NR_RST_PTS": "0" }, "geometry": { "type": "Point", "coordinates": [ -37.7741124719822, -9.225368162280668 ] } },
{ "type": "Feature", "properties": { "NR_PROCES": "2025.21082471455.SVeg.IMA", "NM_MUNIC": "PENEDO", "TIPO_DOC": "AUT", "COD_1": "12.", "TIP_EMPR_1": "OUTRAS TIPOLOGIAS", "COD_2": "12.12", "TIP_EMPR_2": "AUTORIZACAO DE SUPRESSAO DE VEGETACAO", "DT_ENTRA": "2025/08", "NR_LICENCA": "-", "DATA_EMISS": null, "VALIDADE": null, "LONG": -36.55038, "LAT": -10.30198, "NR_RST_PTS": "0" }, "geometry": { "type": "Point", "coordinates": [ -36.550382019604051, -10.301978192398982 ] } },
{ "type": "Feature", "properties": { "NR_PROCES": "2025.24080861563.SVeg.IMA", "NM_MUNIC": "PAO DE ACUCAR", "TIPO_DOC": "AUT", "COD_1": "12.", "TIP_EMPR_1": "OUTRAS TIPOLOGIAS", "COD_2": "12.12", "TIP_EMPR_2": "AUTORIZACAO DE SUPRESSAO DE VEGETACAO", "DT_ENTRA": "2025/08", "NR_LICENCA": "-", "DATA_EMISS": null, "VALIDADE": null, "LONG": -37.32346, "LAT": -9.77448, "NR_RST_PTS": "0" }, "geometry": { "type": "Point", "coordinates": [ -37.323463506717566, -9.774481224982024 ] } },
{ "type": "Feature", "properties": { "NR_PROCES": "2025.18092214760.SVeg.IMA", "NM_MUNIC": "SAO MIGUEL DOS MILAGRES", "TIPO_DOC": "AUT", "COD_1": "12.", "TIP_EMPR_1": "OUTRAS TIPOLOGIAS", "COD_2": "12.12", "TIP_EMPR_2": "AUTORIZACAO DE SUPRESSAO DE VEGETACAO", "DT_ENTRA": "2025/09", "NR_LICENCA": "-", "DATA_EMISS": null, "VALIDADE": null, "LONG": -35.36329, "LAT": -9.2456, "NR_RST_PTS": "76" }, "geometry": { "type": "Point", "coordinates": [ -35.36328948, -9.2456011 ] } },
{ "type": "Feature", "properties": { "NR_PROCES": "2025.17091389382.SVeg.IMA", "NM_MUNIC": "OLHO DAGUA DAS FLORES", "TIPO_DOC": "AUT", "COD_1": "12.", "TIP_EMPR_1": "OUTRAS TIPOLOGIAS", "COD_2": "12.12", "TIP_EMPR_2": "AUTORIZACAO DE SUPRESSAO DE VEGETACAO", "DT_ENTRA": "2025/09", "NR_LICENCA": "-", "DATA_EMISS": null, "VALIDADE": null, "LONG": -37.2905, "LAT": -9.50623, "NR_RST_PTS": "243" }, "geometry": { "type": "Point", "coordinates": [ -37.290498975083203, -9.506229698470889 ] } },
{ "type": "Feature", "properties": { "NR_PROCES": "2025.03091614242.SVeg.IMA", "NM_MUNIC": "MACEIO", "TIPO_DOC": "AUT", "COD_1": "12.", "TIP_EMPR_1": "OUTRAS TIPOLOGIAS", "COD_2": "12.12", "TIP_EMPR_2": "AUTORIZACAO DE SUPRESSAO DE VEGETACAO", "DT_ENTRA": "2025/10", "NR_LICENCA": "-", "DATA_EMISS": null, "VALIDADE": null, "LONG": -35.74598, "LAT": -9.64642, "NR_RST_PTS": "4" }, "geometry": { "type": "Point", "coordinates": [ -35.745977777777782, -9.646422222222222 ] } },
{ "type": "Feature", "properties": { "NR_PROCES": "2025.07102991576.SVeg.IMA", "NM_MUNIC": "SENADOR RUI PALMEIRA", "TIPO_DOC": "AUT", "COD_1": "12.", "TIP_EMPR_1": "OUTRAS TIPOLOGIAS", "COD_2": "12.12", "TIP_EMPR_2": "AUTORIZACAO DE SUPRESSAO DE VEGETACAO", "DT_ENTRA": "2025/10", "NR_LICENCA": "-", "DATA_EMISS": null, "VALIDADE": null, "LONG": -37.61156, "LAT": -9.36918, "NR_RST_PTS": "0" }, "geometry": { "type": "Point", "coordinates": [ -37.61156155637309, -9.369177959319616 ] } },
{ "type": "Feature", "properties": { "NR_PROCES": "2025.14100424870.SVeg.IMA", "NM_MUNIC": "MARECHAL DEODORO", "TIPO_DOC": "AUT", "COD_1": "12.", "TIP_EMPR_1": "OUTRAS TIPOLOGIAS", "COD_2": "12.12", "TIP_EMPR_2": "AUTORIZACAO DE SUPRESSAO DE VEGETACAO", "DT_ENTRA": "2025/10", "NR_LICENCA": "-", "DATA_EMISS": null, "VALIDADE": null, "LONG": -35.81908, "LAT": -9.6893, "NR_RST_PTS": "151" }, "geometry": { "type": "Point", "coordinates": [ -35.819081012159593, -9.689303962513804 ] } },
{ "type": "Feature", "properties": { "NR_PROCES": "2025.13102907783.SVeg.IMA", "NM_MUNIC": "MACEIO", "TIPO_DOC": "AUT", "COD_1": "12.", "TIP_EMPR_1": "OUTRAS TIPOLOGIAS", "COD_2": "12.12", "TIP_EMPR_2": "AUTORIZACAO DE SUPRESSAO DE VEGETACAO", "DT_ENTRA": "2025/10", "NR_LICENCA": "-", "DATA_EMISS": null, "VALIDADE": null, "LONG": -35.74148, "LAT": -9.6354, "NR_RST_PTS": "0" }, "geometry": { "type": "Point", "coordinates": [ -35.741480849779897, -9.63539975097831 ] } },
{ "type": "Feature", "properties": { "NR_PROCES": "2025.13102703133.SVeg", "NM_MUNIC": "MACEIO", "TIPO_DOC": "AUT", "COD_1": "12.", "TIP_EMPR_1": "OUTRAS TIPOLOGIAS", "COD_2": "12.12", "TIP_EMPR_2": "AUTORIZACAO DE SUPRESSAO DE VEGETACAO", "DT_ENTRA": "2025/10", "NR_LICENCA": "-", "DATA_EMISS": null, "VALIDADE": null, "LONG": -35.74911, "LAT": -9.63264, "NR_RST_PTS": "1000" }, "geometry": { "type": "Point", "coordinates": [ -35.749105555555602, -9.632644444444439 ] } },
{ "type": "Feature", "properties": { "NR_PROCES": "2025.13050494891.SVeg.IMA", "NM_MUNIC": "PENEDO", "TIPO_DOC": "AUT", "COD_1": "12.", "TIP_EMPR_1": "OUTRAS TIPOLOGIAS", "COD_2": "12.12", "TIP_EMPR_2": "AUTORIZACAO DE SUPRESSAO DE VEGETACAO", "DT_ENTRA": "2025/10", "NR_LICENCA": "-", "DATA_EMISS": null, "VALIDADE": null, "LONG": -36.57796, "LAT": -10.28275, "NR_RST_PTS": "0" }, "geometry": { "type": "Point", "coordinates": [ -36.577964568056984, -10.282752943963745 ] } },
{ "type": "Feature", "properties": { "NR_PROCES": "2025.13105891787.SVeg.IMA", "NM_MUNIC": "MURICI", "TIPO_DOC": "AUT", "COD_1": "12.", "TIP_EMPR_1": "OUTRAS TIPOLOGIAS", "COD_2": "12.12", "TIP_EMPR_2": "AUTORIZACAO DE SUPRESSAO DE VEGETACAO", "DT_ENTRA": "2025/10", "NR_LICENCA": "-", "DATA_EMISS": null, "VALIDADE": null, "LONG": -35.93014, "LAT": -9.25614, "NR_RST_PTS": "373" }, "geometry": { "type": "Point", "coordinates": [ -35.9301364, -9.2561367 ] } },
{ "type": "Feature", "properties": { "NR_PROCES": "2025.16100875687.SVeg.IMA", "NM_MUNIC": "MACEIO", "TIPO_DOC": "AUT", "COD_1": "12.", "TIP_EMPR_1": "OUTRAS TIPOLOGIAS", "COD_2": "12.12", "TIP_EMPR_2": "AUTORIZACAO DE SUPRESSAO DE VEGETACAO", "DT_ENTRA": "2025/10", "NR_LICENCA": "-", "DATA_EMISS": null, "VALIDADE": null, "LONG": -35.75076, "LAT": -9.62584, "NR_RST_PTS": "0" }, "geometry": { "type": "Point", "coordinates": [ -35.750763731318678, -9.625837750218624 ] } },
{ "type": "Feature", "properties": { "NR_PROCES": "2025.16100289799.SVeg.IMA", "NM_MUNIC": "MACEIO", "TIPO_DOC": "AUT", "COD_1": "12.", "TIP_EMPR_1": "OUTRAS TIPOLOGIAS", "COD_2": "12.12", "TIP_EMPR_2": "AUTORIZACAO DE SUPRESSAO DE VEGETACAO", "DT_ENTRA": "2025/10", "NR_LICENCA": "-", "DATA_EMISS": null, "VALIDADE": null, "LONG": -35.7472, "LAT": -9.62714, "NR_RST_PTS": "76" }, "geometry": { "type": "Point", "coordinates": [ -35.747204533208787, -9.627141462778658 ] } },
{ "type": "Feature", "properties": { "NR_PROCES": "2025.01111119042.SVeg.IMA", "NM_MUNIC": "BATALHA", "TIPO_DOC": "AUT", "COD_1": "12.", "TIP_EMPR_1": "OUTRAS TIPOLOGIAS", "COD_2": "12.12", "TIP_EMPR_2": "AUTORIZACAO DE SUPRESSAO DE VEGETACAO", "DT_ENTRA": "2025/11", "NR_LICENCA": "-", "DATA_EMISS": null, "VALIDADE": null, "LONG": -37.09485, "LAT": -9.66642, "NR_RST_PTS": "0" }, "geometry": { "type": "Point", "coordinates": [ -37.094852330249836, -9.666420163986357 ] } },
{ "type": "Feature", "properties": { "NR_PROCES": "2025.14111309253.SVeg.IMA", "NM_MUNIC": "BARRA DE SAO MIGUEL", "TIPO_DOC": "AUT", "COD_1": "12.", "TIP_EMPR_1": "OUTRAS TIPOLOGIAS", "COD_2": "12.12", "TIP_EMPR_2": "AUTORIZACAO DE SUPRESSAO DE VEGETACAO", "DT_ENTRA": "2025/11", "NR_LICENCA": "-", "DATA_EMISS": null, "VALIDADE": null, "LONG": -35.88855, "LAT": -9.80591, "NR_RST_PTS": "49" }, "geometry": { "type": "Point", "coordinates": [ -35.888549803932101, -9.805912020931727 ] } },
{ "type": "Feature", "properties": { "NR_PROCES": "2025.17113374781.SVeg.IMA", "NM_MUNIC": "BARRA DE SAO MIGUEL", "TIPO_DOC": "AUT", "COD_1": "12.", "TIP_EMPR_1": "OUTRAS TIPOLOGIAS", "COD_2": "12.12", "TIP_EMPR_2": "AUTORIZACAO DE SUPRESSAO DE VEGETACAO", "DT_ENTRA": "2025/11", "NR_LICENCA": "-", "DATA_EMISS": null, "VALIDADE": null, "LONG": -35.92846, "LAT": -9.83362, "NR_RST_PTS": "0" }, "geometry": { "type": "Point", "coordinates": [ -35.928456331554919, -9.833622157497635 ] } },
{ "type": "Feature", "properties": { "NR_PROCES": "2025.01122955790.SVeg.IMA", "NM_MUNIC": "TRAIPU", "TIPO_DOC": "AUT", "COD_1": "12.", "TIP_EMPR_1": "OUTRAS TIPOLOGIAS", "COD_2": "12.12", "TIP_EMPR_2": "AUTORIZACAO DE SUPRESSAO DE VEGETACAO", "DT_ENTRA": "2025/12", "NR_LICENCA": "-", "DATA_EMISS": null, "VALIDADE": null, "LONG": -36.96787, "LAT": -9.79394, "NR_RST_PTS": "0" }, "geometry": { "type": "Point", "coordinates": [ -36.967866242344215, -9.793938342776698 ] } },
{ "type": "Feature", "properties": { "NR_PROCES": "2025.08121977713.SVeg.IMA", "NM_MUNIC": "SATUBA", "TIPO_DOC": "AUT", "COD_1": "12.", "TIP_EMPR_1": "OUTRAS TIPOLOGIAS", "COD_2": "12.12", "TIP_EMPR_2": "AUTORIZACAO DE SUPRESSAO DE VEGETACAO", "DT_ENTRA": "2025/12", "NR_LICENCA": "-", "DATA_EMISS": null, "VALIDADE": null, "LONG": -35.87269, "LAT": -9.58475, "NR_RST_PTS": "10" }, "geometry": { "type": "Point", "coordinates": [ -35.872687117164112, -9.584745837839199 ] } },
{ "type": "Feature", "properties": { "NR_PROCES": "2025.14121018456.SVeg.IMA", "NM_MUNIC": "MAJOR ISIDORO E BATALHA", "TIPO_DOC": "AUT", "COD_1": "12.", "TIP_EMPR_1": "OUTRAS TIPOLOGIAS", "COD_2": "12.12", "TIP_EMPR_2": "AUTORIZACAO DE SUPRESSAO DE VEGETACAO", "DT_ENTRA": "2025/12", "NR_LICENCA": "-", "DATA_EMISS": null, "VALIDADE": null, "LONG": -37.0936, "LAT": -9.60611, "NR_RST_PTS": "0" }, "geometry": { "type": "Point", "coordinates": [ -37.093595274485779, -9.606107265747633 ] } },
{ "type": "Feature", "properties": { "NR_PROCES": "2025.17121474466.SVeg.IMA", "NM_MUNIC": "MATA GRANDE", "TIPO_DOC": "AUT", "COD_1": "12.", "TIP_EMPR_1": "OUTRAS TIPOLOGIAS", "COD_2": "12.12", "TIP_EMPR_2": "AUTORIZACAO DE SUPRESSAO DE VEGETACAO", "DT_ENTRA": "2025/12", "NR_LICENCA": "-", "DATA_EMISS": null, "VALIDADE": null, "LONG": -37.78191, "LAT": -8.94568, "NR_RST_PTS": "0" }, "geometry": { "type": "Point", "coordinates": [ -37.781907353699339, -8.945675632736934 ] } },
{ "type": "Feature", "properties": { "NR_PROCES": "2025.19121886695.SVeg.IMA", "NM_MUNIC": "CORURIPE", "TIPO_DOC": "AUT", "COD_1": "12.", "TIP_EMPR_1": "OUTRAS TIPOLOGIAS", "COD_2": "12.12", "TIP_EMPR_2": "AUTORIZACAO DE SUPRESSAO DE VEGETACAO", "DT_ENTRA": "2025/12", "NR_LICENCA": "-", "DATA_EMISS": null, "VALIDADE": null, "LONG": -36.3612, "LAT": -10.07619, "NR_RST_PTS": "0" }, "geometry": { "type": "Point", "coordinates": [ -36.361198693724347, -10.076192656079959 ] } },
{ "type": "Feature", "properties": { "NR_PROCES": "2025.23124762674.SVeg.IMA", "NM_MUNIC": "OLHO DAGUA DAS FLORES", "TIPO_DOC": "AUT", "COD_1": "12.", "TIP_EMPR_1": "OUTRAS TIPOLOGIAS", "COD_2": "12.12", "TIP_EMPR_2": "AUTORIZACAO DE SUPRESSAO DE VEGETACAO", "DT_ENTRA": "2025/12", "NR_LICENCA": "-", "DATA_EMISS": null, "VALIDADE": null, "LONG": -37.28595, "LAT": -9.53728, "NR_RST_PTS": "43" }, "geometry": { "type": "Point", "coordinates": [ -37.285948979295263, -9.537284008278236 ] } },
{ "type": "Feature", "properties": { "NR_PROCES": "2026.09011532028.SVeg.IMA", "NM_MUNIC": "JAPARATINGA", "TIPO_DOC": "AUT", "COD_1": "12.", "TIP_EMPR_1": "OUTRAS TIPOLOGIAS", "COD_2": "12.12", "TIP_EMPR_2": "AUTORIZACAO DE SUPRESSAO DE VEGETACAO", "DT_ENTRA": "2026/01", "NR_LICENCA": "-", "DATA_EMISS": null, "VALIDADE": null, "LONG": -35.27325, "LAT": -9.11083, "NR_RST_PTS": "0" }, "geometry": { "type": "Point", "coordinates": [ -35.273249582031085, -9.110827638270218 ] } },
{ "type": "Feature", "properties": { "NR_PROCES": "2026.12011772989.SVeg.IMA", "NM_MUNIC": "BELO MONTE", "TIPO_DOC": "AUT", "COD_1": "12.", "TIP_EMPR_1": "OUTRAS TIPOLOGIAS", "COD_2": "12.12", "TIP_EMPR_2": "AUTORIZACAO DE SUPRESSAO DE VEGETACAO", "DT_ENTRA": "2026/01", "NR_LICENCA": "-", "DATA_EMISS": null, "VALIDADE": null, "LONG": -37.23411, "LAT": -9.82902, "NR_RST_PTS": "0" }, "geometry": { "type": "Point", "coordinates": [ -37.234112884603249, -9.829018701790925 ] } },
{ "type": "Feature", "properties": { "NR_PROCES": "2025.19123012329.SVeg.IMA", "NM_MUNIC": "SANTANA DO IPANEMA", "TIPO_DOC": "AUT", "COD_1": "12.", "TIP_EMPR_1": "OUTRAS TIPOLOGIAS", "COD_2": "12.12", "TIP_EMPR_2": "AUTORIZACAO DE SUPRESSAO DE VEGETACAO", "DT_ENTRA": "2026/01", "NR_LICENCA": "-", "DATA_EMISS": null, "VALIDADE": null, "LONG": -37.23619, "LAT": -9.35818, "NR_RST_PTS": "1" }, "geometry": { "type": "Point", "coordinates": [ -37.23619166666667, -9.358180555555554 ] } },
{ "type": "Feature", "properties": { "NR_PROCES": "2026.15014126456.SVeg.IMA", "NM_MUNIC": "PORTO DE PEDRAS", "TIPO_DOC": "AUT", "COD_1": "12.", "TIP_EMPR_1": "OUTRAS TIPOLOGIAS", "COD_2": "12.12", "TIP_EMPR_2": "AUTORIZACAO DE SUPRESSAO DE VEGETACAO", "DT_ENTRA": "2026/01", "NR_LICENCA": "-", "DATA_EMISS": null, "VALIDADE": null, "LONG": -35.3058, "LAT": -9.18195, "NR_RST_PTS": "24" }, "geometry": { "type": "Point", "coordinates": [ -35.305803246056001, -9.18195442374034 ] } },
{ "type": "Feature", "properties": { "NR_PROCES": "2026.16014110114.SVeg.IMA", "NM_MUNIC": "PIRANHAS", "TIPO_DOC": "AUT", "COD_1": "12.", "TIP_EMPR_1": "OUTRAS TIPOLOGIAS", "COD_2": "12.12", "TIP_EMPR_2": "AUTORIZACAO DE SUPRESSAO DE VEGETACAO", "DT_ENTRA": "2026/01", "NR_LICENCA": "-", "DATA_EMISS": null, "VALIDADE": null, "LONG": -37.74999, "LAT": -9.48851, "NR_RST_PTS": "0" }, "geometry": { "type": "Point", "coordinates": [ -37.749985136855997, -9.48850951776134 ] } },
{ "type": "Feature", "properties": { "NR_PROCES": "2026.21014523242.SVeg.IMA", "NM_MUNIC": "MARECHAL DEODORO E PILAR", "TIPO_DOC": "AUT", "COD_1": "12.", "TIP_EMPR_1": "OUTRAS TIPOLOGIAS", "COD_2": "12.12", "TIP_EMPR_2": "AUTORIZACAO DE SUPRESSAO DE VEGETACAO", "DT_ENTRA": "2026/01", "NR_LICENCA": "-", "DATA_EMISS": null, "VALIDADE": null, "LONG": -35.962, "LAT": -9.6841, "NR_RST_PTS": "0" }, "geometry": { "type": "Point", "coordinates": [ -35.961998393988154, -9.684100189153023 ] } },
{ "type": "Feature", "properties": { "NR_PROCES": "2026.05020112328.SVeg.IMA", "NM_MUNIC": "MARECHAL DEODORO", "TIPO_DOC": "AUT", "COD_1": "12.", "TIP_EMPR_1": "OUTRAS TIPOLOGIAS", "COD_2": "12.12", "TIP_EMPR_2": "AUTORIZACAO DE SUPRESSAO DE VEGETACAO", "DT_ENTRA": "2026/02", "NR_LICENCA": "-", "DATA_EMISS": null, "VALIDADE": null, "LONG": -35.84305, "LAT": -9.66892, "NR_RST_PTS": "23" }, "geometry": { "type": "Point", "coordinates": [ -35.843046388527547, -9.668924947358127 ] } },
{ "type": "Feature", "properties": { "NR_PROCES": "2026.05023965584.SVeg.IMA", "NM_MUNIC": "MACEIO", "TIPO_DOC": "AUT", "COD_1": "12.", "TIP_EMPR_1": "OUTRAS TIPOLOGIAS", "COD_2": "12.12", "TIP_EMPR_2": "AUTORIZACAO DE SUPRESSAO DE VEGETACAO", "DT_ENTRA": "2026/02", "NR_LICENCA": "-", "DATA_EMISS": null, "VALIDADE": null, "LONG": -35.74964, "LAT": -9.63186, "NR_RST_PTS": "115" }, "geometry": { "type": "Point", "coordinates": [ -35.74964, -9.631859 ] } },
{ "type": "Feature", "properties": { "NR_PROCES": "2026.05025175993.SVeg.IMA", "NM_MUNIC": "PORTO DE PEDRAS", "TIPO_DOC": "AUT", "COD_1": "12.", "TIP_EMPR_1": "OUTRAS TIPOLOGIAS", "COD_2": "12.12", "TIP_EMPR_2": "AUTORIZACAO DE SUPRESSAO DE VEGETACAO", "DT_ENTRA": "2026/02", "NR_LICENCA": "-", "DATA_EMISS": null, "VALIDADE": null, "LONG": -35.35127, "LAT": -9.2244, "NR_RST_PTS": "198" }, "geometry": { "type": "Point", "coordinates": [ -35.35127, -9.2243958 ] } },
{ "type": "Feature", "properties": { "NR_PROCES": "2026.06020086048.SVeg.IMA", "NM_MUNIC": "PORTO DE PEDRAS", "TIPO_DOC": "AUT", "COD_1": "12.", "TIP_EMPR_1": "OUTRAS TIPOLOGIAS", "COD_2": "12.12", "TIP_EMPR_2": "AUTORIZACAO DE SUPRESSAO DE VEGETACAO", "DT_ENTRA": "2026/02", "NR_LICENCA": "-", "DATA_EMISS": null, "VALIDADE": null, "LONG": -35.33724, "LAT": -9.2261, "NR_RST_PTS": "11" }, "geometry": { "type": "Point", "coordinates": [ -35.3372359324662, -9.226101919601792 ] } },
{ "type": "Feature", "properties": { "NR_PROCES": "2026.28012264355.OF.IMA", "NM_MUNIC": "MACEIO", "TIPO_DOC": "AUT", "COD_1": "12.", "TIP_EMPR_1": "OUTRAS TIPOLOGIAS", "COD_2": "12.12", "TIP_EMPR_2": "AUTORIZACAO DE SUPRESSAO DE VEGETACAO", "DT_ENTRA": "2026/02", "NR_LICENCA": "-", "DATA_EMISS": null, "VALIDADE": null, "LONG": -35.79814, "LAT": -9.53684, "NR_RST_PTS": "0" }, "geometry": { "type": "Point", "coordinates": [ -35.798144658966855, -9.536837383576861 ] } },
{ "type": "Feature", "properties": { "NR_PROCES": "2026.10020443767.SVeg.IMA", "NM_MUNIC": "SAO BRAS", "TIPO_DOC": "AUT", "COD_1": "12.", "TIP_EMPR_1": "OUTRAS TIPOLOGIAS", "COD_2": "12.12", "TIP_EMPR_2": "AUTORIZACAO DE SUPRESSAO DE VEGETACAO", "DT_ENTRA": "2026/02", "NR_LICENCA": "-", "DATA_EMISS": null, "VALIDADE": null, "LONG": -36.88062, "LAT": -10.06886, "NR_RST_PTS": "0" }, "geometry": { "type": "Point", "coordinates": [ -36.880622322548938, -10.068856095876459 ] } },
{ "type": "Feature", "properties": { "NR_PROCES": "2026.10025871991.SVeg.IMA", "NM_MUNIC": "SAO BRAS", "TIPO_DOC": "AUT", "COD_1": "12.", "TIP_EMPR_1": "OUTRAS TIPOLOGIAS", "COD_2": "12.12", "TIP_EMPR_2": "AUTORIZACAO DE SUPRESSAO DE VEGETACAO", "DT_ENTRA": "2026/02", "NR_LICENCA": "-", "DATA_EMISS": null, "VALIDADE": null, "LONG": -36.87646, "LAT": -10.06025, "NR_RST_PTS": "0" }, "geometry": { "type": "Point", "coordinates": [ -36.876464928699384, -10.060248995026683 ] } },
{ "type": "Feature", "properties": { "NR_PROCES": "2026.12021993913.SVeg.IMA", "NM_MUNIC": "DELMIRO GOUVEIA E PARICONHA", "TIPO_DOC": "AUT", "COD_1": "12.", "TIP_EMPR_1": "OUTRAS TIPOLOGIAS", "COD_2": "12.12", "TIP_EMPR_2": "AUTORIZACAO DE SUPRESSAO DE VEGETACAO", "DT_ENTRA": "2026/02", "NR_LICENCA": "-", "DATA_EMISS": null, "VALIDADE": null, "LONG": -38.04187, "LAT": -9.31471, "NR_RST_PTS": "0" }, "geometry": { "type": "Point", "coordinates": [ -38.041865381123472, -9.31470976825196 ] } },
{ "type": "Feature", "properties": { "NR_PROCES": "2026.10021869281.SVeg.IMA", "NM_MUNIC": "OLHO DAGUA DO CASADO", "TIPO_DOC": "AUT", "COD_1": "12.", "TIP_EMPR_1": "OUTRAS TIPOLOGIAS", "COD_2": "12.12", "TIP_EMPR_2": "AUTORIZACAO DE SUPRESSAO DE VEGETACAO", "DT_ENTRA": "2026/02", "NR_LICENCA": "-", "DATA_EMISS": null, "VALIDADE": null, "LONG": -37.81228, "LAT": -9.40129, "NR_RST_PTS": "0" }, "geometry": { "type": "Point", "coordinates": [ -37.812276413373574, -9.401288715603204 ] } },
{ "type": "Feature", "properties": { "NR_PROCES": "2026.23020099273.SVeg.IMA", "NM_MUNIC": "BELO MONTE", "TIPO_DOC": "AUT", "COD_1": "12.", "TIP_EMPR_1": "OUTRAS TIPOLOGIAS", "COD_2": "12.12", "TIP_EMPR_2": "AUTORIZACAO DE SUPRESSAO DE VEGETACAO", "DT_ENTRA": "2026/02", "NR_LICENCA": "-", "DATA_EMISS": null, "VALIDADE": null, "LONG": -37.23869, "LAT": -9.77311, "NR_RST_PTS": "0" }, "geometry": { "type": "Point", "coordinates": [ -37.238690584859782, -9.773106762564147 ] } },
{ "type": "Feature", "properties": { "NR_PROCES": "2026.19022530546.SVeg.IMA", "NM_MUNIC": "MARAGOGI", "TIPO_DOC": "AUT", "COD_1": "12.", "TIP_EMPR_1": "OUTRAS TIPOLOGIAS", "COD_2": "12.12", "TIP_EMPR_2": "AUTORIZACAO DE SUPRESSAO DE VEGETACAO", "DT_ENTRA": "2026/02", "NR_LICENCA": "-", "DATA_EMISS": null, "VALIDADE": null, "LONG": -35.25668, "LAT": -8.99407, "NR_RST_PTS": "120" }, "geometry": { "type": "Point", "coordinates": [ -35.2566844, -8.9940696 ] } },
{ "type": "Feature", "properties": { "NR_PROCES": "2026.05023965584.SVeg.IMA", "NM_MUNIC": "MACEIO", "TIPO_DOC": "AUT", "COD_1": "12.", "TIP_EMPR_1": "OUTRAS TIPOLOGIAS", "COD_2": "12.12", "TIP_EMPR_2": "AUTORIZACAO DE SUPRESSAO DE VEGETACAO", "DT_ENTRA": "2026/02", "NR_LICENCA": "-", "DATA_EMISS": null, "VALIDADE": null, "LONG": -35.74369, "LAT": -9.64327, "NR_RST_PTS": "114" }, "geometry": { "type": "Point", "coordinates": [ -35.743686607876597, -9.643271394674089 ] } },
{ "type": "Feature", "properties": { "NR_PROCES": "2026.09032219465.SVeg.IMA", "NM_MUNIC": "MARAGOGI", "TIPO_DOC": "AUT", "COD_1": "12.", "TIP_EMPR_1": "OUTRAS TIPOLOGIAS", "COD_2": "12.12", "TIP_EMPR_2": "AUTORIZACAO DE SUPRESSAO DE VEGETACAO", "DT_ENTRA": "2026/03", "NR_LICENCA": "-", "DATA_EMISS": null, "VALIDADE": null, "LONG": -35.1735, "LAT": -8.94574, "NR_RST_PTS": "1" }, "geometry": { "type": "Point", "coordinates": [ -35.173495809288227, -8.945744728903714 ] } },
{ "type": "Feature", "properties": { "NR_PROCES": "2026.04032766058.SVeg.IMA", "NM_MUNIC": "SAO JOSE DA TAPERA", "TIPO_DOC": "AUT", "COD_1": "12.", "TIP_EMPR_1": "OUTRAS TIPOLOGIAS", "COD_2": "12.12", "TIP_EMPR_2": "AUTORIZACAO DE SUPRESSAO DE VEGETACAO", "DT_ENTRA": "2026/03", "NR_LICENCA": "-", "DATA_EMISS": null, "VALIDADE": null, "LONG": -37.38143, "LAT": -9.5534, "NR_RST_PTS": "62" }, "geometry": { "type": "Point", "coordinates": [ -37.38143236, -9.55340351 ] } },
{ "type": "Feature", "properties": { "NR_PROCES": "2025.18113252240.SVeg.IMA", "NM_MUNIC": "MARECHAL DEODORO", "TIPO_DOC": "AUT", "COD_1": "12.", "TIP_EMPR_1": "OUTRAS TIPOLOGIAS", "COD_2": "12.12", "TIP_EMPR_2": "AUTORIZACAO DE SUPRESSAO DE VEGETACAO", "DT_ENTRA": "2026/03", "NR_LICENCA": "-", "DATA_EMISS": null, "VALIDADE": null, "LONG": -35.81322, "LAT": -9.70115, "NR_RST_PTS": "0" }, "geometry": { "type": "Point", "coordinates": [ -35.81321961792586, -9.701149419736977 ] } },
{ "type": "Feature", "properties": { "NR_PROCES": "2026.19030520121.SVeg.IMA", "NM_MUNIC": "PARIPUEIRA", "TIPO_DOC": "AUT", "COD_1": "12.", "TIP_EMPR_1": "OUTRAS TIPOLOGIAS", "COD_2": "12.12", "TIP_EMPR_2": "AUTORIZACAO DE SUPRESSAO DE VEGETACAO", "DT_ENTRA": "2026/03", "NR_LICENCA": "-", "DATA_EMISS": null, "VALIDADE": null, "LONG": -35.53652, "LAT": -9.44583, "NR_RST_PTS": "0" }, "geometry": { "type": "Point", "coordinates": [ -35.536517185621605, -9.445834240339815 ] } },
{ "type": "Feature", "properties": { "NR_PROCES": "2026.19035552983.SVeg.IMA", "NM_MUNIC": "MACEIO", "TIPO_DOC": "AUT", "COD_1": "12.", "TIP_EMPR_1": "OUTRAS TIPOLOGIAS", "COD_2": "12.12", "TIP_EMPR_2": "AUTORIZACAO DE SUPRESSAO DE VEGETACAO", "DT_ENTRA": "2026/03", "NR_LICENCA": "-", "DATA_EMISS": null, "VALIDADE": null, "LONG": -35.72568, "LAT": -9.67098, "NR_RST_PTS": "24" }, "geometry": { "type": "Point", "coordinates": [ -35.725681922205673, -9.670977024696235 ] } },
{ "type": "Feature", "properties": { "NR_PROCES": "2026.31030344769.SVeg.IMA", "NM_MUNIC": "SAO MIGUEL DOS MILAGRES", "TIPO_DOC": "AUT", "COD_1": "12.", "TIP_EMPR_1": "OUTRAS TIPOLOGIAS", "COD_2": "12.12", "TIP_EMPR_2": "AUTORIZACAO DE SUPRESSAO DE VEGETACAO", "DT_ENTRA": "2026/03", "NR_LICENCA": "-", "DATA_EMISS": null, "VALIDADE": null, "LONG": -35.38738, "LAT": -9.26884, "NR_RST_PTS": "104" }, "geometry": { "type": "Point", "coordinates": [ -35.38738, -9.268842 ] } },
{ "type": "Feature", "properties": { "NR_PROCES": "2026.31032539687.SVeg.IMA", "NM_MUNIC": "SAO MIGUEL DOS MILAGRES", "TIPO_DOC": "AUT", "COD_1": "12.", "TIP_EMPR_1": "OUTRAS TIPOLOGIAS", "COD_2": "12.12", "TIP_EMPR_2": "AUTORIZACAO DE SUPRESSAO DE VEGETACAO", "DT_ENTRA": "2026/03", "NR_LICENCA": "-", "DATA_EMISS": null, "VALIDADE": null, "LONG": -35.38695, "LAT": -9.26904, "NR_RST_PTS": "0" }, "geometry": { "type": "Point", "coordinates": [ -35.386951587519754, -9.269043674816736 ] } },
{ "type": "Feature", "properties": { "NR_PROCES": "2026.31034213548.SVeg.IMA", "NM_MUNIC": "ESTRELA DE ALAGOAS", "TIPO_DOC": "AUT", "COD_1": "12.", "TIP_EMPR_1": "OUTRAS TIPOLOGIAS", "COD_2": "12.12", "TIP_EMPR_2": "AUTORIZACAO DE SUPRESSAO DE VEGETACAO", "DT_ENTRA": "2026/04", "NR_LICENCA": "-", "DATA_EMISS": null, "VALIDADE": null, "LONG": -36.81942, "LAT": -9.4332, "NR_RST_PTS": "0" }, "geometry": { "type": "Point", "coordinates": [ -36.819420324739312, -9.43320275233393 ] } },
{ "type": "Feature", "properties": { "NR_PROCES": "2026.07042181137.SVeg.IMA", "NM_MUNIC": "MINADOR DO NEGRAO", "TIPO_DOC": "AUT", "COD_1": "12.", "TIP_EMPR_1": "OUTRAS TIPOLOGIAS", "COD_2": "12.12", "TIP_EMPR_2": "AUTORIZACAO DE SUPRESSAO DE VEGETACAO", "DT_ENTRA": "2026/04", "NR_LICENCA": "-", "DATA_EMISS": null, "VALIDADE": null, "LONG": -36.84462, "LAT": -9.33661, "NR_RST_PTS": "0" }, "geometry": { "type": "Point", "coordinates": [ -36.844623518896938, -9.336612953957765 ] } },
{ "type": "Feature", "properties": { "NR_PROCES": "2026.13045586813.SVeg.IMA", "NM_MUNIC": "IGACI", "TIPO_DOC": "AUT", "COD_1": "12.", "TIP_EMPR_1": "OUTRAS TIPOLOGIAS", "COD_2": "12.12", "TIP_EMPR_2": "AUTORIZACAO DE SUPRESSAO DE VEGETACAO", "DT_ENTRA": "2026/04", "NR_LICENCA": "-", "DATA_EMISS": null, "VALIDADE": null, "LONG": -36.67099, "LAT": -9.57418, "NR_RST_PTS": "168" }, "geometry": { "type": "Point", "coordinates": [ -36.670985966920853, -9.574183970689774 ] } },
{ "type": "Feature", "properties": { "NR_PROCES": "2026.29040453140.SVeg.IMA", "NM_MUNIC": "MURICI E BRANQUINHA", "TIPO_DOC": "AUT", "COD_1": "12.", "TIP_EMPR_1": "OUTRAS TIPOLOGIAS", "COD_2": "12.12", "TIP_EMPR_2": "AUTORIZACAO DE SUPRESSAO DE VEGETACAO", "DT_ENTRA": "2026/04", "NR_LICENCA": "-", "DATA_EMISS": null, "VALIDADE": null, "LONG": -35.92611, "LAT": -9.32104, "NR_RST_PTS": "0" }, "geometry": { "type": "Point", "coordinates": [ -35.926108014428138, -9.321038274398905 ] } },
{ "type": "Feature", "properties": { "NR_PROCES": "2026.29041612129.SVeg.IMA", "NM_MUNIC": "UNIAO DOS PALMARES E BRANQUINHA", "TIPO_DOC": "AUT", "COD_1": "12.", "TIP_EMPR_1": "OUTRAS TIPOLOGIAS", "COD_2": "12.12", "TIP_EMPR_2": "AUTORIZACAO DE SUPRESSAO DE VEGETACAO", "DT_ENTRA": "2026/04", "NR_LICENCA": "-", "DATA_EMISS": null, "VALIDADE": null, "LONG": -36.0319, "LAT": -9.21663, "NR_RST_PTS": "0" }, "geometry": { "type": "Point", "coordinates": [ -36.031898607692213, -9.216628351889728 ] } },
{ "type": "Feature", "properties": { "NR_PROCES": "2026.02045834256.SVeg.IMA", "NM_MUNIC": "TRAIPU", "TIPO_DOC": "AUT", "COD_1": "12.", "TIP_EMPR_1": "OUTRAS TIPOLOGIAS", "COD_2": "12.12", "TIP_EMPR_2": "AUTORIZACAO DE SUPRESSAO DE VEGETACAO", "DT_ENTRA": "2026/05", "NR_LICENCA": "-", "DATA_EMISS": null, "VALIDADE": null, "LONG": -36.99539, "LAT": -9.86694, "NR_RST_PTS": "0" }, "geometry": { "type": "Point", "coordinates": [ -36.995385916380002, -9.866939761159781 ] } },
{ "type": "Feature", "properties": { "NR_PROCES": "2026.28040036978.SVeg.IMA", "NM_MUNIC": "PAO DE ACUCAR", "TIPO_DOC": "AUT", "COD_1": "12.", "TIP_EMPR_1": "OUTRAS TIPOLOGIAS", "COD_2": "12.12", "TIP_EMPR_2": "AUTORIZACAO DE SUPRESSAO DE VEGETACAO", "DT_ENTRA": "2026/05", "NR_LICENCA": "-", "DATA_EMISS": null, "VALIDADE": null, "LONG": -37.43887, "LAT": -9.72756, "NR_RST_PTS": "12" }, "geometry": { "type": "Point", "coordinates": [ -37.438865865572588, -9.727559218965299 ] } },
{ "type": "Feature", "properties": { "NR_PROCES": "2026.07045926893.SVeg.IMA", "NM_MUNIC": "PILAR E SATUBA", "TIPO_DOC": "AUT", "COD_1": "12.", "TIP_EMPR_1": "OUTRAS TIPOLOGIAS", "COD_2": "12.12", "TIP_EMPR_2": "AUTORIZACAO DE SUPRESSAO DE VEGETACAO", "DT_ENTRA": "2026/05", "NR_LICENCA": "-", "DATA_EMISS": null, "VALIDADE": null, "LONG": -35.9322, "LAT": -9.59101, "NR_RST_PTS": "2035" }, "geometry": { "type": "Point", "coordinates": [ -35.93221, -9.59101 ] } },
{ "type": "Feature", "properties": { "NR_PROCES": "2026.05052833459.SVeg.IMA", "NM_MUNIC": "PAO DE ACUCAR", "TIPO_DOC": "AUT", "COD_1": "12.", "TIP_EMPR_1": "OUTRAS TIPOLOGIAS", "COD_2": "12.12", "TIP_EMPR_2": "AUTORIZACAO DE SUPRESSAO DE VEGETACAO", "DT_ENTRA": "2026/05", "NR_LICENCA": "-", "DATA_EMISS": null, "VALIDADE": null, "LONG": -37.56365, "LAT": -9.70662, "NR_RST_PTS": "0" }, "geometry": { "type": "Point", "coordinates": [ -37.563652959358748, -9.70662421157782 ] } },
{ "type": "Feature", "properties": { "NR_PROCES": "2026.07051188374.SVeg.IMA", "NM_MUNIC": "IGACI", "TIPO_DOC": "AUT", "COD_1": "12.", "TIP_EMPR_1": "OUTRAS TIPOLOGIAS", "COD_2": "12.12", "TIP_EMPR_2": "AUTORIZACAO DE SUPRESSAO DE VEGETACAO", "DT_ENTRA": "2026/05", "NR_LICENCA": "-", "DATA_EMISS": null, "VALIDADE": null, "LONG": -36.61033, "LAT": -9.65156, "NR_RST_PTS": "0" }, "geometry": { "type": "Point", "coordinates": [ -36.610326830486194, -9.651562370015233 ] } },
{ "type": "Feature", "properties": { "NR_PROCES": "2026.11052117665.SVeg.IMA", "NM_MUNIC": "JEQUIA DA PRAIA", "TIPO_DOC": "AUT", "COD_1": "12.", "TIP_EMPR_1": "OUTRAS TIPOLOGIAS", "COD_2": "12.12", "TIP_EMPR_2": "AUTORIZACAO DE SUPRESSAO DE VEGETACAO", "DT_ENTRA": "2026/05", "NR_LICENCA": "-", "DATA_EMISS": null, "VALIDADE": null, "LONG": -36.04724, "LAT": -9.91854, "NR_RST_PTS": "0" }, "geometry": { "type": "Point", "coordinates": [ -36.047242111244579, -9.91853541181827 ] } },
{ "type": "Feature", "properties": { "NR_PROCES": "2026.11054871360.SVeg.IMA", "NM_MUNIC": "CORURIPE", "TIPO_DOC": "AUT", "COD_1": "12.", "TIP_EMPR_1": "OUTRAS TIPOLOGIAS", "COD_2": "12.12", "TIP_EMPR_2": "AUTORIZACAO DE SUPRESSAO DE VEGETACAO", "DT_ENTRA": "2026/05", "NR_LICENCA": "-", "DATA_EMISS": null, "VALIDADE": null, "LONG": -36.03685, "LAT": -10.05435, "NR_RST_PTS": "0" }, "geometry": { "type": "Point", "coordinates": [ -36.03684604370212, -10.054351471729595 ] } },
{ "type": "Feature", "properties": { "NR_PROCES": "2026.11051666790.SVeg.IMA", "NM_MUNIC": "MACEIO", "TIPO_DOC": "AUT", "COD_1": "12.", "TIP_EMPR_1": "OUTRAS TIPOLOGIAS", "COD_2": "12.12", "TIP_EMPR_2": "AUTORIZACAO DE SUPRESSAO DE VEGETACAO", "DT_ENTRA": "2026/05", "NR_LICENCA": "-", "DATA_EMISS": null, "VALIDADE": null, "LONG": -35.7509, "LAT": -9.62528, "NR_RST_PTS": "44" }, "geometry": { "type": "Point", "coordinates": [ -35.75090083468055, -9.625284354535337 ] } },
{ "type": "Feature", "properties": { "NR_PROCES": "2026.21052302121.SVeg.IMA", "NM_MUNIC": "PILAR", "TIPO_DOC": "AUT", "COD_1": "12.", "TIP_EMPR_1": "OUTRAS TIPOLOGIAS", "COD_2": "12.12", "TIP_EMPR_2": "AUTORIZACAO DE SUPRESSAO DE VEGETACAO", "DT_ENTRA": "2026/05", "NR_LICENCA": "-", "DATA_EMISS": null, "VALIDADE": null, "LONG": -35.90564, "LAT": -9.60231, "NR_RST_PTS": "218" }, "geometry": { "type": "Point", "coordinates": [ -35.905635980889201, -9.602311039343476 ] } },
{ "type": "Feature", "properties": { "NR_PROCES": "2026.07041023544.SVeg.IMA", "NM_MUNIC": "PILAR", "TIPO_DOC": "AUT", "COD_1": "12.", "TIP_EMPR_1": "OUTRAS TIPOLOGIAS", "COD_2": "12.12", "TIP_EMPR_2": "AUTORIZACAO DE SUPRESSAO DE VEGETACAO", "DT_ENTRA": "2026/05", "NR_LICENCA": null, "DATA_EMISS": null, "VALIDADE": null, "LONG": -35.9516, "LAT": -9.60544, "NR_RST_PTS": "111" }, "geometry": { "type": "Point", "coordinates": [ -35.951600251493417, -9.605444287961857 ] } }
]
}
