{
"type": "FeatureCollection",
"name": "Ferrovias",
"crs": { "type": "name", "properties": { "name": "urn:ogc:def:crs:OGC:1.3:CRS84" } },
"features": [
{ "type": "Feature", "properties": { "OBJECTID": 1.0, "TIP_SITUAC": "Em Operação", "BITOLA": "Metrica", "SIGLA": "EF-420", "SYMBOL": "Existente", "TIPO": "Servidao_administrativa", "CLASSE": "Ferrovias", "FONTE": "Ministerio_da_infraestrutura", "LARGURA": 30.0, "Shape_Leng": 0.31955874933400902 }, "geometry": { "type": "MultiLineString", "coordinates": [ [ [ -35.72020364618129, -9.672225548670099 ], [ -35.720109148118638, -9.67198930306381 ], [ -35.719967798974722, -9.671728060801343 ], [ -35.719974150886287, -9.671361565483835 ], [ -35.719960651163092, -9.671098320431099 ], [ -35.71994715143984, -9.670848576000935 ], [ -35.719994400021505, -9.670119590047022 ], [ -35.720004543474886, -9.669543321567005 ], [ -35.720005027310094, -9.669515820298841 ], [ -35.720132527793851, -9.668865562795418 ], [ -35.720311029730169, -9.668457559268916 ], [ -35.720617033049564, -9.66807505422031 ], [ -35.72099953809817, -9.667743550624323 ], [ -35.721382042247399, -9.667501298446098 ], [ -35.721700795255458, -9.667361045575774 ], [ -35.7219886061892, -9.667287128498117 ], [ -35.721993000276711, -9.667285999848957 ], [ -35.721997525665245, -9.667285658106607 ], [ -35.722813000319661, -9.667223999687792 ], [ -35.725567999663383, -9.667090999849734 ], [ -35.728768999789452, -9.666942000173151 ], [ -35.731960000353695, -9.666786000173715 ], [ -35.733421000278895, -9.666733999574376 ], [ -35.734033999769224, -9.666776999758667 ], [ -35.734132103213938, -9.666805349986873 ], [ -35.735930830943062, -9.667325146438316 ], [ -35.736584378166469, -9.667445793188733 ], [ -35.736618000220517, -9.667452000309538 ], [ -35.73737400001005, -9.667799000123694 ], [ -35.738051944941276, -9.668137972589307 ], [ -35.738055999984397, -9.668139999661207 ], [ -35.738060216006147, -9.668141684990701 ], [ -35.738959000257637, -9.668501000121012 ], [ -35.739779000300587, -9.668689999843593 ], [ -35.740988000295943, -9.669014000395748 ], [ -35.741399000363515, -9.669061999911321 ], [ -35.741415421984073, -9.669064941593717 ], [ -35.741688466049823, -9.669113860216441 ], [ -35.742073207712338, -9.66905986132349 ], [ -35.742356702799555, -9.668924864091139 ], [ -35.742606447229718, -9.668776367135592 ], [ -35.742880986867988, -9.668471972703344 ], [ -35.742899000288617, -9.668451999660022 ], [ -35.743027999942228, -9.668297999752838 ], [ -35.743174000379781, -9.668048999961343 ], [ -35.743309000310092, -9.667700000054936 ], [ -35.743374999756384, -9.667270000010433 ], [ -35.743400000009956, -9.666952999781074 ], [ -35.743326000194713, -9.666251999829854 ], [ -35.743222711259079, -9.665344516436221 ], [ -35.743104942339187, -9.664309811348687 ], [ -35.7431024799954, -9.66428817995552 ], [ -35.74310033781029, -9.664263271432787 ], [ -35.743051938096414, -9.663700469401078 ], [ -35.743301302113366, -9.662959777871379 ], [ -35.743312000448441, -9.662928000326929 ], [ -35.743439000009801, -9.662354999983222 ], [ -35.743478000009645, -9.662110000376174 ], [ -35.743509999686694, -9.66183200014666 ], [ -35.74352500037844, -9.6617229996167 ], [ -35.743475999917393, -9.661504000309321 ], [ -35.743441000102052, -9.661365000194564 ], [ -35.743326000194713, -9.661129000103244 ], [ -35.743239999826073, -9.660997000311284 ], [ -35.743113000264714, -9.660844999597032 ], [ -35.742887999781317, -9.66062200010515 ], [ -35.742026999646271, -9.659930999715812 ], [ -35.741185000387418, -9.659349999902531 ], [ -35.740353452150032, -9.658886396689809 ], [ -35.740000452059178, -9.658540396921751 ], [ -35.739755206937218, -9.658049547848293 ], [ -35.739752904672741, -9.657607999609468 ], [ -35.73975835726236, -9.657332000371468 ], [ -35.740407056240599, -9.655734602969517 ], [ -35.741604292204272, -9.652680797580672 ], [ -35.741812471768128, -9.652066298920488 ], [ -35.742839437290172, -9.650441658355817 ], [ -35.742951059343852, -9.650252678418326 ], [ -35.743739030032145, -9.648918619598589 ], [ -35.743755309559845, -9.648891058075833 ], [ -35.74376909616683, -9.648869547191794 ], [ -35.744010419345329, -9.648493023534172 ], [ -35.744041538586089, -9.648240008269738 ], [ -35.744043452343419, -9.648224451796978 ], [ -35.744131000445293, -9.647770000085416 ], [ -35.74412400012244, -9.647350999648893 ], [ -35.74408600016875, -9.647037999603924 ], [ -35.743986000053837, -9.646036000161246 ], [ -35.743897000446168, -9.645247999795288 ], [ -35.743845999892926, -9.644580999613368 ], [ -35.743764999754887, -9.643829000008282 ], [ -35.743783999731761, -9.643315999733545 ], [ -35.743985000007683, -9.642779000150711 ], [ -35.744455000098128, -9.641798999923878 ], [ -35.744475710585505, -9.64175241054528 ], [ -35.744887901355526, -9.640825177140186 ], [ -35.746190625996576, -9.638692219969926 ], [ -35.746568618247068, -9.63803073263216 ], [ -35.746872361570183, -9.637477243979561 ], [ -35.747972589463416, -9.635054042310173 ], [ -35.749113587222212, -9.632697882401317 ], [ -35.749176000172213, -9.632568999659554 ], [ -35.749589000332037, -9.631726000354604 ], [ -35.749873999985084, -9.630819999943014 ], [ -35.749921000353822, -9.630310999852725 ], [ -35.749774055628109, -9.629550055590528 ], [ -35.749599754425105, -9.628332000321507 ], [ -35.74964500021656, -9.627736356847322 ], [ -35.749825056181351, -9.627179508327629 ], [ -35.750164754399862, -9.626684999912754 ], [ -35.750538000028655, -9.626244000260385 ], [ -35.750848999981315, -9.625993000376639 ], [ -35.751208000348868, -9.625823999777708 ], [ -35.751230280153266, -9.62581037145145 ], [ -35.751644515981582, -9.625556982968362 ], [ -35.753020863621941, -9.625026353283545 ], [ -35.753097000226319, -9.624997000311282 ], [ -35.753229406511878, -9.624928659030331 ], [ -35.755451439732099, -9.623781768014112 ], [ -35.757206404651811, -9.622708539567384 ], [ -35.758421361756405, -9.622160242701 ], [ -35.758464000413255, -9.622140999907174 ], [ -35.758504006754492, -9.622122826407292 ], [ -35.759190864866468, -9.621810807522706 ], [ -35.760721528076033, -9.621322834481191 ], [ -35.760816303129843, -9.62129261995841 ], [ -35.762903135870999, -9.620609699078329 ], [ -35.763505952337766, -9.620365248057681 ], [ -35.765327000340733, -9.619573000193782 ], [ -35.76655600035906, -9.618988000195998 ], [ -35.767322999756573, -9.618527999667378 ], [ -35.767992000030745, -9.618011000107515 ], [ -35.768689999843559, -9.617463000017381 ], [ -35.769308326018404, -9.617013808440447 ], [ -35.769890090255444, -9.616603481065738 ], [ -35.770616032903547, -9.616223174859613 ], [ -35.77141324862248, -9.61594389219681 ], [ -35.772247000198831, -9.615692000185618 ], [ -35.772844827226947, -9.615312194002513 ], [ -35.773334827340364, -9.614862193935039 ], [ -35.77365333933011, -9.614330416715291 ], [ -35.773933238927782, -9.613759553160776 ], [ -35.774186693960701, -9.612930374637017 ], [ -35.774157000145408, -9.61231199989885 ], [ -35.774022000215098, -9.611688999947319 ], [ -35.773876999823642, -9.611242000018251 ], [ -35.773589000032302, -9.610438999859923 ], [ -35.773236999987489, -9.609394000232896 ], [ -35.773095999780537, -9.609003000188238 ], [ -35.772792000150616, -9.608443999590861 ], [ -35.772381904801023, -9.607802999708611 ], [ -35.772266357206604, -9.607313999641349 ], [ -35.77228605595667, -9.606851302045925 ], [ -35.772299479237518, -9.606811495354179 ], [ -35.772494848858173, -9.606232119716481 ], [ -35.772757831308809, -9.606011069055569 ], [ -35.772771000081548, -9.606000000199799 ], [ -35.773060999965139, -9.605618999717024 ], [ -35.773415000102148, -9.605217000064442 ], [ -35.773830000354167, -9.604364000298347 ], [ -35.774000000099875, -9.603984999907766 ], [ -35.774127999707389, -9.603438999909883 ], [ -35.774313000144787, -9.60247999975212 ], [ -35.774388000006127, -9.602065000399421 ], [ -35.774561999936282, -9.601156999895579 ], [ -35.774811999773931, -9.600501000220959 ], [ -35.775060000418648, -9.599940000430649 ], [ -35.775509000439968, -9.599096000180225 ], [ -35.775929000023268, -9.598419999583257 ], [ -35.776341000136995, -9.597721999770442 ], [ -35.776618000320411, -9.59737499995623 ], [ -35.777035999811517, -9.596974000349803 ], [ -35.777486999925088, -9.596638000143571 ], [ -35.778219000406523, -9.596114000260854 ], [ -35.778796000035356, -9.59570400023938 ], [ -35.779164999964735, -9.595382999825517 ], [ -35.779336999802638, -9.595158000241497 ], [ -35.779762543706397, -9.594679850494686 ], [ -35.779771599879382, -9.594676503218011 ], [ -35.780027698019808, -9.594581853169927 ], [ -35.780340518200319, -9.594415751985309 ], [ -35.780357000075469, -9.594406999783189 ], [ -35.780795999635643, -9.594284999553054 ], [ -35.781161000279894, -9.594154999853288 ], [ -35.781548000140049, -9.593951000338336 ], [ -35.782146999884105, -9.593582000408958 ], [ -35.782627000435696, -9.593302000087192 ], [ -35.782899000388511, -9.593110000226261 ], [ -35.783157999741832, -9.592885999789019 ], [ -35.783503000363112, -9.592535999836457 ], [ -35.783869000154198, -9.592159000437448 ], [ -35.784297000106449, -9.591749000415973 ], [ -35.784335643974771, -9.591700712218028 ], [ -35.7847939124091, -9.591128082395016 ], [ -35.78495806925946, -9.59102008460917 ], [ -35.785951649249171, -9.590277059338746 ], [ -35.786642835798204, -9.589810509047709 ], [ -35.787247445513174, -9.589455492676791 ], [ -35.787312999795063, -9.589416999894581 ], [ -35.787321626092137, -9.589409965397522 ], [ -35.787429060003092, -9.589322358839752 ], [ -35.787550017019612, -9.589279159005912 ], [ -35.787839451229672, -9.589223000840775 ], [ -35.788694794629009, -9.589227320284579 ], [ -35.790345001120841, -9.589192761136985 ], [ -35.791131225325728, -9.589244599858375 ], [ -35.793494784856421, -9.589471514998365 ], [ -35.793604000324308, -9.589482000194096 ], [ -35.79421299963019, -9.58948300024025 ], [ -35.794788000066092, -9.589384000171435 ], [ -35.795170999741799, -9.589254999618504 ], [ -35.795193471101754, -9.589235605738565 ], [ -35.795563456688114, -9.588916287056975 ], [ -35.795870170471972, -9.588523174504871 ], [ -35.796025687535405, -9.588488615357278 ], [ -35.796575911648972, -9.588068674229874 ], [ -35.7966030001283, -9.588047999715343 ], [ -35.796895000104143, -9.587782000039226 ], [ -35.799624000047515, -9.585712999954922 ], [ -35.801830000154325, -9.584009999661703 ], [ -35.803673999755233, -9.582611999943822 ], [ -35.804328000236978, -9.582109000130231 ], [ -35.804924999888783, -9.581615999878466 ], [ -35.80549500009414, -9.580949999742643 ], [ -35.805529199512875, -9.580895065554785 ], [ -35.80646143404789, -9.579397610711112 ], [ -35.806923063248746, -9.578971628837564 ], [ -35.806940000180816, -9.578956000419055 ], [ -35.807322999856524, -9.578589999728649 ], [ -35.807764999555047, -9.578447943717606 ], [ -35.80825899985291, -9.578440396606993 ], [ -35.808912000288558, -9.57859499995925 ], [ -35.809705603430814, -9.579047095447038 ], [ -35.810834150975268, -9.579619548103608 ], [ -35.811605451830076, -9.58001624625274 ], [ -35.812204697988363, -9.580187848590299 ], [ -35.812781999789422, -9.580144000345285 ], [ -35.81312646261614, -9.579986443619418 ], [ -35.813519246016369, -9.579670793272442 ], [ -35.813934703124005, -9.579189377187959 ], [ -35.814590435699984, -9.577886924142206 ], [ -35.814636837120304, -9.577813845232697 ], [ -35.815774138665518, -9.576022678104039 ], [ -35.816385844930778, -9.575210584900503 ], [ -35.816987004846339, -9.57448286519201 ], [ -35.817345591525793, -9.574155918460804 ], [ -35.818178777428614, -9.573723505535327 ], [ -35.819075244127191, -9.57335437250623 ], [ -35.819760777537795, -9.573122345619709 ], [ -35.820217682599946, -9.572931371885261 ], [ -35.820230068063154, -9.572926195387538 ], [ -35.820282020099114, -9.572927997628938 ], [ -35.821306394674309, -9.572963538836177 ], [ -35.821435000424913, -9.572968000372896 ], [ -35.822433999729242, -9.573047000418683 ], [ -35.823187000279802, -9.573138000118547 ], [ -35.824205999607159, -9.573425999909944 ], [ -35.8255110004323, -9.573752999701128 ], [ -35.826396999921542, -9.573952999930953 ], [ -35.827065000149616, -9.574057000230312 ], [ -35.827553000170781, -9.574073000068836 ], [ -35.828104385309075, -9.573915036849428 ], [ -35.828583178071142, -9.573690012983661 ], [ -35.828902684711068, -9.573506544991005 ], [ -35.829295876403535, -9.573166033785412 ], [ -35.829515734563472, -9.572823938873626 ], [ -35.829854607204311, -9.572110148764295 ], [ -35.830034057026069, -9.571452253318796 ], [ -35.830206000206715, -9.57070999966669 ], [ -35.830347999560502, -9.569836999877623 ], [ -35.830424000367259, -9.568838999720015 ], [ -35.830441000251938, -9.568100999861201 ], [ -35.830449999767609, -9.567286000048796 ], [ -35.830407999629415, -9.566456999590798 ], [ -35.830407698356566, -9.565856999800644 ], [ -35.830404094773087, -9.565069698207935 ], [ -35.830412999860016, -9.564569999805599 ], [ -35.830495000044152, -9.564206000106765 ], [ -35.83079999972017, -9.563647000408707 ], [ -35.831139000064752, -9.563197000341233 ], [ -35.831464999809839, -9.562913999881118 ], [ -35.831886000338613, -9.562485999928924 ], [ -35.832065999646147, -9.562245999653101 ], [ -35.832246397353288, -9.561923697920292 ], [ -35.832447944417083, -9.561141546744921 ], [ -35.832582396660257, -9.560357848735691 ], [ -35.832674246219426, -9.559827999662389 ], [ -35.832641547769185, -9.559338150635085 ], [ -35.832429000198147, -9.558926000334623 ], [ -35.832120000337682, -9.558612000243556 ], [ -35.83095000034217, -9.557460000178821 ], [ -35.830655000228035, -9.557160999880182 ], [ -35.830232397107409, -9.556684150553053 ], [ -35.829971094590292, -9.556335150646646 ], [ -35.829871944334741, -9.555975849006188 ], [ -35.829820396993682, -9.555677848753646 ], [ -35.829848547572396, -9.555278396880453 ], [ -35.830039697573966, -9.5548853967436 ], [ -35.830255999814483, -9.554578000374363 ], [ -35.830592246435003, -9.553955698296818 ], [ -35.83098524567248, -9.553408396979876 ], [ -35.831296000110285, -9.55292199955062 ], [ -35.831715999693586, -9.552515999713592 ], [ -35.832241999668497, -9.552233000152796 ], [ -35.835142000303051, -9.550771000181442 ], [ -35.835785000277497, -9.550430999790763 ], [ -35.836478999905864, -9.550119999838103 ], [ -35.837135999626639, -9.549743000439094 ], [ -35.837816000408054, -9.549278999726027 ], [ -35.83843300008283, -9.548791999750961 ], [ -35.83896500033444, -9.548204999660982 ], [ -35.839453000355661, -9.547675000400886 ], [ -35.839877253732254, -9.547438243979741 ], [ -35.839896124206746, -9.547432899308831 ], [ -35.8406115312971, -9.547230285649107 ], [ -35.841318158306308, -9.547008806011547 ], [ -35.841898224623321, -9.546861152620068 ], [ -35.842541570836772, -9.546597485785298 ], [ -35.845680042000311, -9.544639710254387 ], [ -35.845794999639452, -9.544568000113088 ], [ -35.847430039064989, -9.543616520086289 ], [ -35.847935929299638, -9.543438859915398 ], [ -35.849368999879403, -9.543117999795811 ], [ -35.850435999621652, -9.542880999658337 ], [ -35.851093000241747, -9.542657000120414 ], [ -35.851490100387764, -9.542485896007236 ], [ -35.851808791342592, -9.542126620447107 ], [ -35.85181179597754, -9.542123233600307 ], [ -35.85181402719553, -9.542119298167052 ], [ -35.852151192023825, -9.541524671826096 ], [ -35.852763452271461, -9.539866995565319 ], [ -35.85307109235697, -9.537824211618045 ], [ -35.852833344882924, -9.535754790651026 ], [ -35.852212979945023, -9.534513382686441 ], [ -35.850790030335588, -9.533385561794205 ], [ -35.850478095987285, -9.533075299285599 ], [ -35.850337153336909, -9.532703075286634 ], [ -35.850337070599267, -9.532326924847666 ], [ -35.850710755097225, -9.530956241137574 ], [ -35.850923872838393, -9.530268876707225 ], [ -35.850963530242666, -9.529644205815373 ], [ -35.850853038636785, -9.528567852224569 ], [ -35.850256743154148, -9.527009795665492 ], [ -35.849597558980122, -9.525509844303826 ], [ -35.849488167245056, -9.524323866952841 ], [ -35.848999641120486, -9.523114830984639 ], [ -35.84898422584132, -9.523095549519951 ], [ -35.848532076394179, -9.522529999160099 ], [ -35.848145258197064, -9.522372056625045 ], [ -35.848118881980781, -9.522361287243541 ], [ -35.847726041023918, -9.522200885062773 ], [ -35.847245383067957, -9.52211867983317 ], [ -35.846169623029652, -9.521644079710484 ], [ -35.844967304097736, -9.520926906351576 ], [ -35.843902090409074, -9.520273012889163 ], [ -35.843300930493513, -9.519714040170754 ], [ -35.843026717309101, -9.519123426604835 ], [ -35.843016170959459, -9.518480080391328 ], [ -35.842973984661626, -9.51747814749848 ], [ -35.842963437412664, -9.516898081181466 ], [ -35.84314273075239, -9.515769587596367 ], [ -35.843532605745111, -9.514802902731731 ], [ -35.843545627029016, -9.514770617070269 ], [ -35.843562570256381, -9.51475613888465 ], [ -35.844018103852363, -9.514366881726176 ], [ -35.845431356971517, -9.513681348315515 ], [ -35.846288643805849, -9.513148974845251 ], [ -35.846326613182612, -9.513125395520547 ], [ -35.847544939147554, -9.512570055163849 ], [ -35.848241574688871, -9.512203560745661 ], [ -35.848859697616888, -9.511735988824796 ], [ -35.849210773158632, -9.511251665232123 ], [ -35.849424976381499, -9.510730260792855 ], [ -35.84956283525662, -9.509871222978518 ], [ -35.849634193762995, -9.509176471516923 ], [ -35.849726885087648, -9.50851775768831 ], [ -35.849753143492762, -9.508016163515094 ], [ -35.849705748321583, -9.50767162244739 ], [ -35.849607872405329, -9.507319456028029 ], [ -35.849422754156762, -9.507031024562082 ], [ -35.849258839224035, -9.506792967721253 ], [ -35.849012769423723, -9.506615234705293 ], [ -35.849009101089109, -9.506612585302548 ], [ -35.849004832906644, -9.506611015086207 ], [ -35.848898337887931, -9.506571844215216 ], [ -35.846148530330368, -9.505560417179481 ], [ -35.843237650597075, -9.504421377244739 ], [ -35.842938662888912, -9.504142490283641 ], [ -35.842928909741374, -9.504133392741835 ], [ -35.84245521433661, -9.503648999901372 ], [ -35.842128158787432, -9.503074000364791 ], [ -35.841976641908445, -9.502564393232092 ], [ -35.84182237310398, -9.501823000231241 ], [ -35.841640346724603, -9.500858151782211 ], [ -35.841595673801237, -9.500414347144385 ], [ -35.841619069664318, -9.499832079286989 ], [ -35.841680999678374, -9.499306000171714 ], [ -35.841913999631345, -9.498859000242646 ], [ -35.842169999745636, -9.498484000036512 ], [ -35.84264299997443, -9.497882000154164 ], [ -35.843070999926681, -9.49745500024801 ], [ -35.843518999901903, -9.49699799985774 ], [ -35.84383400003901, -9.49640200025209 ], [ -35.844206000106794, -9.495702000346967 ], [ -35.84448600042856, -9.49511400021089 ], [ -35.845107512901336, -9.493834414226797 ], [ -35.845397216907998, -9.493267809861493 ], [ -35.845578073269451, -9.492916727125191 ], [ -35.845743096166927, -9.492559766420015 ], [ -35.845800373988027, -9.492455615034544 ], [ -35.845851789128744, -9.492391638163497 ], [ -35.845911828767839, -9.492143653706592 ], [ -35.846031338775219, -9.491709811758369 ], [ -35.846019259980835, -9.491451619096893 ], [ -35.845903115236524, -9.490867713574062 ], [ -35.845965166659084, -9.490471110753106 ], [ -35.84617792916805, -9.49002589328029 ], [ -35.846521930642552, -9.489736423097384 ], [ -35.846933326411829, -9.48963333740852 ], [ -35.847273233273029, -9.489696620002974 ], [ -35.847388308723453, -9.489752942744076 ], [ -35.847626808030725, -9.489912829613331 ], [ -35.847912001937289, -9.490312087233008 ], [ -35.848159421619982, -9.490682686157015 ], [ -35.84832541128867, -9.490824062280581 ], [ -35.848555288795524, -9.490918549551395 ], [ -35.848831043417874, -9.490988270392336 ], [ -35.849063939049529, -9.490981118084107 ], [ -35.84935396321481, -9.490870343191716 ], [ -35.849533862697569, -9.490725236680305 ], [ -35.849632485051075, -9.490590573096426 ], [ -35.849827592969007, -9.490211656342808 ], [ -35.849983107334481, -9.489867200710705 ], [ -35.850164184029836, -9.489616298853036 ], [ -35.850388963280011, -9.489449089703669 ], [ -35.850745163158706, -9.489282094592966 ], [ -35.850956198969357, -9.489197659044692 ], [ -35.851128453315425, -9.489099492647426 ], [ -35.854693300255576, -9.48683451769881 ], [ -35.856765276196484, -9.485418450600946 ], [ -35.857960496779469, -9.484347849973233 ], [ -35.858309325814673, -9.48401360794162 ], [ -35.858312590353705, -9.484010480099528 ], [ -35.858314315253381, -9.484006309943197 ], [ -35.858484877974718, -9.483593830490861 ], [ -35.858505703575304, -9.48328933083792 ], [ -35.858379204936341, -9.482642977291505 ], [ -35.858240562751746, -9.482008463319858 ], [ -35.858191252024596, -9.481476312881512 ], [ -35.858242815553467, -9.481100398964202 ], [ -35.858525419412558, -9.480463691546106 ], [ -35.859019977290075, -9.479679529486646 ], [ -35.859511722987577, -9.478542860164794 ], [ -35.860145279181268, -9.47703108271827 ], [ -35.860547940734818, -9.476115173576375 ] ] ] } },
{ "type": "Feature", "properties": { "OBJECTID": 2.0, "TIP_SITUAC": "Em Operação", "BITOLA": "Metrica", "SIGLA": "EF-101", "SYMBOL": "Existente", "TIPO": "Servidao_administrativa", "CLASSE": "Ferrovias", "FONTE": "Ministerio_da_infraestrutura", "LARGURA": 30.0, "Shape_Leng": 3.2679147142797049 }, "geometry": { "type": "MultiLineString", "coordinates": [ [ [ -35.860547940734818, -9.476115173576375 ], [ -35.860549755566694, -9.476111044788865 ], [ -35.860551511043354, -9.476106888122331 ], [ -35.860971226440881, -9.475113039235339 ], [ -35.860988854052323, -9.475071298101852 ], [ -35.860975498220625, -9.475114616646181 ], [ -35.860926827810829, -9.475272471047674 ], [ -35.860886727940112, -9.475431571909496 ], [ -35.860882841969556, -9.475559237868481 ], [ -35.860890348610667, -9.475728227675518 ], [ -35.860905619099015, -9.475871148834415 ], [ -35.860974101573504, -9.476025162231394 ], [ -35.861065427727283, -9.476145317951989 ], [ -35.861206346095969, -9.476299357429355 ], [ -35.861397057228373, -9.476423418905597 ], [ -35.861672313626343, -9.476525084564969 ], [ -35.862825302945339, -9.476627511050765 ], [ -35.863781348830116, -9.476709096647426 ], [ -35.864924479780882, -9.476790713720391 ], [ -35.866256144605359, -9.476904368241946 ], [ -35.867742725746155, -9.477005794681645 ], [ -35.868390484932888, -9.477074124271383 ], [ -35.868586067692831, -9.477137989626499 ], [ -35.868891302091868, -9.477300134693394 ], [ -35.869032858079891, -9.477430117306028 ], [ -35.869242969387471, -9.477623193655404 ], [ -35.86941271732303, -9.477788119426123 ], [ -35.869668928777969, -9.478007275215532 ], [ -35.869882926056164, -9.478140014250187 ], [ -35.870145629717001, -9.478210484226395 ], [ -35.870424932164838, -9.478227592929045 ], [ -35.870636897874476, -9.478188188234242 ], [ -35.870904235741818, -9.478104816583993 ], [ -35.871221890677646, -9.477891188027854 ], [ -35.8713816804202, -9.477745668727607 ], [ -35.87173531992903, -9.477286628674904 ], [ -35.871930147258468, -9.476902950910414 ], [ -35.871994084559333, -9.476721113388635 ], [ -35.872010465710389, -9.476546680884553 ], [ -35.871995495595627, -9.476341076079734 ], [ -35.871933329059857, -9.476056323740295 ], [ -35.871869502375603, -9.475768537987619 ], [ -35.871849150717708, -9.47554273530892 ], [ -35.871854136559136, -9.475314558420109 ], [ -35.87190576843642, -9.475064744742156 ], [ -35.871974661901106, -9.47485229969385 ], [ -35.872081083175431, -9.474691759916766 ], [ -35.872308004610659, -9.474522081228997 ], [ -35.872535759717493, -9.474395124835098 ], [ -35.872569873700684, -9.474377050260614 ], [ -35.872999991556298, -9.474149164752077 ], [ -35.873786667220884, -9.473870603345631 ], [ -35.873853258421093, -9.47384702312155 ], [ -35.873954222609257, -9.473805332350139 ], [ -35.875243685847408, -9.47327287254501 ], [ -35.877307627245159, -9.472438307981463 ], [ -35.878777743597936, -9.471716089425968 ], [ -35.879733827254256, -9.471261000095012 ], [ -35.879799165698898, -9.471229898840704 ], [ -35.880385824945847, -9.470994422154831 ], [ -35.880817154188264, -9.470808276880405 ], [ -35.881685929861703, -9.470557918213331 ], [ -35.882413422941056, -9.470360068262494 ], [ -35.883115513769894, -9.470176328674597 ], [ -35.884003786745325, -9.469979189188166 ], [ -35.884285350088817, -9.469985276699106 ], [ -35.884501799818167, -9.470005124736645 ], [ -35.884919871255022, -9.470087704084222 ], [ -35.885557647967062, -9.470229589224118 ], [ -35.885910800942668, -9.470304420912271 ], [ -35.886267533220064, -9.470382868774323 ], [ -35.886588194589478, -9.470457410880783 ], [ -35.887095974299712, -9.470601724190146 ], [ -35.887135137976202, -9.470605645234286 ], [ -35.887486100203319, -9.470640785343903 ], [ -35.88788733453282, -9.470779000350547 ], [ -35.887935474342612, -9.470795582949734 ], [ -35.888191218150155, -9.47086237829609 ], [ -35.888241798720003, -9.470882299178697 ], [ -35.888590292308095, -9.47101954921277 ], [ -35.888917698592877, -9.471285967973017 ], [ -35.889468525252198, -9.47189722097994 ], [ -35.889505273349641, -9.471938000738078 ], [ -35.889890452982002, -9.472300173014503 ], [ -35.889978385094366, -9.472392605334448 ], [ -35.89108756573853, -9.473558550286839 ], [ -35.891508057250974, -9.474165214053357 ], [ -35.89206015375305, -9.475015827018751 ], [ -35.892745365206395, -9.476043643299477 ], [ -35.89279369747112, -9.476116142146225 ], [ -35.892978174503128, -9.476392858143868 ], [ -35.893369095407365, -9.476809933131847 ], [ -35.893471524591121, -9.476919215149621 ], [ -35.893889774993056, -9.477365447057707 ], [ -35.894699952640678, -9.478116536548896 ], [ -35.894790222990366, -9.478200222961846 ], [ -35.894823915191466, -9.478223241109617 ], [ -35.895363101925568, -9.478591614211552 ], [ -35.89628819854147, -9.479071325181451 ], [ -35.896907045423745, -9.4793523516297 ], [ -35.897947041222949, -9.479474325779449 ], [ -35.899550350768038, -9.479551949862525 ], [ -35.899631516381305, -9.479555879000543 ], [ -35.899881786914875, -9.47956158789691 ], [ -35.902107022620953, -9.479612350129798 ], [ -35.902697941057113, -9.479676740689001 ], [ -35.902764400956301, -9.47968398292943 ], [ -35.902844106070575, -9.479691322296617 ], [ -35.903589978594596, -9.479760003521278 ], [ -35.90376745530375, -9.479723942505871 ], [ -35.90380538061379, -9.479716237114587 ], [ -35.904260818881653, -9.479623698674686 ], [ -35.904455078738863, -9.479584228329429 ], [ -35.904919005707484, -9.479387587067436 ], [ -35.90495136601271, -9.479365291974602 ], [ -35.905352192949294, -9.479089142549867 ], [ -35.905676389553719, -9.478748897543539 ], [ -35.905840092246422, -9.478485688463707 ], [ -35.906289473580273, -9.477625445557806 ], [ -35.90649430946479, -9.4773267276463 ], [ -35.906526588830957, -9.477279652633797 ], [ -35.906555069460865, -9.477261891023431 ], [ -35.906960334551741, -9.477009151850837 ], [ -35.907663294125655, -9.476643227602835 ], [ -35.90865239279367, -9.476093124897773 ], [ -35.908745281969118, -9.476041463342824 ], [ -35.91024440235725, -9.475289953868241 ], [ -35.912843674196154, -9.473986529554622 ], [ -35.914391025225598, -9.47322347278498 ], [ -35.915999290035188, -9.472377299772518 ], [ -35.916070632353751, -9.47235136062676 ], [ -35.916564242345885, -9.472171889221272 ], [ -35.916989371662112, -9.472142935547993 ], [ -35.91738596728851, -9.472216827444583 ], [ -35.91749003233906, -9.47219446580192 ], [ -35.917594608204581, -9.472216827444583 ], [ -35.918150013312413, -9.472356805122388 ], [ -35.918213839996668, -9.472372891295834 ], [ -35.918270609700812, -9.472381300856284 ], [ -35.918958799708776, -9.472483246204774 ], [ -35.919389607344442, -9.472457953671551 ], [ -35.919422005421154, -9.472456051605434 ], [ -35.919995367292302, -9.47234076211646 ], [ -35.920549911748992, -9.472238094612351 ], [ -35.920948008343885, -9.472134051145474 ], [ -35.921419695562463, -9.471875315293516 ], [ -35.92210970759686, -9.471427309023056 ], [ -35.923756293418137, -9.470330495855649 ], [ -35.923816660410523, -9.470294871011447 ], [ -35.925025439172657, -9.469581530563119 ], [ -35.925625683578403, -9.469440296532412 ], [ -35.926656049437099, -9.469225236255625 ], [ -35.928068127142296, -9.46890268181329 ], [ -35.928186226113382, -9.468875704849836 ], [ -35.928290409874478, -9.468856912616388 ], [ -35.929682948908919, -9.468605732868241 ], [ -35.931229772036318, -9.46822673517562 ], [ -35.931345516582269, -9.468198375954216 ], [ -35.931371540264308, -9.468194017839608 ], [ -35.931692323042228, -9.46814030223311 ], [ -35.93305777539598, -9.467600884373269 ], [ -35.933168553885594, -9.467557121563857 ], [ -35.933203892745382, -9.467535075583214 ], [ -35.933499475620238, -9.46735067679225 ], [ -35.933848939576876, -9.467027353429557 ], [ -35.933932487494246, -9.466950055800396 ], [ -35.934314780302827, -9.466596358734932 ], [ -35.935296998257797, -9.465797103353566 ], [ -35.935788107235339, -9.465460067128333 ], [ -35.936613041858379, -9.465023526314667 ], [ -35.937185989142051, -9.464741266895885 ], [ -35.937223533139502, -9.464722770539368 ], [ -35.937253722481273, -9.464708950657496 ], [ -35.937611309114573, -9.46454525695799 ], [ -35.937996492344212, -9.46438797362606 ], [ -35.938596736749957, -9.464291677818608 ], [ -35.939566098896307, -9.464177684252661 ], [ -35.94005401438119, -9.464172912449897 ], [ -35.942169313363081, -9.464108715244947 ], [ -35.945654710596386, -9.463935757629088 ], [ -35.946647071105417, -9.463903284009291 ], [ -35.948977465437622, -9.463717851897286 ], [ -35.951352729644725, -9.463607977226332 ], [ -35.953400621741253, -9.463540570341024 ], [ -35.954671727118466, -9.463495632117656 ], [ -35.955353711804321, -9.463568100387477 ], [ -35.955436411661026, -9.4635768885625 ], [ -35.955528254025637, -9.46361596140747 ], [ -35.956973198354376, -9.464230690294073 ], [ -35.957141440824785, -9.464217442381027 ], [ -35.957162826703041, -9.464215758850116 ], [ -35.957380850246011, -9.464198591691627 ], [ -35.958337389858627, -9.464506738095452 ], [ -35.958619926268511, -9.464743457644431 ], [ -35.95864013043763, -9.464760385583304 ], [ -35.958812449534889, -9.464904760945899 ], [ -35.960294963941408, -9.465440791059621 ], [ -35.960387982619238, -9.465474423905505 ], [ -35.960531720362553, -9.465533433820895 ], [ -35.962417124750459, -9.466307471312689 ], [ -35.963530681495683, -9.466703928443508 ], [ -35.963616946265006, -9.466734641190669 ], [ -35.964139759941929, -9.466950447904821 ], [ -35.965050709322725, -9.467378963168585 ], [ -35.966763184873059, -9.468636550836095 ], [ -35.968331926277358, -9.469816411897853 ], [ -35.970196966416836, -9.47124738615787 ], [ -35.971373581825276, -9.472127495987081 ], [ -35.971618805363505, -9.472320095695807 ], [ -35.973184029519302, -9.473549433859262 ], [ -35.974251852141208, -9.47435505284335 ], [ -35.974416073742759, -9.474478950643004 ], [ -35.974419688118076, -9.474481677387473 ], [ -35.974423179286248, -9.474484579499688 ], [ -35.974840006960733, -9.474831079290823 ], [ -35.975184086676222, -9.475083763604744 ], [ -35.975187734326425, -9.475086442685154 ], [ -35.975191318124814, -9.475089212597027 ], [ -35.975245135354669, -9.475130799946442 ], [ -35.975511564906753, -9.475336685339698 ], [ -35.975741647459017, -9.47550924725391 ], [ -35.976064174921703, -9.475644831743523 ], [ -35.976497634658074, -9.475704407332501 ], [ -35.976958113625983, -9.475655968048443 ], [ -35.97701473943863, -9.475650011838525 ], [ -35.977542699036292, -9.4755613602685 ], [ -35.978121080923131, -9.475487482761082 ], [ -35.978481886230043, -9.475519275594024 ], [ -35.978964636908415, -9.475645328169321 ], [ -35.979388740098216, -9.475871252256468 ], [ -35.979782391344258, -9.476276159417182 ], [ -35.980060629894126, -9.476665732237734 ], [ -35.980438836183282, -9.477185224718312 ], [ -35.980709979981555, -9.477560396694912 ], [ -35.980938487820936, -9.477856332104011 ], [ -35.980997312475949, -9.477895914864519 ], [ -35.981257474652693, -9.478070974196044 ], [ -35.981609372174717, -9.478201794077506 ], [ -35.981700675845445, -9.478235736290173 ], [ -35.98173996272908, -9.47824814783371 ], [ -35.982167535503322, -9.478383229602343 ], [ -35.982703205888185, -9.478528063619194 ], [ -35.98279939017965, -9.478554069314782 ], [ -35.983200853836308, -9.478662616586462 ], [ -35.983803407701089, -9.478836462732545 ], [ -35.983945263163321, -9.478877389979516 ], [ -35.984513870318835, -9.479041442508503 ], [ -35.984889498251675, -9.479137161850474 ], [ -35.986009327768215, -9.479434802374158 ], [ -35.98611595228931, -9.479463142709847 ], [ -35.987197730590765, -9.47978885916848 ], [ -35.987979253139997, -9.480025413242174 ], [ -35.988448840441606, -9.480251018069964 ], [ -35.989029700859987, -9.480681797826662 ], [ -35.989067404037428, -9.480729880079878 ], [ -35.9894213106449, -9.481181202150708 ], [ -35.989639067089229, -9.48164753120858 ], [ -35.98972429763819, -9.481950511007255 ], [ -35.989731842050844, -9.481977330589302 ], [ -35.989775193870059, -9.482369602275298 ], [ -35.989779439569418, -9.482383359204619 ], [ -35.989803411897924, -9.482461039045688 ], [ -35.989817792057408, -9.482795891716989 ], [ -35.989801357846318, -9.483106093071683 ], [ -35.989632904035261, -9.483753201149284 ], [ -35.989372136614747, -9.484439433333137 ], [ -35.989356245594195, -9.484481250908971 ], [ -35.989014595846868, -9.485399896687852 ], [ -35.989004623264691, -9.485430225424523 ], [ -35.988796799832414, -9.486062247374775 ], [ -35.988796799832414, -9.486458729686603 ], [ -35.988881026737943, -9.486789473355486 ], [ -35.989014556276686, -9.487132544031624 ], [ -35.989152195717224, -9.487323595107796 ], [ -35.989659610302738, -9.487744728736175 ], [ -35.989957485549496, -9.487950159971831 ], [ -35.990393999383514, -9.488145303862609 ], [ -35.990423980981916, -9.488158707358423 ], [ -35.990449251032089, -9.488191922918872 ], [ -35.99072168985407, -9.488550019467766 ], [ -35.990773047438154, -9.488732852539044 ], [ -35.991227050388034, -9.489377906565096 ], [ -35.991600935434803, -9.489922299474472 ], [ -35.991904973735529, -9.49038041052745 ], [ -35.992309673152874, -9.490826196371813 ], [ -35.992631423601267, -9.491054941632228 ], [ -35.992681421410452, -9.491090487336066 ], [ -35.993135769699961, -9.491284265156651 ], [ -35.993853606758478, -9.491510191042437 ], [ -35.994168138348869, -9.491646361890048 ], [ -35.994187919836577, -9.491661680042455 ], [ -35.994400962034717, -9.491826646282675 ], [ -35.994585850056865, -9.491990991091313 ], [ -35.994883725303623, -9.492280649232555 ], [ -35.995411684001965, -9.492798335874454 ], [ -35.996307854823613, -9.493662836170927 ], [ -35.996385211808047, -9.493737459216334 ], [ -35.996932930410367, -9.494312396699684 ], [ -35.997124085807854, -9.494513172145105 ], [ -35.997253929025533, -9.494650153281896 ], [ -35.997503098788911, -9.494913022418018 ], [ -35.997657046535437, -9.495045753358795 ], [ -35.997887129087701, -9.495189554953924 ], [ -35.998267177188438, -9.495339519603078 ], [ -35.998702690976359, -9.495407312297573 ], [ -35.999682597673711, -9.49551208151729 ], [ -36.000362575072756, -9.495579874211785 ], [ -36.000709753851993, -9.495631231795869 ], [ -36.001112399217789, -9.495783251395892 ], [ -36.001424706784746, -9.495934657658267 ], [ -36.001448019910129, -9.495945959438416 ], [ -36.001468478587356, -9.495970871558427 ], [ -36.001685552446247, -9.496235199394903 ], [ -36.001874548571493, -9.496461173844068 ], [ -36.00219502108331, -9.496882307472447 ], [ -36.002416887429376, -9.497128825135121 ], [ -36.002657241138706, -9.49732809331681 ], [ -36.003107135985488, -9.497537633554884 ], [ -36.003339695270654, -9.497589052292881 ], [ -36.003378777108821, -9.497597692979127 ], [ -36.003628874073229, -9.497641982791208 ], [ -36.003711721418767, -9.49764163565294 ], [ -36.003921567426346, -9.497659603208092 ], [ -36.004105469791568, -9.497690211633937 ], [ -36.004518194758816, -9.497771085866873 ], [ -36.004791754136079, -9.497865207113591 ], [ -36.004825334821305, -9.49788803010847 ], [ -36.005198424867388, -9.498141601153918 ], [ -36.005342612271704, -9.498300167818456 ], [ -36.005488461623145, -9.498459805575521 ], [ -36.005507136944743, -9.498480247165617 ], [ -36.005526865372474, -9.498526114388596 ], [ -36.005638047657726, -9.498784600229044 ], [ -36.005731717444746, -9.499007150059867 ], [ -36.005749575282607, -9.49904957827539 ], [ -36.00578194727899, -9.499330500402209 ], [ -36.00576825779882, -9.499617197975283 ], [ -36.00570392659489, -9.499897394349205 ], [ -36.005607956342089, -9.50018975315453 ], [ -36.005352203541293, -9.500550368704523 ], [ -36.005262365765532, -9.500644626648182 ], [ -36.005092242812736, -9.500823119591246 ], [ -36.004807963516669, -9.500952524839079 ], [ -36.004762223098055, -9.500973345943123 ], [ -36.004740558430001, -9.500986063256164 ], [ -36.004536936630302, -9.501105587652717 ], [ -36.004231999906835, -9.501233982062558 ], [ -36.00380107625864, -9.501443024975572 ], [ -36.003464843127972, -9.501657684154736 ], [ -36.003256202211901, -9.501863115390393 ], [ -36.003047560396567, -9.502107064589325 ], [ -36.002744759562972, -9.5024422913786 ], [ -36.002705391740392, -9.502485875222931 ], [ -36.00270235562914, -9.502489235989401 ], [ -36.002699462510122, -9.502492727157573 ], [ -36.000057701301841, -9.505680633154668 ], [ -35.999837407870018, -9.505983326069611 ], [ -35.999548631963762, -9.50632549202777 ], [ -35.999522973406442, -9.506349631630144 ], [ -35.999214985283288, -9.506639390495423 ], [ -35.998977455445186, -9.506937907858116 ], [ -35.998794492871525, -9.507143339093773 ], [ -35.998646839479989, -9.507361609050974 ], [ -35.998518445070147, -9.507573460546723 ], [ -35.998444617924747, -9.507827039686106 ], [ -35.998390050660248, -9.508087038186204 ], [ -35.998367581998252, -9.508369506247675 ], [ -35.998370791678667, -9.508513949958797 ], [ -35.998393260340663, -9.508825306942299 ], [ -35.998518445070147, -9.509139872706896 ], [ -35.998736715926668, -9.509515426895405 ], [ -35.999032022709628, -9.509849252540903 ], [ -35.99933374975268, -9.510070733077839 ], [ -35.999783131086588, -9.510282583674268 ], [ -36.000206832279446, -9.510359620500026 ], [ -36.000534286228287, -9.510317674321186 ], [ -36.000567738310451, -9.510313389051589 ], [ -36.000815929611406, -9.510273435770387 ], [ -36.001104531948556, -9.51016658731811 ], [ -36.001380981746877, -9.510017673976449 ], [ -36.001651021177622, -9.50981829337951 ], [ -36.001895652961991, -9.509602962406746 ], [ -36.002101731709502, -9.509285697776704 ], [ -36.002207707819423, -9.509019296103588 ], [ -36.002300135642713, -9.508603269725086 ], [ -36.00230240103491, -9.508138307636727 ], [ -36.002269991267042, -9.507960577318727 ], [ -36.002195867345336, -9.507716530093717 ], [ -36.002108805776743, -9.50751993379788 ], [ -36.001977118049524, -9.507298498227044 ], [ -36.001795031415497, -9.507074766687083 ], [ -36.001615872974128, -9.506850011718598 ], [ -36.001597980062684, -9.506842755089053 ], [ -36.001484357916752, -9.506796673827409 ], [ -36.001298185662677, -9.506703587700372 ], [ -36.001137692650332, -9.506578402970888 ], [ -36.001052937842758, -9.506457526893314 ], [ -36.000992093310401, -9.506370751309078 ], [ -36.000934022287254, -9.506282032289903 ], [ -36.000850587684454, -9.50613301192891 ], [ -36.000841732959543, -9.506116428430403 ], [ -36.000778187763103, -9.505997417546723 ], [ -36.000752509420749, -9.505875443396974 ], [ -36.000733250439112, -9.505698901083349 ], [ -36.000739669799884, -9.50555124679255 ], [ -36.000826335666829, -9.505271989310813 ], [ -36.000922632373545, -9.505063348394742 ], [ -36.001031766902486, -9.504928533724808 ], [ -36.001362382867626, -9.504610757380476 ], [ -36.001554974482417, -9.504501621952272 ], [ -36.001721887754854, -9.504392486524011 ], [ -36.002097441943363, -9.504206315169256 ], [ -36.002398026847402, -9.504055837007229 ], [ -36.002439552143585, -9.504035048278809 ], [ -36.002455152683126, -9.504018103252804 ], [ -36.00255966199876, -9.503904588126204 ], [ -36.002863336973405, -9.503664235316137 ], [ -36.00290498187934, -9.503631274263853 ], [ -36.002916466221905, -9.503608703978443 ], [ -36.002996202812483, -9.503451997111938 ], [ -36.003098918879971, -9.503198417972555 ], [ -36.003304350115627, -9.502777926460112 ], [ -36.003474472169103, -9.502562865283949 ], [ -36.003683113085174, -9.502341384747069 ], [ -36.003885334640415, -9.502174472373952 ], [ -36.004148484365032, -9.502077350089564 ], [ -36.00417564209215, -9.502067327145369 ], [ -36.004406301109839, -9.502015229419271 ], [ -36.004739883938441, -9.502007630147943 ], [ -36.005057275372906, -9.502078625328238 ], [ -36.0052661779917, -9.502188705943979 ], [ -36.005479260659286, -9.502362427983599 ], [ -36.005657429846451, -9.502559525201889 ], [ -36.005783488716986, -9.502760807864945 ], [ -36.005843626382216, -9.502977375405521 ], [ -36.005927650940293, -9.503385799814737 ], [ -36.005987171670597, -9.503595028887446 ], [ -36.006060395370923, -9.50379532859148 ], [ -36.006142858705914, -9.503954371896725 ], [ -36.006342758211701, -9.504184800687938 ], [ -36.006540770939807, -9.504374500982408 ], [ -36.006740592204551, -9.504507656403177 ], [ -36.006757598384411, -9.504513643190023 ], [ -36.006905814751519, -9.504565819157165 ], [ -36.007207541794571, -9.50465248592343 ], [ -36.009177120927347, -9.505053238216306 ], [ -36.009458159066753, -9.505110421608606 ], [ -36.009768364918045, -9.505161418564569 ], [ -36.010085007217242, -9.505197936435593 ], [ -36.010097775791678, -9.505198161266094 ], [ -36.010135112045759, -9.50519061775276 ], [ -36.010542589468912, -9.505108285718791 ], [ -36.010847526192322, -9.505050508773934 ], [ -36.011309746247775, -9.504928533724808 ], [ -36.011629037050398, -9.504902656632225 ], [ -36.011675367424232, -9.50489890196269 ], [ -36.011898450553019, -9.504899419072899 ], [ -36.012062888891194, -9.504908143396051 ], [ -36.012303554665266, -9.504972825335585 ], [ -36.012722875260465, -9.50511796422262 ], [ -36.013199124739799, -9.505307476558755 ], [ -36.013475358700816, -9.505403945035994 ], [ -36.013784549217519, -9.505423314634243 ], [ -36.014014415932479, -9.505403230974309 ], [ -36.014320733115312, -9.505283917019085 ], [ -36.014545559130227, -9.505152916373959 ], [ -36.01456835424608, -9.505125144409817 ], [ -36.014721829848497, -9.504938163665258 ], [ -36.014863063879261, -9.504703843507514 ], [ -36.01497752868994, -9.504497634358302 ], [ -36.014990810777249, -9.504473706995952 ], [ -36.015022903084457, -9.504228478061748 ], [ -36.015066770215242, -9.503898022175918 ], [ -36.015084164902248, -9.503678166713996 ], [ -36.015115399256217, -9.503466793657537 ], [ -36.015151653625878, -9.503335600557477 ], [ -36.015238401331089, -9.503161430655439 ], [ -36.015293045937256, -9.503063946843611 ], [ -36.015413588366357, -9.502928149214654 ], [ -36.015605074714358, -9.502757868880508 ], [ -36.015825410414323, -9.502607762138439 ], [ -36.0160661031681, -9.502512770348005 ], [ -36.016178870058752, -9.502510058892085 ], [ -36.016566217057232, -9.502500745512975 ], [ -36.016580242883833, -9.502500408267167 ], [ -36.016939740576504, -9.502613286673807 ], [ -36.016963798340555, -9.502634436030348 ], [ -36.017145276133533, -9.502793975761335 ], [ -36.0173763857116, -9.50301866597863 ], [ -36.017565767646033, -9.503208047913006 ], [ -36.017729470338736, -9.503371750605766 ], [ -36.017873914049858, -9.503525824257338 ], [ -36.018079801241811, -9.503631230197072 ], [ -36.018099759895961, -9.503641448294161 ], [ -36.018119705959634, -9.503650784156321 ], [ -36.01828477652117, -9.503728044913316 ], [ -36.01852230635933, -9.503769773456213 ], [ -36.018881811246558, -9.503760143515763 ], [ -36.019340821621597, -9.503622120064733 ], [ -36.019632918724199, -9.503426317870208 ], [ -36.020066861396515, -9.503063364982268 ], [ -36.020133732285899, -9.503007433446271 ], [ -36.020170858997915, -9.502976651451263 ], [ -36.020499581890135, -9.502704099314712 ], [ -36.020766575317168, -9.502379673383189 ], [ -36.020796733182635, -9.502343028707742 ], [ -36.021487258729962, -9.501639256146689 ], [ -36.021784618665151, -9.501277066783132 ], [ -36.021979621362391, -9.500925065839056 ], [ -36.021988810635037, -9.500909348387665 ], [ -36.022046735068727, -9.5008102808697 ], [ -36.022085173891639, -9.50056969963191 ], [ -36.022091272194416, -9.500531529706279 ], [ -36.022163609163215, -9.500134220917516 ], [ -36.022179522666818, -9.499570953936313 ], [ -36.022211159017729, -9.498906848672107 ], [ -36.022209326199402, -9.498853160045257 ], [ -36.022194389359527, -9.49841572350681 ], [ -36.022181549738661, -9.497953503451356 ], [ -36.022229697642388, -9.497411035990467 ], [ -36.02230031420811, -9.497160667430819 ], [ -36.022462393624551, -9.496905288748053 ], [ -36.022483548377011, -9.496871956275697 ], [ -36.022640543925945, -9.496660200108124 ], [ -36.022911749777393, -9.496364161276972 ], [ -36.023143524853765, -9.496201482912056 ], [ -36.023479751689138, -9.496030285269399 ], [ -36.023521297669731, -9.49600524904298 ], [ -36.023857097327152, -9.495802895287341 ], [ -36.024255527570517, -9.495612469240029 ], [ -36.024299458553116, -9.495591472768183 ], [ -36.024565050836372, -9.495333126322691 ], [ -36.024756679277289, -9.495138719875968 ], [ -36.024775172935847, -9.495107718446377 ], [ -36.024929622504033, -9.494848804528658 ], [ -36.024983758993244, -9.494669814260476 ], [ -36.025129714464697, -9.494239262032295 ], [ -36.025147768354771, -9.494186006878692 ], [ -36.02534302196284, -9.493407745271156 ], [ -36.025524253341587, -9.492734778087481 ], [ -36.025539254033276, -9.492668363154394 ], [ -36.025705482921637, -9.491932364287152 ], [ -36.025715608388566, -9.491652543829787 ], [ -36.025715653354666, -9.491090435175408 ], [ -36.025715657851265, -9.491035708730919 ], [ -36.025588213125502, -9.489208457204484 ], [ -36.025580651625717, -9.489158115854309 ], [ -36.025526226454133, -9.488795766411442 ], [ -36.025525453936496, -9.488307432741806 ], [ -36.025525347816483, -9.488240128379175 ], [ -36.025524871175833, -9.488200380143383 ], [ -36.02551980619404, -9.487778240173611 ], [ -36.025551904796544, -9.48748614217169 ], [ -36.025633470608113, -9.487100635186096 ], [ -36.025641831605185, -9.487061117176779 ], [ -36.02565322601555, -9.48702075290538 ], [ -36.025728447110112, -9.486754293675688 ], [ -36.02576696597265, -9.486452566632579 ], [ -36.025776595013781, -9.486121950667439 ], [ -36.025760473766809, -9.485649463951574 ], [ -36.025758517741338, -9.485592145660974 ], [ -36.025750328514789, -9.485539367148021 ], [ -36.025644990923524, -9.484860475230676 ], [ -36.025481288230822, -9.484263440505345 ], [ -36.025435745663117, -9.48387565283906 ], [ -36.025430418079281, -9.483830285639101 ], [ -36.025463807208894, -9.483608127912703 ], [ -36.025525078919202, -9.483345057328506 ], [ -36.0256657391825, -9.483077610643193 ], [ -36.025908226083743, -9.482856252414081 ], [ -36.026075991913444, -9.482733256634447 ], [ -36.026449725874102, -9.482479850164907 ], [ -36.026610334898976, -9.482363584911468 ], [ -36.026915066577033, -9.48190164184723 ], [ -36.027168852560465, -9.481238488065742 ], [ -36.027189237493246, -9.481171491271255 ], [ -36.027346217753689, -9.48065555560936 ], [ -36.027452143501591, -9.480376297228304 ], [ -36.027535599688122, -9.480167656312233 ], [ -36.027759247591177, -9.479800172639784 ], [ -36.027907944196215, -9.479628399431022 ], [ -36.028033128925699, -9.47950000502118 ], [ -36.028248189202543, -9.479345931369608 ], [ -36.028466460059065, -9.479256055822248 ], [ -36.029002507259861, -9.479037784965783 ], [ -36.029838733770475, -9.478735538114563 ], [ -36.03066521522743, -9.478392602336669 ], [ -36.031210892368733, -9.478219269703516 ], [ -36.032749278056713, -9.477687600402362 ], [ -36.032906257417778, -9.477633347900621 ], [ -36.034171136788473, -9.477157244111481 ], [ -36.035252587736693, -9.47676315489565 ], [ -36.035392720097889, -9.476706208025007 ], [ -36.036471856191156, -9.476267673414327 ], [ -36.03691802694533, -9.476103970721624 ], [ -36.037208984606934, -9.476049351296467 ], [ -36.03725334816346, -9.476041023574339 ], [ -36.037286444114045, -9.476036009853942 ], [ -36.037554201065461, -9.47599544953033 ], [ -36.038012590008975, -9.475991625613005 ], [ -36.038603204474271, -9.476039773516675 ], [ -36.039771594683316, -9.47612643938362 ], [ -36.042143682484891, -9.476357549861007 ], [ -36.042759976191917, -9.476367179801457 ], [ -36.043103431777922, -9.476302982596508 ], [ -36.043623429677496, -9.47612643938362 ], [ -36.044053842510777, -9.475894296484569 ], [ -36.044090799250966, -9.475874363910691 ], [ -36.044734746211532, -9.475382619112509 ], [ -36.044867919618753, -9.475280921976946 ], [ -36.044896640367597, -9.475258989310873 ], [ -36.045685415949151, -9.474481718756294 ], [ -36.045817275446836, -9.474348790863985 ], [ -36.046871809686252, -9.473285711266499 ], [ -36.047823341873709, -9.472380530137286 ], [ -36.04814176033392, -9.472021026149378 ], [ -36.048439267757942, -9.471606298391919 ], [ -36.048510635257571, -9.47150681089056 ], [ -36.048759680914486, -9.471074760391843 ], [ -36.048799387781457, -9.471015931240174 ], [ -36.049121923338021, -9.470538069276415 ], [ -36.049394761459041, -9.470168935348056 ], [ -36.049650926149297, -9.469916328375803 ], [ -36.049683621002259, -9.469884087680441 ], [ -36.049723621048201, -9.469859873434359 ], [ -36.050329727235066, -9.469492967126712 ], [ -36.05091944597558, -9.469205976374667 ], [ -36.051587307708019, -9.468892258670735 ], [ -36.051659060117515, -9.468858553879102 ], [ -36.052121946570537, -9.468704971257353 ], [ -36.052188880412473, -9.468687529805607 ], [ -36.052675240969563, -9.46856079464493 ], [ -36.053840264116843, -9.468242346507054 ], [ -36.054183192700123, -9.468148610170203 ], [ -36.055528808707493, -9.467780798245201 ], [ -36.056706827957726, -9.467472650942057 ], [ -36.057269701935127, -9.467280809361796 ], [ -36.0572851801669, -9.467275533938675 ], [ -36.057316817417131, -9.467252978941758 ], [ -36.057612009086881, -9.467042529489106 ], [ -36.058135216666869, -9.466683025501197 ], [ -36.058616695703904, -9.466362038577188 ], [ -36.059769036611726, -9.465582042177459 ], [ -36.059907060962075, -9.465482536689649 ], [ -36.060750553994808, -9.464941387634894 ], [ -36.060865598868247, -9.464867580274586 ], [ -36.061258961431861, -9.464604600521852 ], [ -36.062288778704158, -9.463916123630156 ], [ -36.062458900757633, -9.46372032233495 ], [ -36.062574861140888, -9.463496081778715 ], [ -36.062586956123084, -9.463472692210928 ], [ -36.062719776996062, -9.463141869401682 ], [ -36.06279400973574, -9.462672469159088 ], [ -36.062746087561834, -9.462262833363013 ], [ -36.062593647079098, -9.461837095205738 ], [ -36.062375781816854, -9.461572254755708 ], [ -36.061917801165521, -9.461132194894844 ], [ -36.061566231896052, -9.460796106555051 ], [ -36.061386193018336, -9.460552520682256 ], [ -36.061193033031998, -9.460208140593181 ], [ -36.061089476098402, -9.459762483351881 ], [ -36.061046549658499, -9.45933939639599 ], [ -36.0611289437457, -9.45889267615604 ], [ -36.061270228138483, -9.458555549998607 ], [ -36.061636438370897, -9.458104698273132 ], [ -36.062013173369223, -9.457776248774792 ], [ -36.062471090168629, -9.457389202149898 ], [ -36.062976171912737, -9.456935586807845 ], [ -36.063257017597266, -9.456543503080184 ], [ -36.063275245955765, -9.456500057731432 ], [ -36.063511736177645, -9.455936405840419 ], [ -36.063798938270338, -9.455184426919743 ], [ -36.063832553129771, -9.455096414767695 ], [ -36.064136646289171, -9.454177756398281 ], [ -36.064459008276572, -9.45345715212585 ], [ -36.064510094265415, -9.453370095053799 ], [ -36.064824826404561, -9.452833753774655 ], [ -36.065142345542768, -9.452245064757903 ], [ -36.065270740851986, -9.451847041907399 ], [ -36.065357406718874, -9.451455438417725 ], [ -36.0654055546226, -9.451163341315123 ], [ -36.065492319414943, -9.45099997946545 ], [ -36.065504506128036, -9.450977034162747 ], [ -36.065675860252725, -9.450654404177385 ], [ -36.065727999347644, -9.450486058284923 ], [ -36.065813207413555, -9.450354455993306 ], [ -36.065960506472152, -9.450043626911793 ], [ -36.065968232547846, -9.45002732400178 ], [ -36.066152349850995, -9.449807364218429 ], [ -36.066203251478839, -9.449762408907986 ], [ -36.066695918981452, -9.449327299814968 ], [ -36.067148509995718, -9.448967794927739 ], [ -36.067658877954784, -9.448547303415296 ], [ -36.067933664007342, -9.448327359819757 ], [ -36.06796602701047, -9.448301456646846 ], [ -36.067995830543111, -9.448277601230245 ], [ -36.068227023758084, -9.448017676474535 ], [ -36.068566603266106, -9.447464408155838 ], [ -36.068615491311846, -9.447384756101542 ], [ -36.068692596486073, -9.44728143838762 ], [ -36.069189981832153, -9.446614966107745 ], [ -36.069294647629818, -9.446412442380279 ], [ -36.069327100565204, -9.446349647218426 ], [ -36.069340976205069, -9.446322798858034 ], [ -36.070523487568835, -9.444591853930888 ], [ -36.070997928511531, -9.443937986548804 ], [ -36.071120241705728, -9.443769415825841 ], [ -36.071343751113204, -9.443441385411575 ], [ -36.073150952254593, -9.440789066162438 ], [ -36.073401321713561, -9.440371784330353 ], [ -36.073555394465814, -9.439973761479848 ], [ -36.073633068910965, -9.439613017326849 ], [ -36.073644549656194, -9.439559699220695 ], [ -36.073598205792507, -9.439079231021651 ], [ -36.073533762173327, -9.438819336842869 ], [ -36.073016137584659, -9.436731800831922 ], [ -36.073019348164337, -9.436195753631068 ], [ -36.073162062479184, -9.435727444266092 ], [ -36.073210601587959, -9.435568167137149 ], [ -36.07350360340854, -9.434663272891669 ], [ -36.073523277876916, -9.434592540313417 ], [ -36.073709468117443, -9.433923171317247 ], [ -36.07377687500275, -9.43370811014114 ], [ -36.073946918815182, -9.433045186586071 ], [ -36.073958421144198, -9.433000341892239 ], [ -36.073998355539629, -9.432844657554881 ], [ -36.074011892135047, -9.432163428299532 ], [ -36.074013716859497, -9.432071623706406 ], [ -36.074027428822717, -9.431977604083102 ], [ -36.074110700648248, -9.43140663890523 ], [ -36.074167483842245, -9.430760539866981 ], [ -36.074175566049462, -9.430668574295225 ], [ -36.074176263923391, -9.430620636832884 ], [ -36.07418131811329, -9.430273557878365 ], [ -36.074187737474062, -9.429872324448183 ], [ -36.074193961681942, -9.429521702164777 ], [ -36.07419480164873, -9.429474399623814 ], [ -36.074197367414513, -9.429329857886557 ], [ -36.074049714023033, -9.428922205994979 ], [ -36.073857121508922, -9.428476034341486 ], [ -36.073590097504962, -9.428028153976072 ], [ -36.073569787215888, -9.427994086757678 ], [ -36.073546277138917, -9.427933277298848 ], [ -36.073378852152246, -9.427500236646551 ], [ -36.073301815326488, -9.427317274072891 ], [ -36.073237618121539, -9.427147152019415 ], [ -36.073178059619693, -9.426977914898828 ], [ -36.073169756179254, -9.426954321184951 ], [ -36.07312647090987, -9.426678018875407 ], [ -36.073130918956679, -9.426625763767959 ], [ -36.073173420916589, -9.42612641520185 ], [ -36.073248866841709, -9.425731172155849 ], [ -36.073257461662479, -9.42568614759756 ], [ -36.07327653898102, -9.425625323749671 ], [ -36.073324123909174, -9.425473607221136 ], [ -36.073590703647994, -9.424742964716017 ], [ -36.073953418215638, -9.423866672508893 ], [ -36.07411712090834, -9.423398033092724 ], [ -36.074544032680933, -9.4223740865948 ], [ -36.074883418834645, -9.421665035912611 ], [ -36.07492076588062, -9.421587010731912 ], [ -36.075013842115084, -9.420992505799461 ], [ -36.074987018036438, -9.420754189054549 ], [ -36.074952525438675, -9.420152058770441 ], [ -36.074934898726553, -9.419961191156005 ], [ -36.074986945191313, -9.419592605814046 ], [ -36.075093704610708, -9.419307787824096 ], [ -36.075244128813438, -9.418958966882769 ], [ -36.075405609281404, -9.418670952702257 ], [ -36.075405656046144, -9.418666503756072 ], [ -36.075490866810014, -9.418325562674511 ], [ -36.075499482315195, -9.417962666443827 ], [ -36.075422011116871, -9.416978270330844 ], [ -36.075433964905528, -9.416675019836248 ], [ -36.075469180558173, -9.416471323392841 ], [ -36.075526387332843, -9.416230339258675 ], [ -36.076302333186106, -9.414488398320884 ], [ -36.076568961488363, -9.413925436209865 ], [ -36.076570891433448, -9.413921361381654 ], [ -36.076573087577913, -9.413917409760586 ], [ -36.077299118359576, -9.412611130099549 ], [ -36.077946577172781, -9.412143512313207 ], [ -36.078543663159508, -9.411849052691593 ], [ -36.080946922362557, -9.410790610897948 ], [ -36.084423064672649, -9.409224109704837 ], [ -36.084526588331357, -9.409173530933685 ], [ -36.08576040062195, -9.408570728855977 ], [ -36.086319173690868, -9.408320924171278 ], [ -36.086738581520251, -9.408126339658793 ], [ -36.08726185565007, -9.407888368253566 ], [ -36.087904379883184, -9.407589251043078 ], [ -36.088078258404835, -9.407508304864336 ], [ -36.088226746367184, -9.407439915919326 ], [ -36.08873175706492, -9.407207323359216 ], [ -36.08962952778046, -9.406804796703966 ], [ -36.089754639664818, -9.406740583311205 ], [ -36.090104587456722, -9.406552260778142 ], [ -36.090240725928709, -9.40647899840701 ], [ -36.090392298565689, -9.406397430796744 ], [ -36.091198245802332, -9.406018780242448 ], [ -36.091273749284085, -9.405982109486729 ], [ -36.091541208559875, -9.40586307522068 ], [ -36.091566761896502, -9.405851702394102 ], [ -36.091654929631261, -9.405799180187955 ], [ -36.091966065381541, -9.405613834410872 ], [ -36.092037729657477, -9.405547606536743 ], [ -36.092078343940386, -9.405510073331186 ], [ -36.092156705467517, -9.405437656322761 ], [ -36.092230011905485, -9.405370807916427 ], [ -36.092263216674041, -9.405340526843815 ], [ -36.092410454578783, -9.405206258961641 ], [ -36.092585317858095, -9.404920956237106 ], [ -36.092755095471261, -9.404536438505772 ], [ -36.093109906796712, -9.403788948101408 ], [ -36.093357463176346, -9.40329468879878 ], [ -36.093696289052446, -9.402672717671749 ], [ -36.09398553620349, -9.402216496094354 ], [ -36.094219563182264, -9.401953544220646 ], [ -36.094550883316572, -9.401653778598984 ], [ -36.094681043994967, -9.40157883719354 ], [ -36.095086439487545, -9.40135887381291 ], [ -36.095149093455859, -9.401324879439585 ], [ -36.095303399132547, -9.401241154355716 ], [ -36.09572075650766, -9.401099791721947 ], [ -36.095853449676895, -9.401066678684231 ], [ -36.095975574912813, -9.401036202458727 ], [ -36.095999005849421, -9.40103035506678 ], [ -36.096005570001012, -9.401026379164023 ], [ -36.09603978201028, -9.401005658784072 ], [ -36.096391546432699, -9.400792611190013 ], [ -36.096992391585559, -9.400661134803499 ], [ -36.097544632878453, -9.400534539937041 ], [ -36.098061290695966, -9.400382406123072 ], [ -36.098797141175055, -9.400162726028952 ], [ -36.09886716688618, -9.400141735852401 ], [ -36.099219564431337, -9.400036107780124 ], [ -36.099731035858554, -9.399882797652936 ], [ -36.101025602749303, -9.399490711227315 ], [ -36.101498428509615, -9.399346386226682 ], [ -36.101982270065662, -9.399188115439131 ], [ -36.102265891957302, -9.399101829985398 ], [ -36.102844386259392, -9.398962465645241 ], [ -36.103842289290185, -9.398807324498364 ], [ -36.104161493757886, -9.398754422778325 ], [ -36.10429260322104, -9.398732694258399 ], [ -36.106148544020073, -9.398489653374781 ], [ -36.106432031013355, -9.398451898935946 ], [ -36.108442632721278, -9.398184128494677 ], [ -36.108968536468751, -9.398111816706944 ], [ -36.109618027749718, -9.398017154068384 ], [ -36.110256296390901, -9.397930246283806 ], [ -36.110785283014366, -9.397845518455881 ], [ -36.110993266526009, -9.397838346362562 ], [ -36.111194424183282, -9.397839661171361 ], [ -36.111408729928883, -9.397860697213332 ], [ -36.111872489623636, -9.397955051384486 ], [ -36.111966061384578, -9.397974089132845 ], [ -36.112093720149005, -9.398000061553546 ], [ -36.112416888828307, -9.39808327941978 ], [ -36.112925962662985, -9.39816177764385 ], [ -36.113265170750992, -9.39823014500513 ], [ -36.113922550884979, -9.398357676065871 ], [ -36.114600966161618, -9.398506244067846 ], [ -36.115308307232567, -9.398652182452224 ], [ -36.115772513890363, -9.398714860702228 ], [ -36.116391669240102, -9.398828360540335 ], [ -36.11716474805462, -9.398969039689405 ], [ -36.117885236314578, -9.399114978073726 ], [ -36.118647796658422, -9.399255657222739 ], [ -36.119204018350729, -9.399352417080365 ], [ -36.12047925701205, -9.399613271735063 ], [ -36.121009104286713, -9.399709249182479 ], [ -36.121224024269281, -9.399743548425988 ], [ -36.121369303450535, -9.399766733847628 ], [ -36.121728981007607, -9.399824134875871 ], [ -36.122209479783635, -9.399920925310425 ], [ -36.122319920128177, -9.399960368676034 ], [ -36.1224982808709, -9.400018919037848 ], [ -36.12258662936938, -9.400047920375187 ], [ -36.122752476045889, -9.400102362633902 ], [ -36.122879999012696, -9.40015238472472 ], [ -36.122965247548109, -9.400185824216351 ], [ -36.123161001179199, -9.400262610131279 ], [ -36.123265232604354, -9.400308779526483 ], [ -36.1237346013707, -9.400561213828894 ], [ -36.123867913273557, -9.400647589214827 ], [ -36.123905182078431, -9.400671736911079 ], [ -36.123988391850787, -9.400735397220785 ], [ -36.124253931074009, -9.400938549574335 ], [ -36.12459926804172, -9.401244113125301 ], [ -36.125544219889775, -9.402023363986984 ], [ -36.126419340280279, -9.402745029459481 ], [ -36.126711854668315, -9.402995164195431 ], [ -36.126781271538391, -9.403054523047729 ], [ -36.126910848556747, -9.403160360662071 ], [ -36.127284452115703, -9.40346551771944 ], [ -36.127756508955656, -9.403870234223859 ], [ -36.127929998970217, -9.404012457508884 ], [ -36.12848219799497, -9.404496289172357 ], [ -36.1289660296585, -9.40492358585476 ], [ -36.12944591689552, -9.405260164325057 ], [ -36.129612891321813, -9.405352197345962 ], [ -36.129979037702412, -9.405530868354845 ], [ -36.129999160932471, -9.40554068805227 ], [ -36.130046023705006, -9.405553942260553 ], [ -36.13058318426647, -9.405705867431777 ], [ -36.130815896436445, -9.405749254324576 ], [ -36.131073674510446, -9.405758368054194 ], [ -36.131137811460803, -9.405760635245088 ], [ -36.131372451777167, -9.405752380368028 ], [ -36.131458349623074, -9.405741210788221 ], [ -36.13170993316686, -9.405708497049432 ], [ -36.131835885917383, -9.405671915326593 ], [ -36.131921892581261, -9.405646935757431 ], [ -36.132067547679128, -9.405604631648373 ], [ -36.132191695490292, -9.405560027972854 ], [ -36.13234890597721, -9.405523116198822 ], [ -36.132948060404601, -9.405415291082761 ], [ -36.133224536283308, -9.405356141772472 ], [ -36.134248733692061, -9.405099763942928 ], [ -36.134416466246876, -9.405121279323509 ], [ -36.134774550205293, -9.405033929971864 ], [ -36.13511910476285, -9.40494988113204 ], [ -36.135424128720501, -9.404849959258172 ], [ -36.135662100125785, -9.404755296619612 ], [ -36.135902701148723, -9.404626449850753 ], [ -36.136227075818852, -9.404430001043693 ], [ -36.136305017362645, -9.404377960874172 ], [ -36.13662450421748, -9.404120267336396 ], [ -36.136870364475669, -9.403888869975333 ], [ -36.137046797971323, -9.403690507410943 ], [ -36.137072297348595, -9.403661838822757 ], [ -36.137117432523439, -9.403604971991797 ], [ -36.137270524115365, -9.403412085399395 ], [ -36.137371287754661, -9.403256470309827 ], [ -36.13751196690373, -9.403025072948708 ], [ -36.137713296331526, -9.402668099653056 ], [ -36.137797293010635, -9.402519166526247 ], [ -36.138067245207139, -9.402068920943918 ], [ -36.138077497478491, -9.402055226067773 ], [ -36.13817723499136, -9.401921989708001 ], [ -36.13849540703734, -9.401645889745964 ], [ -36.138676844360816, -9.401496007834453 ], [ -36.139051550488603, -9.401200186639244 ], [ -36.139469643509187, -9.400896477490392 ], [ -36.139908773471063, -9.400575675826758 ], [ -36.140203279857417, -9.400363999698754 ], [ -36.14067264862382, -9.400026106419602 ], [ -36.140931656970338, -9.399834151524828 ], [ -36.141332126876136, -9.399551644792552 ], [ -36.141869080593551, -9.399149161304706 ], [ -36.142072867868535, -9.398976928542368 ], [ -36.142271396807473, -9.398884894622142 ], [ -36.142592197571844, -9.39874421547313 ], [ -36.14292483251495, -9.398616684412389 ], [ -36.143254836941139, -9.398519392156174 ], [ -36.143623476242396, -9.398470479828745 ], [ -36.143663943036472, -9.398465110876145 ], [ -36.143698001261725, -9.398460904746912 ], [ -36.143895124560288, -9.398436561897768 ], [ -36.144090954633782, -9.398444511005323 ], [ -36.144353975755337, -9.39844839517724 ], [ -36.14462218686441, -9.398500984832538 ], [ -36.145058687208632, -9.39857724104678 ], [ -36.145513593977114, -9.398666645349351 ], [ -36.146258852264168, -9.398802643527119 ], [ -36.147034770238406, -9.398941429603269 ], [ -36.147426019395255, -9.39901992512938 ], [ -36.14758669317132, -9.399052161328143 ], [ -36.147659195615347, -9.399069225963956 ], [ -36.148015580754418, -9.399153105731216 ], [ -36.148598019482961, -9.399289841353038 ], [ -36.148979299654911, -9.399302988542047 ], [ -36.14950257468405, -9.399262231266903 ], [ -36.149802339406392, -9.399225417518949 ], [ -36.150337446815684, -9.399011111773348 ], [ -36.150371154305276, -9.398987142142857 ], [ -36.150396067324607, -9.398969425498535 ], [ -36.15051493881333, -9.398884894622142 ], [ -36.150695292453747, -9.398760079514034 ], [ -36.151213076222461, -9.398261698618455 ], [ -36.15134718222663, -9.398090780664972 ], [ -36.151710062269501, -9.397627015574244 ], [ -36.151838901843803, -9.397453121764102 ], [ -36.152317474271968, -9.396856221037751 ], [ -36.152678878527354, -9.396434619761862 ], [ -36.154158138287414, -9.394556706726576 ], [ -36.154343486762457, -9.394351651407533 ], [ -36.154391765967205, -9.394298239771899 ], [ -36.154767562073289, -9.393818560278305 ], [ -36.155088247724393, -9.393419931284768 ], [ -36.155112410709137, -9.393382651688 ], [ -36.155288831614257, -9.393110470971408 ], [ -36.155525488210685, -9.392722616755293 ], [ -36.155671426595006, -9.392499107347874 ], [ -36.155763459615912, -9.392392612329161 ], [ -36.155961987655587, -9.39214412245326 ], [ -36.156288048554529, -9.391845672539716 ], [ -36.156645663066854, -9.39139960071094 ], [ -36.156792258855603, -9.391185909202306 ], [ -36.156888810969804, -9.391097574193623 ], [ -36.157049047675343, -9.390920903276992 ], [ -36.157324325657044, -9.390620973978741 ], [ -36.157525647890282, -9.390452520167628 ], [ -36.157766002498988, -9.390255306037488 ], [ -36.157941633799339, -9.390170283231953 ], [ -36.157964009831119, -9.390159450897897 ], [ -36.158208851157497, -9.390008267667383 ], [ -36.158553555901847, -9.389808194592433 ], [ -36.159291308447109, -9.389382695654831 ], [ -36.159367536782327, -9.389332053931071 ], [ -36.159565743764006, -9.389200376096426 ], [ -36.159662132201618, -9.389125434691039 ], [ -36.159911355024974, -9.388965079274953 ], [ -36.160017528086428, -9.388852210760888 ], [ -36.160181872895066, -9.388702246111734 ], [ -36.160383196027624, -9.388490652721373 ], [ -36.160627658739429, -9.388174288312712 ], [ -36.1607221577014, -9.388046920928616 ], [ -36.160841307080602, -9.387857923903994 ], [ -36.160974837518665, -9.387609352189827 ], [ -36.16115767148932, -9.38719232756381 ], [ -36.161424732365447, -9.386530838427404 ], [ -36.161860246153367, -9.385487248038032 ], [ -36.162170447508117, -9.384770293214387 ], [ -36.162382040898422, -9.384252606572488 ], [ -36.162663481934089, -9.383556194962409 ], [ -36.16276003494761, -9.383311732250604 ], [ -36.162840718524308, -9.383135288862434 ], [ -36.162856116716398, -9.383101616446368 ], [ -36.162865286203953, -9.383053173565088 ], [ -36.162903836542796, -9.382849512195207 ], [ -36.162964037160521, -9.382606366090897 ], [ -36.162978232059743, -9.382549035209763 ], [ -36.162984608252998, -9.382528136764051 ], [ -36.163047638137925, -9.382321553496865 ], [ -36.163090778616493, -9.382134611423112 ], [ -36.163080507459426, -9.381540914981201 ], [ -36.163066127299885, -9.380881481694985 ], [ -36.163006551710964, -9.379811185038136 ], [ -36.162953140075331, -9.378927830454984 ], [ -36.162900635855635, -9.378054177758031 ], [ -36.162888575047646, -9.377853496741409 ], [ -36.162871502317955, -9.377391201142984 ], [ -36.162890576039217, -9.377035253074439 ], [ -36.162894831631149, -9.37696837409112 ], [ -36.162916162650731, -9.376633164388977 ], [ -36.163010660713383, -9.37631474592871 ], [ -36.163088724564943, -9.376156564174039 ], [ -36.163279775641115, -9.37581554844877 ], [ -36.163494124554177, -9.37559358047929 ], [ -36.163521647406071, -9.375565079165028 ], [ -36.163580648328207, -9.375500030302135 ], [ -36.163758429907546, -9.375304024860839 ], [ -36.163972078248776, -9.375137625101274 ], [ -36.164401429882048, -9.374878782229985 ], [ -36.16461918722564, -9.374782229216464 ], [ -36.166079802241029, -9.374032405970695 ], [ -36.166663227525873, -9.373738638827092 ], [ -36.167098741313794, -9.373506501323902 ], [ -36.167392507558134, -9.373379134839183 ], [ -36.167678599887438, -9.373278478219163 ], [ -36.167726878192809, -9.373261492723657 ], [ -36.167789051923137, -9.373243692442429 ], [ -36.168062213800056, -9.373165485598633 ], [ -36.168287349181753, -9.373100844128601 ], [ -36.16834528440728, -9.373084209368699 ], [ -36.168710179830896, -9.37303281221449 ], [ -36.168778081343362, -9.373032653034443 ], [ -36.169074988919533, -9.37303195605989 ], [ -36.169500231550387, -9.373091530749491 ], [ -36.169954234500267, -9.373225061187554 ], [ -36.170192910974038, -9.373323517166511 ], [ -36.170240200924468, -9.37334302526034 ], [ -36.170594584172704, -9.37346329879216 ], [ -36.171324812090347, -9.373726624783842 ], [ -36.172226853686311, -9.374069835754256 ], [ -36.172352334292725, -9.374116125658645 ], [ -36.173951925141182, -9.374706220315772 ], [ -36.174868149045778, -9.375032855881557 ], [ -36.175375563631292, -9.375205417795769 ], [ -36.176139767935922, -9.375470423721026 ], [ -36.176541666864409, -9.375606644930656 ], [ -36.176652725043198, -9.375644286954241 ], [ -36.176994361300672, -9.375760081862268 ], [ -36.177614763110796, -9.375934698727292 ], [ -36.178259817136791, -9.376039467947066 ], [ -36.17918394248494, -9.376129108771295 ], [ -36.180118969414877, -9.376214084812091 ], [ -36.180915518736185, -9.376307286951658 ], [ -36.181635051916089, -9.376341452196243 ], [ -36.181912383949339, -9.376339398144637 ], [ -36.182356122037334, -9.376267517132192 ], [ -36.18249665099961, -9.376223096019032 ], [ -36.182754652105473, -9.376039467947066 ], [ -36.182968300446646, -9.375875123138371 ], [ -36.183122428057573, -9.375725297884117 ], [ -36.183229197369542, -9.375569030786096 ], [ -36.183409977288591, -9.375390305817916 ], [ -36.183576376148778, -9.375277318593305 ], [ -36.183759298252994, -9.375176813059454 ], [ -36.184161855485172, -9.375022583825114 ], [ -36.184336471450933, -9.374979443346604 ], [ -36.18481718066829, -9.374880836281534 ], [ -36.185141762182525, -9.374837695802967 ], [ -36.185684100141088, -9.374757577899857 ], [ -36.186273687580581, -9.374661024886336 ], [ -36.186540748456707, -9.374605558299834 ], [ -36.186750288694839, -9.374543929558683 ], [ -36.186980371247103, -9.374449430596712 ], [ -36.187198128590694, -9.374313846107043 ], [ -36.187350147291397, -9.374202913833358 ], [ -36.187703489124658, -9.373944070062748 ], [ -36.188083536326076, -9.373693444296975 ], [ -36.188486181691871, -9.373504447272353 ], [ -36.189246276994027, -9.373128508174091 ], [ -36.189844081539093, -9.372834741929751 ], [ -36.190279596226333, -9.372643690853579 ], [ -36.190519950835039, -9.372592333269495 ], [ -36.190965735780026, -9.372575898159141 ], [ -36.191136243642688, -9.37259644137265 ], [ -36.191479314318883, -9.372647799856054 ], [ -36.191853198466276, -9.37277516634083 ], [ -36.193525731527245, -9.373317543869518 ], [ -36.193723224447183, -9.373381588189716 ], [ -36.194329518592383, -9.373606094945274 ], [ -36.194379518200151, -9.373633426241554 ], [ -36.194692257441659, -9.373804376570661 ], [ -36.194918231890824, -9.374040623076269 ], [ -36.195027111012337, -9.37426043447141 ], [ -36.195086685701938, -9.374500789080116 ], [ -36.195096573747833, -9.374603615764215 ], [ -36.195114526913869, -9.374790312323 ], [ -36.195112611357899, -9.37481283764231 ], [ -36.195101065861479, -9.374948628975972 ], [ -36.195078468596421, -9.375211580849736 ], [ -36.194998350693311, -9.375546433521038 ], [ -36.194943966890492, -9.375776227390929 ], [ -36.194933064409327, -9.37582229606204 ], [ -36.194914909795216, -9.375883351935101 ], [ -36.194842222990133, -9.376127803855013 ], [ -36.194815516722656, -9.376294202715258 ], [ -36.194786695249718, -9.376475047385497 ], [ -36.194792919457598, -9.376678358919094 ], [ -36.194790502979288, -9.3768121969253 ], [ -36.194790208900997, -9.376828501634009 ], [ -36.194876354060455, -9.377146332836958 ], [ -36.194993708392872, -9.377543221642327 ], [ -36.195121329385813, -9.377946161086413 ], [ -36.195316520940651, -9.378588533334096 ], [ -36.195392778054213, -9.3788394954463 ], [ -36.195501657175669, -9.37933047582078 ], [ -36.195581299337448, -9.379764551592757 ], [ -36.195635186714469, -9.379977583898324 ], [ -36.195727630725514, -9.380111114336387 ], [ -36.195922790804104, -9.3803165455721 ], [ -36.196137943711108, -9.380465840226293 ], [ -36.196156088432701, -9.380478430734968 ], [ -36.196184537586305, -9.380490132713419 ], [ -36.196341870380991, -9.380554846129201 ], [ -36.196598659200731, -9.380651398243401 ], [ -36.196991032510084, -9.380793145786981 ], [ -36.197915473520254, -9.381150595723341 ], [ -36.198449318281348, -9.381372872160284 ], [ -36.198534347382179, -9.381408275771264 ], [ -36.198565097900882, -9.381420602778576 ], [ -36.198696112035918, -9.381473123186026 ], [ -36.199004258439743, -9.381637467994722 ], [ -36.199271319315869, -9.38178332454072 ], [ -36.19949892783319, -9.381931824194282 ], [ -36.199560529594748, -9.381972014896519 ], [ -36.199920163085039, -9.382166694737123 ], [ -36.199970667212483, -9.382187157910948 ], [ -36.200206030583786, -9.382282522020716 ], [ -36.200356794730226, -9.382330499952559 ], [ -36.200483362617035, -9.382348259764342 ], [ -36.200668250639239, -9.382356476869859 ], [ -36.200828487344779, -9.382350313815891 ], [ -36.20108322211297, -9.382309228288193 ], [ -36.201315984644907, -9.382241587579131 ], [ -36.201358311237016, -9.382229287551525 ], [ -36.201389241620177, -9.38221087303333 ], [ -36.20152079085176, -9.382132557371563 ], [ -36.201609125860443, -9.382075036733511 ], [ -36.201723447678944, -9.382007695498714 ], [ -36.20181250304455, -9.381890148711364 ], [ -36.201923435318236, -9.381781269589851 ], [ -36.202157626872918, -9.381493666399535 ], [ -36.202432904854618, -9.381142378617824 ], [ -36.202753377366435, -9.380756168362439 ], [ -36.203203272213216, -9.380203558347489 ], [ -36.203320496143931, -9.380023164237571 ], [ -36.203363429778392, -9.379978733231894 ], [ -36.203429631572192, -9.37990439886886 ], [ -36.203561235662448, -9.37975674547738 ], [ -36.20369604943312, -9.379625141387123 ], [ -36.203811605121416, -9.379522425319635 ], [ -36.203943209211673, -9.37941008021096 ], [ -36.204155059808102, -9.379297735102341 ], [ -36.204472836152434, -9.379127612149546 ], [ -36.204922217486285, -9.378922180913889 ], [ -36.205516041631995, -9.378652552473284 ], [ -36.206052088832791, -9.378421442895217 ], [ -36.206446902002881, -9.378251319942422 ], [ -36.206610604695584, -9.378216011659561 ], [ -36.206886652496962, -9.378129345792615 ], [ -36.207140231636345, -9.37804267902635 ], [ -36.207413070656628, -9.377956013159405 ], [ -36.20755345392871, -9.377951322295644 ], [ -36.207572576213352, -9.377950683776987 ], [ -36.20775154579718, -9.377926016272568 ], [ -36.207889631301384, -9.377916547310747 ], [ -36.208040229972596, -9.377919553744391 ], [ -36.208264668379684, -9.377947066703712 ], [ -36.20853334983417, -9.378005825708271 ], [ -36.208799577938123, -9.378107470683176 ], [ -36.209083635101649, -9.378284025587277 ], [ -36.209658451176551, -9.37867080421421 ], [ -36.209843393157996, -9.378767841062995 ], [ -36.210043016571888, -9.378863866174413 ], [ -36.210196562321471, -9.378919976675547 ], [ -36.21033573870335, -9.378964662189389 ], [ -36.210523019821437, -9.37900561281873 ], [ -36.210694696802761, -9.379039046015123 ], [ -36.211137104793522, -9.379102012947499 ], [ -36.21130571328797, -9.379115975821605 ], [ -36.211736718774489, -9.379151668114957 ], [ -36.212028595543188, -9.379164816203286 ], [ -36.21219049059863, -9.379167909871114 ], [ -36.212236949575527, -9.379168797501961 ], [ -36.212281967838521, -9.379160727885221 ], [ -36.212457207034447, -9.37912931726413 ], [ -36.212637093926674, -9.379072046637589 ], [ -36.212863467674822, -9.378999156585735 ], [ -36.213165143456536, -9.378841934407717 ], [ -36.213328846149295, -9.378742428919907 ], [ -36.213624153831574, -9.378524158063385 ], [ -36.213924653300069, -9.378306113836061 ], [ -36.213951859590622, -9.378286372817797 ], [ -36.214083674122207, -9.37816530158733 ], [ -36.214473490659032, -9.377807254501136 ], [ -36.215566120180256, -9.37680367225164 ], [ -36.216522659792872, -9.375946639026097 ], [ -36.21801845538738, -9.374614546124349 ], [ -36.21934733860877, -9.373455785855811 ], [ -36.22066393619167, -9.372312288881005 ], [ -36.222183059300676, -9.370950937435794 ], [ -36.22260715079932, -9.370592583680718 ], [ -36.222805515162349, -9.370355187841596 ], [ -36.223002729292489, -9.370184679079614 ], [ -36.223644732818116, -9.369681345617551 ], [ -36.223692967056763, -9.36964353002486 ], [ -36.224222829619862, -9.369166093440413 ], [ -36.224417281931949, -9.368990881224136 ], [ -36.224640016123828, -9.368767204542792 ], [ -36.224882424784028, -9.368543284145176 ], [ -36.225048823644272, -9.368399482550046 ], [ -36.225198788293426, -9.368247463849343 ], [ -36.225398056475058, -9.368093390197771 ], [ -36.22556856523704, -9.367963968762126 ], [ -36.225767833418729, -9.367848926586646 ], [ -36.22594244938449, -9.367756482575544 ], [ -36.226080088824972, -9.367686636728877 ], [ -36.22621978141774, -9.367633224193867 ], [ -36.226462190077939, -9.367557214393855 ], [ -36.226920302030294, -9.367489422598737 ], [ -36.227314730290516, -9.367466825333679 ], [ -36.228035793217259, -9.367485313596319 ], [ -36.228952006329962, -9.367519020186592 ], [ -36.229956656974082, -9.367531139450477 ], [ -36.230579020205596, -9.367548597090035 ], [ -36.231577426856745, -9.367555160342306 ], [ -36.232401152790942, -9.367585671641393 ], [ -36.233585393551039, -9.36759361715167 ], [ -36.233680056189598, -9.367596246769324 ], [ -36.234516924816205, -9.367619795517101 ], [ -36.234519190208403, -9.367619859368972 ], [ -36.234521542834898, -9.367619884549981 ], [ -36.235366646553473, -9.36762895151486 ], [ -36.235491698183296, -9.367638578757351 ], [ -36.235648376271513, -9.36765064046466 ], [ -36.235987829874432, -9.367676773863991 ], [ -36.236751812945784, -9.367758280320345 ], [ -36.237141811145648, -9.367821474781181 ], [ -36.237526392728796, -9.367895502475392 ], [ -36.237748475811486, -9.367964112653624 ], [ -36.237995835239587, -9.368043556964551 ], [ -36.238273889428399, -9.368144667742172 ], [ -36.238602499006106, -9.368283694836578 ], [ -36.23892208118906, -9.368415499475645 ], [ -36.239275968910817, -9.3685743880975 ], [ -36.239792355133034, -9.3687784145921 ], [ -36.240182353332898, -9.368948136447273 ], [ -36.240664434915686, -9.369132302313858 ], [ -36.240976794643302, -9.369253273719551 ], [ -36.24138484763256, -9.369430217130741 ], [ -36.241960817537631, -9.369679383296841 ], [ -36.242547620676135, -9.369921326108283 ], [ -36.243000813336835, -9.370119936885544 ], [ -36.243515078058351, -9.370323096433708 ], [ -36.243961363925735, -9.370524379096764 ], [ -36.244236203937646, -9.370619583127223 ], [ -36.244294657172645, -9.370639831363064 ], [ -36.244914844944105, -9.370911552526081 ], [ -36.244918995315345, -9.370913370955236 ], [ -36.244949083033703, -9.370925773505576 ], [ -36.245123690006267, -9.370997747148238 ], [ -36.245265159659368, -9.371051526606607 ], [ -36.245512329330495, -9.371145487774015 ], [ -36.245809751318916, -9.371287336041689 ], [ -36.245965056142381, -9.371361404205402 ], [ -36.246011415294561, -9.371380995036873 ], [ -36.246261631868776, -9.371486736423719 ], [ -36.246345222054288, -9.37155900954059 ], [ -36.246465984817291, -9.371663421729465 ], [ -36.246512397928768, -9.371708756553801 ], [ -36.246610835921274, -9.371804910268338 ], [ -36.246689625525732, -9.371881869752428 ], [ -36.24671603411764, -9.371916496349172 ], [ -36.246998295335004, -9.372286593451463 ], [ -36.247218900831569, -9.372477210155068 ], [ -36.247243578228506, -9.372498533080773 ], [ -36.247302368709313, -9.372558861402297 ], [ -36.247689820029109, -9.372956451678874 ], [ -36.248078605942851, -9.373312448310799 ], [ -36.248374122267876, -9.373463810506394 ], [ -36.248675648762116, -9.373588393589444 ], [ -36.248767732145097, -9.373615476672853 ], [ -36.249408701450363, -9.373792420084101 ], [ -36.250177936562466, -9.373990163914868 ], [ -36.250737223144313, -9.374156562775113 ], [ -36.251057310746262, -9.374319495648137 ], [ -36.251389603947018, -9.37451760010714 ], [ -36.251487225355106, -9.374564969197934 ], [ -36.251726911767548, -9.374680749716788 ], [ -36.251908707021187, -9.374750827588571 ], [ -36.25207526955802, -9.374789421094874 ], [ -36.252279409367191, -9.374809733182587 ], [ -36.252473392233242, -9.374798561804141 ], [ -36.252685657417089, -9.374763015200926 ], [ -36.252828859164481, -9.374720358557681 ], [ -36.253023859163704, -9.374627937029629 ], [ -36.25346057534523, -9.37435168867944 ], [ -36.253692137282258, -9.37425114177671 ], [ -36.253886120148309, -9.374201376891961 ], [ -36.254213150516421, -9.374199345323461 ], [ -36.254448774691184, -9.374210517601284 ], [ -36.255076427734934, -9.374332391926316 ], [ -36.25557001884124, -9.374439031735903 ], [ -36.255670565743969, -9.374459344722936 ], [ -36.255864549509283, -9.374470516101383 ], [ -36.256015876631352, -9.374442078638992 ], [ -36.256199704352809, -9.374380126141887 ], [ -36.256399781025038, -9.374297860657691 ], [ -36.256582592512586, -9.374197314654282 ], [ -36.256948216387059, -9.373980987232756 ], [ -36.257186887464854, -9.373860128242256 ], [ -36.257356496005457, -9.373790050370474 ], [ -36.257565713386896, -9.373670207613941 ], [ -36.257718056742874, -9.373629582539138 ], [ -36.257973921059545, -9.373559650357549 ], [ -36.258136492405129, -9.373549348623499 ], [ -36.258191672107955, -9.373553985527963 ], [ -36.258214272970292, -9.37355588489612 ], [ -36.258284029784079, -9.37356729729288 ], [ -36.258546802692763, -9.373610285786015 ], [ -36.258852504739252, -9.373696613507889 ], [ -36.259143987604887, -9.373748409961081 ], [ -36.259357268123381, -9.373759582238904 ], [ -36.259604063676534, -9.373725050970279 ], [ -36.259728849107034, -9.373691049402339 ], [ -36.259750590217493, -9.373685125568045 ], [ -36.259795089571696, -9.373669791227826 ], [ -36.259941250088559, -9.373619426495281 ], [ -36.260201248588714, -9.373499582839429 ], [ -36.260477497838224, -9.373303568404936 ], [ -36.260609528207112, -9.373159350423634 ], [ -36.260760855329181, -9.372929820055106 ], [ -36.260825855628696, -9.372767320655271 ], [ -36.260870551035055, -9.372639938882003 ], [ -36.260898272637121, -9.372560933440298 ], [ -36.260940981441081, -9.372335311525376 ], [ -36.260944486998426, -9.372292323931561 ], [ -36.260958127915217, -9.372125063520798 ], [ -36.260977182750764, -9.371986308920953 ], [ -36.261031010772513, -9.371645060271248 ], [ -36.261112260022742, -9.371132171512443 ], [ -36.26119452550688, -9.37068732995624 ], [ -36.261242259722451, -9.370447643543855 ], [ -36.261312337594234, -9.370103347991062 ], [ -36.261314815226513, -9.369894829382815 ], [ -36.261316425912298, -9.369759236799268 ], [ -36.261300814580864, -9.369715583707148 ], [ -36.261237181250863, -9.369537647444417 ], [ -36.261177260322256, -9.369390382560084 ], [ -36.261133718746066, -9.369280247085669 ], [ -36.261098041741207, -9.369240070772605 ], [ -36.261007151758577, -9.369104488081632 ], [ -36.260961948235263, -9.369058274619647 ], [ -36.260855843522336, -9.368939284420378 ], [ -36.260812412562757, -9.368890578037679 ], [ -36.260625764567351, -9.368711214550842 ], [ -36.260565143066856, -9.368648810594095 ], [ -36.260408435301031, -9.368487495601414 ], [ -36.260261170416641, -9.368346324523202 ], [ -36.260140311426198, -9.368200074973458 ], [ -36.260016405532667, -9.367965467032604 ], [ -36.259962577510919, -9.367829373526718 ], [ -36.259941731225865, -9.367780859598952 ], [ -36.259926020069713, -9.367744297661147 ], [ -36.259922982159878, -9.367732410422377 ], [ -36.259906099187106, -9.367666344426198 ], [ -36.259880312926043, -9.367549062938849 ], [ -36.259876249789045, -9.367472891260888 ], [ -36.259870155982867, -9.3673215632395 ], [ -36.259920937101526, -9.367034142611544 ], [ -36.259969687551006, -9.366736565939732 ], [ -36.2600367185197, -9.366394301955438 ], [ -36.260077342695183, -9.366194225283209 ], [ -36.260127108479253, -9.365904773086754 ], [ -36.260158592844732, -9.365817430030347 ], [ -36.26021445153566, -9.365651883727423 ], [ -36.260290623213621, -9.365473134477554 ], [ -36.260349528807637, -9.365368525337146 ], [ -36.260425700485655, -9.36516133862483 ], [ -36.260477497838224, -9.364991730084228 ], [ -36.260508981304383, -9.364872902662285 ], [ -36.260590231453989, -9.364522513303314 ], [ -36.260644059475737, -9.364259467900069 ], [ -36.260709058875932, -9.36398220331597 ], [ -36.260787261223072, -9.363810564106188 ], [ -36.260854292191766, -9.36372728238814 ], [ -36.260960932900673, -9.363584080640749 ], [ -36.261091947935029, -9.36345204937254 ], [ -36.261156947335223, -9.363384003069257 ], [ -36.261275774757166, -9.363296660012793 ], [ -36.261412883597643, -9.363222519004012 ], [ -36.261622101878459, -9.36314939512846 ], [ -36.261814054075273, -9.36310064467898 ], [ -36.26197249033811, -9.363089473300533 ], [ -36.262133974403355, -9.363089473300533 ], [ -36.262315770556313, -9.363118926097513 ], [ -36.26264991006525, -9.363230644378689 ], [ -36.262810550566428, -9.363298080042341 ], [ -36.262869831177738, -9.363322965182647 ], [ -36.263262574108467, -9.363441328554416 ], [ -36.263310234579592, -9.363446988887404 ], [ -36.26347256220896, -9.363466268553395 ], [ -36.263653321443599, -9.363470888370728 ], [ -36.263664904711561, -9.363471184247715 ], [ -36.263690813280391, -9.363467683186968 ], [ -36.263866622646447, -9.363443924897183 ], [ -36.263956211310074, -9.363428847763089 ], [ -36.264029333386986, -9.363400803304387 ], [ -36.264237324093187, -9.363321034338242 ], [ -36.264434354761647, -9.363241815757135 ], [ -36.264610057108428, -9.363169707216173 ], [ -36.264899509304882, -9.36305189512882 ], [ -36.265282397464603, -9.362896504869752 ], [ -36.265446928432937, -9.362828458566469 ], [ -36.26583997353589, -9.362675099875901 ], [ -36.26625135671469, -9.362519231177544 ], [ -36.266410021405306, -9.362452963733233 ], [ -36.266737434884647, -9.362324637671861 ], [ -36.267066839463041, -9.362189010914051 ], [ -36.267290890262359, -9.362101532060024 ], [ -36.267683650280219, -9.361946213746705 ], [ -36.268054403887561, -9.361804543544793 ], [ -36.268351341141454, -9.361682885956384 ], [ -36.268537901902619, -9.36160879800758 ], [ -36.26865662230523, -9.361576662532912 ], [ -36.26878159119741, -9.361539172494759 ], [ -36.268977078629234, -9.361508822174358 ], [ -36.269182384859107, -9.361473117290473 ], [ -36.269334132863889, -9.361450801513229 ], [ -36.269727785009252, -9.361408847240455 ], [ -36.26984833912951, -9.361397076014214 ], [ -36.269871828522014, -9.361394781843671 ], [ -36.269875924933956, -9.361394381645368 ], [ -36.269883032276084, -9.361393688268038 ], [ -36.269982800365881, -9.361383945912337 ], [ -36.270135719287964, -9.361363322659145 ], [ -36.270465101383252, -9.361341899908723 ], [ -36.270791805297506, -9.361339221727633 ], [ -36.270885172013038, -9.361351338293559 ], [ -36.270937763466975, -9.36135816324861 ], [ -36.271025675794249, -9.361369571148771 ], [ -36.271274721451164, -9.361402598750885 ], [ -36.271554666914312, -9.361433423014034 ], [ -36.271763885195128, -9.361465083646635 ], [ -36.271860429215394, -9.361480544791277 ], [ -36.271936244761832, -9.361492686538213 ], [ -36.271968404518191, -9.36149783695555 ], [ -36.272178960990232, -9.361548098266098 ], [ -36.272424435439291, -9.361620401959954 ], [ -36.272870752782978, -9.361789110279176 ], [ -36.273148505698941, -9.361886978101495 ], [ -36.273615450792363, -9.36200151395866 ], [ -36.273803556588803, -9.362049758989144 ], [ -36.274106160470865, -9.362121170555554 ], [ -36.274584612389901, -9.362225608824758 ], [ -36.274846155026012, -9.362307731316719 ], [ -36.275045212766315, -9.362389853808679 ], [ -36.275226417165356, -9.36248893571576 ], [ -36.275435293703822, -9.362630864922437 ], [ -36.275534376510223, -9.36271120226013 ], [ -36.275873577403615, -9.362984348848556 ], [ -36.276246180916473, -9.363276130289137 ], [ -36.276526987030763, -9.363461908640147 ], [ -36.276795670283889, -9.363625260597246 ], [ -36.277424978080205, -9.363983206959404 ], [ -36.277713298929541, -9.364141203453755 ], [ -36.277975733693097, -9.364259031728864 ], [ -36.278152475656157, -9.364309911772978 ], [ -36.27823549027562, -9.364317052389993 ], [ -36.278395271924239, -9.364341154220824 ], [ -36.278578006969383, -9.364327768711519 ], [ -36.27862940142569, -9.36432400414941 ], [ -36.27866768736385, -9.364313205989617 ], [ -36.278764823138033, -9.364285810841466 ], [ -36.278821991241841, -9.364273661899915 ], [ -36.278876685310763, -9.364262039061828 ], [ -36.278907644472156, -9.364255460521065 ], [ -36.278978263735837, -9.364222414932442 ], [ -36.279103027582607, -9.364164031844552 ], [ -36.279186147422706, -9.364125136166081 ], [ -36.279487857378683, -9.363968032698494 ], [ -36.279816347346525, -9.363785935272631 ], [ -36.280067501014344, -9.363639136237111 ], [ -36.280515280655607, -9.363341402183892 ], [ -36.280775037238129, -9.363193225387022 ], [ -36.280941960403084, -9.363093249553799 ], [ -36.281226710943884, -9.362952213373887 ], [ -36.28151770997431, -9.362837063279812 ], [ -36.281849770250631, -9.362740658654445 ], [ -36.282192542351879, -9.362656751008217 ], [ -36.282689814383389, -9.362541350003255 ], [ -36.28278285284631, -9.362519759079589 ], [ -36.283311041771128, -9.362393225366986 ], [ -36.283992094759299, -9.36223007216006 ], [ -36.284249510406539, -9.362172373456247 ], [ -36.284644768741032, -9.36206277757509 ], [ -36.284662057308083, -9.362057984188596 ], [ -36.284699280247537, -9.362041625520533 ], [ -36.284839205764683, -9.361980133476322 ], [ -36.284986490434164, -9.361877481260706 ], [ -36.285248032170898, -9.361611475289294 ], [ -36.285383896349686, -9.361351377863741 ], [ -36.285433971500538, -9.361255515529592 ], [ -36.285477440231659, -9.361172299461998 ], [ -36.285537560809757, -9.361053735541418 ], [ -36.285654085967224, -9.360823935376288 ], [ -36.286085324378178, -9.359973489684762 ], [ -36.286188108794136, -9.359776793564151 ], [ -36.286221434971196, -9.359713019939875 ], [ -36.286333477008327, -9.359498608074261 ], [ -36.286437915277531, -9.359354001585871 ], [ -36.28661328307652, -9.35917880016143 ], [ -36.286641046047407, -9.359151064170248 ], [ -36.286654965753996, -9.359140802905699 ], [ -36.286793683481676, -9.359038543693771 ], [ -36.286913653941951, -9.358983700337433 ], [ -36.287213515791052, -9.358890326427399 ], [ -36.287466799952824, -9.358850929826531 ], [ -36.287513497250075, -9.358843666002315 ], [ -36.287577605422086, -9.358844440318592 ], [ -36.287643425004035, -9.358845235319336 ], [ -36.287689194200937, -9.358845787503071 ], [ -36.287707033153026, -9.358846003340318 ], [ -36.287946667404753, -9.358869696878969 ], [ -36.288414804999206, -9.358982367542183 ], [ -36.289072525076904, -9.359131270991327 ], [ -36.289230386672955, -9.359167009150099 ], [ -36.289251348970538, -9.359166534308088 ], [ -36.2892837695303, -9.359165800461255 ], [ -36.289318189282938, -9.35916502074906 ], [ -36.289465337255479, -9.359161687861558 ], [ -36.28982397789423, -9.359087103487013 ], [ -36.290031862480419, -9.358990302260622 ], [ -36.29019214055478, -9.358860175756433 ], [ -36.290466675696507, -9.358579293199796 ], [ -36.290544433778564, -9.358439645573128 ], [ -36.290576171752889, -9.358346018054249 ], [ -36.290639386898135, -9.35812575430009 ], [ -36.290653529636643, -9.358076475049245 ], [ -36.290677733990208, -9.357992137527106 ], [ -36.290782469934982, -9.357692211826077 ], [ -36.290842772176177, -9.357568433636231 ], [ -36.291012571373017, -9.357271681642771 ], [ -36.291306148759702, -9.356801956744846 ], [ -36.291636310567242, -9.356263805130482 ], [ -36.291769526242604, -9.356032307045268 ], [ -36.291948531799278, -9.355767992698645 ], [ -36.291992875570713, -9.355702515758423 ], [ -36.292047556149726, -9.355612852451145 ], [ -36.292263054396415, -9.355259483638235 ], [ -36.292413810448977, -9.354961145240622 ], [ -36.292521020428694, -9.354702332046941 ], [ -36.292651846605395, -9.354081998585343 ], [ -36.292729604687452, -9.353651946380182 ], [ -36.292897816580933, -9.353317108997317 ], [ -36.293250212327393, -9.352664926944783 ], [ -36.293535753372282, -9.352088843725085 ], [ -36.293764268406221, -9.351622292534728 ], [ -36.29389503163037, -9.35136917744552 ], [ -36.293987470245497, -9.35119024563329 ], [ -36.294120915248016, -9.350931937858604 ], [ -36.29417845117456, -9.350811382839026 ], [ -36.294249861841593, -9.350678083526702 ], [ -36.294384748457333, -9.35041306950751 ], [ -36.294581796212867, -9.350022350950667 ], [ -36.294653210477236, -9.349880745499945 ], [ -36.294905858818311, -9.349413577374662 ], [ -36.294934954584448, -9.349357144916269 ], [ -36.295117900070977, -9.349002309309071 ], [ -36.295403025629071, -9.348589598730939 ], [ -36.295448390131071, -9.348523934731759 ], [ -36.295515326670966, -9.348414171576735 ], [ -36.295590163755037, -9.348309926661727 ], [ -36.29601132885972, -9.34772326201886 ], [ -36.296250951420234, -9.34734716553919 ], [ -36.296515964540106, -9.347045652534803 ], [ -36.29686032394477, -9.34670446773697 ], [ -36.297160086868473, -9.346416526401526 ], [ -36.297242624847229, -9.346337243069286 ], [ -36.297423675462198, -9.346163333071331 ], [ -36.298213955609526, -9.345411139212672 ], [ -36.298344082113658, -9.345287360123507 ], [ -36.298560762069485, -9.345001090627761 ], [ -36.298594205158395, -9.344956906935636 ], [ -36.298654752914445, -9.344889232951687 ], [ -36.298798257733381, -9.344517833631073 ], [ -36.298803781369372, -9.344490920519547 ], [ -36.298834435660638, -9.344341563812065 ], [ -36.29892899757516, -9.343954622407864 ], [ -36.298966420164106, -9.343801489447117 ], [ -36.298978974699878, -9.343755116805141 ], [ -36.299120079228203, -9.343233902122847 ], [ -36.299158618775209, -9.343137623402527 ], [ -36.299172769607594, -9.343102273750901 ], [ -36.299189943960698, -9.343059367995409 ], [ -36.299272422584181, -9.342927629006851 ], [ -36.299431098066691, -9.34274164920771 ], [ -36.299465925212246, -9.342700828980014 ], [ -36.300425874154712, -9.341818823379924 ], [ -36.301065801145739, -9.341235596845252 ], [ -36.301092821276654, -9.341207079343178 ], [ -36.301290968003741, -9.3409979500953 ], [ -36.301448040894343, -9.340732568253372 ], [ -36.301490879200685, -9.340660190815129 ], [ -36.301507440216142, -9.340632209308978 ], [ -36.301553792173706, -9.340553895445851 ], [ -36.301570588811558, -9.340521484778662 ], [ -36.301792430875935, -9.340093413779982 ], [ -36.301851145813657, -9.339907745146263 ], [ -36.301913035358268, -9.339485627659542 ], [ -36.301985388514822, -9.339188107644986 ], [ -36.301995993320418, -9.339144500418286 ], [ -36.302011937400948, -9.339113074508759 ], [ -36.302073313432629, -9.338992100405051 ], [ -36.302109465279557, -9.338912873730067 ], [ -36.302119469337981, -9.338890950057248 ], [ -36.302147897807174, -9.338828648623178 ], [ -36.302406563512079, -9.338601720892655 ], [ -36.302611274390756, -9.33843509540327 ], [ -36.302911816127391, -9.33832559305165 ], [ -36.30294537702747, -9.338313364969792 ], [ -36.302966208923351, -9.338307707334764 ], [ -36.303472965205117, -9.338170082283398 ], [ -36.304002301664866, -9.337999850512631 ], [ -36.304020567794907, -9.337993976141036 ], [ -36.304051651062821, -9.337987160179239 ], [ -36.304237853893824, -9.337946328260387 ], [ -36.304445739379332, -9.337936807137908 ], [ -36.304528421249586, -9.337952143276766 ], [ -36.304563434554836, -9.337958638180567 ], [ -36.304642515539626, -9.33797330612316 ], [ -36.304885050104929, -9.338033441989694 ], [ -36.304960654310719, -9.338052188357779 ], [ -36.304992308648082, -9.33806734373286 ], [ -36.305220150089838, -9.338176429698422 ], [ -36.305280452330976, -9.338228798120497 ], [ -36.305740655207046, -9.338568395614914 ], [ -36.306086601015807, -9.338785802222958 ], [ -36.306515719724644, -9.33905735881001 ], [ -36.306555747649611, -9.339082689114775 ], [ -36.307145284727085, -9.339417064246049 ], [ -36.307734823603198, -9.33975143937738 ], [ -36.308496882125382, -9.340187526033446 ], [ -36.3086320511282, -9.340274253054304 ], [ -36.309008096346531, -9.340515530367384 ], [ -36.309235024077054, -9.340682155856769 ], [ -36.309472910046736, -9.340880850270992 ], [ -36.309545336947679, -9.340941344067744 ], [ -36.309682481761058, -9.341080389148601 ], [ -36.30970001854098, -9.341098168745418 ], [ -36.310142734999204, -9.341547020378641 ], [ -36.310305952957322, -9.341738179373408 ], [ -36.31041989346329, -9.341871625275246 ], [ -36.310609558684121, -9.342093759619274 ], [ -36.310753694827099, -9.342254780533665 ], [ -36.311045180390693, -9.342593751200639 ], [ -36.311111844436027, -9.34267127635826 ], [ -36.311363701373693, -9.342991929633797 ], [ -36.311387946196703, -9.343024928457623 ], [ -36.311459867678707, -9.34312281876305 ], [ -36.311546169320195, -9.343299697423049 ], [ -36.311575265985709, -9.343359333266562 ], [ -36.311613699412646, -9.343435182087944 ], [ -36.311757859837314, -9.343719683516554 ], [ -36.31189785460225, -9.343978162162387 ], [ -36.312110500199367, -9.344417734590706 ], [ -36.312161281318026, -9.344612924346961 ], [ -36.312166041429634, -9.34487635106268 ], [ -36.312180588863043, -9.345101168084398 ], [ -36.31218465829528, -9.34516405497709 ], [ -36.312198824416157, -9.345395015267684 ], [ -36.312239039400083, -9.346050662408118 ], [ -36.312254076964052, -9.346302835907125 ], [ -36.312226343670773, -9.346766357281524 ], [ -36.312208412088523, -9.346973587161244 ], [ -36.312047023351397, -9.347440793058126 ], [ -36.311983612153938, -9.34755775078952 ], [ -36.311939620916746, -9.347638888523818 ], [ -36.311924662493141, -9.347666477925543 ], [ -36.31169949113854, -9.348016840304865 ], [ -36.311505032531159, -9.348280443287763 ], [ -36.311437932314675, -9.348371403417502 ], [ -36.311354025567766, -9.348481113512548 ], [ -36.310986969972646, -9.348961049312948 ], [ -36.310720281415797, -9.349339051456013 ], [ -36.310601043903034, -9.349508058350182 ], [ -36.310439486992664, -9.349737047326812 ], [ -36.310315958814385, -9.349876657181937 ], [ -36.310270384770376, -9.349928164053495 ], [ -36.310237804131305, -9.349962868891225 ], [ -36.309877721879332, -9.350346419851348 ], [ -36.309607296639399, -9.35064803268051 ], [ -36.309535641356717, -9.350727951833449 ], [ -36.309178483700009, -9.351093931839443 ], [ -36.308890455130381, -9.351420827309312 ], [ -36.307995650378928, -9.352436375937941 ], [ -36.307922652408422, -9.352515721323414 ], [ -36.307542709528377, -9.352955655279231 ], [ -36.307291807670765, -9.353246172272975 ], [ -36.306927661382417, -9.353667815817005 ], [ -36.306105644160084, -9.354658045832082 ], [ -36.305843847015865, -9.355019988781407 ], [ -36.305797181194919, -9.355084505245657 ], [ -36.305446278323018, -9.355641243148796 ], [ -36.304962306365326, -9.356598592151272 ], [ -36.304877034447543, -9.356762909980262 ], [ -36.304617124980268, -9.357263746924332 ], [ -36.304597964924085, -9.357334582025317 ], [ -36.304585393301238, -9.357381059887985 ], [ -36.30456475745757, -9.357457349377114 ], [ -36.304529884446595, -9.357574683025177 ], [ -36.304515364892154, -9.357623533299375 ], [ -36.304502653874351, -9.357666302357927 ], [ -36.304440978368405, -9.358020701793919 ], [ -36.304388610845649, -9.358547555225471 ], [ -36.30435845927542, -9.358877631597352 ], [ -36.304242614904695, -9.360012270250024 ], [ -36.304225159063776, -9.360213807421246 ], [ -36.304255310634062, -9.360464538407655 ], [ -36.304304504449306, -9.360796202083009 ], [ -36.304371154105411, -9.361077084639703 ], [ -36.304479456761499, -9.36153946387509 ], [ -36.304509387997825, -9.361667253041276 ], [ -36.304566075863647, -9.361909272295009 ], [ -36.304651981803488, -9.362365339189012 ], [ -36.3046660283145, -9.3624399118724 ], [ -36.304678789694321, -9.362507661399434 ], [ -36.30475518620284, -9.362784596831659 ], [ -36.304929745511288, -9.363240038696802 ], [ -36.305024960333583, -9.363405076882771 ], [ -36.30520745436047, -9.363679612024441 ], [ -36.305364557828057, -9.363847823917865 ], [ -36.305645440384694, -9.364122359059593 ], [ -36.306096866776954, -9.364396261977845 ], [ -36.306144041614175, -9.364424885599931 ], [ -36.30648948110462, -9.364551012818936 ], [ -36.306528383977707, -9.364560400841754 ], [ -36.30674516735553, -9.364612713505892 ], [ -36.307705085721068, -9.364688821331981 ], [ -36.307990497263575, -9.364711450972663 ], [ -36.308185522443864, -9.364728638815563 ], [ -36.309012857357459, -9.364801554947746 ], [ -36.30994595883891, -9.364868205503228 ], [ -36.310709098346194, -9.36493727073838 ], [ -36.311874050447045, -9.365015787848279 ], [ -36.312541645980161, -9.36507845080979 ], [ -36.31276522553469, -9.365099437389063 ], [ -36.313217566537446, -9.365135742120742 ], [ -36.31431312694923, -9.365223672434468 ], [ -36.314531074949116, -9.365222607637179 ], [ -36.314620740055091, -9.365222169667334 ], [ -36.314807985200332, -9.365221255056838 ], [ -36.315142760529909, -9.365166681497101 ], [ -36.315222912607283, -9.365153615247095 ], [ -36.315671936010972, -9.364984891639381 ], [ -36.315794045958398, -9.364923969765357 ], [ -36.316163460475252, -9.364739666302512 ], [ -36.316652161068362, -9.364512607270967 ], [ -36.316899784897089, -9.364387372179408 ], [ -36.317485929731845, -9.364108898906522 ], [ -36.317673651517737, -9.364019714038534 ], [ -36.317860930837242, -9.363925685421975 ], [ -36.318571336797731, -9.363572465896539 ], [ -36.319095084870241, -9.36332428808538 ], [ -36.319169062202434, -9.363289233411365 ], [ -36.31935314353268, -9.363140063762899 ], [ -36.319541984974592, -9.362902027606424 ], [ -36.319721257629908, -9.362662779163884 ], [ -36.319769143830854, -9.362598872439946 ], [ -36.319959106727367, -9.362373305383699 ], [ -36.320018300104437, -9.362319185082299 ], [ -36.320168813340047, -9.36218157172209 ], [ -36.320551258134003, -9.361986381965892 ], [ -36.320798815412957, -9.361916558602275 ], [ -36.320858338841219, -9.361913404679854 ], [ -36.320904400317772, -9.361910964819117 ], [ -36.32103843887279, -9.361903862872907 ], [ -36.321284408848328, -9.361934014443193 ], [ -36.321892194968768, -9.362033989377039 ], [ -36.322291516440316, -9.362100046379965 ], [ -36.322325362425488, -9.362105645559041 ], [ -36.322467651360967, -9.362110168249615 ], [ -36.322678986645883, -9.362092568517198 ], [ -36.323249000341036, -9.362045097802991 ], [ -36.323481551532325, -9.362013420083201 ], [ -36.323569752542028, -9.362001406040008 ], [ -36.323855173977051, -9.361977209780378 ], [ -36.323911646904946, -9.361971146551127 ], [ -36.324139254522947, -9.361946709273184 ], [ -36.324401273799708, -9.361957785323511 ], [ -36.324466274998542, -9.361960532752335 ], [ -36.324496490420643, -9.361964230764613 ], [ -36.324664521550403, -9.361984795561796 ], [ -36.324823501003721, -9.362007277713644 ], [ -36.324874104056619, -9.362014433619152 ], [ -36.324889826004608, -9.362016656743265 ], [ -36.325208829923497, -9.362110161055057 ], [ -36.325937220526271, -9.362330741370556 ], [ -36.326500953356287, -9.36250041286371 ], [ -36.326882217340426, -9.362631103242791 ], [ -36.327124047736561, -9.362697219600932 ], [ -36.327356106099387, -9.362738068606916 ], [ -36.327584620234006, -9.362808146478756 ], [ -36.32774960715858, -9.362883759677743 ], [ -36.327776587719313, -9.36289612535586 ], [ -36.327807594544822, -9.362912782598812 ], [ -36.327964462389957, -9.362997051772481 ], [ -36.328162508393007, -9.363144316656815 ], [ -36.328299592951794, -9.363263319446617 ], [ -36.328394196235138, -9.363345443737217 ], [ -36.328896050312437, -9.363822578149438 ], [ -36.328936569267228, -9.363850261979962 ], [ -36.329346722173455, -9.36413048443427 ], [ -36.329457073485116, -9.364167407899515 ], [ -36.329496365764612, -9.364180555088524 ], [ -36.329613829814377, -9.364219859059176 ], [ -36.329790548395067, -9.364261499468569 ], [ -36.33000992182042, -9.36425743633157 ], [ -36.33016429674484, -9.364230015103089 ], [ -36.330373514126336, -9.364167046372017 ], [ -36.330681145218648, -9.364036168034659 ], [ -36.330760254082406, -9.364002511806405 ], [ -36.330836637101072, -9.363970015703615 ], [ -36.331127104632117, -9.363868454365615 ], [ -36.331257104331883, -9.363842047572405 ], [ -36.331757804578956, -9.363744548472084 ], [ -36.332227021359927, -9.363641970900176 ], [ -36.332468670093022, -9.363594029840556 ], [ -36.332776519720539, -9.36353295508178 ], [ -36.332984674103386, -9.363491659112753 ], [ -36.333473068926935, -9.363397090003673 ], [ -36.333824853134445, -9.363328972653903 ], [ -36.333926297560538, -9.363305574992239 ], [ -36.334854432086331, -9.363091503969713 ], [ -36.335156128552455, -9.363034182981096 ], [ -36.335273883083175, -9.362997051772481 ], [ -36.335414216892559, -9.362953366304737 ], [ -36.335419314249918, -9.362951779900698 ], [ -36.335433644047384, -9.362944722920588 ], [ -36.335822318445196, -9.362753303122417 ], [ -36.336052864148314, -9.362620256519563 ], [ -36.336145370212648, -9.362588514048639 ], [ -36.336190934364083, -9.362572879334891 ], [ -36.336260050860631, -9.36254916331319 ], [ -36.336483933486704, -9.362485259287212 ], [ -36.336550929381815, -9.362466137002571 ], [ -36.336575313599781, -9.362465487692077 ], [ -36.33671301689219, -9.362461819357407 ], [ -36.336926885567266, -9.362470585049437 ], [ -36.337053250207305, -9.362492288388353 ], [ -36.337140640028451, -9.362510935830983 ], [ -36.33715913368701, -9.362514882056132 ], [ -36.337307970586323, -9.362573593396576 ], [ -36.337688495327768, -9.362723699239268 ], [ -36.337751426287241, -9.362748524125038 ], [ -36.338290202930466, -9.363003942377986 ], [ -36.338507494425301, -9.363099989972511 ], [ -36.339145428518691, -9.363381971500758 ], [ -36.339352615230951, -9.363469315456484 ], [ -36.339990424318557, -9.36375876675362 ], [ -36.340461672668027, -9.363975094175203 ], [ -36.341270106530146, -9.36433767024721 ], [ -36.341891665767719, -9.364644387628346 ], [ -36.34203588374902, -9.364682982033969 ], [ -36.342313992796505, -9.364728667593909 ], [ -36.342393241055163, -9.364741686179855 ], [ -36.342486242645919, -9.364733242445141 ], [ -36.342648303176588, -9.364718528637127 ], [ -36.342856051065837, -9.364651876283006 ], [ -36.343359237938444, -9.36443415491226 ], [ -36.343543064760581, -9.364348842525033 ], [ -36.343731995235373, -9.364268426046976 ], [ -36.343841502982912, -9.364221815084647 ], [ -36.343928547464429, -9.364200599178275 ], [ -36.344062047325565, -9.364168061706664 ], [ -36.344292593028683, -9.364140640478126 ], [ -36.344531264106536, -9.364175171746751 ], [ -36.344733372347207, -9.364217827490677 ], [ -36.344825171544414, -9.364250414425044 ], [ -36.344881557238011, -9.364270429736507 ], [ -36.344967980288004, -9.364301108309462 ], [ -36.345260479387548, -9.364369154612746 ], [ -36.345479772773274, -9.364395078470068 ], [ -36.345613447102835, -9.36441088045774 ], [ -36.345646168036183, -9.364411201515679 ], [ -36.345909262002806, -9.364413781670635 ], [ -36.345912068786902, -9.364413809549603 ], [ -36.34592609551288, -9.364411125073332 ], [ -36.346209068993289, -9.36435696789971 ], [ -36.346394423763627, -9.364337206197035 ], [ -36.346483785798057, -9.364327678779318 ], [ -36.346542167986627, -9.364322175827681 ], [ -36.346905784574233, -9.364287905362517 ], [ -36.347112379532632, -9.364295786121602 ], [ -36.347501953252504, -9.364426029537583 ], [ -36.34773757742721, -9.364529623343401 ], [ -36.347930545857935, -9.364658606809201 ], [ -36.348135701001752, -9.364741887627986 ], [ -36.348307690947138, -9.364784396782454 ], [ -36.348329551667405, -9.364789799909317 ], [ -36.348341774353344, -9.36479061019844 ], [ -36.348479996554545, -9.364799777887413 ], [ -36.348771479420179, -9.364810950165179 ], [ -36.349118374013699, -9.364810577845844 ], [ -36.349392023323162, -9.364769309755786 ], [ -36.349696709135799, -9.364769309755786 ], [ -36.349831996849105, -9.364782568460726 ], [ -36.349960237474932, -9.364795136486293 ], [ -36.349974595151423, -9.364800565693486 ], [ -36.350120223269641, -9.36485563747766 ], [ -36.350369785137445, -9.364957618798996 ], [ -36.350535986146781, -9.365025534700635 ], [ -36.35064185523737, -9.365068945875123 ], [ -36.350926625563261, -9.365185713849542 ], [ -36.35117342201579, -9.36528930675604 ], [ -36.351470832312998, -9.365402425281673 ], [ -36.351573774110364, -9.365441578166269 ], [ -36.35163058338469, -9.36546752810392 ], [ -36.351769590694005, -9.365531024736981 ], [ -36.351875644145593, -9.365601738429461 ], [ -36.351918977978414, -9.365630632747468 ], [ -36.351983549301337, -9.365679619718605 ], [ -36.352114237881722, -9.365778768175574 ], [ -36.352188466124744, -9.365853971283684 ], [ -36.352261820226772, -9.365928290358283 ], [ -36.352377947883951, -9.366045944164966 ], [ -36.352451124819538, -9.366131378860018 ], [ -36.352517959736019, -9.366209410335955 ], [ -36.352578024556124, -9.366279536771174 ], [ -36.352645055524874, -9.366370942964579 ], [ -36.352772140521836, -9.366541305137048 ], [ -36.352889509243425, -9.366698641529013 ], [ -36.352965599083063, -9.366800642635496 ], [ -36.353068569658717, -9.366927502801957 ], [ -36.353283880846391, -9.367137736417362 ], [ -36.353475833043206, -9.367274845257839 ], [ -36.35376731590884, -9.36741804790455 ], [ -36.354030362211404, -9.367533828423404 ], [ -36.354361453917932, -9.36769328092015 ], [ -36.354902897051034, -9.367938499062461 ], [ -36.355020843137368, -9.367991916993333 ], [ -36.355731437056136, -9.368323474548674 ], [ -36.355854416647958, -9.368380855791827 ], [ -36.355992540823081, -9.368423511535809 ], [ -36.356798943116701, -9.368669291754372 ], [ -36.357573861944104, -9.368894759885222 ], [ -36.357785110894099, -9.368956712382328 ], [ -36.358385563043271, -9.369136655032548 ], [ -36.358579264421451, -9.369194703572646 ], [ -36.358690214681644, -9.369227800422607 ], [ -36.359207994853023, -9.36938225718535 ], [ -36.359320729368108, -9.369422882260153 ], [ -36.359612212233742, -9.369487882559667 ], [ -36.359873226967807, -9.369520382259793 ], [ -36.360155569124174, -9.36953155363824 ], [ -36.360531349042503, -9.36950006927276 ], [ -36.361012752536453, -9.369396476366262 ], [ -36.361459625661155, -9.369298976366622 ], [ -36.361681030655006, -9.369291867225854 ], [ -36.36181156095472, -9.369283352444711 ], [ -36.361853354248865, -9.369280625700242 ], [ -36.361926977248174, -9.36927582332055 ], [ -36.362058842141835, -9.369287804988176 ], [ -36.3621989978854, -9.369301007935121 ], [ -36.36242008991519, -9.36935487822501 ], [ -36.362690557423264, -9.36938225718535 ], [ -36.362926418119685, -9.369412754095265 ], [ -36.363348679497904, -9.369388350991585 ], [ -36.363752539847781, -9.369387573077972 ], [ -36.363767414634424, -9.369387544299684 ], [ -36.363875786538301, -9.369387335656995 ], [ -36.364066723400526, -9.369444210581833 ], [ -36.364222713507388, -9.369503483099209 ], [ -36.364311590807233, -9.369537254440672 ], [ -36.364555610153218, -9.36962997634231 ], [ -36.364830469950164, -9.369722490500465 ], [ -36.365324996351433, -9.369904570839253 ], [ -36.365464832835698, -9.369979407923267 ], [ -36.365532924105139, -9.370015848452624 ], [ -36.365552523929807, -9.370033180187079 ], [ -36.365701936395226, -9.370165301387487 ], [ -36.365820928393077, -9.370303023565612 ], [ -36.36584403557373, -9.37032976850395 ], [ -36.365883820681745, -9.370398251877759 ], [ -36.366006622207806, -9.370609634826735 ], [ -36.366127417346377, -9.370869126109255 ], [ -36.366165432588616, -9.370940010672882 ], [ -36.366218440428668, -9.371038850662387 ], [ -36.366306547908835, -9.371203137914449 ], [ -36.36638194077392, -9.371305454682954 ], [ -36.366550931480276, -9.37146973833768 ], [ -36.366668139223179, -9.37155562359311 ], [ -36.36669566297445, -9.371575791789326 ], [ -36.366735012810523, -9.37160462585274 ], [ -36.366949349133108, -9.371672428439751 ], [ -36.367024295934471, -9.371696136367575 ], [ -36.367514812258719, -9.37177150585029 ], [ -36.367550329184326, -9.371772243294345 ], [ -36.367655418562663, -9.371774425049637 ], [ -36.367845610786276, -9.371816379322411 ], [ -36.367974165275484, -9.371844736745174 ], [ -36.368031579793524, -9.371857401897557 ], [ -36.368073132968675, -9.371866567787833 ], [ -36.368194966824205, -9.371893443127874 ], [ -36.368647234981893, -9.372114022544054 ], [ -36.368748690199823, -9.372163513135604 ], [ -36.368802073057168, -9.372189553005398 ], [ -36.368972551242223, -9.372272713314999 ], [ -36.369201288408703, -9.372313468791504 ], [ -36.369237108405798, -9.372319851280054 ], [ -36.369250988542262, -9.372319423202782 ], [ -36.36932484446595, -9.372317147018691 ], [ -36.369635878592874, -9.372291756459333 ], [ -36.369839002168192, -9.372231454218195 ], [ -36.369902800973421, -9.372208162676543 ], [ -36.36995317200126, -9.372189773339301 ], [ -36.370038952935261, -9.372158456247689 ], [ -36.370103829128368, -9.372103560730693 ], [ -36.370141924410234, -9.372071326330627 ], [ -36.37020399112123, -9.372018808621078 ], [ -36.370598382509286, -9.371685334610447 ], [ -36.370722748855712, -9.37158017778296 ], [ -36.371319226001447, -9.371010831384694 ], [ -36.371389304772549, -9.370956240737883 ], [ -36.371573492222865, -9.370812759301373 ], [ -36.371648722310624, -9.370731969604662 ], [ -36.371705966856837, -9.370670496446223 ], [ -36.371895633876363, -9.370466813492612 ], [ -36.372017825662056, -9.370330339573457 ], [ -36.372309816644702, -9.370073260272704 ], [ -36.372570069652966, -9.369870136697386 ], [ -36.372634560936206, -9.369838387031905 ], [ -36.372684702636889, -9.369813701541034 ], [ -36.372776367835058, -9.369768574460124 ], [ -36.372960741445013, -9.369697922820819 ], [ -36.373048066515025, -9.369664459946819 ], [ -36.373550777646244, -9.369471822466608 ], [ -36.373785315439932, -9.369331306094864 ], [ -36.373804904472706, -9.369319569942149 ], [ -36.373868365132921, -9.36926166349491 ], [ -36.373941107695941, -9.369195424828945 ], [ -36.374015741533185, -9.369127463961263 ], [ -36.374141107026446, -9.368933861508481 ], [ -36.374151772985897, -9.368894161836067 ], [ -36.374158688772411, -9.368868421440425 ], [ -36.374169672192579, -9.368827538260234 ], [ -36.374194445816954, -9.3687667306001 ], [ -36.374212179548408, -9.368723201614443 ], [ -36.374239495556253, -9.368656152659298 ], [ -36.374265807920665, -9.368447335476105 ], [ -36.374274349681457, -9.368379548177586 ], [ -36.374286065149761, -9.368307689648134 ], [ -36.374315667234214, -9.368126125520234 ], [ -36.374365225274857, -9.367960447916289 ], [ -36.374384843985297, -9.367894858560817 ], [ -36.374393464886452, -9.367869807045906 ], [ -36.374434685312451, -9.367750028141245 ], [ -36.374528838035417, -9.367624245362606 ], [ -36.374568221146433, -9.367571632324939 ], [ -36.374637808887712, -9.367478667606406 ], [ -36.374810596531745, -9.36729971421039 ], [ -36.374848116247506, -9.367260855404083 ], [ -36.374880008005903, -9.367238971301447 ], [ -36.375099599067198, -9.367088288093953 ], [ -36.375265434951814, -9.367002347080586 ], [ -36.375474109142772, -9.36694546675983 ], [ -36.375710557995831, -9.366929597323008 ], [ -36.376018418415242, -9.36694546675983 ], [ -36.376440535901963, -9.367021638437791 ], [ -36.376841793613835, -9.367102483892495 ], [ -36.376930723973715, -9.367120401085572 ], [ -36.376990635909067, -9.367129613740644 ], [ -36.377392679628429, -9.367191437634688 ], [ -36.377630715784846, -9.367259674594266 ], [ -36.377846631316913, -9.367327561717559 ], [ -36.377958250672691, -9.367362656861076 ], [ -36.378142969622331, -9.367420735078838 ], [ -36.378186933879874, -9.367434558557989 ], [ -36.378213431504605, -9.367447264179873 ], [ -36.378570164681321, -9.367618315233017 ], [ -36.378626426268511, -9.367662605944474 ], [ -36.378664835413758, -9.367692842950305 ], [ -36.378719334329787, -9.367735746007838 ], [ -36.378794414230811, -9.367785266276996 ], [ -36.378852666916998, -9.3678236871134 ], [ -36.378869129007057, -9.367834544628465 ], [ -36.379082735979466, -9.368005520138581 ], [ -36.379234962423538, -9.368123414064257 ], [ -36.379273132349113, -9.368152974779889 ], [ -36.379334476904546, -9.368197227719861 ], [ -36.379671478056196, -9.36844033335467 ], [ -36.379842864556508, -9.36850380930332 ], [ -36.380084074420438, -9.368549829411052 ], [ -36.380232413095371, -9.368563867828186 ], [ -36.380263776052402, -9.368566835590968 ], [ -36.380345697096175, -9.36856857487976 ], [ -36.380583949989273, -9.368573633566314 ], [ -36.380660707125912, -9.368557873846726 ], [ -36.38071349912866, -9.368547033418793 ], [ -36.381001306465066, -9.368487939866498 ], [ -36.381578940115958, -9.368356226958269 ], [ -36.382023862611106, -9.368235531644416 ], [ -36.382229572636618, -9.368154689787048 ], [ -36.382651689224019, -9.367978543175184 ], [ -36.383254841137955, -9.367717655245542 ], [ -36.383332447234636, -9.367698803656822 ], [ -36.383436919678047, -9.367673426587316 ], [ -36.383518415342564, -9.367653630710436 ], [ -36.383784741472596, -9.367610380514577 ], [ -36.384079746083387, -9.367549447848717 ], [ -36.384196975410021, -9.367525233602578 ], [ -36.384414743545562, -9.367480254010445 ], [ -36.384674931802635, -9.367434936273241 ], [ -36.384843565478093, -9.367405564415208 ], [ -36.384943183381154, -9.367388213794982 ], [ -36.385232254265077, -9.367415001001461 ], [ -36.385281831191492, -9.367431765263689 ], [ -36.385343201827254, -9.367452518019263 ], [ -36.385583658958637, -9.367533828423404 ], [ -36.386090867599421, -9.367747361651368 ], [ -36.386407482019649, -9.367880655567774 ], [ -36.386577614865018, -9.367952244300568 ], [ -36.38704742160121, -9.36814992877612 ], [ -36.387679010977536, -9.368418116502824 ], [ -36.388037651616287, -9.368656152659298 ], [ -36.388182060253826, -9.368813256126828 ], [ -36.3884200964103, -9.369140158791254 ], [ -36.388696103742177, -9.369548112855057 ], [ -36.388734475115882, -9.369604826801265 ], [ -36.389191612203092, -9.370282394017238 ], [ -36.389720536773325, -9.371017868579713 ], [ -36.389784095459618, -9.371107899709784 ], [ -36.390414838573918, -9.37200135278016 ], [ -36.390952800431364, -9.372753546638819 ], [ -36.391044840646828, -9.372861456291105 ], [ -36.391487587681979, -9.373401004552647 ], [ -36.39158438890837, -9.37350097948655 ], [ -36.392196935140419, -9.37409606987768 ], [ -36.392903108891346, -9.374745114195605 ], [ -36.393093537636616, -9.375049800907561 ], [ -36.39340457176354, -9.375767083084384 ], [ -36.393667997579996, -9.376471669531895 ], [ -36.393806058802511, -9.376712879395825 ], [ -36.393972684291896, -9.376946154541372 ], [ -36.394177295345855, -9.377191985121954 ], [ -36.394223862241404, -9.377247932845762 ], [ -36.394611156179849, -9.377609401852339 ], [ -36.395210936535477, -9.378037549293424 ], [ -36.395271585015621, -9.37808182381707 ], [ -36.395531026835386, -9.378271221939315 ], [ -36.395880329813338, -9.378480057108902 ], [ -36.39597642956852, -9.378537511197123 ], [ -36.396025670148504, -9.37855479077092 ], [ -36.396219553189781, -9.378622827181687 ], [ -36.396393567509108, -9.378649013640995 ], [ -36.39643776379171, -9.378655664127564 ], [ -36.39645555507974, -9.378658478106217 ], [ -36.396669037046365, -9.378692248548361 ], [ -36.397239332229333, -9.378615382593807 ], [ -36.398357605918761, -9.378347591468128 ], [ -36.398585859249977, -9.378264610123608 ], [ -36.398669389180895, -9.378234243615395 ], [ -36.398882126508909, -9.378156902818773 ], [ -36.399118825373421, -9.377980619509913 ], [ -36.399351130150478, -9.377800962844105 ], [ -36.399383765648224, -9.377775723370917 ], [ -36.399470224671063, -9.377699427586492 ], [ -36.39976539385782, -9.377438957841605 ], [ -36.400000540492499, -9.377192986067428 ], [ -36.40006936111206, -9.377120997136274 ], [ -36.400282273807875, -9.376899891616631 ], [ -36.401115834727932, -9.37603425637576 ], [ -36.401438369385176, -9.375644164646417 ], [ -36.401723822296503, -9.375250488219422 ], [ -36.401804094883005, -9.375139780776237 ], [ -36.401952941674892, -9.374934502425276 ], [ -36.40223467948681, -9.374509105111088 ], [ -36.402490963786931, -9.374062003558549 ], [ -36.402766586208941, -9.37358499685007 ], [ -36.402829589114219, -9.373475961246584 ], [ -36.402913417620084, -9.373330882614084 ], [ -36.402958784820044, -9.37325373067506 ], [ -36.402985368779696, -9.373208521755828 ], [ -36.403122956059519, -9.372974539743154 ], [ -36.403687391260064, -9.37235126459916 ], [ -36.404334638732564, -9.371612486826734 ], [ -36.40451551937565, -9.371422889055054 ], [ -36.404946389963868, -9.371077100627645 ], [ -36.404987603195309, -9.371044025361414 ], [ -36.405159750522046, -9.370927335627982 ], [ -36.405942951206214, -9.370396446039081 ], [ -36.406616350963759, -9.369936616381722 ], [ -36.407070776595049, -9.36963529853017 ], [ -36.407150619305582, -9.369582356340629 ], [ -36.407543997157688, -9.369291212519386 ], [ -36.407572122555393, -9.369264759860755 ], [ -36.40774871433166, -9.369098666770014 ], [ -36.407769736883779, -9.369078894275503 ], [ -36.407961620732181, -9.368830660706408 ], [ -36.40800638268837, -9.368750527514806 ], [ -36.408261711009118, -9.368293435393696 ], [ -36.408478679647317, -9.367940122338723 ], [ -36.408517380172896, -9.36787710144705 ], [ -36.40853649076638, -9.367837955757011 ], [ -36.408634368481273, -9.367637470792602 ], [ -36.408778474047324, -9.367411914528191 ], [ -36.409028819224602, -9.367203793420288 ], [ -36.409541654024054, -9.366769687970702 ], [ -36.409671102439404, -9.366660111874637 ], [ -36.40974236561766, -9.366594251823244 ], [ -36.410508281332056, -9.365886415225816 ], [ -36.410937210283976, -9.365502894842678 ], [ -36.410979911893378, -9.36546471322589 ], [ -36.411270049373229, -9.365294694594411 ], [ -36.411929563598449, -9.364954516137971 ], [ -36.412011355139896, -9.364923993147727 ], [ -36.412680756511634, -9.364674187563651 ], [ -36.413236644555468, -9.364472221415838 ], [ -36.41386887514841, -9.364342664182573 ], [ -36.414134454841189, -9.364330776943746 ], [ -36.41462230737352, -9.364331559353957 ], [ -36.415876286961009, -9.364331559353957 ], [ -36.416277299157969, -9.364325065349419 ], [ -36.416391678533103, -9.364323212746001 ], [ -36.416615507199879, -9.364319588478168 ], [ -36.416850132227751, -9.36435210076877 ], [ -36.416910077438104, -9.364360407806544 ], [ -36.417286459902186, -9.364470512703974 ], [ -36.417290810822237, -9.364471785244632 ], [ -36.417294944106345, -9.36447363874737 ], [ -36.417586995343527, -9.364604641191193 ], [ -36.417666159065959, -9.36463274590443 ], [ -36.418132853248551, -9.364798435199589 ], [ -36.418339695520501, -9.36487483170805 ], [ -36.418376405846402, -9.364888390786575 ], [ -36.418428554833895, -9.364902781737953 ], [ -36.418755354076268, -9.364992966652039 ], [ -36.419018719638132, -9.365025887234879 ], [ -36.419341837955415, -9.365024079597561 ], [ -36.419375084992112, -9.365023893437865 ], [ -36.419403256255237, -9.365024638076534 ], [ -36.419677133992479, -9.365031873122405 ], [ -36.419860053398679, -9.365014275188628 ], [ -36.420032107195937, -9.365005634502381 ], [ -36.420566831494057, -9.36497979877862 ], [ -36.421135561856659, -9.3649349702726 ], [ -36.421261732243124, -9.364925025569448 ], [ -36.421426104031411, -9.364920208800527 ], [ -36.422415539045858, -9.364891211959844 ], [ -36.422675744390062, -9.364847506707008 ], [ -36.422717417175022, -9.364840507283532 ], [ -36.42277523458938, -9.36483318320478 ], [ -36.423238557213608, -9.364774493448067 ], [ -36.423418124846535, -9.364729601090175 ], [ -36.423740163078037, -9.364626865237597 ], [ -36.423773672716777, -9.364616174996456 ], [ -36.424203733015815, -9.364531818588489 ], [ -36.424790241176652, -9.364389238272679 ], [ -36.424909420233519, -9.364367133836083 ], [ -36.425334230290446, -9.364288344231682 ], [ -36.425516191918689, -9.364240458929999 ], [ -36.42581690812375, -9.364171505210777 ], [ -36.426117623429548, -9.364182997647163 ], [ -36.426404931642253, -9.364223220725023 ], [ -36.426980108345276, -9.364273976662673 ], [ -36.427092050557633, -9.364283854815994 ], [ -36.427111709737574, -9.364285589608244 ], [ -36.42712562944422, -9.364286818082121 ], [ -36.427205259015466, -9.364271860557892 ], [ -36.427494787654268, -9.364217474057114 ], [ -36.427679451745234, -9.364155048516636 ], [ -36.427730233763214, -9.36413788135809 ], [ -36.427769020623771, -9.364104927500364 ], [ -36.428069403180359, -9.363849719688744 ], [ -36.428222634167184, -9.363625619426728 ], [ -36.428267204567817, -9.363533234770898 ], [ -36.428292257881367, -9.363481304318668 ], [ -36.428363003949414, -9.363334664463139 ], [ -36.428370262377655, -9.363319618805292 ], [ -36.428417087378648, -9.363052644264087 ], [ -36.428391139239636, -9.362618312185305 ], [ -36.428385614704325, -9.362602161260668 ], [ -36.428265204475565, -9.362250122545049 ], [ -36.428028953473358, -9.361923352080964 ], [ -36.42767686889232, -9.361437529318493 ], [ -36.427162108644382, -9.360829992310244 ], [ -36.426536614872816, -9.36014464236132 ], [ -36.425867853818374, -9.359432421568954 ], [ -36.425375411146263, -9.359058258631705 ], [ -36.424722982679441, -9.358570433978286 ], [ -36.423798209819495, -9.357864134322313 ], [ -36.423190672811245, -9.357391273488417 ], [ -36.422562186095945, -9.356993231752199 ], [ -36.421667340875047, -9.356475478560412 ], [ -36.420814395068248, -9.355981668019524 ], [ -36.42054788907376, -9.355844069947807 ], [ -36.420485800779034, -9.355812013613502 ], [ -36.420263721293679, -9.35569735275061 ], [ -36.42013805272893, -9.355686433182314 ], [ -36.419473317939207, -9.355628672425269 ], [ -36.418982262921077, -9.355625097620134 ], [ -36.418505969374962, -9.355578597274416 ], [ -36.418481826175309, -9.355573213932644 ], [ -36.418273514411112, -9.355526763948944 ], [ -36.417794667689691, -9.355347196316018 ], [ -36.417336769776057, -9.355125729268934 ], [ -36.416982014208543, -9.354906554593754 ], [ -36.416936791799458, -9.354878615355744 ], [ -36.416870247363988, -9.354815214950179 ], [ -36.416561636909989, -9.354521185204476 ], [ -36.416361119569956, -9.354105187604262 ], [ -36.416220458407395, -9.353650282634362 ], [ -36.416124688703405, -9.353309104131824 ], [ -36.416103739895618, -9.352979897404282 ], [ -36.416160602229979, -9.352557913017222 ], [ -36.41625936487776, -9.351681025458902 ], [ -36.416364112513747, -9.35081311493326 ], [ -36.416400026040321, -9.350244484395375 ], [ -36.41635513368243, -9.349478329461306 ], [ -36.416247394001971, -9.348173472527662 ], [ -36.416151624297981, -9.34724271378019 ], [ -36.416111629647958, -9.346769167662899 ], [ -36.416012055811677, -9.346464026793342 ], [ -36.41585833019775, -9.346267063574089 ], [ -36.415639856993778, -9.346003697112906 ], [ -36.415466274349058, -9.345689454204887 ], [ -36.415399576129516, -9.34540413439322 ], [ -36.415358533769279, -9.345228564246781 ], [ -36.415379483476329, -9.344863443093402 ], [ -36.415446321990146, -9.344713190661196 ], [ -36.415467966873109, -9.344664531942556 ], [ -36.415516495190047, -9.344555439681756 ], [ -36.415681755508558, -9.344279848735994 ], [ -36.415992989284973, -9.344047566441986 ], [ -36.416020297198941, -9.344027186005803 ], [ -36.416120197489079, -9.343966545619537 ], [ -36.416723247779601, -9.343600484674596 ], [ -36.416989882377152, -9.34349339430463 ], [ -36.417035380878076, -9.343475120080655 ], [ -36.417111973438807, -9.343461711188979 ], [ -36.417567214755138, -9.343382010571304 ], [ -36.418022119724981, -9.343307191473684 ], [ -36.418315412925949, -9.343262299115793 ], [ -36.418771458236165, -9.343196641411851 ], [ -36.418822805927732, -9.343189248984629 ], [ -36.41888139855763, -9.343182490579409 ], [ -36.419412863712637, -9.343121183795574 ], [ -36.41975494693321, -9.343154558536014 ], [ -36.42002826529216, -9.343217937357849 ], [ -36.420395404524243, -9.343316169405625 ], [ -36.421139989219057, -9.343462527773397 ], [ -36.421201593678575, -9.343474637144766 ], [ -36.421226119989399, -9.343486011769983 ], [ -36.421557931153529, -9.34363989566458 ], [ -36.421751139703304, -9.343792023183255 ], [ -36.42197260585101, -9.34401648317413 ], [ -36.422358675812177, -9.344462409312712 ], [ -36.422586128746786, -9.344659933708954 ], [ -36.423106873982988, -9.345034032794331 ], [ -36.423609663355251, -9.345387182172658 ], [ -36.424043618618043, -9.345704418024411 ], [ -36.425042490218686, -9.346421557209055 ], [ -36.425053878333756, -9.346429732945751 ], [ -36.425068824166885, -9.346449756351149 ], [ -36.425240735871228, -9.346680068230512 ], [ -36.425411324672837, -9.346898542333804 ], [ -36.425563957610507, -9.347108037605778 ], [ -36.425794402589588, -9.347401331706067 ], [ -36.426134026164334, -9.347882995104101 ], [ -36.426188216612843, -9.347959850266818 ], [ -36.426220147941422, -9.348018237851363 ], [ -36.426422888405511, -9.3483889527879 ], [ -36.42667047446281, -9.348658799763768 ], [ -36.426717107908132, -9.348709625848528 ], [ -36.427033157554149, -9.348941437797066 ], [ -36.427335610350099, -9.349058391031861 ], [ -36.427383438994468, -9.349063258162801 ], [ -36.427697818599427, -9.349095252443874 ], [ -36.427963268789767, -9.349058103248808 ], [ -36.428000728250993, -9.349052861100631 ], [ -36.428030406777793, -9.349047795219519 ], [ -36.428401124412346, -9.348984518920361 ], [ -36.428742302914884, -9.348936634517997 ], [ -36.429451051424849, -9.348900898157865 ], [ -36.429540731819259, -9.348896376366611 ], [ -36.429664233917208, -9.348887866082123 ], [ -36.430520021581685, -9.348828893938276 ], [ -36.43090879760291, -9.348863428804123 ], [ -36.430962572564624, -9.348868206002862 ], [ -36.431160248946298, -9.34889271972321 ], [ -36.431190814204683, -9.348891853676037 ], [ -36.431405888870643, -9.3488857571719 ], [ -36.431558520908993, -9.348897728047689 ], [ -36.431762031192761, -9.348897728047689 ], [ -36.431980504396734, -9.348873785396847 ], [ -36.432202091053625, -9.348780111113172 ], [ -36.432505993556731, -9.348609634726813 ], [ -36.432677496968893, -9.348406109154553 ], [ -36.432792898873117, -9.348275474533466 ], [ -36.432886198139499, -9.348099120178233 ], [ -36.432954939618753, -9.347869984612032 ], [ -36.432977852545832, -9.347737085498068 ], [ -36.432973270499986, -9.347430043461713 ], [ -36.432959521664543, -9.347173412023324 ], [ -36.432959521664543, -9.346967189384259 ], [ -36.433051176070876, -9.346600572658247 ], [ -36.433151996367485, -9.346266034749647 ], [ -36.433431541632274, -9.345482390699715 ], [ -36.433752331604751, -9.344570430480928 ], [ -36.434036459814706, -9.343763872604598 ], [ -36.434192271855807, -9.343438499686954 ], [ -36.434274761271183, -9.343259773819454 ], [ -36.43443973830324, -9.342966480618543 ], [ -36.434595550344341, -9.342668604472465 ], [ -36.434916340316818, -9.342329483618755 ], [ -36.435127145900992, -9.3421278439248 ], [ -36.43536544645815, -9.341972031883699 ], [ -36.435601472629799, -9.341882428830957 ], [ -36.435637919454393, -9.341868592761273 ], [ -36.43586037935296, -9.341784140125924 ], [ -36.436238031659798, -9.341651395695294 ], [ -36.436277146772852, -9.341637646859851 ], [ -36.436791290985241, -9.341551025959006 ], [ -36.437243864013055, -9.341507443913372 ], [ -36.43726687316763, -9.341512532277477 ], [ -36.437624724201612, -9.341591666322302 ], [ -36.437872437063277, -9.341633427240822 ], [ -36.43807841328811, -9.341719982491156 ], [ -36.438509188548153, -9.341829967778722 ], [ -36.439277030610413, -9.342019576342352 ], [ -36.439338083785515, -9.342034652577127 ], [ -36.439408939570853, -9.342057641946553 ], [ -36.440218540752994, -9.342320317728422 ], [ -36.440727221583984, -9.342512791532045 ], [ -36.440896782460527, -9.342604445938377 ], [ -36.441190465967168, -9.34276843641419 ], [ -36.441217593117358, -9.342783583695393 ], [ -36.441555774179619, -9.343029114801766 ], [ -36.441727970969055, -9.343158055999425 ], [ -36.441921505972687, -9.343261540087951 ], [ -36.442123086311369, -9.34333062960485 ], [ -36.442306171192797, -9.343363314565295 ], [ -36.442501355553077, -9.343376992354251 ], [ -36.442690793245447, -9.343360114777454 ], [ -36.442962288678643, -9.343283788416045 ], [ -36.443162077567763, -9.3431853036588 ], [ -36.443170393598734, -9.343176158452877 ], [ -36.443302707254077, -9.34303063825331 ], [ -36.443458519295177, -9.342893157093499 ], [ -36.443710568687777, -9.342590698002255 ], [ -36.444352148632731, -9.341834549824569 ], [ -36.444521708609898, -9.34163749307578 ], [ -36.444695851532288, -9.341481681034679 ], [ -36.445030390340207, -9.34120213576989 ], [ -36.445369511193917, -9.340931755496058 ], [ -36.445974429376349, -9.340464318473494 ], [ -36.446167523712234, -9.340390315960292 ], [ -36.446187833101988, -9.340382532327965 ], [ -36.446370625703764, -9.340291315891477 ], [ -36.446603236250326, -9.340189824700587 ], [ -36.447269005260353, -9.339905030992327 ], [ -36.448102864755356, -9.339544062908146 ], [ -36.44929534330538, -9.339012782114139 ], [ -36.44951855413791, -9.33889407700002 ], [ -36.449684405311018, -9.338765066554515 ], [ -36.449857809889977, -9.338603730877423 ], [ -36.44988801811752, -9.338563787488738 ], [ -36.450190525772086, -9.338163796022343 ], [ -36.450893697586025, -9.337370986981398 ], [ -36.451249133041017, -9.33691271584911 ], [ -36.451354535383473, -9.336788982625421 ], [ -36.451455354780762, -9.336587342931466 ], [ -36.451524095360696, -9.336381121191721 ], [ -36.45167990740174, -9.335762454173903 ], [ -36.451794475634472, -9.335171283927536 ], [ -36.45183113739705, -9.335015471886493 ], [ -36.451890712985971, -9.334887155717638 ], [ -36.452028194145782, -9.33467176808756 ], [ -36.452261912657093, -9.334309734306771 ], [ -36.452807255250605, -9.333480262603985 ], [ -36.453494662848357, -9.332435404170496 ], [ -36.454539521281845, -9.330845202244234 ], [ -36.4550023753593, -9.330144047609679 ], [ -36.455304834450487, -9.329736186175978 ], [ -36.455616458532688, -9.329351237669414 ], [ -36.455868507925231, -9.329099188276871 ], [ -36.456271787313085, -9.328686743898061 ], [ -36.457046265472741, -9.327944344555817 ], [ -36.457261653102762, -9.327770201633427 ], [ -36.457582443075239, -9.327573144884695 ], [ -36.45787573717547, -9.327458576651964 ], [ -36.458086541860382, -9.327385254026183 ], [ -36.458338591252925, -9.327311930501139 ], [ -36.459085573540335, -9.327046133172473 ], [ -36.459852110686313, -9.326843174173121 ], [ -36.459921290135412, -9.326824857681004 ], [ -36.460193794607903, -9.326773261776566 ], [ -36.460438831986437, -9.326744417820578 ], [ -36.460639560667175, -9.326707815413329 ], [ -36.460908250215539, -9.32663319956248 ], [ -36.461044359009918, -9.326560459697419 ], [ -36.461058885758916, -9.326543642375157 ], [ -36.46120278717882, -9.326377056455954 ], [ -36.461422756854688, -9.326125007063354 ], [ -36.461569403904832, -9.325781304163797 ], [ -36.461662465750123, -9.32557382607115 ], [ -36.46165257230831, -9.325210155524189 ], [ -36.461648963328969, -9.325077480341406 ], [ -36.461615727084109, -9.324844001049769 ], [ -36.46155869657656, -9.32439396231149 ], [ -36.461555763887361, -9.324374456915621 ], [ -36.461514411261021, -9.324099447831202 ], [ -36.461569403904832, -9.323774074913558 ], [ -36.461679389192398, -9.323434954059849 ], [ -36.46179395742513, -9.323022509681039 ], [ -36.462056716843961, -9.322093927292883 ], [ -36.462353047954764, -9.321161928380263 ], [ -36.462632594118872, -9.320359953449042 ], [ -36.463067951424762, -9.318898067691634 ], [ -36.46328792199995, -9.318228991874435 ], [ -36.463416238168804, -9.317752388961537 ], [ -36.46344373404105, -9.317504922514104 ], [ -36.463457481977173, -9.31727578694796 ], [ -36.463452899032006, -9.317037485491539 ], [ -36.463402489333362, -9.316716695519062 ], [ -36.463342914643761, -9.316464647025782 ], [ -36.463265008173551, -9.316240093505485 ], [ -36.463159605831095, -9.315914720587841 ], [ -36.463113779077617, -9.315722246784219 ], [ -36.463077117315095, -9.315534355925763 ], [ -36.463063368479652, -9.31536937799433 ], [ -36.463157709160896, -9.315167442423501 ], [ -36.463163808363049, -9.315154386965332 ], [ -36.463171528143448, -9.315126601511395 ], [ -36.463269591118717, -9.31477362570223 ], [ -36.46344373404105, -9.314512410419354 ], [ -36.463678352773741, -9.314365867690583 ], [ -36.463706503352398, -9.314348285045298 ], [ -36.463999471898092, -9.31419100710923 ], [ -36.464231112076106, -9.314114558440053 ], [ -36.464250407929967, -9.314115113321748 ], [ -36.464433540475454, -9.314120376154392 ], [ -36.46467701033572, -9.314094572806255 ], [ -36.464914784789471, -9.314154958684355 ], [ -36.465179920217111, -9.314234899421024 ], [ -36.46520612736083, -9.31424280086452 ], [ -36.465446096160349, -9.314406177103365 ], [ -36.465668761104382, -9.314682134972486 ], [ -36.465905195568268, -9.315091925451952 ], [ -36.465923065097343, -9.315137911385477 ], [ -36.466207110569655, -9.315868893834363 ], [ -36.466660798756834, -9.316812932870505 ], [ -36.466807183204878, -9.317016648199683 ], [ -36.466819978758963, -9.317034455675525 ], [ -36.467070716939986, -9.317387405404418 ], [ -36.467365971562288, -9.317778196806273 ], [ -36.467754993997744, -9.318302730886273 ], [ -36.46831965402879, -9.31907607859813 ], [ -36.468773219008824, -9.319695248336984 ], [ -36.468951884621731, -9.319853592868981 ], [ -36.469130686931635, -9.319964428915227 ], [ -36.469359158798113, -9.320064750088079 ], [ -36.469695259728383, -9.320170882680031 ], [ -36.470096298905048, -9.320275508008251 ], [ -36.470475872163718, -9.320373076356361 ], [ -36.470895256610788, -9.320392758918615 ], [ -36.471180878594623, -9.320339867990469 ], [ -36.471339618828324, -9.320275938783482 ], [ -36.471521265693809, -9.320157666243233 ], [ -36.4719304122587, -9.319871792449192 ], [ -36.472370743714805, -9.319542360891205 ], [ -36.472374372479237, -9.319539645837949 ], [ -36.472378097471164, -9.319537069280273 ], [ -36.472950629268098, -9.319141054615955 ], [ -36.473300520402631, -9.318914038751814 ], [ -36.47353180624782, -9.318804041773035 ], [ -36.47376836661681, -9.318744827711555 ], [ -36.473943739811716, -9.318720946214626 ], [ -36.47429687570019, -9.318683900441613 ], [ -36.474591089806893, -9.318692238955634 ], [ -36.474618394123524, -9.318702372516441 ], [ -36.474923432470405, -9.318815579175578 ], [ -36.475115906274027, -9.318916398572867 ], [ -36.475276301260237, -9.319017217970213 ], [ -36.475445861237461, -9.319191361791866 ], [ -36.475734572392582, -9.319562561462988 ], [ -36.475944205260816, -9.319725418792984 ], [ -36.475960054912548, -9.319737732310443 ], [ -36.476210620423728, -9.319980348714068 ], [ -36.476581794913841, -9.320272879289917 ], [ -36.4766374458614, -9.320322110876646 ], [ -36.477182710213867, -9.320804476645208 ], [ -36.478374215697443, -9.32173934979113 ], [ -36.479395548765524, -9.322503034287536 ], [ -36.479496879877047, -9.322578803069234 ], [ -36.480574520397738, -9.323413686892081 ], [ -36.480946661659061, -9.323704544728912 ], [ -36.482282073059196, -9.32474827631188 ], [ -36.482571981211947, -9.325052651858357 ], [ -36.482901937074701, -9.325341363013422 ], [ -36.483076079997034, -9.325529254771254 ], [ -36.483186065284656, -9.325648405049833 ], [ -36.48333729438059, -9.325950864141021 ], [ -36.483525186138365, -9.326454962926164 ], [ -36.483957099040822, -9.327575562262325 ], [ -36.48400060014751, -9.327688425380472 ], [ -36.484282405408635, -9.328532913962761 ], [ -36.484283945947311, -9.328554111882738 ], [ -36.484304247243188, -9.328833390948205 ], [ -36.484340909005709, -9.329035030642103 ], [ -36.484345491950876, -9.329346654724304 ], [ -36.484331743115433, -9.330011148495657 ], [ -36.484393685719965, -9.330891045185524 ], [ -36.484397915231568, -9.330951126193497 ], [ -36.484405730340143, -9.331937095220724 ], [ -36.484426778972647, -9.332099671062906 ], [ -36.484425629639077, -9.332126235237524 ], [ -36.484414232530753, -9.332389577417018 ], [ -36.484478390165521, -9.332568303284518 ], [ -36.484597540444099, -9.332824934722908 ], [ -36.484918330416576, -9.333526090256839 ], [ -36.485119970110475, -9.334011858160693 ], [ -36.485234538343207, -9.334341813124126 ], [ -36.485271200105785, -9.334566365745161 ], [ -36.485252869224496, -9.33482758102798 ], [ -36.485197876580685, -9.335042968658058 ], [ -36.485055812475707, -9.335455412137492 ], [ -36.484977906005497, -9.33567079976757 ], [ -36.484941244242975, -9.335854108580179 ], [ -36.484895417489497, -9.336174898552656 ], [ -36.484927496306852, -9.336486523534177 ], [ -36.485019150713185, -9.336724824091334 ], [ -36.485142883936874, -9.336958542602588 ], [ -36.485353688621785, -9.337384734917521 ], [ -36.485472838900364, -9.337650532246244 ], [ -36.485546162425408, -9.337884250757497 ], [ -36.485532414489285, -9.338117969268808 ], [ -36.485472838900364, -9.33840668042393 ], [ -36.485367436557908, -9.338658729816473 ], [ -36.485275782151575, -9.338860368611051 ], [ -36.485110805119518, -9.339171993592572 ], [ -36.48498707189583, -9.339424042985172 ], [ -36.484899999535287, -9.339589020017229 ], [ -36.484858755726975, -9.339799825601403 ], [ -36.48481292807412, -9.339978551468903 ], [ -36.484881669553374, -9.340358916131038 ], [ -36.485037481594475, -9.340803439327203 ], [ -36.485307861868307, -9.341147143126136 ], [ -36.486057299304889, -9.341951833110556 ], [ -36.486104156681449, -9.342002144783123 ], [ -36.486462573389019, -9.342375277996609 ], [ -36.486725818441698, -9.342592325775172 ], [ -36.486750103734266, -9.34260369680311 ], [ -36.487035544954381, -9.342737345052399 ], [ -36.487617549310414, -9.342916070919898 ], [ -36.487920008401602, -9.343094796787398 ], [ -36.488176640739312, -9.34336517616191 ], [ -36.488282043081767, -9.343635556435743 ], [ -36.488373696588781, -9.34395634640822 ], [ -36.488433272177701, -9.344405452549552 ], [ -36.48846993394028, -9.344955378088173 ], [ -36.488524926584034, -9.345454893928149 ], [ -36.488584502173012, -9.345858172416683 ], [ -36.48880905479399, -9.346266034749647 ], [ -36.489152758592866, -9.346586824722124 ], [ -36.489474264425724, -9.346665696164905 ], [ -36.489488973737082, -9.346669305144246 ], [ -36.489825827399955, -9.346751369180311 ], [ -36.490078525203728, -9.346816443224213 ], [ -36.491245247170355, -9.347034866066167 ], [ -36.491558436072921, -9.347018276272365 ], [ -36.4918751629084, -9.346892372085279 ], [ -36.492230442780681, -9.346692309802222 ], [ -36.492786382985116, -9.346364556379115 ], [ -36.493164567690599, -9.346202199971515 ], [ -36.493436682756681, -9.346164227896736 ], [ -36.493738865756029, -9.346191516025613 ], [ -36.494145316153379, -9.346316574849993 ], [ -36.494158764615236, -9.346328233660984 ], [ -36.494372469613722, -9.34651350119708 ], [ -36.494564943417345, -9.34669222706458 ], [ -36.494780331047423, -9.347003851146781 ], [ -36.494881150444712, -9.347177994069114 ], [ -36.494945308978799, -9.347443791397836 ], [ -36.494949891024589, -9.347769164315423 ], [ -36.494896232974725, -9.348116035526573 ], [ -36.494780331047423, -9.348296176926965 ], [ -36.494569526362511, -9.348658210707811 ], [ -36.494312894024802, -9.349143978611664 ], [ -36.494297325860884, -9.34937297388359 ], [ -36.494296282647269, -9.349388321713604 ], [ -36.4942931017452, -9.349416486681491 ], [ -36.494248540337821, -9.349811059732588 ], [ -36.494342605826546, -9.350122548017112 ], [ -36.494528281654823, -9.350459217318985 ], [ -36.494853654572466, -9.350766259355339 ], [ -36.495267228499756, -9.350897146685952 ], [ -36.49530807840506, -9.350910074440321 ], [ -36.495396658928598, -9.35093810810713 ], [ -36.495566159550606, -9.35095265014462 ], [ -36.495624032722901, -9.350957615301638 ], [ -36.495880147950402, -9.350919547898798 ], [ -36.496453990958855, -9.350795826366266 ], [ -36.496781646355828, -9.35075293320125 ], [ -36.497178918272425, -9.350785738670879 ], [ -36.497442439417, -9.350910111312544 ], [ -36.497644940661417, -9.351023609352069 ], [ -36.497810620064001, -9.351245377672001 ], [ -36.497822840951301, -9.351275790944953 ], [ -36.497988230772194, -9.351687384565082 ], [ -36.498134877822338, -9.352067750126537 ], [ -36.498272358982149, -9.352411453925413 ], [ -36.498425456869313, -9.352605035693784 ], [ -36.498439435931175, -9.352622710969285 ], [ -36.498447763653303, -9.352638140637623 ], [ -36.498587134288755, -9.352896362077388 ], [ -36.498831449511727, -9.353130939441257 ], [ -36.499005593333436, -9.353396736769923 ], [ -36.499138491548081, -9.353580045582589 ], [ -36.49924913693809, -9.353713337700356 ], [ -36.499260541240915, -9.353727076643224 ], [ -36.499264644847415, -9.353748704439113 ], [ -36.499312634470471, -9.354001654952356 ], [ -36.499360466712119, -9.354342781294292 ], [ -36.499396269622082, -9.35500870678635 ], [ -36.499439232034888, -9.355366731389495 ], [ -36.499532319061245, -9.355710434289051 ], [ -36.499768615029495, -9.356075619294359 ], [ -36.500090836722677, -9.356405002288966 ], [ -36.500377256405216, -9.35663413785511 ], [ -36.500918945952549, -9.357006835796767 ], [ -36.500952190291287, -9.357029709153721 ], [ -36.501602724785869, -9.357463928817197 ], [ -36.501891191325399, -9.357523345226127 ], [ -36.502218719917948, -9.357506524306586 ], [ -36.502777306827227, -9.357160181896859 ], [ -36.503320979379623, -9.356696164096661 ], [ -36.503798019363046, -9.356512786036205 ], [ -36.503873201786803, -9.35649130662847 ], [ -36.504383487008283, -9.356345520229524 ], [ -36.504659229939477, -9.356419323093235 ], [ -36.505024414944728, -9.356541051728129 ], [ -36.50552707121733, -9.356746573795306 ], [ -36.505549584845426, -9.356755779255764 ], [ -36.505574444804722, -9.356779300124572 ], [ -36.506034044235719, -9.357214137622293 ], [ -36.50673577173842, -9.357801297791639 ], [ -36.507451820944709, -9.358395618363033 ], [ -36.507697160495525, -9.358754393000766 ], [ -36.50770959901871, -9.358772582688516 ], [ -36.507822879422292, -9.359208281736755 ], [ -36.507751383319658, -9.359655192632999 ], [ -36.507550573699973, -9.360111560799851 ], [ -36.507173629159638, -9.36051032019509 ], [ -36.507157925198044, -9.360520586855557 ], [ -36.506750092542688, -9.360787222352371 ], [ -36.506177254076988, -9.361510431960824 ], [ -36.503897383657261, -9.365069296610727 ], [ -36.503826009862394, -9.365180710921038 ], [ -36.503524222564749, -9.365638337239432 ], [ -36.503518231281305, -9.365653084322332 ], [ -36.503391822574486, -9.365964256944835 ], [ -36.503406144278074, -9.366558577516287 ], [ -36.503642440246381, -9.367024009050738 ], [ -36.50405774896592, -9.36741067616174 ], [ -36.504530340902477, -9.367553886003009 ], [ -36.505100807855968, -9.367497418471032 ], [ -36.505149166201022, -9.367492631379776 ], [ -36.505804942843781, -9.367444080579787 ], [ -36.507715887977781, -9.367452285094828 ], [ -36.508231828136331, -9.367510589042411 ], [ -36.508851177739643, -9.367593204362834 ], [ -36.50886672521915, -9.367605703140669 ], [ -36.509211415574327, -9.367882813041319 ], [ -36.509456757823045, -9.368133884870872 ], [ -36.509599967664315, -9.368549193590354 ], [ -36.509665628066216, -9.369025421485958 ], [ -36.509736017103478, -9.369494378362845 ], [ -36.510074405909052, -9.36989658036282 ], [ -36.510087134013986, -9.369911707858989 ], [ -36.510387848420407, -9.370174477170337 ], [ -36.510999769623652, -9.370413686042752 ], [ -36.511760348761015, -9.370549175204246 ], [ -36.512453476047028, -9.370581605656525 ], [ -36.512982846680984, -9.37045428233921 ], [ -36.513329544322971, -9.370454479290743 ], [ -36.513699932805594, -9.370352449405971 ], [ -36.514069635105557, -9.370204270810405 ], [ -36.514374052020855, -9.370024302979175 ], [ -36.514879876604994, -9.369909485634196 ], [ -36.515422815310615, -9.369943712032637 ], [ -36.51596675406239, -9.370195627426199 ], [ -36.516396254983135, -9.370516829288192 ], [ -36.516799967844179, -9.370733055086362 ], [ -36.517202213011672, -9.37077711377276 ], [ -36.517672822842485, -9.370706949565999 ], [ -36.518142952435255, -9.370625666141507 ], [ -36.518647510773974, -9.370647196810637 ], [ -36.519115319216553, -9.370872661344208 ], [ -36.519128940348253, -9.370893715372631 ], [ -36.51937495798785, -9.371273968518778 ], [ -36.519490539756589, -9.371515296193934 ], [ -36.519560210235454, -9.371792896225145 ], [ -36.519574531039723, -9.372251167357433 ], [ -36.519438481600616, -9.372559068246346 ], [ -36.519180704425935, -9.373074623495029 ], [ -36.518851321431271, -9.373640302457943 ], [ -36.518717861140317, -9.374129484188302 ], [ -36.518767721353242, -9.374572357128557 ], [ -36.518958362338481, -9.375041627868768 ], [ -36.519207661604241, -9.37554022640029 ], [ -36.519533217983565, -9.376173741225159 ], [ -36.519732657935776, -9.376640078376852 ], [ -36.519773718282408, -9.376862981641239 ], [ -36.519750254970234, -9.377332251482187 ], [ -36.5196388037877, -9.378247326952533 ], [ -36.519430564868628, -9.380150803216964 ], [ -36.519310314719178, -9.380485158563147 ], [ -36.519084478765649, -9.380798982387091 ], [ -36.518641604926074, -9.381153867456987 ], [ -36.518181506371377, -9.381477772681023 ], [ -36.518135486263645, -9.381510170757736 ], [ -36.517741737890844, -9.381792115413759 ], [ -36.517428439270986, -9.382039371419808 ], [ -36.517404353627967, -9.382067334939507 ], [ -36.517251393337062, -9.382244920466633 ], [ -36.517095947320058, -9.382538213667601 ], [ -36.517037288140273, -9.382728854652896 ], [ -36.517034355451074, -9.383025081442327 ], [ -36.517122343321432, -9.383881498632206 ], [ -36.517198465536694, -9.384718395137781 ], [ -36.517163404567441, -9.385019478266258 ], [ -36.517037288140273, -9.385708718682395 ], [ -36.516905306334763, -9.38637156219778 ], [ -36.516711732660269, -9.38726610794447 ], [ -36.516562152920983, -9.387726578818501 ], [ -36.516186737228111, -9.388404087578522 ], [ -36.515884644160963, -9.388926150321538 ], [ -36.515567887647876, -9.389498073277423 ], [ -36.515383112040922, -9.390263569907802 ], [ -36.515151409809675, -9.391348755740466 ], [ -36.515004763658851, -9.392076124713356 ], [ -36.515048757594059, -9.392416345437937 ], [ -36.51514878558794, -9.392642084264708 ], [ -36.515161150366737, -9.392669988429191 ], [ -36.515168572471623, -9.392686738302302 ], [ -36.51518448147857, -9.392722641036983 ], [ -36.515265794580728, -9.392906145901861 ], [ -36.515418505759385, -9.393030178599815 ], [ -36.515433433606006, -9.39304230325962 ], [ -36.515776533060489, -9.393369921784426 ], [ -36.515829757637164, -9.393411288799882 ], [ -36.516447768149931, -9.393891612208108 ], [ -36.516969830892947, -9.394105716505578 ], [ -36.51719461463972, -9.394123872918328 ], [ -36.517215864720356, -9.394125589724126 ], [ -36.517270025491257, -9.394123769496332 ], [ -36.517632674408333, -9.394111582783296 ], [ -36.517823960207579, -9.394097183737983 ], [ -36.517849390337062, -9.394095269081333 ], [ -36.517869860705446, -9.394085296499213 ], [ -36.5181048778378, -9.39397080201087 ], [ -36.518477360841473, -9.393791892681634 ], [ -36.519131405389999, -9.393451671957052 ], [ -36.519480425081497, -9.393322622840742 ], [ -36.519688056958216, -9.393285005098846 ], [ -36.51972076799899, -9.393279078566593 ], [ -36.520063548194173, -9.393314534338231 ], [ -36.520108442350704, -9.39332698455263 ], [ -36.520515751600612, -9.393439940300937 ], [ -36.520785581489349, -9.393522062792897 ], [ -36.52127191686543, -9.393617579787417 ], [ -36.521330870123506, -9.393629158558781 ], [ -36.521343303250774, -9.39362789770928 ], [ -36.5217000571119, -9.393591713486728 ], [ -36.521850237598358, -9.393557257761188 ], [ -36.522216855223633, -9.393407678021902 ], [ -36.522621600506397, -9.39325516469404 ], [ -36.52311726634872, -9.393035195018172 ], [ -36.523278577744122, -9.39290907859106 ], [ -36.523524945220004, -9.392653913047582 ], [ -36.523651060747795, -9.392460339373145 ], [ -36.524091001898171, -9.39188841641726 ], [ -36.524252313293573, -9.391744702955634 ], [ -36.524466417591043, -9.391571659004796 ], [ -36.524855164833923, -9.391460459632469 ], [ -36.524893970580251, -9.391449359300452 ], [ -36.525243675555146, -9.391414222788114 ], [ -36.525286821429631, -9.391425780875068 ], [ -36.525601464535896, -9.391510068035188 ], [ -36.52578623924353, -9.391612720250805 ], [ -36.52604727016535, -9.391779897923925 ], [ -36.526322966331804, -9.391982270565279 ], [ -36.526539284760133, -9.392095433157692 ], [ -36.526574346628763, -9.392113774830818 ], [ -36.52678029857185, -9.392215698595578 ], [ -36.52679743335483, -9.392224756567202 ], [ -36.526921285289063, -9.392290229010825 ], [ -36.527185249799402, -9.392363552535869 ], [ -36.527460979240743, -9.392339796044723 ], [ -36.527658455073606, -9.392264321341315 ], [ -36.527691159819142, -9.392251821664217 ], [ -36.527727096728086, -9.39223770050944 ], [ -36.527940857484566, -9.392153703830331 ], [ -36.528173649694111, -9.391976404287561 ], [ -36.52926418919094, -9.391231842975117 ], [ -36.529401646968381, -9.391137994223016 ], [ -36.529474649435485, -9.391083640097861 ], [ -36.529989137188863, -9.390700577469602 ], [ -36.530247236320861, -9.39053046710734 ], [ -36.530499468275821, -9.390419015025486 ], [ -36.530797508098487, -9.390391298819338 ], [ -36.530836931679005, -9.390387632283364 ], [ -36.531067962116708, -9.390365153728794 ], [ -36.531104011440959, -9.390356619162617 ], [ -36.531323624085928, -9.390304630254434 ], [ -36.531587588596267, -9.390234240317909 ], [ -36.531766497026183, -9.39014918513675 ], [ -36.531968761748885, -9.390033333571466 ], [ -36.531996262117787, -9.390017581945813 ], [ -36.532014042613923, -9.38999440821533 ], [ -36.532232834177933, -9.389709244885694 ], [ -36.532405877229394, -9.389465810998331 ], [ -36.532661042772872, -9.389140254619008 ], [ -36.532876963700858, -9.38896249102612 ], [ -36.532901820962252, -9.388942026952918 ], [ -36.53318242922569, -9.38878613936879 ], [ -36.533545270597699, -9.388717945576673 ], [ -36.533594051624164, -9.388718823315003 ], [ -36.533869413242769, -9.388723777680127 ], [ -36.534092347983403, -9.388755216180243 ], [ -36.534126767736097, -9.38876006982133 ], [ -36.534177612706628, -9.388786062027123 ], [ -36.534399722768967, -9.38889960683133 ], [ -36.534587982349478, -9.38904933405945 ], [ -36.53539160753661, -9.389621256116016 ], [ -36.535758628957524, -9.389849602976767 ], [ -36.535884340689734, -9.389999605397406 ], [ -36.536095512298004, -9.390201978038817 ], [ -36.536438665711785, -9.390568594764773 ], [ -36.536799417059399, -9.390917614456271 ], [ -36.537151369440096, -9.391105322752423 ], [ -36.53742999829575, -9.391172779999749 ], [ -36.53757787741705, -9.39116565467117 ], [ -36.537600251650247, -9.391164576384028 ], [ -36.537863196329397, -9.391141890086089 ], [ -36.538066769565717, -9.391085579036201 ], [ -36.538465117071439, -9.390910740038578 ], [ -36.53849277751965, -9.390886498812847 ], [ -36.53866476476702, -9.390735772437893 ], [ -36.538946326311873, -9.39053926517488 ], [ -36.539219025037937, -9.390355517493106 ], [ -36.539257678798776, -9.390329472227336 ], [ -36.539428332351633, -9.390160632607035 ], [ -36.539648934250863, -9.389829272003226 ], [ -36.53968522369405, -9.38975209308461 ], [ -36.540043244699916, -9.388990674879722 ], [ -36.540316008177172, -9.388433417168415 ], [ -36.540392264391471, -9.388236909905402 ], [ -36.540424526670506, -9.38802867188565 ], [ -36.540506649162467, -9.387708981784044 ], [ -36.54057117372065, -9.387465547896682 ], [ -36.540700222836961, -9.38718105276331 ], [ -36.540835138230989, -9.386984546399674 ], [ -36.541072705840634, -9.386723514578478 ], [ -36.541277481470559, -9.38644123987126 ], [ -36.541339603040228, -9.38624251308147 ], [ -36.541395328631495, -9.385928689257582 ], [ -36.54141879194367, -9.385547407286992 ], [ -36.541445188844364, -9.385221850907669 ], [ -36.541497981746431, -9.384866965837773 ], [ -36.54163289714046, -9.384567806359144 ], [ -36.541858733093989, -9.384259847913597 ], [ -36.542006745315007, -9.384173414971087 ], [ -36.542026460252885, -9.384161901850234 ], [ -36.542061920521178, -9.384137411512313 ], [ -36.542360265214029, -9.383931358845075 ], [ -36.542636929051014, -9.383823897954471 ], [ -36.542669817258229, -9.383811123084797 ], [ -36.543070389686704, -9.383652031216229 ], [ -36.543388079696058, -9.383591943913018 ], [ -36.543425960039997, -9.383588189243483 ], [ -36.543662488932682, -9.38356474211912 ], [ -36.544008575934981, -9.383597004398212 ], [ -36.54424495823821, -9.383685906879066 ], [ -36.544275020775558, -9.383697213155813 ], [ -36.544482512358002, -9.383797308598844 ], [ -36.544734240692605, -9.383945301934091 ], [ -36.544998296933841, -9.384080045557596 ], [ -36.545253297002034, -9.384188644090614 ], [ -36.545553963744396, -9.384253008569431 ], [ -36.546026667196884, -9.384247011890068 ], [ -36.546248318604967, -9.384236942181076 ], [ -36.546481696273247, -9.38425036815994 ], [ -36.546768525147286, -9.384327683775552 ], [ -36.547153602256913, -9.384447493257142 ], [ -36.547742293971623, -9.384635770824104 ], [ -36.548828489742959, -9.384964918196374 ], [ -36.54903090735047, -9.385020118583554 ], [ -36.54934679961508, -9.385048385174798 ], [ -36.550620093042824, -9.385128674848431 ], [ -36.550962105216911, -9.385129093033186 ], [ -36.551209022178568, -9.38507566700838 ], [ -36.55126283850916, -9.385056365758601 ], [ -36.551537424012849, -9.384957886397274 ], [ -36.551970644529604, -9.384692547722864 ], [ -36.552046609363515, -9.384646021296817 ], [ -36.552310860757586, -9.384488201069587 ], [ -36.552562471280964, -9.384410924124779 ], [ -36.552784719838883, -9.384376724706044 ], [ -36.553103718361854, -9.384385065918025 ], [ -36.553414075299315, -9.384431837858983 ], [ -36.553452600457092, -9.384440108923854 ], [ -36.553719529132934, -9.384497415523242 ], [ -36.554033353856141, -9.384494482834043 ], [ -36.554326645258413, -9.384412205658691 ], [ -36.554382366353082, -9.384396573642903 ], [ -36.554555055971036, -9.38428572320754 ], [ -36.554585267795801, -9.384257625688804 ], [ -36.554809320393758, -9.38404925726735 ], [ -36.554980692504898, -9.383805242417964 ], [ -36.555159600934815, -9.38352661356231 ], [ -36.555374013699748, -9.383212381446185 ], [ -36.555401303627207, -9.383172387695481 ], [ -36.55541897260747, -9.383142009496112 ], [ -36.55552621856009, -9.382957624194944 ], [ -36.555746931975307, -9.38275031427554 ], [ -36.555786522829749, -9.382713128208252 ], [ -36.556060111884619, -9.382565759901865 ], [ -36.556078528201454, -9.382555081351882 ], [ -36.55620372732011, -9.382482488076334 ], [ -36.55640903265072, -9.382447293108044 ], [ -36.556714190607352, -9.382455083035609 ], [ -36.556786564448373, -9.382456930243109 ], [ -36.55697876036146, -9.382495765666988 ], [ -36.557020407066091, -9.382512343769577 ], [ -36.557321175431866, -9.382632067815621 ], [ -36.557541146007054, -9.382711257618382 ], [ -36.557852037141743, -9.382825641490115 ], [ -36.558168794554206, -9.382866702736123 ], [ -36.558450356099002, -9.382849105701609 ], [ -36.558660596908965, -9.382779763475241 ], [ -36.558691404984302, -9.382769602035467 ], [ -36.558916222905339, -9.382654567953921 ], [ -36.559138053278502, -9.382501301893512 ], [ -36.559386177130307, -9.382231204006814 ], [ -36.559589941022921, -9.381999152838603 ], [ -36.559781269090251, -9.381800310036226 ], [ -36.559973126858267, -9.381622857608761 ], [ -36.560193198157549, -9.381491535006262 ], [ -36.56048455421876, -9.381381702603449 ], [ -36.561065021633397, -9.381337695178445 ], [ -36.561521796293846, -9.381318163702247 ], [ -36.562545500874137, -9.381296255317864 ], [ -36.565086754749871, -9.381222811283692 ], [ -36.565319332021488, -9.381154762282392 ], [ -36.565599187552436, -9.381035927665891 ], [ -36.565794136290322, -9.380899672281998 ], [ -36.565811921283114, -9.380876063279629 ], [ -36.566029065289115, -9.38058781077882 ], [ -36.566205041029775, -9.380271053366357 ], [ -36.566416212638046, -9.379854576427533 ], [ -36.566556994309792, -9.379587679227996 ], [ -36.566809226264752, -9.379288519749366 ], [ -36.567132467789122, -9.379072820953866 ], [ -36.567159008581314, -9.379055110604838 ], [ -36.567463358047519, -9.37889988492168 ], [ -36.567790860559739, -9.378795113004003 ], [ -36.568079578909419, -9.378774353053927 ], [ -36.568461691853543, -9.378762913677463 ], [ -36.568617418459041, -9.378772788233562 ], [ -36.569836702201997, -9.378850102050535 ], [ -36.570959066008072, -9.378902278017677 ], [ -36.571093648652948, -9.378908534601123 ], [ -36.571400057566564, -9.378995687900613 ], [ -36.571645764040738, -9.37912079438911 ], [ -36.571672293141773, -9.379140282697847 ], [ -36.571842146297968, -9.379265056437134 ], [ -36.572062115973836, -9.379432234110254 ], [ -36.572285019238223, -9.37965807006384 ], [ -36.57255523403677, -9.379960582215062 ], [ -36.572678032864872, -9.380224126742007 ], [ -36.572789484946725, -9.380537951465215 ], [ -36.572880405506282, -9.381065879586629 ], [ -36.57302705255637, -9.382294779780239 ], [ -36.573123839393645, -9.383025081442327 ], [ -36.573191296640971, -9.383658596267139 ], [ -36.57324115685384, -9.383799377039566 ], [ -36.573299816033625, -9.384039877338409 ], [ -36.573452129711995, -9.38426726012591 ], [ -36.573459675023912, -9.384278524134515 ], [ -36.573488175438911, -9.384316036655719 ], [ -36.573692828761011, -9.38458540429292 ], [ -36.574088775976179, -9.384928557706701 ], [ -36.574349160285465, -9.385033451932202 ], [ -36.574381780494718, -9.385046592825972 ], [ -36.574422111491231, -9.385062839978048 ], [ -36.574707625556414, -9.385177856972462 ], [ -36.57506251062631, -9.385215985529271 ], [ -36.575308414951337, -9.385196502616452 ], [ -36.575341584646367, -9.385193874797437 ], [ -36.575997264162368, -9.385157499918648 ], [ -36.576282883448243, -9.385105151281664 ], [ -36.576537380795457, -9.385006572994882 ], [ -36.57656761150605, -9.384987597299755 ], [ -36.576825206118315, -9.384825904591764 ], [ -36.576992382892115, -9.38470858713157 ], [ -36.577115566630027, -9.384576605326004 ], [ -36.577247548435594, -9.384380098063048 ], [ -36.57736587403582, -9.384113456270939 ], [ -36.577384033146586, -9.384072534419886 ], [ -36.577535691219111, -9.383686840375333 ], [ -36.577556702080074, -9.383613104960773 ], [ -36.577687488686593, -9.383154130558637 ], [ -36.57789866029492, -9.382608604503446 ], [ -36.578128116919004, -9.382344037447297 ], [ -36.578154429283416, -9.382313699717429 ], [ -36.578410334069645, -9.382169442166003 ], [ -36.578591760601228, -9.382094216574785 ], [ -36.578810378596074, -9.382047396969767 ], [ -36.57905563630851, -9.382046510238183 ], [ -36.579315257992732, -9.382089845869643 ], [ -36.579506410692261, -9.382136969445526 ], [ -36.579876629203056, -9.382275572959259 ], [ -36.580610610890915, -9.382475902340957 ], [ -36.581401546644031, -9.382697431441272 ], [ -36.581790214746547, -9.382783640452601 ], [ -36.581839280858105, -9.382797862331415 ], [ -36.582086893894996, -9.382869635425266 ], [ -36.58245644420947, -9.382854971080008 ], [ -36.582732140375924, -9.382778714865765 ], [ -36.582821428665966, -9.3827422446588 ], [ -36.58300490385318, -9.382661397405514 ], [ -36.583242471462825, -9.382482488076334 ], [ -36.583465374727211, -9.382250785845031 ], [ -36.583714673992972, -9.381931095743425 ], [ -36.583975705814112, -9.381535149427577 ], [ -36.584044433803513, -9.381381012823454 ], [ -36.584081675628795, -9.381297489187716 ], [ -36.58427779798194, -9.380857641566877 ], [ -36.584501575387378, -9.380531076148202 ], [ -36.584523115949025, -9.380499640346102 ], [ -36.584551031804608, -9.380444126994803 ], [ -36.584723604510714, -9.380100943903415 ], [ -36.584923044462869, -9.37982524773696 ], [ -36.585110751859645, -9.379649271096923 ], [ -36.585271805149659, -9.379578012415323 ], [ -36.585294233342154, -9.379568089295844 ], [ -36.585424197069017, -9.379531965327885 ], [ -36.585595934304877, -9.3795117737493 ], [ -36.58588479924407, -9.379546319407041 ], [ -36.586032367199948, -9.379601715846491 ], [ -36.586055553520907, -9.379618417156166 ], [ -36.586216469214662, -9.379734326278083 ], [ -36.586354317297889, -9.37991030291812 ], [ -36.586442305168191, -9.380109741970955 ], [ -36.586506829726375, -9.38029158398939 ], [ -36.586524427660152, -9.38050568918618 ], [ -36.586506829726375, -9.380708061827534 ], [ -36.586468702068885, -9.381218392015114 ], [ -36.586366048953948, -9.382629135126422 ], [ -36.586342631507193, -9.383063171328274 ], [ -36.586339591798662, -9.38311951385441 ], [ -36.586310850365408, -9.383510729736315 ], [ -36.586308688395206, -9.383828795662339 ], [ -36.586399634135773, -9.384051575719582 ], [ -36.586483959966756, -9.384219626634433 ], [ -36.586682514086704, -9.384397747258163 ], [ -36.586793803391288, -9.38448011976169 ], [ -36.586867415598704, -9.384525897951789 ], [ -36.586981965844984, -9.384597135949036 ], [ -36.587195520656735, -9.384608637378676 ], [ -36.587277701604592, -9.384613062942435 ], [ -36.587278384190029, -9.384613099814658 ], [ -36.587492296931941, -9.384614732983493 ], [ -36.587788523721372, -9.384497415523242 ], [ -36.588066488877303, -9.384264159263466 ], [ -36.588099219703167, -9.384236693068885 ], [ -36.58837674509067, -9.383997878099535 ], [ -36.589085926174505, -9.383417161572709 ], [ -36.589944465764461, -9.382751864706734 ], [ -36.590005535127318, -9.382699666256542 ], [ -36.590571880487857, -9.382215590876797 ], [ -36.591132071787627, -9.381810845593975 ], [ -36.591372248330572, -9.381679828761037 ], [ -36.591420540125796, -9.381653485819641 ], [ -36.591713323411113, -9.381480483237681 ], [ -36.591984039132058, -9.381305679313584 ], [ -36.592035329266992, -9.381276904605443 ], [ -36.592416697572503, -9.38106294689743 ], [ -36.593207120712009, -9.380567236988327 ], [ -36.593338554830382, -9.380484808726919 ], [ -36.593454534099408, -9.38041765904768 ], [ -36.594082606227232, -9.380054016379688 ], [ -36.594754248709592, -9.379584746538796 ], [ -36.594845528997894, -9.379478952091915 ], [ -36.594856928804177, -9.379465739252396 ], [ -36.595112630343579, -9.379068881923331 ], [ -36.595133544977102, -9.379016160967012 ], [ -36.595267512485691, -9.378678469135991 ], [ -36.595393624416204, -9.378176149209878 ], [ -36.595413280898129, -9.378097856031161 ], [ -36.595545429078243, -9.377667888362339 ], [ -36.595581280551585, -9.377609266054719 ], [ -36.595883429376727, -9.377115213596198 ], [ -36.596097422158266, -9.376809698608668 ], [ -36.596128453265464, -9.376765396205997 ], [ -36.596407538077358, -9.376439892886708 ], [ -36.596434171499766, -9.376397937714614 ], [ -36.596613730139495, -9.376115082045374 ], [ -36.59701847542226, -9.375560757023266 ], [ -36.597208367272287, -9.37519676092171 ], [ -36.597247244964365, -9.37485978495107 ], [ -36.597346964490782, -9.374243868959354 ], [ -36.597424966289111, -9.373844244416318 ], [ -36.597437861667913, -9.373778178420139 ], [ -36.597588688766905, -9.373502154001187 ], [ -36.597788880552343, -9.373290174801696 ], [ -36.598164275560805, -9.373086151904317 ], [ -36.598198340081296, -9.373086552102677 ], [ -36.598596395307368, -9.373091224080667 ], [ -36.598893422493404, -9.373231893337163 ], [ -36.598921755634478, -9.373245311222092 ], [ -36.599193920163259, -9.373477767085262 ], [ -36.599307236539687, -9.373797114545141 ], [ -36.599305939717283, -9.373810615167713 ], [ -36.599273904067388, -9.37414414853356 ], [ -36.599235935589888, -9.374271018592594 ], [ -36.599224949471818, -9.374307729817815 ], [ -36.599153653917938, -9.374545961127183 ], [ -36.599068598736778, -9.374707272522585 ], [ -36.598950466490805, -9.374919215749173 ], [ -36.598913373053676, -9.374985764681242 ], [ -36.598669718832411, -9.375422908940038 ], [ -36.598294303139539, -9.376094551422341 ], [ -36.597895424134492, -9.376827785773628 ], [ -36.597288306210316, -9.377904173538752 ], [ -36.596833700714683, -9.378740061004976 ], [ -36.596681188286141, -9.379144806287741 ], [ -36.596607864761097, -9.379614076128689 ], [ -36.596481748333986, -9.380581945400422 ], [ -36.5963878690049, -9.381182721305493 ], [ -36.596243613252113, -9.381496050502278 ], [ -36.596082868429619, -9.381670064821606 ], [ -36.595464018849327, -9.382271316468007 ], [ -36.595167792959217, -9.382640866782538 ], [ -36.594977151973922, -9.38293122729425 ], [ -36.594675058906773, -9.383394631756801 ], [ -36.594566540413439, -9.38357354108598 ], [ -36.594414027984953, -9.383878565943007 ], [ -36.594372966739002, -9.384092670240477 ], [ -36.594396430051177, -9.384391829719107 ], [ -36.594455089230962, -9.38458540429292 ], [ -36.594642796627738, -9.384969618952709 ], [ -36.594868632581267, -9.385406626514566 ], [ -36.595000615286096, -9.38569405433708 ], [ -36.595071708492526, -9.385993681463162 ], [ -36.595062080350658, -9.386189127526166 ], [ -36.595057800477093, -9.386276002935119 ], [ -36.595054122249906, -9.386284595057987 ], [ -36.594942236694806, -9.386545970420173 ], [ -36.594904530819406, -9.386634055417289 ], [ -36.594678584249209, -9.386961934745443 ], [ -36.594476823146806, -9.387222334343221 ], [ -36.594236229318483, -9.387618775286228 ], [ -36.594183448107628, -9.38790780390201 ], [ -36.594177234691585, -9.388124373241169 ], [ -36.594200296906138, -9.388308366437911 ], [ -36.594257145750646, -9.388483191046362 ], [ -36.594327406184789, -9.38864911056794 ], [ -36.594568932610116, -9.389022395766915 ], [ -36.594886208931371, -9.389496690120097 ], [ -36.595040235818203, -9.389865395971185 ], [ -36.595097536122353, -9.390203013158498 ], [ -36.595081251198735, -9.390628818764924 ], [ -36.595008592272677, -9.391112499342341 ], [ -36.594989783851418, -9.391510693963312 ], [ -36.595070871223697, -9.391884888376865 ], [ -36.595282964637079, -9.392285090284645 ], [ -36.595503634884778, -9.392602625610664 ], [ -36.595782330290263, -9.392954982686263 ], [ -36.59580184108205, -9.392990071534541 ], [ -36.595965550969368, -9.393284494283932 ], [ -36.596036798859132, -9.393438646176548 ], [ -36.596046170694194, -9.393458923190678 ], [ -36.596074958892189, -9.393732687613408 ], [ -36.596029436109518, -9.393937552276157 ], [ -36.595886875578799, -9.394244202208142 ], [ -36.595726744093895, -9.39440252965295 ], [ -36.595608837577743, -9.394482736588998 ], [ -36.595584744740108, -9.394489334914851 ], [ -36.595411225947259, -9.394536858689037 ], [ -36.595120865435547, -9.394572053657328 ], [ -36.594824638646116, -9.394539791378236 ], [ -36.594484417921478, -9.394431272884901 ], [ -36.594113636435111, -9.394311855507681 ], [ -36.594056977347577, -9.394293607364034 ], [ -36.593740167774456, -9.394145381104408 ], [ -36.593404296171286, -9.394022415002382 ], [ -36.593030993885236, -9.393991275976532 ], [ -36.592728996146207, -9.394058518285931 ], [ -36.592432345776103, -9.394234415785604 ], [ -36.592224124843426, -9.394472601229495 ], [ -36.592210625120231, -9.39449132241657 ], [ -36.59205301353569, -9.394709901740498 ], [ -36.591988855900922, -9.395177338763119 ], [ -36.592075710625522, -9.395442090180268 ], [ -36.592083553613065, -9.395465997757526 ], [ -36.592087246229369, -9.395495971261994 ], [ -36.592135502951066, -9.395887659288007 ], [ -36.592214623506038, -9.396063890436153 ], [ -36.592215405016873, -9.396065631523641 ], [ -36.592215834892841, -9.396073462820027 ], [ -36.592234855554125, -9.396419804330435 ], [ -36.592182062652, -9.396710164842204 ], [ -36.592154253815693, -9.396787645933045 ], [ -36.592117012889787, -9.396878946905815 ], [ -36.592080538186224, -9.396937669038152 ], [ -36.591994355255224, -9.397023988666092 ], [ -36.591888088664291, -9.397171103363689 ], [ -36.591880475003848, -9.397181643418037 ], [ -36.591528561294012, -9.397416939340246 ], [ -36.591156061203208, -9.397620449624014 ], [ -36.590772054286845, -9.397866869260554 ], [ -36.590511384892466, -9.398110651185561 ], [ -36.590340607233202, -9.398391904262951 ], [ -36.590229211808662, -9.398853439034951 ], [ -36.590167360035593, -9.399187369001822 ], [ -36.590129716213369, -9.399508917102821 ], [ -36.590093528393595, -9.399785594429602 ], [ -36.590099578132993, -9.400125298943351 ], [ -36.590188511190775, -9.40041902291955 ], [ -36.590358304092433, -9.400673209101285 ], [ -36.59073307766937, -9.401053926297607 ], [ -36.591155105223891, -9.401416794649322 ], [ -36.591635853112109, -9.401843906071349 ], [ -36.591998641424141, -9.402175335023628 ], [ -36.592329916592348, -9.402397081759887 ], [ -36.592641107201302, -9.402518838273693 ], [ -36.593166752843331, -9.402621907774801 ], [ -36.593764313672068, -9.402714162928248 ], [ -36.594219714168446, -9.402806395598645 ], [ -36.594958216748239, -9.402966063033318 ], [ -36.595812354156749, -9.403079038566716 ], [ -36.596176566994927, -9.403104749284694 ], [ -36.596610824429945, -9.4030649605794 ], [ -36.597009490295704, -9.402977006883305 ], [ -36.597549891114568, -9.402783256042369 ], [ -36.598014419729623, -9.40250182040262 ], [ -36.598586650253651, -9.40213808060787 ], [ -36.599036426389944, -9.401856791557634 ], [ -36.599230107083713, -9.40178648885535 ], [ -36.599463777930964, -9.401721815009694 ], [ -36.599823513943988, -9.401757696160701 ], [ -36.60014109693401, -9.401946387415819 ], [ -36.60044494098122, -9.402274469091424 ], [ -36.600802702982321, -9.402631015209124 ], [ -36.600949191751738, -9.402733822108132 ], [ -36.601102591811127, -9.402836433854304 ], [ -36.601247048112725, -9.402882832576609 ], [ -36.601474897648359, -9.402899645402272 ], [ -36.601743309306244, -9.402867644825903 ], [ -36.602005477870478, -9.40277910207385 ], [ -36.602215823001814, -9.402587404385145 ], [ -36.602374898682569, -9.402365547931652 ], [ -36.602582990112865, -9.401931614252533 ], [ -36.602753049213788, -9.401586722449224 ], [ -36.602869748839794, -9.401351791651791 ], [ -36.603038458058336, -9.40113382836347 ], [ -36.60327571090528, -9.400973365928053 ], [ -36.603631209312823, -9.400888087715032 ], [ -36.604015266591261, -9.400940251991017 ], [ -36.604519411241768, -9.401275832213855 ], [ -36.604887054094206, -9.401567827693043 ], [ -36.605393029764457, -9.401914676421143 ], [ -36.605673706376422, -9.402044821811046 ], [ -36.606003959015425, -9.402105152830472 ], [ -36.606303357713728, -9.402079355777573 ], [ -36.606564600875572, -9.401973026234145 ], [ -36.606883728900925, -9.401749898139258 ], [ -36.60725963832158, -9.401469592947308 ], [ -36.607698584821776, -9.401073330070062 ], [ -36.607979828905911, -9.400861901255666 ], [ -36.608206940997491, -9.400750819694508 ], [ -36.608479822285915, -9.400686147647548 ], [ -36.608754020181834, -9.400712078699428 ], [ -36.609034214757173, -9.400797697755479 ], [ -36.609295391369187, -9.400964659591295 ], [ -36.611179578974372, -9.402593900188322 ], [ -36.61121787480505, -9.402631883954257 ], [ -36.611598288030507, -9.403009196317328 ], [ -36.611846507210487, -9.403143176416393 ], [ -36.611872933788845, -9.403157440563405 ], [ -36.612200956109177, -9.403329033907767 ], [ -36.612489134865655, -9.403402763926351 ], [ -36.612842043225669, -9.403422783734413 ], [ -36.61315149994175, -9.403418644155067 ], [ -36.613474818807788, -9.403321368985928 ], [ -36.613684490346884, -9.403223923844962 ], [ -36.614012250964549, -9.402974101173811 ], [ -36.615265398679185, -9.401576614069427 ], [ -36.61531501877306, -9.401520585406672 ], [ -36.615818967371411, -9.400951558267764 ], [ -36.6165547683878, -9.400161043397361 ], [ -36.616625945231135, -9.400084574043831 ], [ -36.616765700776455, -9.399837451137387 ], [ -36.616869762229726, -9.39954461928869 ], [ -36.616886521096035, -9.399325757577628 ], [ -36.616845701767659, -9.39903746730522 ], [ -36.616701390256935, -9.3987206982016 ], [ -36.61644213369749, -9.398444481327715 ], [ -36.61620338617729, -9.398228804115945 ], [ -36.615853867362034, -9.397924835962385 ], [ -36.615566087904597, -9.397640544975104 ], [ -36.615362101879441, -9.397266632049366 ], [ -36.615304958956642, -9.396827084802055 ], [ -36.615355321890547, -9.396541218202628 ], [ -36.615458611725501, -9.396280250233303 ], [ -36.61565561991091, -9.396012165928653 ], [ -36.61595196181355, -9.395779340444165 ], [ -36.616235124151615, -9.395643302696215 ], [ -36.616425269610488, -9.39560003901056 ], [ -36.616719411771385, -9.395582040878423 ], [ -36.617504661111184, -9.395689059302583 ], [ -36.618112436439731, -9.395794410383701 ], [ -36.618167512720504, -9.395803156290583 ], [ -36.618871522702591, -9.395914948316147 ], [ -36.620228624851109, -9.396134034857766 ], [ -36.620712663358688, -9.396187021114088 ], [ -36.620747280062858, -9.396190810857206 ], [ -36.62111938085468, -9.396289309104304 ], [ -36.621481310314152, -9.396411833639149 ], [ -36.6218225922388, -9.396654495908194 ], [ -36.62204316895702, -9.396866449027357 ], [ -36.622237103259693, -9.39717335616541 ], [ -36.62242810127583, -9.397651647105761 ], [ -36.62261133634405, -9.398142089685621 ], [ -36.623051307172034, -9.399330145369845 ], [ -36.62359434210515, -9.400720910041912 ], [ -36.624176373440832, -9.402314232615709 ], [ -36.624770031211938, -9.403889891605161 ], [ -36.624921033678731, -9.404258067755563 ], [ -36.625070331930203, -9.404564866974965 ], [ -36.625254851230352, -9.404883224281321 ], [ -36.625632978379201, -9.405382878616933 ], [ -36.626024554889227, -9.405887248097997 ], [ -36.626551952410637, -9.406627540328657 ], [ -36.627784585690051, -9.40827852653274 ], [ -36.627787273763602, -9.408282127418204 ], [ -36.627790021192482, -9.408285714813815 ], [ -36.627986398053793, -9.408542094442055 ], [ -36.628979058037032, -9.409724634584165 ], [ -36.629488568042916, -9.410406434909021 ], [ -36.630343287312826, -9.411573395196001 ], [ -36.630534252953396, -9.411897945233932 ], [ -36.630695487906394, -9.412275914102111 ], [ -36.630772069675231, -9.41256030311547 ], [ -36.63101183522798, -9.413604363850254 ], [ -36.631121809723709, -9.414142850911787 ], [ -36.631233463253693, -9.414621945846079 ], [ -36.631334348301493, -9.414970827041998 ], [ -36.631480060955994, -9.415331987581112 ], [ -36.631867228090073, -9.416111218657761 ], [ -36.632008706736372, -9.416308704383141 ], [ -36.632455074442078, -9.416928394829483 ], [ -36.632734090905501, -9.417283268208223 ], [ -36.633274944982702, -9.417999416339967 ], [ -36.63384555672701, -9.418731730684783 ], [ -36.63475045007317, -9.419948796699543 ], [ -36.635972712370744, -9.421551604422973 ], [ -36.636744703005604, -9.422601197787003 ], [ -36.636865017006869, -9.42285677881722 ], [ -36.636931512878959, -9.423052473093094 ], [ -36.636993701897779, -9.423317915189614 ], [ -36.636999303774815, -9.423539195177682 ], [ -36.637007632396262, -9.423658140410794 ], [ -36.636964618722118, -9.424057157911477 ], [ -36.636910224127519, -9.424245543397092 ], [ -36.636821364814068, -9.424476387675099 ], [ -36.636612139338695, -9.424823356013007 ], [ -36.636436434293955, -9.425035705733194 ], [ -36.636230574981028, -9.425262005736954 ], [ -36.63584169463843, -9.425676602193391 ], [ -36.635249518050784, -9.426292234898654 ], [ -36.634393437207336, -9.427200817263838 ], [ -36.633865466817781, -9.427759205422944 ], [ -36.633696232395152, -9.427988984903664 ], [ -36.633533417333297, -9.428253336122509 ], [ -36.633386708229978, -9.428551104349935 ], [ -36.633301712404034, -9.428827242083514 ], [ -36.633236883875043, -9.429141546145388 ], [ -36.633225679221653, -9.429384328024298 ], [ -36.633234214687207, -9.429695995273903 ], [ -36.633294318178173, -9.430328742077734 ], [ -36.633366304411368, -9.430871516207446 ], [ -36.633453058411874, -9.431629739121092 ], [ -36.633578683809162, -9.432767903116201 ], [ -36.633699095836562, -9.433889971045289 ], [ -36.63379053980151, -9.434838826850353 ], [ -36.63389963116299, -9.435808701610256 ], [ -36.633995710233819, -9.436782257295306 ], [ -36.634187828805238, -9.438501985877906 ], [ -36.634354447100009, -9.439909873641682 ], [ -36.634489366091316, -9.441127713972776 ], [ -36.634667869826274, -9.442856254112769 ], [ -36.634849004977582, -9.444567108185424 ], [ -36.634862378795674, -9.444829486291724 ], [ -36.634859051304147, -9.445021970887183 ], [ -36.634821313952443, -9.445251803427936 ], [ -36.634782840056005, -9.445430968164601 ], [ -36.634721598023305, -9.445605043637784 ], [ -36.634628210623362, -9.445832824824947 ], [ -36.634445987292452, -9.44615504382017 ], [ -36.634355284368837, -9.446290237104733 ], [ -36.634178145804754, -9.446518435577275 ], [ -36.633876573445093, -9.446943155702002 ], [ -36.633545281189754, -9.44740426509469 ], [ -36.633297867802298, -9.447735019555466 ], [ -36.633147744872474, -9.448025246068198 ], [ -36.633059266871612, -9.448276299011923 ], [ -36.63296724644124, -9.448634531358493 ], [ -36.632943213858198, -9.44894772026106 ], [ -36.632941946713402, -9.449545667798304 ], [ -36.632937876381845, -9.450273309265754 ], [ -36.632942968343286, -9.451445502707713 ], [ -36.632936778309613, -9.452849848042035 ], [ -36.632935816035058, -9.454496894316151 ], [ -36.63293109999023, -9.455697347154796 ], [ -36.632956688400384, -9.456485366406469 ], [ -36.63300515466409, -9.456782196641029 ], [ -36.633071971594177, -9.457002009834866 ], [ -36.633166405804957, -9.457250172357533 ], [ -36.633248967166082, -9.45745352705859 ], [ -36.633500233249094, -9.457887547971893 ], [ -36.63371770280969, -9.458220036325542 ], [ -36.634261292624501, -9.459030804827762 ], [ -36.634376755682695, -9.459238375550569 ], [ -36.634431376007171, -9.459370653233009 ], [ -36.634476853823685, -9.459517928909236 ], [ -36.634525321886031, -9.45972226027402 ], [ -36.634552556055553, -9.459914602776678 ], [ -36.634566268918149, -9.460118924248889 ], [ -36.634543576324972, -9.46034024020986 ], [ -36.634506186111537, -9.460570335352656 ], [ -36.634454653159651, -9.460759303598934 ], [ -36.634375902226054, -9.46096852098043 ], [ -36.63423908116863, -9.461220364428243 ], [ -36.633957204861076, -9.461603978340861 ], [ -36.633597476042667, -9.462097861726875 ], [ -36.633395053039237, -9.462398870211643 ], [ -36.633287344835026, -9.462592934016641 ], [ -36.633166867157172, -9.462875708746935 ], [ -36.633076997005787, -9.463137758600624 ], [ -36.633015325097119, -9.463383814911083 ], [ -36.632957530165868, -9.463714661102699 ], [ -36.63292679403628, -9.463928008170967 ], [ -36.632925662689161, -9.464498449943449 ], [ -36.632922824428761, -9.466556250770338 ], [ -36.632927641197625, -9.470433929582157 ], [ -36.632943695894824, -9.471259542293978 ], [ -36.633008671013329, -9.471896256906689 ], [ -36.633137400870282, -9.472564532327283 ], [ -36.633289664186634, -9.473196858248343 ], [ -36.633443796294102, -9.473858764670183 ], [ -36.633643756054482, -9.47463623577363 ], [ -36.633857589655975, -9.475506846963356 ], [ -36.634161086564859, -9.476718176202837 ], [ -36.634520685880887, -9.478205520868073 ], [ -36.634813611259119, -9.479437408609499 ], [ -36.635222011386645, -9.481120040157691 ], [ -36.635534737138357, -9.482311667049771 ], [ -36.635618579134075, -9.482587507107723 ], [ -36.635625382505339, -9.482594242130517 ], [ -36.63579501712627, -9.482762164442306 ], [ -36.636042483573704, -9.483137947058538 ], [ -36.636089420989947, -9.483293805864378 ], [ -36.636091777213721, -9.483301630865526 ], [ -36.636267046986575, -9.483446312897001 ], [ -36.636523507553761, -9.483616384588458 ], [ -36.636832434569158, -9.483816520615903 ], [ -36.637063780668882, -9.483954454134732 ], [ -36.637302642402972, -9.484145554673546 ], [ -36.637491167283486, -9.484345151107789 ], [ -36.637618740612368, -9.484552639992273 ], [ -36.637718550970305, -9.484750167985794 ], [ -36.637784297707128, -9.484999337749173 ], [ -36.637826383280924, -9.485256307332691 ], [ -36.637840856969945, -9.485666405380243 ], [ -36.637845127850312, -9.485916998770449 ], [ -36.637862554912942, -9.486656574241465 ], [ -36.637874592338505, -9.487131022378719 ], [ -36.637879731964006, -9.487351069396311 ], [ -36.637935143691891, -9.489723306485359 ], [ -36.638063536303093, -9.490186051744843 ], [ -36.638121729634065, -9.490395789833769 ], [ -36.638135806722062, -9.490417784553074 ], [ -36.63829259542689, -9.490662762576392 ], [ -36.638454027331477, -9.490969304589669 ], [ -36.638617968344533, -9.491047711082956 ], [ -36.63858451356441, -9.491222006890041 ], [ -36.63858331836542, -9.491228231997241 ], [ -36.638788826942744, -9.491497408978205 ], [ -36.639140245126157, -9.491827074359946 ], [ -36.639635228383042, -9.492358355153897 ], [ -36.640129993104665, -9.492841177778075 ], [ -36.640450105887624, -9.493156504369153 ], [ -36.640597760178423, -9.493365862944188 ], [ -36.640756781899938, -9.49365514157148 ], [ -36.640868181821077, -9.49399989218125 ], [ -36.640901561957492, -9.494345676112005 ], [ -36.640900333483557, -9.49439274392995 ], [ -36.640890994024119, -9.494750543702594 ], [ -36.64079590510687, -9.494944219899764 ], [ -36.640786752706447, -9.494962861946476 ], [ -36.640665996238681, -9.495211711551178 ], [ -36.640553675411752, -9.495390593900765 ], [ -36.640348317920484, -9.495621665707233 ], [ -36.640020017709617, -9.49583680692308 ], [ -36.639767853203807, -9.495949970414756 ], [ -36.639546497672711, -9.496012048816965 ], [ -36.639326468641571, -9.496049963335111 ], [ -36.639072271667942, -9.496064826430541 ], [ -36.638843576769602, -9.496059815408103 ], [ -36.638614862985492, -9.496059774938601 ], [ -36.638345488153732, -9.496079809135836 ], [ -36.638081178303707, -9.496110018262698 ], [ -36.637862559409541, -9.496180401903985 ], [ -36.637547693271358, -9.496346521075054 ], [ -36.637177875858242, -9.496617182836644 ], [ -36.636910194449854, -9.496954482563297 ], [ -36.636904954100316, -9.496968390578729 ], [ -36.636857841316271, -9.497093434114674 ], [ -36.636733287910886, -9.497424016804871 ], [ -36.636733047791893, -9.497474027204532 ], [ -36.636729890272193, -9.498132586349755 ], [ -36.636843269601172, -9.499663569717939 ], [ -36.636851856328065, -9.499779515712021 ], [ -36.63706197572958, -9.504053560823138 ], [ -36.637264502155006, -9.507062506229659 ], [ -36.637473771697159, -9.510530308227089 ], [ -36.63749494623471, -9.510828477552138 ], [ -36.637710591070856, -9.513865042937312 ], [ -36.637849081270019, -9.516660560336561 ], [ -36.637862637650585, -9.516934213243303 ], [ -36.638113838982463, -9.521034778232377 ], [ -36.638121347422214, -9.521097529327449 ], [ -36.638196358974767, -9.521724397263085 ], [ -36.638187193084434, -9.522022273409164 ], [ -36.638104704568434, -9.522576781892951 ], [ -36.637916213862127, -9.522864936367682 ], [ -36.637902497402308, -9.522885904960503 ], [ -36.637835901705444, -9.522958024293359 ], [ -36.637091924952358, -9.52376370443136 ], [ -36.635724401459925, -9.525150484207416 ], [ -36.63560776928307, -9.525268757646984 ], [ -36.635604595575558, -9.525271976320596 ], [ -36.635601410176889, -9.525275182403675 ], [ -36.635447477718856, -9.525430139189552 ], [ -36.633929851981065, -9.526957855320745 ], [ -36.633444084976475, -9.527448206169709 ], [ -36.632545872693811, -9.528346418452429 ], [ -36.632205919067871, -9.528779171321673 ], [ -36.632183229172654, -9.528808054847786 ], [ -36.631874717644052, -9.529881984765723 ], [ -36.631473608320334, -9.531284070103709 ], [ -36.631194787009747, -9.532417979406205 ], [ -36.631185345027632, -9.532452250770689 ], [ -36.631056491064157, -9.532919966583165 ], [ -36.631008375536055, -9.533704232064622 ], [ -36.63100484839498, -9.533761720327107 ], [ -36.631240772043952, -9.534480675242946 ], [ -36.631479172425827, -9.534840970634264 ], [ -36.631545452460614, -9.534885548229397 ], [ -36.632234247712347, -9.535348805203171 ], [ -36.632747056431469, -9.535539984882348 ], [ -36.632782522095681, -9.535553206715065 ], [ -36.633457644054999, -9.535977034712346 ], [ -36.633484285571285, -9.536018403526441 ], [ -36.633705299360031, -9.536361584819247 ], [ -36.633936012337074, -9.53688679069279 ], [ -36.633963839159833, -9.536950137139058 ], [ -36.634408373147835, -9.538178216251652 ], [ -36.634639607731685, -9.538968530573186 ], [ -36.634652347527776, -9.538999773021089 ], [ -36.634800567492164, -9.539363261904953 ], [ -36.63508475955399, -9.540274617779346 ], [ -36.635414651564872, -9.540797651790172 ], [ -36.636079145336225, -9.541329246447503 ], [ -36.6367630680611, -9.541778189811566 ], [ -36.636803996207391, -9.541805056158353 ], [ -36.637302407679954, -9.542130733046861 ], [ -36.637706148419966, -9.542300764268816 ], [ -36.63827471240802, -9.542451735259306 ], [ -36.638968381985194, -9.542370745013841 ], [ -36.639395274872015, -9.542233084888892 ], [ -36.640778368327005, -9.541723098242358 ], [ -36.641331715786009, -9.541552619157983 ], [ -36.641775441283528, -9.541478660711562 ], [ -36.642181086787673, -9.541523806678299 ], [ -36.642630826951063, -9.541601441553212 ], [ -36.642987954930106, -9.54175759173944 ], [ -36.643512316340264, -9.542074461567097 ], [ -36.643963388399584, -9.542485320441131 ], [ -36.645027679383873, -9.543456950677694 ], [ -36.646504284345212, -9.544794119353071 ], [ -36.648247153383352, -9.546355094212174 ], [ -36.648301962565483, -9.54639830843513 ], [ -36.649254447134979, -9.547149292705626 ], [ -36.650368046148344, -9.548162073221079 ], [ -36.650977547275943, -9.548753242568068 ], [ -36.651284589312297, -9.549161104001712 ], [ -36.651770357216151, -9.550027237466963 ], [ -36.652402771270829, -9.55119582912414 ], [ -36.652471511850763, -9.551324145293052 ], [ -36.652760223005828, -9.551828244078138 ], [ -36.652993941517138, -9.552112372288093 ], [ -36.653494276639492, -9.552447316690291 ], [ -36.653676766169781, -9.552501902840504 ], [ -36.653951089071484, -9.55261688925799 ], [ -36.653974216936547, -9.552626583050312 ], [ -36.654117564374076, -9.552642117939342 ], [ -36.655826058625678, -9.552827275758148 ], [ -36.657975351081518, -9.553074742205524 ], [ -36.658188261978637, -9.553168788808534 ], [ -36.658203972235469, -9.553175728876738 ], [ -36.658518064956695, -9.553278894605228 ], [ -36.658848927336066, -9.553545773818371 ], [ -36.65886806311056, -9.553569229036668 ], [ -36.659048053424897, -9.553789842627111 ], [ -36.659139360692905, -9.554105852702889 ], [ -36.65924476303536, -9.554467887383055 ], [ -36.659350165377759, -9.554949072341742 ], [ -36.659518707322434, -9.555949017732928 ], [ -36.659532397701923, -9.556030242701468 ], [ -36.659545989156015, -9.556077495779732 ], [ -36.659776357692692, -9.556878394222451 ], [ -36.659980598225957, -9.557676577611915 ], [ -36.660216298843068, -9.558266956454815 ], [ -36.660427103527979, -9.558638156125937 ], [ -36.660601246450312, -9.558995607860993 ], [ -36.660995359947833, -9.559536368408601 ], [ -36.661329897856433, -9.560090876892389 ], [ -36.6614902928427, -9.560539983033721 ], [ -36.661641522837954, -9.56163983411102 ], [ -36.661742342235243, -9.562560959320763 ], [ -36.661905091646645, -9.564137042790264 ], [ -36.662035635436155, -9.564966884114369 ], [ -36.662150203668944, -9.565406824365425 ], [ -36.662310598655154, -9.565842182570634 ], [ -36.662594726865109, -9.5663600292919 ], [ -36.662965926536231, -9.566955781583999 ], [ -36.664171180855249, -9.569072996121804 ], [ -36.664890666371093, -9.570278249541559 ], [ -36.665000651658715, -9.570644866267514 ], [ -36.665083140174715, -9.570965656239991 ], [ -36.665092306065048, -9.571506416787656 ], [ -36.664950241960071, -9.572097587033966 ], [ -36.664698192567471, -9.572610850810065 ], [ -36.664363654658871, -9.573220351937664 ], [ -36.663862859982942, -9.574177561545184 ], [ -36.663593758545062, -9.574773892101405 ], [ -36.663483773257497, -9.575076351192592 ], [ -36.663451694440084, -9.575424637037315 ], [ -36.663488356202606, -9.575772923781358 ], [ -36.663566262672816, -9.576084547863559 ], [ -36.663744987640996, -9.576441999598558 ], [ -36.664317827006073, -9.5773035501187 ], [ -36.665156463699816, -9.578513386483564 ], [ -36.666329638302102, -9.580181493980717 ], [ -36.667459890061821, -9.581810816416009 ], [ -36.667635712018466, -9.582051241171769 ], [ -36.668478931657319, -9.583233581664388 ], [ -36.669461356456395, -9.584656378389127 ], [ -36.669642940369386, -9.584897106216431 ], [ -36.670316600031015, -9.585900720841551 ], [ -36.670454081190826, -9.586180266106339 ], [ -36.670586979405527, -9.586487308142694 ], [ -36.67069696469315, -9.586762271361692 ], [ -36.670770288218193, -9.587055564562604 ], [ -36.670852776734193, -9.587417599242769 ], [ -36.670884856450925, -9.587642151863747 ], [ -36.671109409071903, -9.588664097370156 ], [ -36.671393537281858, -9.590359701638874 ], [ -36.671686831382146, -9.592069053843716 ], [ -36.671815146651682, -9.592421922633548 ], [ -36.671865557249646, -9.59263272731846 ], [ -36.671952628710812, -9.592779374368604 ], [ -36.672058031053268, -9.59294893434577 ], [ -36.6724338136695, -9.593288055199537 ], [ -36.672754603641977, -9.593498859884448 ], [ -36.673295363290322, -9.593663837815825 ], [ -36.674232452365743, -9.594041405586324 ], [ -36.674304491658916, -9.594070431205409 ], [ -36.674365066394671, -9.594103865301122 ], [ -36.675220103125241, -9.594575798034612 ], [ -36.675788725569191, -9.594976224772893 ], [ -36.675840206360419, -9.595012477343914 ], [ -36.675910499170129, -9.595090218338839 ], [ -36.676576586540193, -9.595826879107165 ], [ -36.676900069082876, -9.596415397252713 ], [ -36.676920434230624, -9.596452448421701 ], [ -36.677006272721258, -9.596587680377127 ], [ -36.677880411052058, -9.597964817622199 ], [ -36.678293164797651, -9.59867461384232 ], [ -36.678330611668343, -9.598739009797441 ], [ -36.678684895991125, -9.599410779983486 ], [ -36.678710768587052, -9.599520265247975 ], [ -36.6788862739823, -9.600262946078033 ], [ -36.678852210361185, -9.600579096448087 ], [ -36.6788496086225, -9.600603247741617 ], [ -36.67884419290516, -9.600638175611266 ], [ -36.678780871639844, -9.601046590127964 ], [ -36.678524240201455, -9.601697335063932 ], [ -36.678409349112144, -9.601805743839975 ], [ -36.678399920619825, -9.60181464083297 ], [ -36.677984032736902, -9.602261103866795 ], [ -36.677958294139898, -9.602283075203729 ], [ -36.677635193809124, -9.602558885584074 ], [ -36.67704917847675, -9.602771400779488 ], [ -36.676949959872729, -9.602807381755213 ], [ -36.675815892289563, -9.602993723981115 ], [ -36.675257923214531, -9.603093180905546 ], [ -36.674656669769433, -9.603180534753847 ], [ -36.674628306950751, -9.603183846956938 ], [ -36.674289812924485, -9.603223378456107 ], [ -36.674024396908351, -9.603443174562813 ], [ -36.674005192785387, -9.603459078173898 ], [ -36.673990639956003, -9.60347238544216 ], [ -36.673790016496014, -9.603655843542299 ], [ -36.673735439338998, -9.603705750519907 ], [ -36.673713163131936, -9.603735313933555 ], [ -36.673545375718447, -9.603957986072146 ], [ -36.673469001693036, -9.604059344163375 ], [ -36.673464557243506, -9.604082567356556 ], [ -36.673405348577944, -9.604391971012603 ], [ -36.673387017696655, -9.604868573026181 ], [ -36.673318277116778, -9.606147149970923 ], [ -36.673226622710445, -9.607925243655018 ], [ -36.673199126838199, -9.609497113800728 ], [ -36.673240370646567, -9.609808738782249 ], [ -36.673277032409089, -9.610005795530981 ], [ -36.673345773888286, -9.61018452139848 ], [ -36.673409931523054, -9.610340333439581 ], [ -36.673529081801632, -9.610509893416804 ], [ -36.673707807669132, -9.610674871348181 ], [ -36.673904864417921, -9.610867345151803 ], [ -36.674152330865354, -9.610986496329701 ], [ -36.674738918166497, -9.611192718069447 ], [ -36.676483791793487, -9.611668397378594 ], [ -36.676637387905089, -9.611710269813045 ], [ -36.676897101320151, -9.611766762526031 ], [ -36.679440782466088, -9.612320065918254 ], [ -36.680673532657352, -9.612590446192087 ], [ -36.68120512731474, -9.612737092342911 ], [ -36.681530500232384, -9.612892905283331 ], [ -36.681686312273428, -9.613021220552866 ], [ -36.681846707259695, -9.61317703349323 ], [ -36.682011685191071, -9.613374090242019 ], [ -36.68211250458836, -9.613580311981764 ], [ -36.682240820757215, -9.613818613438241 ], [ -36.682318727227425, -9.614056913995341 ], [ -36.682327892218382, -9.61440978368455 ], [ -36.682236237812106, -9.614835975999426 ], [ -36.682075842825839, -9.615344656830416 ], [ -36.681713809044993, -9.61649950055147 ], [ -36.681429680835038, -9.617434374596655 ], [ -36.681200545268894, -9.618163026002776 ], [ -36.680668949712242, -9.619863212317341 ], [ -36.680508554725975, -9.620381059038607 ], [ -36.680316080922353, -9.620949315458518 ], [ -36.680174016817375, -9.621480911015169 ], [ -36.680091528301375, -9.621930016257181 ], [ -36.680054866538796, -9.622324129754759 ], [ -36.680073197420086, -9.622759487959968 ], [ -36.680206095634787, -9.623272751736067 ], [ -36.68038023945644, -9.623607289644667 ], [ -36.680604792077474, -9.623923496671978 ], [ -36.681590075821305, -9.625289145977263 ], [ -36.682764144349733, -9.62692452444719 ], [ -36.684619758694851, -9.629643192079584 ], [ -36.685036276103233, -9.630215562897888 ], [ -36.68573537129032, -9.631235655800822 ], [ -36.687657588526861, -9.633790080247934 ], [ -36.687854645275593, -9.634074208457889 ], [ -36.687960047618049, -9.634312509015047 ], [ -36.688047119079215, -9.634527896645068 ], [ -36.68809752877786, -9.634734119284133 ], [ -36.688115859659149, -9.6349770027864 ], [ -36.688115859659149, -9.635265713941521 ], [ -36.688047119079215, -9.635655244493876 ], [ -36.687891307038171, -9.636012696228875 ], [ -36.687689667344216, -9.636338068247198 ], [ -36.687433035905826, -9.636580952648785 ], [ -36.687158072686884, -9.636846749977508 ], [ -36.686603564203097, -9.637268359347274 ], [ -36.685311283388955, -9.638262862041415 ], [ -36.684646745550822, -9.638808151574892 ], [ -36.683766864149391, -9.639500141218491 ], [ -36.683166528912125, -9.639976743232069 ], [ -36.682644100145069, -9.640384604665712 ], [ -36.682236237812106, -9.640700812592399 ], [ -36.68187420403126, -9.641012436674544 ], [ -36.681603823757428, -9.641296564884499 ], [ -36.681360940255161, -9.64168609543691 ], [ -36.681273867894618, -9.641965641601018 ], [ -36.68120512731474, -9.642309344500575 ], [ -36.681150134670929, -9.642607221545973 ], [ -36.681173048497328, -9.642937176509463 ], [ -36.681264702903661, -9.643445857340396 ], [ -36.681425097889928, -9.643881215545605 ], [ -36.681915447839629, -9.644747348111594 ], [ -36.682162915186325, -9.645251446896737 ], [ -36.682653265136025, -9.646062587718177 ], [ -36.683359002715747, -9.647341164662976 ], [ -36.684055575304512, -9.648573914854239 ], [ -36.684972118468465, -9.650187029707581 ], [ -36.686488996869684, -9.652918327418831 ], [ -36.68716723857716, -9.654164825546218 ], [ -36.687753825878303, -9.655218849869982 ], [ -36.687987544389614, -9.655649624230705 ], [ -36.688422901695503, -9.656382858581992 ], [ -36.688826180184037, -9.657056517344358 ], [ -36.689091978412023, -9.657597277892023 ], [ -36.689169883982913, -9.657826413458167 ], [ -36.68915613604679, -9.658289267535622 ], [ -36.68907364753079, -9.658678798088033 ], [ -36.688904086654247, -9.659072911585554 ], [ -36.68858329668177, -9.659476190973407 ], [ -36.68834957817046, -9.659627420069341 ], [ -36.687861518794023, -9.659828512076103 ], [ -36.68780139192063, -9.659853285700535 ], [ -36.687278220313601, -9.659966744169878 ], [ -36.686698366236556, -9.660076367030683 ], [ -36.683659599311, -9.660617058330558 ], [ -36.683600896963753, -9.660618010712597 ], [ -36.68316065094325, -9.660625154027571 ], [ -36.682904205664499, -9.66057617964691 ], [ -36.682639517199902, -9.660525632352005 ], [ -36.681920030784738, -9.660383568247028 ], [ -36.680765187063685, -9.660200259434362 ], [ -36.679912802433819, -9.660053612384274 ], [ -36.679173807924826, -9.65995133968255 ], [ -36.678515074311179, -9.659884052407051 ], [ -36.677965148772557, -9.660030698557819 ], [ -36.677557287338914, -9.660259835023339 ], [ -36.677386762389119, -9.660460706696199 ], [ -36.677278996628331, -9.660587650499622 ], [ -36.677268588774325, -9.660606315928703 ], [ -36.677121930033024, -9.660869335251562 ], [ -36.677021109736359, -9.661135132580284 ], [ -36.676805722106337, -9.662175408967926 ], [ -36.676507845960259, -9.663609798853088 ], [ -36.676374946846295, -9.663985580570056 ], [ -36.676237465686427, -9.664301788496687 ], [ -36.676022078056405, -9.664581333761475 ], [ -36.675921458308608, -9.66466606248872 ], [ -36.675638955173611, -9.664903948458402 ], [ -36.674804770124013, -9.665606388224205 ], [ -36.674542855168568, -9.665833046158127 ], [ -36.674429151184313, -9.665931444580451 ], [ -36.674081390543677, -9.666232393709947 ], [ -36.671374289991434, -9.668555279602401 ], [ -36.669007094501751, -9.670579561797297 ], [ -36.668705317096681, -9.670913361362466 ], [ -36.668467749486979, -9.671306374989172 ], [ -36.668300571813916, -9.67174044896251 ], [ -36.668247778911848, -9.671995614505931 ], [ -36.66810993172794, -9.672772842792426 ], [ -36.667843977017867, -9.674010524865764 ], [ -36.667793174315477, -9.674347829988335 ], [ -36.667593734363322, -9.675286369670175 ], [ -36.667385496343513, -9.676307031843976 ], [ -36.667282843228577, -9.676661916913872 ], [ -36.667018878718238, -9.677093059097331 ], [ -36.666797149069112, -9.677351274241857 ], [ -36.666641351417184, -9.677518335003128 ], [ -36.666401450966134, -9.677737506080973 ], [ -36.666303477023803, -9.677790511223066 ], [ -36.666175835346507, -9.677882488486034 ], [ -36.665727213040384, -9.678102106526921 ], [ -36.665293607613876, -9.678319847682758 ], [ -36.664811198677853, -9.678561991043011 ], [ -36.664058489507624, -9.678935529850776 ], [ -36.663765664853486, -9.679104466597835 ], [ -36.663499120188192, -9.679342856187816 ], [ -36.663320797216954, -9.679577491108262 ], [ -36.663148105800417, -9.679934136151417 ], [ -36.663133089820178, -9.680043007178995 ], [ -36.663099302290902, -9.68042405352719 ], [ -36.663073023201434, -9.680936496222273 ], [ -36.6630298503473, -9.681602859684176 ], [ -36.662984800608001, -9.681801830190238 ], [ -36.66290033178484, -9.682149089908535 ], [ -36.66277644477708, -9.682319904439964 ], [ -36.662575235858412, -9.682541572935179 ], [ -36.662414168179282, -9.682680303253335 ], [ -36.662173901704136, -9.682791051166021 ], [ -36.661957905233123, -9.682845956575591 ], [ -36.661878494197083, -9.682866141858938 ], [ -36.661866000815223, -9.682869317365032 ], [ -36.661846876731943, -9.682874179100054 ], [ -36.661840733463009, -9.682874695310886 ], [ -36.661160278523994, -9.682931831938447 ], [ -36.659988980806759, -9.68306698205555 ], [ -36.659255043185624, -9.683140187769425 ], [ -36.658061220149136, -9.683273461001363 ], [ -36.656854258017574, -9.683410487104254 ], [ -36.655444571609621, -9.683575670081041 ], [ -36.654626165165325, -9.683673278898652 ], [ -36.653770216522219, -9.683808428116436 ], [ -36.653461246339418, -9.683920681494214 ], [ -36.653424276109433, -9.68393411286894 ], [ -36.653405124147127, -9.68394331113484 ], [ -36.653252142272493, -9.684016783947357 ], [ -36.653011876696723, -9.684144425624709 ], [ -36.652720928927693, -9.684375306774939 ], [ -36.652428104273554, -9.684726320263451 ], [ -36.652178453372869, -9.685163679460175 ], [ -36.651926924687757, -9.685796255392802 ], [ -36.651660379123143, -9.686423199770786 ], [ -36.6515552627651, -9.686691622220565 ], [ -36.651223019926363, -9.687491258914406 ], [ -36.650986257209979, -9.688059810311927 ], [ -36.650926440602689, -9.688228950305756 ], [ -36.650765012295437, -9.688649416637247 ], [ -36.650692638454473, -9.688885323199088 ], [ -36.650618599968368, -9.689242573485956 ], [ -36.650554779579352, -9.689664916702498 ], [ -36.650507852055682, -9.69047769249147 ], [ -36.650355758711271, -9.693533577112873 ], [ -36.650352054403754, -9.693790737352572 ], [ -36.650282602460095, -9.694821254297381 ], [ -36.650258402603129, -9.695244032785865 ], [ -36.650278848689879, -9.695498879969307 ], [ -36.65034029486867, -9.695693602977371 ], [ -36.650453416991581, -9.695906206306347 ], [ -36.650515360495433, -9.69598128890533 ], [ -36.650744364760556, -9.696230940705277 ], [ -36.650936117307936, -9.696394116395311 ], [ -36.651174215517585, -9.696491854715305 ], [ -36.651408850438031, -9.696559429773799 ], [ -36.651664535789678, -9.696579162698129 ], [ -36.651690699765936, -9.696581181676152 ], [ -36.651904947055641, -9.696560521550794 ], [ -36.652165620047299, -9.696504919166614 ], [ -36.652210211132285, -9.696477834284565 ], [ -36.652585779709909, -9.696249711355051 ], [ -36.652837308395021, -9.695968149810199 ], [ -36.653192075653749, -9.695557069702943 ], [ -36.653627558864684, -9.695025855458823 ], [ -36.654068533336101, -9.694493560229603 ], [ -36.654329586740971, -9.694196186804504 ], [ -36.654711086347504, -9.693738785316668 ], [ -36.655061647476998, -9.69334586971604 ], [ -36.655391713956362, -9.693014220429859 ], [ -36.655471305756123, -9.692934246418304 ], [ -36.655492748291636, -9.692920555139438 ], [ -36.65559098393669, -9.692857829225375 ], [ -36.656127527563285, -9.692429108916201 ], [ -36.656282255921326, -9.69230547461791 ], [ -36.656815160890915, -9.691916962997425 ], [ -36.656873348825968, -9.691897383857111 ], [ -36.657103909817522, -9.691819803840815 ], [ -36.657366864389246, -9.691770922989633 ], [ -36.657433228960315, -9.691758586089804 ], [ -36.657578065675125, -9.691779647312842 ], [ -36.657847337084888, -9.691818803794717 ], [ -36.657890005419347, -9.691835578848838 ], [ -36.658188861826488, -9.69195307617349 ], [ -36.658353302862622, -9.692070533927961 ], [ -36.658412103235946, -9.692112534066155 ], [ -36.658609328157922, -9.69225340926738 ], [ -36.658754088430385, -9.692442828074036 ], [ -36.658870242167893, -9.692681383139302 ], [ -36.658962218531542, -9.693064307271925 ], [ -36.658934062556909, -9.69333836127629 ], [ -36.658887135932559, -9.693546717107267 ], [ -36.658750108930349, -9.693862066181339 ], [ -36.658616835698353, -9.694025372273074 ], [ -36.658359676357918, -9.694275024073079 ], [ -36.657792797699415, -9.694565970942733 ], [ -36.656978145924654, -9.69499019104444 ], [ -36.656360585972209, -9.695314926342746 ], [ -36.656086532867164, -9.695461338669816 ], [ -36.655750535358891, -9.695765425533921 ], [ -36.655611219582056, -9.695897623176734 ], [ -36.655582871152546, -9.695924522798464 ], [ -36.655494327501174, -9.696042239557642 ], [ -36.655260617983117, -9.696352950827986 ], [ -36.655102943446025, -9.696636390157209 ], [ -36.655066657600116, -9.696805721706653 ], [ -36.655058974691883, -9.696841575877954 ], [ -36.655012843068221, -9.697056855589381 ], [ -36.654853291646077, -9.697736359045678 ], [ -36.65457548387144, -9.698928304297738 ], [ -36.654447842194145, -9.699467026082345 ], [ -36.654269520122227, -9.700163422403989 ], [ -36.654175117387695, -9.700576512496013 ], [ -36.6541681575344, -9.700842925860286 ], [ -36.654213207273642, -9.701193939348798 ], [ -36.654365251155355, -9.701544952837253 ], [ -36.654434059184439, -9.70172566980375 ], [ -36.65445283972673, -9.701774993121376 ], [ -36.654536064787521, -9.70199357514332 ], [ -36.654597826628333, -9.702018538524669 ], [ -36.654600585748369, -9.702019653684033 ], [ -36.654604794575562, -9.702021354302019 ], [ -36.654608671552921, -9.702023712324433 ], [ -36.654627408927752, -9.702035111231339 ], [ -36.654778208147718, -9.702126847475995 ], [ -36.655273757078191, -9.702434689009635 ], [ -36.655681083415232, -9.70276130029373 ], [ -36.655831249512516, -9.702952763259361 ], [ -36.655928858330128, -9.703104806241754 ], [ -36.656026466248363, -9.70344643440535 ], [ -36.656037728458386, -9.703613495166621 ], [ -36.656093468438769, -9.703916351758153 ], [ -36.656011449368862, -9.704398114081641 ], [ -36.655859406386469, -9.704811071973324 ], [ -36.65574302691914, -9.705094510403285 ], [ -36.655611631471572, -9.705430507911558 ], [ -36.655504638228422, -9.705834079579063 ], [ -36.655508391998637, -9.706072469169044 ], [ -36.655512146668173, -9.70651358303536 ], [ -36.655587229267155, -9.706857088084121 ], [ -36.655851897946661, -9.707305710390187 ], [ -36.655900701456176, -9.70735076012943 ], [ -36.656152230141288, -9.707583518164768 ], [ -36.656653410626348, -9.707990844501808 ], [ -36.657750268759855, -9.708858721752563 ], [ -36.658222649355764, -9.709235347932918 ], [ -36.658571785959111, -9.709522541032413 ], [ -36.65873509205079, -9.709708372443401 ], [ -36.658930307887374, -9.710050000606998 ], [ -36.658986620735902, -9.710309037731861 ], [ -36.659024162035394, -9.710686330309841 ], [ -36.659005391385676, -9.710935982109845 ], [ -36.658889012817667, -9.711296381822535 ], [ -36.658661886336915, -9.711938343080021 ], [ -36.658336907322393, -9.712825275166267 ], [ -36.658282715974508, -9.713047696394028 ], [ -36.658211387145741, -9.713396833896695 ], [ -36.658192616496024, -9.713665256346474 ], [ -36.658224526240872, -9.714371037992976 ], [ -36.658256436884983, -9.715103098729003 ], [ -36.658286469744723, -9.715671854272614 ], [ -36.658207632476206, -9.716208699172057 ], [ -36.658108147672806, -9.716540942010795 ], [ -36.657965489116009, -9.716824380440755 ], [ -36.657657648481631, -9.717231706777795 ], [ -36.657406119796576, -9.717541425196544 ], [ -36.656644025301489, -9.718502490197693 ], [ -36.655731764709117, -9.719692558564702 ], [ -36.655348840576494, -9.720184352825584 ], [ -36.654609271400716, -9.721152926266484 ], [ -36.654141878444875, -9.721740452459869 ], [ -36.653861068733306, -9.72209981255628 ], [ -36.653738305878051, -9.722384290602463 ], [ -36.653675091632124, -9.722657714182105 ], [ -36.653655714839317, -9.722900487067761 ], [ -36.653668853934391, -9.723212082371674 ], [ -36.65376083119736, -9.723564973644557 ], [ -36.653926014174147, -9.724047382580579 ], [ -36.654230101038308, -9.72474565668665 ], [ -36.654770699707967, -9.725982651678009 ], [ -36.655116082541156, -9.726844231875759 ], [ -36.655461465374287, -9.727641990785173 ], [ -36.655564704847222, -9.72781280441734 ], [ -36.655972031184263, -9.728462274114634 ], [ -36.656405636610771, -9.729023521218494 ], [ -36.657040089428563, -9.729766844164487 ], [ -36.657610720957962, -9.730453855161215 ], [ -36.658190738711596, -9.731105201743617 ], [ -36.658213264030849, -9.73115776082193 ], [ -36.658393463887194, -9.731409289507042 ], [ -36.658447898951351, -9.73156508625965 ], [ -36.658823783190996, -9.732017832856627 ], [ -36.658902329978503, -9.73211244153589 ], [ -36.659420114646537, -9.732691220923073 ], [ -36.659558309868089, -9.732858449857531 ], [ -36.660385044933832, -9.733858878184606 ], [ -36.660838524478265, -9.734407678671403 ], [ -36.661346109934982, -9.734973863053312 ], [ -36.662025001852328, -9.735782011830338 ], [ -36.662194378367815, -9.735983637135121 ], [ -36.663010171382268, -9.736921428581013 ], [ -36.663136373244981, -9.737073421201387 ], [ -36.663756695015422, -9.737820513206088 ], [ -36.664218041829145, -9.738356360757393 ], [ -36.664341737281291, -9.738491781570417 ], [ -36.664385118778171, -9.738539274767675 ], [ -36.664501379535011, -9.738666555816849 ], [ -36.664743623619302, -9.738973919810519 ], [ -36.66481452616938, -9.739074796764385 ], [ -36.664843472648101, -9.739115981217537 ], [ -36.664974504769532, -9.739302408879041 ], [ -36.66520726280487, -9.739651545482388 ], [ -36.665261697869028, -9.739820482229447 ], [ -36.665354916196407, -9.74008062641974 ], [ -36.665406232411669, -9.740413639977476 ], [ -36.665428748737725, -9.74060268826338 ], [ -36.665442925650439, -9.740721722529429 ], [ -36.665505718114332, -9.741248940186381 ], [ -36.665531997203857, -9.741663774963172 ], [ -36.665545752334538, -9.742165781925223 ], [ -36.66554998544342, -9.742320282754804 ], [ -36.66555210424616, -9.742397607363614 ], [ -36.665678409530926, -9.744000738842999 ], [ -36.665699139803394, -9.744042759665604 ], [ -36.665710232940853, -9.744065245414674 ], [ -36.665747861474586, -9.744141519615368 ], [ -36.665791582915176, -9.744967053186883 ], [ -36.665793752979255, -9.745029753919937 ], [ -36.665799841389514, -9.745205690090472 ], [ -36.665815436533137, -9.745656323280627 ], [ -36.665858165122188, -9.745902258182639 ], [ -36.665903959500099, -9.746439816244504 ], [ -36.665923160025784, -9.746629812415847 ], [ -36.665987058655787, -9.747262098766782 ], [ -36.666052924103099, -9.747913849144766 ], [ -36.666185220671366, -9.749173970202492 ], [ -36.666241533519894, -9.749746479516375 ], [ -36.666253972043137, -9.750407955162927 ], [ -36.666412347152061, -9.752154772224912 ], [ -36.666511832854781, -9.752828644126566 ], [ -36.666523095064747, -9.753170272290163 ], [ -36.666496815975222, -9.753639542131111 ], [ -36.666425487146455, -9.75390233392551 ], [ -36.666224639755285, -9.754275872733274 ], [ -36.666040686128724, -9.754484228564252 ], [ -36.66585426116518, -9.754641126087051 ], [ -36.66583324310966, -9.754658814852405 ], [ -36.665815217098555, -9.754672987268521 ], [ -36.6656971801807, -9.754765790109104 ], [ -36.665387995059859, -9.754960015792051 ], [ -36.665334905381542, -9.754993366250801 ], [ -36.665244953391834, -9.755036053471031 ], [ -36.664562032511753, -9.755360142156803 ], [ -36.66399944092143, -9.755627125691262 ], [ -36.663911031269038, -9.755663302719199 ], [ -36.66320066397941, -9.755953981590949 ], [ -36.662723943255344, -9.756197951474235 ], [ -36.659382684862976, -9.757739083691717 ], [ -36.659230247078199, -9.757846924995533 ], [ -36.659188726278671, -9.757876299551526 ], [ -36.659029793590037, -9.757988735491722 ], [ -36.658853348403284, -9.758193337552427 ], [ -36.658650623227629, -9.758486162206566 ], [ -36.658412234536968, -9.758833421924862 ], [ -36.658290224414259, -9.759034269316032 ], [ -36.658123164552364, -9.759323339300636 ], [ -36.657929824701625, -9.759634934604492 ], [ -36.657351684732419, -9.760667328434408 ], [ -36.65718837864074, -9.760982677508537 ], [ -36.657025072549004, -9.761286764372642 ], [ -36.656995039689264, -9.761403143839971 ], [ -36.656921833076069, -9.761667811620157 ], [ -36.656826102042942, -9.762095785492079 ], [ -36.65680545450806, -9.762369839496444 ], [ -36.656756650099283, -9.763008046084394 ], [ -36.656735009712861, -9.763657157851526 ], [ -36.656709723474933, -9.764821305059115 ], [ -36.656672181276122, -9.766161540422729 ], [ -36.656657165295883, -9.766741558176307 ], [ -36.65662900842193, -9.767302804380847 ], [ -36.656629172997896, -9.767782321097172 ], [ -36.656709723474933, -9.768074284200793 ], [ -36.656815470257698, -9.76838256100632 ], [ -36.656823785389349, -9.768406801332787 ], [ -36.6570142132353, -9.768752442271364 ], [ -36.657033182635246, -9.768778800501195 ], [ -36.657225919940231, -9.769046611411966 ], [ -36.657593828092672, -9.769399502684848 ], [ -36.658073896093413, -9.76974170641455 ], [ -36.658314626618676, -9.76982747655677 ], [ -36.658932185671802, -9.769975765768947 ], [ -36.659523465635402, -9.770129686535768 ], [ -36.66094066048305, -9.770475069368899 ], [ -36.666517463510104, -9.771849091362412 ], [ -36.666825305043744, -9.771967346815529 ], [ -36.667071202174213, -9.772143792901659 ], [ -36.667242016705643, -9.772344640292886 ], [ -36.667424093447096, -9.7726111858575 ], [ -36.667523578250496, -9.772892747402352 ], [ -36.667561120449307, -9.7731423992023 ], [ -36.667536718244889, -9.773521569564764 ], [ -36.667420338777561, -9.773838795523943 ], [ -36.667292917434168, -9.774020865070838 ], [ -36.66726766177311, -9.774056952166575 ], [ -36.667249990094945, -9.7740802086347 ], [ -36.667183826972007, -9.774167284592465 ], [ -36.667133124094335, -9.774192408053125 ], [ -36.667106040111605, -9.774205827736694 ], [ -36.666767115310108, -9.774373763538335 ], [ -36.666471160115918, -9.774561968260173 ], [ -36.666439463510414, -9.774582124765175 ], [ -36.666380437407213, -9.774619660668748 ], [ -36.666036864010039, -9.7746819567069 ], [ -36.665966973197214, -9.77469462905384 ], [ -36.66563420605371, -9.774760843438116 ], [ -36.662126975079786, -9.775458715547245 ], [ -36.660400061813334, -9.775805975265484 ], [ -36.658196370266239, -9.77631654017614 ], [ -36.657941891407418, -9.776484777930159 ], [ -36.657603297275308, -9.77669570542229 ], [ -36.657375717612751, -9.777012096660485 ], [ -36.657198094461478, -9.7774450530917 ], [ -36.657192543738006, -9.777622676242968 ], [ -36.657157983354182, -9.777933322464833 ], [ -36.657280355004332, -9.778377574065757 ], [ -36.657419573654352, -9.77861392938928 ], [ -36.657432450147439, -9.778635790109604 ], [ -36.657486833950202, -9.77872811900744 ], [ -36.657695072869274, -9.778924625371133 ], [ -36.657970769035728, -9.779033143864467 ], [ -36.658204385024305, -9.779065962823893 ], [ -36.658225998431021, -9.779068998935088 ], [ -36.658606998913854, -9.779144998842582 ], [ -36.659077019688652, -9.779228110588804 ], [ -36.662701596001796, -9.779869031330691 ], [ -36.663229323574399, -9.779970350751057 ], [ -36.663290000832831, -9.77998200056885 ], [ -36.663339593947057, -9.779990014427597 ], [ -36.663625471338378, -9.780036208104491 ], [ -36.664021417654283, -9.780203385777611 ], [ -36.664185344278167, -9.780358260725109 ], [ -36.664202000621799, -9.78037399796159 ], [ -36.664224495364124, -9.780398562043956 ], [ -36.664437894593107, -9.780631594372551 ], [ -36.664564011020275, -9.780825168047045 ], [ -36.664685262115086, -9.781014146185839 ], [ -36.664698001011914, -9.781033999619353 ], [ -36.664739384215181, -9.781149376342626 ], [ -36.665599337539334, -9.783546933843866 ], [ -36.667030610374354, -9.788122314792929 ], [ -36.667290423614133, -9.789045103748492 ], [ -36.667305352360074, -9.789098128675676 ], [ -36.667306120381113, -9.789135893906348 ], [ -36.66731217281847, -9.789433338377819 ], [ -36.667262312605601, -9.789805821381492 ], [ -36.667139880700915, -9.790268068416594 ], [ -36.667135163756768, -9.790285878590396 ], [ -36.667080830316024, -9.790386321171752 ], [ -36.665992351166039, -9.79239853716274 ], [ -36.66586036846121, -9.792674233329137 ], [ -36.665745984589478, -9.793017386742974 ], [ -36.66574011831176, -9.793254954352619 ], [ -36.66574011831176, -9.793920731456524 ], [ -36.66590729598488, -9.794513184136065 ], [ -36.666048076757306, -9.79482407617013 ], [ -36.666259248365577, -9.79516722958391 ], [ -36.666675725304458, -9.795583706522791 ], [ -36.667244714671824, -9.795923927247372 ], [ -36.667538008772055, -9.796026580362366 ], [ -36.667892374933103, -9.796087468062183 ], [ -36.668007056480405, -9.796107172208167 ], [ -36.668391493272736, -9.796173226513133 ], [ -36.669256356895289, -9.796326534841683 ], [ -36.669364178414071, -9.796345647233807 ], [ -36.669391686876793, -9.796353642206782 ], [ -36.669769973205632, -9.796463587924222 ], [ -36.670104328551872, -9.796674758633173 ], [ -36.670321365538541, -9.796882997552245 ], [ -36.670482676933943, -9.797135230406525 ], [ -36.670570665703622, -9.797434389885154 ], [ -36.670620525017171, -9.797771677021217 ], [ -36.670553067769845, -9.798150026302608 ], [ -36.670321365538541, -9.798601698209779 ], [ -36.669526540217589, -9.80013562415968 ], [ -36.669365227922867, -9.800540369442444 ], [ -36.669346402414476, -9.801161189437323 ], [ -36.669400423790478, -9.801355726285692 ], [ -36.669547069941302, -9.80170474597719 ], [ -36.669754591201354, -9.802031109048414 ], [ -36.669996594267388, -9.802267269219044 ], [ -36.670200484065049, -9.80237925729682 ], [ -36.670887422216708, -9.802751804152365 ], [ -36.672914082219052, -9.803927911443907 ], [ -36.67343027868435, -9.804235869889453 ], [ -36.674186976347812, -9.804669944762111 ], [ -36.674439209202092, -9.804866451125747 ], [ -36.674764764682095, -9.805168544192895 ], [ -36.675154845619602, -9.805599685477034 ], [ -36.675559590902367, -9.806107083874792 ], [ -36.675943805562156, -9.806596884338717 ], [ -36.676122714891335, -9.806863781538254 ], [ -36.676322154843547, -9.807133611426991 ], [ -36.676641844945152, -9.807638077135493 ], [ -36.676850104548635, -9.80809396056776 ], [ -36.676862000780659, -9.808120001336931 ], [ -36.676887827511166, -9.808158924894428 ], [ -36.677184437411825, -9.808605946407226 ], [ -36.677492395857314, -9.808811251737836 ], [ -36.677917671763112, -9.809010691690048 ], [ -36.678269624143809, -9.809057618314398 ], [ -36.678642107147482, -9.809060551003597 ], [ -36.678987082587753, -9.808959396159139 ], [ -36.679190566791192, -9.808949099821064 ], [ -36.679964861489111, -9.808591281162649 ], [ -36.681871270442741, -9.807567686299649 ], [ -36.683651563868523, -9.806611548683975 ], [ -36.684305608417048, -9.806482499567664 ], [ -36.68480420784789, -9.806409176042621 ], [ -36.685933388515025, -9.806321188172262 ], [ -36.687183549581107, -9.806221704268182 ], [ -36.687271898079587, -9.806214673368459 ], [ -36.687464680350672, -9.806200348067534 ], [ -36.689267668168327, -9.806066374263708 ], [ -36.689552692103007, -9.806048103637011 ], [ -36.689611115660398, -9.806044358860049 ], [ -36.689706905149535, -9.806038218289075 ], [ -36.689931951498295, -9.805972915817392 ], [ -36.690000586857536, -9.805952999431327 ], [ -36.690100069862297, -9.805912234062305 ], [ -36.690379875031169, -9.805797576796692 ], [ -36.690438363339752, -9.805756667536116 ], [ -36.690479956085085, -9.805727574467937 ], [ -36.690506905169514, -9.805708724677856 ], [ -36.690573780555496, -9.805661949139619 ], [ -36.690670508037499, -9.805594292242745 ], [ -36.691118820976783, -9.805259464752453 ], [ -36.692110153560691, -9.804432377152409 ], [ -36.692792823529942, -9.8038889627054 ], [ -36.693022296341837, -9.803749003014048 ], [ -36.693947437024576, -9.803361025590789 ], [ -36.694245683691292, -9.803316453391574 ], [ -36.694264597333245, -9.803277630558171 ], [ -36.694269796314018, -9.803266959202745 ], [ -36.694281348105676, -9.803243246778379 ], [ -36.696267896546146, -9.802754707163956 ], [ -36.697161871223329, -9.802534857997273 ], [ -36.701189000272109, -9.801544490385879 ], [ -36.703589667628989, -9.800971511625903 ], [ -36.704613263391366, -9.800716346082481 ], [ -36.705258508972975, -9.800654754213497 ], [ -36.705866572084574, -9.800708090306102 ], [ -36.705901849790507, -9.800711184873251 ], [ -36.706077553935927, -9.800771021265575 ], [ -36.706620067262236, -9.800955775288742 ], [ -36.706710744105521, -9.800986655309828 ], [ -36.706742893070043, -9.801004192989069 ], [ -36.707156118959688, -9.801229609858581 ], [ -36.707733908193291, -9.801725276600166 ], [ -36.708011256414295, -9.802082480122294 ], [ -36.70829317588931, -9.802537189939301 ], [ -36.708411416053991, -9.802781133742258 ], [ -36.708857222582708, -9.804071625804852 ], [ -36.709443809883851, -9.805608484443951 ], [ -36.70978109791929, -9.806470767911549 ], [ -36.709974671593784, -9.806813921325386 ], [ -36.710174111545996, -9.807080818524923 ], [ -36.710446874123875, -9.807341850346063 ], [ -36.711023569781901, -9.807637384657539 ], [ -36.71106296368481, -9.807657572638846 ], [ -36.711153677400262, -9.807709303441527 ], [ -36.712247697273369, -9.808333182930028 ], [ -36.713008874459945, -9.808794937136611 ], [ -36.713230231789737, -9.809034155002223 ], [ -36.713356347317529, -9.809239460332776 ], [ -36.713459000432465, -9.809623674992565 ], [ -36.713453043323227, -9.810092363871433 ], [ -36.713327018626956, -9.810315848097844 ], [ -36.712957468312482, -9.810779252560394 ], [ -36.712781491672445, -9.810908301676761 ], [ -36.712271160585544, -9.811313046959526 ], [ -36.711669908939086, -9.8117764505227 ], [ -36.711408878017266, -9.811996421097888 ], [ -36.711168376819103, -9.812210525395358 ], [ -36.710968936866891, -9.812574209432171 ], [ -36.710863351062756, -9.812934960779785 ], [ -36.710857485684357, -9.81317252838943 ], [ -36.710942540865517, -9.813594871605972 ], [ -36.711086254327142, -9.813876433150824 ], [ -36.711320889247588, -9.814207854908545 ], [ -36.711423542362525, -9.814295843678224 ], [ -36.711784293710139, -9.814559807289243 ], [ -36.712089318567166, -9.814671259371096 ], [ -36.712429539291747, -9.814721119583965 ], [ -36.712787357950162, -9.814680058337956 ], [ -36.713057187838899, -9.814580337912219 ], [ -36.713285957381004, -9.814483551075 ], [ -36.714676168969959, -9.813624201195864 ], [ -36.715954929376437, -9.81282644228645 ], [ -36.716070409521762, -9.812739832177442 ], [ -36.716098183284487, -9.812719002080257 ], [ -36.71618956429694, -9.812650465646414 ], [ -36.716682298349326, -9.812518483840904 ], [ -36.717133970256498, -9.812583008399088 ], [ -36.717541648228462, -9.812785381040442 ], [ -36.717658965688656, -9.812838173942509 ], [ -36.717887735230761, -9.813072808863012 ], [ -36.718021533666786, -9.813285370823166 ], [ -36.718039836669107, -9.813314448602853 ], [ -36.718203775883524, -9.813663594199454 ], [ -36.718220515864061, -9.813712976872353 ], [ -36.718389267350744, -9.814210788497064 ], [ -36.718574042058378, -9.81474165020694 ], [ -36.718726555386183, -9.815149328178904 ], [ -36.718943592372852, -9.815463152002792 ], [ -36.719301410131948, -9.815779909415255 ], [ -36.71963869816733, -9.81597055040055 ], [ -36.720081724891656, -9.816107920044431 ], [ -36.720133692216052, -9.816124033197525 ], [ -36.720573448106109, -9.816092423826262 ], [ -36.720931068014352, -9.81599648325107 ], [ -36.721734579886913, -9.81565076137349 ], [ -36.721784650541167, -9.815630729874215 ], [ -36.72209356676467, -9.815507145938 ], [ -36.722492445769717, -9.815448487657534 ], [ -36.722853197117331, -9.815442621379816 ], [ -36.723310735302164, -9.815586335740761 ], [ -36.723744810174821, -9.815862031907216 ], [ -36.724035170686534, -9.816196386354079 ], [ -36.724222568716527, -9.816484616371895 ], [ -36.724486842593649, -9.816829901178949 ], [ -36.724517225289674, -9.816969663019506 ], [ -36.724522679677875, -9.816994753205222 ], [ -36.724560166118749, -9.817167188315068 ], [ -36.724882788909554, -9.817615927532984 ], [ -36.725457762365807, -9.818421100453349 ], [ -36.725604471469126, -9.818626546078178 ], [ -36.726272887183939, -9.81956257305427 ], [ -36.727041430717406, -9.820745371301825 ], [ -36.727399249375821, -9.821088524715606 ], [ -36.727809860036984, -9.821367154470579 ], [ -36.728184285576276, -9.821584679789112 ], [ -36.728232998254214, -9.821612979655242 ], [ -36.728581622244008, -9.82179012901122 ], [ -36.728640843500102, -9.821824343718447 ], [ -36.728915577391945, -9.821983070462295 ], [ -36.729126749000216, -9.822197174759765 ], [ -36.729326188952427, -9.822531530106005 ], [ -36.729405377855869, -9.82281602523932 ], [ -36.729420042201127, -9.823373282950627 ], [ -36.729452304480219, -9.824399810502825 ], [ -36.729458998134191, -9.824863451487033 ], [ -36.729459551217246, -9.824901773398096 ], [ -36.729472548219462, -9.824964244803994 ], [ -36.729474683210015, -9.824974506967862 ], [ -36.729541778929899, -9.825297020041376 ], [ -36.729753098926324, -9.825641692410102 ], [ -36.729775433589339, -9.825664597243303 ], [ -36.72999783143473, -9.825892675206774 ], [ -36.730147411174016, -9.825998261010909 ], [ -36.730575619769013, -9.826224097863758 ], [ -36.731159367910436, -9.826490781024688 ], [ -36.731232677046364, -9.826524272676977 ], [ -36.731335870653879, -9.826576391087542 ], [ -36.732200466278471, -9.827013057806312 ], [ -36.732719596332288, -9.827382607221523 ], [ -36.733055936482231, -9.827649314664086 ], [ -36.733126323720796, -9.827705129288233 ], [ -36.733470428617352, -9.827977993489583 ], [ -36.73378801160743, -9.828447629354571 ], [ -36.733835492214155, -9.828517843023974 ], [ -36.733865520577297, -9.828563300156134 ], [ -36.734077546541471, -9.828884270892331 ], [ -36.734375830080467, -9.829414121764273 ], [ -36.734869439173224, -9.83037420290708 ], [ -36.735256586522212, -9.831130900570543 ], [ -36.735252419063841, -9.831187574047249 ], [ -36.735251152818421, -9.831204796064412 ], [ -36.735241922176897, -9.831330340522754 ], [ -36.735399723518356, -9.831692809575429 ], [ -36.735678929738754, -9.83216036171126 ], [ -36.735882395056422, -9.832449187979591 ], [ -36.735916203270108, -9.832497181199926 ], [ -36.736189260825711, -9.832884797095687 ], [ -36.736382834500148, -9.833418591494762 ], [ -36.736473624658004, -9.833946010599846 ], [ -36.736484669232084, -9.834010172731212 ], [ -36.736568861064029, -9.834665094118748 ], [ -36.736697468613215, -9.836071718335063 ], [ -36.736710427843946, -9.836182343939981 ], [ -36.736837439995838, -9.837266604370257 ], [ -36.736932041480486, -9.838474156457096 ], [ -36.736941631850812, -9.838596579368584 ], [ -36.737000681336326, -9.839357339269725 ], [ -36.736962155279173, -9.839765056811871 ], [ -36.736764088591769, -9.840152664613754 ], [ -36.736751521465521, -9.840167259711222 ], [ -36.736558276043581, -9.8403916774339 ], [ -36.736526861825155, -9.840428159332021 ], [ -36.736500926276676, -9.840446787888879 ], [ -36.736360746251421, -9.840547472387868 ], [ -36.736319246136247, -9.840577280417108 ], [ -36.736281531267593, -9.840604368896436 ], [ -36.736060211709344, -9.840730402585962 ], [ -36.735491221442658, -9.840935708815834 ], [ -36.735156866995794, -9.841044227309169 ], [ -36.734644059175935, -9.841238705701642 ], [ -36.734590205973177, -9.841259129305342 ], [ -36.734301138686533, -9.841505050717444 ], [ -36.734090450913527, -9.841845314609543 ], [ -36.734080633014742, -9.841864971091468 ], [ -36.734001290327228, -9.842023828237018 ], [ -36.733933832180583, -9.842449104142815 ], [ -36.734024753639403, -9.842912507706046 ], [ -36.734241790626072, -9.84328205802052 ], [ -36.734458828512061, -9.843513760251767 ], [ -36.734722792123137, -9.843686803303285 ], [ -36.735074744503834, -9.843792389107421 ], [ -36.735445604231188, -9.84384400119967 ], [ -36.735495117305788, -9.843850891805175 ], [ -36.73554817101126, -9.843868213647113 ], [ -36.73585490637879, -9.843968364848138 ], [ -36.73618363196897, -9.84408726331651 ], [ -36.736237153321952, -9.844106622122865 ], [ -36.736640851793823, -9.844428599200455 ], [ -36.736674448666804, -9.844476552850608 ], [ -36.736881433930989, -9.844771990035269 ], [ -36.7370838065724, -9.845123942415967 ], [ -36.737710077358145, -9.846138876807686 ], [ -36.737798110194603, -9.846281542559097 ], [ -36.738441020236849, -9.847418290121936 ], [ -36.739143956428393, -9.848554552050871 ], [ -36.739252591833576, -9.848745309048752 ], [ -36.740031408322807, -9.850112867614712 ], [ -36.740195652407408, -9.850523479175195 ], [ -36.740238637303207, -9.850872057299568 ], [ -36.740242348805282, -9.850902152212484 ], [ -36.740237144428647, -9.850925024670119 ], [ -36.74018015708856, -9.851175448088384 ], [ -36.740165383925273, -9.851240370146911 ], [ -36.740162483611698, -9.851253114439658 ], [ -36.740090066603273, -9.851462018857035 ], [ -36.73980850505842, -9.851825702893848 ], [ -36.739615748867664, -9.851936516457044 ], [ -36.739592104791768, -9.851950108810399 ], [ -36.73930642435198, -9.852078967270472 ], [ -36.739041085677513, -9.852117549984882 ], [ -36.738768715204003, -9.85210698115219 ], [ -36.73854383792775, -9.852049205106709 ], [ -36.738504952141795, -9.852028324647392 ], [ -36.738242316829428, -9.851887294762776 ], [ -36.738004748320463, -9.851758245646465 ], [ -36.737658662217427, -9.851564671971971 ], [ -36.737274447557638, -9.851382829054273 ], [ -36.737013370770399, -9.851321792066983 ], [ -36.736965588890769, -9.851310621587857 ], [ -36.736645675757302, -9.851250738430792 ], [ -36.736623199900691, -9.851248768016205 ], [ -36.736479621337423, -9.851236182903449 ], [ -36.736218590415547, -9.851288975805517 ], [ -36.736007418807276, -9.851368164709015 ], [ -36.735705326639447, -9.851570537350369 ], [ -36.735515862866748, -9.851814336362509 ], [ -36.735490203410109, -9.851847354072106 ], [ -36.735334694440553, -9.852159596887816 ], [ -36.735260165823945, -9.852509968260392 ], [ -36.735263072432815, -9.852536349872594 ], [ -36.735285916112105, -9.852743711952712 ], [ -36.735370971293264, -9.853098597921928 ], [ -36.735456026474424, -9.853286305318704 ], [ -36.73568772870567, -9.853614794387227 ], [ -36.735884235069364, -9.853884624275963 ], [ -36.736470822370507, -9.854699981119211 ], [ -36.737814108234488, -9.856597591105924 ], [ -36.738870151536219, -9.85810534948223 ], [ -36.739044145171135, -9.858353768311702 ], [ -36.740565885307319, -9.860490918121343 ], [ -36.740735938113005, -9.860718113849828 ], [ -36.741864493751336, -9.86222589650788 ], [ -36.74324883996195, -9.864026720556637 ], [ -36.743594926064929, -9.864563447644969 ], [ -36.743773835394165, -9.864918332714808 ], [ -36.743905817199675, -9.865243889094188 ], [ -36.744046598871421, -9.865692628312104 ], [ -36.744149251087038, -9.866120836907044 ], [ -36.744885418127524, -9.868901260984387 ], [ -36.745234437819022, -9.870215217258419 ], [ -36.745638460946168, -9.871920325562542 ], [ -36.745667472176081, -9.872042763762465 ], [ -36.745867651370986, -9.872856267102975 ], [ -36.746814365890202, -9.876435403371147 ], [ -36.746894352492347, -9.876725654165568 ], [ -36.747739165729854, -9.879791255961663 ], [ -36.747850617811707, -9.880131475786925 ], [ -36.748038325208483, -9.880418903609495 ], [ -36.748331619308715, -9.880706331432009 ], [ -36.748621979820484, -9.880899906005823 ], [ -36.748900608676081, -9.880993759254523 ], [ -36.749536776500975, -9.881165121473146 ], [ -36.749585911860322, -9.881178356795658 ], [ -36.749686821189812, -9.881193355688765 ], [ -36.750751292038444, -9.881351577912938 ], [ -36.751566648881692, -9.88151288930834 ], [ -36.751871673738719, -9.881612609734077 ], [ -36.752123395778028, -9.881804409945516 ], [ -36.752149655981782, -9.881824418961742 ], [ -36.752182204245287, -9.881863687858868 ], [ -36.752384937514819, -9.8821082755764 ], [ -36.752540383531823, -9.882354642152961 ], [ -36.752612754674828, -9.882624034971172 ], [ -36.752624585256342, -9.8826680747718 ], [ -36.752634201706996, -9.882754992448895 ], [ -36.752640628262327, -9.882813077861215 ], [ -36.752644734566786, -9.882850196479353 ], [ -36.752663567269792, -9.883020419256923 ], [ -36.752593176433891, -9.883313712457834 ], [ -36.752455328350663, -9.883627537181042 ], [ -36.75220408834798, -9.883945890890118 ], [ -36.752178329965886, -9.883978530884463 ], [ -36.75120557108022, -9.885133021171953 ], [ -36.750613141783049, -9.885808464189211 ], [ -36.75052040189496, -9.885927176497944 ], [ -36.749927137127656, -9.886686590113982 ], [ -36.749876853334058, -9.886804274497649 ], [ -36.749861132285389, -9.886841068460512 ], [ -36.749789289044429, -9.887009212904786 ], [ -36.749612261096956, -9.887458635607516 ], [ -36.749590977741377, -9.887512668674674 ], [ -36.749579680457828, -9.887601228513859 ], [ -36.749504793911058, -9.888188253784847 ], [ -36.749468588104833, -9.888573086278882 ], [ -36.749463632840332, -9.888625752376527 ], [ -36.749470295018057, -9.888664404338726 ], [ -36.749513592877975, -9.888915621858416 ], [ -36.749619489847532, -9.889472119642562 ], [ -36.749803953389687, -9.889868826784891 ], [ -36.750123643491293, -9.890452480497515 ], [ -36.75077182266142, -9.891566996819392 ], [ -36.752273486332285, -9.894133316599209 ], [ -36.752879544855091, -9.895245755487167 ], [ -36.752949844859415, -9.895374793811641 ], [ -36.753042102710822, -9.895490814449488 ], [ -36.753221629874304, -9.895716582054547 ], [ -36.75340266699942, -9.895849084567544 ], [ -36.753634369230724, -9.896019194929863 ], [ -36.753845540838995, -9.896127713423198 ], [ -36.754131356177083, -9.896272891880415 ], [ -36.75417357664918, -9.896294337113943 ], [ -36.754217237835235, -9.896305941965579 ], [ -36.754572908912564, -9.896400476900453 ], [ -36.754995252129163, -9.896377013588278 ], [ -36.756003060292983, -9.896225645996708 ], [ -36.756119682577264, -9.896208129901254 ], [ -36.75626067019374, -9.896191304485058 ], [ -36.75743252189335, -9.896051457208955 ], [ -36.759985689987559, -9.895697669311915 ], [ -36.760290399182509, -9.895655446141859 ], [ -36.760587033364857, -9.895631373089373 ], [ -36.760612945530966, -9.895635857109085 ], [ -36.760811265827215, -9.895670175238365 ], [ -36.761016571157768, -9.895711236484317 ], [ -36.76134506022629, -9.895849084567544 ], [ -36.761632488048861, -9.896039725552839 ], [ -36.761785000477346, -9.896218634882075 ], [ -36.761928713938971, -9.896400476900453 ], [ -36.762019635397792, -9.896596983264146 ], [ -36.762092958922892, -9.896805222183218 ], [ -36.762122288512785, -9.897086783728014 ], [ -36.762103914464035, -9.897511826709376 ], [ -36.762101884694175, -9.897558790205949 ], [ -36.76200556370577, -9.897928490707216 ], [ -36.761704015627799, -9.899051073947874 ], [ -36.761695218459522, -9.899133146077759 ], [ -36.76166383391876, -9.89942593835633 ], [ -36.761672082500581, -9.899665569010779 ], [ -36.761780692724756, -9.90017292064374 ], [ -36.761859627120032, -9.900346041936245 ], [ -36.761892824694087, -9.900418851948416 ], [ -36.762091294277752, -9.900687590060159 ], [ -36.762384604565796, -9.900954938719394 ], [ -36.762474713037534, -9.901001391401053 ], [ -36.762936682182101, -9.901239547167336 ], [ -36.763366311705852, -9.901430876133986 ], [ -36.763612632416994, -9.901566065821214 ], [ -36.76381999989303, -9.901717295816525 ], [ -36.764009037387098, -9.901905186674981 ], [ -36.764270251770654, -9.902280969291269 ], [ -36.764546360725944, -9.902841206456458 ], [ -36.764910685979316, -9.903623704770098 ], [ -36.765120344927936, -9.904051042821322 ], [ -36.765170984853, -9.90414230602255 ], [ -36.76519339685774, -9.904182695474958 ], [ -36.76522460243342, -9.904238933679778 ], [ -36.765485816816977, -9.904509313953611 ], [ -36.765708077965371, -9.904650232322297 ], [ -36.766127396761931, -9.904814064517439 ], [ -36.766319870565553, -9.904842706125919 ], [ -36.766524947468326, -9.90485530832575 ], [ -36.766804492733115, -9.904857599798333 ], [ -36.767328068135782, -9.904871348633776 ], [ -36.767674328707244, -9.904880104433232 ], [ -36.767847327691982, -9.904884479634973 ], [ -36.767906850220925, -9.904892069013727 ], [ -36.768220550837725, -9.904932069059669 ], [ -36.768525301401496, -9.905009975529879 ], [ -36.768700221338122, -9.905092306664585 ], [ -36.768907681444318, -9.905215927473023 ], [ -36.769093277232912, -9.905361955789601 ], [ -36.769218436781387, -9.905508345633621 ], [ -36.769449863820114, -9.90572258752735 ], [ -36.769571299275981, -9.905897952628379 ], [ -36.769628751565563, -9.905980918684406 ], [ -36.769791884088136, -9.906230815999322 ], [ -36.770409943164282, -9.907177598867065 ], [ -36.770835309901599, -9.9078162002574 ], [ -36.771209992647016, -9.908343395431302 ], [ -36.77149719114243, -9.908644067569639 ], [ -36.771939423765332, -9.908977459741948 ], [ -36.772297729856291, -9.909166834481766 ], [ -36.772582149446578, -9.909254713534153 ], [ -36.772944183227423, -9.909325745586671 ], [ -36.773332757800461, -9.909349824035132 ], [ -36.773345096498986, -9.909350588458835 ], [ -36.773387780121936, -9.909344616960482 ], [ -36.773882938746567, -9.909275343981903 ], [ -36.773956293747915, -9.909265081818035 ], [ -36.774536694612721, -9.909147422615433 ], [ -36.775145806333853, -9.909015063993934 ], [ -36.776573692322017, -9.908704787995532 ], [ -36.777617405918477, -9.908475652429388 ], [ -36.778010582322452, -9.90838800450274 ], [ -36.778933686040716, -9.90818222253148 ], [ -36.779976357322994, -9.907949786453457 ], [ -36.781556463459992, -9.907602315394513 ], [ -36.782259196404766, -9.907447781290045 ], [ -36.782844194603854, -9.907319228599476 ], [ -36.785214399225083, -9.906798379041902 ], [ -36.786718304905776, -9.906480298726763 ], [ -36.787092350031912, -9.906401187164988 ], [ -36.787217833336285, -9.906372730816827 ], [ -36.787543564184091, -9.906298863201926 ], [ -36.787677292473006, -9.906285390458379 ], [ -36.787696055928222, -9.906283500083418 ], [ -36.787850605321125, -9.906267930120805 ], [ -36.787979531230349, -9.906278517839269 ], [ -36.788002037663887, -9.906280366845408 ], [ -36.788087761041311, -9.906287406738386 ], [ -36.788331790279869, -9.906348128063598 ], [ -36.788436693498568, -9.906394609523545 ], [ -36.788529605157123, -9.906435777788886 ], [ -36.788613627916561, -9.906473007023635 ], [ -36.788693998529141, -9.906526740616528 ], [ -36.788706580044618, -9.906535151975618 ], [ -36.788814120974848, -9.906607050974571 ], [ -36.788973370224824, -9.906759426706117 ], [ -36.789123454483786, -9.906961065500752 ], [ -36.789184635362574, -9.907106063194192 ], [ -36.789200224210958, -9.907143008243168 ], [ -36.789260339393081, -9.907325140742614 ], [ -36.789268115830851, -9.907350214740575 ], [ -36.789314782551116, -9.907500680312125 ], [ -36.789326239913976, -9.907708047788105 ], [ -36.789260935643597, -9.908126220848374 ], [ -36.78915667903749, -9.908354210678226 ], [ -36.788989107461305, -9.90858823585836 ], [ -36.788943092749491, -9.90865249871382 ], [ -36.788273569069929, -9.909565478763795 ], [ -36.788217749949183, -9.909641151318056 ], [ -36.787939968254875, -9.910017736129589 ], [ -36.787817409545767, -9.910242722223813 ], [ -36.787768130294921, -9.910333187726394 ], [ -36.787702813434066, -9.910453093435478 ], [ -36.787598556827902, -9.910732639599587 ], [ -36.78745305551405, -9.911234446012827 ], [ -36.78737823731575, -9.911576718090998 ], [ -36.787372857571256, -9.911733961852804 ], [ -36.787362546844008, -9.91203756668034 ], [ -36.787422121533666, -9.912629882662884 ], [ -36.787524087566567, -9.913029724841863 ], [ -36.787717707106481, -9.913523512000438 ], [ -36.787801341358772, -9.913663284632833 ], [ -36.787976630017397, -9.913957723570036 ], [ -36.788322625288856, -9.914374750894012 ], [ -36.788564363054888, -9.914632528968014 ], [ -36.789437298992084, -9.915463861368039 ], [ -36.790615199531771, -9.916595219293868 ], [ -36.791956001468236, -9.917918119325691 ], [ -36.793954750111595, -9.919917364394792 ], [ -36.794257477200745, -9.920220166127706 ], [ -36.795348934905405, -9.921305019211218 ], [ -36.79574985177419, -9.92169666496909 ], [ -36.796171739933811, -9.922108796383782 ], [ -36.796212633006576, -9.922181570423106 ], [ -36.796224005833153, -9.922201808766431 ], [ -36.796317975993759, -9.922345872963604 ], [ -36.796415477792038, -9.922538551812693 ], [ -36.796454320410533, -9.922698506131098 ], [ -36.796485133881788, -9.922825395075847 ], [ -36.796499488860263, -9.92288450841329 ], [ -36.796504130261383, -9.922915634848607 ], [ -36.796540505140172, -9.923159598436655 ], [ -36.796515443732687, -9.923302808277924 ], [ -36.796443838812081, -9.923617869569 ], [ -36.79618606073808, -9.924029598087429 ], [ -36.796085155905189, -9.924135743269915 ], [ -36.796065765622529, -9.924156140793229 ], [ -36.7958492673298, -9.924350277443295 ], [ -36.795632631440753, -9.924538277119723 ], [ -36.795460484114017, -9.924688714812305 ], [ -36.794795135986703, -9.925270152595431 ], [ -36.794678993940352, -9.925457339284719 ], [ -36.794658158447191, -9.925490919969945 ], [ -36.7945722677959, -9.925672109979871 ], [ -36.794564074072696, -9.925709352704416 ], [ -36.7945248267593, -9.925887744923443 ], [ -36.794510505955031, -9.926175955156168 ], [ -36.794528406960353, -9.926448054034438 ], [ -36.794583901425881, -9.926693300055717 ], [ -36.794716369764615, -9.926942127177369 ], [ -36.794814826642892, -9.927083547367772 ], [ -36.794983098790908, -9.927269719621791 ], [ -36.795194333351787, -9.927432621018625 ], [ -36.795550567404746, -9.927620583822829 ], [ -36.796037481044891, -9.927858670341323 ], [ -36.796810308948579, -9.928253753308013 ], [ -36.796902794328446, -9.928301033365926 ], [ -36.796962389702458, -9.928331499698913 ], [ -36.797154517267131, -9.928429719156156 ], [ -36.797227911838604, -9.928474472119149 ], [ -36.797659331912598, -9.928846817526562 ], [ -36.797858035320019, -9.929079534193079 ], [ -36.798011985764504, -9.929328360415468 ], [ -36.798232171277618, -9.929867187420712 ], [ -36.798344948960164, -9.930513422256581 ], [ -36.798346962542269, -9.930732935976152 ], [ -36.798338570968212, -9.93184337117458 ], [ -36.798323989360597, -9.9341356198629 ], [ -36.798321292293735, -9.934559653804911 ], [ -36.798327320449459, -9.934904055477716 ], [ -36.798380527039626, -9.937943772986671 ], [ -36.798326935539592, -9.938409411365171 ], [ -36.798316411672999, -9.938500848135561 ], [ -36.798252244145715, -9.938786062726592 ], [ -36.798157666043437, -9.939092255802905 ], [ -36.797911822872265, -9.939503171334252 ], [ -36.797664656798418, -9.939842444173394 ], [ -36.797520678936166, -9.939974658903338 ], [ -36.797292468772355, -9.940184223423103 ], [ -36.797009964738038, -9.940363236174392 ], [ -36.796510876076013, -9.940614066985574 ], [ -36.796439681246227, -9.940649848311807 ], [ -36.796278479568116, -9.94073613376554 ], [ -36.795370883759233, -9.941221934944281 ], [ -36.794973699976254, -9.941473671372762 ], [ -36.794660429235364, -9.941764566081815 ], [ -36.794394707449726, -9.942164546756374 ], [ -36.794271637026384, -9.942435862325112 ], [ -36.794241172492093, -9.942622205450391 ], [ -36.794235828720502, -9.942654893108795 ], [ -36.794232646919056, -9.942705292914866 ], [ -36.794210100915393, -9.943062404706154 ], [ -36.79423807162965, -9.943353300314527 ], [ -36.794369533627048, -9.944016204983825 ], [ -36.794475822701031, -9.944525270724625 ], [ -36.794713572873036, -9.945481867893818 ], [ -36.79500167069051, -9.946670620552652 ], [ -36.795155509619008, -9.947154513370037 ], [ -36.795240954206633, -9.947382369200909 ], [ -36.795254253381017, -9.947417833066481 ], [ -36.795432191442444, -9.947670708936016 ], [ -36.795613319399138, -9.947861604429477 ], [ -36.795817208297478, -9.948038999300309 ], [ -36.796050462758615, -9.948216472412241 ], [ -36.796095333532776, -9.948241390827491 ], [ -36.796344263177161, -9.948379628317127 ], [ -36.797818316761891, -9.949353007735056 ], [ -36.7981595591163, -9.949579570340859 ], [ -36.798442063150674, -9.94982571208692 ], [ -36.798565133574016, -9.949990738581675 ], [ -36.798688204896678, -9.950197722047164 ], [ -36.798763725465506, -9.950399110830233 ], [ -36.798839246034333, -9.950670425499709 ], [ -36.798861622965489, -9.950938944176869 ], [ -36.798847637608333, -9.951243824243022 ], [ -36.798758131682405, -9.951624225777323 ], [ -36.798589310048555, -9.951924740534309 ], [ -36.798563647894014, -9.951970420698331 ], [ -36.798507999644414, -9.952035703384979 ], [ -36.798248281732754, -9.9523403864996 ], [ -36.797979549016929, -9.95265988774355 ], [ -36.797519037673396, -9.953212647945293 ], [ -36.797297664155849, -9.953478366133652 ], [ -36.796242859220513, -9.95472386871154 ], [ -36.796017112299864, -9.954986089436431 ], [ -36.794752732052871, -9.956454759679389 ], [ -36.79382445183694, -9.957581853919351 ], [ -36.793661062108299, -9.957780238067471 ], [ -36.793658180680438, -9.957783736430258 ], [ -36.793655515089881, -9.957786881359425 ], [ -36.793258435628275, -9.958255336414595 ], [ -36.792433539676097, -9.959224209329761 ], [ -36.792022103437262, -9.959698990216168 ], [ -36.791292380039238, -9.960561200838697 ], [ -36.791229917626538, -9.960630031350831 ], [ -36.79082565078312, -9.96107551322433 ], [ -36.790674608746144, -9.961293684256077 ], [ -36.790551538322802, -9.961531435327458 ], [ -36.790482861594739, -9.961839157251234 ], [ -36.790473141722089, -9.961882709619317 ], [ -36.79044233994199, -9.962263777551243 ], [ -36.790453119216011, -9.962682965946101 ], [ -36.7904540895845, -9.962720693405231 ], [ -36.790455579761158, -9.962778634026677 ], [ -36.790458880273036, -9.962812951256637 ], [ -36.790526364500067, -9.963514555552251 ], [ -36.79057111746306, -9.964275357721533 ], [ -36.790540349857224, -9.964658555248093 ], [ -36.790478814645553, -9.964893509427895 ], [ -36.790400496285827, -9.965103288885643 ], [ -36.790235469791071, -9.965424952099795 ], [ -36.789922198150862, -9.965827729665932 ], [ -36.789543392013911, -9.966218305230541 ], [ -36.789496282827145, -9.96626687761426 ], [ -36.788940479319649, -9.966876812215048 ], [ -36.788855609398809, -9.966963413330802 ], [ -36.788403390703877, -9.967424854573324 ], [ -36.787560296070751, -9.968373504433657 ], [ -36.787403230374764, -9.968550234705503 ], [ -36.786336209048784, -9.969727701771944 ], [ -36.785607588219591, -9.970510200085641 ], [ -36.785136031402658, -9.971030495660784 ], [ -36.785097978388933, -9.971082276825541 ], [ -36.784887478574205, -9.97136871809181 ], [ -36.784758813468443, -9.971595280697613 ], [ -36.784646892839817, -9.971825231049536 ], [ -36.784633144004374, -9.971853479654328 ], [ -36.784564980789185, -9.972163788927674 ], [ -36.784510834407456, -9.972628050444143 ], [ -36.784566781231945, -9.972976743681727 ], [ -36.784677912255802, -9.973336957234721 ], [ -36.784955756902605, -9.973816104329728 ], [ -36.785541831590194, -9.974659368035361 ], [ -36.786385971235518, -9.975863971245246 ], [ -36.78644289742175, -9.975936828022157 ], [ -36.786881787264633, -9.976498538276871 ], [ -36.78703431857889, -9.976621547546358 ], [ -36.787073887849601, -9.97665345729115 ], [ -36.7872286234022, -9.976778244520347 ], [ -36.787474765148261, -9.976988024877414 ], [ -36.787958657066326, -9.977329267231823 ], [ -36.788811762952434, -9.97779078311811 ], [ -36.789152168038072, -9.977983794716295 ], [ -36.789279583985547, -9.978056040853573 ], [ -36.7898196898268, -9.978362284291961 ], [ -36.790643841140309, -9.978764161636718 ], [ -36.791343108097919, -9.979108200882706 ], [ -36.791804623984149, -9.97934035727161 ], [ -36.792143069447036, -9.979471820168328 ], [ -36.792400398759355, -9.97953055848842 ], [ -36.792778003402077, -9.979510978448843 ], [ -36.793119244857223, -9.979415878739758 ], [ -36.794014778059534, -9.978968194426557 ], [ -36.794139176781528, -9.978906006307113 ], [ -36.794380684321084, -9.978792280739128 ], [ -36.795124690751834, -9.978441929151643 ], [ -36.795410042939068, -9.978351245113799 ], [ -36.795636833073331, -9.978262260794679 ], [ -36.795982631393258, -9.978196864793404 ], [ -36.796506352486119, -9.978190451727926 ], [ -36.796959617991945, -9.978274675036175 ], [ -36.797296267508671, -9.978384090153611 ], [ -36.798364444463516, -9.978928140421317 ], [ -36.800790025739047, -9.980156226728411 ], [ -36.801983149103023, -9.980794307411315 ], [ -36.80219784605373, -9.981005703850087 ], [ -36.802417452403461, -9.981306287854864 ], [ -36.802512751762038, -9.98168543843218 ], [ -36.802485585041666, -9.982183639463358 ], [ -36.802484711799991, -9.982199654590318 ], [ -36.802356586287374, -9.98255905515623 ], [ -36.801983649126043, -9.982992582341751 ], [ -36.801621489440151, -9.983190133717642 ], [ -36.80127135279065, -9.983263709052892 ], [ -36.800877429949367, -9.983247153433354 ], [ -36.80083493608339, -9.983237190743694 ], [ -36.800593356598085, -9.98318055503853 ], [ -36.800260579562064, -9.983037806549476 ], [ -36.80020204988466, -9.983012699276628 ], [ -36.798728936091493, -9.982462703590841 ], [ -36.798287513757714, -9.982402958030036 ], [ -36.797891509885233, -9.982443608285848 ], [ -36.7975279148813, -9.982640877274605 ], [ -36.797507967019044, -9.982654502003641 ], [ -36.797236877180069, -9.982839662520348 ], [ -36.796996503685648, -9.983154332606318 ], [ -36.796839169092323, -9.98351707685157 ], [ -36.796822000135137, -9.983943365393941 ], [ -36.796820804036827, -9.983973070900447 ], [ -36.796824883361637, -9.984002181055757 ], [ -36.796861020819392, -9.984260048162639 ], [ -36.797004716294566, -9.984534961918939 ], [ -36.797021424798857, -9.984566927421724 ], [ -36.797064298178782, -9.984628988736802 ], [ -36.797287012585514, -9.984951375005892 ], [ -36.797300390000942, -9.984970740107542 ], [ -36.799749075759223, -9.987355374351012 ], [ -36.803787431944386, -9.991310074700152 ], [ -36.803865315931546, -9.991391108113078 ], [ -36.80431869924854, -9.991862824110001 ], [ -36.804437392671502, -9.992012437124231 ], [ -36.804482188801956, -9.992068903756831 ], [ -36.80465155092827, -9.992282384824136 ], [ -36.804901863729981, -9.992762589521817 ], [ -36.804934963277901, -9.992826088852894 ], [ -36.805189850930844, -9.99333584257505 ], [ -36.80540761726769, -9.993695504843629 ], [ -36.805431627367682, -9.99371861562156 ], [ -36.805848695161103, -9.994120056795111 ], [ -36.806402513864896, -9.994391372363907 ], [ -36.807157868840534, -9.994694922332769 ], [ -36.807686368031398, -9.994858482932614 ], [ -36.80815808582696, -9.99507686260705 ], [ -36.808282963887621, -9.99513467462549 ], [ -36.80846010604904, -9.995216682004241 ], [ -36.808763522918184, -9.995504724963041 ], [ -36.808795438958271, -9.995535024022104 ], [ -36.808822961810222, -9.99557620757588 ], [ -36.809093816926065, -9.99598150504238 ], [ -36.809220558382037, -9.996396694152054 ], [ -36.809261116007633, -9.9968919499035 ], [ -36.809118465544714, -9.997417798792355 ], [ -36.809022167938679, -9.997590182640749 ], [ -36.809012957082246, -9.997606671710457 ], [ -36.808995233243365, -9.997632837485412 ], [ -36.808665341232484, -9.998119862641488 ], [ -36.808089145597535, -9.998472292562212 ], [ -36.807921321311881, -9.998545016239461 ], [ -36.807342978995223, -9.998692466384171 ], [ -36.807256036137119, -9.998714632873941 ], [ -36.807185896212104, -9.99873384509084 ], [ -36.806721379288206, -9.998861084771193 ], [ -36.806559732445635, -9.998922180214379 ], [ -36.806509963064286, -9.998940990434335 ], [ -36.806366152475903, -9.998995344559432 ], [ -36.806060747205663, -9.999193761083177 ], [ -36.805850967747915, -9.999464726815631 ], [ -36.805649928801131, -9.999914879767857 ], [ -36.80560185374253, -10.000356292209062 ], [ -36.805639212479605, -10.000536167410132 ], [ -36.805645310782438, -10.000565531174288 ], [ -36.805649238121816, -10.000584438521003 ], [ -36.805660254816871, -10.00063748143458 ], [ -36.805719854687482, -10.000924446106239 ], [ -36.805894672101374, -10.001269708430243 ], [ -36.806244305130519, -10.001536304356932 ], [ -36.806703053802835, -10.001729826770031 ], [ -36.806729134142188, -10.001740828176651 ], [ -36.806760220108004, -10.001741767068836 ], [ -36.807192685194195, -10.001754825224964 ], [ -36.807539349561296, -10.001669229551283 ], [ -36.80760665122591, -10.001652611878512 ], [ -36.80790069266277, -10.001580008710391 ], [ -36.808508181107641, -10.001038076346106 ], [ -36.809474043092564, -10.000155252362958 ], [ -36.809898091423747, -9.999757273579291 ], [ -36.809972111024081, -9.999687803649181 ], [ -36.81090205858311, -9.998815025992599 ], [ -36.810980605370617, -9.99874130856449 ], [ -36.811153276102743, -9.998579252530419 ], [ -36.811443100618533, -9.998449304092048 ], [ -36.811524737476589, -9.99841269988616 ], [ -36.811588573154097, -9.998392730440116 ], [ -36.811789693939204, -9.998329815668399 ], [ -36.811830024935659, -9.998317199978771 ], [ -36.812087552098831, -9.998236639609161 ], [ -36.812769337135137, -9.998249750825266 ], [ -36.813193266755832, -9.998402715612769 ], [ -36.813621567980931, -9.998730496914845 ], [ -36.814198463288392, -9.999377318108714 ], [ -36.815487735870249, -10.000714665749172 ], [ -36.815933518117333, -10.001313412783702 ], [ -36.816252558908445, -10.001907790012467 ], [ -36.816396782285608, -10.002541499990173 ], [ -36.816370559853397, -10.003179580673077 ], [ -36.816265670124551, -10.003590399976929 ], [ -36.815816153892342, -10.004578116386938 ], [ -36.815768291973029, -10.004683282207679 ], [ -36.815552756854174, -10.005202617306907 ], [ -36.81468559636312, -10.007292055384028 ], [ -36.814538426806905, -10.007646663462708 ], [ -36.814521567216502, -10.007700921360367 ], [ -36.814307723722436, -10.008389116764306 ], [ -36.814277130585083, -10.008992234503978 ], [ -36.81470106110504, -10.011199294911478 ], [ -36.815221140842937, -10.013729765915912 ], [ -36.815929148311511, -10.01728291447489 ], [ -36.8165235246409, -10.020315983295973 ], [ -36.81685918940002, -10.022423442887543 ], [ -36.816883144641395, -10.022573847305182 ], [ -36.8168838551058, -10.022578306143885 ], [ -36.816884728347475, -10.022582736204242 ], [ -36.817311801998017, -10.024749974631561 ], [ -36.817371266071007, -10.025080940432986 ], [ -36.817570650265282, -10.026190675958901 ], [ -36.817573997541899, -10.026493305021972 ], [ -36.817436763695639, -10.027018512694156 ], [ -36.817421621810354, -10.027076460510216 ], [ -36.817055164264389, -10.027600921745091 ], [ -36.817052576914875, -10.027604624253968 ], [ -36.817049202658552, -10.027607648674007 ], [ -36.817035891792955, -10.027619579979614 ], [ -36.816866339909609, -10.027771564506054 ], [ -36.816288700862799, -10.02805458565058 ], [ -36.812619476807356, -10.029852362796248 ], [ -36.811728611086494, -10.030279700847473 ], [ -36.807557702925578, -10.032280436093231 ], [ -36.805683667767028, -10.033158714902697 ], [ -36.805331237846303, -10.033413247323438 ], [ -36.805229266417484, -10.033531017142707 ], [ -36.80520805590703, -10.033555513775866 ], [ -36.805191519173206, -10.033574611778874 ], [ -36.805152654071662, -10.033619499640167 ], [ -36.804934054063324, -10.033871966318145 ], [ -36.804606797066015, -10.034467741992671 ], [ -36.804477792915748, -10.034907164234198 ], [ -36.804450025448261, -10.035001746833132 ], [ -36.804338279288118, -10.035382382191131 ], [ -36.804070306499398, -10.036219229234007 ], [ -36.803993342518709, -10.036459578446738 ], [ -36.803678171510342, -10.03744382077565 ], [ -36.801876628003924, -10.04352821195738 ], [ -36.800637759724793, -10.047664301965938 ], [ -36.798990288071309, -10.053157740537245 ], [ -36.797958170333231, -10.056617711238346 ], [ -36.797841057019127, -10.057604704593416 ], [ -36.797903035596562, -10.058460836698202 ], [ -36.797994532621544, -10.058928088460448 ], [ -36.798120399936465, -10.059381212772678 ], [ -36.798288224222119, -10.059842729558284 ], [ -36.798623871894108, -10.060788137362579 ], [ -36.7991720968148, -10.062270582521307 ], [ -36.799435021708859, -10.062978241052917 ], [ -36.799496556920531, -10.063294309584649 ], [ -36.799513339169209, -10.063599189650859 ], [ -36.799460194632218, -10.063892881251434 ], [ -36.799334327317297, -10.064130632322758 ], [ -36.798808478428498, -10.064908216740776 ], [ -36.798595901179851, -10.065201908341351 ], [ -36.798514786827923, -10.065347355695849 ], [ -36.79841409243636, -10.06552916533866 ], [ -36.798257456616284, -10.065889986833383 ], [ -36.798232282793549, -10.066057811119038 ], [ -36.798232282793549, -10.066368284968348 ], [ -36.798377730148104, -10.066818613288319 ], [ -36.798489613005188, -10.066992031357131 ], [ -36.7986686248571, -10.0672074054973 ], [ -36.798923158177161, -10.067408794280368 ], [ -36.799146923891385, -10.067523474029031 ], [ -36.79940309397756, -10.067560654700401 ], [ -36.799655783687399, -10.067565536220457 ], [ -36.799691347377745, -10.067566223302492 ], [ -36.799738727260433, -10.067566850129992 ], [ -36.800265749764492, -10.067573820775181 ], [ -36.800590209870222, -10.067590603023859 ], [ -36.800881104579275, -10.067604588381016 ], [ -36.801096478719501, -10.06764654445243 ], [ -36.801362200505082, -10.0677164712381 ], [ -36.80150205317716, -10.06778080424067 ], [ -36.801787354103055, -10.067943033843903 ], [ -36.80201111981728, -10.068183581806807 ], [ -36.802148175597779, -10.068438114227547 ], [ -36.802226493957505, -10.068748588976177 ], [ -36.802251667780183, -10.069073049081908 ], [ -36.802282435386019, -10.069528970285717 ], [ -36.80232998524059, -10.069979298605688 ], [ -36.802371941312003, -10.070340120100411 ], [ -36.802357955954847, -10.070561088023737 ], [ -36.802220899275028, -10.071011415444445 ], [ -36.802086640386108, -10.071232384267091 ], [ -36.801874063137461, -10.071461743764416 ], [ -36.801661486788134, -10.071612784902072 ], [ -36.801450551701578, -10.071727309967343 ], [ -36.801422498249678, -10.071742541784829 ], [ -36.801072918280511, -10.071789018748177 ], [ -36.801030429810453, -10.071787324425429 ], [ -36.80072167186762, -10.071775014505249 ], [ -36.800111911735314, -10.071651944081907 ], [ -36.799595608250684, -10.07153143133047 ], [ -36.799513570295005, -10.071512282066124 ], [ -36.799453238376202, -10.071502541509062 ], [ -36.799096576245972, -10.071444960616418 ], [ -36.79893154975116, -10.071470134439096 ], [ -36.798640654142844, -10.071492511370252 ], [ -36.798327383401954, -10.071663132547485 ], [ -36.798187529830614, -10.071800188327984 ], [ -36.798044879367637, -10.071970809505217 ], [ -36.797860272833304, -10.072222545933698 ], [ -36.797793142939156, -10.072356804822618 ], [ -36.797656087158657, -10.072709234743343 ], [ -36.797605739513244, -10.073019709491973 ], [ -36.797600145730087, -10.073249068989298 ], [ -36.797594551946986, -10.073665831912592 ], [ -36.79757217501583, -10.074233635973485 ], [ -36.79757217501583, -10.074876961502525 ], [ -36.797541407409994, -10.075556648420559 ], [ -36.797482669089845, -10.078071211317308 ], [ -36.79750784291258, -10.078294977031533 ], [ -36.797541407409994, -10.078465598208766 ], [ -36.797600145730087, -10.078669783883356 ], [ -36.797709231695649, -10.078913128737838 ], [ -36.797879852872882, -10.079111720629385 ], [ -36.798078443865052, -10.079268356449461 ], [ -36.798260253507863, -10.079385833089702 ], [ -36.79847842453961, -10.079466947441631 ], [ -36.798758131682405, -10.079534077335779 ], [ -36.798962317356995, -10.079536874227301 ], [ -36.799216850677055, -10.079497715946786 ], [ -36.799468056505532, -10.079432944075052 ], [ -36.799508545782714, -10.079422504744741 ], [ -36.799810736875941, -10.079340821121946 ], [ -36.799861257191196, -10.079323339200698 ], [ -36.800254562198234, -10.079187241198156 ], [ -36.800640557515692, -10.079114517520907 ], [ -36.800806447359605, -10.079139667961272 ], [ -36.800837633150195, -10.079144395697256 ], [ -36.800863719784786, -10.079152168537689 ], [ -36.801037740399352, -10.079204023446891 ], [ -36.801272694579154, -10.079301920946875 ], [ -36.801483956119625, -10.079431116652643 ], [ -36.801511241550486, -10.079447802673883 ], [ -36.801537666330205, -10.07947486237498 ], [ -36.801726489785608, -10.079668224708769 ], [ -36.801840913227522, -10.079831707067569 ], [ -36.801858369068441, -10.079856647066549 ], [ -36.80194128386313, -10.080084379690334 ], [ -36.801952055043273, -10.080110519384903 ], [ -36.802014700018333, -10.08026254528022 ], [ -36.802016769358374, -10.080386725466951 ], [ -36.802017784692964, -10.080447635649818 ], [ -36.802021860420496, -10.080692174803971 ], [ -36.801932354494511, -10.081062730560518 ], [ -36.801850008970689, -10.081216681005003 ], [ -36.801660255616241, -10.081474458179628 ], [ -36.801271798854373, -10.081812791227264 ], [ -36.800972848917809, -10.082068778751079 ], [ -36.800600503510395, -10.082392790994447 ], [ -36.799692911298791, -10.083169704518184 ], [ -36.79943513322479, -10.083389889132036 ], [ -36.799112911531608, -10.083654827608143 ], [ -36.798769207732732, -10.08385353101562 ], [ -36.798552603319933, -10.083930506687466 ], [ -36.798366801586553, -10.083967658580548 ], [ -36.798312870142809, -10.083978442351167 ], [ -36.798236808182082, -10.083993651685603 ], [ -36.797894959684584, -10.083974962874208 ], [ -36.797672869407336, -10.083917080708659 ], [ -36.797258903375621, -10.083707300351591 ], [ -36.797007167846459, -10.083480738645108 ], [ -36.796626766312158, -10.083080757970549 ], [ -36.795952673177283, -10.08236470876426 ], [ -36.795561084076724, -10.081987105020858 ], [ -36.795147118045008, -10.081704600986484 ], [ -36.794654834552944, -10.081436082309324 ], [ -36.794064653560895, -10.081257070457411 ], [ -36.79346608189411, -10.081178752097685 ], [ -36.793026942039717, -10.081195535245683 ], [ -36.792623570021703, -10.081251009026801 ], [ -36.792547826421014, -10.081261425874061 ], [ -36.791839262272106, -10.081463061071361 ], [ -36.791732795132361, -10.081489883351367 ], [ -36.791102560135016, -10.08164865955797 ], [ -36.789287264195821, -10.082202479161026 ], [ -36.788753024632342, -10.082392679478517 ], [ -36.788229972635065, -10.082650009690155 ], [ -36.787852368891663, -10.082910136793316 ], [ -36.78709436361396, -10.083433187891274 ], [ -36.78581890192072, -10.084303076026117 ], [ -36.784758813468443, -10.085058283512922 ], [ -36.78432526829647, -10.085461061079059 ], [ -36.783984025942004, -10.08591138939903 ], [ -36.783673551193374, -10.08654912024565 ], [ -36.783309932807128, -10.08743299283833 ], [ -36.782828837780585, -10.088635731753584 ], [ -36.782420465532027, -10.08963428499419 ], [ -36.781802313825665, -10.091186656938646 ], [ -36.781103047767374, -10.092934822983636 ], [ -36.780901658984305, -10.093446686515335 ], [ -36.780717052449972, -10.093961346938556 ], [ -36.780706917989846, -10.094508598792743 ], [ -36.780848514447314, -10.095027029173991 ], [ -36.781106192696598, -10.095692345825057 ], [ -36.781147188292039, -10.095798194231236 ], [ -36.781193389163548, -10.095919814048159 ], [ -36.781606519725074, -10.097007351607942 ], [ -36.78227222128595, -10.098766707017887 ], [ -36.782663810386509, -10.099888330681893 ], [ -36.78267643776735, -10.100580850925496 ], [ -36.782451233137863, -10.10099876588032 ], [ -36.782323347744239, -10.101192136307986 ], [ -36.781828267360595, -10.101597710765702 ], [ -36.780952005730455, -10.102251851541666 ], [ -36.779659760889217, -10.103275577705688 ], [ -36.779340895465907, -10.103558081740061 ], [ -36.77919265121983, -10.103826600417221 ], [ -36.77907237678869, -10.104344057732021 ], [ -36.779103145293902, -10.104595793261183 ], [ -36.779217825042565, -10.105026541541633 ], [ -36.779444386748992, -10.105647490139518 ], [ -36.779570254963232, -10.10608942688549 ], [ -36.77958144342881, -10.106324380165972 ], [ -36.779491937502883, -10.106769113803523 ], [ -36.779360474606165, -10.107048820946261 ], [ -36.77913461167293, -10.107339715655314 ], [ -36.778618902640176, -10.107855424688069 ], [ -36.778015784900504, -10.108594025293996 ], [ -36.77765706152411, -10.108989985099697 ], [ -36.777436093600784, -10.109320038988585 ], [ -36.777327007635279, -10.109720019663143 ], [ -36.777332601418379, -10.110117202546803 ], [ -36.777436093600784, -10.110478024041527 ], [ -36.777595526312439, -10.110771716541421 ], [ -36.777875232555914, -10.111076596607575 ], [ -36.778188504196066, -10.111280782282222 ], [ -36.778554919473891, -10.111440214993877 ], [ -36.779282157145815, -10.111719922136672 ], [ -36.781170176762203, -10.112489114980633 ], [ -36.782017956863172, -10.112847502010538 ], [ -36.782963096669505, -10.113213555760922 ], [ -36.783166499034678, -10.113281356549294 ], [ -36.78355316614568, -10.113304628305912 ], [ -36.783897623576422, -10.113306691350658 ], [ -36.783961514112548, -10.113307073562567 ], [ -36.78538295555893, -10.113325417034332 ], [ -36.787951353671986, -10.113343104900309 ], [ -36.792461400673062, -10.113365418878914 ], [ -36.792829268356002, -10.11340351416078 ], [ -36.793149094255227, -10.113471180050851 ], [ -36.793393731435515, -10.113544374972889 ], [ -36.793691303610728, -10.113722276162093 ], [ -36.793952240103749, -10.113956182631682 ], [ -36.794262909105953, -10.114295885346792 ], [ -36.794441679939553, -10.114595651867774 ], [ -36.794555240032253, -10.114963955721919 ], [ -36.794594656418212, -10.115306869016763 ], [ -36.794589976346288, -10.116209417830305 ], [ -36.794576322838964, -10.117242128221619 ], [ -36.794605691099719, -10.117497332435903 ], [ -36.79469274727245, -10.117803908623443 ], [ -36.794813132320144, -10.118102482643394 ], [ -36.794982064570604, -10.118420205927691 ], [ -36.795144358924972, -10.118747264174829 ], [ -36.79549121214967, -10.119470141933448 ], [ -36.796033274915658, -10.120574012080965 ], [ -36.796750728863003, -10.122060888199371 ], [ -36.797242057275071, -10.123015396243488 ], [ -36.79741974712357, -10.123290256040434 ], [ -36.797609524759707, -10.123485885565117 ], [ -36.797919084897785, -10.12369935224325 ], [ -36.798191592967612, -10.123840526019421 ], [ -36.799140773427894, -10.124294451627577 ], [ -36.80029565402117, -10.124825819655825 ], [ -36.800707012918281, -10.124986056361365 ], [ -36.80106892978722, -10.12500043382289 ], [ -36.801479601602296, -10.124943396120784 ], [ -36.801938540930848, -10.124886681275257 ], [ -36.802292176842457, -10.124842792560798 ], [ -36.802674441772012, -10.124915514439408 ], [ -36.803022829240149, -10.125145022324887 ], [ -36.80335874221214, -10.12543423080507 ], [ -36.803550099957079, -10.125686603054248 ], [ -36.803693110148856, -10.125950609832728 ], [ -36.803774891797786, -10.1263457323696 ], [ -36.803832848607044, -10.126929744911763 ], [ -36.803744313049549, -10.127633955442661 ], [ -36.803586446956899, -10.128356956408368 ], [ -36.803425158943867, -10.129063903576252 ], [ -36.802376789557172, -10.131542697737245 ], [ -36.802218809250576, -10.132034801364966 ], [ -36.802139834385798, -10.13244257106777 ], [ -36.802139818197986, -10.132851510788555 ], [ -36.802231300833796, -10.133282337309993 ], [ -36.802313813631542, -10.133569853266067 ], [ -36.802565184035984, -10.133870456156558 ], [ -36.802876562603217, -10.134219286990458 ], [ -36.803452030686628, -10.134773149761031 ], [ -36.80438918811052, -10.135377258553603 ], [ -36.80479759543266, -10.135654996181074 ], [ -36.806204722370012, -10.136357896399772 ], [ -36.807371327424789, -10.136939616569975 ], [ -36.8085661783864, -10.137490667160534 ], [ -36.80903538437542, -10.137801259720334 ], [ -36.809297400054902, -10.138079441612888 ], [ -36.809559638766245, -10.138453767327462 ], [ -36.809812064075459, -10.139003001287449 ], [ -36.809995575235575, -10.139407367056322 ], [ -36.812412469060178, -10.14475511006026 ], [ -36.812636453309608, -10.145296735755721 ], [ -36.812837621758774, -10.14588396607212 ], [ -36.81284619769383, -10.146398169639781 ], [ -36.812756257395336, -10.14687731943269 ], [ -36.812466083043262, -10.14757131006786 ], [ -36.812045894602306, -10.148350141845526 ], [ -36.811456050856009, -10.14960350090081 ], [ -36.811105930394319, -10.150363884885337 ], [ -36.811024059712565, -10.150726575171234 ], [ -36.811051587960378, -10.151041274934869 ], [ -36.811181568774316, -10.151433287616101 ], [ -36.811451505682385, -10.151803888338748 ], [ -36.811782027218726, -10.152046686405413 ], [ -36.812263922641876, -10.152169469945022 ], [ -36.812674470350487, -10.152136338021535 ], [ -36.812952678323427, -10.152042538732132 ], [ -36.813665891967275, -10.151867940752823 ], [ -36.814222549830788, -10.151644470016208 ], [ -36.814464148201807, -10.151610210342881 ], [ -36.814858750930568, -10.151606991669269 ], [ -36.81518602231705, -10.151759542768616 ], [ -36.815494702018839, -10.151987687281917 ], [ -36.815706683916289, -10.152259722308315 ], [ -36.815845407039888, -10.152555934708573 ], [ -36.815914528932296, -10.15281324783308 ], [ -36.815916243040135, -10.153138055976456 ], [ -36.815662714262828, -10.154205053920066 ], [ -36.815049024992447, -10.156809888965142 ], [ -36.814576401579643, -10.158906586369824 ], [ -36.814538016716028, -10.159230344105026 ], [ -36.814544247219203, -10.159536674777655 ], [ -36.814566419104892, -10.159815623791985 ], [ -36.814633822392921, -10.159995727420835 ], [ -36.81475951164208, -10.160372986723928 ], [ -36.814885032718053, -10.160604610714188 ], [ -36.815093407434745, -10.160937621573908 ], [ -36.815268970386626, -10.161128296733466 ], [ -36.815527312335576, -10.161338449409868 ], [ -36.815750581624002, -10.161499045844266 ], [ -36.817261918402778, -10.162570833577036 ], [ -36.820686168032182, -10.164806657001577 ], [ -36.821647488440817, -10.165439598058981 ], [ -36.822191073759029, -10.165848853441787 ], [ -36.822640822915616, -10.166318336422023 ], [ -36.822896042418392, -10.166895341446832 ], [ -36.822947069051963, -10.167765208897208 ], [ -36.822965373852867, -10.168875861731578 ], [ -36.823026040319462, -10.169824095205797 ], [ -36.823179283896764, -10.171063033632038 ], [ -36.823400485643845, -10.17152956593668 ], [ -36.824133508654484, -10.172490895338512 ], [ -36.824955959350007, -10.173493985658865 ], [ -36.828038768774093, -10.177280712434879 ], [ -36.828895843368457, -10.178431955270469 ], [ -36.829339636315126, -10.179126450425315 ], [ -36.829767637166697, -10.179657810359629 ], [ -36.830105094274643, -10.180619726119403 ], [ -36.830182133798417, -10.181291704948194 ], [ -36.830303909197994, -10.182789529413185 ], [ -36.830209053205181, -10.183369913190916 ], [ -36.830112347306965, -10.183895060608506 ], [ -36.829910828122195, -10.184257407353414 ], [ -36.829508492123182, -10.185211296663965 ], [ -36.827392474583007, -10.188786561350696 ], [ -36.826427314968555, -10.190346674659281 ], [ -36.825641839898935, -10.191604325279343 ], [ -36.82453685908871, -10.193393325941202 ], [ -36.824059813709368, -10.194159356768864 ], [ -36.822815559390506, -10.19612882438571 ], [ -36.821753996949383, -10.197809451345051 ], [ -36.820765856958701, -10.199414412045428 ], [ -36.819832170917891, -10.200912430764049 ], [ -36.819431097567076, -10.202103886784926 ], [ -36.819226957757849, -10.203267876611164 ], [ -36.819285011693864, -10.204458346075739 ], [ -36.819656293203309, -10.205941973842982 ], [ -36.820109940021666, -10.207413747646285 ], [ -36.821508514406389, -10.21107058713784 ], [ -36.82227346964487, -10.213619416902532 ] ], [ [ -35.860988854052323, -9.475071298101852 ], [ -35.860991138330348, -9.475065888679751 ], [ -35.861518017842229, -9.473818287084214 ], [ -35.861767802741838, -9.473194322160168 ], [ -35.861877678312169, -9.4727266693003 ], [ -35.861907096035623, -9.472406999883106 ], [ -35.861895029831715, -9.472085790826554 ], [ -35.861854446125733, -9.471758759559066 ], [ -35.86176800059269, -9.471502874557984 ], [ -35.861590058934041, -9.471165861715122 ], [ -35.861315859239483, -9.470653567408135 ], [ -35.860790429434701, -9.469910904564529 ], [ -35.860261440113334, -9.469138400416796 ], [ -35.859591778837455, -9.468196983803693 ], [ -35.859109883414362, -9.467490088796524 ], [ -35.859107340131573, -9.467486358408678 ], [ -35.859104142142428, -9.467483165815395 ], [ -35.858664947429361, -9.467044697754545 ], [ -35.858105817329545, -9.466595202206747 ], [ -35.857389019887307, -9.466015249204361 ], [ -35.856929932170601, -9.465681355210336 ], [ -35.856514556901232, -9.465304837847953 ], [ -35.856098660924431, -9.464985669353098 ], [ -35.856075871204439, -9.464957085301194 ], [ -35.855600493168197, -9.464360843777854 ], [ -35.85552063876645, -9.463826980130989 ], [ -35.855517310375546, -9.463804726406977 ], [ -35.855551016965819, -9.463274516705553 ], [ -35.855550663532256, -9.463242424398345 ], [ -35.855543670404018, -9.462607945500224 ], [ -35.855433468379829, -9.462132699664323 ], [ -35.855288828616494, -9.461967397077672 ], [ -35.855006436098108, -9.461664341735911 ], [ -35.854379662591327, -9.461189095900011 ], [ -35.853484480124621, -9.460525820710018 ], [ -35.853453380668952, -9.460502778280556 ], [ -35.852880219346616, -9.460010140455552 ], [ -35.8521627914796, -9.459501867916799 ], [ -35.851650004344208, -9.458723008260165 ], [ -35.851616474021, -9.457647348945954 ], [ -35.851886569209739, -9.456531400903373 ], [ -35.852185019123283, -9.455473058035182 ], [ -35.852484901656851, -9.454257007354954 ], [ -35.852620075156324, -9.45368469499266 ], [ -35.853015031318591, -9.453129049765778 ], [ -35.853626059495014, -9.452632693244141 ], [ -35.854523957914296, -9.451955268121083 ], [ -35.854527572289612, -9.451952541376613 ], [ -35.854531630929955, -9.451950527794565 ], [ -35.855180351491981, -9.451628612770207 ], [ -35.856032679464533, -9.451593232541597 ], [ -35.856899056646114, -9.451600990992915 ], [ -35.857680618765528, -9.451407253641776 ], [ -35.858101581522703, -9.45116727225178 ], [ -35.85848117636516, -9.450711846574393 ], [ -35.859125366142678, -9.449742612131786 ], [ -35.859595627036526, -9.448843511318955 ], [ -35.859728573814607, -9.448514920627019 ], [ -35.859749516327099, -9.44779819692917 ], [ -35.859651170065376, -9.44749621537801 ], [ -35.85930956438483, -9.446948308817355 ], [ -35.858665511304253, -9.446311667949089 ], [ -35.858136716236402, -9.445704733486593 ], [ -35.857049861262055, -9.444533617432455 ], [ -35.856234758027597, -9.443651695469327 ], [ -35.85543396660421, -9.442784239101286 ], [ -35.85483350636116, -9.442119309158727 ], [ -35.854148626757649, -9.441209875135598 ], [ -35.853909019485627, -9.440562513449208 ], [ -35.85386986750035, -9.44010334209554 ], [ -35.853890945810463, -9.439372285902209 ], [ -35.854157746782562, -9.438614751869238 ], [ -35.854770432409509, -9.43793200275968 ], [ -35.855979406324479, -9.436781425422396 ], [ -35.856984927512372, -9.435772404972454 ], [ -35.857785698251348, -9.43504831402845 ], [ -35.85893962466389, -9.433596125660642 ], [ -35.859455114262062, -9.432482347682139 ], [ -35.859954993428175, -9.43149747223049 ], [ -35.86057271435925, -9.430255559746229 ], [ -35.861070898303296, -9.429457062493384 ], [ -35.861091722105243, -9.429428026082519 ], [ -35.861767735292688, -9.428485371102965 ], [ -35.862743032964545, -9.427880014051368 ], [ -35.863651068541913, -9.427678228667276 ], [ -35.864592735166525, -9.427644597620031 ], [ -35.865450324173082, -9.427594151049163 ], [ -35.866661037376957, -9.42752688985405 ], [ -35.86753544190708, -9.427459627759561 ], [ -35.868258507623977, -9.427089687139301 ], [ -35.869145432515666, -9.426797644895373 ], [ -35.869166911024081, -9.426790572626771 ], [ -35.870050521014662, -9.426482988299199 ], [ -35.870715997745037, -9.42634552152856 ], [ -35.871813086105021, -9.426383951358218 ], [ -35.873687030432052, -9.426744724289563 ], [ -35.873703489824152, -9.42674062967626 ], [ -35.874463416953063, -9.426551592182193 ], [ -35.87488380324487, -9.426484330087703 ], [ -35.875337821483242, -9.426383437845345 ], [ -35.876120125543309, -9.425594331313278 ], [ -35.876137906938823, -9.425576396133749 ], [ -35.876581006508218, -9.424476267165971 ], [ -35.876894669353476, -9.423317635500439 ], [ -35.877078510564786, -9.422143513012657 ], [ -35.877162051287598, -9.4208824692505 ], [ -35.877214264126962, -9.419893578325912 ], [ -35.877297157337921, -9.418704221322685 ], [ -35.877383270121754, -9.417156430524813 ], [ -35.877489365841541, -9.416598170069449 ], [ -35.877380044253584, -9.415908954834379 ], [ -35.877226247593228, -9.415348392114538 ], [ -35.876972799754867, -9.414629222260771 ], [ -35.876545448213847, -9.413980204023176 ], [ -35.87560776288791, -9.412556134757779 ], [ -35.875605279859712, -9.412552363900431 ], [ -35.875602913743421, -9.412548511204761 ], [ -35.874808339333356, -9.411254839139474 ], [ -35.874481288280776, -9.410692740377613 ], [ -35.873767632170427, -9.4097687535251 ], [ -35.872865381931774, -9.408943462770537 ], [ -35.872435592328657, -9.408566851878675 ], [ -35.872022434787482, -9.407946635328926 ], [ -35.871682114238126, -9.407255373236865 ], [ -35.87137144343734, -9.406478343700542 ], [ -35.871002764565901, -9.405729477333466 ], [ -35.870878756149637, -9.405068811076717 ], [ -35.870985625286323, -9.404424531366999 ], [ -35.871308159044247, -9.403882533352203 ], [ -35.871661758083633, -9.403097057383263 ], [ -35.871769139833873, -9.40239542790664 ], [ -35.87166253239991, -9.401405133140315 ], [ -35.871448155607879, -9.399553579234237 ], [ -35.871284054515456, -9.398534098769574 ], [ -35.871191754395909, -9.397558269598392 ], [ -35.870998133057356, -9.396610219585909 ], [ -35.870829263759447, -9.396121216820632 ], [ -35.870532648462927, -9.395387330460892 ], [ -35.870233327106291, -9.394954525430933 ], [ -35.86970506983306, -9.394290277174491 ], [ -35.869685278452778, -9.39427419909498 ], [ -35.86857800167337, -9.393374666607542 ], [ -35.868308954194845, -9.393071988081715 ], [ -35.867821304909228, -9.392533893124607 ], [ -35.86716550218614, -9.391709935165352 ], [ -35.866375174374753, -9.390902792729662 ], [ -35.865743602085502, -9.390030131085609 ], [ -35.865729661694502, -9.390010868506749 ], [ -35.865241248884502, -9.389734106643687 ], [ -35.86450572755723, -9.389641549318014 ], [ -35.864476908782251, -9.3896509202537 ], [ -35.86326431239803, -9.390045203723105 ], [ -35.862373092344285, -9.39007883387103 ], [ -35.86178455081631, -9.38959118548479 ], [ -35.861498687814162, -9.388834489619967 ], [ -35.861899556119567, -9.388083047594534 ], [ -35.861906550147125, -9.388069937277749 ], [ -35.862418301263574, -9.38735756719791 ], [ -35.86316310809093, -9.38641785210217 ], [ -35.864055246352507, -9.385149660528384 ], [ -35.865456150880618, -9.383498841598225 ], [ -35.867101437181532, -9.381964884172021 ], [ -35.868601825613723, -9.380486985985556 ], [ -35.869928060331688, -9.379107903506906 ], [ -35.870612635065015, -9.37844005706296 ], [ -35.871397365495966, -9.377873463489493 ], [ -35.872139940206011, -9.377177448480438 ], [ -35.87406876476166, -9.376219484341675 ], [ -35.875054700513999, -9.375755024974353 ], [ -35.876185258942485, -9.375263163264322 ], [ -35.87667841747492, -9.375009424045629 ], [ -35.87710285611189, -9.374367938529474 ], [ -35.877296434282982, -9.373710077258238 ], [ -35.877484809876023, -9.372019796976019 ], [ -35.8777205923314, -9.369871102569277 ], [ -35.877625435065738, -9.369210692619333 ], [ -35.87732649951829, -9.368734885606443 ], [ -35.876536340779467, -9.368297761132737 ], [ -35.875570510270791, -9.368131516056565 ], [ -35.874590630553087, -9.367922129602562 ], [ -35.87309117112062, -9.367693814218114 ], [ -35.872111039592767, -9.367513096352241 ], [ -35.871261477934809, -9.367261837463786 ], [ -35.87079060280405, -9.36664112448824 ], [ -35.870724972079756, -9.365909285884811 ], [ -35.870991246948449, -9.365194717861868 ], [ -35.871360627291097, -9.364251645596937 ], [ -35.871803469654367, -9.363165837433428 ], [ -35.872215767443663, -9.362266156557837 ], [ -35.872870012541, -9.361755748129212 ], [ -35.87357956324621, -9.361518256961915 ], [ -35.874723479305089, -9.361141210798166 ], [ -35.875245615792494, -9.36087338459896 ], [ -35.875973188911473, -9.360234569169961 ], [ -35.876658732214651, -9.359451995313293 ], [ -35.878028529193216, -9.35803021482252 ], [ -35.879120959964268, -9.356950107461444 ], [ -35.880330022012856, -9.355741975311844 ], [ -35.881801607857881, -9.354235034419276 ], [ -35.883561423720664, -9.3524327669586 ], [ -35.883564581240364, -9.352429533895815 ], [ -35.883567816101788, -9.352426378174755 ], [ -35.884337603397626, -9.351675368723249 ], [ -35.885171148129928, -9.351031133080255 ], [ -35.885604240942939, -9.350354014626021 ], [ -35.885617010416638, -9.350340377306509 ], [ -35.88613335347145, -9.349788964289246 ], [ -35.886452847520843, -9.348763220945841 ], [ -35.886863589483028, -9.347234732297011 ], [ -35.886873911002169, -9.347196324051083 ], [ -35.887406600134454, -9.345738455565254 ], [ -35.887715358077287, -9.345110263827564 ], [ -35.88839969538958, -9.344456686926492 ], [ -35.889471498410899, -9.344064598702232 ], [ -35.890266475717226, -9.343956855424494 ], [ -35.891378275187208, -9.343937916601533 ], [ -35.892850967198342, -9.343922134398952 ], [ -35.89420804686381, -9.343919672055165 ], [ -35.895175238046761, -9.34392813377633 ], [ -35.896459635403801, -9.343982381781473 ], [ -35.897889279566527, -9.343937525396427 ], [ -35.899275365965309, -9.343920958085675 ], [ -35.900272068401193, -9.34385796867025 ], [ -35.901560150280659, -9.343496406134193 ], [ -35.903341457242391, -9.342866701736853 ], [ -35.905268003815308, -9.342137881258168 ], [ -35.907411208760209, -9.341396596175912 ], [ -35.908844779363051, -9.34090721839334 ], [ -35.909610759828638, -9.340813512633474 ], [ -35.910173122991182, -9.340890101596869 ], [ -35.911472217069104, -9.340915743067058 ], [ -35.912253268373604, -9.340750469258694 ], [ -35.912921104925033, -9.340326107064129 ], [ -35.913575391391134, -9.33980125192619 ], [ -35.914147100308412, -9.338816830632197 ], [ -35.914718427913101, -9.337875421213653 ], [ -35.915201622856557, -9.337105311960556 ], [ -35.915932618795296, -9.336064912365771 ], [ -35.916637135994961, -9.334751838326611 ], [ -35.917122086415134, -9.333780992298898 ], [ -35.917448873066974, -9.332737078153571 ], [ -35.91745530232032, -9.332005842995216 ], [ -35.917737014051909, -9.331162284311915 ], [ -35.918128553689769, -9.330653079176216 ], [ -35.918131308313207, -9.330649497176523 ], [ -35.91813488851426, -9.330646723667314 ], [ -35.918625516354439, -9.330266627902517 ], [ -35.919103272198186, -9.33011303898553 ], [ -35.919609898078306, -9.329959700080053 ], [ -35.920232008600294, -9.329807361220674 ], [ -35.921042660190551, -9.329556279498661 ], [ -35.922084279266016, -9.329307196070204 ], [ -35.923111083809431, -9.329100998612148 ], [ -35.924577693705544, -9.328632930265485 ], [ -35.924924899464486, -9.328549898558947 ], [ -35.925427339899784, -9.328324818035867 ], [ -35.926152380527924, -9.327958269658382 ], [ -35.926686454616117, -9.3274179983419 ], [ -35.926959517567639, -9.327009303236707 ], [ -35.927165632288052, -9.326552230900688 ], [ -35.92727542691938, -9.3261038864851 ], [ -35.927413297485657, -9.325581697837038 ], [ -35.927608573576777, -9.32492418190543 ], [ -35.928177829143465, -9.324212140078146 ], [ -35.928959847219119, -9.323932109179452 ], [ -35.929724418447108, -9.323996066265408 ], [ -35.931063226586616, -9.324217530614476 ], [ -35.932292539569005, -9.32451492022733 ], [ -35.933619260820194, -9.324679312700084 ], [ -35.934695437244613, -9.324879778778723 ], [ -35.935563067181761, -9.324715184857837 ], [ -35.936569267357754, -9.324112043735795 ], [ -35.937538804871906, -9.323298273296643 ], [ -35.938198547524905, -9.322692141928769 ], [ -35.941022644479403, -9.320070085765792 ], [ -35.941025958481134, -9.320067009185095 ], [ -35.941029373206959, -9.320064031529796 ], [ -35.94248064786359, -9.318798528029618 ], [ -35.944498150069535, -9.316999533201852 ], [ -35.944720930126778, -9.316801125671361 ], [ -35.953882888584417, -9.308641505700905 ], [ -35.954891941409926, -9.307518802850439 ], [ -35.954917022602444, -9.307490896887316 ], [ -35.956962538690163, -9.305812619856454 ], [ -35.956966045146828, -9.305809742925248 ], [ -35.956969415805872, -9.305806723001808 ], [ -35.961468927249143, -9.301775659419093 ], [ -35.964471608877602, -9.299185515698923 ], [ -35.965252322936294, -9.298488372940028 ], [ -35.965557245270588, -9.298121004380789 ], [ -35.965870546588405, -9.297657611609452 ], [ -35.966146905555206, -9.297172511901863 ], [ -35.966348342002334, -9.296621981119472 ], [ -35.966491297335438, -9.2962341646749 ], [ -35.966691106909025, -9.295517776424219 ], [ -35.96683018166749, -9.29491328092314 ], [ -35.967147764657568, -9.292523087070776 ], [ -35.967231129113259, -9.292050213646405 ], [ -35.967379502861718, -9.291595925611432 ], [ -35.967537896856413, -9.291159659990285 ], [ -35.96769335816191, -9.290899198339275 ], [ -35.968019679864312, -9.290367088370374 ], [ -35.969329032508824, -9.288175574543061 ], [ -35.969331352759696, -9.288171691270463 ], [ -35.969333743157677, -9.288167855661982 ], [ -35.969730650848817, -9.287531041224554 ], [ -35.97013077361629, -9.286977023770589 ], [ -35.970377004395175, -9.286700016392615 ], [ -35.970700180269034, -9.286453787412313 ], [ -35.971084913837672, -9.286315282823978 ], [ -35.971587144730904, -9.286095673776288 ], [ -35.971591295102144, -9.286093858944412 ], [ -35.971594216100129, -9.286090392957249 ], [ -35.971753440169095, -9.285901447193964 ], [ -35.97194029770651, -9.285668896002676 ], [ -35.973759690956911, -9.281921468700773 ], [ -35.974288551675272, -9.280850465176798 ], [ -35.978405806282865, -9.278791691283459 ], [ -35.979117447012527, -9.278418314353701 ], [ -35.979723858069576, -9.278118365270302 ], [ -35.980563249294448, -9.278021233093398 ], [ -35.982063911120576, -9.27809126779772 ], [ -35.982785865275446, -9.278068683123195 ], [ -35.983421704847785, -9.27798801123771 ], [ -35.983995564043994, -9.277823627758153 ], [ -35.984446380695886, -9.277590488410283 ], [ -35.985319491101563, -9.277176724726019 ], [ -35.98839521027071, -9.27536713768319 ], [ -35.98955565227152, -9.274707711591589 ], [ -35.990503249025664, -9.274180330257991 ], [ -35.991218593163524, -9.273803949592548 ], [ -35.991642972445163, -9.273692800582239 ], [ -35.991989227620707, -9.273714833972349 ], [ -35.992311575218991, -9.27375525849834 ], [ -35.992316076325835, -9.273755823272552 ], [ -35.992320613405525, -9.273755974358664 ], [ -35.99308573411929, -9.273781417078681 ], [ -35.99354548217093, -9.273771030929232 ], [ -35.99428074875749, -9.273581143454976 ], [ -35.994315307005763, -9.273565519533065 ], [ -35.996140169033538, -9.272740473394094 ], [ -35.998342995432836, -9.271966962005649 ], [ -36.00017588211125, -9.271412051524919 ], [ -36.000949393499639, -9.271176634194262 ], [ -36.001832520554331, -9.27100891692794 ], [ -36.001847439407754, -9.271006084063458 ], [ -36.002256629140106, -9.270416788004297 ], [ -36.002433735328566, -9.269959387415724 ], [ -36.00245785064925, -9.269385984175756 ], [ -36.002393854892432, -9.267855831781162 ], [ -36.002344072021288, -9.266918525069855 ], [ -36.00224093327239, -9.26546452636677 ], [ -36.002159960114, -9.263666550470873 ], [ -36.002056333033295, -9.262269907829932 ], [ -36.002162129278815, -9.261142702973302 ], [ -36.002342794084655, -9.260264685866503 ], [ -36.002716880579555, -9.259273567321202 ], [ -36.003245246670758, -9.258245497431687 ], [ -36.004103200802035, -9.256933379371901 ], [ -36.005096671074455, -9.255526788430473 ], [ -36.006185246451935, -9.253952639402712 ], [ -36.006187813117037, -9.253948927001318 ], [ -36.006188762801116, -9.253944517625314 ], [ -36.006348082198201, -9.253204575230939 ], [ -36.006452396360942, -9.252249433164764 ], [ -36.00674591888901, -9.251678276431278 ], [ -36.007154908072494, -9.251108083770987 ], [ -36.008123764799848, -9.250332240440514 ], [ -36.00940052961073, -9.249558961077128 ], [ -36.010441510167539, -9.249357320483909 ], [ -36.011711809752171, -9.24934879221297 ], [ -36.01302092227769, -9.249302341329951 ], [ -36.015299844811921, -9.248365301717229 ], [ -36.016652605033642, -9.247707345117817 ], [ -36.017080174210605, -9.247213771098586 ], [ -36.017740932198194, -9.246454448314068 ], [ -36.018984592964557, -9.24491348247119 ], [ -36.018987434822236, -9.24490996162541 ], [ -36.018990328840573, -9.244906477651796 ], [ -36.020050015295908, -9.243630862174484 ], [ -36.021880536757294, -9.241567940607922 ], [ -36.022212918990988, -9.240924679830073 ], [ -36.022340672184214, -9.239974206144666 ], [ -36.022537666879771, -9.237223138636864 ], [ -36.022626036062661, -9.236095503904323 ], [ -36.022729498567458, -9.235434987834367 ], [ -36.023029445852217, -9.234875619414254 ], [ -36.02349214524628, -9.23436903939961 ], [ -36.023921293632725, -9.234069610124379 ], [ -36.024348407752768, -9.233885054851328 ], [ -36.024832549682401, -9.233650269744089 ], [ -36.025278268077557, -9.233539530824658 ], [ -36.025868815993022, -9.233401019041764 ], [ -36.026459062635581, -9.233298353336295 ], [ -36.026831712913179, -9.233325340192266 ], [ -36.027228518980905, -9.233340575607031 ], [ -36.02766090582611, -9.233415856956185 ], [ -36.027890621454958, -9.233515562992807 ], [ -36.027894776322853, -9.233517366133469 ], [ -36.027898327745561, -9.23352017831354 ], [ -36.028163508139357, -9.233730146628943 ], [ -36.028777231583945, -9.233983795016059 ], [ -36.029489740159363, -9.233932327714683 ], [ -36.030031455787025, -9.233592636690787 ], [ -36.030671312630943, -9.233024308325128 ], [ -36.031311488734161, -9.232417738987408 ], [ -36.031989189049796, -9.231926201932652 ], [ -36.032283930159224, -9.231202049834678 ], [ -36.032268526571215, -9.230743025969844 ], [ -36.032041602437971, -9.230263133336905 ], [ -36.031737062315528, -9.229859082330734 ], [ -36.031550710197052, -9.229307306886653 ], [ -36.031549264986552, -9.229303028811671 ], [ -36.031549639104526, -9.22929854119468 ], [ -36.031607032938155, -9.228610808042333 ], [ -36.031909138595836, -9.22836018227656 ], [ -36.032188433849115, -9.22815237143476 ], [ -36.032711461564645, -9.227855305577862 ], [ -36.032935608591401, -9.227667528933239 ], [ -36.033181100127649, -9.227480918709375 ], [ -36.033338727000626, -9.227042444353287 ], [ -36.033207860354423, -9.226582465408399 ], [ -36.033039464099943, -9.226007453281284 ], [ -36.032909396051764, -9.225451878201568 ], [ -36.032779328902848, -9.224896303121852 ], [ -36.032648461357383, -9.224436325076283 ], [ -36.032556241277462, -9.223957544904749 ], [ -36.032388327059607, -9.223325174916852 ], [ -36.032412499936868, -9.222731997383733 ], [ -36.032536223268039, -9.221830841619976 ], [ -36.033303333282163, -9.219836053590939 ], [ -36.033727166675362, -9.218406022719705 ], [ -36.033879040585191, -9.217658615052983 ], [ -36.033925666836012, -9.217157619828242 ], [ -36.033755040262861, -9.216376501973969 ], [ -36.033329376749293, -9.214346191623406 ], [ -36.033145251352209, -9.21335039480482 ], [ -36.03294124374338, -9.212430917153085 ], [ -36.032791611843379, -9.211913423865383 ], [ -36.032719431356611, -9.211339205839636 ], [ -36.032795242406451, -9.210555627440215 ], [ -36.032940158261624, -9.20933309444672 ], [ -36.033050180421469, -9.207905996264685 ], [ -36.033102761083512, -9.207586086728497 ], [ -36.033101606354023, -9.207150189829349 ], [ -36.032956204864945, -9.206824902347307 ], [ -36.03273954199625, -9.206503438782647 ], [ -36.032585736342639, -9.206282043681313 ], [ -36.032451330864205, -9.206030520392176 ], [ -36.032279235698127, -9.205677578757218 ], [ -36.032167097433558, -9.205325621879922 ], [ -36.032132863840559, -9.204926125939892 ], [ -36.032167390612528, -9.204523344776476 ], [ -36.032186380696885, -9.2040841698485 ], [ -36.032699507776044, -9.203022502186684 ], [ -36.033286526751738, -9.202491145849649 ], [ -36.033847111055309, -9.20205608532001 ], [ -36.034431120899455, -9.201569183371078 ], [ -36.035074926666482, -9.200991404929368 ], [ -36.035679530086213, -9.200686279348247 ], [ -36.036302399635986, -9.200333862917375 ], [ -36.037252929079386, -9.199829985365511 ], [ -36.038147044950108, -9.199334193618085 ], [ -36.038556492787848, -9.19901058157302 ], [ -36.039000587906742, -9.198425161591899 ], [ -36.039322241228433, -9.197759737921501 ], [ -36.039476129619629, -9.196812801269743 ], [ -36.039527039341351, -9.19614371466065 ], [ -36.039422015613468, -9.195717355071849 ], [ -36.039065669145259, -9.195161758408403 ], [ -36.038762057123222, -9.194615940073504 ], [ -36.038598599046054, -9.194202176389297 ], [ -36.038596939796889, -9.194197975655982 ], [ -36.038595775174826, -9.194193623836611 ], [ -36.038411083204892, -9.193503677452725 ], [ -36.038409917683509, -9.193499324733978 ], [ -36.038409404170636, -9.19349484970752 ], [ -36.03834263220665, -9.19291319698641 ], [ -36.038144448607397, -9.192158685574839 ], [ -36.037982842234328, -9.191344721781434 ], [ -36.03788017293158, -9.190674650414735 ], [ -36.037942061576814, -9.19020622233927 ], [ -36.038153094689505, -9.189673046673704 ], [ -36.038601637855265, -9.189246509918462 ], [ -36.039291097705927, -9.188774147309005 ], [ -36.040064540745902, -9.188326373063603 ], [ -36.040523616771452, -9.188079178211467 ], [ -36.041637062000746, -9.187239819362105 ], [ -36.04189367725138, -9.186751948843323 ], [ -36.042030626012547, -9.186191395116737 ], [ -36.042242211308974, -9.185332688252913 ], [ -36.042250483273165, -9.185311173771595 ], [ -36.042584501373597, -9.184442432272363 ], [ -36.042734228601716, -9.183600260343667 ], [ -36.042737827688541, -9.183580013906465 ], [ -36.043007752006133, -9.182936894322154 ], [ -36.043171523946626, -9.182041942081923 ], [ -36.043163364397685, -9.181575801881706 ], [ -36.042917758647604, -9.180737249724245 ], [ -36.042442573066239, -9.180028273685821 ], [ -36.041941552660489, -9.179534196046291 ], [ -36.040814599614009, -9.179106693419101 ], [ -36.03919538825653, -9.178579547707898 ], [ -36.037815903780881, -9.178149967646846 ], [ -36.036292413564013, -9.177683349007282 ], [ -36.034780955376732, -9.177216824796574 ], [ -36.03335378075235, -9.176739036577203 ], [ -36.03280308809201, -9.1764357519084 ], [ -36.032169310665097, -9.176000328052623 ], [ -36.031705185845624, -9.175410942061262 ], [ -36.031348496735689, -9.174918041634271 ], [ -36.031089107076582, -9.174294485901783 ], [ -36.030997278201767, -9.173767911260029 ], [ -36.03085304673067, -9.172795315151632 ], [ -36.030852384829643, -9.17279085181633 ], [ -36.030851859625557, -9.172786376789816 ], [ -36.030601814821864, -9.170655630153135 ], [ -36.030446242899757, -9.169406723641316 ], [ -36.030277016571006, -9.168064491782843 ], [ -36.030078511913757, -9.166772211868022 ], [ -36.029922105420781, -9.165623683186368 ], [ -36.029814832488512, -9.164640475077817 ], [ -36.029748644184565, -9.163922904218623 ], [ -36.029729860944258, -9.163578577189526 ], [ -36.029732007626023, -9.163320464567732 ], [ -36.02973463004912, -9.163004994085156 ], [ -36.02975991179045, -9.162567814752776 ], [ -36.029862353564738, -9.162396569446059 ], [ -36.030008502390444, -9.162175490906122 ], [ -36.030154115220171, -9.162018940521648 ], [ -36.03040109513438, -9.161820200242005 ], [ -36.030952715895069, -9.16143036212145 ], [ -36.031272381714984, -9.161167684540942 ], [ -36.031537699705041, -9.161009100789329 ], [ -36.031882315416453, -9.160621382370834 ], [ -36.03189109279964, -9.16060999965174 ], [ -36.032100848875018, -9.160337978115138 ], [ -36.032279926377441, -9.159828294540091 ], [ -36.032341963410829, -9.15958246216087 ], [ -36.03234309026135, -9.159577997926192 ], [ -36.03234419283018, -9.15957362901969 ], [ -36.032345485155986, -9.159569310475263 ], [ -36.032835274828017, -9.15793266036394 ], [ -36.03293091772764, -9.157708357754473 ], [ -36.033008006714113, -9.15745047176182 ], [ -36.033045198177319, -9.157313336840957 ], [ -36.033108955613784, -9.157098349409239 ], [ -36.033160092863966, -9.15688191766634 ], [ -36.033240824104723, -9.156654861332754 ], [ -36.033354321244872, -9.156444052151244 ], [ -36.033456683878796, -9.156318317935984 ], [ -36.033581398262868, -9.156139231440307 ], [ -36.033861698958219, -9.155884438216219 ], [ -36.034280837890321, -9.155494155830581 ], [ -36.034432708202871, -9.155261789000292 ], [ -36.034520041366761, -9.155055194941269 ], [ -36.034564724182644, -9.15484472570347 ], [ -36.034563528983654, -9.154697968036771 ], [ -36.034545559629805, -9.15452067209128 ], [ -36.034507024579455, -9.154396211316055 ], [ -36.034413508576506, -9.154191816998718 ], [ -36.034292222408112, -9.153981687704686 ], [ -36.034198287321033, -9.153825872965626 ], [ -36.034081986994067, -9.153566690150569 ], [ -36.034045922381381, -9.153342170804478 ], [ -36.034046186782064, -9.153153485844655 ], [ -36.034080006686906, -9.152971696886254 ], [ -36.034134967854413, -9.15278137426094 ], [ -36.034184619424593, -9.152630217110811 ], [ -36.034237208180571, -9.152450762792398 ], [ -36.034296432134568, -9.15221611258346 ], [ -36.034328122444833, -9.151942337368951 ], [ -36.034339280333484, -9.15179396811709 ], [ -36.034316846745014, -9.151681122086075 ], [ -36.034190538762289, -9.151174678768371 ], [ -36.034119118202682, -9.150919855866618 ], [ -36.034058537171688, -9.150674783414502 ], [ -36.033995161947132, -9.150427391610776 ], [ -36.033961168473127, -9.150176152507413 ], [ -36.033963843056881, -9.149853510830837 ], [ -36.034104075242851, -9.149474632748081 ], [ -36.034273106418709, -9.149103160582342 ], [ -36.034368742123718, -9.148881663857651 ], [ -36.034559239217458, -9.148531878843073 ], [ -36.034711000712093, -9.148239075772665 ], [ -36.034887028613412, -9.147974039270423 ], [ -36.035261305764607, -9.147397545060585 ], [ -36.035465993260914, -9.147076555438616 ], [ -36.035597878838985, -9.146833843706872 ], [ -36.035680685715022, -9.146418642905985 ], [ -36.035830028932651, -9.145810387339452 ], [ -36.035853929315351, -9.145538111294741 ], [ -36.035863043944289, -9.145308735609603 ], [ -36.035821953020672, -9.145043097460928 ], [ -36.035780089579418, -9.144870667747057 ], [ -36.035759573345615, -9.144734263975067 ], [ -36.035674718713267, -9.144525631152931 ], [ -36.035553492799409, -9.14435255212851 ], [ -36.035411514130033, -9.144071747812859 ], [ -36.035212843997499, -9.143670860621683 ], [ -36.034607416798792, -9.142717152074852 ], [ -36.034347056771196, -9.142431835860464 ], [ -36.03399802898582, -9.142246097079692 ], [ -36.033688689181645, -9.142136011967352 ], [ -36.033265042847404, -9.141888755061927 ], [ -36.032961704219247, -9.141054517851671 ], [ -36.032893716371859, -9.140552040544208 ], [ -36.032665257095914, -9.139388583116556 ], [ -36.032596259309855, -9.139007992724657 ], [ -36.032526727326569, -9.138691930488164 ], [ -36.03254055170504, -9.138328911050337 ], [ -36.032599796343504, -9.137710197267722 ], [ -36.032835413323596, -9.137138500941035 ], [ -36.033229512432001, -9.136596781716037 ], [ -36.033865963543349, -9.135540780682447 ], [ -36.03418850719379, -9.134926771253447 ], [ -36.034470253998961, -9.134011274001068 ], [ -36.034744902455259, -9.133081377703377 ], [ -36.034952958811971, -9.132351705566691 ], [ -36.035192963584336, -9.131655850636946 ], [ -36.035546541039992, -9.130370376791404 ], [ -36.035628982791252, -9.12999819326194 ], [ -36.035623961876297, -9.129732850990251 ], [ -36.035621844872196, -9.129116185863268 ], [ -36.035763346900922, -9.128335929559455 ], [ -36.036133151723504, -9.12748552703539 ], [ -36.036992742620953, -9.1264886959965 ], [ -36.037804128957362, -9.126086606411718 ], [ -36.038716948028707, -9.125632759044549 ], [ -36.039625015981642, -9.12517170001388 ], [ -36.040213835400152, -9.124927927082126 ], [ -36.040483408082764, -9.124901442047872 ], [ -36.040675712813879, -9.124912569359537 ], [ -36.040995434391732, -9.124980709192357 ], [ -36.041741548833386, -9.125274352229553 ], [ -36.042633739255621, -9.12567663966513 ], [ -36.043475055929036, -9.126082626911682 ], [ -36.043801479254796, -9.126161768151007 ], [ -36.044129005149443, -9.126107071384183 ], [ -36.044463766989224, -9.125841775877234 ], [ -36.044659712175928, -9.125644139065741 ], [ -36.044827260369743, -9.125424397817653 ], [ -36.044962366420009, -9.12491258284939 ], [ -36.0452583620837, -9.124095568555617 ], [ -36.045439079050198, -9.123847570608859 ], [ -36.045712256215609, -9.123570833027486 ], [ -36.046515590921729, -9.122876293805859 ], [ -36.047331320983631, -9.122153696635735 ], [ -36.047824234900474, -9.121729579956082 ], [ -36.048507863547002, -9.121209449856167 ], [ -36.04959110054881, -9.120501206765255 ], [ -36.050992236202717, -9.119738175176622 ], [ -36.052361362287002, -9.119299030825573 ], [ -36.053196990748461, -9.119084219660976 ], [ -36.053848751019018, -9.118918985422795 ], [ -36.054683846182513, -9.118803337104282 ], [ -36.055475613808483, -9.11882489835034 ], [ -36.05712916397971, -9.118761528521702 ], [ -36.058666841901186, -9.11880606924467 ], [ -36.062788453724124, -9.118519554234013 ], [ -36.063521780705571, -9.118509723744694 ], [ -36.064124746459811, -9.118381726835196 ], [ -36.064452892886663, -9.118250528339161 ], [ -36.064964820270177, -9.117996523820466 ], [ -36.065592802465801, -9.117666970853975 ], [ -36.066431780901951, -9.117415604946189 ], [ -36.067395886510894, -9.117155684687077 ], [ -36.067769168112591, -9.117106756171836 ], [ -36.068211811725689, -9.116986936797673 ], [ -36.068641438551481, -9.116856422685714 ], [ -36.068918641082405, -9.116719195134692 ], [ -36.069095949618315, -9.116547828419527 ], [ -36.069261460847713, -9.116306804715236 ], [ -36.069562617720578, -9.115732094760347 ], [ -36.070111023404991, -9.114629895553207 ], [ -36.070388620738186, -9.113970401113079 ], [ -36.070589593135196, -9.113425967734202 ], [ -36.070745913293194, -9.112900814021316 ], [ -36.070886726441245, -9.112402874692862 ], [ -36.070938968058897, -9.112135847091622 ], [ -36.070962054555139, -9.111871369068353 ], [ -36.070942232597929, -9.111637154131301 ], [ -36.070900805327881, -9.111281275310546 ], [ -36.070843466352869, -9.110806480934286 ], [ -36.070779717909602, -9.110366173759871 ], [ -36.070746853084756, -9.109677537688185 ], [ -36.070836540673781, -9.109295830338226 ], [ -36.071092868141307, -9.108533036170627 ], [ -36.071435608766308, -9.107790058564319 ], [ -36.07383606658118, -9.104252844193354 ], [ -36.074211918445258, -9.103754413835077 ], [ -36.074464349150333, -9.103113665763033 ], [ -36.074742852100883, -9.102297527408894 ], [ -36.075160306602811, -9.101229881953429 ], [ -36.075295043031758, -9.100788742006785 ], [ -36.075296359639253, -9.100784429757596 ], [ -36.075296373129049, -9.100784404576586 ], [ -36.075297707722996, -9.100780097723259 ], [ -36.076311540445204, -9.097507909062699 ], [ -36.076636907966872, -9.096541958944215 ], [ -36.077073580980937, -9.095594676952715 ], [ -36.077756396640325, -9.094845717955479 ], [ -36.078399304883987, -9.094103117165105 ], [ -36.078883187808799, -9.093759692156027 ], [ -36.079872302664569, -9.093444909654806 ], [ -36.081166901930942, -9.092875189138624 ], [ -36.081972735853014, -9.092621005654848 ], [ -36.082940645594249, -9.092518605249381 ], [ -36.083637132747413, -9.092337669747621 ], [ -36.08404498069126, -9.092144704014856 ], [ -36.084362755236896, -9.091802099187476 ], [ -36.084904622850047, -9.091252020764102 ], [ -36.085402162879461, -9.090657782930293 ], [ -36.085599397694011, -9.090121399383008 ], [ -36.085674995604506, -9.089498558611524 ], [ -36.085690417178967, -9.088915257433143 ], [ -36.085736117128079, -9.087929765046567 ], [ -36.085767582607787, -9.086987063302274 ], [ -36.085843500676958, -9.08642023230783 ], [ -36.085934035427329, -9.086048048778366 ], [ -36.086159374055796, -9.085587630065049 ], [ -36.086594736757661, -9.084804504024589 ], [ -36.086941608868131, -9.084417818027816 ], [ -36.08754137483453, -9.083620873904181 ], [ -36.087683032445966, -9.0835189987028 ], [ -36.087933275999831, -9.083045993078088 ], [ -36.088045350412528, -9.082779487083599 ], [ -36.088155568624529, -9.082488336067797 ], [ -36.088192489391815, -9.082384705389813 ], [ -36.088280906238765, -9.082261411035233 ], [ -36.088382254437477, -9.082139251625108 ], [ -36.088821152374237, -9.081719326685516 ], [ -36.089133229714719, -9.081429386157197 ], [ -36.08927990914043, -9.081274511209699 ], [ -36.089569378424017, -9.081092758224145 ], [ -36.089777082246485, -9.080997913023225 ], [ -36.09011623097922, -9.08089850466223 ], [ -36.090377992150593, -9.080812153557986 ], [ -36.090658014955409, -9.080651001342574 ], [ -36.090962827572412, -9.080333889597284 ], [ -36.091152490095283, -9.079831738743678 ], [ -36.091312385957792, -9.079290855888246 ], [ -36.091480340645148, -9.07864513366593 ], [ -36.091684727767927, -9.078046960398865 ], [ -36.091836117842547, -9.077597742741602 ], [ -36.091837337323227, -9.077582946195946 ], [ -36.091887464634738, -9.076974752682645 ], [ -36.092173327636942, -9.0763189499595 ], [ -36.0923919285446, -9.075915378292052 ], [ -36.09294942907286, -9.075454262604069 ], [ -36.09296005006621, -9.075445478026325 ], [ -36.093160829108911, -9.075173800930145 ], [ -36.093163058528262, -9.075164546006931 ], [ -36.093249517551158, -9.074805557330535 ], [ -36.09319907098029, -9.074502878804765 ], [ -36.093131808885801, -9.074233831326183 ], [ -36.092879576930898, -9.073880706229545 ], [ -36.092063663407316, -9.072996811153871 ], [ -36.092045542068092, -9.072977179852899 ], [ -36.091486000078817, -9.072465506977494 ], [ -36.090790029136485, -9.072215867768023 ], [ -36.090500076916953, -9.072001899268173 ], [ -36.09029355300504, -9.071757706353026 ], [ -36.090217258119935, -9.071571116813516 ], [ -36.090080543182466, -9.070877494001081 ], [ -36.089968316784336, -9.06994303814065 ], [ -36.089771546020017, -9.069461218260585 ], [ -36.089684023998473, -9.069327394643494 ], [ -36.089531626683197, -9.069016803882334 ], [ -36.089261107014408, -9.068475331970944 ], [ -36.089098103994274, -9.068234569969377 ], [ -36.088840297141928, -9.067700482391331 ], [ -36.088255201816082, -9.067352053554373 ], [ -36.087405536736071, -9.067179389117484 ], [ -36.086290139078585, -9.067481522654077 ], [ -36.085475426149969, -9.067634113323606 ], [ -36.084048157096731, -9.0672386634335 ], [ -36.080773777687625, -9.066550433855411 ], [ -36.079533905765118, -9.066798272622123 ], [ -36.079529455020293, -9.066799162051666 ], [ -36.079525219213451, -9.066800789824526 ], [ -36.07901798089506, -9.066995710683443 ], [ -36.078608355890879, -9.067090765426428 ], [ -36.077940191986215, -9.067644729820358 ], [ -36.077460969348238, -9.068028109009958 ], [ -36.076970405359873, -9.068375464056373 ], [ -36.075670170941578, -9.068243241232551 ], [ -36.075095185794169, -9.067980498001532 ], [ -36.074017700856189, -9.067412567136216 ], [ -36.073475058926761, -9.066719847243121 ], [ -36.073120780899274, -9.065928246891019 ], [ -36.073002547029887, -9.065218233034955 ], [ -36.073249095269489, -9.064337408244739 ], [ -36.073254555952929, -9.063663417632597 ], [ -36.073046289154888, -9.062657871263696 ], [ -36.072746814913558, -9.062225238903579 ], [ -36.072521915154198, -9.061492041424515 ], [ -36.072612424723559, -9.061005167354551 ], [ -36.072876866773925, -9.060419296813052 ], [ -36.073200058835596, -9.059704826816244 ], [ -36.073495790098605, -9.058818042218832 ], [ -36.073894478447357, -9.057688280589616 ], [ -36.074232207150601, -9.056959583318076 ], [ -36.074800872762012, -9.056218389966659 ], [ -36.075209569665844, -9.055633669658107 ], [ -36.07599951526538, -9.053608334357079 ], [ -36.076472528084651, -9.053180097883171 ], [ -36.077064561680118, -9.05291736184671 ], [ -36.077661232180105, -9.052821449150485 ], [ -36.078336596056999, -9.052959085893065 ], [ -36.079094185847964, -9.053147952515928 ], [ -36.079098580834795, -9.053149047890201 ], [ -36.079102748293167, -9.053150821353256 ], [ -36.079629388585374, -9.053374936004445 ], [ -36.080319887153053, -9.053685802857444 ], [ -36.080870820831649, -9.054040062898537 ], [ -36.081384159251513, -9.054185510253035 ], [ -36.08178520562268, -9.054547239163696 ], [ -36.082277241801251, -9.054945222444019 ], [ -36.082843148292625, -9.05500556065806 ], [ -36.08363722357899, -9.054712017445581 ], [ -36.084133310303969, -9.05436185561507 ], [ -36.084308088147679, -9.053965082822288 ], [ -36.084513372793879, -9.053436213110672 ], [ -36.084658642082616, -9.052835527137802 ], [ -36.084912059343992, -9.052139817898251 ], [ -36.085059674963986, -9.051648148643096 ], [ -36.085197948426526, -9.050898943231573 ], [ -36.085015413030817, -9.050472368704789 ], [ -36.084573475385525, -9.049320988272939 ], [ -36.084370966946551, -9.048773972041147 ], [ -36.084289956016619, -9.048084944764355 ], [ -36.084352398644228, -9.047497450047217 ], [ -36.084357251385995, -9.046895154287881 ], [ -36.084261236167094, -9.046277714844621 ], [ -36.084178723369348, -9.045775113430693 ], [ -36.08415402888528, -9.045258630081662 ], [ -36.084175385985247, -9.04439832332389 ], [ -36.084063211747775, -9.043995874010307 ], [ -36.083734647136225, -9.043591703394327 ], [ -36.083174457635096, -9.043286076890865 ], [ -36.082482817827724, -9.043180180820627 ], [ -36.082121820065879, -9.043220330154043 ], [ -36.081603062331396, -9.043144492124554 ], [ -36.081113271760046, -9.043054541933543 ], [ -36.080594398912353, -9.042993042694718 ], [ -36.079786775339358, -9.042957925068151 ], [ -36.078905286849476, -9.043137334420408 ], [ -36.078242271563511, -9.043060340762054 ], [ -36.078070664729353, -9.042872537137839 ], [ -36.077439512423496, -9.042422925577512 ], [ -36.076736926068236, -9.041886696713618 ], [ -36.076596139899891, -9.041455337793536 ], [ -36.076623655557228, -9.041025320661959 ], [ -36.076339384355038, -9.040497209978184 ], [ -36.075910854702158, -9.039967948162257 ], [ -36.075637050709304, -9.039645491746001 ], [ -36.075387299983845, -9.039233249714641 ], [ -36.075189137069003, -9.038319320879907 ], [ -36.075188181089629, -9.038314913302543 ], [ -36.075187611818762, -9.038310441873364 ], [ -36.07514141274595, -9.037947692232137 ], [ -36.075105001894258, -9.037769735284996 ], [ -36.075057645393997, -9.0374792048014 ], [ -36.075047644033475, -9.037342024015175 ], [ -36.07502325711755, -9.037164394421211 ], [ -36.074975369117965, -9.036980197977698 ], [ -36.074868874099195, -9.03674843009594 ], [ -36.074481622428891, -9.036101697934953 ], [ -36.073994308590443, -9.035324539795624 ], [ -36.073733186837046, -9.034891465868384 ], [ -36.073579614107871, -9.034673272353587 ], [ -36.073473190135587, -9.034442761724051 ], [ -36.07342150160099, -9.034320041136937 ], [ -36.073391066744307, -9.034130708665202 ], [ -36.073367552170737, -9.033865108288069 ], [ -36.073348240129121, -9.033567463267786 ], [ -36.07332014890568, -9.033243404259679 ], [ -36.073237633410031, -9.033051869348242 ], [ -36.073057241998072, -9.032670367943069 ], [ -36.07289177843279, -9.032376572920441 ], [ -36.072539370095797, -9.031589594184368 ], [ -36.072405955670263, -9.03120706215617 ], [ -36.072259153037464, -9.030908944092459 ], [ -36.072138545857172, -9.030490837582022 ], [ -36.072115282194488, -9.029960603598909 ], [ -36.072096150916593, -9.029379021924285 ], [ -36.072077591607524, -9.028701196602867 ], [ -36.07202120591387, -9.028009035188802 ], [ -36.071969932866068, -9.027662655906795 ], [ -36.071848549570859, -9.027168741044534 ], [ -36.071682629149961, -9.026510309603054 ], [ -36.071537698006296, -9.025981910236908 ], [ -36.071424617252262, -9.025285439271556 ], [ -36.071269995913553, -9.024639003886875 ], [ -36.071102679744854, -9.024077217189756 ], [ -36.071019324282361, -9.023820701763952 ], [ -36.070851608814678, -9.023437488049581 ], [ -36.070689288379924, -9.023162925028942 ], [ -36.070504003756753, -9.022990192243526 ], [ -36.070319527624065, -9.022883076692608 ], [ -36.070127634782466, -9.022821733935814 ], [ -36.06990017105602, -9.022763036984543 ], [ -36.069247103171222, -9.022829872800344 ], [ -36.068771088414962, -9.022929319832201 ], [ -36.06849658115226, -9.022943136116794 ], [ -36.06829683812856, -9.022915829102203 ], [ -36.068054955571711, -9.022896374068353 ], [ -36.067373309030927, -9.022791159684232 ], [ -36.066768551827181, -9.022688930149968 ], [ -36.066130161777494, -9.022704196141717 ], [ -36.065819550331923, -9.022730927590203 ], [ -36.065396594677054, -9.022763099937038 ], [ -36.064943565692943, -9.022697106785984 ], [ -36.064246815038416, -9.022537496907887 ], [ -36.063936738689506, -9.022484441403776 ], [ -36.063657591824381, -9.02242654844639 ], [ -36.063275394343918, -9.022261824123859 ], [ -36.062882798002704, -9.022029990591534 ], [ -36.062680850740605, -9.021908941844117 ], [ -36.062285584312235, -9.021628586290205 ], [ -36.062045548063566, -9.021417844557845 ], [ -36.061752882589417, -9.021155552786468 ], [ -36.061527459424667, -9.02091956708432 ], [ -36.061410089803758, -9.020746909841989 ], [ -36.061319639589669, -9.020506145142463 ], [ -36.061313999941092, -9.020289000237142 ], [ -36.061341000286916, -9.020018000330424 ], [ -36.061473214117484, -9.019730302711253 ], [ -36.06163904820346, -9.019502613254929 ], [ -36.061868821388941, -9.019344213864315 ], [ -36.062135084566478, -9.019212721289989 ], [ -36.062415112767212, -9.019106399840439 ], [ -36.062661293184078, -9.018901162858356 ], [ -36.062884080435936, -9.018678221822427 ], [ -36.063057716140634, -9.01842070275319 ], [ -36.063172214226256, -9.018178000014643 ], [ -36.063238820714957, -9.017890910337201 ], [ -36.063282213902994, -9.017549606828823 ], [ -36.063309910324051, -9.01722930338957 ], [ -36.06328991030108, -9.016917000319268 ], [ -36.062811999773942, -9.015189999818574 ], [ -36.062594999659439, -9.014444999636964 ], [ -36.062508000144021, -9.014148000329897 ], [ -36.06238699996004, -9.013911000192479 ], [ -36.062155000053167, -9.013556000009373 ], [ -36.061511000032567, -9.012653999782231 ], [ -36.061364000448236, -9.012480999898173 ], [ -36.06118500028748, -9.012334000313842 ], [ -36.060954000426761, -9.012214000175902 ], [ -36.060656647686073, -9.012119112706841 ], [ -36.060263008131301, -9.012000493028268 ], [ -36.060056182047106, -9.011916803017982 ], [ -36.059849245346356, -9.01176478072 ], [ -36.059628843096561, -9.011525748114764 ], [ -36.059372803412089, -9.011338015536921 ], [ -36.059369156661205, -9.011335341852487 ], [ -36.059365121403175, -9.011333288700257 ], [ -36.059170616930373, -9.011234341691477 ], [ -36.058949996145373, -9.011133486321285 ], [ -36.058749018352444, -9.011048677554356 ], [ -36.058744846397474, -9.011046916681835 ], [ -36.058740876790011, -9.01104472233601 ], [ -36.057959999953994, -9.010613000089847 ], [ -36.056887999981143, -9.009899000438452 ], [ -36.056124167096584, -9.009373619197106 ], [ -36.05563930031343, -9.008692851294029 ], [ -36.055355000332952, -9.008035999961407 ], [ -36.054858999942837, -9.007005000080653 ], [ -36.054706000081808, -9.006530999805761 ], [ -36.054667000081963, -9.006114000360753 ], [ -36.05472299996643, -9.005882999600715 ], [ -36.054943000219225, -9.005450000317239 ], [ -36.056040000445648, -9.003572000047711 ], [ -36.056231000260425, -9.003146000187712 ], [ -36.056242999914446, -9.00277300007383 ], [ -36.056157000445182, -9.001509000240105 ], [ -36.056094000237863, -9.001175000126125 ], [ -36.055995000169105, -9.000819999943019 ], [ -36.055580999963126, -9.000151999714944 ], [ -36.055112999964933, -8.999421000178984 ], [ -36.054709000220157, -8.998904999765898 ], [ -36.054530000059401, -8.998510999582891 ], [ -36.054485999829012, -8.998199999630231 ], [ -36.054525999874954, -8.997690000393163 ], [ -36.05451000003643, -8.997272000002738 ], [ -36.054419000336566, -8.997045000326466 ], [ -36.054182000199091, -8.996749000166176 ], [ -36.053413999856161, -8.996162000076197 ], [ -36.052634999905251, -8.995493999848179 ], [ -36.052406000136727, -8.995234000448704 ], [ -36.051966999677234, -8.994360999760261 ], [ -36.051370000025429, -8.993029000387992 ], [ -36.051234000049021, -8.992842999904497 ], [ -36.051069999680692, -8.99266699988209 ], [ -36.050727000050983, -8.992192999607198 ], [ -36.050603999774751, -8.991920999654383 ], [ -36.050563999728752, -8.99155099967885 ], [ -36.050602999728596, -8.990514000420717 ], [ -36.050642999774595, -8.989748000170039 ], [ -36.050614000235896, -8.989278000079594 ], [ -36.05047199998279, -8.988995999665633 ], [ -36.050053999592365, -8.988548999736508 ], [ -36.049778000354365, -8.988368000382877 ], [ -36.049596000055317, -8.988204000014548 ], [ -36.049500000124851, -8.987988999992297 ], [ -36.049230000264231, -8.987080000341678 ], [ -36.049217999710891, -8.986701999997251 ], [ -36.049292999572231, -8.986290999929679 ], [ -36.049468000447803, -8.98606400025335 ], [ -36.049708999870404, -8.985757999631915 ], [ -36.049983999961569, -8.985561000439759 ], [ -36.051397000371253, -8.984897000396188 ], [ -36.051703000093312, -8.984697000166364 ], [ -36.051971999907835, -8.984384000121452 ], [ -36.052162999722611, -8.98411999963821 ], [ -36.052919999558299, -8.983235000195066 ], [ -36.053079999742124, -8.982980000126872 ], [ -36.053161999926317, -8.982677999689884 ], [ -36.05318400004154, -8.981827000015983 ], [ -36.053237999833755, -8.98148300034012 ], [ -36.053330999625871, -8.981092000295519 ], [ -36.053488999717501, -8.980524000182413 ], [ -36.053676000247151, -8.980220999699327 ], [ -36.054006000176742, -8.979931999861833 ], [ -36.054630000174313, -8.979543999955581 ], [ -36.055056000034313, -8.979355000232999 ], [ -36.055361999756428, -8.979336000256183 ], [ -36.055721000124038, -8.979418999587097 ], [ -36.056331000375337, -8.979632000416416 ], [ -36.05685100007355, -8.979853999862144 ], [ -36.057306000371568, -8.979854999908298 ], [ -36.0578890002771, -8.979961000299852 ], [ -36.058232999952963, -8.979899000138687 ], [ -36.058511000182477, -8.979707000277813 ], [ -36.058692000435428, -8.979485999978863 ], [ -36.058828999558614, -8.979157000095427 ], [ -36.0589479996504, -8.978898999888884 ], [ -36.059141999603582, -8.978677999589991 ], [ -36.059463000017388, -8.978371999867875 ], [ -36.060895999550723, -8.977421000079062 ], [ -36.061741999893343, -8.976872999988927 ], [ -36.062255000168079, -8.976325999944891 ], [ -36.063081999634505, -8.975556999555863 ], [ -36.063392999587222, -8.974935999696584 ], [ -36.063769999885551, -8.974088000161032 ], [ -36.063776644976144, -8.974076559885305 ], [ -36.064036671355268, -8.973628882766661 ], [ -36.063989563967141, -8.973127091641913 ], [ -36.064399213253068, -8.972178716074836 ], [ -36.064730239309029, -8.970678639707387 ], [ -36.064736028245079, -8.97065240378538 ], [ -36.064737000412208, -8.970647999805294 ], [ -36.064738402455248, -8.970643710938475 ], [ -36.065671000316343, -8.967792000300506 ], [ -36.06578400013143, -8.96704800016505 ], [ -36.065747000223837, -8.966704999635965 ], [ -36.065669000224148, -8.966260999845247 ], [ -36.065576000432031, -8.965896000100258 ], [ -36.065554000316808, -8.965568000262977 ], [ -36.065661999901351, -8.965268999964337 ], [ -36.065783000085332, -8.96510400044923 ], [ -36.066017000084457, -8.964950999688824 ], [ -36.06637899969104, -8.964760999920145 ], [ -36.066581000013116, -8.964635000404883 ], [ -36.066673999805175, -8.964457000290281 ], [ -36.066745000381445, -8.964155999899447 ], [ -36.066805999597136, -8.963609999901507 ], [ -36.066842000358008, -8.963302000087197 ], [ -36.066906999758203, -8.963012000203605 ], [ -36.067010000011464, -8.962818000250479 ], [ -36.067173000333639, -8.962625000343451 ], [ -36.067377999894745, -8.962405000090655 ], [ -36.0675519998249, -8.96226669784977 ], [ -36.067714000100978, -8.96214269842676 ], [ -36.067959603153099, -8.962050945094973 ], [ -36.06820800039884, -8.961969793870821 ], [ -36.068506848712047, -8.961917245584345 ], [ -36.068806000096799, -8.961937000092462 ], [ -36.069075999957363, -8.962028999838424 ], [ -36.069441999748449, -8.962214000275821 ], [ -36.069824000277322, -8.962412000413451 ], [ -36.070873000088852, -8.96292399974277 ], [ -36.071171000341337, -8.962963999788712 ], [ -36.071412999810036, -8.962955000272984 ], [ -36.071671000016579, -8.962816000158227 ], [ -36.071907000107899, -8.962580000066907 ], [ -36.072003000038364, -8.96233200032151 ], [ -36.072046000222713, -8.962041000391821 ], [ -36.071942999969451, -8.961554000416754 ], [ -36.071740999647375, -8.960537000282272 ], [ -36.071648999901356, -8.960217999960662 ], [ -36.071615000132113, -8.959745999778022 ], [ -36.071632000016734, -8.95930600017175 ], [ -36.071714000200927, -8.959064999849829 ], [ -36.071892000315529, -8.958806999643286 ], [ -36.072178000014674, -8.958562000036238 ], [ -36.072463999713761, -8.958339999691191 ], [ -36.072869000404012, -8.958104999645968 ], [ -36.073059000172691, -8.95789699994657 ], [ -36.073752999801059, -8.95496399958887 ], [ -36.073877000123389, -8.954759000027764 ], [ -36.074126999961038, -8.954521999890346 ], [ -36.074596000005329, -8.954271000006599 ], [ -36.075021999865385, -8.954052999845999 ], [ -36.076118000045597, -8.953359000217631 ], [ -36.076419000436488, -8.953197999987651 ], [ -36.076744000135477, -8.953105000195535 ], [ -36.077023000411089, -8.95315199966501 ], [ -36.077497999832758, -8.953231999756952 ], [ -36.078014000245844, -8.953288999687516 ], [ -36.078322000060211, -8.953409999871553 ], [ -36.078524000382288, -8.95360099968633 ], [ -36.078688999897395, -8.953955999869436 ], [ -36.078766999897084, -8.954102000307046 ], [ -36.078873000288695, -8.954351000098541 ], [ -36.079038999849899, -8.954559999844093 ], [ -36.079262000241101, -8.954749999612773 ], [ -36.079491000009625, -8.954885000442346 ], [ -36.079890999569955, -8.954876000027355 ], [ -36.080232000006731, -8.954761000120016 ], [ -36.080553999567371, -8.954422999821531 ], [ -36.080703000143274, -8.954195000099105 ], [ -36.080851999819913, -8.953872999639202 ], [ -36.080853999912108, -8.953571000101533 ], [ -36.080700000004981, -8.953226000379573 ], [ -36.080477999659934, -8.952727999897206 ], [ -36.080430000144361, -8.952304000129459 ], [ -36.080423999867662, -8.951951000038548 ], [ -36.080491000259428, -8.951596999901597 ], [ -36.080620999959137, -8.951208999995288 ], [ -36.081255000417912, -8.950329999929522 ], [ -36.081723999562882, -8.949654000231874 ], [ -36.081983999861677, -8.949152999611215 ], [ -36.082676000297113, -8.948079999592267 ], [ -36.082914999627462, -8.947673999755239 ], [ -36.083588000086081, -8.946641999828387 ], [ -36.083907999554469, -8.946142000153145 ], [ -36.084005999577187, -8.945883999946602 ], [ -36.084000000199808, -8.945635000155107 ], [ -36.083987999646411, -8.945444000340274 ], [ -36.083931999761944, -8.945340000040915 ], [ -36.083554000316838, -8.944703000343168 ], [ -36.083455000248023, -8.944458999882897 ], [ -36.083405999787033, -8.944158000391383 ], [ -36.083439999556276, -8.943838000023618 ], [ -36.083526999971014, -8.943562999932453 ], [ -36.083668000178022, -8.943295000164085 ], [ -36.083675407893736, -8.943280262973701 ], [ -36.083943499392944, -8.9427469326248 ], [ -36.080631187479298, -8.938989683826776 ], [ -36.078225230310068, -8.935562017672908 ], [ -36.076544355137855, -8.933337331452663 ], [ -36.075720397178543, -8.93215083159555 ], [ -36.075967584836121, -8.931195040218881 ], [ -36.076735961994984, -8.930642820509718 ] ] ] } }
]
}
