{
"type": "FeatureCollection",
"name": "Gasoduto_de_Distribuicao",
"crs": { "type": "name", "properties": { "name": "urn:ogc:def:crs:OGC:1.3:CRS84" } },
"features": [
{ "type": "Feature", "properties": { "OBJECTID": 1.0, "Shape_Leng": 0.0284533469629, "DISTRIBUID": "ALGÁS", "TIPO": "Servidao_administrativa", "CLASSE": "Gasoduto_de_distribuicao", "FONTE": "Ministerio_da_infraestrutura", "LARGURA": 20.0, "Shape_Le_1": 0.028453346962868001 }, "geometry": { "type": "MultiLineString", "coordinates": [ [ [ -36.588567874407829, -10.24060365493466, 0.0 ], [ -36.581732999878, -10.232707000327764, 0.0 ], [ -36.581662000201106, -10.232625000143571, 0.0 ], [ -36.576070999576928, -10.226196000445043, 0.0 ], [ -36.575997999807782, -10.226115000306947, 0.0 ], [ -36.571565999571192, -10.221305999772028, 0.0 ], [ -36.571559000147715, -10.221298000302397, 0.0 ], [ -36.571550999778765, -10.221289999933504, 0.0 ], [ -36.571543000309191, -10.221282999610708, 0.0 ], [ -36.571534999940241, -10.221276000187231, 0.0 ], [ -36.571526000424512, -10.221268999864378, 0.0 ], [ -36.571518000055619, -10.221262999587736, 0.0 ], [ -36.571508999640571, -10.221257000210358, 0.0 ], [ -36.571500000124843, -10.221250999933659, 0.0 ], [ -36.571490999709852, -10.22124499965696, 0.0 ], [ -36.571481000147969, -10.221240000325736, 0.0 ], [ -36.571292000425444, -10.221140000210767, 0.0 ], [ -36.571281999964299, -10.221134999980222, 0.0 ], [ -36.571272000402473, -10.221129999749621, 0.0 ], [ -36.571261999941328, -10.221125999565174, 0.0 ], [ -36.571252000379445, -10.221122000280047, 0.0 ], [ -36.5712419999183, -10.221118000095601, 0.0 ], [ -36.571232000356474, -10.221114999957251, 0.0 ], [ -36.571220999849231, -10.221111999818902, 0.0 ], [ -36.571211000287406, -10.221108999680553, 0.0 ], [ -36.571199999780106, -10.221106999588301, 0.0 ], [ -36.571189000172183, -10.221105000395426, 0.0 ], [ -36.569324999648984, -10.220794999589486, 0.0 ], [ -36.569057999926713, -10.220752000304515, 0.0 ], [ -36.568920983716396, -10.220719702052577, 0.0 ] ] ] } },
{ "type": "Feature", "properties": { "OBJECTID": 2.0, "Shape_Leng": 0.072100151473599994, "DISTRIBUID": "ALGÁS", "TIPO": "Servidao_administrativa", "CLASSE": "Gasoduto_de_distribuicao", "FONTE": "Ministerio_da_infraestrutura", "LARGURA": 20.0, "Shape_Le_1": 0.072100151473646998 }, "geometry": { "type": "MultiLineString", "coordinates": [ [ [ -36.568920983716396, -10.220719702052577, 0.0 ], [ -36.568843999950616, -10.22814400034531, 0.0 ], [ -36.568842999904462, -10.228180000206805, 0.0 ], [ -36.568841999858364, -10.228216000068301, 0.0 ], [ -36.568838999720015, -10.228251999929796, 0.0 ], [ -36.56877400031982, -10.228940000180842, 0.0 ], [ -36.568768000043121, -10.228993999973056, 0.0 ], [ -36.568759999674228, -10.22904699971923, 0.0 ], [ -36.568679000435452, -10.229531999602045, 0.0 ], [ -36.568670000020461, -10.229586000293637, 0.0 ], [ -36.568658000366383, -10.229639000039754, 0.0 ], [ -36.56855300002087, -10.230103999899654, 0.0 ], [ -36.568541000366849, -10.230156999645772, 0.0 ], [ -36.568525999675103, -10.230209000245111, 0.0 ], [ -36.568365000344443, -10.230774000219867, 0.0 ], [ -36.568348999606599, -10.230825999919887, 0.0 ], [ -36.568331999721977, -10.230876999573809, 0.0 ], [ -36.560807999889221, -10.252601999582566, 0.0 ], [ -36.560797000281298, -10.252636000251186, 0.0 ], [ -36.560785999774055, -10.252671000066528, 0.0 ], [ -36.560777000258327, -10.252704999835828, 0.0 ], [ -36.560694000028036, -10.253018999926837, 0.0 ], [ -36.560684999612988, -10.253053999742235, 0.0 ], [ -36.560677000143414, -10.253088999557633, 0.0 ], [ -36.560669999820618, -10.253125000318448, 0.0 ], [ -36.55983299989299, -10.257683000070358, 0.0 ], [ -36.559813999916116, -10.257788999562649, 0.0 ], [ -36.559290000033457, -10.260613000289709, 0.0 ], [ -36.559271000056583, -10.260719999828098, 0.0 ], [ -36.559135000080119, -10.261517999755824, 0.0 ], [ -36.559116000103302, -10.261625000193533, 0.0 ], [ -36.55895299978107, -10.262519000051782, 0.0 ], [ -36.558934999850294, -10.262625999590171, 0.0 ], [ -36.558870999596934, -10.263037999703897, 0.0 ], [ -36.55885499975841, -10.263146000187703, 0.0 ], [ -36.558590000128333, -10.265011999903834, 0.0 ], [ -36.558576000382061, -10.26512000038764, 0.0 ], [ -36.558475000221051, -10.265929999969501, 0.0 ], [ -36.558461999621557, -10.266037000407209, 0.0 ], [ -36.558247999645403, -10.26789199961604, 0.0 ], [ -36.558235999991382, -10.268000000099903, 0.0 ], [ -36.55812200013014, -10.268950999888659, 0.0 ], [ -36.558115999853442, -10.269003999634833, 0.0 ], [ -36.558111999668995, -10.269058000326424, 0.0 ], [ -36.558110999622897, -10.269113000164793, 0.0 ], [ -36.558110999622897, -10.269166999957008, 0.0 ], [ -36.558262000291052, -10.277710000016441, 0.0 ], [ -36.558264000383247, -10.277818999647081, 0.0 ], [ -36.55828300036012, -10.27891499982735, 0.0 ], [ -36.55827099980678, -10.278926000334593, 0.0 ], [ -36.558271999852877, -10.278968999619565, 0.0 ], [ -36.558284000406275, -10.278980000126865, 0.0 ], [ -36.558296000060295, -10.279666000285658, 0.0 ], [ -36.558296000060295, -10.279675999847484, 0.0 ], [ -36.558295000014198, -10.279686000308629, 0.0 ], [ -36.558295000014198, -10.279694999824358, 0.0 ], [ -36.5582939999681, -10.279705000285503, 0.0 ], [ -36.558291999875848, -10.279714999847329, 0.0 ], [ -36.558290999829751, -10.279724000262377, 0.0 ], [ -36.558288999737499, -10.279733999824202, 0.0 ], [ -36.55828599959915, -10.27974300023925, 0.0 ], [ -36.558284000406275, -10.279752999801076, 0.0 ], [ -36.558281000267925, -10.279762000216067, 0.0 ], [ -36.558277000083422, -10.279770999731795, 0.0 ], [ -36.558193999853188, -10.279992000030745, 0.0 ], [ -36.558191999760936, -10.279997000261289, 0.0 ], [ -36.558189999668684, -10.280002999638668, 0.0 ], [ -36.558187999576489, -10.280007999869269, 0.0 ], [ -36.558187000429655, -10.280014000145968, 0.0 ], [ -36.558186000383557, -10.28002000042261, 0.0 ], [ -36.55818500033746, -10.280025999799989, 0.0 ], [ -36.558184000291362, -10.28003100003059, 0.0 ], [ -36.558183000245208, -10.280037000307289, 0.0 ], [ -36.558183000245208, -10.280042999684667, 0.0 ], [ -36.558183000245208, -10.280048999961309, 0.0 ], [ -36.558183000245208, -10.280055000238008, 0.0 ], [ -36.558183000245208, -10.280059999569289, 0.0 ], [ -36.558183000245208, -10.280065999845988, 0.0 ], [ -36.558184000291362, -10.280072000122686, 0.0 ], [ -36.55818500033746, -10.280078000399328, 0.0 ], [ -36.558186000383557, -10.280083999776707, 0.0 ], [ -36.558187000429655, -10.280089000007308, 0.0 ], [ -36.558187999576489, -10.280095000284007, 0.0 ], [ -36.55821099973781, -10.28018099975327, 0.0 ], [ -36.558212999830062, -10.280190000168318, 0.0 ], [ -36.558214999922257, -10.280199999730144, 0.0 ], [ -36.558217000014508, -10.280209000145192, 0.0 ], [ -36.558218000060606, -10.280218999707017, 0.0 ], [ -36.558219000106703, -10.280229000168163, 0.0 ], [ -36.558220000152858, -10.280237999683891, 0.0 ], [ -36.558220000152858, -10.280248000145036, 0.0 ], [ -36.558220000152858, -10.280257999706862, 0.0 ], [ -36.558220000152858, -10.280268000168007, 0.0 ], [ -36.558219000106703, -10.280276999683736, 0.0 ], [ -36.558218000060606, -10.280287000144881, 0.0 ], [ -36.557929000223112, -10.282610000251282, 0.0 ], [ -36.557915999623617, -10.282717999835768, 0.0 ], [ -36.557774000269831, -10.28379900022361, 0.0 ], [ -36.557766999947034, -10.283853000015881, 0.0 ], [ -36.55776199971649, -10.283906999808153, 0.0 ], [ -36.557744999831812, -10.284119999738152, 0.0 ], [ -36.557741999693462, -10.284140999807221, 0.0 ], [ -36.557739999601267, -10.284162999922444, 0.0 ], [ -36.55773600031614, -10.284183999991569, 0.0 ], [ -36.557732000131637, -10.284205000060638, 0.0 ], [ -36.557726999901092, -10.284226000129763, 0.0 ], [ -36.557678000339422, -10.284414999852288, 0.0 ], [ -36.557677000293268, -10.284421000128987, 0.0 ], [ -36.557674000154918, -10.284427999552463, 0.0 ], [ -36.557672000062723, -10.284434999875316, 0.0 ], [ -36.557669999970472, -10.284442000198112, 0.0 ], [ -36.557666999832122, -10.284447999575491, 0.0 ], [ -36.557663999693773, -10.284454999898287, 0.0 ], [ -36.557660999555424, -10.284461000174986, 0.0 ], [ -36.557657000270297, -10.284466999552365, 0.0 ], [ -36.557654000131947, -10.284472999829006, 0.0 ], [ -36.5576499999475, -10.284479000105705, 0.0 ], [ -36.557645999763054, -10.284485000382404, 0.0 ], [ -36.55764199957855, -10.284490999759782, 0.0 ], [ -36.557637000247325, -10.284495999990384, 0.0 ], [ -36.557633000062879, -10.284502000267025, 0.0 ], [ -36.557627999832278, -10.284506999598307, 0.0 ], [ -36.557524999579016, -10.284618000220462, 0.0 ], [ -36.55751800015554, -10.284624999643995, 0.0 ], [ -36.557511999878841, -10.284630999920637, 0.0 ], [ -36.557504999556045, -10.284637000197336, 0.0 ], [ -36.557499000178666, -10.284642999574714, 0.0 ], [ -36.55749199985587, -10.284647999805316, 0.0 ], [ -36.557484000386239, -10.284654000082014, 0.0 ], [ -36.557477000063443, -10.284659000312558, 0.0 ], [ -36.557468999694549, -10.28466399964384, 0.0 ], [ -36.557462000271073, -10.284667999828287, 0.0 ], [ -36.557453999902123, -10.284673000058831, 0.0 ], [ -36.557446000432549, -10.284677000243335, 0.0 ], [ -36.557438000063598, -10.284681000427781, 0.0 ], [ -36.557359000017811, -10.284717000289277, 0.0 ], [ -36.557338999994784, -10.284724999758907, 0.0 ], [ -36.557318999971812, -10.284733000127801, 0.0 ], [ -36.557297999902744, -10.284740999597432, 0.0 ], [ -36.557276999833618, -10.284747999920228, 0.0 ], [ -36.55725599976455, -10.284754000196926, 0.0 ], [ -36.557180999903153, -10.284775000265995, 0.0 ], [ -36.557146000087812, -10.284783999781723, 0.0 ], [ -36.557111000272414, -10.284792000150617, 0.0 ], [ -36.557075000410919, -10.28479899957415, 0.0 ], [ -36.551198000087595, -10.285818999846924, 0.0 ], [ -36.551177823797502, -10.28575424955892, 0.0 ] ] ] } },
{ "type": "Feature", "properties": { "OBJECTID": 3.0, "Shape_Leng": 2.115205518e-06, "DISTRIBUID": "ALGÁS", "TIPO": "Servidao_administrativa", "CLASSE": "Gasoduto_de_distribuicao", "FONTE": "Ministerio_da_infraestrutura", "LARGURA": 20.0, "Shape_Le_1": 2.115205518e-06 }, "geometry": { "type": "MultiLineString", "coordinates": [ [ [ -36.141114884844001, -9.76408200028402, 0.0 ], [ -36.141114999957267, -9.76408200028402, 0.0 ], [ -36.141114999957267, -9.764083000330174, 0.0 ], [ -36.141114999957267, -9.764084000376272, 0.0 ] ] ] } },
{ "type": "Feature", "properties": { "OBJECTID": 4.0, "Shape_Leng": 0.00193874632089, "DISTRIBUID": "ALGÁS", "TIPO": "Servidao_administrativa", "CLASSE": "Gasoduto_de_distribuicao", "FONTE": "Ministerio_da_infraestrutura", "LARGURA": 20.0, "Shape_Le_1": 0.0019387463208850001 }, "geometry": { "type": "MultiLineString", "coordinates": [ [ [ -36.141114561987422, -9.76405194224327, 0.0 ], [ -36.141114999957267, -9.764085000422369, 0.0 ], [ -36.141113999911113, -9.764150999868718, 0.0 ], [ -36.141112999865015, -9.764258000306427, 0.0 ], [ -36.141111999818918, -9.764436999567806, 0.0 ], [ -36.141109999726666, -9.764617999820814, 0.0 ], [ -36.141109999726666, -9.764642000028232, 0.0 ], [ -36.141108999680569, -9.764798000027611, 0.0 ], [ -36.141106999588317, -9.764978000234464, 0.0 ], [ -36.141106000441539, -9.76509700032625, 0.0 ], [ -36.141106000441539, -9.765125999864949, 0.0 ], [ -36.141105000395385, -9.765161999726445, 0.0 ], [ -36.141104000349287, -9.765309000210152, 0.0 ], [ -36.141117000049462, -9.765341999933298, 0.0 ], [ -36.141160000233754, -9.765453999702288, 0.0 ], [ -36.141245999703074, -9.765677000093433, 0.0 ], [ -36.141307999864239, -9.765837000277315, 0.0 ], [ -36.141320000417636, -9.765866999862112, 0.0 ], [ -36.141399782873634, -9.765843143546192, 0.0 ] ] ] } },
{ "type": "Feature", "properties": { "OBJECTID": 5.0, "Shape_Leng": 0.10070990466099999, "DISTRIBUID": "ALGÁS", "TIPO": "Servidao_administrativa", "CLASSE": "Gasoduto_de_distribuicao", "FONTE": "Ministerio_da_infraestrutura", "LARGURA": 20.0, "Shape_Le_1": 0.10070990466143 }, "geometry": { "type": "MultiLineString", "coordinates": [ [ [ -35.765135641696475, -9.685706834003156, 0.0 ], [ -35.76533899999481, -9.686089000007314, 0.0 ], [ -35.765608999855431, -9.686339999891061, 0.0 ], [ -35.765742999739587, -9.686463000167294, 0.0 ], [ -35.765878999715994, -9.686587999636401, 0.0 ], [ -35.766019999923003, -9.686718000235487, 0.0 ], [ -35.766156999945565, -9.6868409996124, 0.0 ], [ -35.766290999829721, -9.686965999980885, 0.0 ], [ -35.766427999852283, -9.687092000395467, 0.0 ], [ -35.766549000036264, -9.687203000118302, 0.0 ], [ -35.766686000058826, -9.687328999633564, 0.0 ], [ -35.766819999942982, -9.687452999955951, 0.0 ], [ -35.766955999919389, -9.687578000324436, 0.0 ], [ -35.767085999619155, -9.687701999747446, 0.0 ], [ -35.767221999595563, -9.687826000069776, 0.0 ], [ -35.767375000355912, -9.68796500018459, 0.0 ], [ -35.767502999963426, -9.688083000230222, 0.0 ], [ -35.767636999847639, -9.688204999561037, 0.0 ], [ -35.767764000308318, -9.688321000413794, 0.0 ], [ -35.767906999708202, -9.688454000251852, 0.0 ], [ -35.768052000099658, -9.688589000182162, 0.0 ], [ -35.768182999845521, -9.688711000412297, 0.0 ], [ -35.768330000329229, -9.688847000388705, 0.0 ], [ -35.768460000028938, -9.688969999765618, 0.0 ], [ -35.768596000005346, -9.689094000088005, 0.0 ], [ -35.768740000350704, -9.689227999972161, 0.0 ], [ -35.768996999611772, -9.689472000432431, 0.0 ], [ -35.769017999680898, -9.689491000409305, 0.0 ], [ -35.769025000003694, -9.689497999832781, 0.0 ], [ -35.769025000003694, -9.689498999878879, 0.0 ], [ -35.769026000049791, -9.689498999878879, 0.0 ], [ -35.769027000095946, -9.689498999878879, 0.0 ], [ -35.769028000142043, -9.689498999878879, 0.0 ], [ -35.769028000142043, -9.689497999832781, 0.0 ], [ -35.769029000188141, -9.689496999786684, 0.0 ], [ -35.76903499956552, -9.68949299960218, 0.0 ], [ -35.769047000118917, -9.689483000040354, 0.0 ], [ -35.769262000141168, -9.689270000110355, 0.0 ], [ -35.769319000071732, -9.68921600031814, 0.0 ], [ -35.769329999679712, -9.689206999903092, 0.0 ], [ -35.769331999771907, -9.68920499981084, 0.0 ], [ -35.769332999818062, -9.689203999764743, 0.0 ], [ -35.769333999864159, -9.689203999764743, 0.0 ], [ -35.769333999864159, -9.68920499981084, 0.0 ], [ -35.769334999910257, -9.68920499981084, 0.0 ], [ -35.769335999956411, -9.689206999903092, 0.0 ], [ -35.769355999979382, -9.689225999879966, 0.0 ], [ -35.769484999632994, -9.689357999671927, 0.0 ], [ -35.769606999863129, -9.689485000132606, 0.0 ], [ -35.769735000369906, -9.689617999970665, 0.0 ], [ -35.769857999746876, -9.689751999854877, 0.0 ], [ -35.769991999631031, -9.689883999646838, 0.0 ], [ -35.770120000137865, -9.690018000430314, 0.0 ], [ -35.770245999653127, -9.690147000083925, 0.0 ], [ -35.770363999698759, -9.690266000175711, 0.0 ], [ -35.770484999882797, -9.690392999737128, 0.0 ], [ -35.770616999674758, -9.690525000428408, 0.0 ], [ -35.770744000135437, -9.690649999897516, 0.0 ], [ -35.770872999789049, -9.690775000266001, 0.0 ], [ -35.771003000388134, -9.69090499996571, 0.0 ], [ -35.77113700027229, -9.691032999573224, 0.0 ], [ -35.771270000110349, -9.691160000033904, 0.0 ], [ -35.771401999902309, -9.691285000402388, 0.0 ], [ -35.77153699983262, -9.691414000056, 0.0 ], [ -35.771681000177978, -9.69154899998631, 0.0 ], [ -35.771809999831589, -9.691669000124193, 0.0 ], [ -35.77194199962355, -9.691796999731707, 0.0 ], [ -35.772072000222579, -9.691921000054037, 0.0 ], [ -35.772198999783996, -9.692039000099726, 0.0 ], [ -35.772321000014074, -9.692157000145414, 0.0 ], [ -35.772451999759937, -9.692277000283298, 0.0 ], [ -35.772567999713374, -9.692385999913938, 0.0 ], [ -35.772724999758907, -9.692535999636618, 0.0 ], [ -35.77287100019646, -9.692671999613026, 0.0 ], [ -35.77300600012677, -9.692798000027608, 0.0 ], [ -35.773148000379877, -9.692936000096267, 0.0 ], [ -35.773287999641411, -9.693066999842131, 0.0 ], [ -35.773422999571721, -9.693195000348965, 0.0 ], [ -35.77356399977873, -9.693328000187023, 0.0 ], [ -35.77370199984739, -9.69345899993283, 0.0 ], [ -35.773827000215817, -9.693576999978518, 0.0 ], [ -35.773965000284477, -9.693706999678227, 0.0 ], [ -35.774090999799739, -9.693828999908362, 0.0 ], [ -35.774222000444922, -9.693948000000148, 0.0 ], [ -35.774353000190786, -9.69407400041473, 0.0 ], [ -35.774483999936592, -9.694197999837797, 0.0 ], [ -35.774612999590204, -9.694322000160128, 0.0 ], [ -35.774746000327582, -9.694444000390263, 0.0 ], [ -35.774881000257892, -9.694571999997777, 0.0 ], [ -35.775015000142105, -9.694697000366205, 0.0 ], [ -35.775147999980163, -9.69482700006597, 0.0 ], [ -35.77528700009492, -9.694954999673428, 0.0 ], [ -35.775420999979133, -9.695080000041912, 0.0 ], [ -35.775548000439812, -9.695205000410397, 0.0 ], [ -35.775683000370122, -9.695326999741212, 0.0 ], [ -35.775817000254335, -9.695458000386338, 0.0 ], [ -35.775953000230743, -9.69558700003995, 0.0 ], [ -35.776085000022704, -9.695712999555212, 0.0 ], [ -35.776223000091363, -9.695835999831502, 0.0 ], [ -35.776368999629597, -9.695954999923288, 0.0 ], [ -35.7765119999288, -9.696067999738375, 0.0 ], [ -35.776634000158936, -9.696165999761035, 0.0 ], [ -35.77677400031979, -9.696280999668375, 0.0 ], [ -35.776932000411421, -9.696402999898453, 0.0 ], [ -35.777056999880585, -9.696515999713597, 0.0 ], [ -35.777174999926274, -9.696664000243345, 0.0 ], [ -35.777287999741361, -9.696806999643286, 0.0 ], [ -35.777393000086818, -9.696948999896392, 0.0 ], [ -35.777504999855807, -9.697093000241694, 0.0 ], [ -35.77761300033967, -9.69723499959548, 0.0 ], [ -35.777724000062506, -9.697383000125285, 0.0 ], [ -35.777828000361865, -9.697522000240099, 0.0 ], [ -35.777940000130855, -9.697662000400953, 0.0 ], [ -35.778046999669243, -9.69780399975474, 0.0 ], [ -35.778154000106952, -9.697948000100098, 0.0 ], [ -35.77827200015264, -9.698100999961127, 0.0 ], [ -35.778381999829378, -9.698248000444835, 0.0 ], [ -35.778491000359338, -9.698388999752467, 0.0 ], [ -35.778582000059203, -9.698495000144078, 0.0 ], [ -35.7785830001053, -9.698495000144078, 0.0 ], [ -35.7785830001053, -9.698496000190232, 0.0 ], [ -35.77885600010427, -9.698610000051417, 0.0 ], [ -35.779038000403375, -9.698685999958911, 0.0 ], [ -35.779122999826541, -9.698720999774253, 0.0 ], [ -35.779129000103239, -9.698723999912602, 0.0 ], [ -35.779130000149337, -9.698723999912602, 0.0 ], [ -35.779172000287531, -9.698716999589806, 0.0 ], [ -35.779223999987551, -9.698709000120232, 0.0 ], [ -35.779273000448541, -9.698696999566835, 0.0 ], [ -35.779314999687415, -9.698687000005009, 0.0 ], [ -35.779359999963958, -9.698675000350931, 0.0 ], [ -35.779408000378851, -9.698661999751437, 0.0 ], [ -35.779501000170967, -9.698639999636214, 0.0 ], [ -35.779600000239782, -9.698615000282018, 0.0 ], [ -35.779777000308286, -9.698568999959321, 0.0 ], [ -35.779953000330636, -9.698501999567554, 0.0 ], [ -35.780128000306945, -9.698426999706214, 0.0 ], [ -35.780305000375449, -9.698350999798777, 0.0 ], [ -35.780484999682926, -9.69827299979903, 0.0 ], [ -35.78067300025873, -9.698188000375865, 0.0 ], [ -35.780753000350614, -9.698153999707301, 0.0 ], [ -35.780805000050691, -9.698131000445244, 0.0 ], [ -35.780976999888594, -9.698052000399457, 0.0 ], [ -35.781148999726497, -9.697974000399768, 0.0 ], [ -35.78120499961102, -9.697948000100098, 0.0 ], [ -35.781222000394962, -9.697939999731148, 0.0 ], [ -35.781293000071855, -9.69790499991575, 0.0 ], [ -35.781374000209894, -9.697869000054254, 0.0 ], [ -35.781487000024981, -9.697815000261983, 0.0 ], [ -35.781496000440029, -9.697783999731769, 0.0 ], [ -35.78338799955651, -9.696900000334722, 0.0 ], [ -35.784637999643905, -9.696304999875792, 0.0 ], [ -35.784643999920604, -9.696302999783541, 0.0 ], [ -35.784646000012856, -9.696301999737443, 0.0 ], [ -35.784647000058953, -9.696300999691346, 0.0 ], [ -35.784648000105051, -9.696300999691346, 0.0 ], [ -35.784652000289555, -9.696298999599094, 0.0 ], [ -35.784731000335341, -9.696273000198744, 0.0 ], [ -35.784936999942545, -9.696228999968355, 0.0 ], [ -35.785418999687067, -9.696030999830725, 0.0 ], [ -35.785624000147436, -9.69594300026921, 0.0 ], [ -35.785850999823765, -9.695847000338745, 0.0 ], [ -35.786058000376386, -9.695757999831756, 0.0 ], [ -35.786272000352483, -9.695667000131891, 0.0 ], [ -35.786473999775239, -9.695581999809406, 0.0 ], [ -35.786709999866559, -9.695479999602242, 0.0 ], [ -35.786912000188636, -9.695396000225173, 0.0 ], [ -35.78713000034918, -9.695303999579892, 0.0 ], [ -35.787603999724752, -9.695099000018786, 0.0 ], [ -35.787793000346653, -9.695017999880747, 0.0 ], [ -35.788004000184401, -9.694929000273078, 0.0 ], [ -35.788198000137527, -9.694843999950592, 0.0 ], [ -35.788418000390379, -9.694750000112379, 0.0 ], [ -35.788611000297408, -9.694664999789836, 0.0 ], [ -35.788820000042904, -9.694578000274419, 0.0 ], [ -35.789042000387951, -9.694483000390107, 0.0 ], [ -35.789254000271853, -9.69439599997537, 0.0 ], [ -35.78965800001663, -9.694202000022244, 0.0 ], [ -35.790044999876784, -9.694152999561254, 0.0 ], [ -35.79034800035987, -9.694203000068342, 0.0 ], [ -35.790441000151986, -9.694196999791643, 0.0 ], [ -35.790513999921131, -9.694204000114439, 0.0 ], [ -35.790603000428064, -9.694223000091313, 0.0 ], [ -35.790791000104548, -9.694325000298477, 0.0 ], [ -35.790973000403596, -9.694427999652419, 0.0 ], [ -35.791189999618723, -9.694553000020903, 0.0 ], [ -35.791364999595032, -9.694654000181913, 0.0 ], [ -35.791564999824857, -9.69477000013535, 0.0 ], [ -35.791754999593536, -9.694877999719893, 0.0 ], [ -35.791954999823361, -9.694992999627175, 0.0 ], [ -35.792138000168507, -9.695097999972688, 0.0 ], [ -35.79231800037536, -9.69520100022595, 0.0 ], [ -35.792503999959592, -9.695307999764339, 0.0 ], [ -35.792713999751243, -9.695427999902222, 0.0 ], [ -35.79291299993497, -9.69554599994791, 0.0 ], [ -35.793119000441493, -9.695661999901347, 0.0 ], [ -35.793321999910347, -9.695778999900881, 0.0 ], [ -35.793521000094017, -9.695890999669871, 0.0 ], [ -35.793727999747375, -9.696010999807754, 0.0 ], [ -35.793926999931045, -9.696125999715093, 0.0 ], [ -35.794135999676598, -9.696245999852977, 0.0 ], [ -35.794348999606598, -9.696367000036958, 0.0 ], [ -35.794542999559724, -9.696479999852045, 0.0 ], [ -35.794750000112344, -9.696599999989985, 0.0 ], [ -35.794958999857897, -9.696720000127868, 0.0 ], [ -35.795162000226071, -9.696835000035151, 0.0 ], [ -35.79536299960273, -9.696950999988587, 0.0 ], [ -35.795572000247546, -9.697071000126527, 0.0 ], [ -35.795779999947001, -9.697190000218313, 0.0 ], [ -35.795985999554205, -9.697310000356197, 0.0 ], [ -35.796185999784029, -9.697425000263479, 0.0 ], [ -35.796377999644903, -9.697535999986371, 0.0 ], [ -35.796435999621622, -9.69756799966342, 0.0 ], [ -35.796587000289776, -9.697656000124255, 0.0 ], [ -35.796786999620281, -9.697769999985439, 0.0 ], [ -35.796980999573407, -9.697881999754429, 0.0 ], [ -35.797175000425909, -9.697994999569516, 0.0 ], [ -35.797383000125308, -9.6981149997074, 0.0 ], [ -35.797583000355132, -9.698228000421864, 0.0 ], [ -35.797765999801015, -9.69833600000635, 0.0 ], [ -35.798080999938179, -9.698523999682777, 0.0 ], [ -35.798378000144567, -9.698696000420057, 0.0 ], [ -35.798534000143945, -9.698788000166019, 0.0 ], [ -35.798692000235576, -9.698879999912037, 0.0 ], [ -35.798855999704585, -9.698974999796349, 0.0 ], [ -35.799028000441808, -9.699075999957358, 0.0 ], [ -35.799324999748876, -9.699247999795318, 0.0 ], [ -35.799494000347806, -9.699345999817979, 0.0 ], [ -35.799627000185865, -9.699423999817668, 0.0 ], [ -35.799777999954699, -9.699511000232405, 0.0 ], [ -35.799932999907981, -9.699601999932327, 0.0 ], [ -35.800067999838291, -9.699679999932016, 0.0 ], [ -35.800207999999145, -9.699761000070055, 0.0 ], [ -35.800347000113902, -9.699842000208093, 0.0 ], [ -35.800483000090367, -9.699920000207783, 0.0 ], [ -35.800622000205124, -9.700001000345821, 0.0 ], [ -35.80076399955891, -9.700083999676792, 0.0 ], [ -35.80091400018091, -9.700170000045432, 0.0 ], [ -35.801056000434016, -9.700253000275723, 0.0 ], [ -35.801206000156753, -9.700339999791083, 0.0 ], [ -35.801346000317608, -9.700420999929179, 0.0 ], [ -35.801501000270889, -9.700510999582946, 0.0 ], [ -35.80165600022417, -9.700601000135975, 0.0 ], [ -35.801814000315801, -9.700693999928092, 0.0 ], [ -35.80197799978481, -9.700787999766305, 0.0 ], [ -35.802136999922539, -9.700879000365546, 0.0 ], [ -35.802302000337022, -9.700974000249857, 0.0 ], [ -35.802456000244149, -9.701064999949722, 0.0 ], [ -35.802616000428031, -9.701157999741838, 0.0 ], [ -35.80294400026537, -9.701349999602769, 0.0 ], [ -35.803116000103273, -9.701446999579332, 0.0 ], [ -35.803291000079525, -9.701549999832594, 0.0 ], [ -35.803396000425039, -9.701618000270457, 0.0 ], [ -35.803637999893738, -9.701750000062418, 0.0 ], [ -35.803823000331136, -9.701859999739156, 0.0 ], [ -35.803993000076844, -9.70195100033834, 0.0 ], [ -35.804149000076222, -9.702042000038205, 0.0 ], [ -35.804309000260105, -9.702131999691971, 0.0 ], [ -35.804467000351735, -9.702223000291156, 0.0 ], [ -35.804628999728493, -9.702319000221621, 0.0 ], [ -35.804792000050725, -9.702415000152087, 0.0 ], [ -35.804960999750278, -9.70251200012865, 0.0 ], [ -35.80512400007251, -9.702605999966863, 0.0 ], [ -35.805284000256336, -9.702697999712882, 0.0 ], [ -35.8054489997715, -9.702792999597193, 0.0 ], [ -35.805607999909228, -9.702885000242532, 0.0 ], [ -35.805775999562684, -9.702974999896298, 0.0 ], [ -35.80592900032309, -9.70306999978061, 0.0 ], [ -35.806085000322469, -9.703160000333696, 0.0 ], [ -35.806243999560877, -9.703252000079715, 0.0 ], [ -35.80640099960641, -9.703342999779579, 0.0 ], [ -35.806553000320662, -9.703431000240414, 0.0 ], [ -35.806713999651322, -9.703522999986433, 0.0 ], [ -35.80687299978905, -9.703615999778492, 0.0 ], [ -35.807031999926835, -9.703707000377733, 0.0 ], [ -35.807187999926214, -9.703795999985346, 0.0 ], [ -35.807348000110096, -9.703886999685267, 0.0 ], [ -35.807506000201727, -9.703979000330548, 0.0 ], [ -35.807656999970504, -9.704062999707617, 0.0 ], [ -35.807743000339144, -9.704099999615266, 0.0 ], [ -35.80782799976231, -9.704137000422179, 0.0 ], [ -35.807918000315397, -9.704173000283674, 0.0 ], [ -35.808010000061415, -9.704198999684024, 0.0 ], [ -35.80810900013023, -9.704218999707052, 0.0 ], [ -35.808196999691745, -9.704236999637772, 0.0 ], [ -35.808392999737123, -9.704245000006722, 0.0 ], [ -35.808486999575337, -9.704235999591674, 0.0 ], [ -35.80858100031287, -9.704221999845345, 0.0 ], [ -35.808672000012734, -9.704196000444995, 0.0 ], [ -35.808755000243025, -9.704162999822529, 0.0 ], [ -35.808837000427161, -9.704122999776587, 0.0 ], [ -35.808909000150209, -9.704082999730588, 0.0 ], [ -35.808979999827102, -9.704041999638548, 0.0 ], [ -35.809103000103335, -9.703924999638957, 0.0 ], [ -35.809216999964519, -9.703781000192976, 0.0 ], [ -35.809329999779607, -9.703634999755366, 0.0 ], [ -35.809453000055839, -9.703476999663735, 0.0 ], [ -35.809553000170752, -9.703348000010124, 0.0 ], [ -35.809785000077625, -9.70304400038026, 0.0 ], [ -35.80989199961607, -9.702900000034901, 0.0 ], [ -35.809994999869332, -9.702761999966299, 0.0 ], [ -35.810108999730517, -9.702610000151367, 0.0 ], [ -35.810220000352672, -9.702462999667659, 0.0 ], [ -35.810322999706614, -9.702320000267775, 0.0 ], [ -35.810435000374923, -9.702167000406689, 0.0 ], [ -35.810546000097759, -9.702015999738535, 0.0 ], [ -35.810656999820651, -9.701867000061952, 0.0 ], [ -35.810766000350611, -9.701722999716594, 0.0 ], [ -35.810876000027349, -9.701575000086166, 0.0 ], [ -35.811104999795873, -9.701259999949002, 0.0 ], [ -35.811213000279679, -9.701113000364614, 0.0 ], [ -35.811326000094766, -9.700958999558111, 0.0 ], [ -35.811433999679309, -9.700807999789333, 0.0 ], [ -35.811537999978668, -9.700666000435547, 0.0 ], [ -35.811652999886007, -9.70051599981349, 0.0 ], [ -35.811763999608843, -9.700369000229159, 0.0 ], [ -35.811866999862104, -9.700225999929899, 0.0 ], [ -35.811976000392065, -9.700076000207218, 0.0 ], [ -35.8120870001149, -9.699925999585162, 0.0 ], [ -35.81219899988389, -9.699776999908579, 0.0 ], [ -35.812309999606725, -9.699627000185842, 0.0 ], [ -35.812426999606316, -9.699467000002016, 0.0 ], [ -35.812535000090122, -9.699320000417629, 0.0 ], [ -35.812648999951364, -9.699164999565028, 0.0 ], [ -35.812756000389072, -9.699022000165144, 0.0 ], [ -35.81286600006581, -9.698871000396309, 0.0 ], [ -35.812976999788646, -9.698718999682058, 0.0 ], [ -35.813089999603733, -9.698570000005475, 0.0 ], [ -35.813200000179847, -9.698420000282738, 0.0 ], [ -35.813305999672082, -9.698271999752933, 0.0 ], [ -35.813420999579421, -9.698117999845749, 0.0 ], [ -35.813529000063284, -9.697971000261418, 0.0 ], [ -35.813629000178196, -9.697833000192759, 0.0 ], [ -35.81374600017773, -9.697667999778332, 0.0 ], [ -35.81384700033874, -9.697522000240099, 0.0 ], [ -35.81394799960043, -9.697368000332915, 0.0 ], [ -35.813986999600331, -9.697283000010373, 0.0 ], [ -35.814002000292021, -9.697237999733829, 0.0 ], [ -35.814024999554022, -9.697188000126062, 0.0 ], [ -35.814111999968759, -9.697062999757577, 0.0 ], [ -35.814525000128583, -9.696395000428879, 0.0 ], [ -35.814570999551961, -9.696313000244743, 0.0 ], [ -35.814664000243397, -9.696155000153112, 0.0 ], [ -35.814757000035456, -9.695997000061482, 0.0 ], [ -35.814788999712505, -9.695945000361405, 0.0 ], [ -35.814822000335027, -9.695886000338589, 0.0 ], [ -35.814851999919824, -9.695834999785347, 0.0 ], [ -35.814943999665786, -9.695677999739871, 0.0 ], [ -35.815037000357222, -9.695520999694338, 0.0 ], [ -35.81507200017262, -9.695457000340241, 0.0 ], [ -35.815125999964891, -9.69536199955661, 0.0 ], [ -35.815216999664756, -9.695200000179796, 0.0 ], [ -35.815305000125591, -9.695043000134319, 0.0 ], [ -35.815395999825512, -9.694874999581543, 0.0 ], [ -35.815412999710134, -9.694838999719991, 0.0 ], [ -35.81542800040188, -9.694819999743174, 0.0 ], [ -35.815459000032774, -9.694817999650923, 0.0 ], [ -35.815487999571474, -9.694829000158165, 0.0 ], [ -35.815628999778482, -9.69489399955836, 0.0 ], [ -35.815640000285725, -9.694887000134884, 0.0 ], [ -35.815661000354851, -9.694866000065815, 0.0 ], [ -35.815706999778172, -9.694787000019971, 0.0 ], [ -35.81579900042351, -9.694628999928341, 0.0 ], [ -35.815884999892774, -9.69448200034401, 0.0 ], [ -35.815994999569511, -9.694293999768206, 0.0 ], [ -35.816078999845899, -9.694150000322225, 0.0 ], [ -35.816187000329762, -9.693963999838672, 0.0 ], [ -35.816271999752928, -9.693818000300439, 0.0 ], [ -35.816338000098597, -9.693707999724381, 0.0 ], [ -35.816365000444364, -9.693660000208808, 0.0 ], [ -35.816430999890713, -9.693497999932731, 0.0 ], [ -35.816461000374829, -9.693418999886887, 0.0 ], [ -35.81649200000578, -9.693325000048674, 0.0 ], [ -35.816517000259296, -9.693235000394907, 0.0 ], [ -35.816532000051723, -9.693141999703471, 0.0 ], [ -35.816542999659646, -9.693081999634501, 0.0 ], [ -35.816534000143974, -9.693020000372655, 0.0 ], [ -35.816468999844403, -9.692685000212521, 0.0 ], [ -35.81644999986753, -9.692590000328209, 0.0 ], [ -35.816442000397956, -9.692546000097764, 0.0 ], [ -35.816425999660112, -9.692508000144016, 0.0 ], [ -35.81637500000619, -9.692409000075259, 0.0 ], [ -35.816287999591452, -9.692242999614678, 0.0 ], [ -35.816267999568481, -9.692204999660987, 0.0 ], [ -35.816245000306481, -9.692162000375959, 0.0 ], [ -35.816203000168287, -9.69208100023792, 0.0 ], [ -35.816151999615045, -9.692004000284328, 0.0 ], [ -35.816041999938307, -9.691865000169571, 0.0 ], [ -35.81591799961592, -9.691728000147066, 0.0 ], [ -35.815885999938928, -9.691695000423863, 0.0 ], [ -35.815868000008152, -9.691656000424018, 0.0 ], [ -35.815862999777551, -9.691612000193629, 0.0 ], [ -35.815864999869802, -9.691331999871863, 0.0 ], [ -35.8158659999159, -9.691124000172408, 0.0 ], [ -35.815844999846831, -9.690895000403884, 0.0 ], [ -35.815826999916055, -9.690717000289283, 0.0 ], [ -35.815796000285161, -9.690524000382254, 0.0 ], [ -35.815818000400327, -9.690339999990954, 0.0 ], [ -35.815841999708482, -9.69016299992245, 0.0 ], [ -35.815871000146501, -9.689982999715596, 0.0 ], [ -35.815991000284384, -9.689843999600839, 0.0 ], [ -35.816122000030248, -9.689712999855033, 0.0 ], [ -35.816260000098907, -9.689580000016917, 0.0 ], [ -35.816346999614325, -9.689496999786684, 0.0 ], [ -35.816378000144539, -9.68944400004051, 0.0 ], [ -35.816373999960092, -9.689427000155888, 0.0 ], [ -35.81634899970652, -9.689393000386588, 0.0 ], [ -35.816242000168131, -9.68930599997185, 0.0 ], [ -35.816096999776676, -9.689191000064568, 0.0 ], [ -35.815953000330637, -9.689076000157229, 0.0 ], [ -35.815813000169783, -9.688958000111597, 0.0 ], [ -35.815660000308696, -9.688837999973657, 0.0 ], [ -35.815512999825046, -9.688722000020221, 0.0 ], [ -35.815209000195182, -9.688477999560007, 0.0 ], [ -35.815061999711475, -9.688360999560416, 0.0 ], [ -35.814941999573591, -9.688264999630007, 0.0 ], [ -35.814808999735533, -9.688158000091562, 0.0 ], [ -35.814690999689844, -9.688065000299503, 0.0 ], [ -35.814562000036233, -9.68796500018459, 0.0 ], [ -35.814430000244272, -9.687862999977426, 0.0 ], [ -35.814302999783592, -9.687760999770262, 0.0 ], [ -35.814175000176078, -9.687662999747602, 0.0 ], [ -35.814086999715244, -9.687592000070708, 0.0 ], [ -35.814049999807594, -9.687561999586592, 0.0 ], [ -35.814001000245923, -9.68752299958669, 0.0 ], [ -35.813975999992351, -9.687488999817447, 0.0 ], [ -35.813973999900156, -9.687466999702224, 0.0 ], [ -35.813986999600331, -9.687433999979078, 0.0 ], [ -35.814009999761652, -9.687401000255932, 0.0 ], [ -35.81404499957705, -9.687369999725661, 0.0 ], [ -35.814187999876253, -9.687254999818322, 0.0 ], [ -35.814329000083262, -9.687142000003234, 0.0 ], [ -35.814469000244117, -9.687031000280399, 0.0 ], [ -35.814610999597903, -9.68691600037306, 0.0 ], [ -35.814747999620465, -9.686804999750905, 0.0 ], [ -35.814942999619689, -9.68665399998207, 0.0 ], [ -35.814948999896387, -9.686646999659274, 0.0 ], [ -35.814949999942485, -9.68664599961312, 0.0 ], [ -35.814952000034737, -9.686644999567022, 0.0 ], [ -35.814958000311435, -9.686638000143546, 0.0 ], [ -35.815149000126212, -9.68646999959077, 0.0 ], [ -35.815158999688038, -9.686445000236517, 0.0 ], [ -35.815150000172309, -9.686419999982945, 0.0 ], [ -35.815118999642095, -9.686380999983101, 0.0 ], [ -35.814975000196057, -9.686245000006693, 0.0 ], [ -35.814883999596873, -9.686131000145508, 0.0 ], [ -35.814763000312155, -9.685983999661801, 0.0 ], [ -35.814653999782195, -9.68585199986984, 0.0 ], [ -35.814552999621185, -9.685727000400675, 0.0 ], [ -35.814431000290369, -9.685576999778675, 0.0 ], [ -35.81432699999101, -9.685453000355608, 0.0 ], [ -35.814208999945322, -9.685306999918055, 0.0 ], [ -35.814089999853593, -9.685160000333724, 0.0 ], [ -35.814063000407089, -9.685134000034054, 0.0 ], [ -35.814045999623147, -9.685119000241627, 0.0 ], [ -35.814018000130545, -9.685114000011026, 0.0 ], [ -35.813952999831031, -9.685177000218346, 0.0 ], [ -35.813829999554798, -9.685306999918055, 0.0 ], [ -35.813704000039536, -9.685432000286539, 0.0 ], [ -35.813567000016974, -9.685571000401296, 0.0 ], [ -35.813384999717925, -9.685760000123878, 0.0 ], [ -35.813318000225479, -9.685827999662422, 0.0 ], [ -35.813190999764799, -9.685958000261451, 0.0 ], [ -35.813060000018936, -9.686094000237858, 0.0 ], [ -35.813012999650198, -9.686130000099354, 0.0 ], [ -35.812987000249791, -9.68609899956914, 0.0 ], [ -35.812966000180722, -9.686080999638364, 0.0 ], [ -35.812835999581694, -9.685956000169199, 0.0 ], [ -35.812703999789733, -9.685827999662422, 0.0 ], [ -35.812437000067462, -9.685572999594228, 0.0 ], [ -35.812304000229403, -9.685446000032812, 0.0 ], [ -35.81217299958422, -9.68531999961823, 0.0 ], [ -35.812032000276531, -9.685185999734074, 0.0 ], [ -35.811993000276686, -9.685151999964773, 0.0 ], [ -35.811978999631094, -9.685119000241627, 0.0 ], [ -35.81198900009224, -9.685083000380132, 0.0 ], [ -35.81212400002255, -9.684942000173123, 0.0 ], [ -35.812251999630064, -9.684811999574094, 0.0 ], [ -35.812382000229093, -9.684679999782134, 0.0 ], [ -35.812515000067151, -9.684541999713474, 0.0 ], [ -35.812638000343384, -9.684416000198212, 0.0 ], [ -35.81278299983552, -9.684270999806756, 0.0 ], [ -35.81291499962748, -9.684130999645845, 0.0 ], [ -35.813039999995965, -9.684000999946136, 0.0 ], [ -35.813092999742082, -9.68393399955437, 0.0 ], [ -35.813089999603733, -9.683907000107922, 0.0 ], [ -35.813081000088062, -9.683887000084951, 0.0 ], [ -35.813010000411168, -9.683800999716311, 0.0 ], [ -35.812902999973403, -9.68366899992435, 0.0 ], [ -35.81277999969717, -9.68352200034002, 0.0 ], [ -35.812664999789888, -9.683380000086913, 0.0 ], [ -35.812545999698102, -9.683237999833807, 0.0 ], [ -35.812422000275035, -9.683087000064972, 0.0 ], [ -35.81231099965288, -9.68295000004241, 0.0 ], [ -35.812199999929987, -9.682813000019905, 0.0 ], [ -35.812091000299404, -9.682678000089595, 0.0 ], [ -35.811975000345967, -9.682536999882586, 0.0 ], [ -35.811854000161929, -9.682390000298255, 0.0 ], [ -35.811823999677813, -9.682340999837209, 0.0 ], [ -35.811810999977638, -9.682297999652917, 0.0 ], [ -35.811810999977638, -9.682262999837519, 0.0 ], [ -35.811812000023735, -9.682254000321791, 0.0 ], [ -35.811832000046707, -9.682211000137499, 0.0 ], [ -35.811936000346122, -9.682048999861422, 0.0 ], [ -35.812031000230434, -9.681901000230937, 0.0 ], [ -35.812134999630473, -9.681736999862608, 0.0 ], [ -35.812236999837637, -9.68157499958653, 0.0 ], [ -35.812327000390724, -9.681432000186589, 0.0 ], [ -35.812418000090588, -9.681289999933483, 0.0 ], [ -35.812528999813424, -9.681116000003328, 0.0 ], [ -35.812632000066685, -9.680953999727251, 0.0 ], [ -35.812733000227752, -9.680794999589523, 0.0 ], [ -35.812834000388762, -9.680637000397212, 0.0 ], [ -35.812931000365325, -9.68048499968296, 0.0 ], [ -35.813047000318761, -9.680304000329329, 0.0 ], [ -35.813280000271732, -9.679935000399894, 0.0 ], [ -35.813384999717925, -9.679773000123816, 0.0 ], [ -35.81348699992509, -9.679618000170535, 0.0 ], [ -35.813587000040002, -9.679459000032807, 0.0 ], [ -35.813691000339361, -9.679292999572226, 0.0 ], [ -35.813787000269826, -9.679144999941741, 0.0 ], [ -35.813884000246389, -9.678993000126809, 0.0 ], [ -35.813985000407399, -9.678835000035178, 0.0 ], [ -35.814088999807439, -9.678670999666849, 0.0 ], [ -35.814194000152952, -9.678512999575219, 0.0 ], [ -35.814298999599089, -9.678344999921762, 0.0 ], [ -35.814399999760155, -9.678185999784034, 0.0 ], [ -35.814500999921165, -9.678025999600152, 0.0 ], [ -35.814598999943826, -9.67787399978522, 0.0 ], [ -35.814644000220369, -9.677806000246676, 0.0 ], [ -35.814706000381591, -9.677708000223959, 0.0 ], [ -35.814813999966077, -9.677537000432153, 0.0 ], [ -35.814917000219339, -9.677374000109978, 0.0 ], [ -35.815035000265027, -9.677191999810873, 0.0 ], [ -35.815141999803416, -9.677027000295766, 0.0 ], [ -35.815247000148872, -9.676859999789087, 0.0 ], [ -35.815352999641163, -9.676697000366232, 0.0 ], [ -35.815450999663881, -9.676542999559729, 0.0 ], [ -35.815553999917142, -9.676380000136874, 0.0 ], [ -35.815664999639978, -9.676206000206719, 0.0 ], [ -35.81576499975489, -9.676049000161186, 0.0 ], [ -35.815886999985025, -9.67585500020806, 0.0 ], [ -35.815997999707861, -9.675679000185653, 0.0 ], [ -35.816098999868927, -9.675523000186274, 0.0 ], [ -35.816206000306636, -9.675354999633498, 0.0 ], [ -35.816302000237101, -9.675204999910761, 0.0 ], [ -35.816397000121412, -9.675055000188081, 0.0 ], [ -35.816498000282422, -9.67489700009645, 0.0 ], [ -35.816598000397335, -9.674741000097015, 0.0 ], [ -35.816697999612927, -9.674586000143734, 0.0 ], [ -35.816786000073819, -9.674448000075074, 0.0 ], [ -35.816892999612207, -9.674283999706802, 0.0 ], [ -35.817028000441837, -9.674159000237637, 0.0 ], [ -35.817169999795624, -9.674045000376395, 0.0 ], [ -35.817320000417624, -9.673925000238512, 0.0 ], [ -35.817463999863662, -9.673809000285075, 0.0 ], [ -35.817624000047545, -9.673680999778298, 0.0 ], [ -35.817753999747254, -9.673578000424357, 0.0 ], [ -35.817897000046457, -9.673462999617698, 0.0 ], [ -35.818048999861389, -9.673341000286882, 0.0 ], [ -35.818198999584126, -9.673216999964552, 0.0 ], [ -35.818288000091115, -9.673145000241504, 0.0 ], [ -35.818342999929484, -9.67310300010331, 0.0 ], [ -35.818489000367038, -9.672987000149874, 0.0 ], [ -35.818653999882144, -9.672852000219564, 0.0 ], [ -35.818779000250629, -9.672750000012456, 0.0 ], [ -35.818919000411483, -9.672637000197369, 0.0 ], [ -35.81901999967323, -9.672557000105428, 0.0 ], [ -35.81906099976527, -9.67252200029003, 0.0 ], [ -35.819201999972279, -9.672408999575623, 0.0 ], [ -35.819349999602764, -9.672290000383157, 0.0 ], [ -35.819493999948122, -9.672175999622652, 0.0 ], [ -35.819630999970627, -9.672066999992012, 0.0 ], [ -35.819746999924064, -9.671971000061546, 0.0 ], [ -35.819776000362083, -9.671948999946324, 0.0 ], [ -35.819925000038666, -9.671827999762343, 0.0 ], [ -35.820061000015073, -9.6717200001778, 0.0 ], [ -35.82011299971515, -9.67167900008576, 0.0 ], [ -35.820206000406529, -9.671602000132168, 0.0 ], [ -35.820358000221518, -9.671479999902033, 0.0 ], [ -35.820498000382372, -9.671369000179141, 0.0 ], [ -35.820663999943577, -9.671234000248887, 0.0 ], [ -35.820788000265964, -9.671133000087821, 0.0 ], [ -35.82091900001177, -9.671025999650112, 0.0 ], [ -35.820972999804042, -9.670981000272889, 0.0 ], [ -35.820973999850196, -9.670980000226791, 0.0 ], [ -35.820974999896293, -9.670980000226791, 0.0 ], [ -35.821026000449535, -9.6709370000425, 0.0 ], [ -35.821111999918799, -9.670879000065781, 0.0 ], [ -35.821241999618564, -9.670771999628016, 0.0 ], [ -35.821403999894642, -9.67064099988221, 0.0 ], [ -35.82154800024, -9.670523999882619, 0.0 ], [ -35.821690999639884, -9.670411000067531, 0.0 ], [ -35.821864000423261, -9.670267999768328, 0.0 ], [ -35.822000000399669, -9.670162000276036, 0.0 ], [ -35.822146999984, -9.670047000368697, 0.0 ], [ -35.822307000167882, -9.669915999723571, 0.0 ], [ -35.822448000374891, -9.669801999862329, 0.0 ], [ -35.822602000282018, -9.669679999632251, 0.0 ], [ -35.822677465092909, -9.669618406863947, 0.0 ] ] ] } },
{ "type": "Feature", "properties": { "OBJECTID": 6.0, "Shape_Leng": 0.014047416262700001, "DISTRIBUID": "ALGÁS", "TIPO": "Servidao_administrativa", "CLASSE": "Gasoduto_de_distribuicao", "FONTE": "Ministerio_da_infraestrutura", "LARGURA": 20.0, "Shape_Le_1": 0.014047416262711001 }, "geometry": { "type": "MultiLineString", "coordinates": [ [ [ -35.765043636554537, -9.685635268652675, 0.0 ], [ -35.764972000157627, -9.685639999985938, 0.0 ], [ -35.764909999996462, -9.685639999985938, 0.0 ], [ -35.764782000388948, -9.685515999663608, 0.0 ], [ -35.764516999859609, -9.685062000311007, 0.0 ], [ -35.764489000367007, -9.685029999734638, 0.0 ], [ -35.764146999884076, -9.684666000035804, 0.0 ], [ -35.7637769999086, -9.684267999668407, 0.0 ], [ -35.763397000371242, -9.683877999669903, 0.0 ], [ -35.763068999634584, -9.683564999624991, 0.0 ], [ -35.762736999612798, -9.683254999718429, 0.0 ], [ -35.762577000328235, -9.683123999972565, 0.0 ], [ -35.762376000052313, -9.682939999581265, 0.0 ], [ -35.761975999592664, -9.68250700029779, 0.0 ], [ -35.761124999918763, -9.681760000023928, 0.0 ], [ -35.760476999713717, -9.681261000394784, 0.0 ], [ -35.760006999623272, -9.680904000119483, 0.0 ], [ -35.759604999970747, -9.680593000166766, 0.0 ], [ -35.759361999556575, -9.680404999591019, 0.0 ], [ -35.75933400006403, -9.680380000236767, 0.0 ], [ -35.759316000133254, -9.680365000444397, 0.0 ], [ -35.759290999879681, -9.680345000421369, 0.0 ], [ -35.759271999902808, -9.680329999729679, 0.0 ], [ -35.75927099985671, -9.680329999729679, 0.0 ], [ -35.759271258861475, -9.680327057147906, 0.0 ], [ -35.759275356172679, -9.680322160339358, 0.0 ], [ -35.759276115200521, -9.68032023938747, 0.0 ], [ -35.759277000133409, -9.680317000029504, 0.0 ], [ -35.759277000133409, -9.680311999798903, 0.0 ], [ -35.759277000133409, -9.680302000237077, 0.0 ], [ -35.759281000317856, -9.680282000214106, 0.0 ], [ -35.759526999971001, -9.679539000124691, 0.0 ], [ -35.759663999993563, -9.679078999596129, 0.0 ], [ -35.759830999600922, -9.678515999713568, 0.0 ], [ -35.759946000407524, -9.678125999715064, 0.0 ], [ -35.760036000061291, -9.6778220000852, 0.0 ], [ -35.763347999910252, -9.676673000158758, 0.0 ] ] ] } },
{ "type": "Feature", "properties": { "OBJECTID": 7.0, "Shape_Leng": 0.0059247055928600004, "DISTRIBUID": "ALGÁS", "TIPO": "Servidao_administrativa", "CLASSE": "Gasoduto_de_distribuicao", "FONTE": "Ministerio_da_infraestrutura", "LARGURA": 20.0, "Shape_Le_1": 0.0059247055928560001 }, "geometry": { "type": "MultiLineString", "coordinates": [ [ [ -35.765110524531053, -9.685566596421268, 0.0 ], [ -35.765247000248792, -9.685285999848986, 0.0 ], [ -35.765881999854344, -9.684576000382037, 0.0 ], [ -35.766510000036419, -9.684169999645746, 0.0 ], [ -35.767119000241621, -9.683754000246893, 0.0 ], [ -35.767441999848359, -9.683419000086758, 0.0 ], [ -35.767400999756262, -9.683263000087322, 0.0 ], [ -35.767889999823581, -9.682729999789615, 0.0 ], [ -35.767552000424416, -9.682469000344042, 0.0 ], [ -35.767611000447289, -9.682399999860081, 0.0 ], [ -35.766772999574243, -9.681397000371248, 0.0 ] ] ] } },
{ "type": "Feature", "properties": { "OBJECTID": 8.0, "Shape_Leng": 0.0127688061585, "DISTRIBUID": "ALGÁS", "TIPO": "Servidao_administrativa", "CLASSE": "Gasoduto_de_distribuicao", "FONTE": "Ministerio_da_infraestrutura", "LARGURA": 20.0, "Shape_Le_1": 0.012768806158515 }, "geometry": { "type": "MultiLineString", "coordinates": [ [ [ -35.82837600035208, -9.683428999648584, 0.0 ], [ -35.828295000214041, -9.683343000179264, 0.0 ], [ -35.828296000260138, -9.683342000133166, 0.0 ], [ -35.828361999706487, -9.683281000018098, 0.0 ], [ -35.828599999890059, -9.683042999834527, 0.0 ], [ -35.828998000257457, -9.682646999559324, 0.0 ], [ -35.829242999864505, -9.682397999767829, 0.0 ], [ -35.829637000047455, -9.682003999584879, 0.0 ], [ -35.830027000045959, -9.681630000324219, 0.0 ], [ -35.830287000344754, -9.681359999564279, 0.0 ], [ -35.830549999882521, -9.681102000257056, 0.0 ], [ -35.83066799992821, -9.680985000257522, 0.0 ], [ -35.830933999604383, -9.680716000442999, 0.0 ], [ -35.831167999603451, -9.680476000167232, 0.0 ], [ -35.83143300013279, -9.68021499982234, 0.0 ], [ -35.831760999970129, -9.679889000077253, 0.0 ], [ -35.831964000338303, -9.679682000423952, 0.0 ], [ -35.832347000014011, -9.679301999987274, 0.0 ], [ -35.83258600024368, -9.679066999942052, 0.0 ], [ -35.832768999689563, -9.678884999642946, 0.0 ], [ -35.832972000057737, -9.678676999943548, 0.0 ], [ -35.833232000356475, -9.678421999875354, 0.0 ], [ -35.833361000010086, -9.67829400026784, 0.0 ], [ -35.833617000124434, -9.678039000199647, 0.0 ], [ -35.833873000238725, -9.677784000131453, 0.0 ], [ -35.834128000306919, -9.677530000109357, 0.0 ], [ -35.834387999706394, -9.677272999948968, 0.0 ], [ -35.834643999820685, -9.67701699983462, 0.0 ], [ -35.834899999935033, -9.676760999720329, 0.0 ], [ -35.835157000095421, -9.676504999605982, 0.0 ], [ -35.835417000394216, -9.676250999583942, 0.0 ], [ -35.835678999885886, -9.676001999792391, 0.0 ], [ -35.835929999769633, -9.675754000046993, 0.0 ], [ -35.836197000391223, -9.675491999656003, 0.0 ], [ -35.836710999812738, -9.674982000418936, 0.0 ], [ -35.836838000273474, -9.674853999912102, 0.0 ], [ -35.836973000203727, -9.674729000442994, 0.0 ], [ -35.8370320002266, -9.674664000143423, 0.0 ], [ -35.8370320002266, -9.674663000097325, 0.0 ], [ -35.836881999604543, -9.674507000097947, 0.0 ], [ -35.83679600013528, -9.674427000006006, 0.0 ] ] ] } },
{ "type": "Feature", "properties": { "OBJECTID": 9.0, "Shape_Leng": 0.00052583667579199995, "DISTRIBUID": "ALGÁS", "TIPO": "Servidao_administrativa", "CLASSE": "Gasoduto_de_distribuicao", "FONTE": "Ministerio_da_infraestrutura", "LARGURA": 20.0, "Shape_Le_1": 0.00052583667579199995 }, "geometry": { "type": "MultiLineString", "coordinates": [ [ [ -35.766772999574243, -9.681397000371248, 0.0 ], [ -35.766362000405934, -9.68172500020853, 0.0 ] ] ] } },
{ "type": "Feature", "properties": { "OBJECTID": 10.0, "Shape_Leng": 0.0059093553426299997, "DISTRIBUID": "ALGÁS", "TIPO": "Servidao_administrativa", "CLASSE": "Gasoduto_de_distribuicao", "FONTE": "Ministerio_da_infraestrutura", "LARGURA": 20.0, "Shape_Le_1": 0.0059093553426260003 }, "geometry": { "type": "MultiLineString", "coordinates": [ [ [ -35.763347999910252, -9.676673000158758, 0.0 ], [ -35.763492000255553, -9.676950000342174, 0.0 ], [ -35.763763000162271, -9.677432000086696, 0.0 ], [ -35.763948999746503, -9.677688000200988, 0.0 ], [ -35.764526000274657, -9.678339999691161, 0.0 ], [ -35.765344000225411, -9.679063999803702, 0.0 ], [ -35.765510999832713, -9.679223999987585, 0.0 ], [ -35.76578800001613, -9.679554999963216, 0.0 ], [ -35.765862999877527, -9.679703999639798, 0.0 ], [ -35.766050000407176, -9.680065000099603, 0.0 ], [ -35.766157999991663, -9.680312999845, 0.0 ], [ -35.766244000360302, -9.680547999890223, 0.0 ], [ -35.766416000198205, -9.680937999888727, 0.0 ], [ -35.766772999574243, -9.681397000371248, 0.0 ] ] ] } },
{ "type": "Feature", "properties": { "OBJECTID": 11.0, "Shape_Leng": 0.115715767712, "DISTRIBUID": "ALGÁS", "TIPO": "Servidao_administrativa", "CLASSE": "Gasoduto_de_distribuicao", "FONTE": "Ministerio_da_infraestrutura", "LARGURA": 20.0, "Shape_Le_1": 0.11571576771153699 }, "geometry": { "type": "MultiLineString", "coordinates": [ [ [ -35.763347999910252, -9.676673000158758, 0.0 ], [ -35.763132999888001, -9.676233999699264, 0.0 ], [ -35.763064000303302, -9.675942999769575, 0.0 ], [ -35.763085000372428, -9.675560000093867, 0.0 ], [ -35.763179000210641, -9.675399999910042, 0.0 ], [ -35.763366999887069, -9.674891999865849, 0.0 ], [ -35.763379000440466, -9.674586000143734, 0.0 ], [ -35.763383999771747, -9.674451000213423, 0.0 ], [ -35.76333500021002, -9.67427900037552, 0.0 ], [ -35.763166999657244, -9.673693000331639, 0.0 ], [ -35.763164999565049, -9.673682999870493, 0.0 ], [ -35.763172999933943, -9.673659999709173, 0.0 ], [ -35.763201000325864, -9.673655000377892, 0.0 ], [ -35.763218000210486, -9.673653000285697, 0.0 ], [ -35.763225999680117, -9.673652000239599, 0.0 ], [ -35.763978000184522, -9.67366399989362, 0.0 ], [ -35.764159999584251, -9.673670000170318, 0.0 ], [ -35.764450000367162, -9.673717999685891, 0.0 ], [ -35.765123999972559, -9.673829000308046, 0.0 ], [ -35.765398000017626, -9.673438000263445, 0.0 ], [ -35.765350999648888, -9.67307999994199, 0.0 ], [ -35.765114999557568, -9.671288000041102, 0.0 ], [ -35.76499400027285, -9.670393000136812, 0.0 ], [ -35.764688999697512, -9.668547000443652, 0.0 ], [ -35.764457999836793, -9.667120000287753, 0.0 ], [ -35.764330000229279, -9.666317000129425, 0.0 ], [ -35.76419200016062, -9.665451999809875, 0.0 ], [ -35.764288000091085, -9.664776000112283, 0.0 ], [ -35.764365000044677, -9.664238999630072, 0.0 ], [ -35.764544000205376, -9.663826000369568, 0.0 ], [ -35.764743000389103, -9.663370000025452, 0.0 ], [ -35.765536000086286, -9.661544000355264, 0.0 ], [ -35.765606999763179, -9.661377999894739, 0.0 ], [ -35.765689999993469, -9.661052000149652, 0.0 ], [ -35.765868000108071, -9.660332000221558, 0.0 ], [ -35.766011999554109, -9.659753999647307, 0.0 ], [ -35.766161000130012, -9.659185000387424, 0.0 ], [ -35.766206999553333, -9.659010000411172, 0.0 ], [ -35.766186000383584, -9.658682999720611, 0.0 ], [ -35.766147000383739, -9.658096999676729, 0.0 ], [ -35.766114999807371, -9.657601000185991, 0.0 ], [ -35.766094999784343, -9.657331000325371, 0.0 ], [ -35.766007000222828, -9.657052000049703, 0.0 ], [ -35.76581100017745, -9.65643100019048, 0.0 ], [ -35.765623999647801, -9.655835999731551, 0.0 ], [ -35.765556000109257, -9.655619999663202, 0.0 ], [ -35.765446999579297, -9.655274999941241, 0.0 ], [ -35.765135999626636, -9.654885999988835, 0.0 ], [ -35.764059000322561, -9.653543000109323, 0.0 ], [ -35.762266000375575, -9.651498000232493, 0.0 ], [ -35.761332999618219, -9.650432999683119, 0.0 ], [ -35.759960000153853, -9.649317000379199, 0.0 ], [ -35.759509000040282, -9.649200000379665, 0.0 ], [ -35.758684999812829, -9.649355000332946, 0.0 ], [ -35.755896999846641, -9.649823000331139, 0.0 ], [ -35.755328999733536, -9.650050000007468, 0.0 ], [ -35.755043000034391, -9.650328000236982, 0.0 ], [ -35.75481000008142, -9.650586999590303, 0.0 ], [ -35.754438000013636, -9.65099599956568, 0.0 ], [ -35.753883999646803, -9.651566999817135, 0.0 ], [ -35.75364899960158, -9.652029999584784, 0.0 ], [ -35.753566000270666, -9.652400999606414, 0.0 ], [ -35.753376999648765, -9.653373000363615, 0.0 ], [ -35.753191000064533, -9.654196999691749, 0.0 ], [ -35.752940000180843, -9.654550999828757, 0.0 ], [ -35.752700999951117, -9.654820999689321, 0.0 ], [ -35.752529000113213, -9.65501100035732, 0.0 ], [ -35.752269999860573, -9.655346999664232, 0.0 ], [ -35.751155999749528, -9.656486000028849, 0.0 ], [ -35.750770999981626, -9.656556999705742, 0.0 ], [ -35.750510999682831, -9.656473000328674, 0.0 ], [ -35.750164999914773, -9.656359999614267, 0.0 ], [ -35.74895199973497, -9.655848000284948, 0.0 ], [ -35.748407999829283, -9.655811000377298, 0.0 ], [ -35.748079999991944, -9.655738999754988, 0.0 ], [ -35.747814000315827, -9.655678999686018, 0.0 ], [ -35.747460000178819, -9.655594000262852, 0.0 ], [ -35.746552999721132, -9.655511000032561, 0.0 ], [ -35.74602999988457, -9.65557999961726, 0.0 ], [ -35.745541999863349, -9.655642999824522, 0.0 ], [ -35.745524999978727, -9.655637999593978, 0.0 ], [ -35.743946000007838, -9.655203000218251, 0.0 ], [ -35.743944999961741, -9.655204000264348, 0.0 ], [ -35.743943999915643, -9.655204000264348, 0.0 ], [ -35.743942999869489, -9.655205000310445, 0.0 ], [ -35.743941999823392, -9.655205000310445, 0.0 ], [ -35.743940999777294, -9.655205000310445, 0.0 ], [ -35.74393999973114, -9.6552060003566, 0.0 ], [ -35.743938999685042, -9.6552060003566, 0.0 ], [ -35.743937999638945, -9.6552060003566, 0.0 ], [ -35.74393699959279, -9.6552060003566, 0.0 ], [ -35.743936000446013, -9.6552060003566, 0.0 ], [ -35.743935000399915, -9.6552060003566, 0.0 ], [ -35.743934000353818, -9.655207000402697, 0.0 ], [ -35.743933000307663, -9.655207000402697, 0.0 ], [ -35.743932000261566, -9.655207000402697, 0.0 ], [ -35.743931000215468, -9.6552060003566, 0.0 ], [ -35.743930000169314, -9.6552060003566, 0.0 ], [ -35.743929000123217, -9.6552060003566, 0.0 ], [ -35.743928000077119, -9.6552060003566, 0.0 ], [ -35.743927000030965, -9.6552060003566, 0.0 ], [ -35.743925999984867, -9.6552060003566, 0.0 ], [ -35.74392499993877, -9.655205000310445, 0.0 ], [ -35.743923999892615, -9.655205000310445, 0.0 ], [ -35.743922999846518, -9.655205000310445, 0.0 ], [ -35.743921999800421, -9.655205000310445, 0.0 ], [ -35.743920999754266, -9.655204000264348, 0.0 ], [ -35.743919999708169, -9.655204000264348, 0.0 ], [ -35.743918999662071, -9.655203000218251, 0.0 ], [ -35.743917999615974, -9.655203000218251, 0.0 ], [ -35.743916999569819, -9.655202000172096, 0.0 ], [ -35.743916000423042, -9.655202000172096, 0.0 ], [ -35.743915000376944, -9.655201000125999, 0.0 ], [ -35.743915000376944, -9.655200000079901, 0.0 ], [ -35.74391400033079, -9.655200000079901, 0.0 ], [ -35.743913000284692, -9.655199000033804, 0.0 ], [ -35.743912000238595, -9.655197999987649, 0.0 ], [ -35.74391100019244, -9.655197999987649, 0.0 ], [ -35.74391100019244, -9.655196999941552, 0.0 ], [ -35.743910000146343, -9.655195999895454, 0.0 ], [ -35.743909000100246, -9.6551949998493, 0.0 ], [ -35.743908000054091, -9.655193999803203, 0.0 ], [ -35.743908000054091, -9.655192999757105, 0.0 ], [ -35.743907000007994, -9.655191999710951, 0.0 ], [ -35.743907000007994, -9.655190999664853, 0.0 ], [ -35.743905999961896, -9.655189999618756, 0.0 ], [ -35.743905999961896, -9.655188999572601, 0.0 ], [ -35.743904999915742, -9.655188000425824, 0.0 ], [ -35.743904999915742, -9.655187000379726, 0.0 ], [ -35.743903999869644, -9.655186000333629, 0.0 ], [ -35.743903999869644, -9.655185000287474, 0.0 ], [ -35.743903999869644, -9.655184000241377, 0.0 ], [ -35.743903999869644, -9.655183000195279, 0.0 ], [ -35.743902999823547, -9.655182000149125, 0.0 ], [ -35.743902999823547, -9.655181000103028, 0.0 ], [ -35.743902999823547, -9.65518000005693, 0.0 ], [ -35.743902999823547, -9.655179000010776, 0.0 ], [ -35.743902999823547, -9.655177999964678, 0.0 ], [ -35.743902999823547, -9.655176999918581, 0.0 ], [ -35.743902999823547, -9.655175999872426, 0.0 ], [ -35.743902999823547, -9.655174999826329, 0.0 ], [ -35.743902999823547, -9.655173999780231, 0.0 ], [ -35.743902999823547, -9.655172999734077, 0.0 ], [ -35.743902999823547, -9.65517199968798, 0.0 ], [ -35.743902999823547, -9.655170999641882, 0.0 ], [ -35.743903999869644, -9.655169999595785, 0.0 ], [ -35.743903999869644, -9.65516900044895, 0.0 ], [ -35.743903999869644, -9.655168000402853, 0.0 ], [ -35.743904999915742, -9.655167000356755, 0.0 ], [ -35.743904999915742, -9.655166000310601, 0.0 ], [ -35.743904999915742, -9.655165000264503, 0.0 ], [ -35.743905999961896, -9.655164000218406, 0.0 ], [ -35.743905999961896, -9.655163000172251, 0.0 ], [ -35.743907000007994, -9.655163000172251, 0.0 ], [ -35.743907000007994, -9.655162000126154, 0.0 ], [ -35.743908000054091, -9.655161000080057, 0.0 ], [ -35.743908000054091, -9.655160000033902, 0.0 ], [ -35.743909000100246, -9.655158999987805, 0.0 ], [ -35.743910000146343, -9.655157999941707, 0.0 ], [ -35.743910000146343, -9.65515699989561, 0.0 ], [ -35.74391100019244, -9.65515699989561, 0.0 ], [ -35.743912000238595, -9.655155999849455, 0.0 ], [ -35.743913000284692, -9.655154999803358, 0.0 ], [ -35.74391400033079, -9.65515399975726, 0.0 ], [ -35.743915000376944, -9.655152999711106, 0.0 ], [ -35.743916000423042, -9.655152999711106, 0.0 ], [ -35.743916999569819, -9.655151999665009, 0.0 ], [ -35.743917999615974, -9.655151999665009, 0.0 ], [ -35.743917999615974, -9.655150999618911, 0.0 ], [ -35.743918999662071, -9.655150999618911, 0.0 ], [ -35.743919999708169, -9.655149999572757, 0.0 ], [ -35.743920999754266, -9.655149999572757, 0.0 ], [ -35.743921999800421, -9.655149000425979, 0.0 ], [ -35.743922999846518, -9.655149000425979, 0.0 ], [ -35.743923999892615, -9.655149000425979, 0.0 ], [ -35.74392499993877, -9.655148000379882, 0.0 ], [ -35.743925999984867, -9.655148000379882, 0.0 ], [ -35.743927000030965, -9.655149000425979, 0.0 ], [ -35.743928000077119, -9.655149000425979, 0.0 ], [ -35.743929000123217, -9.655149000425979, 0.0 ], [ -35.743931000215468, -9.655149000425979, 0.0 ], [ -35.743932000261566, -9.655149000425979, 0.0 ], [ -35.743933000307663, -9.655149999572757, 0.0 ], [ -35.743934000353818, -9.655149999572757, 0.0 ], [ -35.743935000399915, -9.655149999572757, 0.0 ], [ -35.743936000446013, -9.655149999572757, 0.0 ], [ -35.74393699959279, -9.655149999572757, 0.0 ], [ -35.743937999638945, -9.655149999572757, 0.0 ], [ -35.74393999973114, -9.655149999572757, 0.0 ], [ -35.743940999777294, -9.655149999572757, 0.0 ], [ -35.743941999823392, -9.655149000425979, 0.0 ], [ -35.743942999869489, -9.655149000425979, 0.0 ], [ -35.743943999915643, -9.655149000425979, 0.0 ], [ -35.743944999961741, -9.655149000425979, 0.0 ], [ -35.743946000007838, -9.655148000379882, 0.0 ], [ -35.743947000053993, -9.655148000379882, 0.0 ], [ -35.74394800010009, -9.655147000333727, 0.0 ], [ -35.743949000146188, -9.655147000333727, 0.0 ], [ -35.743950000192285, -9.655147000333727, 0.0 ], [ -35.74395100023844, -9.65514600028763, 0.0 ], [ -35.743952000284537, -9.65514600028763, 0.0 ], [ -35.743953000330634, -9.655145000241532, 0.0 ], [ -35.743954000376789, -9.655144000195378, 0.0 ], [ -35.743955000422886, -9.655144000195378, 0.0 ], [ -35.743955999569664, -9.65514300014928, 0.0 ], [ -35.743956999615818, -9.655142000103183, 0.0 ], [ -35.743957999661916, -9.655142000103183, 0.0 ], [ -35.743958999708013, -9.655141000057085, 0.0 ], [ -35.743959999754168, -9.655140000010931, 0.0 ], [ -35.743959999754168, -9.655138999964834, 0.0 ], [ -35.743960999800265, -9.655137999918736, 0.0 ], [ -35.743961999846363, -9.655137999918736, 0.0 ], [ -35.74396299989246, -9.655136999872582, 0.0 ], [ -35.74396299989246, -9.655135999826484, 0.0 ], [ -35.743963999938615, -9.655134999780387, 0.0 ], [ -35.743963999938615, -9.655133999734232, 0.0 ], [ -35.743964999984712, -9.655132999688135, 0.0 ], [ -35.743966000030809, -9.655131999642037, 0.0 ], [ -35.743966000030809, -9.655130999595883, 0.0 ], [ -35.743966000030809, -9.655130000449105, 0.0 ], [ -35.743967000076964, -9.655129000403008, 0.0 ], [ -35.743967000076964, -9.65512800035691, 0.0 ], [ -35.743968000123061, -9.655127000310756, 0.0 ], [ -35.743968000123061, -9.655126000264659, 0.0 ], [ -35.743968000123061, -9.655124000172407, 0.0 ], [ -35.743968000123061, -9.655123000126309, 0.0 ], [ -35.743969000169159, -9.655122000080212, 0.0 ], [ -35.743969000169159, -9.655121000034057, 0.0 ], [ -35.743969000169159, -9.65511999998796, 0.0 ], [ -35.743969000169159, -9.655118999941863, 0.0 ], [ -35.743969000169159, -9.655117999895708, 0.0 ], [ -35.743969000169159, -9.655116999849611, 0.0 ], [ -35.743969000169159, -9.655115999803513, 0.0 ], [ -35.743969000169159, -9.655113999711261, 0.0 ], [ -35.743969000169159, -9.655112999665164, 0.0 ], [ -35.743969000169159, -9.655111999619066, 0.0 ], [ -35.743968000123061, -9.655110999572912, 0.0 ], [ -35.743968000123061, -9.655110000426134, 0.0 ], [ -35.743968000123061, -9.655109000380037, 0.0 ], [ -35.743967000076964, -9.655108000333883, 0.0 ], [ -35.743967000076964, -9.655107000287785, 0.0 ], [ -35.743967000076964, -9.655106000241688, 0.0 ], [ -35.743966000030809, -9.655105000195533, 0.0 ], [ -35.743966000030809, -9.655104000149436, 0.0 ], [ -35.743964999984712, -9.655103000103338, 0.0 ], [ -35.743964999984712, -9.655102000057184, 0.0 ], [ -35.743963999938615, -9.655101000011086, 0.0 ], [ -35.743963999938615, -9.655099999964989, 0.0 ], [ -35.74396299989246, -9.655098999918891, 0.0 ], [ -35.743961999846363, -9.655097999872737, 0.0 ], [ -35.743961999846363, -9.65509699982664, 0.0 ], [ -35.743960999800265, -9.655095999780542, 0.0 ], [ -35.743959999754168, -9.655094999734388, 0.0 ], [ -35.743958999708013, -9.65509399968829, 0.0 ], [ -35.743957999661916, -9.655092999642193, 0.0 ], [ -35.743956999615818, -9.655091999596038, 0.0 ], [ -35.743955999569664, -9.655091999596038, 0.0 ], [ -35.743955000422886, -9.655091000449261, 0.0 ], [ -35.743954000376789, -9.655090000403163, 0.0 ], [ -35.743953000330634, -9.655090000403163, 0.0 ], [ -35.743952000284537, -9.655089000357009, 0.0 ], [ -35.74395100023844, -9.655089000357009, 0.0 ], [ -35.743950000192285, -9.655088000310911, 0.0 ], [ -35.743949000146188, -9.655088000310911, 0.0 ], [ -35.74394800010009, -9.655087000264814, 0.0 ], [ -35.743947000053993, -9.655087000264814, 0.0 ], [ -35.743946000007838, -9.655086000218716, 0.0 ], [ -35.743944999961741, -9.655086000218716, 0.0 ], [ -35.743943999915643, -9.655086000218716, 0.0 ], [ -35.743942999869489, -9.655086000218716, 0.0 ], [ -35.743941999823392, -9.655085000172562, 0.0 ], [ -35.742564000128482, -9.65461099989767, 0.0 ], [ -35.741275000041185, -9.654163999968603, 0.0 ], [ -35.741268999764486, -9.654161999876351, 0.0 ], [ -35.741263000387107, -9.654159999784099, 0.0 ], [ -35.741258000156563, -9.65415699964575, 0.0 ], [ -35.741252999925962, -9.65415400040672, 0.0 ], [ -35.741246999649263, -9.654151000268428, 0.0 ], [ -35.741242000318039, -9.654148000130078, 0.0 ], [ -35.741237000087438, -9.654144999991729, 0.0 ], [ -35.741231999856836, -9.65414199985338, 0.0 ], [ -35.74122799967239, -9.654137999668876, 0.0 ], [ -35.741223000341165, -9.654134000383749, 0.0 ], [ -35.741218000110564, -9.654130000199302, 0.0 ], [ -35.741213999926117, -9.654126000014855, 0.0 ], [ -35.74120999974167, -9.654121999830409, 0.0 ], [ -35.741205999557167, -9.654116999599808, 0.0 ], [ -35.74120200027204, -9.65411300031468, 0.0 ], [ -35.741198000087593, -9.654108000084079, 0.0 ], [ -35.741194999949244, -9.654102999853535, 0.0 ], [ -35.741190999764797, -9.654097999622934, 0.0 ], [ -35.741187999626447, -9.654093000291709, 0.0 ], [ -35.741185000387418, -9.654088000061108, 0.0 ], [ -35.741182000249069, -9.654082999830507, 0.0 ], [ -35.741179000110719, -9.654077999599963, 0.0 ], [ -35.741177000018467, -9.654072000222584, 0.0 ], [ -35.741174999926272, -9.654066999991983, 0.0 ], [ -35.741171999787923, -9.654060999715341, 0.0 ], [ -35.741169999695671, -9.65405600038406, 0.0 ], [ -35.741168999649574, -9.654050000107361, 0.0 ], [ -35.741166999557322, -9.654043999830662, 0.0 ], [ -35.741166000410544, -9.654037999553964, 0.0 ], [ -35.741165000364447, -9.654032000176642, 0.0 ], [ -35.741164000318292, -9.654025999899943, 0.0 ], [ -35.741163000272195, -9.654019999623245, 0.0 ], [ -35.741163000272195, -9.654015000291963, 0.0 ], [ -35.741162000226097, -9.654009000015265, 0.0 ], [ -35.741162000226097, -9.654002999738623, 0.0 ], [ -35.741163000272195, -9.653997000361244, 0.0 ], [ -35.741163000272195, -9.653991000084545, 0.0 ], [ -35.741163000272195, -9.653984999807847, 0.0 ], [ -35.741164000318292, -9.653979000430468, 0.0 ], [ -35.741165000364447, -9.653973000153769, 0.0 ], [ -35.741166000410544, -9.653966999877071, 0.0 ], [ -35.741167999603476, -9.653960999600429, 0.0 ], [ -35.741168999649574, -9.65395500022305, 0.0 ], [ -35.741170999741826, -9.653949999992449, 0.0 ], [ -35.741172999834021, -9.65394399971575, 0.0 ], [ -35.741355000133126, -9.653448000225012, 0.0 ], [ -35.74137099997165, -9.653405000040664, 0.0 ], [ -35.741375000156097, -9.653394000432741, 0.0 ], [ -35.741375000156097, -9.653393000386586, 0.0 ], [ -35.741376000202195, -9.653393000386586, 0.0 ], [ -35.741376000202195, -9.653392000340489, 0.0 ], [ -35.741376000202195, -9.653391000294391, 0.0 ], [ -35.741377000248292, -9.653391000294391, 0.0 ], [ -35.741377000248292, -9.653390000248294, 0.0 ], [ -35.741377000248292, -9.653389000202139, 0.0 ], [ -35.741392000040719, -9.653353000340644, 0.0 ], [ -35.741394000132971, -9.653349000156197, 0.0 ], [ -35.741394000132971, -9.653347000063945, 0.0 ], [ -35.741395000179068, -9.653347000063945, 0.0 ], [ -35.741395000179068, -9.653346000017848, 0.0 ], [ -35.741395000179068, -9.65334499997175, 0.0 ], [ -35.741396000225166, -9.653343999925596, 0.0 ], [ -35.741396000225166, -9.653342999879499, 0.0 ], [ -35.741396000225166, -9.653341999833401, 0.0 ], [ -35.74139700027132, -9.653341999833401, 0.0 ], [ -35.741408999925341, -9.653305999971849, 0.0 ], [ -35.741531000155476, -9.652964000388238, 0.0 ], [ -35.741869999600738, -9.652126000414569, 0.0 ], [ -35.741930999715805, -9.652004000184434, 0.0 ], [ -35.742296000360113, -9.651379000140707, 0.0 ], [ -35.743019999573278, -9.650229000168167, 0.0 ], [ -35.743259999849045, -9.649825000423391, 0.0 ], [ -35.743482000194092, -9.649461999871335, 0.0 ], [ -35.743662000400946, -9.649147999780325, 0.0 ], [ -35.743799000423508, -9.648912999735103, 0.0 ], [ -35.743881999754421, -9.648752000404443, 0.0 ], [ -35.74396299989246, -9.648590000128365, 0.0 ], [ -35.744081999984246, -9.648201000175959, 0.0 ], [ -35.744137999868769, -9.647753000200737, 0.0 ], [ -35.744128000306944, -9.647301000041068, 0.0 ], [ -35.744131000445293, -9.647120999834215, 0.0 ], [ -35.744117999845798, -9.646849999927497, 0.0 ], [ -35.744081999984246, -9.646645000366448, 0.0 ], [ -35.744044000030556, -9.646285999998838, 0.0 ], [ -35.74402299996143, -9.64601500009212, 0.0 ], [ -35.743985000007683, -9.645729000393032, 0.0 ], [ -35.74392499993877, -9.645268999864413, 0.0 ], [ -35.743862999777548, -9.64474099979725, 0.0 ], [ -35.743785999824013, -9.644712000258551, 0.0 ], [ -35.743654000032052, -9.644663999843658, 0.0 ], [ -35.743649999847548, -9.644662999797561, 0.0 ], [ -35.743647999755353, -9.644662999797561, 0.0 ], [ -35.743647999755353, -9.644661999751463, 0.0 ], [ -35.743647999755353, -9.644660999705309, 0.0 ], [ -35.743650999893703, -9.64463999963624, 0.0 ], [ -35.743675000101121, -9.644461000374804, 0.0 ], [ -35.743698000262441, -9.644282000214105, 0.0 ], [ -35.74376399970879, -9.643991000284416, 0.0 ], [ -35.743891000169469, -9.643528999663545, 0.0 ], [ -35.744117999845798, -9.642843000404071, 0.0 ], [ -35.744366999637293, -9.642319999668189, 0.0 ], [ -35.744796999681739, -9.641473000178792, 0.0 ], [ -35.745046000372554, -9.641051999650017, 0.0 ], [ -35.74551300032465, -9.640276999883611, 0.0 ], [ -35.746216000368065, -9.639061999611556, 0.0 ], [ -35.746527000320782, -9.638551000328334, 0.0 ], [ -35.747052000249596, -9.637590000078376, 0.0 ], [ -35.747399000063751, -9.636914000380784, 0.0 ], [ -35.747702999693615, -9.636327000290805, 0.0 ], [ -35.747925000038663, -9.635881999554613, 0.0 ], [ -35.748293999968098, -9.635056000134227, 0.0 ], [ -35.748620999759282, -9.634310999952618, 0.0 ], [ -35.748657999666932, -9.634227999722384, 0.0 ], [ -35.748984000311339, -9.63348200039394, 0.0 ], [ -35.749017000034485, -9.633398000117552, 0.0 ], [ -35.749371000171493, -9.632583000305146, 0.0 ], [ -35.749430000194309, -9.632445000236544, 0.0 ], [ -35.749708000423823, -9.631809999731672, 0.0 ], [ -35.749795999985395, -9.631483999986585, 0.0 ], [ -35.749986999800171, -9.630881000058082, 0.0 ], [ -35.750018000330385, -9.630848000334879, 0.0 ], [ -35.750074000214909, -9.630656999620783, 0.0 ], [ -35.750065999845958, -9.630613000289713, 0.0 ], [ -35.750224999983743, -9.629962999992415, 0.0 ], [ -35.750315999683608, -9.629595000109134, 0.0 ], [ -35.750407000282792, -9.629235999741525, 0.0 ], [ -35.750477999959685, -9.628974000249855, 0.0 ], [ -35.750579000120695, -9.62859799999768, 0.0 ], [ -35.750780000396674, -9.628095000184089, 0.0 ], [ -35.750916000373081, -9.627788999562654, 0.0 ], [ -35.751273999795217, -9.626987000349743, 0.0 ], [ -35.751330999725838, -9.626834999635491, 0.0 ], [ -35.7513939999331, -9.626664999889783, 0.0 ], [ -35.751486999725216, -9.62640999982159, 0.0 ], [ -35.751769000139177, -9.625743999685767, 0.0 ], [ -35.751830000254245, -9.625573999940116, 0.0 ], [ -35.75221399997605, -9.624754999943264, 0.0 ], [ -35.752260000298747, -9.624636999897575, 0.0 ], [ -35.752259000252593, -9.624635999851478, 0.0 ], [ -35.752257000160398, -9.624631999667031, 0.0 ], [ -35.75222499958403, -9.624579999966954, 0.0 ], [ -35.752120000137836, -9.624411000267401, 0.0 ], [ -35.751944000115486, -9.623897999992664, 0.0 ], [ -35.75184299995442, -9.623616999624801, 0.0 ], [ -35.751795000438904, -9.623479999602239, 0.0 ], [ -35.75174199979341, -9.623325999695055, 0.0 ], [ -35.751689000047293, -9.623152999811055, 0.0 ], [ -35.751673000208768, -9.623085000272511, 0.0 ], [ -35.751645999862944, -9.622906000111755, 0.0 ], [ -35.751667999978167, -9.622298999998804, 0.0 ], [ -35.751680999678342, -9.622109000230125, 0.0 ], [ -35.751693000231739, -9.621956000369096, 0.0 ], [ -35.751729000093235, -9.621816000208185, 0.0 ], [ -35.75176499995473, -9.621723000416068, 0.0 ], [ -35.751871000346341, -9.621524000232398, 0.0 ], [ -35.751938999884885, -9.621386000163739, 0.0 ], [ -35.752116999999487, -9.621069999980477, 0.0 ], [ -35.752174999976205, -9.620979000280613, 0.0 ], [ -35.752254000022049, -9.620846000442498, 0.0 ], [ -35.752362999652689, -9.620702000097197, 0.0 ], [ -35.752667000181873, -9.620502999913469, 0.0 ], [ -35.753334000363793, -9.620112999914966, 0.0 ], [ -35.753545000201541, -9.619941000077063, 0.0 ], [ -35.753613999786239, -9.619879999961995, 0.0 ], [ -35.753739000154667, -9.619748000170034, 0.0 ], [ -35.753749999762647, -9.619730000239258, 0.0 ], [ -35.753924999738899, -9.619465999756017, 0.0 ], [ -35.754137999668899, -9.619066000195687, 0.0 ], [ -35.754245000106607, -9.618840999712347, 0.0 ], [ -35.754575000036198, -9.617959999554273, 0.0 ], [ -35.755213999826196, -9.616711000412295, 0.0 ], [ -35.755303000333129, -9.616513000274722, 0.0 ], [ -35.755459000332564, -9.616166999607287, 0.0 ], [ -35.755469999940487, -9.616071999722976, 0.0 ], [ -35.755565999870953, -9.615790000208278, 0.0 ], [ -35.755888000330913, -9.614848999981291, 0.0 ], [ -35.756298000352388, -9.613555999709547, 0.0 ], [ -35.756294000167941, -9.613508000194031, 0.0 ], [ -35.756436000421047, -9.612798999873917, 0.0 ], [ -35.756886999635299, -9.612223000291181, 0.0 ], [ -35.757280999818249, -9.611724999808871, 0.0 ], [ -35.757379999887064, -9.611574000040036, 0.0 ], [ -35.757463000117298, -9.611412999810057, 0.0 ], [ -35.757556999955568, -9.611158999787961, 0.0 ], [ -35.75770100030087, -9.610672999858991, 0.0 ], [ -35.757821000438753, -9.610237000437166, 0.0 ], [ -35.757910000046422, -9.609748000369848, 0.0 ], [ -35.757991000184461, -9.60930399967981, 0.0 ], [ -35.7580720003225, -9.608858999842937, 0.0 ], [ -35.758150000322189, -9.608432999982938, 0.0 ], [ -35.758169000299063, -9.608307999614453, 0.0 ], [ -35.758222000045237, -9.60804199993828, 0.0 ], [ -35.75826999956081, -9.60786599991593, 0.0 ], [ -35.758399000113741, -9.607432999733078, 0.0 ], [ -35.758544999651974, -9.607013000149777, 0.0 ], [ -35.758757999581974, -9.606524000082516, 0.0 ], [ -35.758931000365351, -9.606124999668964, 0.0 ], [ -35.759090999649857, -9.605701999947314, 0.0 ], [ -35.75917299983405, -9.605484999832811, 0.0 ], [ -35.759324999648982, -9.605084000226384, 0.0 ], [ -35.759489000017311, -9.604761999766424, 0.0 ], [ -35.759769000339077, -9.604413999906114, 0.0 ], [ -35.76007600010729, -9.604020999769261, 0.0 ], [ -35.760079000245639, -9.604016000438037, 0.0 ], [ -35.760082000383989, -9.604010000161338, 0.0 ], [ -35.760083999576864, -9.604004999930737, 0.0 ], [ -35.760086999715213, -9.603999999700193, 0.0 ], [ -35.760088999807465, -9.603994000322814, 0.0 ], [ -35.76009099989966, -9.603989000092213, 0.0 ], [ -35.760092999991912, -9.603982999815514, 0.0 ], [ -35.760095000084164, -9.603977000438192, 0.0 ], [ -35.760097000176359, -9.603972000207591, 0.0 ], [ -35.760098000222513, -9.603965999930892, 0.0 ], [ -35.76009900026861, -9.603959999654194, 0.0 ], [ -35.760100000314708, -9.603954000276872, 0.0 ], [ -35.760101000360862, -9.603948000000173, 0.0 ], [ -35.760101000360862, -9.603941999723475, 0.0 ], [ -35.76010200040696, -9.603936000346096, 0.0 ], [ -35.76010200040696, -9.603930000069397, 0.0 ], [ -35.76010200040696, -9.603923999792698, 0.0 ], [ -35.76010200040696, -9.603918999562154, 0.0 ], [ -35.760101000360862, -9.603913000184775, 0.0 ], [ -35.760100000314708, -9.603906999908077, 0.0 ], [ -35.760100000314708, -9.603900999631378, 0.0 ], [ -35.760098000222513, -9.603895000253999, 0.0 ], [ -35.760097000176359, -9.603888999977301, 0.0 ], [ -35.760096000130261, -9.603882999700602, 0.0 ], [ -35.760094000038009, -9.603878000369377, 0.0 ], [ -35.760091999945814, -9.603872000092679, 0.0 ], [ -35.760089999853562, -9.60386599981598, 0.0 ], [ -35.760087999761311, -9.603860999585436, 0.0 ], [ -35.760084999623018, -9.603856000254154, 0.0 ], [ -35.760083000430086, -9.603849999977456, 0.0 ], [ -35.760080000291737, -9.603844999746912, 0.0 ], [ -35.760077000153387, -9.60384000041563, 0.0 ], [ -35.760072999968941, -9.603835000185086, 0.0 ], [ -35.760069999830591, -9.603829999954485, 0.0 ], [ -35.760065999646145, -9.603824999723884, 0.0 ], [ -35.760063000407115, -9.603820000392659, 0.0 ], [ -35.760059000222611, -9.603816000208212, 0.0 ], [ -35.760055000038165, -9.603812000023709, 0.0 ], [ -35.760050999853718, -9.603806999793164, 0.0 ], [ -35.760045999623117, -9.603802999608718, 0.0 ], [ -35.76004200033799, -9.603799000323534, 0.0 ], [ -35.760037000107445, -9.603795000139087, 0.0 ], [ -35.760031999876844, -9.603792000000738, 0.0 ], [ -35.759973999900126, -9.60373900025462, 0.0 ], [ -35.759617999670922, -9.603420999979107, 0.0 ], [ -35.759420999579447, -9.603338999794971, 0.0 ], [ -35.759246999649292, -9.60318399984169, 0.0 ], [ -35.759242000318011, -9.603182999795536, 0.0 ], [ -35.759237000087467, -9.603182999795536, 0.0 ], [ -35.759232999902963, -9.603181999749438, 0.0 ], [ -35.759227999672419, -9.603180999703341, 0.0 ], [ -35.759224000387292, -9.603179999657186, 0.0 ], [ -35.759220000202788, -9.603178999611089, 0.0 ], [ -35.759214999972244, -9.603177999564991, 0.0 ], [ -35.75921099978774, -9.603176000372059, 0.0 ], [ -35.759206999603293, -9.603175000325962, 0.0 ], [ -35.759202000272069, -9.60317300023371, 0.0 ], [ -35.759198000087565, -9.603171000141515, 0.0 ], [ -35.759193999903118, -9.603169000049263, 0.0 ], [ -35.759189999718672, -9.603166999957011, 0.0 ], [ -35.759186000433544, -9.603164999864816, 0.0 ], [ -35.759182000249041, -9.603161999726467, 0.0 ], [ -35.759179000110748, -9.603159999634215, 0.0 ], [ -35.759174999926245, -9.603157000395186, 0.0 ], [ -35.759170999741798, -9.603154000256836, 0.0 ], [ -35.759167999603449, -9.603151000118487, 0.0 ], [ -35.759165000364419, -9.603147999980195, 0.0 ], [ -35.759161000179972, -9.603144999841845, 0.0 ], [ -35.759158000041623, -9.603141999703496, 0.0 ], [ -35.759154999903274, -9.603138999565147, 0.0 ], [ -35.759151999764924, -9.60313500028002, 0.0 ], [ -35.759149999672729, -9.60313200014167, 0.0 ], [ -35.7591470004337, -9.603127999957167, 0.0 ], [ -35.75914400029535, -9.60312399977272, 0.0 ], [ -35.759142000203099, -9.603119999588273, 0.0 ], [ -35.759140000110847, -9.603116000303146, 0.0 ], [ -35.759138000018652, -9.603112000118642, 0.0 ], [ -35.7591359999264, -9.603107999934196, 0.0 ], [ -35.759133999834205, -9.603103999749749, 0.0 ], [ -35.759131999741953, -9.603099999565302, 0.0 ], [ -35.759129999649701, -9.603096000280118, 0.0 ], [ -35.759128999603604, -9.603092000095671, 0.0 ], [ -35.759127999557506, -9.603086999865127, 0.0 ], [ -35.759127000410672, -9.603082999680623, 0.0 ], [ -35.759126000364574, -9.603078000349399, 0.0 ], [ -35.759125000318477, -9.603074000164952, 0.0 ], [ -35.759124000272379, -9.603069999980448, 0.0 ], [ -35.759124000272379, -9.603064999749904, 0.0 ], [ -35.759124000272379, -9.603060999565457, 0.0 ], [ -35.759123000226225, -9.603056000234176, 0.0 ], [ -35.759123000226225, -9.603051000003575, 0.0 ], [ -35.759124000272379, -9.603046999819128, 0.0 ], [ -35.759124000272379, -9.603041999588584, 0.0 ], [ -35.759124000272379, -9.6030380003034, 0.0 ], [ -35.759125000318477, -9.603034000118953, 0.0 ], [ -35.759126000364574, -9.603028999888409, 0.0 ], [ -35.759127000410672, -9.603024999703905, 0.0 ], [ -35.759127999557506, -9.60302000037268, 0.0 ], [ -35.759128999603604, -9.603016000188234, 0.0 ], [ -35.759129999649701, -9.60301200000373, 0.0 ], [ -35.759131999741953, -9.603006999773186, 0.0 ], [ -35.759133999834205, -9.603002999588739, 0.0 ], [ -35.759134999880303, -9.602999000303555, 0.0 ], [ -35.759136999972554, -9.602995000119108, 0.0 ], [ -35.759139000064749, -9.602990999934661, 0.0 ], [ -35.759142000203099, -9.602986999750215, 0.0 ], [ -35.75914400029535, -9.602982999565711, 0.0 ], [ -35.7591470004337, -9.602979000280584, 0.0 ], [ -35.759148999626575, -9.602976000142235, 0.0 ], [ -35.759151999764924, -9.602971999957788, 0.0 ], [ -35.759154999903274, -9.602968999819439, 0.0 ], [ -35.759158000041623, -9.602964999634992, 0.0 ], [ -35.759161000179972, -9.602962000395962, 0.0 ], [ -35.759164000318322, -9.602959000257613, 0.0 ], [ -35.759167999603449, -9.602956000119264, 0.0 ], [ -35.759170999741798, -9.602952999980914, 0.0 ], [ -35.759174999926245, -9.602949999842565, 0.0 ], [ -35.759178000064594, -9.602946999704216, 0.0 ], [ -35.759182000249041, -9.602944999612021, 0.0 ], [ -35.759186000433544, -9.602942000372991, 0.0 ], [ -35.759189999718672, -9.602940000280739, 0.0 ], [ -35.759193999903118, -9.602938000188487, 0.0 ], [ -35.759198000087565, -9.602936000096292, 0.0 ], [ -35.759202000272069, -9.602934000004041, 0.0 ], [ -35.759205999557196, -9.602931999911846, 0.0 ], [ -35.75921099978774, -9.602930999865691, 0.0 ], [ -35.759214999972244, -9.602928999773496, 0.0 ], [ -35.759219000156691, -9.602927999727342, 0.0 ], [ -35.759224000387292, -9.602926999681245, 0.0 ], [ -35.759227999672419, -9.602925999635147, 0.0 ], [ -35.759232999902963, -9.602924999588993, 0.0 ], [ -35.759237000087467, -9.602924000442215, 0.0 ], [ -35.759242000318011, -9.602924000442215, 0.0 ], [ -35.759245999603138, -9.602923000396117, 0.0 ], [ -35.759250999833739, -9.602923000396117, 0.0 ], [ -35.759255000018186, -9.602923000396117, 0.0 ], [ -35.759260000248787, -9.602923000396117, 0.0 ], [ -35.759264000433234, -9.602924000442215, 0.0 ], [ -35.759268999764458, -9.602924000442215, 0.0 ], [ -35.759272999948962, -9.602924999588993, 0.0 ], [ -35.759278000179506, -9.602924999588993, 0.0 ], [ -35.759283000410107, -9.602924000442215, 0.0 ], [ -35.759287999741332, -9.602923000396117, 0.0 ], [ -35.759291999925836, -9.602922000349963, 0.0 ], [ -35.75929700015638, -9.602920000257768, 0.0 ], [ -35.759302000386981, -9.602919000211671, 0.0 ], [ -35.759305999672108, -9.602917000119419, 0.0 ], [ -35.759310999902652, -9.602915000027167, 0.0 ], [ -35.759315000087156, -9.602912999934972, 0.0 ], [ -35.7593200003177, -9.60291099984272, 0.0 ], [ -35.759323999602884, -9.602908999750468, 0.0 ], [ -35.759327999787331, -9.602905999612119, 0.0 ], [ -35.759331999971778, -9.602903000373146, 0.0 ], [ -35.759336000156225, -9.602900000234797, 0.0 ], [ -35.759340000340671, -9.602898000142545, 0.0 ], [ -35.759343999625855, -9.602893999958098, 0.0 ], [ -35.759347999810302, -9.602890999819749, 0.0 ], [ -35.759351999994749, -9.6028879996814, 0.0 ], [ -35.759355000133098, -9.602884000396273, 0.0 ], [ -35.759358000271448, -9.602881000257923, 0.0 ], [ -35.759361999556575, -9.60287700007342, 0.0 ], [ -35.759364999694924, -9.602872999888973, 0.0 ], [ -35.759367999833273, -9.602868999704526, 0.0 ], [ -35.759370999971622, -9.602865000419399, 0.0 ], [ -35.759373000063874, -9.602861000234952, 0.0 ], [ -35.759376000202224, -9.602857000050449, 0.0 ], [ -35.759378000294419, -9.602852999866002, 0.0 ], [ -35.759381000432768, -9.602848999681555, 0.0 ], [ -35.7593829996257, -9.602844000350274, 0.0 ], [ -35.759384999717895, -9.602840000165827, 0.0 ], [ -35.759385999764049, -9.602834999935226, 0.0 ], [ -35.759387999856244, -9.602829999704682, 0.0 ], [ -35.759388999902399, -9.602826000419554, 0.0 ], [ -35.759390999994594, -9.602821000188953, 0.0 ], [ -35.759392000040748, -9.602815999958409, 0.0 ], [ -35.759393000086845, -9.602810999727808, 0.0 ], [ -35.759394000132943, -9.602807000442681, 0.0 ], [ -35.759394000132943, -9.60280200021208, 0.0 ], [ -35.759395000179097, -9.602796999981535, 0.0 ], [ -35.759395000179097, -9.602791999750934, 0.0 ], [ -35.759395000179097, -9.60278700041971, 0.0 ], [ -35.759395000179097, -9.602782000189109, 0.0 ], [ -35.759395000179097, -9.602776999958508, 0.0 ], [ -35.759395000179097, -9.602771999727963, 0.0 ], [ -35.759394000132943, -9.602768000442836, 0.0 ], [ -35.759393000086845, -9.602763000212235, 0.0 ], [ -35.759392000040748, -9.602757999981691, 0.0 ], [ -35.759390999994594, -9.60275299975109, 0.0 ], [ -35.759389999948496, -9.602748000419865, 0.0 ], [ -35.759388999902399, -9.602744000235361, 0.0 ], [ -35.759386999810147, -9.602739000004817, 0.0 ], [ -35.759384999717895, -9.602733999774216, 0.0 ], [ -35.759383999671797, -9.602729999589769, 0.0 ], [ -35.759381999579546, -9.602725000258488, 0.0 ], [ -35.759379000340573, -9.602721000074041, 0.0 ], [ -35.759377000248321, -9.602716999889594, 0.0 ], [ -35.759375000156069, -9.602711999658993, 0.0 ], [ -35.75937200001772, -9.602708000373866, 0.0 ], [ -35.759368999879371, -9.602704000189419, 0.0 ], [ -35.759365999741078, -9.602700000004972, 0.0 ], [ -35.759362999602729, -9.602695999820469, 0.0 ], [ -35.759360000363699, -9.60269299968212, 0.0 ], [ -35.75935700022535, -9.602689000396992, 0.0 ], [ -35.759353000040903, -9.602686000258643, 0.0 ], [ -35.759349999902554, -9.602682000074196, 0.0 ], [ -35.75934599971805, -9.602678999935847, 0.0 ], [ -35.759342000432923, -9.602675999797498, 0.0 ], [ -35.759338000248476, -9.602672999659148, 0.0 ], [ -35.75933400006403, -9.602670000420119, 0.0 ], [ -35.759329999879526, -9.60266700028177, 0.0 ], [ -35.759325999695079, -9.602665000189575, 0.0 ], [ -35.759322000409952, -9.602662000051225, 0.0 ], [ -35.758077999699879, -9.601519000401481, 0.0 ], [ -35.757905999861975, -9.601357000125404, 0.0 ], [ -35.757904999815821, -9.601356000079306, 0.0 ], [ -35.757904999815821, -9.601355000033152, 0.0 ], [ -35.757905999861975, -9.601353999987055, 0.0 ], [ -35.75791899956215, -9.60133800014853, 0.0 ], [ -35.758428999698538, -9.600849000081269, 0.0 ], [ -35.758429999744635, -9.600849000081269, 0.0 ], [ -35.758429999744635, -9.600848000035114, 0.0 ], [ -35.758429999744635, -9.600846999989017, 0.0 ], [ -35.758428999698538, -9.600845999942919, 0.0 ], [ -35.758407999629412, -9.600828000012143, 0.0 ] ] ] } },
{ "type": "Feature", "properties": { "OBJECTID": 12.0, "Shape_Leng": 0.100969900709, "DISTRIBUID": "ALGÁS", "TIPO": "Servidao_administrativa", "CLASSE": "Gasoduto_de_distribuicao", "FONTE": "Ministerio_da_infraestrutura", "LARGURA": 20.0, "Shape_Le_1": 0.100969900708597 }, "geometry": { "type": "MultiLineString", "coordinates": [ [ [ -35.83679600013528, -9.674427000006006, 0.0 ], [ -35.83692299969664, -9.674298000352394, 0.0 ], [ -35.837058999673047, -9.674163000422084, 0.0 ], [ -35.837171000341357, -9.674055999984375, 0.0 ], [ -35.837455999994347, -9.673770000285231, 0.0 ], [ -35.837568999809434, -9.673667000031969, 0.0 ], [ -35.83772499980887, -9.673501999617542, 0.0 ], [ -35.83785200026955, -9.673382000378979, 0.0 ], [ -35.837985000107608, -9.673245000356417, 0.0 ], [ -35.838249999737627, -9.67297899978098, 0.0 ], [ -35.838376000152266, -9.672854000311816, 0.0 ], [ -35.838521999690499, -9.672707999874262, 0.0 ], [ -35.838636999597782, -9.672595000059175, 0.0 ], [ -35.838767000196867, -9.672465000359409, 0.0 ], [ -35.838895999850479, -9.67233499976038, 0.0 ], [ -35.839031999826886, -9.672201999922322, 0.0 ], [ -35.839292000125681, -9.67194099957743, 0.0 ], [ -35.839422999871488, -9.671808999785469, 0.0 ], [ -35.839569000309098, -9.671667000431682, 0.0 ], [ -35.839685000262534, -9.671550999578926, 0.0 ], [ -35.839785000377447, -9.671450000317236, 0.0 ], [ -35.839862000330982, -9.671373000363644, 0.0 ], [ -35.839954000077, -9.671281999764403, 0.0 ], [ -35.840082999730612, -9.671154000156946, 0.0 ], [ -35.840203999914593, -9.67103500006516, 0.0 ], [ -35.840335999706554, -9.670905000365451, 0.0 ], [ -35.840468000397834, -9.670773999720268, 0.0 ], [ -35.840614999982222, -9.670622999951433, 0.0 ], [ -35.840800999566454, -9.670436000321104, 0.0 ], [ -35.84089400025789, -9.670346999814171, 0.0 ], [ -35.84102099981925, -9.670222000345007, 0.0 ], [ -35.841154999703406, -9.670086000368599, 0.0 ], [ -35.841289999633716, -9.669949000346037, 0.0 ], [ -35.841433999979074, -9.669805000000679, 0.0 ], [ -35.841561999586588, -9.669678000439319, 0.0 ], [ -35.841692000185617, -9.669548999886388, 0.0 ], [ -35.841831000300374, -9.66941299990998, 0.0 ], [ -35.841965000184587, -9.669279000025767, 0.0 ], [ -35.842098000022645, -9.66914300004936, 0.0 ], [ -35.842233999999053, -9.669009000165204, 0.0 ], [ -35.842376000252159, -9.668867999958195, 0.0 ], [ -35.842499999675226, -9.668742000442933, 0.0 ], [ -35.842633000412604, -9.668606999613303, 0.0 ], [ -35.842773999720293, -9.668466000305614, 0.0 ], [ -35.842901000180973, -9.668336999752682, 0.0 ], [ -35.84304000029573, -9.668200999776275, 0.0 ], [ -35.843173000133788, -9.668066999892062, 0.0 ], [ -35.843446000132758, -9.667793999893149, 0.0 ], [ -35.843578999970816, -9.667662000101188, 0.0 ], [ -35.843714999947224, -9.667525000078626, 0.0 ], [ -35.843861000384834, -9.667379999687171, 0.0 ], [ -35.843991000084543, -9.667249999987462, 0.0 ], [ -35.844115000406873, -9.66712399957288, 0.0 ], [ -35.844246000152737, -9.666992999827016, 0.0 ], [ -35.844388000405843, -9.666850000427132, 0.0 ], [ -35.844520000197804, -9.666716999689754, 0.0 ], [ -35.844649999897513, -9.666590000128338, 0.0 ], [ -35.844786999920075, -9.666452000059735, 0.0 ], [ -35.844915000426909, -9.666323999552901, 0.0 ], [ -35.845049000311064, -9.666187999576493, 0.0 ], [ -35.845184000241375, -9.666051999600029, 0.0 ], [ -35.845314999987238, -9.665919999808125, 0.0 ], [ -35.845455000148092, -9.665779999647214, 0.0 ], [ -35.845580999663355, -9.665654000131951, 0.0 ], [ -35.845716999639762, -9.665519000201641, 0.0 ], [ -35.845850000377197, -9.665386000363583, 0.0 ], [ -35.845988999592635, -9.665248000294923, 0.0 ], [ -35.846118000145566, -9.665118999741992, 0.0 ], [ -35.846249999937527, -9.664986999950031, 0.0 ], [ -35.846379999637236, -9.664857000250322, 0.0 ], [ -35.846514000420711, -9.664723000366109, 0.0 ], [ -35.846648000304924, -9.664589999628731, 0.0 ], [ -35.846781000142983, -9.664456999790673, 0.0 ], [ -35.846913999981098, -9.664323999952614, 0.0 ], [ -35.847061999611526, -9.664175000275975, 0.0 ], [ -35.847180999703312, -9.664055000138092, 0.0 ], [ -35.847322999956418, -9.663918000115586, 0.0 ], [ -35.847453999702282, -9.663786000323626, 0.0 ], [ -35.847588999632592, -9.663654999678442, 0.0 ], [ -35.847724999608999, -9.663517999655937, 0.0 ], [ -35.847860000438629, -9.663382999725627, 0.0 ], [ -35.847996000415037, -9.663245999703065, 0.0 ], [ -35.848126000114746, -9.663116000003356, 0.0 ], [ -35.848266000275657, -9.662975999842445, 0.0 ], [ -35.848400000159813, -9.662841999958289, 0.0 ], [ -35.848524999628978, -9.662717999635902, 0.0 ], [ -35.848656000274161, -9.662585999843998, 0.0 ], [ -35.84878900011222, -9.662453000005883, 0.0 ], [ -35.848917999765831, -9.662324000352271, 0.0 ], [ -35.849053999742239, -9.662188000375863, 0.0 ], [ -35.849179000110723, -9.662063000007379, 0.0 ], [ -35.849316000133228, -9.66193000016932, 0.0 ], [ -35.849445999832994, -9.661800999616389, 0.0 ], [ -35.84957999971715, -9.661669999870526, 0.0 ], [ -35.849712999555265, -9.661537000032467, 0.0 ], [ -35.849843000154294, -9.661405000240507, 0.0 ], [ -35.849984000361303, -9.661264000033555, 0.0 ], [ -35.850098000222488, -9.661148000080118, 0.0 ], [ -35.850236000291147, -9.661008999965304, 0.0 ], [ -35.850367000036954, -9.6608770001734, 0.0 ], [ -35.850499999875069, -9.660748999666566, 0.0 ], [ -35.850627000335749, -9.660621000059052, 0.0 ], [ -35.850760000173807, -9.660488000220994, 0.0 ], [ -35.85089099991967, -9.660356999575811, 0.0 ], [ -35.851019000426504, -9.660228999968353, 0.0 ], [ -35.851157999641941, -9.660092999991889, 0.0 ], [ -35.851292999572252, -9.659960000153831, 0.0 ], [ -35.851421000079029, -9.659832999693151, 0.0 ], [ -35.851551999824892, -9.659699999855036, 0.0 ], [ -35.851683999616853, -9.65956599997088, 0.0 ], [ -35.851814000215882, -9.659437000317268, 0.0 ], [ -35.851946000007842, -9.659305999672085, 0.0 ], [ -35.852083000030404, -9.659169999695678, 0.0 ], [ -35.852219000006812, -9.659034999765368, 0.0 ], [ -35.852343000329142, -9.658913000434552, 0.0 ], [ -35.852476000167258, -9.658779999697174, 0.0 ], [ -35.852611000097511, -9.658644999766864, 0.0 ], [ -35.852736999612773, -9.658519000251601, 0.0 ], [ -35.852865000119607, -9.658390999744768, 0.0 ], [ -35.852991999681024, -9.65825499976836, 0.0 ], [ -35.853112999865004, -9.658140999907175, 0.0 ], [ -35.853262999587741, -9.657992000230593, 0.0 ], [ -35.85339300018677, -9.657860000438632, 0.0 ], [ -35.853539999771101, -9.657731999931798, 0.0 ], [ -35.853605000070672, -9.65762200025506, 0.0 ], [ -35.853627000185838, -9.657581000162963, 0.0 ], [ -35.853653999632343, -9.657526000324594, 0.0 ], [ -35.853677999839761, -9.6574840001864, 0.0 ], [ -35.853715999793508, -9.657411000417312, 0.0 ], [ -35.853796999931546, -9.657257999656906, 0.0 ], [ -35.853896000000361, -9.657079000395527, 0.0 ], [ -35.853975000046148, -9.656929999819567, 0.0 ], [ -35.854058000276439, -9.656771999727937, 0.0 ], [ -35.854147999930206, -9.656608000258984, 0.0 ], [ -35.854234000298845, -9.656443999890655, 0.0 ], [ -35.854276999583817, -9.656360999660365, 0.0 ], [ -35.854314000390787, -9.656280999568423, 0.0 ], [ -35.854338999744982, -9.656193000006908, 0.0 ], [ -35.854357999721856, -9.656102000307044, 0.0 ], [ -35.8543969997217, -9.655929000422987, 0.0 ], [ -35.854437999813797, -9.655754000446734, 0.0 ], [ -35.854476999813642, -9.655578999571105, 0.0 ], [ -35.854518999951836, -9.655398000217474, 0.0 ], [ -35.854560000043932, -9.655219000056775, 0.0 ], [ -35.854604000274378, -9.6550219999653, 0.0 ], [ -35.854640000135873, -9.654855000357941, 0.0 ], [ -35.854683000320165, -9.65468599975901, 0.0 ], [ -35.854724000412261, -9.654506999598311, 0.0 ], [ -35.854763000412106, -9.654330999575905, 0.0 ], [ -35.854802999558729, -9.654155999599652, 0.0 ], [ -35.854845999743077, -9.653975000246021, 0.0 ], [ -35.854888999927368, -9.653790999854721, 0.0 ], [ -35.854930000019465, -9.653613999786216, 0.0 ], [ -35.854971000111505, -9.65343499962546, 0.0 ], [ -35.855009000065252, -9.653254000271829, 0.0 ], [ -35.855052000249543, -9.653069999880529, 0.0 ], [ -35.855087000064941, -9.652914999927248, 0.0 ], [ -35.855122999926436, -9.652758999927869, 0.0 ], [ -35.85517599967261, -9.652540999767268, 0.0 ], [ -35.855214999672455, -9.652367999883268, 0.0 ], [ -35.855255999764552, -9.652182000299035, 0.0 ], [ -35.855302000087192, -9.651971999608065, 0.0 ], [ -35.855345000271484, -9.65178700006993, 0.0 ], [ -35.855389999648708, -9.651594000162959, 0.0 ], [ -35.855429999694707, -9.65141900018665, 0.0 ], [ -35.855467999648397, -9.651250999633874, 0.0 ], [ -35.855510999832745, -9.651069000234145, 0.0 ], [ -35.855551999924785, -9.650885999888942, 0.0 ], [ -35.855590999924686, -9.650711999958787, 0.0 ], [ -35.855632000016726, -9.650533999844185, 0.0 ], [ -35.85567400015492, -9.650354999683429, 0.0 ], [ -35.855719000431463, -9.650167000007002, 0.0 ], [ -35.855760999670338, -9.649983999661799, 0.0 ], [ -35.855798999624085, -9.649806999593295, 0.0 ], [ -35.855839999716181, -9.649629000378013, 0.0 ], [ -35.855880999808278, -9.649442999894461, 0.0 ], [ -35.855917999715871, -9.649279999572286, 0.0 ], [ -35.855961999946317, -9.649090999849705, 0.0 ], [ -35.856006000176706, -9.648910999642851, 0.0 ], [ -35.856053999692278, -9.648701999897355, 0.0 ], [ -35.856092999692123, -9.648538000428346, 0.0 ], [ -35.85613099964587, -9.648368999829415, 0.0 ], [ -35.856170999691813, -9.648196999991512, 0.0 ], [ -35.856211999783909, -9.648009000315085, 0.0 ], [ -35.856251999829908, -9.64783799962396, 0.0 ], [ -35.856290999829753, -9.647663999693805, 0.0 ], [ -35.856344999621967, -9.647430999740777, 0.0 ], [ -35.856385999714064, -9.647254999718427, 0.0 ], [ -35.85642699980616, -9.647077999649923, 0.0 ], [ -35.856469999990452, -9.646896000250138, 0.0 ], [ -35.856507999944199, -9.646716000043341, 0.0 ], [ -35.856550000082393, -9.646543000159284, 0.0 ], [ -35.85659100017449, -9.646359999814081, 0.0 ], [ -35.856628000082083, -9.646198000437323, 0.0 ], [ -35.856673000358626, -9.645999000253596, 0.0 ], [ -35.8567149995975, -9.645823000231246, 0.0 ], [ -35.856758999827946, -9.645637999793792, 0.0 ], [ -35.856797999827791, -9.645464999909791, 0.0 ], [ -35.856837999873733, -9.645282999610686, 0.0 ], [ -35.856877999919732, -9.645110999772783, 0.0 ], [ -35.856917999965674, -9.644933999704278, 0.0 ], [ -35.85695900005777, -9.644757999681872, 0.0 ], [ -35.856990999734819, -9.644618999567115, 0.0 ], [ -35.857043000334158, -9.644399000213639, 0.0 ], [ -35.857078000149556, -9.644248999591639, 0.0 ], [ -35.857122000379945, -9.644057999776805, 0.0 ], [ -35.857162999572722, -9.643877999569952, 0.0 ], [ -35.857205999757014, -9.64368499966298, 0.0 ], [ -35.857248999941362, -9.643495999940399, 0.0 ], [ -35.857288999987304, -9.643318999871894, 0.0 ], [ -35.857329000033303, -9.643143999895642, 0.0 ], [ -35.857370000125343, -9.642961999596537, 0.0 ], [ -35.857410000171342, -9.642785000427409, 0.0 ], [ -35.857450000217284, -9.642610999597935, 0.0 ], [ -35.857492000355478, -9.642428000152051, 0.0 ], [ -35.857533999594352, -9.64225000003745, 0.0 ], [ -35.857574999686449, -9.642069999830596, 0.0 ], [ -35.857616999824643, -9.641888999577645, 0.0 ], [ -35.857657999916739, -9.641708000223957, 0.0 ], [ -35.857700000054933, -9.641530000109356, 0.0 ], [ -35.857743000239225, -9.641353000040851, 0.0 ], [ -35.857785000377419, -9.641175999972347, 0.0 ], [ -35.857824000377263, -9.641000999996095, 0.0 ], [ -35.857864000423262, -9.640826000019842, 0.0 ], [ -35.857903999569885, -9.64065100004359, 0.0 ], [ -35.857945999708079, -9.640476000067281, 0.0 ], [ -35.857981999569574, -9.64031799997565, 0.0 ], [ -35.858022999661671, -9.640125000068679, 0.0 ], [ -35.858063999753767, -9.639948000000174, 0.0 ], [ -35.858105999891961, -9.639766999747167, 0.0 ], [ -35.858146999984001, -9.639589999678719, 0.0 ], [ -35.85818700003, -9.639411999564061, 0.0 ], [ -35.858222999891495, -9.639242999864507, 0.0 ], [ -35.858263999983592, -9.639065999796003, 0.0 ], [ -35.858304000029534, -9.638890999819751, 0.0 ], [ -35.858346000167728, -9.638715999843498, 0.0 ], [ -35.858383000075378, -9.638548000189985, 0.0 ], [ -35.85839999996, -9.63850900019014, 0.0 ], [ -35.858429000398019, -9.638484999982722, 0.0 ], [ -35.858456999890564, -9.638474000374799, 0.0 ], [ -35.858588999682524, -9.638474000374799, 0.0 ], [ -35.858793000096853, -9.638487000074974, 0.0 ], [ -35.858891000119513, -9.638492000305519, 0.0 ], [ -35.858989000142174, -9.638489000167169, 0.0 ], [ -35.859056999680774, -9.638466000005849, 0.0 ], [ -35.859145000141609, -9.638414000305829, 0.0 ], [ -35.859307000417687, -9.638307999914218, 0.0 ], [ -35.859459000232619, -9.638208999845403, 0.0 ], [ -35.859615000232054, -9.638110999822743, 0.0 ], [ -35.859768000093084, -9.638012999800083, 0.0 ], [ -35.859918999861918, -9.637913999731268, 0.0 ], [ -35.860072999769102, -9.63781599970855, 0.0 ], [ -35.860225999630131, -9.637716999639792, 0.0 ], [ -35.860383999721762, -9.637616000378046, 0.0 ], [ -35.860529000113218, -9.637524999778861, 0.0 ], [ -35.860688000250946, -9.637437000217346, 0.0 ], [ -35.860878000019625, -9.63729499996424, 0.0 ], [ -35.861031999926809, -9.637197999987677, 0.0 ], [ -35.861183999741741, -9.637098999918862, 0.0 ], [ -35.861336999602827, -9.636999999850048, 0.0 ], [ -35.861490000363176, -9.636902999873485, 0.0 ], [ -35.861639000039759, -9.636805999896922, 0.0 ], [ -35.86179399999304, -9.636705999782009, 0.0 ], [ -35.861946999854126, -9.636607999759349, 0.0 ], [ -35.862098999669058, -9.636509999736631, 0.0 ], [ -35.862252999576242, -9.636410999667874, 0.0 ], [ -35.862403000198242, -9.636313999691311, 0.0 ], [ -35.862558000151523, -9.636213000429564, 0.0 ], [ -35.862706999828163, -9.636117999645933, 0.0 ], [ -35.86285799959694, -9.636018999577118, 0.0 ], [ -35.863009000265095, -9.635921999600555, 0.0 ], [ -35.863161000080026, -9.635823999577894, 0.0 ], [ -35.863329999779637, -9.635725000408399, 0.0 ], [ -35.863463999663793, -9.635628000431836, 0.0 ], [ -35.86361400028585, -9.635530000409119, 0.0 ], [ -35.863765000054684, -9.635432000386459, 0.0 ], [ -35.863911999639015, -9.635336999602828, 0.0 ], [ -35.864066999592296, -9.635239999626208, 0.0 ], [ -35.864220000352702, -9.63514099955745, 0.0 ], [ -35.864372000167634, -9.635042000387955, 0.0 ], [ -35.864525000028664, -9.63494300031914, 0.0 ], [ -35.864708000373867, -9.634822000135159, 0.0 ], [ -35.864866999612275, -9.634718999881898, 0.0 ], [ -35.865008999865381, -9.634616999674734, 0.0 ], [ -35.865170000095361, -9.634525999974869, 0.0 ], [ -35.865327000140894, -9.634426999906054, 0.0 ], [ -35.865466000255651, -9.634337000252287, 0.0 ], [ -35.865624000347282, -9.6342240004372, 0.0 ], [ -35.865777000208368, -9.634134999930268, 0.0 ], [ -35.865919999608252, -9.634027000345725, 0.0 ], [ -35.866074000414756, -9.633930000369162, 0.0 ], [ -35.866218999906891, -9.633823999977551, 0.0 ], [ -35.86637800004462, -9.633733000277687, 0.0 ], [ -35.866527999767357, -9.633639000439473, 0.0 ], [ -35.866833000342638, -9.633452999955921, 0.0 ], [ -35.866984000111472, -9.633355999979358, 0.0 ], [ -35.867133999834209, -9.633260000048892, 0.0 ], [ -35.867285999649141, -9.633160999980134, 0.0 ], [ -35.867440999602422, -9.63305899977297, 0.0 ], [ -35.867591000224422, -9.632965999980854, 0.0 ], [ -35.867743000039354, -9.632865999865942, 0.0 ], [ -35.868113000014887, -9.632628999728524, 0.0 ], [ -35.86827000006042, -9.632526000374583, 0.0 ], [ -35.8684199997831, -9.632428000351865, 0.0 ], [ -35.868562000036206, -9.632337999798779, 0.0 ], [ -35.868739000104711, -9.632226000029846, 0.0 ], [ -35.868875000081118, -9.632137999568954, 0.0 ], [ -35.869028999988302, -9.632038000353361, 0.0 ], [ -35.869175000425912, -9.631943999615828, 0.0 ], [ -35.869325000148592, -9.631844000400235, 0.0 ], [ -35.869475999917427, -9.631747000423672, 0.0 ], [ -35.86963299996296, -9.631648000354858, 0.0 ], [ -35.869784999777892, -9.631551000378295, 0.0 ], [ -35.870813999566394, -9.630869000404005, 0.0 ], [ -35.870992999727093, -9.630772000427442, 0.0 ], [ -35.871128999703558, -9.630683999966607, 0.0 ], [ -35.871327999887228, -9.630554000266841, 0.0 ], [ -35.871476999563811, -9.630458000336375, 0.0 ], [ -35.871627000185867, -9.630362999552744, 0.0 ], [ -35.871777999954702, -9.630264000383249, 0.0 ], [ -35.871923000346158, -9.630169999645716, 0.0 ], [ -35.872079000345536, -9.630072999669153, 0.0 ], [ -35.872225999929924, -9.629972999554241, 0.0 ], [ -35.872375999652604, -9.629878999716027, 0.0 ], [ -35.872504000159438, -9.629797000431154, 0.0 ], [ -35.87266400034332, -9.629694000177892, 0.0 ], [ -35.872820000342699, -9.62959400006298, 0.0 ], [ -35.872972000157631, -9.629494999994222, 0.0 ], [ -35.87312800015701, -9.629392999787058, 0.0 ], [ -35.8732739996953, -9.629299999994942, 0.0 ], [ -35.87342699955633, -9.629200999926184, 0.0 ], [ -35.873587999786309, -9.62909599958067, 0.0 ], [ -35.873741999693493, -9.628994000272826, 0.0 ], [ -35.873884999992697, -9.628902999673642, 0.0 ], [ -35.874050000407124, -9.628795000089156, 0.0 ], [ -35.874181000152987, -9.628709999766613, 0.0 ], [ -35.874325999645123, -9.628614999882302, 0.0 ], [ -35.874483999736754, -9.62851499976739, 0.0 ], [ -35.874635000404908, -9.628417999790827, 0.0 ], [ -35.874831999597063, -9.628295000413914, 0.0 ], [ -35.8749479995505, -9.628219999653197, 0.0 ], [ -35.875078000149529, -9.628131000045585, 0.0 ], [ -35.875207999849295, -9.628041000391818, 0.0 ], [ -35.875363999848673, -9.6279430003691, 0.0 ], [ -35.875516999709703, -9.627848999631567, 0.0 ], [ -35.875666000285662, -9.627752999701102, 0.0 ], [ -35.875814999962245, -9.627655999724539, 0.0 ], [ -35.875965999731079, -9.627560999840227, 0.0 ], [ -35.876125999914905, -9.627458999633063, 0.0 ], [ -35.876274999591487, -9.6273619996565, 0.0 ], [ -35.876437999913719, -9.627277000233335, 0.0 ], [ -35.876449999567797, -9.627242999564714, 0.0 ], [ -35.876644000420242, -9.627120000187801, 0.0 ], [ -35.876840999612398, -9.626994999819317, 0.0 ], [ -35.877037999703873, -9.62686700021186, 0.0 ], [ -35.877229999564804, -9.626743999935627, 0.0 ], [ -35.877425999610125, -9.626618999567143, 0.0 ], [ -35.877639000439501, -9.626481000397803, 0.0 ], [ -35.877837999723852, -9.626351999844871, 0.0 ], [ -35.878029999584783, -9.626228999568639, 0.0 ], [ -35.878208999745482, -9.626115999753551, 0.0 ], [ -35.878377000298258, -9.626007000122911, 0.0 ], [ -35.87856299988249, -9.625886999985028, 0.0 ], [ -35.878725000158568, -9.625782999685669, 0.0 ], [ -35.878901000180974, -9.625670999916679, 0.0 ], [ -35.879067999788333, -9.62556400037829, 0.0 ], [ -35.879255000317983, -9.625442000148155, 0.0 ], [ -35.87945100036336, -9.625315999733573, 0.0 ], [ -35.879636999947536, -9.625196999641787, 0.0 ], [ -35.879805999647147, -9.625088000011147, 0.0 ], [ -35.879966999877126, -9.624982999665633, 0.0 ], [ -35.880139999761127, -9.624869999850546, 0.0 ], [ -35.880473999875164, -9.624655999874449, 0.0 ], [ -35.880628999828446, -9.624553999667285, 0.0 ], [ -35.880796000335124, -9.624447000128896, 0.0 ], [ -35.880974999596503, -9.624332000221614, 0.0 ], [ -35.881131999642037, -9.624231000060547, 0.0 ], [ -35.881305999572191, -9.62411800024546, 0.0 ], [ -35.881479000355512, -9.624007999669402, 0.0 ], [ -35.881667000031996, -9.623886000338587, 0.0 ], [ -35.881825000123627, -9.62378099999313, 0.0 ], [ -35.882009999661705, -9.623658999762995, 0.0 ], [ -35.882169999845587, -9.62355999969418, 0.0 ], [ -35.882338000398363, -9.623452000109694, 0.0 ], [ -35.882505000005722, -9.623342000432899, 0.0 ], [ -35.882655999774499, -9.623244999557016, 0.0 ], [ -35.88281399986613, -9.623144000295326, 0.0 ], [ -35.882988999842439, -9.623030000434142, 0.0 ], [ -35.883164999864789, -9.622916999719735, 0.0 ], [ -35.883325000048671, -9.622814000365793, 0.0 ], [ -35.883484000186399, -9.622710000066377, 0.0 ], [ -35.883641000231933, -9.622609999951464, 0.0 ], [ -35.883799000323563, -9.622511999928804, 0.0 ], [ -35.883958999608126, -9.62242100022894, 0.0 ], [ -35.884109000230126, -9.622321000114027, 0.0 ], [ -35.884258999952863, -9.622226000229659, 0.0 ], [ -35.88458499969795, -9.622011000207465, 0.0 ], [ -35.884730000089405, -9.621920999654378, 0.0 ], [ -35.884888000181036, -9.621816000208185, 0.0 ], [ -35.885049000411016, -9.621712999954923, 0.0 ], [ -35.885184000341326, -9.621612999840011, 0.0 ], [ -35.885373000063851, -9.621496999886574, 0.0 ], [ -35.885530000109384, -9.621399999910011, 0.0 ], [ -35.885685000062665, -9.621298999749001, 0.0 ], [ -35.88584800038484, -9.62119300025671, 0.0 ], [ -35.886013999946101, -9.621085999819002, 0.0 ], [ -35.886176000222179, -9.620988999842439, 0.0 ], [ -35.886342999829537, -9.620877000073449, 0.0 ], [ -35.886495999690567, -9.620776999958537, 0.0 ], [ -35.886657999966701, -9.620670999566926, 0.0 ], [ -35.886817000104429, -9.620572000397431, 0.0 ], [ -35.886980000426661, -9.620460999775275, 0.0 ], [ -35.887128000057089, -9.62036499984481, 0.0 ], [ -35.8872969997567, -9.620254000121975, 0.0 ], [ -35.887459000032777, -9.620158000191509, 0.0 ], [ -35.887618000170505, -9.620047999615451, 0.0 ], [ -35.887772000077689, -9.619948000399859, 0.0 ], [ -35.887921999800426, -9.619849000331044, 0.0 ], [ -35.888093999638329, -9.619738999754986, 0.0 ], [ -35.888239000029785, -9.619648000055122, 0.0 ], [ -35.888382000328988, -9.619538000378384, 0.0 ], [ -35.888540000420619, -9.619441000401821, 0.0 ], [ -35.8886950003739, -9.619342000333006, 0.0 ], [ -35.888866000165706, -9.619231999756948, 0.0 ], [ -35.889025000303491, -9.619116999849609, 0.0 ], [ -35.889182000348967, -9.619014999642445, 0.0 ], [ -35.889337000302305, -9.61891200028856, 0.0 ], [ -35.88949999972516, -9.618819999643222, 0.0 ], [ -35.889657999816791, -9.618716000243182, 0.0 ], [ -35.889847000438692, -9.618601000335843, 0.0 ], [ -35.890002000391974, -9.618498000082582, 0.0 ], [ -35.890156000299157, -9.61839499982932, 0.0 ], [ -35.890310000206284, -9.61829699980666, 0.0 ], [ -35.890462000021216, -9.618196999691747, 0.0 ], [ -35.890618000020652, -9.618096000430057, 0.0 ], [ -35.890770999881681, -9.61799800040734, 0.0 ], [ -35.890919999558264, -9.617901000430777, 0.0 ], [ -35.891075000410922, -9.617803000408117, 0.0 ], [ -35.891228000271951, -9.617707999624429, 0.0 ], [ -35.891386000363582, -9.617612999740118, 0.0 ], [ -35.89154499960199, -9.617510000386176, 0.0 ], [ -35.891698000362396, -9.617410000271263, 0.0 ], [ -35.891853000315677, -9.617299999695206, 0.0 ], [ -35.892007000222861, -9.617210000041439, 0.0 ], [ -35.89216300022224, -9.617108999880372, 0.0 ], [ -35.892322000359968, -9.617007999719362, 0.0 ], [ -35.892472000082705, -9.616909999696702, 0.0 ], [ -35.892624999943735, -9.61680999958179, 0.0 ], [ -35.892779999897016, -9.616709000320043, 0.0 ], [ -35.892932999758102, -9.61661200034348, 0.0 ], [ -35.893085999619132, -9.616514000320819, 0.0 ], [ -35.893240000425635, -9.616414000205907, 0.0 ], [ -35.893390000148372, -9.616317000229344, 0.0 ], [ -35.893556999755674, -9.616209999791636, 0.0 ], [ -35.893747999570508, -9.616088999607598, 0.0 ], [ -35.893921000353828, -9.615976999838608, 0.0 ], [ -35.894071000076565, -9.6158809999082, 0.0 ], [ -35.894220999799245, -9.615782999885482, 0.0 ], [ -35.89437999993703, -9.615680999678318, 0.0 ], [ -35.894534999890311, -9.615580999563406, 0.0 ], [ -35.894687999751341, -9.615483000440065, 0.0 ], [ -35.894841999658524, -9.615380000186803, 0.0 ], [ -35.894997999657903, -9.615277999979696, 0.0 ], [ -35.89514800027996, -9.615183000095328, 0.0 ], [ -35.895305000325436, -9.615079999842067, 0.0 ], [ -35.895471999932795, -9.614971000211426, 0.0 ], [ -35.895628999978328, -9.614873000188766, 0.0 ], [ -35.89578099979326, -9.614773000073853, 0.0 ], [ -35.895933999654289, -9.61467600009729, 0.0 ], [ -35.896087999561473, -9.614573999890126, 0.0 ], [ -35.896249999837607, -9.614469999590767, 0.0 ], [ -35.896419999583259, -9.614360999960127, 0.0 ], [ -35.896595999605665, -9.614249000191137, 0.0 ], [ -35.896757999881743, -9.614142999799583, 0.0 ], [ -35.896932999857995, -9.614031000030593, 0.0 ], [ -35.897104999695955, -9.613921000353855, 0.0 ], [ -35.897290000133353, -9.613801000215915, 0.0 ], [ -35.897460999925158, -9.61368999959376, 0.0 ], [ -35.897632999763061, -9.613580999963119, 0.0 ], [ -35.897803999554867, -9.613468000148032, 0.0 ], [ -35.897971000061546, -9.613359999664226, 0.0 ], [ -35.898140999807254, -9.613248999941334, 0.0 ], [ -35.898310999552962, -9.613140000310693, 0.0 ], [ -35.898486999575312, -9.613026999596286, 0.0 ], [ -35.898658000266437, -9.612917999965703, 0.0 ], [ -35.898828000012145, -9.612808000288908, 0.0 ], [ -35.898991000334377, -9.612701999897354, 0.0 ], [ -35.899156999895581, -9.612594000312811, 0.0 ], [ -35.899335000010183, -9.612483999736753, 0.0 ], [ -35.899502999663639, -9.612373000013918, 0.0 ], [ -35.899683999916647, -9.612254999968229, 0.0 ], [ -35.899847000238822, -9.612149999622716, 0.0 ], [ -35.90000600037655, -9.612049000361026, 0.0 ], [ -35.900174000030006, -9.611939999831066, 0.0 ], [ -35.900345999867966, -9.611827000015978, 0.0 ], [ -35.900528000167014, -9.611710000016444, 0.0 ], [ -35.900703000143324, -9.611600000339706, 0.0 ], [ -35.90087099979678, -9.611492999901998, 0.0 ], [ -35.901019000326585, -9.61139499987928, 0.0 ], [ -35.901177999564993, -9.611290999579921, 0.0 ], [ -35.901326000094798, -9.611194999649456, 0.0 ], [ -35.901484000186429, -9.611093000341668, 0.0 ], [ -35.901654999978234, -9.610980999673359, 0.0 ], [ -35.901810999977613, -9.610880000411669, 0.0 ], [ -35.90196099970035, -9.610785999674079, 0.0 ], [ -35.902088000161029, -9.610706999628292, 0.0 ], [ -35.902273999745262, -9.610585000297476, 0.0 ], [ -35.902429999744641, -9.610487000274816, 0.0 ], [ -35.902589999928523, -9.610385000067652, 0.0 ], [ -35.903078999995785, -9.610069999930488, 0.0 ], [ -35.903194999949221, -9.609991999930799, 0.0 ], [ -35.903350999948657, -9.609890999769789, 0.0 ], [ -35.903501999717491, -9.609796999931575, 0.0 ], [ -35.903659999809122, -9.609694999724411, 0.0 ], [ -35.903814999762403, -9.609593999563401, 0.0 ], [ -35.903973999900131, -9.609492000255557, 0.0 ], [ -35.904116000153238, -9.609399999610275, 0.0 ], [ -35.90426499982982, -9.60930399967981, 0.0 ], [ -35.90441100026743, -9.609209999841596, 0.0 ], [ -35.904562000036208, -9.609111999818879, 0.0 ], [ -35.904703000243217, -9.609020000072917, 0.0 ], [ -35.904861000334847, -9.60891899991185, 0.0 ], [ -35.905007999919235, -9.608822999981442, 0.0 ], [ -35.90516800010306, -9.608720999774278, 0.0 ], [ -35.905300999941176, -9.608644999866783, 0.0 ], [ -35.905468000447797, -9.608528999913347, 0.0 ], [ -35.905563000332165, -9.608463999613832, 0.0 ], [ -35.905852000169602, -9.608280000121852, 0.0 ], [ -35.906012000353485, -9.608157999891716, 0.0 ], [ -35.906451999959813, -9.607877000423173, 0.0 ], [ -35.906462999567736, -9.607869000054279, 0.0 ], [ -35.90655700030527, -9.607682000423949, 0.0 ], [ -35.90660599986694, -9.607579000170688, 0.0 ], [ -35.906608462210727, -9.607574074583852, 0.0 ] ] ] } },
{ "type": "Feature", "properties": { "OBJECTID": 13.0, "Shape_Leng": 0.011299895679200001, "DISTRIBUID": "ALGÁS", "TIPO": "Servidao_administrativa", "CLASSE": "Gasoduto_de_distribuicao", "FONTE": "Ministerio_da_infraestrutura", "LARGURA": 20.0, "Shape_Le_1": 0.011299895679162999 }, "geometry": { "type": "MultiLineString", "coordinates": [ [ [ -35.822677465092909, -9.669618406863947, 0.0 ], [ -35.823670786977175, -9.670839569290649, 0.0 ], [ -35.823763168035725, -9.670953141074563, 0.0 ], [ -35.823835492413991, -9.67104205524663, 0.0 ], [ -35.823900999931141, -9.671121999580578, 0.0 ], [ -35.825269000064281, -9.672846999989019, 0.0 ], [ -35.825247999995156, -9.672863999873641, 0.0 ], [ -35.825268000018127, -9.672888000081116, 0.0 ], [ -35.825289000087253, -9.672872000242592, 0.0 ], [ -35.82636500024455, -9.674142000353015, 0.0 ], [ -35.828081000237944, -9.672695000174087, 0.0 ], [ -35.828183999591886, -9.672609999851545, 0.0 ], [ -35.82816599966111, -9.672588999782477, 0.0 ], [ -35.828194000053031, -9.672565999621156, 0.0 ], [ -35.828210999937653, -9.672585999644127, 0.0 ], [ -35.829516999909572, -9.671488000270926, 0.0 ], [ -35.829334999610523, -9.671275000340927, 0.0 ], [ -35.828901000280894, -9.670747000273821, 0.0 ], [ -35.828689000396992, -9.670918000065626, 0.0 ] ] ] } },
{ "type": "Feature", "properties": { "OBJECTID": 14.0, "Shape_Leng": 0.020428528624, "DISTRIBUID": "ALGÁS", "TIPO": "Servidao_administrativa", "CLASSE": "Gasoduto_de_distribuicao", "FONTE": "Ministerio_da_infraestrutura", "LARGURA": 20.0, "Shape_Le_1": 0.020428528624008999 }, "geometry": { "type": "MultiLineString", "coordinates": [ [ [ -35.822677465092909, -9.669618406863947, 0.0 ], [ -35.822738000258482, -9.669568999909359, 0.0 ], [ -35.822895000303959, -9.669444000440194, 0.0 ], [ -35.823003999934599, -9.669359000117709, 0.0 ], [ -35.82314400009551, -9.669245000256524, 0.0 ], [ -35.823313999841162, -9.669105000095612, 0.0 ], [ -35.82345500004817, -9.66899300032668, 0.0 ], [ -35.823592000070676, -9.66888099965837, 0.0 ], [ -35.823741999793413, -9.668760000373652, 0.0 ], [ -35.823890000323217, -9.66864200032802, 0.0 ], [ -35.824027000345723, -9.668531999751963, 0.0 ], [ -35.824147999630441, -9.668435999821497, 0.0 ], [ -35.824169999745664, -9.668414999752372, 0.0 ], [ -35.82432399965279, -9.668297999752838, 0.0 ], [ -35.824477000413196, -9.668171000191478, 0.0 ], [ -35.824505999951896, -9.668149000076255, 0.0 ], [ -35.824611000297409, -9.66806099961542, 0.0 ], [ -35.824770000435137, -9.667935000100101, 0.0 ], [ -35.824891999765953, -9.667837000077441, 0.0 ], [ -35.825047999765331, -9.667710999662859, 0.0 ], [ -35.825195000249039, -9.66759299961717, 0.0 ], [ -35.82534199983337, -9.667475999617636, 0.0 ], [ -35.825481999994281, -9.667361999756451, 0.0 ], [ -35.825624000247387, -9.667245999803015, 0.0 ], [ -35.825766999647271, -9.667132999987928, 0.0 ], [ -35.825906999808126, -9.667022000265035, 0.0 ], [ -35.825951000038572, -9.666986999550318, 0.0 ], [ -35.826057000430183, -9.6669000000349, 0.0 ], [ -35.826199999830067, -9.666786000173715, 0.0 ], [ -35.826348000359872, -9.66666399994358, 0.0 ], [ -35.826495999990357, -9.666546999944046, 0.0 ], [ -35.826636000151268, -9.666436000221211, 0.0 ], [ -35.826669999920512, -9.666408999875387, 0.0 ], [ -35.826784999827851, -9.66631600008327, 0.0 ], [ -35.826923999942608, -9.666206000406532, 0.0 ], [ -35.827067000241811, -9.66609099959993, 0.0 ], [ -35.827203000218219, -9.665983000015387, 0.0 ], [ -35.827344999572006, -9.665869000154203, 0.0 ], [ -35.827784000031556, -9.665518000155544, 0.0 ], [ -35.827928000376858, -9.665404000294359, 0.0 ], [ -35.828069999730644, -9.665290000433117, 0.0 ], [ -35.828213000029905, -9.665167000156885, 0.0 ], [ -35.828244999706953, -9.665145000041662, 0.0 ], [ -35.828261000444797, -9.665139999811117, 0.0 ], [ -35.828297000306293, -9.665160999880186, 0.0 ], [ -35.828328999983341, -9.665198999833933, 0.0 ], [ -35.828434000328798, -9.665326000294613, 0.0 ], [ -35.828561999936312, -9.665482000294048, 0.0 ], [ -35.828674999751399, -9.665621999555583, 0.0 ], [ -35.828792999797088, -9.665765999900941, 0.0 ], [ -35.828911999888817, -9.665913000384592, 0.0 ], [ -35.829027999842253, -9.666054999738378, 0.0 ], [ -35.829149000026291, -9.666205000360435, 0.0 ], [ -35.829268000118077, -9.666350999898668, 0.0 ], [ -35.829379999887067, -9.66649100005958, 0.0 ], [ -35.829508000393844, -9.666633000312686, 0.0 ], [ -35.829612999840037, -9.66677599971257, 0.0 ], [ -35.829743999585844, -9.666935999896452, 0.0 ], [ -35.829857000300308, -9.667072999918958, 0.0 ], [ -35.829976000392037, -9.667218000310413, 0.0 ], [ -35.830090000253279, -9.667360999710297, 0.0 ], [ -35.830203000068366, -9.667501999917306, 0.0 ], [ -35.8303200000679, -9.667644000170412, 0.0 ], [ -35.830434999975239, -9.667783000285169, 0.0 ], [ -35.830551999974773, -9.667924999638956, 0.0 ], [ -35.830662999697608, -9.668062999707615, 0.0 ], [ -35.830780999743297, -9.668207000052973, 0.0 ], [ -35.830891000319355, -9.668343000029381, 0.0 ], [ -35.831009000365043, -9.668488999567614, 0.0 ], [ -35.83112500031848, -9.668631999866875, 0.0 ], [ -35.831238000133567, -9.66877200002773, 0.0 ], [ -35.831328999833431, -9.668883999796719, 0.0 ], [ -35.831561999786402, -9.669168000302932, 0.0 ], [ -35.831677609434109, -9.669308311629209, 0.0 ], [ -35.831678999785993, -9.669309999656718, 0.0 ], [ -35.831790000408148, -9.669446999679224, 0.0 ], [ -35.831920000107857, -9.669604999770854, 0.0 ], [ -35.832035000015196, -9.669748000070115, 0.0 ], [ -35.832146999784186, -9.66988500009262, 0.0 ], [ -35.832251000083545, -9.670012999700134, 0.0 ], [ -35.83236499994473, -9.670150999768794, 0.0 ], [ -35.832494999644496, -9.670309999906522, 0.0 ], [ -35.832609000405, -9.670449000021279, 0.0 ], [ -35.832726999551369, -9.670593000366637, 0.0 ], [ -35.832841000311873, -9.670733999674326, 0.0 ], [ -35.83295700026531, -9.670874999881278, 0.0 ], [ -35.833067999988145, -9.671010999857685, 0.0 ], [ -35.833187000079931, -9.671157000295295, 0.0 ], [ -35.833306000171717, -9.671302999833529, 0.0 ], [ -35.833415999848455, -9.671439999856034, 0.0 ], [ -35.833535999986339, -9.671586000293644, 0.0 ], [ -35.833647999755328, -9.671724000362303, 0.0 ], [ -35.833768999939366, -9.671869999900537, 0.0 ], [ -35.833878999616104, -9.672006999923042, 0.0 ], [ -35.833994999569541, -9.672149000176148, 0.0 ], [ -35.834114999707424, -9.672296999806633, 0.0 ], [ -35.834228999568609, -9.672438000013642, 0.0 ], [ -35.834346999614297, -9.672581000312846, 0.0 ], [ -35.834461000374802, -9.672721999620535, 0.0 ], [ -35.834576000282141, -9.672863999873641, 0.0 ], [ -35.834689000097228, -9.673002999988398, 0.0 ], [ -35.834805000050665, -9.67314300014931, 0.0 ], [ -35.834926000234702, -9.67328999973364, 0.0 ], [ -35.835033999819188, -9.673422999571699, 0.0 ], [ -35.835157000095421, -9.673572000147658, 0.0 ], [ -35.835276000187207, -9.673715000446862, 0.0 ], [ -35.835389000002294, -9.673856999800648, 0.0 ], [ -35.835488000071109, -9.673977999984686, 0.0 ], [ -35.835614999632469, -9.674136000076317, 0.0 ], [ -35.835730999585905, -9.674277000283269, 0.0 ], [ -35.836047999815321, -9.674632999613209, 0.0 ], [ -35.836159000437476, -9.674769999635714, 0.0 ], [ -35.836397999767826, -9.674827999612432, 0.0 ], [ -35.836457999836796, -9.674768000442839, 0.0 ], [ -35.836537999928737, -9.674688000350898, 0.0 ], [ -35.83665800006662, -9.674565000074665, 0.0 ], [ -35.83679600013528, -9.674427000006006, 0.0 ] ] ] } },
{ "type": "Feature", "properties": { "OBJECTID": 15.0, "Shape_Leng": 0.088401848455599993, "DISTRIBUID": "ALGÁS", "TIPO": "Servidao_administrativa", "CLASSE": "Gasoduto_de_distribuicao", "FONTE": "Ministerio_da_infraestrutura", "LARGURA": 20.0, "Shape_Le_1": 0.088401848455628998 }, "geometry": { "type": "MultiLineString", "coordinates": [ [ [ -35.906608462210727, -9.607574074583852, 0.0 ], [ -35.90655700030527, -9.607549999732669, 0.0 ], [ -35.906573000143794, -9.607513999871173, 0.0 ], [ -35.906575000236046, -9.60750999968667, 0.0 ], [ -35.906574000189892, -9.607508999640572, 0.0 ], [ -35.906573000143794, -9.607508999640572, 0.0 ], [ -35.906572000097697, -9.607507999594475, 0.0 ], [ -35.906571000051542, -9.607507999594475, 0.0 ], [ -35.905885999938903, -9.60725899980298, 0.0 ], [ -35.905884999892805, -9.60725899980298, 0.0 ], [ -35.905883999846651, -9.60725899980298, 0.0 ], [ -35.905882999800554, -9.60725899980298, 0.0 ], [ -35.905881999754456, -9.60725899980298, 0.0 ], [ -35.905880999708302, -9.60725899980298, 0.0 ], [ -35.905879999662204, -9.60725899980298, 0.0 ], [ -35.905878999616107, -9.60725899980298, 0.0 ], [ -35.905877999569952, -9.60725899980298, 0.0 ], [ -35.905877000423175, -9.607259999849077, 0.0 ], [ -35.905876000377077, -9.607259999849077, 0.0 ], [ -35.90587500033098, -9.607259999849077, 0.0 ], [ -35.90587500033098, -9.607260999895175, 0.0 ], [ -35.905874000284825, -9.607260999895175, 0.0 ], [ -35.905874000284825, -9.607261999941272, 0.0 ], [ -35.905873000238728, -9.607261999941272, 0.0 ], [ -35.905873000238728, -9.607262999987427, 0.0 ], [ -35.90587200019263, -9.607262999987427, 0.0 ], [ -35.90587200019263, -9.607264000033524, 0.0 ], [ -35.905871000146476, -9.607264000033524, 0.0 ], [ -35.905871000146476, -9.607265000079622, 0.0 ], [ -35.905871000146476, -9.607266000125776, 0.0 ], [ -35.905799999570263, -9.607428000401853, 0.0 ], [ -35.905726999801175, -9.607616000078281, 0.0 ], [ -35.905678000239504, -9.607744999731892, 0.0 ], [ -35.905623000401079, -9.607876000377075, 0.0 ], [ -35.90559399996306, -9.607950000192318, 0.0 ], [ -35.905584000401234, -9.607970000215289, 0.0 ], [ -35.905568999709544, -9.607976999638765, 0.0 ], [ -35.905506000401544, -9.607954000376765, 0.0 ], [ -35.905349000356011, -9.607893000261697, 0.0 ], [ -35.905191000264381, -9.607835000284979, 0.0 ], [ -35.905058000426322, -9.607785999823989, 0.0 ], [ -35.904937000242342, -9.607738000308416, 0.0 ], [ -35.904813999966109, -9.607686999755174, 0.0 ], [ -35.904766999597314, -9.607666999732203, 0.0 ], [ -35.904765999551216, -9.607665999686105, 0.0 ], [ -35.904765000404382, -9.607664999639951, 0.0 ], [ -35.904765000404382, -9.607663999593854, 0.0 ], [ -35.904764000358284, -9.607663000447076, 0.0 ], [ -35.904763000312187, -9.607662000400978, 0.0 ], [ -35.904763000312187, -9.607661000354824, 0.0 ], [ -35.904762000266032, -9.607660000308726, 0.0 ], [ -35.904761000219935, -9.607659000262629, 0.0 ], [ -35.904761000219935, -9.607657000170377, 0.0 ], [ -35.904760000173837, -9.60765600012428, 0.0 ], [ -35.904760000173837, -9.607655000078125, 0.0 ], [ -35.904760000173837, -9.607654000032028, 0.0 ], [ -35.904759000127683, -9.60765299998593, 0.0 ], [ -35.904759000127683, -9.607650999893679, 0.0 ], [ -35.904759000127683, -9.607649999847581, 0.0 ], [ -35.904759000127683, -9.607648999801427, 0.0 ], [ -35.904759000127683, -9.607647999755329, 0.0 ], [ -35.904758000081586, -9.607645999663134, 0.0 ], [ -35.904758000081586, -9.60764499961698, 0.0 ], [ -35.904758000081586, -9.607643999570882, 0.0 ], [ -35.904758000081586, -9.607643000424105, 0.0 ], [ -35.904758000081586, -9.607641000331853, 0.0 ], [ -35.904759000127683, -9.607640000285755, 0.0 ], [ -35.904759000127683, -9.607639000239601, 0.0 ], [ -35.904759000127683, -9.607637000147406, 0.0 ], [ -35.904781000242906, -9.607578000124533, 0.0 ], [ -35.904845999643101, -9.607413999756261, 0.0 ], [ -35.904900000334692, -9.607272000402475, 0.0 ], [ -35.904941000426788, -9.607163999918612, 0.0 ], [ -35.904941000426788, -9.607162999872514, 0.0 ], [ -35.904941000426788, -9.60716199982636, 0.0 ], [ -35.904941000426788, -9.607160999780263, 0.0 ], [ -35.904941000426788, -9.607159999734165, 0.0 ], [ -35.904941999573566, -9.607159999734165, 0.0 ], [ -35.904941999573566, -9.607158999688011, 0.0 ], [ -35.904941999573566, -9.607157999641913, 0.0 ], [ -35.904941999573566, -9.607156999595816, 0.0 ], [ -35.904941000426788, -9.607156000449038, 0.0 ], [ -35.904941000426788, -9.607155000402884, 0.0 ], [ -35.904941000426788, -9.607154000356786, 0.0 ], [ -35.904941000426788, -9.607153000310689, 0.0 ], [ -35.904940000380691, -9.607153000310689, 0.0 ], [ -35.904940000380691, -9.607152000264534, 0.0 ], [ -35.904940000380691, -9.607151000218437, 0.0 ], [ -35.904939000334537, -9.607150000172339, 0.0 ], [ -35.904939000334537, -9.607149000126185, 0.0 ], [ -35.904938000288439, -9.607149000126185, 0.0 ], [ -35.904938000288439, -9.607148000080088, 0.0 ], [ -35.904937000242342, -9.607148000080088, 0.0 ], [ -35.904937000242342, -9.60714700003399, 0.0 ], [ -35.904843999550906, -9.607056000334126, 0.0 ], [ -35.90468799955147, -9.606989999988457, 0.0 ], [ -35.904497999782848, -9.606904999665971, 0.0 ], [ -35.904331000175489, -9.606832999942924, 0.0 ], [ -35.90416699980716, -9.606762000266031, 0.0 ], [ -35.903992999877005, -9.606686000358593, 0.0 ], [ -35.903861000085044, -9.606628000381875, 0.0 ], [ -35.903702999993413, -9.606559999944011, 0.0 ], [ -35.903538999625084, -9.606489000267118, 0.0 ], [ -35.903357000225355, -9.606410000221274, 0.0 ], [ -35.903248999741493, -9.606360999760284, 0.0 ], [ -35.903112999765085, -9.606303999829663, 0.0 ], [ -35.90290500006563, -9.606213000129799, 0.0 ], [ -35.902639000389513, -9.606097000176362, 0.0 ], [ -35.902373999860174, -9.605978000084576, 0.0 ], [ -35.90212199993033, -9.605868999554616, 0.0 ], [ -35.901892000115652, -9.605771000431275, 0.0 ], [ -35.901629999724662, -9.605654000431741, 0.0 ], [ -35.901350000302216, -9.605535000339955, 0.0 ], [ -35.900427000006005, -9.605132999788054, 0.0 ], [ -35.900258000306451, -9.605061000065064, 0.0 ], [ -35.900052999846025, -9.604970000365199, 0.0 ], [ -35.899832000446395, -9.604873000388636, 0.0 ], [ -35.899537000332259, -9.6047459999279, 0.0 ], [ -35.899280000171814, -9.60463400015891, 0.0 ], [ -35.898945000011679, -9.604487999721357, 0.0 ], [ -35.898678000289465, -9.604372999814018, 0.0 ], [ -35.898373999760224, -9.604238999929862, 0.0 ], [ -35.898081999784438, -9.604111000322348, 0.0 ], [ -35.897836000131235, -9.604004999930737, 0.0 ], [ -35.89758999957877, -9.603899000438446, 0.0 ], [ -35.896096999976521, -9.603244999956758, 0.0 ], [ -35.895966000230658, -9.603171000141515, 0.0 ], [ -35.895795999585687, -9.6030720000727, 0.0 ], [ -35.895530999955668, -9.602915000027167, 0.0 ], [ -35.895264000233396, -9.60276100012004, 0.0 ], [ -35.895036999657748, -9.602625000143576, 0.0 ], [ -35.894794000142952, -9.602483999936624, 0.0 ], [ -35.894495999890466, -9.602307999914217, 0.0 ], [ -35.894200999776274, -9.602138000168509, 0.0 ], [ -35.893974000100002, -9.602003000238199, 0.0 ], [ -35.893703000193284, -9.601848000284917, 0.0 ], [ -35.893483999986586, -9.601717999685889, 0.0 ], [ -35.893174000080023, -9.601537000332257, 0.0 ], [ -35.892906000311598, -9.601378000194529, 0.0 ], [ -35.892635999551715, -9.601224000287345, 0.0 ], [ -35.892339000244647, -9.601048000264939, 0.0 ], [ -35.892098999968823, -9.600890000173308, 0.0 ], [ -35.891942999969444, -9.600682999620687, 0.0 ], [ -35.891814000315833, -9.600526999621309, 0.0 ], [ -35.89163099997063, -9.600358999967852, 0.0 ], [ -35.891379000040786, -9.600194999599523, 0.0 ], [ -35.891160999880185, -9.600054000291834, 0.0 ], [ -35.890956000319136, -9.599924999738903, 0.0 ], [ -35.890705000435389, -9.599764000408243, 0.0 ], [ -35.890506000251662, -9.59963299976306, 0.0 ], [ -35.890183999791702, -9.59942800020201, 0.0 ], [ -35.889910999792789, -9.599250000087409, 0.0 ], [ -35.889658999862888, -9.59908599971908, 0.0 ], [ -35.889418999587122, -9.598932999857993, 0.0 ], [ -35.889176000072325, -9.598778999950866, 0.0 ], [ -35.88900500028052, -9.598669000274072, 0.0 ], [ -35.888768000143045, -9.598512000228595, 0.0 ], [ -35.888575000236017, -9.598388999952363, 0.0 ], [ -35.888406999683241, -9.59828100036782, 0.0 ], [ -35.888219000006814, -9.598163000322188, 0.0 ], [ -35.888007000122911, -9.598025000253529, 0.0 ], [ -35.887812000123688, -9.597900999931142, 0.0 ], [ -35.887683999616854, -9.5978209998392, 0.0 ], [ -35.887460000078875, -9.597673000208772, 0.0 ], [ -35.887205000010681, -9.597506999748191, 0.0 ], [ -35.887007999919206, -9.597377000048482, 0.0 ], [ -35.886784000381283, -9.597235999841473, 0.0 ], [ -35.886606000266681, -9.597120999934134, 0.0 ], [ -35.886372000267556, -9.596971000211454, 0.0 ], [ -35.886091999945791, -9.596789999958503, 0.0 ], [ -35.88585899999282, -9.596639000189668, 0.0 ], [ -35.885629000178199, -9.596492999752115, 0.0 ], [ -35.885400999556452, -9.596349000306077, 0.0 ], [ -35.885143000249229, -9.596180999753301, 0.0 ], [ -35.884881999904337, -9.596013000099845, 0.0 ], [ -35.884544999651951, -9.595798000077593, 0.0 ], [ -35.884330999675853, -9.595656999870585, 0.0 ], [ -35.884094000437699, -9.59550600010175, 0.0 ], [ -35.883823999677816, -9.595335000309944, 0.0 ], [ -35.88361599997836, -9.595199000333537, 0.0 ], [ -35.883411999564089, -9.595067999688411, 0.0 ], [ -35.883173000233739, -9.594913999781227, 0.0 ], [ -35.882956000119293, -9.594773999620315, 0.0 ], [ -35.882733999774246, -9.594633000312683, 0.0 ], [ -35.882567000166887, -9.594523999782723, 0.0 ], [ -35.882365999890965, -9.59439300003686, 0.0 ], [ -35.882178000214481, -9.594276000037326, 0.0 ], [ -35.881957999961685, -9.594133999784219, 0.0 ], [ -35.881782999985433, -9.594019999923034, 0.0 ], [ -35.881566999917084, -9.593879999762123, 0.0 ], [ -35.881325000448385, -9.593721999670493, 0.0 ], [ -35.881109000380036, -9.593583999601833, 0.0 ], [ -35.880878999666038, -9.5934380000636, 0.0 ], [ -35.880648999851417, -9.593289000387017, 0.0 ], [ -35.880395999875475, -9.593129000203135, 0.0 ], [ -35.880192000360466, -9.592997000411174, 0.0 ], [ -35.879972000107671, -9.59285400011197, 0.0 ], [ -35.879733999924099, -9.592704000389233, 0.0 ], [ -35.879527000270798, -9.592570999651855, 0.0 ], [ -35.879280999718333, -9.592445000136593, 0.0 ], [ -35.879167999903245, -9.592432000436418, 0.0 ], [ -35.879001000295887, -9.592368000183001, 0.0 ], [ -35.878845000296508, -9.592292000275563, 0.0 ], [ -35.878654999628509, -9.592209000045273, 0.0 ], [ -35.878419999583286, -9.592105999792011, 0.0 ], [ -35.878205999607133, -9.5920109999077, 0.0 ], [ -35.878048000414822, -9.591942000323002, 0.0 ], [ -35.877845000046648, -9.591852999816069, 0.0 ], [ -35.877571000001581, -9.591730999585934, 0.0 ], [ -35.877291999725969, -9.591610000301216, 0.0 ], [ -35.87726300018727, -9.591595999655624, 0.0 ], [ -35.877157999841756, -9.5915510002784, 0.0 ], [ -35.876970000165329, -9.591471000186459, 0.0 ], [ -35.876761999566611, -9.591379999587275, 0.0 ], [ -35.876515999913408, -9.591272000002732, 0.0 ], [ -35.876304000029506, -9.59118000025677, 0.0 ], [ -35.876149000076225, -9.591112999865004, 0.0 ], [ -35.875994000122944, -9.59104500032646, 0.0 ], [ -35.875818000100594, -9.590969000418966, 0.0 ], [ -35.875668000377857, -9.590904000119451, 0.0 ], [ -35.87550600010178, -9.590833999589336, 0.0 ], [ -35.8753160003331, -9.590751000258422, 0.0 ], [ -35.875110999872675, -9.590660999705335, 0.0 ], [ -35.8748850002425, -9.590565999820967, 0.0 ], [ -35.874732000381471, -9.590500000374675, 0.0 ], [ -35.874517000359219, -9.590410999867686, 0.0 ], [ -35.874340000290715, -9.590333999914094, 0.0 ], [ -35.874148000429841, -9.590249999637706, 0.0 ], [ -35.873971000361337, -9.590174999776366, 0.0 ], [ -35.873781999739435, -9.590092000445395, 0.0 ], [ -35.873665999785999, -9.590039999846056, 0.0 ], [ -35.873582999555765, -9.590002999938463, 0.0 ], [ -35.873482000294018, -9.589960999800269, 0.0 ], [ -35.873427999602484, -9.589941999823395, 0.0 ], [ -35.873233999649301, -9.589918999662075, 0.0 ], [ -35.873067000041999, -9.589898999639104, 0.0 ], [ -35.873016000388077, -9.589891000169473, 0.0 ], [ -35.872997000411203, -9.589886999985026, 0.0 ], [ -35.872984999857806, -9.589871000146502, 0.0 ], [ -35.872966999927087, -9.589815000261979, 0.0 ], [ -35.872966999927087, -9.589812000123686, 0.0 ], [ -35.872964999834835, -9.589797000331259, 0.0 ], [ -35.872963999788738, -9.589780000446638, 0.0 ], [ -35.872963999788738, -9.589779000400483, 0.0 ], [ -35.872962999742583, -9.589779000400483, 0.0 ], [ -35.872843999650797, -9.58978599982396, 0.0 ], [ -35.871113999911131, -9.589899999685201, 0.0 ], [ -35.871055999934413, -9.589864999869803, 0.0 ], [ -35.87015399970727, -9.589352999641164, 0.0 ], [ -35.869558000101563, -9.589015000242, 0.0 ], [ -35.869526999571349, -9.588984999757884, 0.0 ], [ -35.869325000148592, -9.588836000081301, 0.0 ], [ -35.868627000335778, -9.588848999781476, 0.0 ], [ -35.86751700040918, -9.588700000104893, 0.0 ], [ -35.864605000120605, -9.58882799971235, 0.0 ], [ -35.863623999847675, -9.589097999572971, 0.0 ], [ -35.863095999780512, -9.589039000449475, 0.0 ], [ -35.86252100024393, -9.588935000150116, 0.0 ], [ -35.858844999796872, -9.589011000057553, 0.0 ], [ -35.856652000289557, -9.590204000214385, 0.0 ], [ -35.855844999946726, -9.590625999889937, 0.0 ], [ -35.854230000114399, -9.591181000302868, 0.0 ], [ -35.853747000323779, -9.591194000003043, 0.0 ], [ -35.851581000262911, -9.591176000072323, 0.0 ], [ -35.848712000158628, -9.590973999750247, 0.0 ], [ -35.843717000039476, -9.590147000283764, 0.0 ], [ -35.839423999917642, -9.589559000147688, 0.0 ], [ -35.835422999771595, -9.588933000057864, 0.0 ], [ -35.830516000113278, -9.588532999598215, 0.0 ], [ -35.830376999998521, -9.588574999736409, 0.0 ], [ -35.830021999815415, -9.588551999575088, 0.0 ], [ -35.825726999601329, -9.587593000316645, 0.0 ], [ -35.825516999809622, -9.587568000063129, 0.0 ], [ -35.825398999763991, -9.587615999578645, 0.0 ], [ -35.825397999717893, -9.587618999716994, 0.0 ] ] ] } },
{ "type": "Feature", "properties": { "OBJECTID": 16.0, "Shape_Leng": 0.110060448406, "DISTRIBUID": "ALGÁS", "TIPO": "Servidao_administrativa", "CLASSE": "Gasoduto_de_distribuicao", "FONTE": "Ministerio_da_infraestrutura", "LARGURA": 20.0, "Shape_Le_1": 0.11006044840623901 }, "geometry": { "type": "MultiLineString", "coordinates": [ [ [ -35.758348485194404, -9.600802330662987, 0.0 ], [ -35.758300000044926, -9.600785999873949, 0.0 ], [ -35.758297999952674, -9.600748999966356, 0.0 ], [ -35.758312999745101, -9.600725999804979, 0.0 ], [ -35.758332999768072, -9.600603999574901, 0.0 ], [ -35.758306000321625, -9.600566999667251, 0.0 ], [ -35.758204316675858, -9.600472918890034, 0.0 ], [ -35.758186305053869, -9.600456253553205, 0.0 ], [ -35.758092000345471, -9.600369000428998, 0.0 ], [ -35.757274000394773, -9.599691999785932, 0.0 ], [ -35.756710593119351, -9.599245873997859, 0.0 ], [ -35.756538999774989, -9.599109999926497, 0.0 ], [ -35.75552099959441, -9.598277000183373, 0.0 ], [ -35.754789000012295, -9.597675000300967, 0.0 ], [ -35.752924000342318, -9.596169000099223, 0.0 ], [ -35.752091999745971, -9.595486000078779, 0.0 ], [ -35.752083000230243, -9.595478999755983, 0.0 ], [ -35.752059000022768, -9.595459999779109, 0.0 ], [ -35.752041393995114, -9.59544734541862, 0.0 ], [ -35.752019050338845, -9.595427794157331, 0.0 ], [ -35.752008000368903, -9.595415000401886, 0.0 ], [ -35.751998999953855, -9.595384999917769, 0.0 ], [ -35.751998999953855, -9.595350000102371, 0.0 ], [ -35.752006000276651, -9.595325999894953, 0.0 ], [ -35.752017999930729, -9.595310000056429, 0.0 ], [ -35.752033999769253, -9.59529300017175, 0.0 ], [ -35.752152999861039, -9.595193000056838, 0.0 ], [ -35.752226999676225, -9.595123999572877, 0.0 ], [ -35.752450000067427, -9.59492500028847, 0.0 ], [ -35.752743000089367, -9.594695999620626, 0.0 ], [ -35.753088999857425, -9.594468999944354, 0.0 ], [ -35.753519999947969, -9.594220000152859, 0.0 ], [ -35.753939000384491, -9.593978999830938, 0.0 ], [ -35.754198999783966, -9.59383200024655, 0.0 ], [ -35.754467999598432, -9.593677000293269, 0.0 ], [ -35.754903999919634, -9.593425000363425, 0.0 ], [ -35.755794999639477, -9.592912000088688, 0.0 ], [ -35.756072999868991, -9.592750999858708, 0.0 ], [ -35.756555999659611, -9.59247199958304, 0.0 ], [ -35.757095000234017, -9.592161999676478, 0.0 ], [ -35.757890265323454, -9.591702251857384, 0.0 ], [ -35.75790799995417, -9.591691999586089, 0.0 ], [ -35.758640000435605, -9.591257000210362, 0.0 ], [ -35.759081000088031, -9.591021000119042, 0.0 ], [ -35.759421369200766, -9.590823492809875, 0.0 ], [ -35.759517000409176, -9.590768000143044, 0.0 ], [ -35.76004999980762, -9.590409999821588, 0.0 ], [ -35.760138336614887, -9.590332143713397, 0.0 ], [ -35.760344999921756, -9.590150000422113, 0.0 ], [ -35.760467145842085, -9.590019608617979, 0.0 ], [ -35.76058200005923, -9.589897000446172, 0.0 ], [ -35.760945999758064, -9.589466000355571, 0.0 ], [ -35.761238999779948, -9.589078999596097, 0.0 ], [ -35.762384000421264, -9.587571000201478, 0.0 ], [ -35.762620999659362, -9.587253999972063, 0.0 ], [ -35.763082000234078, -9.586637000297287, 0.0 ], [ -35.763609000255087, -9.58591700036925, 0.0 ], [ -35.763871999792912, -9.585555999909445, 0.0 ], [ -35.76387800006961, -9.585548000439815, 0.0 ], [ -35.76387800006961, -9.585547000393717, 0.0 ], [ -35.763879000115708, -9.58554600034762, 0.0 ], [ -35.763882000254057, -9.585541000117018, 0.0 ], [ -35.763928999723532, -9.585473999725252, 0.0 ], [ -35.764552999721104, -9.584649000351021, 0.0 ], [ -35.764916000273161, -9.58414899977646, 0.0 ], [ -35.764922999696637, -9.584139000214634, 0.0 ], [ -35.76495873335881, -9.58409195038314, 0.0 ], [ -35.765006484661512, -9.58402907787962, 0.0 ], [ -35.765162999972404, -9.583823000031373, 0.0 ], [ -35.766565945961588, -9.581944577979868, 0.0 ], [ -35.766596999551837, -9.581902999623708, 0.0 ], [ -35.766805000150612, -9.581624000247359, 0.0 ], [ -35.767129999849544, -9.581185999833963, 0.0 ], [ -35.767260999595408, -9.581011999903808, 0.0 ], [ -35.768392999637172, -9.579494000048044, 0.0 ], [ -35.769557000255304, -9.57792799977733, 0.0 ], [ -35.769992999677129, -9.577350000102399, 0.0 ], [ -35.770872999789049, -9.576209999691685, 0.0 ], [ -35.773287999641411, -9.572925000188548, 0.0 ], [ -35.773502999663663, -9.572631000120509, 0.0 ], [ -35.773815999708575, -9.572209000444957, 0.0 ], [ -35.773820999939176, -9.572200000029909, 0.0 ], [ -35.773817999800826, -9.572172999684142, 0.0 ], [ -35.773837999823797, -9.572146000237694, 0.0 ], [ -35.773831000400321, -9.572141000007093, 0.0 ], [ -35.773829365432846, -9.57213976973452, 0.0 ], [ -35.773600999686323, -9.571968000123036, 0.0 ], [ -35.773591000124497, -9.571884999892802, 0.0 ], [ -35.773509999986459, -9.57182599986993, 0.0 ], [ -35.773484999732887, -9.57180799993921, 0.0 ], [ -35.773483999686789, -9.571806999893056, 0.0 ], [ -35.773482999640692, -9.571805999846958, 0.0 ], [ -35.773481999594537, -9.571805999846958, 0.0 ], [ -35.773481999594537, -9.571804999800861, 0.0 ], [ -35.773482999640692, -9.571803999754763, 0.0 ], [ -35.773492148443836, -9.57178962499114, 0.0 ], [ -35.77350399970976, -9.571771000031561, 0.0 ], [ -35.773517000309255, -9.571752000054687, 0.0 ], [ -35.773528999963332, -9.57173300007787, 0.0 ], [ -35.773534000193933, -9.57172499970892, 0.0 ], [ -35.773535000240031, -9.571723999662822, 0.0 ], [ -35.773536000286128, -9.571723999662822, 0.0 ], [ -35.773537000332283, -9.571723999662822, 0.0 ], [ -35.773598000447294, -9.571765999801016, 0.0 ], [ -35.77364199977842, -9.571794000192881, 0.0 ], [ -35.773675000400885, -9.571808999985308, 0.0 ], [ -35.773707000077934, -9.571805999846958, 0.0 ], [ -35.773732000331506, -9.571802999708609, 0.0 ], [ -35.773764000008555, -9.571788999962337, 0.0 ], [ -35.773774999616478, -9.571773000123812, 0.0 ], [ -35.773793999593352, -9.571748999916394, 0.0 ], [ -35.773809000285098, -9.571737000262317, 0.0 ], [ -35.773827000215817, -9.571710999962647, 0.0 ], [ -35.773908000353913, -9.571604000424259, 0.0 ], [ -35.773922000100185, -9.571585999594163, 0.0 ], [ -35.774303999729739, -9.571074000264844, 0.0 ], [ -35.774755999889464, -9.57047100033634, 0.0 ], [ -35.774954000027037, -9.570168999899352, 0.0 ], [ -35.775122999726591, -9.569877999969663, 0.0 ], [ -35.775234000348803, -9.569658999762964, 0.0 ], [ -35.775423000071328, -9.569289999833586, 0.0 ], [ -35.775691999885851, -9.568752000204597, 0.0 ], [ -35.776085000022704, -9.567976000392036, 0.0 ], [ -35.776410999767791, -9.567333999564369, 0.0 ], [ -35.776480000251752, -9.567186999980038, 0.0 ], [ -35.776596000205188, -9.566944999612019, 0.0 ], [ -35.776610999997615, -9.566911999888816, 0.0 ], [ -35.776663999743732, -9.566740000050913, 0.0 ], [ -35.77669899955913, -9.566562999982409, 0.0 ], [ -35.776688999997305, -9.566382999775556, 0.0 ], [ -35.776640999582412, -9.566216000168254, 0.0 ], [ -35.776640999582412, -9.566215000122099, 0.0 ], [ -35.776636000251187, -9.566198000237478, 0.0 ], [ -35.776635000205033, -9.56619700019138, 0.0 ], [ -35.776636000251187, -9.56619700019138, 0.0 ], [ -35.776636000251187, -9.566196000145226, 0.0 ], [ -35.776656011965315, -9.566169034873042, 0.0 ], [ -35.777507999994157, -9.56502099991917, 0.0 ], [ -35.777584999947749, -9.564913000334627, 0.0 ], [ -35.77782600026967, -9.564470999736784, 0.0 ], [ -35.77798699960033, -9.564147000083949, 0.0 ], [ -35.778230000014446, -9.56366100015498, 0.0 ], [ -35.778392000290523, -9.563336999602825, 0.0 ], [ -35.778553999667281, -9.563015000042185, 0.0 ], [ -35.778955000173084, -9.562204000414226, 0.0 ], [ -35.779455999894424, -9.561203000118326, 0.0 ], [ -35.779861999731452, -9.560393999683299, 0.0 ], [ -35.780189000422013, -9.559748999616602, 0.0 ], [ -35.780345000421391, -9.559416999594816, 0.0 ], [ -35.780578000374362, -9.558932999758099, 0.0 ], [ -35.780815999658614, -9.558444999736878, 0.0 ], [ -35.780970999611895, -9.558126000314644, 0.0 ], [ -35.781139000164671, -9.55777700040818, 0.0 ], [ -35.781304999725933, -9.557452999856025, 0.0 ], [ -35.781654999678437, -9.556819000296571, 0.0 ], [ -35.782350000252279, -9.555555999609624, 0.0 ], [ -35.782360999860202, -9.555535000439875, 0.0 ], [ -35.782529000412978, -9.55523400004904, 0.0 ], [ -35.782700000204784, -9.554919999957974, 0.0 ], [ -35.782874000134939, -9.554601999682518, 0.0 ], [ -35.783049000111248, -9.554285000352422, 0.0 ], [ -35.783061548351725, -9.554261922849435, 0.0 ], [ -35.783223000041403, -9.553964999984714, 0.0 ], [ -35.7834030002482, -9.553643999570852, 0.0 ], [ -35.783761999716489, -9.55301700033425, 0.0 ], [ -35.784037999853751, -9.552545000151611, 0.0 ], [ -35.784397000221361, -9.551926000384583, 0.0 ], [ -35.784580999713341, -9.551611000247419, 0.0 ], [ -35.784621999805381, -9.551539999671206, 0.0 ], [ -35.784760999920195, -9.551298000202507, 0.0 ], [ -35.784942000173146, -9.550985000157596, 0.0 ], [ -35.785125999665127, -9.550674000204879, 0.0 ], [ -35.785310000056427, -9.550361000159967, 0.0 ], [ -35.785398999664039, -9.550205000160588, 0.0 ], [ -35.785673999755261, -9.549737000162395, 0.0 ], [ -35.785946999754174, -9.54926700007195, 0.0 ], [ -35.786312000398482, -9.548642000028224, 0.0 ], [ -35.786493999798211, -9.548328999983312, 0.0 ], [ -35.786675000051162, -9.5480159999384, 0.0 ], [ -35.786857000350267, -9.547702999893488, 0.0 ], [ -35.786978999681025, -9.547493000101838, 0.0 ], [ -35.78713000034918, -9.547232999803043, 0.0 ], [ -35.7874000002098, -9.546767999943199, 0.0 ], [ -35.787672000162615, -9.546297999852754, 0.0 ], [ -35.787853999562401, -9.545984999807843, 0.0 ], [ -35.788035999861449, -9.545671999762931, 0.0 ], [ -35.788308999860419, -9.545206999903087, 0.0 ], [ -35.788491000159468, -9.544888999627574, 0.0 ], [ -35.788672999559253, -9.544575999582662, 0.0 ], [ -35.788765000204535, -9.544419999583283, 0.0 ], [ -35.788855999904456, -9.544263999583848, 0.0 ], [ -35.789038000203504, -9.543951000438256, 0.0 ], [ -35.789213000179757, -9.543651000093519, 0.0 ], [ -35.789311000202474, -9.543482000393965, 0.0 ], [ -35.789584000201387, -9.543013000349617, 0.0 ], [ -35.789765999601173, -9.542700000304706, 0.0 ], [ -35.789916000223172, -9.542442000098163, 0.0 ], [ -35.789913000084823, -9.542411999614046, 0.0 ], [ -35.789939000384493, -9.542367000236823, 0.0 ], [ -35.789964999784843, -9.542357999821775, 0.0 ], [ -35.790221999945288, -9.541918000215503, 0.0 ], [ -35.790403000198239, -9.541605000170591, 0.0 ], [ -35.790529999759656, -9.541387000009991, 0.0 ], [ -35.790676000197209, -9.541135000080146, 0.0 ], [ -35.790859999689189, -9.540823000081332, 0.0 ], [ -35.791039999896043, -9.540508999990323, 0.0 ], [ -35.791169000448974, -9.540288999737527, 0.0 ], [ -35.79131399994111, -9.540039999945975, 0.0 ], [ -35.791481000447789, -9.539754000246887, 0.0 ], [ -35.791522999686663, -9.53968199962452, 0.0 ], [ -35.791617000424196, -9.539520000247762, 0.0 ], [ -35.791868000307943, -9.539087000064967, 0.0 ], [ -35.792099000168662, -9.538690999789765, 0.0 ], [ -35.792427000006001, -9.538129999999455, 0.0 ], [ -35.792754999843339, -9.537570000255243, 0.0 ], [ -35.792952999980912, -9.537225999680118, 0.0 ], [ -35.793225999979882, -9.53675699963577, 0.0 ], [ -35.793591999770911, -9.536131999592044, 0.0 ], [ -35.793767999793317, -9.535830000054432, 0.0 ], [ -35.793920999654347, -9.535569999755637, 0.0 ], [ -35.794236999837608, -9.535033000172746, 0.0 ], [ -35.794413999906112, -9.53472999968966, 0.0 ], [ -35.794504999605977, -9.534573999690281, 0.0 ], [ -35.79461800032044, -9.534381999829407, 0.0 ], [ -35.794746999974052, -9.534162999622708, 0.0 ], [ -35.794761429596235, -9.534138311433878, 0.0 ], [ -35.794874999581509, -9.53394400031533, 0.0 ], [ -35.795148999626576, -9.533481999694459, 0.0 ], [ -35.79532899983343, -9.533169999695701, 0.0 ], [ -35.795420999579449, -9.533011999604071, 0.0 ], [ -35.795512000178633, -9.532855999604635, 0.0 ], [ -35.795603999924595, -9.532699999605256, 0.0 ], [ -35.795743000039352, -9.532461000274907, 0.0 ], [ -35.795799043990655, -9.53235735700639, 0.0 ], [ -35.795888999577642, -9.532191000414286, 0.0 ], [ -35.795990999784749, -9.532019999723161, 0.0 ], [ -35.796125999715059, -9.53180199956256, 0.0 ], [ -35.79628399980669, -9.531532999748094, 0.0 ], [ -35.796359999714184, -9.531402000002231, 0.0 ], [ -35.79645300040562, -9.531238999680056, 0.0 ], [ -35.796630999620902, -9.530957000165358, 0.0 ], [ -35.796793999943077, -9.53069699986662, 0.0 ], [ -35.796877000173367, -9.530548000190038, 0.0 ], [ -35.796971000011581, -9.530386999960058, 0.0 ], [ -35.797141999803387, -9.530020000122875, 0.0 ], [ -35.797381000033056, -9.529586999940022, 0.0 ], [ -35.797471999732977, -9.52942299957175, 0.0 ], [ -35.797559000147714, -9.529264000333285, 0.0 ], [ -35.79764399957088, -9.529105000195557, 0.0 ], [ -35.797739000354511, -9.528923999942606, 0.0 ], [ -35.797982999915462, -9.528454999898258, 0.0 ], [ -35.79814200005319, -9.528142999899501, 0.0 ], [ -35.798246000352606, -9.527935000200046, 0.0 ], [ -35.798329999729674, -9.527771999877871, 0.0 ], [ -35.798617000374236, -9.527184999787892, 0.0 ], [ -35.798756999635771, -9.526893999858146, 0.0 ], [ -35.798948000349867, -9.526492000205621, 0.0 ], [ -35.799140000210798, -9.526090999699818, 0.0 ], [ -35.799381999679497, -9.525580999563431, 0.0 ], [ -35.799624000047515, -9.525072000372461, 0.0 ], [ -35.799808999585593, -9.524683999566889, 0.0 ], [ -35.799943000369126, -9.524403000098346, 0.0 ], [ -35.800023999607845, -9.524231000260386, 0.0 ], [ -35.800050999953669, -9.524173000283668, 0.0 ], [ -35.800155000253028, -9.523960000353668, 0.0 ], [ -35.80030700006796, -9.523641000032057, 0.0 ], [ -35.800410000321222, -9.523424999963709, 0.0 ], [ -35.800525000228561, -9.523185999734039, 0.0 ], [ -35.800743000389105, -9.522731000335341, 0.0 ], [ -35.800878000319415, -9.522445999783031, 0.0 ], [ -35.801011000157473, -9.522167999553517, 0.0 ], [ -35.801189000272075, -9.521792000200605, 0.0 ], [ -35.801277999879744, -9.521605999717053, 0.0 ], [ -35.801365000294481, -9.521423000271227, 0.0 ], [ -35.801496000040345, -9.521150000272257, 0.0 ], [ -35.801713000154791, -9.520694999974239, 0.0 ], [ -35.801797000431179, -9.52051999999793, 0.0 ], [ -35.801912000338518, -9.520275000390882, 0.0 ], [ -35.801934999600519, -9.520226999976046, 0.0 ], [ -35.801979999877062, -9.520135000230027, 0.0 ], [ -35.802189999668713, -9.519691000439252, 0.0 ], [ -35.802442999644654, -9.519151999864846, 0.0 ], [ -35.802583999851663, -9.518850000327234, 0.0 ], [ -35.802692000335526, -9.518619999613236, 0.0 ], [ -35.802808000288962, -9.518372999913993, 0.0 ], [ -35.802928000426846, -9.518117999845742, 0.0 ], [ -35.803078000149526, -9.517796000285159, 0.0 ], [ -35.803274000194904, -9.517375999802482, 0.0 ], [ -35.80339000014834, -9.51712599996489, 0.0 ], [ -35.803517999755854, -9.516855000058172, 0.0 ], [ -35.803607000262787, -9.516665000289493, 0.0 ], [ -35.803672999709136, -9.516525000128581, 0.0 ], [ -35.803747000423698, -9.516304999875786, 0.0 ], [ -35.803802000262067, -9.516142999599708, 0.0 ], [ -35.80386200033098, -9.515963000292174, 0.0 ], [ -35.803906999708204, -9.515857999946718, 0.0 ], [ -35.804125999914902, -9.515396000225167, 0.0 ], [ -35.804375999752551, -9.514867000111906, 0.0 ], [ -35.804479000005813, -9.514649999997459, 0.0 ], [ -35.804479000005813, -9.514648999951362, 0.0 ], [ -35.804649999797618, -9.514287000344723, 0.0 ], [ -35.804703000443055, -9.514175999722568, 0.0 ], [ -35.804708999820434, -9.514163000022393, 0.0 ], [ -35.804708999820434, -9.514161999976295, 0.0 ], [ -35.80471600014323, -9.514147000183868, 0.0 ], [ -35.804919999658239, -9.513678000139521, 0.0 ], [ -35.805227000325772, -9.51307400016492, 0.0 ], [ -35.805335412699094, -9.51284749601507, 0.0 ], [ -35.805339000094762, -9.512840000165852, 0.0 ], [ -35.805508068142785, -9.512482541236238, 0.0 ], [ -35.80558399970181, -9.512321999660514, 0.0 ], [ -35.80568199972447, -9.512112999914962, 0.0 ], [ -35.805774000369752, -9.511931999662011, 0.0 ], [ -35.805844000000548, -9.511815999708574, 0.0 ], [ -35.805893528363583, -9.511737285647143, 0.0 ], [ -35.805914670525567, -9.511745872374092, 0.0 ] ] ] } },
{ "type": "Feature", "properties": { "OBJECTID": 17.0, "Shape_Leng": 0.18098321008000001, "DISTRIBUID": "ALGÁS", "TIPO": "Servidao_administrativa", "CLASSE": "Gasoduto_de_distribuicao", "FONTE": "Ministerio_da_infraestrutura", "LARGURA": 20.0, "Shape_Le_1": 0.18098321007985499 }, "geometry": { "type": "MultiLineString", "coordinates": [ [ [ -36.027962999792578, -9.492782999735596, 0.0 ], [ -36.027961999746424, -9.492782999735596, 0.0 ], [ -36.025463999663828, -9.493210999687847, 0.0 ], [ -36.02540000030973, -9.493221000148992, 0.0 ], [ -36.023763000362123, -9.493234999895265, 0.0 ], [ -36.022107999584478, -9.493384999618002, 0.0 ], [ -36.017827000015984, -9.493954999823359, 0.0 ], [ -36.017464000363304, -9.493975999892427, 0.0 ], [ -36.015151999864884, -9.493859999938991, 0.0 ], [ -36.014833999589371, -9.493916999869612, 0.0 ], [ -36.007265000379448, -9.504497000336244, 0.0 ], [ -36.002383000075326, -9.513309000210143, 0.0 ], [ -36.002380999983131, -9.513312000348492, 0.0 ], [ -36.002376999798685, -9.513317999725871, 0.0 ], [ -36.001933000007909, -9.514090000253248, 0.0 ], [ -36.001467000101911, -9.514833000342662, 0.0 ], [ -36.001466000055814, -9.51483400038876, 0.0 ], [ -36.001466000055814, -9.514835000434857, 0.0 ], [ -36.001465000009716, -9.514835999581692, 0.0 ], [ -36.001463999963562, -9.514837999673887, 0.0 ], [ -36.001145999688106, -9.515386999810119, 0.0 ], [ -36.00081399966632, -9.515947999600428, 0.0 ], [ -36.000284000406225, -9.516800000219803, 0.0 ], [ -36.000281000267933, -9.516803000358152, 0.0 ], [ -36.000277000083429, -9.516808999735531, 0.0 ], [ -35.99966399969378, -9.517859999639199, 0.0 ], [ -35.99886199958155, -9.518992999727118, 0.0 ], [ -35.994934000103967, -9.525268000417839, 0.0 ], [ -35.987683000270181, -9.536850000327206, 0.0 ], [ -35.974821999835399, -9.557502000317015, 0.0 ], [ -35.96919400020289, -9.562400999606382, 0.0 ], [ -35.96510699968826, -9.562290999929644, 0.0 ], [ -35.95757500038593, -9.579491999955792, 0.0 ], [ -35.954062000261047, -9.584806000396554, 0.0 ], [ -35.948011000007625, -9.590323000306171, 0.0 ], [ -35.947891999915839, -9.590902000027256, 0.0 ], [ -35.94784000021582, -9.590902000027256, 0.0 ], [ -35.947834999985218, -9.590902000027256, 0.0 ], [ -35.94782899970852, -9.590902000027256, 0.0 ], [ -35.939289999833591, -9.591191999910848, 0.0 ], [ -35.931646999909049, -9.591429000048265, 0.0 ], [ -35.919300999841198, -9.596384000121475, 0.0 ], [ -35.9083890002521, -9.605039999995938, 0.0 ], [ -35.908095000184062, -9.605836999877567, 0.0 ], [ -35.907131999841852, -9.607819000446455, 0.0 ], [ -35.906608462210727, -9.607574074583852, 0.0 ] ] ] } },
{ "type": "Feature", "properties": { "OBJECTID": 18.0, "Shape_Leng": 0.076898490516400006, "DISTRIBUID": "ALGÁS", "TIPO": "Servidao_administrativa", "CLASSE": "Gasoduto_de_distribuicao", "FONTE": "Ministerio_da_infraestrutura", "LARGURA": 20.0, "Shape_Le_1": 0.076898490516436005 }, "geometry": { "type": "MultiLineString", "coordinates": [ [ [ -35.837123054785081, -9.443136155509137, 0.0 ], [ -35.837288000340891, -9.443277000133378, 0.0 ], [ -35.837084999972717, -9.443554000316794, 0.0 ], [ -35.836508000343883, -9.443633000362638, 0.0 ], [ -35.835060000118858, -9.443824000177415, 0.0 ], [ -35.834791000304392, -9.443861000085064, 0.0 ], [ -35.83478900021214, -9.443861000085064, 0.0 ], [ -35.834787000119888, -9.443862000131162, 0.0 ], [ -35.834786000073791, -9.443862000131162, 0.0 ], [ -35.834783999981596, -9.443862000131162, 0.0 ], [ -35.834782999935442, -9.443863000177259, 0.0 ], [ -35.834780999843247, -9.443863000177259, 0.0 ], [ -35.834779999797092, -9.443864000223357, 0.0 ], [ -35.834778999750995, -9.443865000269511, 0.0 ], [ -35.834776999658743, -9.443865000269511, 0.0 ], [ -35.834775999612646, -9.443866000315609, 0.0 ], [ -35.834774000419714, -9.443867000361706, 0.0 ], [ -35.834773000373616, -9.443867000361706, 0.0 ], [ -35.834772000327519, -9.443868000407861, 0.0 ], [ -35.834770000235267, -9.443868999554638, 0.0 ], [ -35.834769000189169, -9.443869999600736, 0.0 ], [ -35.834768000143072, -9.44387099964689, 0.0 ], [ -35.834767000096917, -9.443871999692988, 0.0 ], [ -35.83476600005082, -9.443872999739085, 0.0 ], [ -35.834765000004722, -9.443873999785239, 0.0 ], [ -35.834762999912471, -9.443874999831337, 0.0 ], [ -35.834761999866373, -9.443876999923589, 0.0 ], [ -35.834760999820219, -9.443877999969686, 0.0 ], [ -35.834759999774121, -9.443879000015784, 0.0 ], [ -35.834759999774121, -9.443880000061881, 0.0 ], [ -35.834758999728024, -9.443882000154133, 0.0 ], [ -35.834757999681869, -9.443883000200231, 0.0 ], [ -35.834756999635772, -9.443884000246385, 0.0 ], [ -35.834755999589675, -9.44388600033858, 0.0 ], [ -35.834755999589675, -9.443887000384734, 0.0 ], [ -35.834755000442897, -9.443888000430832, 0.0 ], [ -35.834754000396742, -9.443889999623764, 0.0 ], [ -35.834754000396742, -9.443890999669861, 0.0 ], [ -35.834753000350645, -9.443892999762056, 0.0 ], [ -35.834483999636802, -9.444599999989975, 0.0 ], [ -35.834274999891306, -9.445149000126207, 0.0 ], [ -35.834258000006628, -9.445191000264401, 0.0 ], [ -35.834040999892181, -9.44572100042376, 0.0 ], [ -35.832786999620282, -9.44876599965113, 0.0 ], [ -35.832778000104554, -9.448787999766353, 0.0 ], [ -35.832767999643409, -9.448809999881519, 0.0 ], [ -35.832568000312904, -9.449247000248818, 0.0 ], [ -35.832553999667311, -9.449278999925866, 0.0 ], [ -35.832540999967136, -9.449310999602915, 0.0 ], [ -35.832355000382904, -9.449783999831652, 0.0 ], [ -35.83146199967149, -9.451954000077023, 0.0 ], [ -35.831457000340265, -9.451966999777198, 0.0 ], [ -35.830690000043433, -9.453775999562708, 0.0 ], [ -35.830543999605879, -9.454127999607465, 0.0 ], [ -35.830476000067279, -9.454294000067989, 0.0 ], [ -35.830355999929395, -9.454439999606223, 0.0 ], [ -35.830286000298656, -9.454607000112901, 0.0 ], [ -35.830250000437104, -9.454788000365852, 0.0 ], [ -35.830126000114774, -9.455113000064841, 0.0 ], [ -35.830115999653628, -9.455140000410665, 0.0 ], [ -35.829852000069707, -9.455790999854685, 0.0 ], [ -35.829845999793008, -9.455803999554917, 0.0 ], [ -35.829046999819127, -9.457836999777669, 0.0 ], [ -35.827440000355693, -9.461789000362046, 0.0 ], [ -35.82714800037985, -9.462510000336181, 0.0 ], [ -35.826797000381191, -9.463342000033208, 0.0 ], [ -35.82672799989723, -9.463509999686664, 0.0 ], [ -35.825787999716397, -9.465662000001259, 0.0 ], [ -35.824774999766362, -9.467952000384457, 0.0 ], [ -35.824764000158439, -9.467978999830905, 0.0 ], [ -35.824752999651196, -9.468006000176729, 0.0 ], [ -35.824704000089469, -9.468131999691991, 0.0 ], [ -35.824692000435448, -9.468164000268359, 0.0 ], [ -35.824080000091897, -9.469629000378006, 0.0 ], [ -35.823115999703589, -9.471856999700719, 0.0 ], [ -35.823014000395744, -9.472120000137863, 0.0 ], [ -35.822974000349802, -9.47221299992998, 0.0 ], [ -35.822942999819531, -9.472282000413941, 0.0 ], [ -35.822938999635085, -9.472291999975766, 0.0 ], [ -35.822913000234735, -9.472348999906387, 0.0 ], [ -35.822887999981162, -9.472407999929203, 0.0 ], [ -35.822803999704774, -9.47260700011293, 0.0 ], [ -35.822688999797435, -9.472885000342444, 0.0 ], [ -35.822642000328017, -9.472973999950113, 0.0 ], [ -35.822442000098192, -9.473534999740423, 0.0 ], [ -35.82212099968433, -9.474321000014072, 0.0 ], [ -35.821897746583716, -9.474838945660792, 0.0 ], [ -35.821895000054155, -9.474845999942886, 0.0 ], [ -35.821892752648353, -9.474851117085336, 0.0 ], [ -35.821260000448603, -9.476292000075716, 0.0 ], [ -35.821257000310254, -9.47630000044461, 0.0 ], [ -35.821256000264157, -9.476300999591388, 0.0 ], [ -35.821256000264157, -9.476301999637542, 0.0 ], [ -35.820770000335187, -9.47743899990985, 0.0 ], [ -35.820256000014354, -9.478639000389535, 0.0 ], [ -35.820121000084043, -9.478973999650293, 0.0 ], [ -35.81914700013391, -9.481297999802791, 0.0 ], [ -35.81871600004331, -9.48234500042139, 0.0 ], [ -35.818304999975737, -9.483313000094824, 0.0 ], [ -35.817395000279021, -9.485511999878838, 0.0 ], [ -35.816303000283199, -9.488145999937899, 0.0 ], [ -35.816302000237101, -9.488146999983996, 0.0 ], [ -35.816302000237101, -9.488148000030151, 0.0 ], [ -35.815816000308132, -9.489285000302459, 0.0 ], [ -35.815301999987241, -9.490484999882767, 0.0 ], [ -35.815166000010834, -9.490820000042902, 0.0 ], [ -35.814193000106854, -9.493145000241498, 0.0 ], [ -35.813762000016254, -9.494190999914679, 0.0 ], [ -35.813350999948625, -9.495159999634211, 0.0 ], [ -35.812440000205811, -9.497358000271447, 0.0 ], [ -35.811662000301055, -9.499238999779948, 0.0 ], [ -35.810839000119699, -9.501222000394932, 0.0 ], [ -35.809658999663043, -9.504005000130633, 0.0 ], [ -35.809565999870927, -9.504206999553332, 0.0 ], [ -35.809550000032459, -9.504243000314148, 0.0 ], [ -35.809535000240032, -9.504280000221797, 0.0 ], [ -35.809259000102713, -9.505001000195932, 0.0 ], [ -35.809223000241218, -9.5050960000803, 0.0 ], [ -35.80898900024215, -9.505688000400824, 0.0 ], [ -35.808180999853221, -9.507744999931731, 0.0 ], [ -35.807782000338989, -9.508641999928329, 0.0 ], [ -35.807601000086038, -9.509010999857708, 0.0 ], [ -35.807126999811146, -9.509977000338267, 0.0 ], [ -35.807107999834273, -9.510016000338112, 0.0 ], [ -35.80685799999668, -9.510572999943918, 0.0 ], [ -35.806853999812176, -9.510581000312868, 0.0 ], [ -35.806664118754043, -9.510996559043917, 0.0 ], [ -35.806610000251283, -9.51111499975741, 0.0 ], [ -35.806539999721167, -9.511251999779915, 0.0 ], [ -35.806470000090371, -9.511399000263623, 0.0 ], [ -35.806414000205905, -9.511554000216904, 0.0 ], [ -35.806335000160061, -9.511782999985428, 0.0 ], [ -35.806335000160061, -9.511784000031525, 0.0 ], [ -35.806332000021712, -9.511790000308224, 0.0 ], [ -35.806332000021712, -9.511791000354322, 0.0 ], [ -35.806330999975614, -9.511792000400476, 0.0 ], [ -35.806330999975614, -9.511793999593351, 0.0 ], [ -35.806329999929517, -9.511794999639449, 0.0 ], [ -35.806327999837265, -9.511800999916147, 0.0 ], [ -35.806317000229342, -9.511828000261971, 0.0 ], [ -35.806291804822877, -9.511816987164195, 0.0 ], [ -35.806043037056497, -9.51170824384036, 0.0 ] ] ] } }
]
}
