{
"type": "FeatureCollection",
"name": "Gasodutos_de_Transporte",
"crs": { "type": "name", "properties": { "name": "urn:ogc:def:crs:OGC:1.3:CRS84" } },
"features": [
{ "type": "Feature", "properties": { "OBJECTID": 9, "Nome_Dut_1": "FURADO/ROBALO", "Ini_Ctc_Mn": null, "Ini_Oper": null, "Categoria": "Dutos Instalados", "Etapa": null, "Cap_MMm3_d": null, "Ext_Km": "139", "Diam_Pol_m": "10", "Diam_Pol_x": "10", "Traçado": "BR E&P", "ID": 26.0, "CLASSIFIC": "GASODUTO", "TIPO_USO": "TRANSFERÊNCIA", "PRODUTOS": "GÁS-NATURAL", "UP_DOWN": "UPSTREAM", "ORIG_DUTO": "ESTAÇÃO COMPRESSORA DE FURADO", "DEST_DUTO": "ESTAÇAO COMPRESSORA DE ROBALO", "COMPRIM_KM": 139.0, "TIPO_MATER": "RÍGIDO TERRESTRE", "OPERADOR": "UN-SEAL", "MUNIC_ORIG": "SÃO MIGUEL DOS CAMPOS", "MUNIC_DEST": "ARACAJU", "Shape_Leng": 1.25411564, "Shape_Le_1": 1.25412601509, "ano": null, "fontedata": null, "id_1": 17, "nome": "Gasoduto", "categori_1": 3, "parent_id": 9 }, "geometry": { "type": "MultiLineString", "coordinates": [ [ [ -36.445623258823794, -10.418991841551774, 0.0 ], [ -36.439515478999965, -10.413474526999948, 0.0 ], [ -36.43688799499995, -10.399899681999955, 0.0 ], [ -36.429586723999932, -10.399841195999954, 0.0 ], [ -36.398955367999974, -10.394156915999929, 0.0 ], [ -36.372482466999941, -10.378270486999952, 0.0 ], [ -36.345710855999982, -10.361199216999978, 0.0 ], [ -36.319192071999964, -10.344598203999965, 0.0 ], [ -36.318364513999938, -10.344046576999972, 0.0 ], [ -36.305351529999939, -10.315788237999982, 0.0 ], [ -36.295869576999962, -10.295477796999933, 0.0 ], [ -36.28767787299995, -10.273170172999926, 0.0 ], [ -36.275924621999934, -10.261869599999955, 0.0 ], [ -36.268938917999947, -10.255216197999971, 0.0 ], [ -36.258369615999982, -10.243150906999972, 0.0 ], [ -36.244283, -10.22809721699997, 0.0 ], [ -36.235437573999945, -10.219247797999969, 0.0 ], [ -36.222968333999972, -10.209153119999939, 0.0 ], [ -36.221479320999947, -10.207957161999957, 0.0 ], [ -36.179464990999975, -10.168802018999941, 0.0 ], [ -36.163354153999933, -10.157251856999949, 0.0 ], [ -36.162194818999978, -10.156883715999982, 0.0 ], [ -36.121779050999976, -10.125853236999944, 0.0 ], [ -36.09616060299993, -10.089951780999968, 0.0 ], [ -36.071054591999939, -10.071834875999969, 0.0 ], [ -36.049256634999949, -10.056117675999928, 0.0 ], [ -36.03216307799994, -10.030497669999932, 0.0 ], [ -36.016573097999981, -10.012473012999976, 0.0 ], [ -36.013053101999958, -10.005711738999935, 0.0 ], [ -36.010686070999952, -9.964846889999933, 0.0 ], [ -36.032881317999966, -9.879460153999958, 0.0 ], [ -36.043134989999942, -9.853687027999968, 0.0 ], [ -36.070907078999937, -9.837390695999943, 0.0 ], [ -36.092394709999951, -9.820361405999961, 0.0 ], [ -36.096668272999977, -9.816962631999957, 0.0 ], [ -36.097807977999935, -9.816026572999931, 0.0 ], [ -36.104915904999984, -9.810391641999956, 0.0 ], [ -36.112380692999977, -9.804499005999958, 0.0 ], [ -36.119120770999984, -9.799256553999953, 0.0 ], [ -36.126200866999966, -9.793607168999927, 0.0 ], [ -36.133530254999982, -9.786596449999934, 0.0 ], [ -36.136645292999958, -9.779539199999931, 0.0 ], [ -36.135805852999965, -9.777056759999937, 0.0 ], [ -36.135798637999983, -9.776839894999966, 0.0 ], [ -36.135883120999949, -9.776542497999969, 0.0 ], [ -36.137240381999959, -9.773328805999938, 0.0 ], [ -36.137979816999973, -9.770995227999947, 0.0 ], [ -36.140268256999946, -9.763748736999958, 0.0 ], [ -36.140537832999939, -9.762662941999963, 0.0 ], [ -36.140637088999938, -9.762244061999979, 0.0 ] ] ] } },
{ "type": "Feature", "properties": { "OBJECTID": 24, "Nome_Dut_1": "CSMC-17 / FURADO (BAIXA)", "Ini_Ctc_Mn": null, "Ini_Oper": null, "Categoria": "Dutos Instalados", "Etapa": null, "Cap_MMm3_d": null, "Ext_Km": "5", "Diam_Pol_m": "14", "Diam_Pol_x": "14", "Traçado": "BR E&P", "ID": 7.0, "CLASSIFIC": "GASODUTO", "TIPO_USO": "TRANSFERÊNCIA", "PRODUTOS": "GÁS-NATURAL", "UP_DOWN": "UPSTREAM", "ORIG_DUTO": "ESTAÇÃO CSMC-17", "DEST_DUTO": "ESTAÇÃO FURADO", "COMPRIM_KM": 5.0, "TIPO_MATER": "RÍGIDO TERRESTRE", "OPERADOR": "UN-SEAL", "MUNIC_ORIG": "SÃO MIGUEL DOS CAMPOS", "MUNIC_DEST": "SÃO MIGUEL DOS CAMPOS", "Shape_Leng": 0.05664493, "Shape_Le_1": 0.05664539694, "ano": null, "fontedata": null, "id_1": 17, "nome": "Gasoduto", "categori_1": 3, "parent_id": 9 }, "geometry": { "type": "MultiLineString", "coordinates": [ [ [ -36.140859460999934, -9.762291501999925, 0.0 ], [ -36.140759873999968, -9.762711403999958, 0.0 ], [ -36.140488525999956, -9.763804543999981, 0.0 ], [ -36.138198097999975, -9.771057338999981, 0.0 ], [ -36.137455688999978, -9.77340019199994, 0.0 ], [ -36.136099681999951, -9.776611012999979, 0.0 ], [ -36.136027437999928, -9.776865204999979, 0.0 ], [ -36.136032602999933, -9.777019910999968, 0.0 ], [ -36.136887899999977, -9.779549215999964, 0.0 ], [ -36.133723417999931, -9.786718508999968, 0.0 ], [ -36.126355670999942, -9.793765937999979, 0.0 ], [ -36.119264776999955, -9.799423942999965, 0.0 ], [ -36.117145988999937, -9.801002424999979, 0.0 ], [ -36.11616860099997, -9.801709141999936, 0.0 ], [ -36.116721801999972, -9.801929715999961, 0.0 ], [ -36.117923536999967, -9.802335652999943, 0.0 ], [ -36.123394829999938, -9.803677662999974, 0.0 ] ] ] } },
{ "type": "Feature", "properties": { "OBJECTID": 37, "Nome_Dut_1": "CSMC-17 / FURADO (MÉDIA)", "Ini_Ctc_Mn": null, "Ini_Oper": null, "Categoria": "Dutos Instalados", "Etapa": null, "Cap_MMm3_d": null, "Ext_Km": "5", "Diam_Pol_m": "12", "Diam_Pol_x": "12", "Traçado": "BR E&P", "ID": 21.0, "CLASSIFIC": "GASODUTO", "TIPO_USO": "TRANSFERÊNCIA", "PRODUTOS": "GÁS-NATURAL", "UP_DOWN": "UPSTREAM", "ORIG_DUTO": "ESTAÇÃO CSMC-17", "DEST_DUTO": "ESTAÇÃO FURADO", "COMPRIM_KM": 5.0, "TIPO_MATER": "RÍGIDO TERRESTRE", "OPERADOR": "UN-SEAL", "MUNIC_ORIG": "SÃO MIGUEL DOS CAMPOS", "MUNIC_DEST": "SÃO MIGUEL DOS CAMPOS", "Shape_Leng": 0.05599696, "Shape_Le_1": 0.05599742214, "ano": null, "fontedata": null, "id_1": 17, "nome": "Gasoduto", "categori_1": 3, "parent_id": 9 }, "geometry": { "type": "MultiLineString", "coordinates": [ [ [ -36.141081745999941, -9.762338850999981, 0.0 ], [ -36.140982006999934, -9.762759868999979, 0.0 ], [ -36.140708795999956, -9.763860349999959, 0.0 ], [ -36.138416383999981, -9.771119364999947, 0.0 ], [ -36.137671090999959, -9.773471495999956, 0.0 ], [ -36.136316247999957, -9.776679440999942, 0.0 ], [ -36.136256233999973, -9.776890599999945, 0.0 ], [ -36.136259351999968, -9.776983061999942, 0.0 ], [ -36.137130500999945, -9.77955931799994, 0.0 ], [ -36.133916581999983, -9.786840567999946, 0.0 ], [ -36.126510472999939, -9.793924706999974, 0.0 ], [ -36.119408786999941, -9.799591244999931, 0.0 ], [ -36.117285704999972, -9.801173054999936, 0.0 ], [ -36.116619345999936, -9.801654835999955, 0.0 ], [ -36.116804223999964, -9.801728528999945, 0.0 ], [ -36.117990362999933, -9.802129270999956, 0.0 ], [ -36.123451750999948, -9.803468789999954, 0.0 ] ] ] } },
{ "type": "Feature", "properties": { "OBJECTID": 38, "Nome_Dut_1": "CSMC-17 / FURADO (ALTA)", "Ini_Ctc_Mn": null, "Ini_Oper": null, "Categoria": "Dutos Instalados", "Etapa": null, "Cap_MMm3_d": null, "Ext_Km": "5", "Diam_Pol_m": "10", "Diam_Pol_x": "10", "Traçado": "BR E&P", "ID": 22.0, "CLASSIFIC": "GASODUTO", "TIPO_USO": "TRANSFERÊNCIA", "PRODUTOS": "GÁS-NATURAL", "UP_DOWN": "UPSTREAM", "ORIG_DUTO": "ESTAÇÃO CSMC-17", "DEST_DUTO": "ESTAÇÃO FURADO", "COMPRIM_KM": 5.0, "TIPO_MATER": "RÍGIDO TERRESTRE", "OPERADOR": "UN-SEAL", "MUNIC_ORIG": "SÃO MIGUEL DOS CAMPOS", "MUNIC_DEST": "SÃO MIGUEL DOS CAMPOS", "Shape_Leng": 0.05532882, "Shape_Le_1": 0.05532926707, "ano": null, "fontedata": null, "id_1": 17, "nome": "Gasoduto", "categori_1": 3, "parent_id": 9 }, "geometry": { "type": "MultiLineString", "coordinates": [ [ [ -36.141304117999937, -9.762386291999974, 0.0 ], [ -36.141204048999953, -9.762808329999928, 0.0 ], [ -36.140929064999966, -9.763916156999926, 0.0 ], [ -36.138634665999973, -9.771181476999971, 0.0 ], [ -36.137886398999967, -9.773542882999948, 0.0 ], [ -36.136532808999959, -9.776747954999962, 0.0 ], [ -36.136485124999979, -9.776915913999972, 0.0 ], [ -36.136486101999935, -9.776946212999974, 0.0 ], [ -36.137373106999974, -9.779569332999927, 0.0 ], [ -36.134109744999932, -9.786962627999969, 0.0 ], [ -36.126665184999979, -9.794083471999954, 0.0 ], [ -36.119552792999968, -9.799758633999943, 0.0 ], [ -36.117425426999944, -9.801343599999939, 0.0 ], [ -36.117080556999952, -9.801592846999938, 0.0 ], [ -36.11805719299997, -9.801922802999968, 0.0 ], [ -36.123508762999961, -9.803259919999959, 0.0 ] ] ] } },
{ "type": "Feature", "properties": { "OBJECTID": 39, "Nome_Dut_1": "SMC-12 / CSMC-17 (MÉDIA)", "Ini_Ctc_Mn": null, "Ini_Oper": null, "Categoria": "Dutos Instalados", "Etapa": null, "Cap_MMm3_d": null, "Ext_Km": "5", "Diam_Pol_m": "10", "Diam_Pol_x": "10", "Traçado": "BR E&P", "ID": 23.0, "CLASSIFIC": "GASODUTO", "TIPO_USO": "TRANSFERÊNCIA", "PRODUTOS": "GÁS-NATURAL", "UP_DOWN": "UPSTREAM", "ORIG_DUTO": "ESTAÇÃO SMC-12", "DEST_DUTO": "ESTAÇÃO CSMC-17", "COMPRIM_KM": 5.0, "TIPO_MATER": "RÍGIDO TERRESTRE", "OPERADOR": "UN-SEAL", "MUNIC_ORIG": "SÃO MIGUEL DOS CAMPOS", "MUNIC_DEST": "SÃO MIGUEL DOS CAMPOS", "Shape_Leng": 0.0429583, "Shape_Le_1": 0.04295865103, "ano": null, "fontedata": null, "id_1": 17, "nome": "Gasoduto", "categori_1": 3, "parent_id": 9 }, "geometry": { "type": "MultiLineString", "coordinates": [ [ [ -36.098720584999967, -9.837539442999969, 0.0 ], [ -36.102972324999939, -9.832668900999977, 0.0 ], [ -36.119050296999944, -9.813288806999935, 0.0 ], [ -36.126629574999981, -9.805334108999944, 0.0 ], [ -36.126562813999954, -9.805016157999944, 0.0 ] ] ] } },
{ "type": "Feature", "properties": { "OBJECTID": 40, "Nome_Dut_1": "SMC-12 / CSMC-17 (BAIXA)", "Ini_Ctc_Mn": null, "Ini_Oper": null, "Categoria": "Dutos Instalados", "Etapa": null, "Cap_MMm3_d": null, "Ext_Km": "5", "Diam_Pol_m": "10", "Diam_Pol_x": "10", "Traçado": "BR E&P", "ID": 24.0, "CLASSIFIC": "GASODUTO", "TIPO_USO": "TRANSFERÊNCIA", "PRODUTOS": "GÁS-NATURAL", "UP_DOWN": "UPSTREAM", "ORIG_DUTO": "ESTAÇÃO SMC-12", "DEST_DUTO": "ESTAÇÃO CSMC-17", "COMPRIM_KM": 5.0, "TIPO_MATER": "RÍGIDO TERRESTRE", "OPERADOR": "UN-SEAL", "MUNIC_ORIG": "SÃO MIGUEL DOS CAMPOS", "MUNIC_DEST": "SÃO MIGUEL DOS CAMPOS", "Shape_Leng": 0.04274828, "Shape_Le_1": 0.04274862979, "ano": null, "fontedata": null, "id_1": 17, "nome": "Gasoduto", "categori_1": 3, "parent_id": 9 }, "geometry": { "type": "MultiLineString", "coordinates": [ [ [ -36.098544914999934, -9.837401885999952, 0.0 ], [ -36.102794796999945, -9.832533501999933, 0.0 ], [ -36.118875885999955, -9.813149690999978, 0.0 ], [ -36.126383740999984, -9.805269877999933, 0.0 ], [ -36.126339311999971, -9.805058144999975, 0.0 ] ] ] } },
{ "type": "Feature", "properties": { "OBJECTID": 41, "Nome_Dut_1": "SMC-12 / CSMC-17 (ALTA)", "Ini_Ctc_Mn": null, "Ini_Oper": null, "Categoria": "Dutos Instalados", "Etapa": null, "Cap_MMm3_d": null, "Ext_Km": "5", "Diam_Pol_m": "8", "Diam_Pol_x": "8", "Traçado": "BR E&P", "ID": 25.0, "CLASSIFIC": "GASODUTO", "TIPO_USO": "TRANSFERÊNCIA", "PRODUTOS": "GÁS-NATURAL", "UP_DOWN": "UPSTREAM", "ORIG_DUTO": "ESTAÇÃO SMC-12", "DEST_DUTO": "ESTAÇÃO CSMC-17", "COMPRIM_KM": 5.0, "TIPO_MATER": "RÍGIDO TERRESTRE", "OPERADOR": "UN-SEAL", "MUNIC_ORIG": "SÃO MIGUEL DOS CAMPOS", "MUNIC_DEST": "SÃO MIGUEL DOS CAMPOS", "Shape_Leng": 0.04316811, "Shape_Le_1": 0.0431684582, "ano": null, "fontedata": null, "id_1": 17, "nome": "Gasoduto", "categori_1": 3, "parent_id": 9 }, "geometry": { "type": "MultiLineString", "coordinates": [ [ [ -36.09889635199994, -9.837676917999943, 0.0 ], [ -36.103149848999976, -9.832804386999953, 0.0 ], [ -36.119224798999937, -9.813427926999964, 0.0 ], [ -36.126875407999933, -9.805398339999954, 0.0 ], [ -36.126786310999933, -9.804974257999959, 0.0 ] ] ] } },
{ "type": "Feature", "properties": { "OBJECTID": 46, "Nome_Dut_1": "PILAR / FURADO", "Ini_Ctc_Mn": null, "Ini_Oper": null, "Categoria": "Dutos Instalados", "Etapa": null, "Cap_MMm3_d": null, "Ext_Km": "35", "Diam_Pol_m": "14", "Diam_Pol_x": "14", "Traçado": "BR E&P", "ID": 72.0, "CLASSIFIC": "GASODUTO", "TIPO_USO": "TRANSFERÊNCIA", "PRODUTOS": "GÁS-NATURAL", "UP_DOWN": "UPSTREAM", "ORIG_DUTO": "ESTAÇÃO DE COMPRESSORES DE PILAR", "DEST_DUTO": "ESTAÇÃO DE COMPRESSORES DE FURADO", "COMPRIM_KM": 35.0, "TIPO_MATER": "RÍGIDO TERRESTRE", "OPERADOR": "UN-SEAL", "MUNIC_ORIG": "PILAR", "MUNIC_DEST": "SÃO MIGUEL DOS CAMPOS", "Shape_Leng": 0.31627912, "Shape_Le_1": 0.31628179271000001, "ano": null, "fontedata": null, "id_1": 17, "nome": "Gasoduto", "categori_1": 3, "parent_id": 9 }, "geometry": { "type": "MultiLineString", "coordinates": [ [ [ -35.906766022999932, -9.606136497999955, 0.0 ], [ -35.907291904999965, -9.606320196999945, 0.0 ], [ -35.90759365699995, -9.605562576999944, 0.0 ], [ -35.907772530999978, -9.605160146999935, 0.0 ], [ -35.90948263699994, -9.601312581999935, 0.0 ], [ -35.913058172999968, -9.598967438999978, 0.0 ], [ -35.91875816299995, -9.596119176999935, 0.0 ], [ -35.919056183999942, -9.595937803999959, 0.0 ], [ -35.921609964999959, -9.594752580999966, 0.0 ], [ -35.939334029999941, -9.59073621899995, 0.0 ], [ -35.939655467999955, -9.590715084999943, 0.0 ], [ -35.939580823999961, -9.590710507999972, 0.0 ], [ -35.943257524999979, -9.590524046999974, 0.0 ], [ -35.94821152999998, -9.590394063999952, 0.0 ], [ -35.94973542799994, -9.590391870999952, 0.0 ], [ -35.951946662999944, -9.590319973999954, 0.0 ], [ -35.955908382999951, -9.590055579999955, 0.0 ], [ -35.960812242999964, -9.589961423999966, 0.0 ], [ -35.963841556999967, -9.589964548999944, 0.0 ], [ -35.970941212999946, -9.592728290999958, 0.0 ], [ -35.97150088099994, -9.59332289799994, 0.0 ], [ -35.97187856599993, -9.593840507999971, 0.0 ], [ -35.972457541999972, -9.594763175999958, 0.0 ], [ -35.973458763999929, -9.596267766999972, 0.0 ], [ -35.974525311999969, -9.597842280999942, 0.0 ], [ -35.975081965999948, -9.598737608999954, 0.0 ], [ -35.97760883199993, -9.602578704999928, 0.0 ], [ -35.981382925999981, -9.607967557999928, 0.0 ], [ -35.981614789999981, -9.608310432999929, 0.0 ], [ -35.982278865999945, -9.60886910399995, 0.0 ], [ -35.984240024999963, -9.610562757999958, 0.0 ], [ -35.987499152999931, -9.61336704799993, 0.0 ], [ -35.995119207999949, -9.62560958499995, 0.0 ], [ -36.002653117999955, -9.63775125199993, 0.0 ], [ -36.003743264999969, -9.639506460999939, 0.0 ], [ -36.004959935999977, -9.641465252999978, 0.0 ], [ -36.006187175999969, -9.643440830999964, 0.0 ], [ -36.007979692999982, -9.646327984999971, 0.0 ], [ -36.008316204999971, -9.646853815999975, 0.0 ], [ -36.008685324999931, -9.647418931999937, 0.0 ], [ -36.009111288999975, -9.648103912999943, 0.0 ], [ -36.009212629999979, -9.648247587999947, 0.0 ], [ -36.009345941999982, -9.648415571999976, 0.0 ], [ -36.009491867999941, -9.648716329999957, 0.0 ], [ -36.009961564999969, -9.649382422999963, 0.0 ], [ -36.010931674999938, -9.650317207999933, 0.0 ], [ -36.011869948999959, -9.651323480999963, 0.0 ], [ -36.014780606999977, -9.654303419999962, 0.0 ], [ -36.015164638999977, -9.654714614999932, 0.0 ], [ -36.015298941999959, -9.654901139999936, 0.0 ], [ -36.01530594999997, -9.654898120999974, 0.0 ], [ -36.015900898999973, -9.655531276999966, 0.0 ], [ -36.016688402999932, -9.655902398999956, 0.0 ], [ -36.016914841999949, -9.656149145999962, 0.0 ], [ -36.017594162999956, -9.656374950999975, 0.0 ], [ -36.018298816999959, -9.65683108099995, 0.0 ], [ -36.018696066999951, -9.657079352999972, 0.0 ], [ -36.019127535999985, -9.65727431199997, 0.0 ], [ -36.019509476999929, -9.657503942999938, 0.0 ], [ -36.020311040999957, -9.658008185999961, 0.0 ], [ -36.028165227999978, -9.66343362799995, 0.0 ], [ -36.030385212999931, -9.665034145999925, 0.0 ], [ -36.03478808899996, -9.668008465999947, 0.0 ], [ -36.038777761999938, -9.670862733999968, 0.0 ], [ -36.039059302999931, -9.671099821999974, 0.0 ], [ -36.040383577999933, -9.672300802999928, 0.0 ], [ -36.041517620999969, -9.673295173999975, 0.0 ], [ -36.041420310999968, -9.673226048999936, 0.0 ], [ -36.042255732999934, -9.673877177999941, 0.0 ], [ -36.046041085999946, -9.677067112999964, 0.0 ], [ -36.049833562999936, -9.680240641999944, 0.0 ], [ -36.051662190999934, -9.68182911699995, 0.0 ], [ -36.055726039999968, -9.685359204999941, 0.0 ], [ -36.055864529999951, -9.685589264999976, 0.0 ], [ -36.056200763999982, -9.686393070999941, 0.0 ], [ -36.056362332999981, -9.686736333999932, 0.0 ], [ -36.056729895999979, -9.687702567999963, 0.0 ], [ -36.056915846999971, -9.687987267999972, 0.0 ], [ -36.057375217999947, -9.688282944999969, 0.0 ], [ -36.058440786999938, -9.688925779999977, 0.0 ], [ -36.060863879999943, -9.690466903999948, 0.0 ], [ -36.06251849399996, -9.691540207999935, 0.0 ], [ -36.063676524999948, -9.692320812999981, 0.0 ], [ -36.064458392999938, -9.692885742999977, 0.0 ], [ -36.06472639499998, -9.693155200999968, 0.0 ], [ -36.064848139999981, -9.693279642999926, 0.0 ], [ -36.065409045999957, -9.694259468999974, 0.0 ], [ -36.065862922999941, -9.695041204999939, 0.0 ], [ -36.065930616999935, -9.695088043999931, 0.0 ], [ -36.066126354999938, -9.695287544999928, 0.0 ], [ -36.066299623999953, -9.695439183999952, 0.0 ], [ -36.066591235999965, -9.695632588999956, 0.0 ], [ -36.06699079599997, -9.696025603999942, 0.0 ], [ -36.067429639999943, -9.696357944999932, 0.0 ], [ -36.067737529999931, -9.696602273999929, 0.0 ], [ -36.068239451999943, -9.696935866999979, 0.0 ], [ -36.068926300999976, -9.697476374999951, 0.0 ], [ -36.069103060999964, -9.697719080999946, 0.0 ], [ -36.069457419999935, -9.698004611999977, 0.0 ], [ -36.069827678999957, -9.698243162999972, 0.0 ], [ -36.070497481999951, -9.698595514999965, 0.0 ], [ -36.070761737999931, -9.698667206999971, 0.0 ], [ -36.071085564999976, -9.698757513999965, 0.0 ], [ -36.071474124999952, -9.698865481999974, 0.0 ], [ -36.071649653999941, -9.698946046999936, 0.0 ], [ -36.071993438999982, -9.699110010999959, 0.0 ], [ -36.072577101999968, -9.699608655999953, 0.0 ], [ -36.073242305999941, -9.700186195999947, 0.0 ], [ -36.073525515999961, -9.700433015999977, 0.0 ], [ -36.073961122999947, -9.700802791999934, 0.0 ], [ -36.074537506999945, -9.701292784999964, 0.0 ], [ -36.075479697999981, -9.701951218999966, 0.0 ], [ -36.083293244999936, -9.709045527999933, 0.0 ], [ -36.090927087999944, -9.716091595999956, 0.0 ], [ -36.093597927999951, -9.718594239999959, 0.0 ], [ -36.094785566999974, -9.719662607999965, 0.0 ], [ -36.098431810999955, -9.723153547999971, 0.0 ], [ -36.102194390999955, -9.726768007999965, 0.0 ], [ -36.10611161199995, -9.730403526999964, 0.0 ], [ -36.107220509999934, -9.731840588999944, 0.0 ], [ -36.109236711999984, -9.734453802999951, 0.0 ], [ -36.111885348999976, -9.737802831999943, 0.0 ], [ -36.114855858999931, -9.740146066999955, 0.0 ], [ -36.116053816999965, -9.74063042399996, 0.0 ], [ -36.117160724999962, -9.741157410999961, 0.0 ], [ -36.13131444499993, -9.74969465199996, 0.0 ], [ -36.137688280999953, -9.753496447999964, 0.0 ], [ -36.140306080999949, -9.755142416999945, 0.0 ], [ -36.13969586099995, -9.756827228999953, 0.0 ], [ -36.13966034799995, -9.756961835999959, 0.0 ], [ -36.139526663999959, -9.757326528999954, 0.0 ], [ -36.139309908999962, -9.757945397999947, 0.0 ], [ -36.139274450999949, -9.758127110999965, 0.0 ], [ -36.139275462999933, -9.758261385999958, 0.0 ], [ -36.139309100999981, -9.75856747399996, 0.0 ], [ -36.139379536999968, -9.758775319999927, 0.0 ], [ -36.139382919999946, -9.759986534999939, 0.0 ], [ -36.139361581999935, -9.760923568999942, 0.0 ], [ -36.139387601999942, -9.761268515999973, 0.0 ], [ -36.139475838999942, -9.761572499999943, 0.0 ], [ -36.13967387699995, -9.761451738999938, 0.0 ], [ -36.139838127999951, -9.761442421999959, 0.0 ], [ -36.14, -9.761443183999972, 0.0 ] ] ] } },
{ "type": "Feature", "properties": { "OBJECTID": 500, "Nome_Dut_1": "GASALP (PILAR/CABO)", "Ini_Ctc_Mn": null, "Ini_Oper": "2000", "Categoria": "Dutos Instalados", "Etapa": null, "Cap_MMm3_d": "2,6", "Ext_Km": "204", "Diam_Pol_m": "12", "Diam_Pol_x": "12", "Traçado": "BR E&P", "ID": 501.0, "CLASSIFIC": "GASODUTO", "TIPO_USO": "TRANSPORTE", "PRODUTOS": "GÁS-NATURAL", "UP_DOWN": "DOWNSTREAM", "ORIG_DUTO": "ESTAÇÃO PILAR", "DEST_DUTO": "CITY GATE KM 204, CABO", "COMPRIM_KM": 204.0, "TIPO_MATER": "RÍGIDO TERRESTRE", "OPERADOR": "DT/REGIONAL NNE", "MUNIC_ORIG": "PILAR", "MUNIC_DEST": "CABO DE SANTO AGOSTINHO", "Shape_Leng": 1.82121125, "Shape_Le_1": 1.82122630889, "ano": 2000, "fontedata": "Original", "id_1": 17, "nome": "Gasoduto", "categori_1": 3, "parent_id": 9 }, "geometry": { "type": "MultiLineString", "coordinates": [ [ [ -35.906905263999931, -9.60807095499996, 0.0 ], [ -35.906991627999957, -9.608103061999941, 0.0 ], [ -35.90702380099998, -9.608111918999953, 0.0 ], [ -35.907051818999946, -9.608115043999931, 0.0 ], [ -35.907079131999978, -9.608116061999965, 0.0 ], [ -35.907114261999936, -9.60811427699997, 0.0 ], [ -35.907148438999968, -9.60810657299993, 0.0 ], [ -35.90716062599995, -9.608102260999942, 0.0 ], [ -35.907185986999934, -9.608092304999957, 0.0 ], [ -35.907207463999953, -9.608081637999931, 0.0 ], [ -35.907226854999976, -9.608067412999958, 0.0 ], [ -35.907243408999932, -9.608050023999965, 0.0 ], [ -35.90724912099995, -9.608042366999939, 0.0 ], [ -35.907265372999973, -9.608018835999928, 0.0 ], [ -35.907296273999975, -9.607964440999979, 0.0 ], [ -35.907303602999946, -9.60794728299993, 0.0 ], [ -35.907393829999933, -9.607719490999955, 0.0 ], [ -35.907398480999973, -9.607707896999955, 0.0 ], [ -35.907403403999979, -9.607696316999977, 0.0 ], [ -35.907408590999978, -9.60768492099993, 0.0 ], [ -35.907413863999977, -9.607673616999932, 0.0 ], [ -35.907419408999942, -9.607662325999968, 0.0 ], [ -35.907425127999943, -9.607651216999955, 0.0 ], [ -35.907427986999949, -9.607645662999971, 0.0 ], [ -35.907651950999934, -9.607226778999973, 0.0 ], [ -35.907654995999962, -9.607221146999962, 0.0 ], [ -35.907657773999972, -9.607215415999974, 0.0 ], [ -35.907660551999982, -9.60720968399994, 0.0 ], [ -35.907663242999945, -9.607203862999938, 0.0 ], [ -35.907665752999947, -9.607198030999939, 0.0 ], [ -35.907668266999963, -9.60719211299994, 0.0 ], [ -35.907670598999971, -9.607186186999968, 0.0 ], [ -35.907672844999979, -9.607180169999936, 0.0 ], [ -35.907673919999979, -9.607177202999935, 0.0 ], [ -35.907982937999975, -9.606308845999934, 0.0 ], [ -35.908001314999979, -9.606238287999929, 0.0 ], [ -35.908002438999972, -9.606231092999963, 0.0 ], [ -35.908006612999941, -9.60620324599995, 0.0 ], [ -35.908011063999936, -9.60613043799998, 0.0 ], [ -35.908010732999969, -9.606123169999933, 0.0 ], [ -35.908007576999978, -9.606052658999943, 0.0 ], [ -35.907992063999984, -9.60596961899995, 0.0 ], [ -35.907990054999971, -9.605959677999977, 0.0 ], [ -35.907987954999953, -9.605949731999942, 0.0 ], [ -35.907985577999966, -9.605939858999932, 0.0 ], [ -35.907983108999929, -9.605929981999964, 0.0 ], [ -35.907981452999934, -9.605923595999968, 0.0 ], [ -35.907963518999964, -9.605858066999929, 0.0 ], [ -35.907772530999978, -9.605160146999935, 0.0 ], [ -35.906266411999979, -9.599656704999973, 0.0 ], [ -35.904009608999957, -9.591409218999956, 0.0 ], [ -35.904003158999956, -9.591373764999958, 0.0 ], [ -35.904003038999974, -9.591337676999956, 0.0 ], [ -35.904004283999939, -9.59132660399996, 0.0 ], [ -35.904056485999945, -9.590953276999926, 0.0 ], [ -35.904068180999957, -9.59086969599997, 0.0 ], [ -35.90407006199996, -9.590833707999934, 0.0 ], [ -35.90406554599997, -9.590797918999954, 0.0 ], [ -35.904065396999954, -9.590797306999946, 0.0 ], [ -35.90399126899996, -9.590458686999966, 0.0 ], [ -35.903980475999958, -9.590424224999936, 0.0 ], [ -35.903963801999964, -9.590392231999942, 0.0 ], [ -35.903963633999979, -9.590391964999981, 0.0 ], [ -35.899379250999971, -9.583211607999942, 0.0 ], [ -35.89450764299994, -9.575581006999926, 0.0 ], [ -35.892931424999972, -9.573112020999929, 0.0 ], [ -35.892914749999932, -9.57308003199995, 0.0 ], [ -35.892914102999953, -9.573078531999954, 0.0 ], [ -35.891704665999953, -9.570092596999928, 0.0 ], [ -35.890201033999972, -9.567660181999941, 0.0 ], [ -35.889476823999985, -9.566488689999971, 0.0 ], [ -35.889455147999968, -9.566459731999942, 0.0 ], [ -35.889446004999968, -9.566450127999929, 0.0 ], [ -35.88599813999997, -9.563053004999972, 0.0 ], [ -35.885974745999931, -9.563025429999925, 0.0 ], [ -35.885956471999975, -9.562994311999944, 0.0 ], [ -35.885952566999947, -9.562985658999935, 0.0 ], [ -35.885426448999965, -9.561731182999949, 0.0 ], [ -35.885415466999973, -9.561696802999961, 0.0 ], [ -35.885414028999946, -9.561689739999963, 0.0 ], [ -35.885177025999951, -9.560432474999971, 0.0 ], [ -35.885000531999935, -9.559496451999962, 0.0 ], [ -35.884990842999969, -9.559461790999933, 0.0 ], [ -35.884975108999981, -9.559429244999933, 0.0 ], [ -35.884974523999972, -9.55942826699993, 0.0 ], [ -35.884241673999952, -9.558212640999955, 0.0 ], [ -35.884240417999933, -9.558210592999956, 0.0 ], [ -35.882676955999955, -9.555683704999979, 0.0 ], [ -35.882660752999982, -9.555651396999963, 0.0 ], [ -35.882650417999969, -9.555616875999931, 0.0 ], [ -35.882646894999937, -9.55559287899996, 0.0 ], [ -35.882347734999939, -9.552087451999967, 0.0 ], [ -35.882340343999942, -9.552000687999964, 0.0 ], [ -35.882334171999958, -9.551965079999945, 0.0 ], [ -35.882322693999981, -9.551933092999946, 0.0 ], [ -35.881726765999929, -9.550621603999957, 0.0 ], [ -35.88171476399998, -9.550587519999965, 0.0 ], [ -35.88170886499995, -9.550551925999969, 0.0 ], [ -35.881708479999929, -9.550545606999947, 0.0 ], [ -35.881526878999978, -9.546434200999954, 0.0 ], [ -35.881528483999944, -9.546398117999956, 0.0 ], [ -35.881531878999965, -9.546379384999966, 0.0 ], [ -35.881921496999951, -9.544671076999975, 0.0 ], [ -35.88193258299998, -9.544636757999967, 0.0 ], [ -35.881949467999959, -9.544604799999945, 0.0 ], [ -35.881971728999929, -9.54457630099995, 0.0 ], [ -35.881987233999951, -9.544561276999957, 0.0 ], [ -35.882930224999939, -9.543739738999932, 0.0 ], [ -35.884771752999939, -9.542135253999959, 0.0 ], [ -35.88479689199994, -9.542109140999969, 0.0 ], [ -35.884817044999977, -9.542079155999943, 0.0 ], [ -35.884825872999954, -9.542061123999929, 0.0 ], [ -35.884849779999968, -9.542005776999929, 0.0 ], [ -35.884861041999955, -9.541971552999939, 0.0 ], [ -35.884866184999964, -9.541935816999967, 0.0 ], [ -35.884866553999984, -9.541927376999979, 0.0 ], [ -35.884867947999965, -9.541831640999931, 0.0 ], [ -35.884907594999959, -9.539105672999938, 0.0 ], [ -35.88490761099996, -9.539102048999951, 0.0 ], [ -35.884907534999968, -9.539098419999959, 0.0 ], [ -35.884907458999976, -9.539094790999968, 0.0 ], [ -35.884907287999965, -9.539091243999962, 0.0 ], [ -35.884907029999965, -9.539087605999953, 0.0 ], [ -35.884906772999955, -9.539083968999932, 0.0 ], [ -35.884906569999941, -9.539082663999977, 0.0 ], [ -35.884709922999946, -9.537072917999978, 0.0 ], [ -35.88470319299995, -9.537037454999961, 0.0 ], [ -35.884695882999949, -9.537015946999929, 0.0 ], [ -35.884312614999942, -9.536066332999951, 0.0 ], [ -35.884302093999963, -9.536031804999936, 0.0 ], [ -35.884297751999952, -9.535996029999978, 0.0 ], [ -35.884297669999967, -9.535990847999926, 0.0 ], [ -35.884294988999955, -9.535595154999953, 0.0 ], [ -35.88428683199993, -9.534428440999932, 0.0 ], [ -35.884289793999983, -9.534392509999975, 0.0 ], [ -35.88429899099998, -9.534357664999959, 0.0 ], [ -35.88431247799997, -9.534327779999956, 0.0 ], [ -35.884590440999943, -9.533823274999975, 0.0 ], [ -35.884610589999966, -9.533793288999959, 0.0 ], [ -35.884624579999979, -9.533777583999949, 0.0 ], [ -35.887339949999955, -9.531034028999954, 0.0 ], [ -35.887362992999954, -9.531006170999945, 0.0 ], [ -35.887380937999978, -9.530974780999941, 0.0 ], [ -35.887385010999935, -9.530965314999946, 0.0 ], [ -35.887399589999973, -9.530928751999966, 0.0 ], [ -35.887409953999963, -9.530894222999962, 0.0 ], [ -35.88741418799998, -9.530858354999964, 0.0 ], [ -35.887414038999964, -9.53084436599994, 0.0 ], [ -35.887292208999952, -9.527774188999956, 0.0 ], [ -35.887200242999938, -9.525455890999979, 0.0 ], [ -35.887201928999957, -9.52541989499997, 0.0 ], [ -35.887202884999965, -9.525414073999968, 0.0 ], [ -35.887589484999978, -9.523084789999928, 0.0 ], [ -35.887598500999957, -9.52304984899996, 0.0 ], [ -35.887613512999962, -9.523017016999972, 0.0 ], [ -35.887634015999936, -9.522987219999948, 0.0 ], [ -35.887654038999983, -9.522966202999953, 0.0 ], [ -35.888771883999937, -9.521945011999946, 0.0 ], [ -35.888796318999937, -9.521918342999982, 0.0 ], [ -35.888815761999979, -9.52188788899997, 0.0 ], [ -35.888829613999974, -9.521854567999981, 0.0 ], [ -35.888834303999943, -9.521837105999964, 0.0 ], [ -35.889379900999984, -9.519368682999925, 0.0 ], [ -35.889459881999983, -9.51900676799994, 0.0 ], [ -35.889460619999966, -9.519003264999981, 0.0 ], [ -35.889461538999967, -9.518999771999972, 0.0 ], [ -35.889462458999958, -9.518996278999964, 0.0 ], [ -35.889463021999973, -9.518994321999969, 0.0 ], [ -35.889907439999945, -9.517449246999945, 0.0 ], [ -35.88990853699994, -9.517445848999955, 0.0 ], [ -35.889909546999945, -9.517442359999961, 0.0 ], [ -35.889910734999944, -9.517438966999975, 0.0 ], [ -35.889911927999947, -9.517435486999943, 0.0 ], [ -35.889913201999946, -9.517432183999972, 0.0 ], [ -35.889914571999952, -9.517428798999958, 0.0 ], [ -35.88991594099997, -9.517425414999934, 0.0 ], [ -35.889917397999966, -9.517422119999935, 0.0 ], [ -35.889918853999973, -9.517418825999926, 0.0 ], [ -35.889920080999957, -9.517416382999954, 0.0 ], [ -35.890413329999944, -9.516398323999965, 0.0 ], [ -35.890426108999975, -9.516364604999978, 0.0 ], [ -35.89042656099997, -9.51636298699998, 0.0 ], [ -35.890700945999981, -9.515361191999943, 0.0 ], [ -35.890701865999972, -9.515357698999935, 0.0 ], [ -35.890702967999971, -9.515354214999945, 0.0 ], [ -35.890704063999976, -9.515350815999966, 0.0 ], [ -35.890705160999971, -9.515347417999976, 0.0 ], [ -35.890706439999974, -9.515344028999948, 0.0 ], [ -35.890707718999977, -9.515340639999977, 0.0 ], [ -35.890709088999984, -9.515337254999963, 0.0 ], [ -35.89071045399993, -9.515333956999939, 0.0 ], [ -35.890711493999959, -9.515331590999949, 0.0 ], [ -35.891296478999948, -9.514021664999973, 0.0 ], [ -35.891308274999972, -9.513987551999946, 0.0 ], [ -35.891313860999958, -9.513951921999933, 0.0 ], [ -35.891314235999971, -9.513945035999939, 0.0 ], [ -35.891316095999969, -9.513892390999956, 0.0 ], [ -35.891314222999938, -9.51385639199998, 0.0 ], [ -35.891306013999952, -9.513821201999974, 0.0 ], [ -35.891303649999941, -9.51381435299993, 0.0 ], [ -35.891095242999938, -9.513246117999927, 0.0 ], [ -35.891085826999984, -9.513211299999966, 0.0 ], [ -35.891082671999982, -9.513175410999963, 0.0 ], [ -35.891085810999982, -9.513139487999979, 0.0 ], [ -35.891086819999941, -9.513134358999935, 0.0 ], [ -35.891252036999958, -9.512323343999981, 0.0 ], [ -35.891252779999945, -9.512319754999965, 0.0 ], [ -35.891253607999943, -9.512316256999952, 0.0 ], [ -35.891254527999934, -9.512312763999944, 0.0 ], [ -35.891255446999935, -9.512309270999936, 0.0 ], [ -35.89125645799993, -9.512305781999942, 0.0 ], [ -35.891257463999978, -9.512302378999948, 0.0 ], [ -35.89125856499993, -9.512298894999958, 0.0 ], [ -35.891259752999929, -9.512295500999926, 0.0 ], [ -35.891259857999955, -9.51229524799993, 0.0 ], [ -35.891777306999984, -9.510844732999942, 0.0 ], [ -35.892859168999962, -9.50781195999997, 0.0 ], [ -35.892860255999949, -9.50780873399998, 0.0 ], [ -35.894293418999951, -9.503567388999954, 0.0 ], [ -35.894301979999966, -9.503532336999967, 0.0 ], [ -35.894304211999952, -9.503496282999947, 0.0 ], [ -35.894303970999943, -9.503490659999954, 0.0 ], [ -35.894301201999951, -9.50343752699996, 0.0 ], [ -35.894296120999968, -9.503401800999939, 0.0 ], [ -35.894284851999942, -9.503367495999953, 0.0 ], [ -35.89428167899996, -9.503360433999944, 0.0 ], [ -35.89377772499995, -9.502295801999935, 0.0 ], [ -35.893246855999962, -9.501174258999981, 0.0 ], [ -35.893234284999949, -9.501140407999969, 0.0 ], [ -35.893228332999968, -9.50110895499995, 0.0 ], [ -35.892396511999948, -9.493621879999978, 0.0 ], [ -35.892389399999956, -9.493586572999959, 0.0 ], [ -35.892380017999983, -9.493561165999949, 0.0 ], [ -35.892328180999982, -9.493444242999942, 0.0 ], [ -35.891456560999984, -9.491480859999967, 0.0 ], [ -35.89143912399993, -9.491449271999954, 0.0 ], [ -35.891432769999938, -9.491440326999964, 0.0 ], [ -35.890392772999974, -9.490060656999958, 0.0 ], [ -35.890368516999956, -9.490033738999955, 0.0 ], [ -35.890339995999966, -9.490011442999958, 0.0 ], [ -35.890335497999956, -9.490008631999956, 0.0 ], [ -35.890031993999969, -9.489822235999952, 0.0 ], [ -35.889999586999977, -9.48980604999997, 0.0 ], [ -35.889998159999948, -9.489805461999936, 0.0 ], [ -35.889772365999931, -9.489718016999973, 0.0 ], [ -35.889758154999981, -9.489711014999955, 0.0 ], [ -35.889745347999963, -9.489701665999974, 0.0 ], [ -35.889734380999982, -9.489690334999977, 0.0 ], [ -35.889725607999935, -9.489677213999926, 0.0 ], [ -35.889719279999952, -9.489662746999954, 0.0 ], [ -35.889718029999983, -9.489658886999962, 0.0 ], [ -35.889710118999972, -9.489631567999936, 0.0 ], [ -35.889703101999942, -9.489596179999978, 0.0 ], [ -35.889702411999963, -9.489560153999946, 0.0 ], [ -35.889707992999945, -9.489524523999933, 0.0 ], [ -35.889709582999956, -9.489518732999954, 0.0 ], [ -35.889797646999966, -9.489204939999979, 0.0 ], [ -35.889804308999942, -9.489169536999952, 0.0 ], [ -35.889805313999943, -9.489147662999926, 0.0 ], [ -35.88980320099995, -9.488900795999939, 0.0 ], [ -35.889799763999974, -9.48886497999996, 0.0 ], [ -35.889790071999983, -9.488830150999945, 0.0 ], [ -35.889786613999945, -9.488821607999967, 0.0 ], [ -35.889054602999977, -9.487111832999972, 0.0 ], [ -35.889037543999962, -9.487080005999928, 0.0 ], [ -35.889015189999952, -9.48705162899995, 0.0 ], [ -35.888996535999979, -9.487034049999977, 0.0 ], [ -35.887806535999971, -9.486045848999936, 0.0 ], [ -35.885627850999981, -9.484236662999933, 0.0 ], [ -35.885602150999944, -9.484211141999936, 0.0 ], [ -35.885595313999943, -9.48420269099995, 0.0 ], [ -35.884002384999974, -9.482110519999935, 0.0 ], [ -35.883983066999974, -9.482079962999933, 0.0 ], [ -35.883969374999936, -9.482046576999949, 0.0 ], [ -35.883965718999946, -9.482033276999971, 0.0 ], [ -35.883176037999931, -9.478709023999954, 0.0 ], [ -35.88254262199996, -9.476042481999968, 0.0 ], [ -35.882531161999964, -9.476008257999979, 0.0 ], [ -35.882519464999973, -9.475985154999933, 0.0 ], [ -35.880107609999982, -9.47191064499998, 0.0 ], [ -35.880086583999969, -9.471881298999961, 0.0 ], [ -35.880060692999962, -9.471855943999969, 0.0 ], [ -35.880053514999929, -9.471850411999981, 0.0 ], [ -35.879625712999939, -9.47152958199996, 0.0 ], [ -35.879598751999936, -9.471505468999965, 0.0 ], [ -35.879576400999952, -9.471477007999965, 0.0 ], [ -35.879559916999938, -9.47144633399995, 0.0 ], [ -35.879456238999978, -9.471207248999974, 0.0 ], [ -35.879438991999962, -9.471175501999937, 0.0 ], [ -35.87941645199993, -9.47114720299993, 0.0 ], [ -35.87938939299994, -9.471123170999931, 0.0 ], [ -35.879380251999976, -9.471116851999966, 0.0 ], [ -35.879005745999962, -9.470869336999954, 0.0 ], [ -35.877655531999949, -9.469977010999969, 0.0 ], [ -35.877652446999946, -9.469975046999934, 0.0 ], [ -35.877649360999953, -9.469973081999967, 0.0 ], [ -35.877646270999946, -9.469971203999933, 0.0 ], [ -35.877643175999935, -9.469969410999965, 0.0 ], [ -35.877641580999978, -9.469968555999969, 0.0 ], [ -35.875898031999952, -9.469002995999972, 0.0 ], [ -35.875894845999937, -9.469001198999933, 0.0 ], [ -35.875891751999973, -9.468999405999966, 0.0 ], [ -35.875888661999966, -9.468997527999932, 0.0 ], [ -35.875885576999963, -9.468995563999954, 0.0 ], [ -35.875883377999969, -9.468994073999966, 0.0 ], [ -35.871405553999978, -9.466008987999942, 0.0 ], [ -35.871402564999983, -9.466006942999968, 0.0 ], [ -35.871399574999941, -9.466004896999948, 0.0 ], [ -35.871396680999965, -9.466002768999942, 0.0 ], [ -35.871393791999935, -9.466000554999937, 0.0 ], [ -35.87139160199996, -9.465998893999938, 0.0 ], [ -35.871367825999982, -9.465979942999979, 0.0 ], [ -35.870260716999951, -9.465101368999967, 0.0 ], [ -35.87023443399994, -9.465076512999929, 0.0 ], [ -35.87023305799994, -9.465074977999961, 0.0 ], [ -35.869606627999929, -9.464354039999932, 0.0 ], [ -35.869580631999952, -9.464328938999927, 0.0 ], [ -35.869566257999963, -9.464318219999939, 0.0 ], [ -35.867343626999968, -9.462814148999939, 0.0 ], [ -35.867315503999976, -9.462791274999972, 0.0 ], [ -35.867291815999977, -9.462763958999972, 0.0 ], [ -35.867290290999961, -9.46276181199994, 0.0 ], [ -35.865347834999966, -9.460007637999979, 0.0 ], [ -35.865345805999937, -9.460004689999948, 0.0 ], [ -35.865343781999968, -9.460001655999974, 0.0 ], [ -35.865341848999947, -9.459998626999948, 0.0 ], [ -35.865339920999929, -9.459995511999978, 0.0 ], [ -35.865338082999983, -9.459992400999965, 0.0 ], [ -35.86533624499998, -9.459989289999953, 0.0 ], [ -35.865334502999929, -9.459986096999955, 0.0 ], [ -35.865334421999933, -9.459985919999951, 0.0 ], [ -35.865135303999978, -9.459613222999963, 0.0 ], [ -35.861989825999956, -9.453724807999947, 0.0 ], [ -35.861970124999971, -9.453694582999958, 0.0 ], [ -35.861957856999936, -9.453680343999963, 0.0 ], [ -35.86035353699998, -9.451979558999938, 0.0 ], [ -35.857535549999966, -9.448992, 0.0 ], [ -35.857508496999969, -9.448967885999934, 0.0 ], [ -35.857477703999962, -9.448948851999944, 0.0 ], [ -35.85744396299998, -9.448935454999969, 0.0 ], [ -35.857443607999983, -9.448935264999932, 0.0 ], [ -35.85733916099997, -9.448904060999951, 0.0 ], [ -35.857303632999958, -9.448896701999956, 0.0 ], [ -35.857267309999941, -9.448895603999972, 0.0 ], [ -35.857232116999967, -9.448900601999981, 0.0 ], [ -35.855162059999941, -9.449376320999932, 0.0 ], [ -35.855126041999938, -9.449381363999976, 0.0 ], [ -35.855089729999975, -9.449380092999945, 0.0 ], [ -35.855054206999966, -9.44937264899994, 0.0 ], [ -35.855053579999947, -9.449372444999938, 0.0 ], [ -35.85495070099995, -9.449340885999959, 0.0 ], [ -35.854917058999945, -9.449327319999952, 0.0 ], [ -35.854886275999945, -9.449308113999962, 0.0 ], [ -35.85485940999996, -9.449283923999928, 0.0 ], [ -35.854858374999935, -9.449282836999942, 0.0 ], [ -35.853384282999968, -9.447681383999964, 0.0 ], [ -35.853198181999971, -9.447479182999928, 0.0 ], [ -35.853171420999956, -9.447454738999966, 0.0 ], [ -35.853140828999983, -9.447435369999937, 0.0 ], [ -35.853110878999985, -9.447422676999963, 0.0 ], [ -35.852966237999965, -9.447374305999972, 0.0 ], [ -35.852930952999941, -9.44736583699995, 0.0 ], [ -35.852896700999963, -9.447363546999952, 0.0 ], [ -35.846679111999947, -9.447454009999944, 0.0 ], [ -35.845408120999934, -9.44742712599998, 0.0 ], [ -35.845372042999941, -9.447423190999928, 0.0 ], [ -35.845364832999962, -9.447421627999972, 0.0 ], [ -35.844394905999934, -9.447194709999962, 0.0 ], [ -35.84313323799995, -9.44689802299996, 0.0 ], [ -35.843098746999942, -9.446886659999961, 0.0 ], [ -35.843076107999934, -9.446875361999957, 0.0 ], [ -35.84158402199995, -9.446009557999957, 0.0 ], [ -35.841580927999985, -9.44600776599998, 0.0 ], [ -35.841577842999982, -9.446005801999945, 0.0 ], [ -35.84157546199998, -9.446004302999938, 0.0 ], [ -35.84107453799993, -9.445680465999942, 0.0 ], [ -35.841071543999931, -9.445678506999968, 0.0 ], [ -35.841068554999936, -9.445676460999948, 0.0 ], [ -35.841065569999955, -9.445674328999928, 0.0 ], [ -35.841062675999979, -9.445672201999969, 0.0 ], [ -35.841059786999949, -9.445669988999953, 0.0 ], [ -35.841058909999958, -9.445669341999974, 0.0 ], [ -35.836859913999945, -9.442368862999956, 0.0 ], [ -35.835906962999957, -9.441619818999982, 0.0 ], [ -35.835876581999969, -9.441599943999961, 0.0 ], [ -35.83587569599996, -9.441599468999925, 0.0 ], [ -35.835247615999947, -9.441266534999954, 0.0 ], [ -35.835244425999974, -9.441264824999962, 0.0 ], [ -35.835241240999949, -9.44126302899997, 0.0 ], [ -35.835238146999984, -9.441261236999935, 0.0 ], [ -35.835234970999977, -9.441259267999953, 0.0 ], [ -35.835231971999974, -9.44125739499998, 0.0 ], [ -35.835229241999969, -9.441255620999925, 0.0 ], [ -35.831509639999979, -9.438766388999966, 0.0 ], [ -35.831477854999946, -9.438748860999965, 0.0 ], [ -35.831443475999947, -9.43873715899997, 0.0 ], [ -35.831440593999957, -9.438736498999958, 0.0 ], [ -35.831387740999958, -9.43872414599997, 0.0 ], [ -35.831351723999944, -9.438719092999975, 0.0 ], [ -35.831315463999942, -9.438720240999942, 0.0 ], [ -35.831307840999955, -9.438721245999943, 0.0 ], [ -35.830699630999959, -9.43881631499994, 0.0 ], [ -35.830663481999977, -9.438818761999926, 0.0 ], [ -35.83062730599994, -9.438814995999962, 0.0 ], [ -35.830592378999938, -9.438804991999973, 0.0 ], [ -35.830559772999948, -9.438789149999934, 0.0 ], [ -35.830530725999949, -9.43876821799995, 0.0 ], [ -35.829314649999958, -9.437720906999971, 0.0 ], [ -35.828110243999959, -9.436683754999933, 0.0 ], [ -35.828085022999971, -9.436657836999927, 0.0 ], [ -35.828067081999961, -9.436632188999965, 0.0 ], [ -35.825168649999966, -9.431729436999944, 0.0 ], [ -35.824426858999971, -9.430227626999965, 0.0 ], [ -35.820420498999965, -9.422116551999977, 0.0 ], [ -35.817915849999963, -9.417045543999961, 0.0 ], [ -35.817897095999967, -9.41701468399998, 0.0 ], [ -35.817878838999945, -9.416993164999951, 0.0 ], [ -35.81783790399993, -9.416950947999965, 0.0 ], [ -35.817810556999973, -9.41692725799993, 0.0 ], [ -35.817779469999948, -9.416908645999968, 0.0 ], [ -35.817779023999947, -9.416908451999973, 0.0 ], [ -35.81592814399994, -9.416013860999954, 0.0 ], [ -35.815897051999968, -9.41599533599998, 0.0 ], [ -35.815869608999947, -9.415971725999952, 0.0 ], [ -35.815846780999948, -9.415943685999935, 0.0 ], [ -35.815846357999931, -9.41594306099995, 0.0 ], [ -35.815666208999971, -9.415676410999936, 0.0 ], [ -35.815648676999956, -9.415644834999966, 0.0 ], [ -35.815640065999958, -9.415621979999969, 0.0 ], [ -35.815450271999964, -9.415009151999925, 0.0 ], [ -35.814513966999982, -9.41198697699997, 0.0 ], [ -35.814462195999965, -9.411819646999959, 0.0 ], [ -35.814448504999973, -9.41178618999993, 0.0 ], [ -35.814433175999966, -9.411761105999972, 0.0 ], [ -35.814205234999974, -9.411440693999964, 0.0 ], [ -35.814181742999949, -9.411413138999933, 0.0 ], [ -35.814159608999944, -9.411394191999932, 0.0 ], [ -35.812055466999936, -9.409835621999946, 0.0 ], [ -35.809951329999933, -9.408277074999944, 0.0 ], [ -35.809800991999964, -9.408165640999925, 0.0 ], [ -35.807968494999955, -9.406752419999975, 0.0 ], [ -35.803371755999933, -9.403574935999927, 0.0 ], [ -35.803340268999932, -9.403556996999953, 0.0 ], [ -35.803323499999976, -9.403550133999943, 0.0 ], [ -35.802426973999957, -9.403228719999959, 0.0 ], [ -35.802229848999957, -9.403158126999926, 0.0 ], [ -35.802196844999969, -9.403142960999958, 0.0 ], [ -35.802171857999951, -9.403126203999932, 0.0 ], [ -35.799024259999953, -9.400671701999954, 0.0 ], [ -35.798997695999958, -9.400647017999972, 0.0 ], [ -35.798975913999982, -9.400618168999927, 0.0 ], [ -35.798959511999954, -9.40058596199998, 0.0 ], [ -35.798948976999952, -9.40055145499997, 0.0 ], [ -35.798948831999951, -9.400550757999952, 0.0 ], [ -35.798927044999971, -9.400446078999948, 0.0 ], [ -35.798916696999981, -9.400411495999947, 0.0 ], [ -35.798900384999968, -9.400379292999958, 0.0 ], [ -35.798898196999971, -9.400375906999955, 0.0 ], [ -35.798862006999968, -9.400320124999951, 0.0 ], [ -35.798839752999982, -9.400291598999956, 0.0 ], [ -35.798819451999975, -9.400272484999959, 0.0 ], [ -35.798751871999968, -9.400217231999932, 0.0 ], [ -35.798721887999932, -9.400196778999941, 0.0 ], [ -35.798688872999946, -9.400181784999972, 0.0 ], [ -35.798668411999984, -9.400175775999969, 0.0 ], [ -35.797612544999936, -9.399921596999945, 0.0 ], [ -35.797578158999954, -9.399910072999944, 0.0 ], [ -35.797546270999931, -9.399892804999979, 0.0 ], [ -35.797545217999982, -9.399892062999982, 0.0 ], [ -35.797473417999981, -9.399844021999968, 0.0 ], [ -35.797445196999945, -9.399821326999927, 0.0 ], [ -35.79742132299998, -9.39979410199993, 0.0 ], [ -35.797402657999953, -9.399763248999932, 0.0 ], [ -35.797399627999937, -9.399756888999946, 0.0 ], [ -35.796274195999956, -9.39725628399998, 0.0 ], [ -35.794098008999981, -9.392421001999935, 0.0 ], [ -35.794086080999932, -9.392386945999931, 0.0 ], [ -35.794082075999938, -9.392366562999939, 0.0 ], [ -35.793587118999938, -9.389010797999958, 0.0 ], [ -35.793584958999929, -9.388974805999965, 0.0 ], [ -35.793587740999953, -9.388946906999934, 0.0 ], [ -35.793618682999977, -9.388762094999947, 0.0 ], [ -35.794184270999949, -9.385384555999963, 0.0 ], [ -35.794187028999943, -9.385348632999978, 0.0 ], [ -35.79418528399998, -9.385323529999937, 0.0 ], [ -35.794081331999962, -9.384543167999936, 0.0 ], [ -35.794073381999965, -9.384508012999959, 0.0 ], [ -35.794059501999982, -9.384474637999972, 0.0 ], [ -35.794054678999942, -9.384466032999967, 0.0 ], [ -35.793950300999938, -9.384288468999955, 0.0 ], [ -35.793878740999958, -9.384166688999926, 0.0 ], [ -35.793857718999959, -9.384137275999933, 0.0 ], [ -35.793831917999967, -9.384111942999937, 0.0 ], [ -35.793823609999947, -9.384105409999961, 0.0 ], [ -35.791012031999969, -9.382015908999961, 0.0 ], [ -35.790984975999947, -9.381991893999952, 0.0 ], [ -35.790974666999944, -9.381980173999978, 0.0 ], [ -35.79070093699994, -9.381643170999951, 0.0 ], [ -35.790680764999934, -9.381613195999932, 0.0 ], [ -35.790679098999931, -9.381610267999974, 0.0 ], [ -35.790547853999954, -9.381364621999978, 0.0 ], [ -35.788239442999952, -9.377046351999979, 0.0 ], [ -35.788237791999961, -9.377043164999975, 0.0 ], [ -35.788236235999932, -9.377039896999975, 0.0 ], [ -35.788235001999965, -9.377037420999955, 0.0 ], [ -35.787765155999978, -9.376046434999978, 0.0 ], [ -35.787746962999961, -9.376015264999978, 0.0 ], [ -35.787725979999948, -9.375990168999977, 0.0 ], [ -35.785707751999951, -9.373931949999928, 0.0 ], [ -35.782501106999973, -9.370661777999942, 0.0 ], [ -35.78249851299995, -9.370659148999948, 0.0 ], [ -35.782495910999955, -9.370656692999944, 0.0 ], [ -35.782493916999954, -9.370654782999964, 0.0 ], [ -35.779209397999978, -9.36761351399997, 0.0 ], [ -35.778845154999942, -9.36727624699995, 0.0 ], [ -35.778842461999943, -9.367273785999942, 0.0 ], [ -35.77883976399994, -9.367271410999933, 0.0 ], [ -35.778836974999933, -9.367269031999967, 0.0 ], [ -35.778834181999969, -9.367266737999955, 0.0 ], [ -35.778831382999954, -9.367264530999933, 0.0 ], [ -35.778830510999967, -9.367263797999954, 0.0 ], [ -35.776466745999983, -9.36545014099994, 0.0 ], [ -35.776440074999982, -9.365425715999947, 0.0 ], [ -35.776439298999946, -9.365424901999972, 0.0 ], [ -35.772729053999967, -9.361311460999957, 0.0 ], [ -35.772704892999968, -9.361292939999942, 0.0 ], [ -35.772678130999964, -9.361268511999981, 0.0 ], [ -35.772656065999968, -9.361239829999931, 0.0 ], [ -35.772639378999941, -9.361207787999945, 0.0 ], [ -35.772636576999957, -9.361200576999977, 0.0 ], [ -35.772550138999975, -9.360967422999977, 0.0 ], [ -35.772534665999956, -9.360934836999945, 0.0 ], [ -35.772518691999949, -9.36091154099995, 0.0 ], [ -35.771242860999962, -9.35929170999998, 0.0 ], [ -35.771223065999948, -9.359261500999935, 0.0 ], [ -35.771208901999955, -9.35922828899993, 0.0 ], [ -35.771208357999967, -9.359226537999973, 0.0 ], [ -35.770233477999966, -9.356162065999968, 0.0 ], [ -35.770219589999954, -9.356128781999928, 0.0 ], [ -35.77019999099997, -9.356098323999959, 0.0 ], [ -35.770191263999948, -9.356087717999969, 0.0 ], [ -35.770161616999928, -9.356054264999955, 0.0 ], [ -35.770135337999932, -9.356029344999968, 0.0 ], [ -35.770105057999956, -9.356009316999973, 0.0 ], [ -35.770091562999937, -9.35600261899998, 0.0 ], [ -35.769822730999977, -9.355880943999978, 0.0 ], [ -35.768496179999943, -9.355280680999954, 0.0 ], [ -35.768461914999932, -9.355268652999939, 0.0 ], [ -35.768456156999946, -9.355267248999951, 0.0 ], [ -35.767258036999976, -9.354995603999953, 0.0 ], [ -35.764597489999971, -9.354392269999948, 0.0 ], [ -35.764190610999947, -9.354300058999968, 0.0 ], [ -35.764156022999941, -9.354288962999931, 0.0 ], [ -35.764123930999972, -9.354272124999966, 0.0 ], [ -35.764095316999942, -9.354249936999963, 0.0 ], [ -35.764073002999965, -9.35422590099995, 0.0 ], [ -35.763366304999977, -9.353329814999938, 0.0 ], [ -35.763346510999952, -9.35329960599995, 0.0 ], [ -35.763332254999966, -9.353266391999966, 0.0 ], [ -35.763328489999935, -9.353253355999925, 0.0 ], [ -35.76305855399994, -9.352200908999976, 0.0 ], [ -35.763052720999951, -9.352165346999925, 0.0 ], [ -35.763053111999966, -9.352129313999967, 0.0 ], [ -35.763054389999979, -9.352119112999958, 0.0 ], [ -35.763223894999953, -9.351000905999967, 0.0 ], [ -35.763226107999969, -9.350964875999978, 0.0 ], [ -35.763225832999979, -9.350958134999928, 0.0 ], [ -35.763220669999953, -9.350869475999957, 0.0 ], [ -35.763215482999954, -9.350833772999977, 0.0 ], [ -35.763204019999932, -9.35079948799995, 0.0 ], [ -35.763196307999976, -9.350783584999931, 0.0 ], [ -35.762255127999936, -9.349041310999951, 0.0 ], [ -35.762253380999937, -9.349038206999978, 0.0 ], [ -35.762251547999938, -9.349035011999945, 0.0 ], [ -35.762249709999935, -9.349031903999958, 0.0 ], [ -35.762247775999981, -9.349028876999967, 0.0 ], [ -35.76224584299996, -9.349025848999929, 0.0 ], [ -35.762243817999945, -9.34902281799998, 0.0 ], [ -35.762241788999972, -9.349019871999928, 0.0 ], [ -35.762239668999939, -9.349016921999976, 0.0 ], [ -35.762237452999955, -9.349014053999952, 0.0 ], [ -35.762236858999984, -9.349013248999938, 0.0 ], [ -35.762165170999936, -9.348922539999933, 0.0 ], [ -35.762137822999932, -9.348898861999942, 0.0 ], [ -35.762111975999971, -9.34888284799996, 0.0 ], [ -35.759018039999944, -9.347265036999943, 0.0 ], [ -35.758987550999962, -9.347245517999966, 0.0 ], [ -35.758960885999954, -9.347221011999977, 0.0 ], [ -35.758958560999929, -9.347218482999949, 0.0 ], [ -35.756190898999932, -9.344088041999953, 0.0 ], [ -35.756169488999944, -9.344059049999942, 0.0 ], [ -35.756153364999932, -9.344026694999968, 0.0 ], [ -35.756148545999963, -9.344012917999976, 0.0 ], [ -35.755807938999965, -9.342923252999981, 0.0 ], [ -35.754690762999928, -9.339348962999964, 0.0 ], [ -35.754676970999981, -9.339315600999953, 0.0 ], [ -35.754657647999977, -9.339285073999974, 0.0 ], [ -35.754633198999954, -9.339258348999977, 0.0 ], [ -35.754629723999983, -9.339255159999936, 0.0 ], [ -35.751435135999941, -9.336454054999933, 0.0 ], [ -35.751410199999953, -9.336427909999941, 0.0 ], [ -35.75139646699995, -9.336408695999978, 0.0 ], [ -35.750915521999957, -9.33564501799998, 0.0 ], [ -35.750332795999952, -9.334719660999951, 0.0 ], [ -35.750310916999979, -9.334690905999935, 0.0 ], [ -35.750284346999933, -9.33466631999994, 0.0 ], [ -35.750279881999973, -9.334662909999963, 0.0 ], [ -35.746151243999975, -9.331637180999962, 0.0 ], [ -35.746123995999938, -9.331613339999933, 0.0 ], [ -35.74610135699993, -9.331585151999946, 0.0 ], [ -35.74609024199998, -9.331566410999926, 0.0 ], [ -35.745619363999936, -9.330669751999949, 0.0 ], [ -35.745599853999977, -9.330639303999931, 0.0 ], [ -35.745575304999932, -9.330612747999965, 0.0 ], [ -35.745549575999974, -9.330592860999957, 0.0 ], [ -35.744315321999977, -9.329782536999971, 0.0 ], [ -35.743911565999952, -9.329517433999968, 0.0 ], [ -35.743879584999945, -9.329500260999964, 0.0 ], [ -35.743845197999974, -9.329488832999971, 0.0 ], [ -35.74285396099998, -9.329252947999976, 0.0 ], [ -35.742819573999952, -9.329241520999972, 0.0 ], [ -35.742787591999956, -9.329224347999968, 0.0 ], [ -35.742759174999946, -9.329201913999952, 0.0 ], [ -35.742735103999962, -9.32917495099997, 0.0 ], [ -35.742733318999967, -9.329172534999941, 0.0 ], [ -35.741369306999957, -9.327286940999954, 0.0 ], [ -35.741345621999983, -9.327259565999952, 0.0 ], [ -35.741317591999973, -9.327236720999963, 0.0 ], [ -35.741297810999981, -9.327224887999932, 0.0 ], [ -35.73889046599993, -9.325955432999933, 0.0 ], [ -35.738859981999951, -9.325935831999971, 0.0 ], [ -35.738833412999952, -9.325911247999954, 0.0 ], [ -35.738811533999979, -9.325882495999963, 0.0 ], [ -35.738795030999938, -9.325850383999978, 0.0 ], [ -35.73878439899994, -9.32581588599993, 0.0 ], [ -35.738781757999959, -9.325800578999974, 0.0 ], [ -35.738541293999958, -9.324041120999937, 0.0 ], [ -35.738533247999953, -9.324005972999942, 0.0 ], [ -35.738519267999948, -9.323972690999938, 0.0 ], [ -35.738518854999938, -9.323971894999943, 0.0 ], [ -35.738491273999955, -9.323920355999974, 0.0 ], [ -35.738471481999966, -9.323890067999969, 0.0 ], [ -35.738448653999967, -9.323865407999961, 0.0 ], [ -35.738363611999944, -9.323787429999982, 0.0 ], [ -35.737666530999945, -9.323147870999946, 0.0 ], [ -35.737642080999933, -9.323121148999974, 0.0 ], [ -35.737622667999972, -9.323090619999959, 0.0 ], [ -35.737608964999936, -9.323057265999978, 0.0 ], [ -35.737606272999983, -9.323047993999978, 0.0 ], [ -35.736623478999945, -9.319297612999947, 0.0 ], [ -35.73661746099998, -9.319262047999928, 0.0 ], [ -35.736617665999972, -9.319226010999955, 0.0 ], [ -35.736617793999983, -9.31922532699997, 0.0 ], [ -35.736753617999966, -9.317845966999926, 0.0 ], [ -35.736753913999962, -9.317809933999968, 0.0 ], [ -35.736753711999938, -9.317806904999941, 0.0 ], [ -35.736568321999982, -9.315810001999978, 0.0 ], [ -35.736561843999937, -9.315774500999964, 0.0 ], [ -35.736549258999958, -9.31574068499998, 0.0 ], [ -35.736534694999932, -9.315714877999937, 0.0 ], [ -35.736310431999982, -9.315378032999945, 0.0 ], [ -35.734087535999947, -9.312039205999952, 0.0 ], [ -35.734064991999958, -9.312010940999926, 0.0 ], [ -35.734047891999978, -9.31199501499998, 0.0 ], [ -35.733004803999961, -9.311123189999932, 0.0 ], [ -35.732979101999945, -9.311097702999973, 0.0 ], [ -35.732958363999956, -9.311068059999968, 0.0 ], [ -35.732943072999944, -9.311035405999974, 0.0 ], [ -35.732941875999984, -9.311032242999943, 0.0 ], [ -35.73263039699998, -9.310133380999957, 0.0 ], [ -35.732615669999973, -9.310100409999961, 0.0 ], [ -35.73259608099994, -9.310071426999968, 0.0 ], [ -35.731032592999952, -9.308131284999945, 0.0 ], [ -35.730385299999966, -9.30732814199996, 0.0 ], [ -35.73036026699998, -9.307302082999968, 0.0 ], [ -35.730330971999933, -9.30728073299997, 0.0 ], [ -35.730313170999978, -9.307271067999977, 0.0 ], [ -35.728287081999952, -9.306301172999952, 0.0 ], [ -35.728255901999944, -9.306282662999934, 0.0 ], [ -35.728228362999971, -9.306259155999953, 0.0 ], [ -35.728205436999929, -9.306231217999937, 0.0 ], [ -35.728187616999946, -9.30619982199994, 0.0 ], [ -35.728175681999971, -9.306165780999947, 0.0 ], [ -35.728174056999933, -9.30615871699996, 0.0 ], [ -35.727692297999965, -9.303957908999962, 0.0 ], [ -35.727681476999976, -9.303923491999967, 0.0 ], [ -35.727664879999963, -9.303891378999936, 0.0 ], [ -35.727647285999979, -9.303867668999942, 0.0 ], [ -35.72624796499997, -9.302236053999934, 0.0 ], [ -35.726222071999985, -9.302210731999935, 0.0 ], [ -35.72619298099994, -9.30219068599996, 0.0 ], [ -35.725670574999981, -9.301893122999957, 0.0 ], [ -35.725640781999971, -9.301872524999965, 0.0 ], [ -35.72561498999994, -9.30184703499998, 0.0 ], [ -35.725594060999981, -9.301817557999925, 0.0 ], [ -35.725578673999962, -9.301784985999973, 0.0 ], [ -35.725576220999983, -9.301778053999953, 0.0 ], [ -35.725508498999943, -9.30157262299997, 0.0 ], [ -35.724545478999971, -9.298653348999949, 0.0 ], [ -35.724544295999976, -9.298649927999975, 0.0 ], [ -35.724543111999935, -9.298646507999933, 0.0 ], [ -35.724541837999936, -9.298643082999945, 0.0 ], [ -35.72454046799993, -9.298639738999952, 0.0 ], [ -35.72453909799998, -9.29863639499996, 0.0 ], [ -35.724537631999965, -9.298633132999953, 0.0 ], [ -35.724536075999936, -9.298629866999931, 0.0 ], [ -35.724534519999963, -9.298626599999977, 0.0 ], [ -35.724532871999941, -9.298623328999952, 0.0 ], [ -35.724531877999937, -9.298621469999944, 0.0 ], [ -35.72338965199998, -9.296461535999981, 0.0 ], [ -35.723387908999939, -9.296458346999941, 0.0 ], [ -35.723386070999936, -9.296455237999965, 0.0 ], [ -35.723384322999948, -9.296452134999981, 0.0 ], [ -35.723382393999941, -9.29644902299998, 0.0 ], [ -35.72338045999993, -9.296445996999978, 0.0 ], [ -35.723378434999972, -9.296442965999972, 0.0 ], [ -35.723376410999947, -9.296439934999967, 0.0 ], [ -35.723374289999981, -9.296436985999947, 0.0 ], [ -35.723372337999933, -9.296434303999945, 0.0 ], [ -35.723028650999936, -9.295975518999967, 0.0 ], [ -35.723009607999984, -9.295944840999937, 0.0 ], [ -35.723003399999982, -9.295931430999929, 0.0 ], [ -35.722234671999956, -9.294093964999945, 0.0 ], [ -35.722233777999975, -9.294091938999941, 0.0 ], [ -35.721917530999974, -9.29335770199998, 0.0 ], [ -35.721288687999959, -9.291897519999964, 0.0 ], [ -35.721271525999953, -9.291865726999958, 0.0 ], [ -35.721249076999982, -9.291837382999972, 0.0 ], [ -35.721239820999983, -9.291828136999982, 0.0 ], [ -35.721204584999953, -9.291795202999936, 0.0 ], [ -35.721176065999941, -9.291772944999934, 0.0 ], [ -35.721144080999977, -9.291755862999935, 0.0 ], [ -35.721131044999936, -9.291750828999966, 0.0 ], [ -35.718980630999965, -9.29099939799994, 0.0 ], [ -35.718947525999965, -9.290984503999937, 0.0 ], [ -35.718917537999971, -9.290964156999962, 0.0 ], [ -35.718891640999971, -9.290938922999942, 0.0 ], [ -35.71887935899997, -9.290923233999933, 0.0 ], [ -35.718767359999958, -9.290764974999945, 0.0 ], [ -35.718749162999984, -9.290733821999936, 0.0 ], [ -35.718736670999931, -9.290699927999981, 0.0 ], [ -35.718730279999932, -9.29066443499994, 0.0 ], [ -35.718730122999943, -9.290662271999963, 0.0 ], [ -35.718618995999975, -9.289264014999958, 0.0 ], [ -35.718612977999953, -9.289228366999964, 0.0 ], [ -35.718600854999977, -9.289194405999979, 0.0 ], [ -35.718594759999974, -9.289182295999979, 0.0 ], [ -35.718571788999952, -9.289139872999954, 0.0 ], [ -35.718551894999962, -9.289109756999949, 0.0 ], [ -35.71852705799995, -9.289083452999932, 0.0 ], [ -35.718516755999929, -9.289075017999949, 0.0 ], [ -35.716646153999932, -9.287619764999931, 0.0 ], [ -35.716615673999968, -9.287600084999951, 0.0 ], [ -35.716614615999958, -9.287599428999954, 0.0 ], [ -35.716159092999931, -9.287361733999944, 0.0 ], [ -35.714907339999968, -9.286708488999977, 0.0 ], [ -35.714876760999971, -9.286688976999926, 0.0 ], [ -35.714857606999942, -9.286672263999947, 0.0 ], [ -35.711365593999972, -9.283234744999959, 0.0 ], [ -35.711337666999952, -9.283211654999945, 0.0 ], [ -35.711314174999984, -9.283197662999953, 0.0 ], [ -35.711256864999939, -9.28316848299994, 0.0 ], [ -35.711223235999967, -9.283154857999932, 0.0 ], [ -35.71119632999995, -9.28314845899996, 0.0 ], [ -35.709277781999958, -9.282827628999939, 0.0 ], [ -35.709242631999984, -9.282818585999962, 0.0 ], [ -35.709209623999982, -9.282803611999952, 0.0 ], [ -35.709179732999985, -9.282783184999971, 0.0 ], [ -35.709171019999928, -9.282775689999937, 0.0 ], [ -35.708844143999954, -9.282475904999956, 0.0 ], [ -35.704704792999962, -9.278680093999981, 0.0 ], [ -35.704680341999961, -9.27865338099997, 0.0 ], [ -35.704662749999954, -9.278626225999972, 0.0 ], [ -35.704400387999954, -9.278143012999976, 0.0 ], [ -35.704380493999963, -9.278112900999929, 0.0 ], [ -35.70436190199996, -9.278092508999976, 0.0 ], [ -35.704315269999938, -9.278047727999933, 0.0 ], [ -35.704287048999959, -9.278025055999933, 0.0 ], [ -35.704264428999977, -9.27801179599993, 0.0 ], [ -35.701900272999978, -9.276825174999942, 0.0 ], [ -35.701818533999983, -9.276784201999931, 0.0 ], [ -35.701784805999978, -9.276770745999954, 0.0 ], [ -35.701749291999931, -9.276763410999934, 0.0 ], [ -35.701723944999969, -9.276761916999931, 0.0 ], [ -35.700178861999973, -9.276766606999956, 0.0 ], [ -35.700142747999962, -9.276763638999967, 0.0 ], [ -35.700107612999943, -9.276754338999979, 0.0 ], [ -35.700074704999963, -9.276739197999973, 0.0 ], [ -35.700071519999938, -9.276737404999949, 0.0 ], [ -35.699905108999928, -9.276638762999937, 0.0 ], [ -35.699875617999965, -9.276617665999936, 0.0 ], [ -35.699850297999944, -9.27659185999994, 0.0 ], [ -35.699836804999961, -9.276573268999925, 0.0 ], [ -35.699691149999978, -9.276349241999981, 0.0 ], [ -35.699674174999984, -9.276317373999973, 0.0 ], [ -35.699663073999943, -9.276283035999938, 0.0 ], [ -35.699660220999931, -9.276268239999979, 0.0 ], [ -35.699622992999934, -9.27602595999997, 0.0 ], [ -35.699453284999947, -9.274596197999927, 0.0 ], [ -35.699445879999985, -9.274560917999963, 0.0 ], [ -35.699434352999958, -9.274531128999968, 0.0 ], [ -35.699405566999928, -9.274471354999946, 0.0 ], [ -35.699387091999938, -9.274440277999929, 0.0 ], [ -35.699377279999965, -9.274427815999957, 0.0 ], [ -35.698943010999983, -9.27391278999994, 0.0 ], [ -35.698917308999967, -9.273887308999974, 0.0 ], [ -35.698887617999958, -9.273866548999933, 0.0 ], [ -35.698884696999983, -9.273864940999943, 0.0 ], [ -35.698354700999971, -9.273571659999959, 0.0 ], [ -35.698324618999948, -9.273551397999938, 0.0 ], [ -35.698298621999982, -9.273526334999929, 0.0 ], [ -35.698277313999938, -9.273497102999954, 0.0 ], [ -35.69827655499995, -9.273495945999969, 0.0 ], [ -35.697431489999929, -9.27207035899994, 0.0 ], [ -35.69741582499995, -9.272037866999938, 0.0 ], [ -35.697406114999978, -9.272003078999944, 0.0 ], [ -35.697404408999944, -9.271992390999969, 0.0 ], [ -35.697289005999949, -9.271120365999934, 0.0 ], [ -35.69728747299996, -9.27108433799998, 0.0 ], [ -35.69728893599995, -9.271067251999966, 0.0 ], [ -35.697358089999966, -9.270530036999958, 0.0 ], [ -35.697362636999969, -9.270494477999932, 0.0 ], [ -35.697364112999935, -9.270458423999969, 0.0 ], [ -35.697359189999929, -9.270422748999977, 0.0 ], [ -35.697350352999933, -9.270393780999939, 0.0 ], [ -35.697335617999954, -9.270355816999938, 0.0 ], [ -35.697319583999956, -9.270323392999956, 0.0 ], [ -35.697298178999972, -9.270294243999956, 0.0 ], [ -35.697272086999931, -9.270269262999932, 0.0 ], [ -35.697267625999984, -9.270265768999934, 0.0 ], [ -35.695295457999975, -9.268771321999964, 0.0 ], [ -35.695264775999931, -9.26875206699998, 0.0 ], [ -35.695231151999963, -9.26873835899994, 0.0 ], [ -35.695197561999976, -9.268730858999959, 0.0 ], [ -35.69500947399996, -9.268705141999931, 0.0 ], [ -35.694973206999975, -9.268703374999973, 0.0 ], [ -35.694940834999954, -9.268707142999972, 0.0 ], [ -35.694191798999952, -9.268853684999954, 0.0 ], [ -35.694155777999981, -9.268857532999959, 0.0 ], [ -35.694119541999953, -9.268855163999945, 0.0 ], [ -35.694084283999985, -9.268846462999932, 0.0 ], [ -35.694051071999979, -9.268831911999939, 0.0 ], [ -35.694033426999965, -9.268821051999964, 0.0 ], [ -35.693541474999961, -9.268484547999947, 0.0 ], [ -35.693513543999984, -9.268461546999959, 0.0 ], [ -35.693489952999983, -9.268434100999968, 0.0 ], [ -35.69347156799995, -9.268403029999945, 0.0 ], [ -35.693464358999961, -9.268386211999939, 0.0 ], [ -35.69338202199998, -9.268165883999927, 0.0 ], [ -35.692821541999933, -9.266667392999977, 0.0 ], [ -35.692054421999956, -9.264410670999951, 0.0 ], [ -35.691510474999973, -9.262810669999965, 0.0 ], [ -35.691494788999933, -9.262775161999969, 0.0 ], [ -35.691484996999975, -9.262758907999967, 0.0 ], [ -35.690739402999952, -9.261641639999937, 0.0 ], [ -35.690722315999949, -9.261620373999961, 0.0 ], [ -35.690701771999954, -9.26160238999995, 0.0 ], [ -35.690678828999978, -9.261588339999946, 0.0 ], [ -35.68908623699997, -9.260796676999973, 0.0 ], [ -35.689028524999969, -9.260761449999961, 0.0 ], [ -35.689017404999959, -9.260752976999981, 0.0 ], [ -35.687775710999972, -9.259766494999951, 0.0 ], [ -35.687758451999969, -9.259750136999969, 0.0 ], [ -35.687744348999956, -9.259731000999977, 0.0 ], [ -35.687733728999945, -9.259709791999967, 0.0 ], [ -35.68773041299994, -9.259700232999933, 0.0 ], [ -35.687569187999941, -9.259179674999928, 0.0 ], [ -35.687563854999951, -9.259155015999966, 0.0 ], [ -35.687562922999973, -9.259129882999957, 0.0 ], [ -35.687566447999984, -9.259104880999928, 0.0 ], [ -35.68756783799995, -9.259099344999981, 0.0 ], [ -35.687820246999934, -9.25817372399996, 0.0 ], [ -35.687827130999949, -9.258135348999929, 0.0 ], [ -35.687827302999949, -9.258096388999945, 0.0 ], [ -35.687826927999936, -9.258093180999936, 0.0 ], [ -35.687822088999951, -9.258043976999943, 0.0 ], [ -35.687814756999956, -9.258005598999944, 0.0 ], [ -35.687800942999957, -9.257969147999972, 0.0 ], [ -35.687799458999962, -9.257966230999955, 0.0 ], [ -35.687658236999937, -9.257684767999933, 0.0 ], [ -35.687633499999947, -9.257644681999977, 0.0 ], [ -35.687611384999968, -9.257618602999969, 0.0 ], [ -35.687579615999937, -9.257585587999927, 0.0 ], [ -35.687543741999946, -9.257554356999947, 0.0 ], [ -35.687515012999938, -9.257536060999939, 0.0 ], [ -35.687374281999951, -9.25745825599995, 0.0 ], [ -35.687204609999981, -9.257364387999928, 0.0 ], [ -35.687169007999955, -9.257348514999933, 0.0 ], [ -35.687131145999956, -9.257339085999945, 0.0 ], [ -35.687127533999956, -9.257338478999941, 0.0 ], [ -35.686562024999944, -9.257257667999966, 0.0 ], [ -35.686534391999942, -9.257251236999934, 0.0 ], [ -35.686508194999931, -9.257240132999925, 0.0 ], [ -35.686487219999947, -9.257226782999965, 0.0 ], [ -35.686265704999983, -9.257061246999967, 0.0 ], [ -35.686246918999984, -9.257044469999926, 0.0 ], [ -35.686231388999943, -9.257024746999946, 0.0 ], [ -35.686219451999932, -9.257002612999941, 0.0 ], [ -35.686217200999977, -9.256996985999933, 0.0 ], [ -35.685488973999952, -9.255078406999928, 0.0 ], [ -35.685466662999943, -9.255032145999962, 0.0 ], [ -35.685449954999967, -9.255007192999926, 0.0 ], [ -35.684316905999935, -9.253485672999943, 0.0 ], [ -35.684305501999972, -9.253467185999966, 0.0 ], [ -35.684297466999965, -9.253447051999956, 0.0 ], [ -35.684293135999951, -9.253425805999939, 0.0 ], [ -35.684292364999976, -9.253409560999955, 0.0 ], [ -35.684334648999936, -9.250984341999981, 0.0 ], [ -35.684332851999955, -9.250958304999926, 0.0 ], [ -35.68432646499997, -9.250932906999935, 0.0 ], [ -35.684315713999979, -9.250909020999927, 0.0 ], [ -35.684314297999947, -9.250906537999981, 0.0 ], [ -35.68381078699997, -9.250043465999966, 0.0 ], [ -35.683075375999977, -9.248783063999952, 0.0 ], [ -35.683042845999978, -9.248736995999934, 0.0 ], [ -35.68302588399996, -9.24871849799996, 0.0 ], [ -35.681458429999964, -9.247135292999928, 0.0 ], [ -35.681427862999954, -9.24709854699995, 0.0 ], [ -35.681404201999953, -9.247057049999967, 0.0 ], [ -35.681388110999933, -9.247012040999948, 0.0 ], [ -35.681380259999969, -9.246966312999973, 0.0 ], [ -35.681136595999931, -9.244086355999968, 0.0 ], [ -35.681130038999981, -9.244048794999969, 0.0 ], [ -35.681117017999952, -9.244012815999952, 0.0 ], [ -35.681114879999939, -9.244008487999963, 0.0 ], [ -35.681092856999953, -9.243963621999967, 0.0 ], [ -35.681073007999942, -9.243930930999966, 0.0 ], [ -35.681047757999977, -9.243902116999948, 0.0 ], [ -35.681044196999949, -9.243898839999929, 0.0 ], [ -35.679583044999958, -9.242561634999959, 0.0 ], [ -35.678512139999953, -9.241581527999926, 0.0 ], [ -35.678484239999932, -9.24155111999994, 0.0 ], [ -35.678462537999962, -9.241517304999945, 0.0 ], [ -35.677333365999971, -9.239371949999963, 0.0 ], [ -35.677330795999978, -9.23936716999998, 0.0 ], [ -35.677328221999971, -9.23936247599994, 0.0 ], [ -35.677325466999946, -9.239357772999938, 0.0 ], [ -35.677322615999969, -9.239353151999978, 0.0 ], [ -35.677319759999932, -9.239348616999962, 0.0 ], [ -35.677316812999948, -9.239344076999942, 0.0 ], [ -35.677313770999945, -9.239339618999963, 0.0 ], [ -35.677310632999934, -9.239335241999981, 0.0 ], [ -35.677309443999945, -9.239333631999955, 0.0 ], [ -35.675598358999935, -9.23699182799993, 0.0 ], [ -35.675576425999964, -9.236955501999944, 0.0 ], [ -35.675562141999933, -9.236919290999936, 0.0 ], [ -35.675431012999979, -9.236487918999956, 0.0 ], [ -35.675419509999983, -9.236459342999979, 0.0 ], [ -35.67540323299994, -9.236433119999958, 0.0 ], [ -35.675390548999928, -9.236418106999963, 0.0 ], [ -35.674337345999959, -9.235302786999966, 0.0 ], [ -35.673327698999969, -9.234233556999982, 0.0 ], [ -35.673292617999948, -9.234189180999977, 0.0 ], [ -35.673279810999929, -9.234167954999975, 0.0 ], [ -35.67199816599998, -9.23185019999994, 0.0 ], [ -35.671980682999958, -9.231810730999939, 0.0 ], [ -35.671971173999964, -9.231773804999932, 0.0 ], [ -35.67143103899997, -9.22870936399994, 0.0 ], [ -35.671422444999962, -9.228677481999966, 0.0 ], [ -35.671408454999948, -9.228647664999926, 0.0 ], [ -35.671400218999963, -9.228634678999981, 0.0 ], [ -35.670437780999976, -9.22724771299994, 0.0 ], [ -35.669364756999983, -9.225701342999969, 0.0 ], [ -35.669346259999941, -9.225679151999941, 0.0 ], [ -35.669324202999974, -9.225660495999932, 0.0 ], [ -35.669303900999978, -9.225648216999957, 0.0 ], [ -35.664070683999967, -9.222973596999964, 0.0 ], [ -35.664046879999944, -9.222958648999963, 0.0 ], [ -35.664025925999965, -9.222939787999962, 0.0 ], [ -35.664008610999929, -9.222917655999936, 0.0 ], [ -35.664005595999981, -9.222912681999958, 0.0 ], [ -35.663481793999949, -9.222036354999943, 0.0 ], [ -35.663360844999943, -9.221833857999968, 0.0 ], [ -35.663356499999963, -9.22182649299998, 0.0 ], [ -35.663352341999939, -9.221819049999965, 0.0 ], [ -35.663348278999933, -9.221811525999954, 0.0 ], [ -35.663344396999946, -9.221804009999971, 0.0 ], [ -35.663340615999971, -9.221796326999936, 0.0 ], [ -35.663339462999943, -9.221794029999955, 0.0 ], [ -35.661602870999957, -9.218159125999932, 0.0 ], [ -35.661574367999947, -9.21811102199996, 0.0 ], [ -35.661558768999953, -9.218090869999969, 0.0 ], [ -35.66010192799996, -9.216362106999952, 0.0 ], [ -35.660088144999975, -9.21634549099997, 0.0 ], [ -35.660074734999966, -9.216328720999968, 0.0 ], [ -35.660073371999943, -9.216326930999969, 0.0 ], [ -35.65928985599993, -9.215324507999981, 0.0 ], [ -35.659286780999935, -9.215320650999956, 0.0 ], [ -35.659283610999978, -9.215316876999964, 0.0 ], [ -35.659280440999964, -9.215313102999971, 0.0 ], [ -35.659277175999932, -9.215309409999975, 0.0 ], [ -35.659273814999949, -9.215305798999964, 0.0 ], [ -35.659270362999962, -9.215302183999938, 0.0 ], [ -35.65926690699996, -9.21529865399998, 0.0 ], [ -35.659263445999954, -9.215295210999955, 0.0 ], [ -35.659259802999941, -9.215291758999967, 0.0 ], [ -35.659259194999947, -9.215291211999954, 0.0 ], [ -35.658497729999965, -9.21458587199993, 0.0 ], [ -35.657234593999931, -9.213415631999965, 0.0 ], [ -35.654522081999971, -9.211034168999959, 0.0 ], [ -35.654463140999951, -9.21094175099995, 0.0 ], [ -35.654205994999984, -9.210538975999953, 0.0 ], [ -35.654180871999984, -9.21049069399993, 0.0 ], [ -35.654164502999947, -9.210438871999941, 0.0 ], [ -35.654157539999972, -9.210384918999978, 0.0 ], [ -35.654158820999953, -9.210340418999976, 0.0 ], [ -35.654303839999955, -9.208923579999976, 0.0 ], [ -35.654304210999953, -9.208899548999966, 0.0 ], [ -35.654300373999945, -9.208875829999954, 0.0 ], [ -35.654292382999984, -9.208853117999979, 0.0 ], [ -35.654288355999938, -9.208844906999957, 0.0 ], [ -35.65393804699994, -9.208190059999936, 0.0 ], [ -35.653698391999967, -9.207780467999953, 0.0 ], [ -35.653578121999942, -9.207498547999933, 0.0 ], [ -35.653207269999939, -9.206629203999967, 0.0 ], [ -35.653192390999948, -9.206583574999968, 0.0 ], [ -35.653186944999959, -9.206550727999968, 0.0 ], [ -35.653097283999955, -9.205706833999955, 0.0 ], [ -35.653095649999955, -9.205693049999979, 0.0 ], [ -35.653093833999947, -9.205679256999929, 0.0 ], [ -35.653091740999969, -9.205665536999959, 0.0 ], [ -35.653091196999981, -9.205662061999931, 0.0 ], [ -35.652843084999972, -9.20415341699993, 0.0 ], [ -35.652834258999974, -9.20411902799998, 0.0 ], [ -35.652819577999935, -9.204086768999957, 0.0 ], [ -35.65281422399994, -9.204077803999951, 0.0 ], [ -35.652075274999959, -9.202912468999955, 0.0 ], [ -35.652058595999961, -9.202880112999935, 0.0 ], [ -35.65204777799994, -9.202845454999931, 0.0 ], [ -35.652046131999953, -9.202837014999943, 0.0 ], [ -35.651873835999936, -9.201852588999941, 0.0 ], [ -35.651862517999973, -9.201810235999972, 0.0 ], [ -35.651847115999942, -9.201776131999964, 0.0 ], [ -35.651824540999939, -9.201734698999928, 0.0 ], [ -35.651800336999941, -9.201698184999941, 0.0 ], [ -35.651774743999965, -9.20167065499993, 0.0 ], [ -35.65060243299996, -9.200584224999943, 0.0 ], [ -35.650580151999975, -9.200559526999939, 0.0 ], [ -35.650562423999929, -9.200531429999955, 0.0 ], [ -35.650556131999963, -9.200517850999972, 0.0 ], [ -35.65045693899998, -9.200279714999965, 0.0 ], [ -35.650448049999966, -9.200251614999956, 0.0 ], [ -35.65044422699998, -9.200222467999936, 0.0 ], [ -35.650444690999961, -9.200200080999934, 0.0 ], [ -35.650508447999982, -9.199492844999952, 0.0 ], [ -35.650604633999933, -9.198424993999936, 0.0 ], [ -35.65060464499993, -9.198399135999978, 0.0 ], [ -35.650600175999955, -9.198373578999963, 0.0 ], [ -35.650591357999929, -9.198349275999931, 0.0 ], [ -35.650589799999977, -9.198346010999956, 0.0 ], [ -35.650213599999972, -9.197588490999976, 0.0 ], [ -35.650191817999939, -9.197552698999971, 0.0 ], [ -35.650165792999928, -9.197522993999939, 0.0 ], [ -35.650131227999964, -9.197489425999947, 0.0 ], [ -35.650098649999961, -9.197463023999944, 0.0 ], [ -35.650064154999939, -9.197443509999971, 0.0 ], [ -35.649169419999964, -9.197031494999976, 0.0 ], [ -35.649131486999977, -9.197009831999935, 0.0 ], [ -35.649102051999932, -9.196985993999931, 0.0 ], [ -35.648012053999935, -9.195956942999942, 0.0 ], [ -35.647966493999945, -9.19590569199994, 0.0 ], [ -35.64795903299995, -9.195895245999964, 0.0 ], [ -35.646667150999974, -9.194034749999958, 0.0 ], [ -35.646643001999962, -9.194005739999966, 0.0 ], [ -35.646614144999944, -9.19398132799995, 0.0 ], [ -35.646609220999949, -9.193977985999936, 0.0 ], [ -35.645068515999981, -9.192951857999958, 0.0 ], [ -35.644953953999959, -9.192875542999957, 0.0 ], [ -35.644906594999952, -9.192837564999934, 0.0 ], [ -35.644891891999976, -9.192822803999945, 0.0 ], [ -35.644343656999979, -9.192233065999972, 0.0 ], [ -35.644339782999964, -9.192228826999951, 0.0 ], [ -35.644335913999953, -9.192224501999931, 0.0 ], [ -35.644332229999975, -9.192220099999929, 0.0 ], [ -35.64432854699993, -9.192215698999973, 0.0 ], [ -35.644324963999964, -9.192211128999929, 0.0 ], [ -35.644321471999945, -9.192206563999946, 0.0 ], [ -35.64431798399994, -9.192201912999963, 0.0 ], [ -35.644315190999976, -9.19219789999994, 0.0 ], [ -35.643815217999929, -9.191485525999951, 0.0 ], [ -35.643815135999944, -9.191485348999947, 0.0 ], [ -35.643814963999944, -9.191485168999975, 0.0 ], [ -35.643814881999958, -9.191484991999971, 0.0 ], [ -35.643814799999973, -9.191484815999956, 0.0 ], [ -35.643814718999977, -9.191484639999942, 0.0 ], [ -35.64381454599993, -9.19148445899998, 0.0 ], [ -35.643814463999945, -9.191484282999966, 0.0 ], [ -35.643814382999949, -9.191484105999962, 0.0 ], [ -35.643814304999978, -9.191483843999947, 0.0 ], [ -35.643306029999962, -9.19043647899997, 0.0 ], [ -35.643303818999982, -9.190431803999957, 0.0 ], [ -35.643301611999959, -9.190427041999953, 0.0 ], [ -35.643299587999934, -9.190422289999958, 0.0 ], [ -35.64329756799998, -9.190417451999963, 0.0 ], [ -35.643295729999977, -9.19041262199994, 0.0 ], [ -35.643293895999932, -9.190407706999963, 0.0 ], [ -35.643292152999948, -9.190402795999944, 0.0 ], [ -35.643290505999971, -9.190397802999939, 0.0 ], [ -35.643289497999945, -9.190394478999963, 0.0 ], [ -35.643111609999949, -9.189818813999977, 0.0 ], [ -35.643097367999928, -9.189752618999933, 0.0 ], [ -35.643095896999966, -9.189739187999976, 0.0 ], [ -35.643025973999954, -9.188954828999954, 0.0 ], [ -35.643016502999956, -9.188901707999946, 0.0 ], [ -35.64300813899996, -9.18887570399994, 0.0 ], [ -35.642757848999963, -9.188196725999944, 0.0 ], [ -35.642685797999945, -9.188001376999978, 0.0 ], [ -35.642664018999938, -9.187955244999955, 0.0 ], [ -35.642647421999982, -9.187929875999941, 0.0 ], [ -35.64240441499993, -9.187598253999965, 0.0 ], [ -35.642383194999979, -9.187574127999937, 0.0 ], [ -35.642358120999972, -9.187553951999973, 0.0 ], [ -35.642343378999954, -9.187545049999926, 0.0 ], [ -35.642007934999981, -9.187363231999939, 0.0 ], [ -35.641934291999974, -9.187331220999965, 0.0 ], [ -35.641932950999944, -9.187330724999981, 0.0 ], [ -35.641469270999949, -9.187177086999952, 0.0 ], [ -35.641419696999947, -9.187165290999928, 0.0 ], [ -35.641389053999944, -9.187162427999965, 0.0 ], [ -35.639624287999936, -9.187087980999934, 0.0 ], [ -35.639580945999967, -9.187082347999933, 0.0 ], [ -35.63954453599996, -9.187071447999926, 0.0 ], [ -35.639538997999978, -9.187069369999961, 0.0 ], [ -35.639497528999982, -9.187049087999981, 0.0 ], [ -35.639468446999956, -9.187028889999965, 0.0 ], [ -35.639454465999961, -9.187017697999977, 0.0 ], [ -35.639413914999977, -9.186985309999955, 0.0 ], [ -35.639394928999934, -9.186967151999966, 0.0 ], [ -35.639379378999934, -9.186946058999979, 0.0 ], [ -35.63936777899994, -9.186922656999968, 0.0 ], [ -35.639366825999957, -9.186920024999949, 0.0 ], [ -35.639334032999955, -9.186830954999948, 0.0 ], [ -35.639324889999955, -9.186797329999933, 0.0 ], [ -35.63932172799997, -9.186762613999974, 0.0 ], [ -35.639322068999945, -9.186751080999954, 0.0 ], [ -35.63940533899995, -9.185269652999978, 0.0 ], [ -35.639405754999984, -9.18526355399996, 0.0 ], [ -35.639406256999962, -9.185257544999956, 0.0 ], [ -35.639406854999947, -9.185251453999967, 0.0 ], [ -35.639407538999933, -9.185245453999926, 0.0 ], [ -35.639408408999941, -9.185239376999959, 0.0 ], [ -35.639409364999949, -9.185233389999951, 0.0 ], [ -35.639410321999947, -9.185227403999932, 0.0 ], [ -35.639410822999935, -9.185224840999979, 0.0 ], [ -35.639690053999971, -9.183746867999957, 0.0 ], [ -35.639692963999948, -9.183717876999935, 0.0 ], [ -35.639690684999948, -9.183688806999953, 0.0 ], [ -35.639685404999966, -9.183666486999925, 0.0 ], [ -35.639668431999951, -9.183612228999948, 0.0 ], [ -35.639657386999943, -9.183585233999963, 0.0 ], [ -35.639641750999942, -9.183560601999943, 0.0 ], [ -35.639626544999942, -9.183543317999977, 0.0 ], [ -35.639598243999956, -9.183515314999966, 0.0 ], [ -35.638603936999971, -9.182530129999975, 0.0 ], [ -35.638573316999953, -9.182504601999938, 0.0 ], [ -35.638538654999934, -9.182484823999971, 0.0 ], [ -35.638537055999961, -9.182484056999954, 0.0 ], [ -35.637330748999943, -9.181938515999946, 0.0 ], [ -35.637325764999957, -9.181936292999978, 0.0 ], [ -35.637320771999953, -9.181934240999965, 0.0 ], [ -35.637315778999948, -9.181932188999951, 0.0 ], [ -35.637310690999982, -9.18193021899998, 0.0 ], [ -35.63730559399994, -9.181928420999952, 0.0 ], [ -35.637300404999962, -9.181926618999967, 0.0 ], [ -35.637295207999955, -9.181924987999935, 0.0 ], [ -35.637290009999958, -9.18192335699996, 0.0 ], [ -35.637288215999945, -9.181922838999981, 0.0 ], [ -35.635632834999967, -9.181447433999949, 0.0 ], [ -35.635569109999949, -9.181395134999946, 0.0 ], [ -35.635243343999946, -9.180757783999979, 0.0 ], [ -35.635241871999938, -9.180732373999945, 0.0 ], [ -35.635146953999936, -9.179041106999932, 0.0 ], [ -35.63514829199994, -9.178997128999981, 0.0 ], [ -35.635155521999934, -9.178960591999953, 0.0 ], [ -35.63546480399998, -9.177834796999946, 0.0 ], [ -35.635470991999966, -9.17780070799995, 0.0 ], [ -35.635471190999965, -9.177766156999951, 0.0 ], [ -35.635469822999937, -9.177754195999967, 0.0 ], [ -35.635449195999968, -9.177612799999963, 0.0 ], [ -35.635439489999953, -9.177576045999956, 0.0 ], [ -35.63542380399997, -9.17754210499993, 0.0 ], [ -35.635398877999933, -9.177498580999952, 0.0 ], [ -35.635377306999942, -9.177467370999977, 0.0 ], [ -35.635350503999973, -9.177440303999958, 0.0 ], [ -35.635346310999978, -9.177436912999951, 0.0 ], [ -35.635216310999965, -9.177332281999952, 0.0 ], [ -35.635178574999941, -9.177306925999972, 0.0 ], [ -35.635145764999947, -9.17729172099996, 0.0 ], [ -35.634788696999976, -9.177155070999959, 0.0 ], [ -35.634729915999969, -9.17713826399995, 0.0 ], [ -35.634709592999968, -9.17713495299995, 0.0 ], [ -35.63433101399994, -9.177084051999941, 0.0 ], [ -35.634285816999977, -9.177073934999953, 0.0 ], [ -35.634252792999973, -9.177061045999949, 0.0 ], [ -35.634246569999959, -9.177058158999955, 0.0 ], [ -35.634206537999944, -9.177034847999948, 0.0 ], [ -35.63417911099998, -9.17701266399996, 0.0 ], [ -35.633924512999954, -9.176777204999951, 0.0 ], [ -35.63390540499995, -9.176756198999954, 0.0 ], [ -35.633890282999971, -9.176732196999978, 0.0 ], [ -35.633880740999984, -9.176709499999959, 0.0 ], [ -35.633805748999976, -9.176485405999927, 0.0 ], [ -35.633789724999929, -9.176418440999953, 0.0 ], [ -35.633788102999972, -9.176406123999925, 0.0 ], [ -35.633722416999944, -9.175841098999967, 0.0 ], [ -35.633714021999936, -9.175800271999947, 0.0 ], [ -35.63369948899998, -9.17576345699996, 0.0 ], [ -35.633678280999959, -9.175720284999954, 0.0 ], [ -35.633656583999937, -9.175684587999967, 0.0 ], [ -35.633630567999944, -9.17565471599994, 0.0 ], [ -35.632348238999953, -9.174406403999967, 0.0 ], [ -35.632342874999949, -9.174401058999933, 0.0 ], [ -35.632337605999965, -9.174395632999961, 0.0 ], [ -35.632332432999931, -9.174390125999935, 0.0 ], [ -35.632327354999973, -9.174384535999934, 0.0 ], [ -35.632322372999965, -9.174378865999927, 0.0 ], [ -35.632317485999977, -9.174373112999945, 0.0 ], [ -35.631623523999963, -9.173539218999963, 0.0 ], [ -35.631155975999945, -9.172977337999953, 0.0 ], [ -35.631146392999938, -9.172965670999929, 0.0 ], [ -35.631137095999975, -9.172953757999949, 0.0 ], [ -35.631127894999963, -9.172941763999972, 0.0 ], [ -35.630778853999971, -9.172474475999934, 0.0 ], [ -35.630758733999983, -9.172451956999964, 0.0 ], [ -35.630734949999976, -9.172433223999974, 0.0 ], [ -35.630716645999939, -9.172422771999948, 0.0 ], [ -35.629955345999974, -9.172046284999965, 0.0 ], [ -35.629909364999946, -9.172018376999972, 0.0 ], [ -35.629887696999958, -9.172000953999941, 0.0 ], [ -35.629345493999949, -9.171521995999967, 0.0 ], [ -35.629218186999935, -9.171409571999959, 0.0 ], [ -35.629190403999985, -9.171380390999957, 0.0 ], [ -35.629172222999955, -9.171353914999941, 0.0 ], [ -35.62916428099993, -9.171340516999976, 0.0 ], [ -35.62914699199996, -9.171304171999964, 0.0 ], [ -35.62913787399998, -9.171273480999957, 0.0 ], [ -35.628951489999963, -9.170430551999971, 0.0 ], [ -35.628947808999953, -9.170402105999926, 0.0 ], [ -35.628949063999983, -9.170373380999933, 0.0 ], [ -35.628953946999957, -9.170350088999953, 0.0 ], [ -35.629064612999969, -9.169963565999979, 0.0 ], [ -35.629071701999976, -9.169945034999955, 0.0 ], [ -35.629081989999975, -9.169928037999966, 0.0 ], [ -35.629094994999946, -9.169913067999971, 0.0 ], [ -35.629110510999965, -9.169900545999951, 0.0 ], [ -35.629115978999948, -9.169897104999961, 0.0 ], [ -35.629456549999929, -9.16969467399997, 0.0 ], [ -35.629510446999973, -9.169655997999939, 0.0 ], [ -35.629521740999962, -9.169645771999967, 0.0 ], [ -35.63014616199996, -9.169063725999933, 0.0 ], [ -35.630164269999966, -9.169043572999954, 0.0 ], [ -35.63017851799998, -9.169020647999957, 0.0 ], [ -35.63018868599994, -9.168995629999927, 0.0 ], [ -35.630188698999973, -9.168995371999927, 0.0 ], [ -35.630366143999936, -9.16840833699996, 0.0 ], [ -35.630371253999954, -9.168384193999941, 0.0 ], [ -35.630371929999967, -9.168359491999979, 0.0 ], [ -35.630368398999963, -9.168335102999947, 0.0 ], [ -35.63036649299994, -9.168328115999941, 0.0 ], [ -35.629800053999929, -9.166394508999929, 0.0 ], [ -35.629731336999953, -9.166160213999945, 0.0 ], [ -35.62972124099997, -9.166134214999943, 0.0 ], [ -35.629706657999975, -9.166110326999956, 0.0 ], [ -35.629689915999961, -9.166091073999951, 0.0 ], [ -35.629198200999951, -9.165608283999973, 0.0 ], [ -35.629167734999953, -9.165583282999933, 0.0 ], [ -35.62913341899997, -9.165563869999971, 0.0 ], [ -35.629130928999984, -9.165562714999965, 0.0 ], [ -35.627759997999931, -9.164957609999931, 0.0 ], [ -35.627726625999969, -9.164939276999974, 0.0 ], [ -35.627699611999958, -9.16491788899998, 0.0 ], [ -35.627683804999947, -9.164903335999952, 0.0 ], [ -35.627656270999978, -9.164872874999958, 0.0 ], [ -35.627643672999966, -9.164854511999977, 0.0 ], [ -35.625555930999951, -9.16147848199995, 0.0 ], [ -35.625540446999935, -9.161457825999946, 0.0 ], [ -35.625521705999972, -9.161440200999948, 0.0 ], [ -35.62550013699996, -9.161426057999961, 0.0 ], [ -35.625496416999965, -9.161424067999974, 0.0 ], [ -35.625146890999929, -9.161248511999929, 0.0 ], [ -35.625105316999964, -9.161231936999968, 0.0 ], [ -35.625069307999979, -9.161223818999929, 0.0 ], [ -35.62344276999994, -9.160979979999979, 0.0 ], [ -35.623413897999967, -9.160972981999976, 0.0 ], [ -35.623386647999951, -9.160961150999981, 0.0 ], [ -35.623367868999935, -9.160949383999935, 0.0 ], [ -35.623253640999962, -9.160866815999952, 0.0 ], [ -35.622868507999954, -9.160588190999931, 0.0 ], [ -35.622846031999984, -9.160568833999946, 0.0 ], [ -35.62282739699998, -9.160545784999954, 0.0 ], [ -35.62282335499998, -9.160539556999936, 0.0 ], [ -35.622305954999945, -9.159698504999938, 0.0 ], [ -35.622283140999969, -9.159652932999961, 0.0 ], [ -35.622268606999967, -9.159604141999978, 0.0 ], [ -35.62226282499995, -9.159553532999951, 0.0 ], [ -35.622264230999974, -9.159516802999974, 0.0 ], [ -35.622656941999935, -9.155666986999961, 0.0 ], [ -35.622657413999946, -9.155635810999968, 0.0 ], [ -35.622652396999968, -9.15560506199995, 0.0 ], [ -35.622646704999966, -9.15558703399995, 0.0 ], [ -35.622628530999975, -9.155538152999952, 0.0 ], [ -35.622614515999942, -9.155508690999966, 0.0 ], [ -35.622595527999977, -9.155482005999943, 0.0 ], [ -35.622584671999959, -9.155470277999939, 0.0 ], [ -35.622543037999947, -9.155429140999956, 0.0 ], [ -35.62032389999996, -9.153235691999953, 0.0 ], [ -35.620204531999946, -9.153117805999955, 0.0 ], [ -35.620171784999968, -9.15307916699993, 0.0 ], [ -35.620155312999941, -9.153053120999971, 0.0 ], [ -35.619601892999981, -9.152063166999937, 0.0 ], [ -35.619589423999969, -9.152035502999979, 0.0 ], [ -35.619582052999931, -9.152006190999941, 0.0 ], [ -35.619580049999968, -9.151985583999931, 0.0 ], [ -35.619505955999955, -9.150095901999975, 0.0 ], [ -35.619507745999954, -9.150058759999979, 0.0 ], [ -35.619516050999948, -9.150022448999948, 0.0 ], [ -35.61951821599996, -9.150016003999951, 0.0 ], [ -35.619663350999929, -9.149610907999943, 0.0 ], [ -35.619687140999929, -9.149559228999976, 0.0 ], [ -35.619699994999962, -9.149538477999954, 0.0 ], [ -35.620289549999939, -9.148666036999941, 0.0 ], [ -35.620302440999978, -9.148642873999961, 0.0 ], [ -35.620311060999938, -9.148617780999928, 0.0 ], [ -35.620315092999931, -9.148591604999979, 0.0 ], [ -35.620315274999939, -9.148589890999972, 0.0 ], [ -35.620337097999936, -9.148202881999964, 0.0 ], [ -35.620335771999976, -9.148162658999979, 0.0 ], [ -35.620327480999947, -9.148123217999967, 0.0 ], [ -35.620327330999942, -9.148122607999937, 0.0 ], [ -35.620312961999957, -9.148075808999977, 0.0 ], [ -35.62029797799994, -9.148038890999942, 0.0 ], [ -35.620276721999971, -9.148005116999968, 0.0 ], [ -35.620275785999979, -9.148003864999964, 0.0 ], [ -35.620214519999934, -9.14792412099996, 0.0 ], [ -35.62002330599995, -9.147675224999944, 0.0 ], [ -35.620005649999939, -9.147656016999974, 0.0 ], [ -35.619984902999931, -9.147640106999972, 0.0 ], [ -35.61996176699995, -9.147628044999976, 0.0 ], [ -35.619958822999934, -9.147626868999964, 0.0 ], [ -35.619651980999947, -9.147507086999951, 0.0 ], [ -35.619625071999963, -9.147499151999966, 0.0 ], [ -35.61959726799995, -9.147496085999933, 0.0 ], [ -35.61958760899995, -9.147496136999962, 0.0 ], [ -35.619041814999946, -9.14751528599993, 0.0 ], [ -35.619016467999984, -9.147513975999971, 0.0 ], [ -35.619004018999931, -9.147511650999945, 0.0 ], [ -35.617536137999934, -9.147175172999937, 0.0 ], [ -35.61748965299995, -9.147160173999964, 0.0 ], [ -35.617476223999972, -9.147154009999952, 0.0 ], [ -35.617454731999942, -9.147143577999941, 0.0 ], [ -35.617432036999958, -9.147130072999971, 0.0 ], [ -35.617412090999949, -9.14711282199994, 0.0 ], [ -35.61740486399998, -9.14710480399998, 0.0 ], [ -35.617311119999954, -9.146993330999976, 0.0 ], [ -35.617178729999978, -9.146835868999972, 0.0 ], [ -35.617167638999945, -9.146819993999941, 0.0 ], [ -35.617159374999972, -9.146802359999981, 0.0 ], [ -35.617155951999962, -9.146791335999978, 0.0 ], [ -35.617151984999964, -9.146775115999958, 0.0 ], [ -35.617147556999953, -9.146746980999978, 0.0 ], [ -35.617148063999934, -9.146718565999947, 0.0 ], [ -35.61715054299998, -9.146702742999935, 0.0 ], [ -35.617826557999933, -9.143459777999965, 0.0 ], [ -35.617835728999978, -9.143429454999932, 0.0 ], [ -35.617850077999947, -9.143401105999942, 0.0 ], [ -35.617855231999954, -9.143393253999932, 0.0 ], [ -35.61826224899994, -9.142808104999972, 0.0 ], [ -35.618279825999934, -9.14277732599993, 0.0 ], [ -35.618291562999957, -9.142744972999935, 0.0 ], [ -35.618416460999981, -9.142279694999957, 0.0 ], [ -35.618423624999934, -9.142239106999966, 0.0 ], [ -35.618423532999941, -9.142197908999947, 0.0 ], [ -35.618416303999936, -9.142157314999963, 0.0 ], [ -35.618415536999976, -9.142154606999952, 0.0 ], [ -35.618334883999978, -9.141870206999954, 0.0 ], [ -35.618318611999939, -9.141812888999937, 0.0 ], [ -35.618303895999929, -9.141774345999977, 0.0 ], [ -35.618282726999951, -9.141738939999925, 0.0 ], [ -35.618280854999966, -9.141736436999963, 0.0 ], [ -35.616127378999977, -9.138845215999936, 0.0 ], [ -35.614992860999962, -9.137321865999979, 0.0 ], [ -35.614966383999956, -9.13729206499994, 0.0 ], [ -35.614935079999952, -9.13726737199994, 0.0 ], [ -35.614933580999946, -9.137266437999926, 0.0 ], [ -35.614892188999931, -9.137239622999971, 0.0 ], [ -35.614857007999944, -9.137221034999925, 0.0 ], [ -35.614819037999951, -9.137208689999966, 0.0 ], [ -35.614817147999929, -9.137208253999972, 0.0 ], [ -35.614057945999946, -9.137039951999952, 0.0 ], [ -35.613994239999954, -9.137019900999974, 0.0 ], [ -35.613980615999935, -9.137013986999932, 0.0 ], [ -35.612975970999969, -9.136552567999956, 0.0 ], [ -35.612941836999937, -9.13653316999995, 0.0 ], [ -35.612918754999953, -9.136514906999935, 0.0 ], [ -35.612903805999963, -9.136501344999942, 0.0 ], [ -35.612877001999948, -9.136472562999927, 0.0 ], [ -35.612860696999974, -9.136448508999933, 0.0 ], [ -35.61273584199995, -9.136236527999927, 0.0 ], [ -35.612724370999956, -9.136212361999981, 0.0 ], [ -35.612717178999958, -9.136186506999934, 0.0 ], [ -35.612714675999939, -9.136159844999952, 0.0 ], [ -35.612714721999964, -9.136158984999952, 0.0 ], [ -35.612714604999951, -9.135932770999943, 0.0 ], [ -35.612719768999966, -9.135873214999947, 0.0 ], [ -35.61272416099996, -9.135852227999976, 0.0 ], [ -35.612922524999931, -9.135033827999962, 0.0 ], [ -35.61292629999997, -9.135009018999938, 0.0 ], [ -35.612925717999929, -9.134983913999974, 0.0 ], [ -35.612920647999943, -9.134959281999954, 0.0 ], [ -35.612918849999971, -9.134953679999967, 0.0 ], [ -35.612792645999946, -9.134585054999945, 0.0 ], [ -35.612781337999934, -9.134559518999936, 0.0 ], [ -35.612765712999931, -9.134536358999981, 0.0 ], [ -35.612748111999963, -9.134517844999948, 0.0 ], [ -35.611104362999981, -9.133042537999927, 0.0 ], [ -35.61108044499997, -9.133024579999926, 0.0 ], [ -35.611053742999957, -9.13301105599993, 0.0 ], [ -35.611033063999969, -9.133004197999981, 0.0 ], [ -35.610662822999984, -9.132906803999958, 0.0 ], [ -35.610412252999936, -9.132840858999941, 0.0 ], [ -35.610381588999928, -9.13282990099998, 0.0 ], [ -35.610353382999961, -9.132813804999955, 0.0 ], [ -35.610340159999964, -9.132803773999967, 0.0 ], [ -35.609353300999942, -9.131983030999947, 0.0 ], [ -35.609334953999962, -9.131964824999955, 0.0 ], [ -35.609320042999968, -9.131943681999928, 0.0 ], [ -35.60931415999994, -9.131932626999969, 0.0 ], [ -35.609306543999935, -9.131916489999981, 0.0 ], [ -35.609298170999978, -9.131894025999941, 0.0 ], [ -35.609293867999952, -9.131870378999963, 0.0 ], [ -35.609293287999947, -9.131858976999979, 0.0 ], [ -35.609286816999941, -9.131072247999953, 0.0 ], [ -35.609282059999941, -9.131022812999959, 0.0 ], [ -35.609274486999936, -9.13099211499997, 0.0 ], [ -35.609069706999946, -9.130318620999958, 0.0 ], [ -35.60905835799997, -9.130290412999955, 0.0 ], [ -35.609042237999972, -9.130264558999954, 0.0 ], [ -35.609028946999956, -9.130248924999933, 0.0 ], [ -35.607900570999959, -9.129068237999945, 0.0 ], [ -35.60787593699996, -9.129046625999933, 0.0 ], [ -35.607847962999983, -9.129029593999974, 0.0 ], [ -35.607833275999951, -9.12902311199997, 0.0 ], [ -35.607558431999962, -9.128915070999938, 0.0 ], [ -35.607523551999975, -9.128897705999975, 0.0 ], [ -35.607492162999961, -9.128874648999954, 0.0 ], [ -35.607489468999972, -9.12887219199996, 0.0 ], [ -35.605634392999946, -9.127181934999953, 0.0 ], [ -35.605594117999942, -9.127151212999934, 0.0 ], [ -35.605567224999959, -9.12713612899995, 0.0 ], [ -35.604709610999976, -9.126712696999959, 0.0 ], [ -35.602278186999968, -9.125512223999976, 0.0 ], [ -35.602253829999938, -9.125497434999943, 0.0 ], [ -35.602232328999946, -9.125478560999966, 0.0 ], [ -35.602227763999963, -9.125473601999943, 0.0 ], [ -35.602215218999959, -9.125459381999974, 0.0 ], [ -35.60219830799997, -9.125436420999961, 0.0 ], [ -35.602185722999934, -9.12541091099996, 0.0 ], [ -35.602183416999935, -9.125404594999964, 0.0 ], [ -35.601458428999933, -9.123290373999964, 0.0 ], [ -35.60143889099993, -9.123246518999963, 0.0 ], [ -35.601421072999983, -9.123218343999952, 0.0 ], [ -35.600462035999954, -9.121895091999932, 0.0 ], [ -35.600458974999981, -9.121890980999979, 0.0 ], [ -35.600455821999958, -9.121886864999965, 0.0 ], [ -35.600452665999967, -9.121882835999941, 0.0 ], [ -35.600449412999978, -9.12187888699998, 0.0 ], [ -35.600446065999961, -9.121875020999937, 0.0 ], [ -35.600442717999954, -9.121871153999962, 0.0 ], [ -35.600439274999928, -9.121867368999972, 0.0 ], [ -35.600435735999952, -9.121863665999967, 0.0 ], [ -35.600432710999939, -9.121860589999926, 0.0 ], [ -35.599152631999971, -9.120570561999955, 0.0 ], [ -35.599129338999944, -9.120542554999929, 0.0 ], [ -35.599114940999982, -9.120518594999965, 0.0 ], [ -35.599103963999937, -9.120497126999965, 0.0 ], [ -35.599090355999977, -9.120463382999958, 0.0 ], [ -35.599084044999984, -9.120436366999968, 0.0 ], [ -35.599045515999933, -9.120202544999927, 0.0 ], [ -35.598869949999937, -9.119137317999957, 0.0 ], [ -35.598868845999959, -9.119130629999972, 0.0 ], [ -35.598867561999953, -9.119123932999969, 0.0 ], [ -35.598866094999948, -9.119117227999936, 0.0 ], [ -35.59886462399993, -9.119110607999971, 0.0 ], [ -35.59886297099996, -9.119103979999977, 0.0 ], [ -35.598861227999976, -9.119097346999979, 0.0 ], [ -35.598860078999962, -9.119093241999963, 0.0 ], [ -35.598493112999961, -9.11781500799998, 0.0 ], [ -35.598480655999936, -9.117771582999978, 0.0 ], [ -35.598164145999931, -9.116668809999965, 0.0 ], [ -35.598151472999973, -9.116603659999953, 0.0 ], [ -35.598150256999929, -9.116588780999962, 0.0 ], [ -35.598136325999974, -9.11637372399997, 0.0 ], [ -35.598137074999954, -9.116344118999962, 0.0 ], [ -35.598141656999928, -9.116319522999959, 0.0 ], [ -35.59814666099993, -9.116300721999949, 0.0 ], [ -35.598161611999956, -9.116259218999971, 0.0 ], [ -35.598179628999958, -9.116226912999934, 0.0 ], [ -35.598195776999944, -9.116202357999953, 0.0 ], [ -35.598222335999935, -9.116168738999932, 0.0 ], [ -35.598250945999951, -9.116142801999956, 0.0 ], [ -35.598265574999971, -9.116131442999972, 0.0 ], [ -35.598290281999937, -9.116115571999956, 0.0 ], [ -35.598314237999944, -9.116105265999977, 0.0 ], [ -35.598460450999937, -9.116055179999933, 0.0 ], [ -35.598499535999963, -9.116037847999962, 0.0 ], [ -35.598532002999946, -9.116016490999925, 0.0 ], [ -35.598569726999983, -9.115987029999928, 0.0 ], [ -35.598600962999967, -9.115957944999934, 0.0 ], [ -35.59862454499995, -9.115927197999952, 0.0 ], [ -35.598743473999946, -9.115743875999954, 0.0 ], [ -35.598758754999949, -9.115715055999942, 0.0 ], [ -35.59876877499994, -9.115684086999977, 0.0 ], [ -35.598771711999973, -9.115668200999949, 0.0 ], [ -35.598779176999983, -9.115614964999963, 0.0 ], [ -35.598780806999969, -9.115582471999971, 0.0 ], [ -35.59877669499997, -9.115550046999942, 0.0 ], [ -35.598772684999972, -9.115534601999968, 0.0 ], [ -35.598660975999962, -9.115172313999949, 0.0 ], [ -35.598647672999959, -9.115139704999933, 0.0 ], [ -35.598628848999965, -9.115109845999939, 0.0 ], [ -35.598622012999954, -9.115101330999948, 0.0 ], [ -35.598275717999968, -9.114693103999969, 0.0 ], [ -35.598250011999937, -9.11466765299997, 0.0 ], [ -35.598220402999971, -9.114647097999978, 0.0 ], [ -35.598212166999929, -9.11464265199993, 0.0 ], [ -35.597271411999941, -9.114160469999945, 0.0 ], [ -35.597250256999985, -9.114147128999946, 0.0 ], [ -35.597231741999963, -9.114130382999974, 0.0 ], [ -35.597216388999982, -9.114110686999936, 0.0 ], [ -35.59721295099996, -9.114105092999978, 0.0 ], [ -35.597025063999979, -9.11378282499993, 0.0 ], [ -35.597008448999929, -9.113747385999943, 0.0 ], [ -35.597000106999928, -9.113719151999931, 0.0 ], [ -35.596995755999956, -9.113699813999972, 0.0 ], [ -35.596990612999946, -9.113661048999973, 0.0 ], [ -35.596991170999956, -9.113631606999945, 0.0 ], [ -35.597097218999977, -9.112418571999967, 0.0 ], [ -35.597102580999945, -9.112356874999932, 0.0 ], [ -35.597107521999931, -9.112328936999972, 0.0 ], [ -35.597117313999945, -9.112302265999972, 0.0 ], [ -35.597120371999949, -9.112296122999965, 0.0 ], [ -35.597129091999932, -9.112279394999973, 0.0 ], [ -35.59714439499993, -9.11225531599996, 0.0 ], [ -35.597163630999944, -9.112234355999931, 0.0 ], [ -35.597168788999966, -9.112229864999961, 0.0 ], [ -35.59819566699997, -9.111365852999938, 0.0 ], [ -35.598223080999958, -9.111338393999972, 0.0 ], [ -35.598245352999982, -9.111306549999938, 0.0 ], [ -35.598247165999965, -9.111303276999934, 0.0 ], [ -35.598271238999985, -9.11125980199995, 0.0 ], [ -35.598286869999981, -9.111224362999963, 0.0 ], [ -35.598296148999964, -9.111186723999936, 0.0 ], [ -35.598296712999968, -9.111182959999951, 0.0 ], [ -35.598364947999983, -9.110687248999966, 0.0 ], [ -35.598367561999964, -9.110668848999978, 0.0 ], [ -35.598368972999936, -9.110638758999926, 0.0 ], [ -35.598365176999948, -9.11060893399997, 0.0 ], [ -35.598359508999977, -9.11058866999997, 0.0 ], [ -35.598047225999949, -9.109697830999949, 0.0 ], [ -35.598045554999942, -9.10969326999998, 0.0 ], [ -35.598043878999931, -9.109688794999954, 0.0 ], [ -35.598042020999969, -9.109684310999967, 0.0 ], [ -35.59804016399994, -9.109679826999979, 0.0 ], [ -35.59803821099996, -9.109675423999931, 0.0 ], [ -35.598036166999975, -9.109671017999972, 0.0 ], [ -35.598034122999934, -9.109666609999977, 0.0 ], [ -35.59803188799998, -9.109662365999952, 0.0 ], [ -35.598029657999973, -9.109658036999974, 0.0 ], [ -35.598028825999961, -9.109656531999974, 0.0 ], [ -35.597635536999974, -9.108938265999939, 0.0 ], [ -35.597620174999975, -9.108915295999964, 0.0 ], [ -35.597601013999963, -9.108895243999939, 0.0 ], [ -35.597580067999957, -9.108879673999979, 0.0 ], [ -35.595981189999975, -9.107886496999981, 0.0 ], [ -35.59597492499995, -9.107882662999941, 0.0 ], [ -35.595968565999954, -9.107878909999954, 0.0 ], [ -35.595962105999945, -9.107875324999952, 0.0 ], [ -35.595955550999975, -9.107871819999957, 0.0 ], [ -35.595948989999954, -9.107868402999941, 0.0 ], [ -35.595942334999961, -9.107865065999931, 0.0 ], [ -35.595941444999937, -9.107864678999931, 0.0 ], [ -35.594717910999975, -9.107274912999969, 0.0 ], [ -35.594690795999952, -9.107258873999967, 0.0 ], [ -35.594666923999966, -9.107238336999956, 0.0 ], [ -35.594666405999931, -9.107237794999946, 0.0 ], [ -35.59465129299997, -9.107222160999981, 0.0 ], [ -35.594631450999941, -9.107197767999935, 0.0 ], [ -35.594616234999933, -9.10717032499997, 0.0 ], [ -35.59461590799998, -9.107169619999979, 0.0 ], [ -35.594510420999939, -9.106930516999967, 0.0 ], [ -35.594492928999955, -9.106878922999954, 0.0 ], [ -35.594487670999968, -9.106852647999972, 0.0 ], [ -35.594434570999965, -9.106510081999943, 0.0 ], [ -35.59443181499995, -9.106469192999953, 0.0 ], [ -35.594436210999959, -9.106429165999941, 0.0 ], [ -35.594552161999957, -9.105838910999978, 0.0 ], [ -35.594577346999984, -9.105710702999943, 0.0 ], [ -35.594584150999935, -9.105647526999974, 0.0 ], [ -35.594583997999962, -9.105629767999972, 0.0 ], [ -35.594570546999933, -9.105190279999931, 0.0 ], [ -35.594564956999932, -9.105142705999981, 0.0 ], [ -35.594556090999959, -9.105110569999965, 0.0 ], [ -35.594541515999936, -9.105067560999942, 0.0 ], [ -35.594522152999957, -9.105023805999963, 0.0 ], [ -35.594504341999937, -9.104995461999977, 0.0 ], [ -35.594108782999967, -9.104447369999946, 0.0 ], [ -35.594089294999947, -9.104424890999951, 0.0 ], [ -35.594066330999965, -9.104406120999954, 0.0 ], [ -35.594047247999981, -9.104394948999982, 0.0 ], [ -35.593675962999953, -9.104207507999945, 0.0 ], [ -35.593642690999957, -9.104194187999951, 0.0 ], [ -35.593607557999974, -9.104186810999977, 0.0 ], [ -35.59359758599993, -9.104185899999948, 0.0 ], [ -35.592827817999932, -9.104130501999975, 0.0 ], [ -35.592820739999979, -9.104129988999944, 0.0 ], [ -35.592813766999939, -9.104129222999973, 0.0 ], [ -35.592806702999951, -9.104128451999941, 0.0 ], [ -35.592799738999929, -9.10412751299998, 0.0 ], [ -35.592792687999975, -9.104126484999938, 0.0 ], [ -35.592785736999929, -9.104125288999967, 0.0 ], [ -35.592782761999956, -9.104124714999955, 0.0 ], [ -35.592048419999969, -9.103988561999927, 0.0 ], [ -35.592010086999949, -9.103977927999949, 0.0 ], [ -35.591974190999963, -9.103960862999941, 0.0 ], [ -35.591972336999959, -9.103959739999937, 0.0 ], [ -35.58992552199993, -9.102732056999969, 0.0 ], [ -35.589920756999959, -9.102729156999942, 0.0 ], [ -35.589916000999949, -9.102726084999972, 0.0 ], [ -35.589911335999943, -9.10272301699996, 0.0 ], [ -35.589906765999956, -9.102719866999962, 0.0 ], [ -35.589902200999973, -9.102716631999954, 0.0 ], [ -35.589897639999947, -9.102713309999956, 0.0 ], [ -35.589893264999944, -9.102709911999966, 0.0 ], [ -35.58988880499993, -9.102706422999972, 0.0 ], [ -35.589888368999937, -9.102706056999978, 0.0 ], [ -35.589343200999963, -9.102263824999966, 0.0 ], [ -35.589307413999961, -9.102229188999956, 0.0 ], [ -35.589287972999955, -9.102204127999926, 0.0 ], [ -35.588101030999951, -9.100482343999943, 0.0 ], [ -35.58795146999995, -9.100265341999943, 0.0 ], [ -35.587927235999985, -9.100236173999974, 0.0 ], [ -35.587898299999949, -9.100211517999981, 0.0 ], [ -35.587893820999966, -9.10020837199994, 0.0 ], [ -35.587527674999933, -9.099961734999965, 0.0 ], [ -35.587496348999935, -9.099944373999961, 0.0 ], [ -35.587462349999953, -9.099932742999954, 0.0 ], [ -35.587452719999931, -9.099930556999936, 0.0 ], [ -35.58703963499994, -9.099848039999927, 0.0 ], [ -35.587013190999983, -9.099845129999949, 0.0 ], [ -35.586986592999949, -9.09984686699994, 0.0 ], [ -35.586960666999971, -9.099853115999963, 0.0 ], [ -35.586959, -9.099853638999946, 0.0 ], [ -35.586430803999974, -9.100037508999947, 0.0 ], [ -35.58641995499994, -9.100041123999972, 0.0 ], [ -35.586409020999952, -9.100044646999947, 0.0 ], [ -35.58639809999994, -9.100047912999969, 0.0 ], [ -35.586387096999943, -9.10005100199993, 0.0 ], [ -35.586376012999949, -9.100053914999933, 0.0 ], [ -35.586364936999985, -9.100056655999936, 0.0 ], [ -35.586353784999972, -9.100059134999981, 0.0 ], [ -35.586350925999966, -9.100059772999941, 0.0 ], [ -35.586037074999979, -9.100126265999961, 0.0 ], [ -35.586028416999966, -9.100128088999952, 0.0 ], [ -35.586019680999982, -9.100129650999975, 0.0 ], [ -35.586010948999956, -9.100131125999951, 0.0 ], [ -35.586002225999948, -9.100132428999927, 0.0 ], [ -35.585993422999934, -9.100133556999936, 0.0 ], [ -35.585984713999949, -9.100134601999969, 0.0 ], [ -35.585975923999968, -9.100135471999977, 0.0 ], [ -35.585967051999944, -9.100136164999981, 0.0 ], [ -35.585958279999943, -9.100136690999932, 0.0 ], [ -35.585954535999974, -9.10013685499996, 0.0 ], [ -35.581518740999968, -9.100338925999949, 0.0 ], [ -35.581495813999936, -9.100340148999976, 0.0 ], [ -35.581473044999939, -9.100341809999975, 0.0 ], [ -35.581450166999957, -9.100343810999959, 0.0 ], [ -35.581428365999955, -9.100346121999962, 0.0 ], [ -35.580002941999965, -9.100509621999947, 0.0 ], [ -35.579975207999951, -9.100510440999926, 0.0 ], [ -35.579947824999977, -9.100506365999934, 0.0 ], [ -35.579921949999971, -9.100497882999946, 0.0 ], [ -35.579250698999942, -9.100211057999957, 0.0 ], [ -35.578213181999956, -9.099767800999928, 0.0 ], [ -35.578175753999972, -9.099755574999961, 0.0 ], [ -35.578136795999967, -9.099749907999978, 0.0 ], [ -35.578133887999968, -9.099749767999981, 0.0 ], [ -35.578084266999952, -9.09974763799994, 0.0 ], [ -35.578044921999947, -9.099749276999944, 0.0 ], [ -35.57800648999995, -9.099757765999925, 0.0 ], [ -35.578003618999958, -9.099758660999953, 0.0 ], [ -35.575026883999953, -9.100734275999969, 0.0 ], [ -35.574995891999947, -9.100741570999958, 0.0 ], [ -35.574964009999974, -9.100743309999928, 0.0 ], [ -35.574946138999962, -9.100741932999938, 0.0 ], [ -35.574493876999952, -9.100683711999977, 0.0 ], [ -35.573922370999981, -9.100610185999926, 0.0 ], [ -35.573904090999974, -9.100606203999973, 0.0 ], [ -35.573886887999947, -9.100599085999932, 0.0 ], [ -35.573871107999935, -9.100589193999951, 0.0 ], [ -35.573857289999978, -9.100576638999939, 0.0 ], [ -35.573852651999971, -9.100571331999959, 0.0 ], [ -35.572820447999959, -9.099298474999955, 0.0 ], [ -35.572808205999934, -9.099283669999977, 0.0 ], [ -35.572795773999928, -9.099269027999981, 0.0 ], [ -35.572782964999931, -9.099254625999947, 0.0 ], [ -35.57276995999996, -9.099240473999942, 0.0 ], [ -35.572766770999976, -9.099237045999928, 0.0 ], [ -35.571629543999961, -9.098029531999941, 0.0 ], [ -35.571009742999934, -9.097371536999958, 0.0 ], [ -35.570977300999971, -9.097342577999939, 0.0 ], [ -35.570945129999984, -9.097322246999966, 0.0 ], [ -35.568400361999977, -9.095969971999978, 0.0 ], [ -35.56838539499995, -9.095960204999926, 0.0 ], [ -35.568372285999942, -9.095948028999942, 0.0 ], [ -35.568361474999961, -9.095933723999963, 0.0 ], [ -35.56835339099996, -9.095917827999926, 0.0 ], [ -35.568348921999984, -9.095904172999951, 0.0 ], [ -35.568288240999948, -9.095658469999933, 0.0 ], [ -35.568285474999982, -9.095647050999958, 0.0 ], [ -35.568282981999971, -9.095635644999959, 0.0 ], [ -35.568280675999972, -9.095624161999979, 0.0 ], [ -35.568278554999949, -9.095612600999971, 0.0 ], [ -35.568276706999939, -9.095601053999928, 0.0 ], [ -35.568274953999946, -9.095589423999968, 0.0 ], [ -35.568273528999953, -9.095578499999931, 0.0 ], [ -35.568233981999981, -9.095251883999936, 0.0 ], [ -35.568232848999969, -9.095218229999944, 0.0 ], [ -35.568237616999966, -9.095184944999971, 0.0 ], [ -35.568241333999936, -9.095171511999979, 0.0 ], [ -35.568420627999956, -9.09459783099993, 0.0 ], [ -35.568437839999945, -9.09454110799993, 0.0 ], [ -35.568443973999933, -9.094519864999938, 0.0 ], [ -35.568584546999944, -9.094028920999961, 0.0 ], [ -35.568589908999968, -9.094001609999964, 0.0 ], [ -35.568590283999981, -9.093973886999947, 0.0 ], [ -35.56858634699995, -9.093948453999928, 0.0 ], [ -35.568380876999981, -9.093087625999942, 0.0 ], [ -35.56837636299997, -9.093067937999933, 0.0 ], [ -35.568372125999929, -9.093048177999947, 0.0 ], [ -35.568368351999936, -9.093028266999966, 0.0 ], [ -35.568364850999956, -9.093008368999961, 0.0 ], [ -35.568364782999936, -9.093007934999946, 0.0 ], [ -35.568281033999938, -9.092501026999969, 0.0 ], [ -35.56827265499993, -9.092468314999962, 0.0 ], [ -35.568258705999938, -9.092437576999941, 0.0 ], [ -35.568251492999934, -9.092425856999967, 0.0 ], [ -35.568175822999933, -9.092311852999956, 0.0 ], [ -35.568147891999956, -9.092276822999963, 0.0 ], [ -35.568120781999937, -9.092252084999927, 0.0 ], [ -35.567174187999967, -9.09150584899993, 0.0 ], [ -35.566912050999974, -9.091299217999961, 0.0 ], [ -35.566862001999937, -9.091260452999961, 0.0 ], [ -35.566837476999979, -9.091241956999966, 0.0 ], [ -35.566244899999958, -9.090799219999951, 0.0 ], [ -35.566196218999949, -9.090769049999949, 0.0 ], [ -35.566173186999947, -9.090758464999965, 0.0 ], [ -35.563978274999954, -9.089854044999981, 0.0 ], [ -35.563927388999957, -9.089827645999947, 0.0 ], [ -35.563906556999939, -9.089813375999938, 0.0 ], [ -35.562133868999979, -9.088489913999979, 0.0 ], [ -35.562106703999973, -9.088473098999941, 0.0 ], [ -35.562077, -9.088461245999952, 0.0 ], [ -35.56205866199997, -9.088456658999974, 0.0 ], [ -35.561572239999975, -9.088362609999933, 0.0 ], [ -35.56154227299993, -9.088354017999961, 0.0 ], [ -35.561514208999938, -9.088340432999928, 0.0 ], [ -35.561497937999945, -9.088329484999974, 0.0 ], [ -35.561224527999968, -9.088122490999979, 0.0 ], [ -35.561185499999965, -9.088087186999928, 0.0 ], [ -35.561165880999965, -9.088063757999976, 0.0 ], [ -35.560660965999944, -9.087394887999949, 0.0 ], [ -35.560645680999983, -9.087370461999967, 0.0 ], [ -35.560634884999956, -9.087343838999971, 0.0 ], [ -35.560629493999954, -9.087320059999968, 0.0 ], [ -35.560462438999934, -9.086194400999943, 0.0 ], [ -35.56003525899996, -9.083317389999934, 0.0 ], [ -35.560033868999938, -9.083307501999968, 0.0 ], [ -35.56003266099998, -9.083297622999964, 0.0 ], [ -35.560031638999931, -9.083287665999933, 0.0 ], [ -35.560030798999946, -9.083277718999966, 0.0 ], [ -35.560030049999966, -9.083267775999957, 0.0 ], [ -35.560029573999941, -9.083257844999935, 0.0 ], [ -35.560029282999949, -9.083247837999977, 0.0 ], [ -35.560029078999946, -9.083237920999977, 0.0 ], [ -35.560029128999929, -9.083235251999952, 0.0 ], [ -35.560017977999962, -9.078333851999957, 0.0 ], [ -35.560022106999952, -9.07828503199994, 0.0 ], [ -35.56003005599996, -9.078251815999977, 0.0 ], [ -35.560347239999942, -9.077210353999931, 0.0 ], [ -35.560359135999931, -9.07717138299995, 0.0 ], [ -35.560364682999932, -9.077152610999974, 0.0 ], [ -35.560369869999931, -9.077133734999961, 0.0 ], [ -35.560374693999961, -9.077114841999958, 0.0 ], [ -35.56037925499993, -9.077095762999932, 0.0 ], [ -35.560380435999946, -9.077090650999935, 0.0 ], [ -35.560805517999938, -9.075196494999943, 0.0 ], [ -35.560807756999964, -9.075186867999946, 0.0 ], [ -35.56081017799994, -9.075177248999978, 0.0 ], [ -35.560812775999977, -9.075167725999961, 0.0 ], [ -35.560815555999966, -9.075158210999973, 0.0 ], [ -35.560818425999969, -9.075148699999943, 0.0 ], [ -35.560821564999969, -9.075139287999946, 0.0 ], [ -35.560824794999974, -9.075129880999953, 0.0 ], [ -35.560828200999936, -9.075120567999932, 0.0 ], [ -35.56082893699994, -9.075118707999934, 0.0 ], [ -35.561927021999963, -9.072242720999952, 0.0 ], [ -35.561941445999935, -9.072192067999936, 0.0 ], [ -35.56194549199995, -9.072163746999934, 0.0 ], [ -35.562068336999971, -9.070862236999972, 0.0 ], [ -35.562069639999947, -9.070847912999966, 0.0 ], [ -35.562070578999965, -9.070833569999934, 0.0 ], [ -35.562071341999967, -9.070819133999976, 0.0 ], [ -35.56207173599995, -9.070804765999981, 0.0 ], [ -35.562071948999971, -9.070790388999967, 0.0 ], [ -35.562071988999946, -9.070781000999943, 0.0 ], [ -35.562067556999978, -9.06989568399996, 0.0 ], [ -35.562064520999968, -9.069863490999978, 0.0 ], [ -35.562055965999946, -9.069832324999936, 0.0 ], [ -35.562049487999957, -9.069817023999974, 0.0 ], [ -35.561846659999958, -9.069392644999937, 0.0 ], [ -35.561839241999962, -9.069372731999977, 0.0 ], [ -35.561835333999966, -9.069351868999945, 0.0 ], [ -35.561835182999971, -9.069330582999953, 0.0 ], [ -35.561837920999949, -9.069313225999963, 0.0 ], [ -35.561861948999933, -9.069208329999981, 0.0 ], [ -35.561870645999932, -9.06918160999993, 0.0 ], [ -35.561883798999929, -9.069156741999961, 0.0 ], [ -35.561899151999967, -9.069136802999935, 0.0 ], [ -35.562302667999973, -9.068687609999927, 0.0 ], [ -35.562843974999964, -9.068085049999979, 0.0 ], [ -35.562857000999941, -9.068067755999948, 0.0 ], [ -35.562866765999956, -9.06804840999996, 0.0 ], [ -35.56287305099994, -9.068027690999941, 0.0 ], [ -35.562875361999943, -9.06801151999997, 0.0 ], [ -35.562929648999955, -9.067276508999953, 0.0 ], [ -35.562929242999928, -9.067249696999966, 0.0 ], [ -35.562924261999967, -9.067223268999953, 0.0 ], [ -35.562914656999965, -9.067198168999937, 0.0 ], [ -35.562914320999937, -9.067197635999946, 0.0 ], [ -35.562704037999936, -9.066769453999939, 0.0 ], [ -35.562690303999943, -9.066746654999974, 0.0 ], [ -35.562672691999978, -9.066726597999946, 0.0 ], [ -35.562651900999981, -9.066709833999937, 0.0 ], [ -35.562650669999982, -9.066709, 0.0 ], [ -35.561743618999969, -9.066113840999947, 0.0 ], [ -35.561714500999983, -9.066090905999943, 0.0 ], [ -35.56168981999997, -9.06606327399993, 0.0 ], [ -35.561685490999935, -9.066057293999961, 0.0 ], [ -35.561333138999942, -9.065549499999975, 0.0 ], [ -35.561315796999963, -9.06551911899993, 0.0 ], [ -35.561304052999958, -9.065486249999935, 0.0 ], [ -35.561301453999931, -9.065475097999979, 0.0 ], [ -35.560979127999929, -9.063873792999971, 0.0 ], [ -35.560964996999928, -9.063825731999941, 0.0 ], [ -35.560952012999962, -9.063797368999928, 0.0 ], [ -35.560723431999975, -9.063362029999951, 0.0 ], [ -35.560710165999978, -9.063330379999968, 0.0 ], [ -35.560702736999929, -9.063296854999976, 0.0 ], [ -35.560701170999948, -9.063262664999968, 0.0 ], [ -35.560701456999936, -9.063257250999982, 0.0 ], [ -35.560744495999984, -9.062648778999971, 0.0 ], [ -35.560744029999967, -9.062621361999959, 0.0 ], [ -35.560738803999982, -9.06259440499997, 0.0 ], [ -35.560729356999957, -9.062569743999973, 0.0 ], [ -35.560718444999964, -9.062546993999945, 0.0 ], [ -35.560704560999966, -9.062523583999962, 0.0 ], [ -35.560686794999981, -9.062503002999961, 0.0 ], [ -35.560665839999956, -9.062485887999969, 0.0 ], [ -35.560644302999947, -9.062471156999948, 0.0 ], [ -35.560573188999967, -9.062431130999926, 0.0 ], [ -35.560300651999967, -9.062307523999948, 0.0 ], [ -35.560272260999966, -9.062291515999959, 0.0 ], [ -35.56024711799995, -9.06227092599994, 0.0 ], [ -35.56023591099995, -9.062258930999974, 0.0 ], [ -35.559881934999964, -9.06184566099995, 0.0 ], [ -35.559875933999933, -9.061838567999928, 0.0 ], [ -35.559870032999982, -9.061831305999931, 0.0 ], [ -35.559864317999939, -9.061823967999942, 0.0 ], [ -35.55985869899996, -9.061816547999967, 0.0 ], [ -35.559853174999944, -9.06180904699994, 0.0 ], [ -35.559847840999964, -9.061801381999942, 0.0 ], [ -35.559842598999978, -9.061793721999948, 0.0 ], [ -35.559837546999972, -9.061785896999936, 0.0 ], [ -35.559833762999972, -9.061779943999966, 0.0 ], [ -35.559500110999977, -9.06124213399994, 0.0 ], [ -35.559477267999966, -9.061196928999948, 0.0 ], [ -35.559467412999936, -9.061167940999951, 0.0 ], [ -35.559403539999948, -9.060940631999927, 0.0 ], [ -35.558693528999981, -9.058414649999975, 0.0 ], [ -35.558682845999954, -9.058375456999954, 0.0 ], [ -35.558672902999945, -9.058336041999951, 0.0 ], [ -35.558672825999963, -9.058335779999936, 0.0 ], [ -35.55743787199998, -9.053263202999972, 0.0 ], [ -35.557422662999954, -9.053218278999964, 0.0 ], [ -35.55740687499997, -9.053187801999968, 0.0 ], [ -35.556910239999979, -9.052360497999928, 0.0 ], [ -35.555738984999948, -9.050409124999931, 0.0 ], [ -35.553712987999972, -9.048482188999969, 0.0 ], [ -35.553411895999943, -9.047639041999957, 0.0 ], [ -35.552024564999954, -9.045207883999979, 0.0 ], [ -35.551776893999943, -9.044916649999948, 0.0 ], [ -35.550852437999936, -9.043829150999954, 0.0 ], [ -35.550842015999933, -9.04381435099998, 0.0 ], [ -35.550834314999975, -9.04379804499996, 0.0 ], [ -35.550829492999981, -9.043780671999968, 0.0 ], [ -35.550827890999983, -9.043762676999961, 0.0 ], [ -35.550828279999962, -9.043753564999975, 0.0 ], [ -35.550950051999962, -9.042334150999977, 0.0 ], [ -35.550949960999958, -9.042306493999945, 0.0 ], [ -35.550945112999955, -9.042279211999926, 0.0 ], [ -35.550936287999946, -9.042254841999977, 0.0 ], [ -35.550911864999932, -9.042201554999963, 0.0 ], [ -35.550898275999941, -9.042177731999971, 0.0 ], [ -35.550880720999942, -9.042156560999956, 0.0 ], [ -35.550860592999982, -9.042139314999929, 0.0 ], [ -35.549643046999961, -9.041263056999981, 0.0 ], [ -35.549626492999948, -9.041248825999958, 0.0 ], [ -35.549612630999945, -9.041231880999931, 0.0 ], [ -35.549601976999952, -9.041212848999976, 0.0 ], [ -35.549596227999984, -9.041197498999963, 0.0 ], [ -35.549373507999974, -9.040453321999962, 0.0 ], [ -35.549356220999982, -9.040409766999971, 0.0 ], [ -35.549338073999934, -9.040379091999966, 0.0 ], [ -35.549312708999935, -9.040341955999963, 0.0 ], [ -35.549282929999947, -9.040305641999964, 0.0 ], [ -35.549256498999966, -9.040281805999939, 0.0 ], [ -35.548716265999929, -9.039858207999941, 0.0 ], [ -35.54869187099996, -9.039835503999939, 0.0 ], [ -35.548671962999947, -9.039808878999963, 0.0 ], [ -35.548664134999967, -9.039794979999954, 0.0 ], [ -35.548350957999958, -9.039182581999967, 0.0 ], [ -35.548328690999938, -9.039147143999969, 0.0 ], [ -35.548301419999973, -9.039116806999971, 0.0 ], [ -35.548266960999968, -9.039084576999926, 0.0 ], [ -35.548233990999961, -9.039058705999935, 0.0 ], [ -35.548197950999963, -9.039039233999972, 0.0 ], [ -35.54773449299995, -9.03883863599998, 0.0 ], [ -35.547707042999946, -9.038823796999964, 0.0 ], [ -35.547682653999971, -9.038804451999965, 0.0 ], [ -35.547669101999929, -9.038790277999965, 0.0 ], [ -35.54722465499998, -9.038266783999973, 0.0 ], [ -35.547188708999954, -9.038216132999935, 0.0 ], [ -35.547179239999934, -9.038198795999961, 0.0 ], [ -35.547024161999957, -9.037895901999946, 0.0 ], [ -35.546145204999959, -9.036179388999926, 0.0 ], [ -35.546130415999983, -9.036155852999968, 0.0 ], [ -35.546111739999958, -9.036135232999982, 0.0 ], [ -35.546089780999978, -9.036118158999955, 0.0 ], [ -35.546083693999947, -9.036114421999969, 0.0 ], [ -35.545818022999981, -9.035959135999974, 0.0 ], [ -35.54579431999997, -9.035942323999961, 0.0 ], [ -35.545773908999934, -9.035921791999954, 0.0 ], [ -35.545757906999938, -9.035898801999963, 0.0 ], [ -35.545754403999979, -9.035892689999969, 0.0 ], [ -35.545742453999935, -9.035867135999979, 0.0 ], [ -35.545735147999949, -9.035839823999936, 0.0 ], [ -35.545732803999954, -9.035811716999945, 0.0 ], [ -35.545732771999951, -9.03581059499993, 0.0 ], [ -35.545734952999965, -9.035573724999949, 0.0 ], [ -35.545734920999962, -9.035550120999972, 0.0 ], [ -35.545734520999929, -9.035526585999946, 0.0 ], [ -35.545733757999983, -9.035503032999941, 0.0 ], [ -35.545732868999949, -9.035485329999972, 0.0 ], [ -35.54554640899994, -9.032202785999971, 0.0 ], [ -35.545538333999957, -9.03214683899995, 0.0 ], [ -35.545531274999973, -9.032121778999965, 0.0 ], [ -35.545463293999944, -9.031911527999966, 0.0 ], [ -35.545449033999944, -9.031877939999958, 0.0 ], [ -35.545429155999955, -9.031847269999957, 0.0 ], [ -35.545423508999932, -9.031840366999973, 0.0 ], [ -35.545390748999978, -9.031801843999972, 0.0 ], [ -35.545364684999981, -9.031776218999937, 0.0 ], [ -35.545334544999946, -9.031755393999958, 0.0 ], [ -35.545326572999954, -9.031751135999968, 0.0 ], [ -35.545136361999937, -9.031653650999942, 0.0 ], [ -35.545094812999935, -9.031636759999969, 0.0 ], [ -35.545058284999982, -9.031628292999926, 0.0 ], [ -35.544682153999929, -9.031569802999968, 0.0 ], [ -35.544653480999955, -9.031567826999947, 0.0 ], [ -35.544624903999932, -9.031570938999948, 0.0 ], [ -35.544597348999957, -9.031578836999927, 0.0 ], [ -35.544586821999928, -9.031583328999943, 0.0 ], [ -35.54445360699998, -9.031645261999927, 0.0 ], [ -35.544429096999977, -9.031654166999942, 0.0 ], [ -35.544403358999944, -9.031658706999963, 0.0 ], [ -35.544377218999955, -9.031658746999938, 0.0 ], [ -35.544369433999975, -9.03165785799996, 0.0 ], [ -35.544362834999959, -9.031656938999959, 0.0 ], [ -35.544335835999959, -9.03165082299995, 0.0 ], [ -35.544310357999962, -9.031640041999935, 0.0 ], [ -35.544287099999963, -9.031625145999953, 0.0 ], [ -35.544284387999937, -9.031623034999939, 0.0 ], [ -35.544074843999965, -9.031453386999942, 0.0 ], [ -35.54405560999993, -9.031438166999976, 0.0 ], [ -35.544036180999967, -9.031423195999935, 0.0 ], [ -35.544016456999941, -9.031408640999928, 0.0 ], [ -35.544005485999946, -9.031400793999978, 0.0 ], [ -35.543554299999983, -9.031079601999977, 0.0 ], [ -35.543534515999966, -9.031062719999966, 0.0 ], [ -35.543517992999966, -9.031042719999959, 0.0 ], [ -35.543505160999985, -9.031020053999953, 0.0 ], [ -35.543503529999953, -9.031016443999931, 0.0 ], [ -35.543299756999943, -9.030536451999978, 0.0 ], [ -35.542237246999946, -9.028032863999954, 0.0 ], [ -35.54222705199993, -9.028001623999955, 0.0 ], [ -35.542222570999968, -9.027969106999933, 0.0 ], [ -35.542222389999949, -9.02795350699995, 0.0 ], [ -35.54224540499996, -9.027247835999958, 0.0 ], [ -35.542241494999985, -9.02717675599996, 0.0 ], [ -35.542239661999929, -9.027164867999943, 0.0 ], [ -35.541835753999976, -9.024845801999959, 0.0 ], [ -35.541825483999958, -9.024807322999948, 0.0 ], [ -35.541808628999945, -9.024771112999929, 0.0 ], [ -35.541807878999975, -9.024769784999933, 0.0 ], [ -35.540971663999983, -9.023342261999971, 0.0 ], [ -35.540946992999977, -9.023307486999954, 0.0 ], [ -35.540919661999965, -9.02327999399995, 0.0 ], [ -35.540883409999935, -9.023248972999966, 0.0 ], [ -35.540848653999944, -9.023224139999968, 0.0 ], [ -35.54081376299996, -9.023207051999975, 0.0 ], [ -35.540156968999952, -9.02294779999994, 0.0 ], [ -35.540109051999934, -9.022923886999934, 0.0 ], [ -35.540066099999933, -9.022892114999934, 0.0 ], [ -35.540029341999968, -9.022853403999932, 0.0 ], [ -35.540011949999951, -9.022829142999967, 0.0 ], [ -35.539903551999942, -9.022661758999959, 0.0 ], [ -35.539771824999946, -9.022458288999928, 0.0 ], [ -35.539747427999941, -9.022426973999927, 0.0 ], [ -35.539717871999983, -9.022400234999964, 0.0 ], [ -35.539716381999938, -9.02239912999994, 0.0 ], [ -35.539676940999982, -9.02236985199994, 0.0 ], [ -35.539642712999978, -9.022348833999956, 0.0 ], [ -35.53960533999998, -9.022333953999976, 0.0 ], [ -35.53960417299993, -9.022333638999953, 0.0 ], [ -35.539015787999972, -9.022160612999926, 0.0 ], [ -35.538963765999938, -9.022140293999939, 0.0 ], [ -35.53894110799996, -9.022127839999939, 0.0 ], [ -35.538251891999948, -9.021714576999955, 0.0 ], [ -35.538209349999931, -9.02168368699995, 0.0 ], [ -35.538188455999943, -9.021663650999926, 0.0 ], [ -35.537694586999976, -9.021144569999933, 0.0 ], [ -35.537664390999964, -9.021117885999956, 0.0 ], [ -35.537630072999946, -9.021096863999958, 0.0 ], [ -35.537629713999934, -9.021096760999967, 0.0 ], [ -35.536978819999945, -9.020773883999937, 0.0 ], [ -35.536158807999982, -9.020504851999931, 0.0 ], [ -35.536152725999955, -9.02050275199997, 0.0 ], [ -35.536146648999932, -9.020500566999942, 0.0 ], [ -35.53614057599998, -9.020498294999982, 0.0 ], [ -35.536134597999933, -9.020495941999968, 0.0 ], [ -35.536128629999951, -9.020493416999955, 0.0 ], [ -35.536122665999983, -9.020490805999941, 0.0 ], [ -35.536116795999931, -9.020488112999942, 0.0 ], [ -35.536116618999984, -9.02048801899997, 0.0 ], [ -35.535947320999981, -9.020408513999939, 0.0 ], [ -35.535921873999939, -9.020393686999967, 0.0 ], [ -35.535899463999954, -9.020374784999944, 0.0 ], [ -35.535884520999957, -9.020357618999981, 0.0 ], [ -35.535629845999949, -9.020021049999968, 0.0 ], [ -35.53558976599993, -9.019957200999954, 0.0 ], [ -35.535587043999953, -9.019951815999946, 0.0 ], [ -35.534114596999984, -9.016971825999974, 0.0 ], [ -35.534101178999947, -9.016949908999948, 0.0 ], [ -35.534084255999971, -9.01693058099994, 0.0 ], [ -35.534064158999968, -9.016914459999953, 0.0 ], [ -35.534060547999957, -9.016912133999938, 0.0 ], [ -35.53367957699993, -9.016674015999968, 0.0 ], [ -35.532130483999936, -9.015705780999951, 0.0 ], [ -35.532109287999958, -9.015689780999935, 0.0 ], [ -35.532091183999967, -9.015670395999962, 0.0 ], [ -35.532076779999954, -9.015648173999978, 0.0 ], [ -35.532075866999946, -9.015646493999952, 0.0 ], [ -35.531989844999941, -9.015479586999959, 0.0 ], [ -35.531971768999938, -9.015435396999976, 0.0 ], [ -35.531963829999938, -9.015402802999972, 0.0 ], [ -35.531838705999974, -9.014704818999974, 0.0 ], [ -35.531743861999985, -9.014175641999941, 0.0 ], [ -35.531742874999964, -9.014170168999954, 0.0 ], [ -35.531742064999946, -9.014164789999938, 0.0 ], [ -35.531741349999947, -9.014159328999938, 0.0 ], [ -35.531740726999942, -9.014153872999941, 0.0 ], [ -35.531740193999951, -9.014148420999959, 0.0 ], [ -35.531739751999964, -9.014142973999981, 0.0 ], [ -35.531739404999939, -9.014137443999971, 0.0 ], [ -35.531739143999971, -9.014132005999954, 0.0 ], [ -35.53173912099993, -9.01413071199994, 0.0 ], [ -35.531723340999974, -9.013654841999937, 0.0 ], [ -35.53172550499994, -9.013615410999932, 0.0 ], [ -35.531734544999949, -9.013576822999937, 0.0 ], [ -35.531735193999964, -9.013574872999925, 0.0 ], [ -35.531910164999942, -9.013059627999951, 0.0 ], [ -35.531928573999949, -9.013017785999978, 0.0 ], [ -35.531947816999946, -9.012987782999971, 0.0 ], [ -35.532139125999947, -9.012729911999941, 0.0 ], [ -35.532510927999965, -9.012338545999967, 0.0 ], [ -35.532559187999937, -9.012277973999971, 0.0 ], [ -35.532565343999977, -9.012268275999929, 0.0 ], [ -35.533535215999962, -9.010718122999947, 0.0 ], [ -35.533549939999943, -9.010689196999977, 0.0 ], [ -35.533559403999959, -9.010658123999974, 0.0 ], [ -35.53356206899997, -9.010642057999974, 0.0 ], [ -35.533713872999954, -9.009385455999961, 0.0 ], [ -35.53426062799997, -9.004858143999968, 0.0 ], [ -35.534262569999953, -9.004840234999961, 0.0 ], [ -35.534264243999985, -9.004822225999931, 0.0 ], [ -35.53426498999994, -9.004813217999981, 0.0 ], [ -35.534586977999936, -9.000601439999969, 0.0 ], [ -35.534587334999969, -9.00059637499993, 0.0 ], [ -35.534587596999984, -9.000591391999933, 0.0 ], [ -35.534587771999952, -9.000586318999979, 0.0 ], [ -35.534587851999959, -9.000581326999963, 0.0 ], [ -35.534587840999961, -9.000576329999944, 0.0 ], [ -35.534587743999964, -9.000571243999957, 0.0 ], [ -35.534587550999959, -9.000566238999966, 0.0 ], [ -35.534587266999949, -9.00056122999996, 0.0 ], [ -35.534586888999968, -9.00055630199995, 0.0 ], [ -35.534534548999943, -8.999913908999929, 0.0 ], [ -35.534405284999934, -8.998326996999936, 0.0 ], [ -35.534396649999962, -8.998276367999949, 0.0 ], [ -35.534387582999955, -8.998247855999978, 0.0 ], [ -35.534372080999958, -8.998206632999938, 0.0 ], [ -35.534349930999952, -8.998160182999982, 0.0 ], [ -35.534333394999976, -8.998135189999971, 0.0 ], [ -35.532983269999932, -8.996303897999951, 0.0 ], [ -35.532964400999958, -8.996273022999958, 0.0 ], [ -35.532951321999974, -8.99623940999993, 0.0 ], [ -35.532950553999967, -8.996236702999965, 0.0 ], [ -35.531769453999971, -8.991988072999959, 0.0 ], [ -35.531515565999939, -8.991075011999953, 0.0 ], [ -35.531505984999967, -8.991023306999978, 0.0 ], [ -35.531504664999943, -8.99099464699998, 0.0 ], [ -35.531504784999981, -8.989418849999936, 0.0 ], [ -35.531502342999943, -8.989390740999966, 0.0 ], [ -35.531494941999938, -8.98936342899998, 0.0 ], [ -35.531484650999971, -8.989340887999958, 0.0 ], [ -35.531456711999965, -8.98929020099996, 0.0 ], [ -35.531440997999937, -8.98926688499995, 0.0 ], [ -35.531421569999964, -8.989246665999929, 0.0 ], [ -35.531401236999955, -8.989231569999959, 0.0 ], [ -35.528671266999936, -8.987518816999966, 0.0 ], [ -35.52862992699994, -8.987487560999966, 0.0 ], [ -35.528594583999961, -8.987449614999946, 0.0 ], [ -35.528566447999935, -8.987406154999974, 0.0 ], [ -35.528552160999936, -8.987374724999938, 0.0 ], [ -35.527809414999979, -8.985458638999944, 0.0 ], [ -35.527775754999936, -8.985390281999969, 0.0 ], [ -35.527773073999981, -8.985385847999964, 0.0 ], [ -35.527147542999955, -8.984381201999952, 0.0 ], [ -35.522268045999965, -8.976535446999947, 0.0 ], [ -35.522250466999935, -8.976500759999965, 0.0 ], [ -35.522239122999963, -8.976463529999933, 0.0 ], [ -35.522234590999972, -8.976424900999973, 0.0 ], [ -35.522236801999952, -8.976386160999937, 0.0 ], [ -35.522244282999964, -8.976352841999926, 0.0 ], [ -35.522296512999958, -8.976183159999948, 0.0 ], [ -35.522307381999951, -8.97613208599995, 0.0 ], [ -35.52230953399993, -8.976103163999937, 0.0 ], [ -35.52231063499994, -8.976059548999956, 0.0 ], [ -35.522307328999943, -8.976006163999955, 0.0 ], [ -35.522301925999955, -8.975978948999966, 0.0 ], [ -35.520668711999974, -8.969330318999937, 0.0 ], [ -35.520509611999955, -8.968728984999927, 0.0 ], [ -35.520508392999943, -8.968724447999932, 0.0 ], [ -35.52050707799998, -8.968719992999979, 0.0 ], [ -35.520505672999946, -8.968715532999965, 0.0 ], [ -35.520504262999964, -8.968711158999952, 0.0 ], [ -35.520502670999974, -8.968706776999966, 0.0 ], [ -35.520501078999985, -8.96870239499998, 0.0 ], [ -35.52049939699998, -8.968698008999979, 0.0 ], [ -35.520497618999968, -8.968693703999975, 0.0 ], [ -35.520495744999948, -8.968689480999956, 0.0 ], [ -35.52049444499994, -8.968686489999925, 0.0 ], [ -35.519872546999977, -8.967326227999934, 0.0 ], [ -35.519852630999935, -8.967270072999952, 0.0 ], [ -35.519847819999939, -8.96724891599996, 0.0 ], [ -35.519588045999967, -8.965895213999943, 0.0 ], [ -35.519587107999939, -8.96589051899997, 0.0 ], [ -35.51958607499995, -8.965885904999936, 0.0 ], [ -35.519584954999971, -8.965881200999945, 0.0 ], [ -35.519583830999977, -8.965876582999954, 0.0 ], [ -35.519582524999976, -8.965871955999944, 0.0 ], [ -35.519581123999956, -8.965867410999977, 0.0 ], [ -35.51957972799994, -8.965862779999952, 0.0 ], [ -35.519578230999969, -8.965858315999981, 0.0 ], [ -35.51957664899993, -8.965853761999938, 0.0 ], [ -35.519575933999931, -8.965851746999931, 0.0 ], [ -35.519189159999939, -8.964809125999977, 0.0 ], [ -35.519166036999934, -8.964760311999953, 0.0 ], [ -35.51915121199994, -8.964737385999968, 0.0 ], [ -35.518575296999984, -8.963928472999953, 0.0 ], [ -35.51857191199997, -8.963923575999956, 0.0 ], [ -35.518568616999971, -8.963918681999928, 0.0 ], [ -35.518565416999934, -8.963913706999961, 0.0 ], [ -35.518562221999957, -8.963908644999947, 0.0 ], [ -35.518559208999932, -8.963903592999941, 0.0 ], [ -35.518556203999935, -8.963898368999935, 0.0 ], [ -35.518553376999932, -8.963893238999958, 0.0 ], [ -35.518551635999984, -8.963889968999979, 0.0 ], [ -35.516462775999969, -8.959927867999966, 0.0 ], [ -35.51645538899993, -8.959914166999965, 0.0 ], [ -35.516447720999963, -8.959900624999932, 0.0 ], [ -35.516439951999985, -8.959887250999941, 0.0 ], [ -35.516431816999955, -8.959873945999959, 0.0 ], [ -35.516423489999966, -8.95986080199998, 0.0 ], [ -35.516421467999976, -8.959857691999957, 0.0 ], [ -35.515344673999948, -8.958202750999931, 0.0 ], [ -35.515305151999939, -8.95815238299997, 0.0 ], [ -35.515292965999947, -8.958139918999962, 0.0 ], [ -35.513744606999978, -8.956633440999951, 0.0 ], [ -35.513719799999933, -8.956604615999936, 0.0 ], [ -35.513700381999968, -8.956571997999959, 0.0 ], [ -35.513698085999977, -8.956567151999934, 0.0 ], [ -35.513370348999956, -8.955841995999947, 0.0 ], [ -35.513356088999956, -8.955801270999928, 0.0 ], [ -35.513349587999983, -8.955763669999953, 0.0 ], [ -35.513334107999981, -8.955598265999981, 0.0 ], [ -35.51333385199996, -8.95556483799993, 0.0 ], [ -35.51333948599995, -8.955531948999976, 0.0 ], [ -35.513343760999931, -8.955518112999926, 0.0 ], [ -35.513396854999939, -8.955364581999959, 0.0 ], [ -35.51341644699994, -8.955320729999926, 0.0 ], [ -35.513434394999933, -8.955292645999975, 0.0 ], [ -35.513722584999982, -8.954896829999939, 0.0 ], [ -35.513743611999985, -8.95486208799997, 0.0 ], [ -35.513758156999984, -8.954824196999937, 0.0 ], [ -35.513758160999942, -8.954824110999937, 0.0 ], [ -35.51407209599995, -8.953726661999951, 0.0 ], [ -35.51408093799995, -8.953681177999954, 0.0 ], [ -35.514082215999963, -8.953646271999958, 0.0 ], [ -35.513986872999965, -8.950318660999926, 0.0 ], [ -35.513982166999938, -8.950278044999948, 0.0 ], [ -35.513970622999977, -8.950239343999954, 0.0 ], [ -35.513952358999973, -8.950193347999971, 0.0 ], [ -35.513935617999948, -8.950159996999957, 0.0 ], [ -35.513913330999969, -8.950130000999934, 0.0 ], [ -35.51390876399995, -8.950125046999972, 0.0 ], [ -35.512963655999954, -8.949127355999963, 0.0 ], [ -35.512941788999967, -8.949099790999981, 0.0 ], [ -35.512925007999968, -8.949068937999925, 0.0 ], [ -35.512920905999977, -8.949058579999928, 0.0 ], [ -35.51271898899995, -8.948510889999966, 0.0 ], [ -35.512697431999982, -8.948465166999938, 0.0 ], [ -35.512680478999982, -8.948439385999961, 0.0 ], [ -35.512654032999933, -8.948403594999945, 0.0 ], [ -35.51262060199997, -8.948365576999947, 0.0 ], [ -35.512597158999938, -8.948345514999971, 0.0 ], [ -35.511677598999938, -8.94763954299998, 0.0 ], [ -35.511671651999961, -8.947634867999966, 0.0 ], [ -35.511665709999932, -8.947630106999952, 0.0 ], [ -35.511659953999981, -8.947625268999957, 0.0 ], [ -35.51165429699995, -8.947620263999966, 0.0 ], [ -35.511648640999965, -8.947615258999974, 0.0 ], [ -35.511643082999967, -8.947610085999941, 0.0 ], [ -35.511103275999972, -8.947097589999942, 0.0 ], [ -35.511083332999931, -8.947075025999936, 0.0 ], [ -35.511067559999958, -8.947049300999936, 0.0 ], [ -35.51105937899996, -8.947029879999945, 0.0 ], [ -35.510803860999943, -8.946305596999935, 0.0 ], [ -35.510791766999944, -8.946258257999943, 0.0 ], [ -35.510788348999938, -8.946226058999969, 0.0 ], [ -35.510766746999934, -8.945768068999939, 0.0 ], [ -35.510763047999944, -8.945741281999972, 0.0 ], [ -35.510754834999943, -8.945715485999926, 0.0 ], [ -35.51074215999995, -8.945691458999931, 0.0 ], [ -35.510712342999966, -8.945645258999946, 0.0 ], [ -35.510689646999936, -8.945616104999942, 0.0 ], [ -35.510662263999961, -8.94559129299995, 0.0 ], [ -35.510656121999943, -8.945586867999964, 0.0 ], [ -35.510614145999966, -8.945557314999974, 0.0 ], [ -35.510583396999948, -8.945539403999931, 0.0 ], [ -35.510549986999933, -8.945527137999932, 0.0 ], [ -35.510539827999935, -8.945524673999955, 0.0 ], [ -35.508107533999976, -8.94499514499995, 0.0 ], [ -35.508050912999977, -8.944977556999959, 0.0 ], [ -35.508030449999978, -8.944968402999962, 0.0 ], [ -35.506499457999951, -8.944221953999943, 0.0 ], [ -35.505386992999945, -8.943679600999928, 0.0 ], [ -35.505362894999962, -8.943665107999948, 0.0 ], [ -35.505341731999977, -8.943646705999981, 0.0 ], [ -35.505325631999938, -8.943627252999931, 0.0 ], [ -35.505311060999929, -8.943606408999926, 0.0 ], [ -35.505297281999958, -8.943582588999959, 0.0 ], [ -35.505287802999931, -8.94355664699998, 0.0 ], [ -35.505283227999939, -8.94353093899997, 0.0 ], [ -35.505082619999939, -8.941422250999949, 0.0 ], [ -35.505073952999965, -8.941375507999965, 0.0 ], [ -35.505062961999954, -8.941343637999978, 0.0 ], [ -35.504370748999975, -8.939682080999944, 0.0 ], [ -35.504068328999949, -8.938956121999979, 0.0 ], [ -35.504047061999984, -8.938889144999962, 0.0 ], [ -35.504044802999942, -8.938878359999933, 0.0 ], [ -35.503573904999939, -8.936456223999926, 0.0 ], [ -35.50357078899998, -8.936440918999949, 0.0 ], [ -35.503567395999937, -8.936425686999939, 0.0 ], [ -35.503564098999959, -8.93641209599997, 0.0 ], [ -35.502758108999956, -8.933158275999972, 0.0 ], [ -35.50274570199997, -8.93312212099994, 0.0 ], [ -35.502727234999952, -8.933088692999945, 0.0 ], [ -35.502724439999952, -8.933084684999926, 0.0 ], [ -35.501437873999976, -8.931265715999928, 0.0 ], [ -35.499734327999931, -8.928856980999967, 0.0 ], [ -35.499709365999934, -8.928827635999937, 0.0 ], [ -35.499679697999966, -8.928802976999975, 0.0 ], [ -35.499676094999984, -8.928800480999939, 0.0 ], [ -35.499634651999941, -8.928772938999941, 0.0 ], [ -35.49960030799997, -8.928754171999969, 0.0 ], [ -35.499563354999964, -8.928741740999953, 0.0 ], [ -35.499559939999983, -8.928740889999972, 0.0 ], [ -35.499228292999931, -8.928665563999971, 0.0 ], [ -35.49922252999994, -8.92866434299998, 0.0 ], [ -35.499216857999954, -8.928663126999936, 0.0 ], [ -35.499211085999946, -8.928662077999945, 0.0 ], [ -35.499205305999965, -8.928661200999954, 0.0 ], [ -35.499199524999938, -8.928660323999964, 0.0 ], [ -35.499193738999963, -8.928659532999973, 0.0 ], [ -35.49918794499996, -8.928658912999936, 0.0 ], [ -35.499183412999969, -8.928658525999936, 0.0 ], [ -35.496826251999948, -8.92844955399994, 0.0 ], [ -35.496780427999965, -8.928441436999947, 0.0 ], [ -35.496736734999956, -8.928425585999946, 0.0 ], [ -35.496696524999948, -8.928402321999954, 0.0 ], [ -35.496660933999976, -8.928372559999957, 0.0 ], [ -35.496657825999932, -8.928369310999926, 0.0 ], [ -35.495638343999929, -8.92731710299995, 0.0 ], [ -35.495585386999949, -8.927271188999953, 0.0 ], [ -35.495576077999942, -8.927264633999926, 0.0 ], [ -35.494919799999934, -8.926817220999965, 0.0 ], [ -35.494915492999951, -8.926814261999937, 0.0 ], [ -35.494911086999934, -8.926811468999972, 0.0 ], [ -35.494906589999971, -8.926808671999936, 0.0 ], [ -35.494902087999947, -8.926805960999957, 0.0 ], [ -35.494897486999946, -8.926803417999963, 0.0 ], [ -35.494892885999946, -8.926800874999969, 0.0 ], [ -35.494888279999941, -8.926798416999929, 0.0 ], [ -35.494883577999929, -8.926796040999932, 0.0 ], [ -35.494880557999977, -8.92679460599993, 0.0 ], [ -35.494370333999939, -8.926549172999955, 0.0 ], [ -35.493269055999974, -8.926019683999925, 0.0 ], [ -35.493222248999984, -8.925991973999942, 0.0 ], [ -35.493181032999985, -8.925956606999932, 0.0 ], [ -35.493146626999931, -8.925914587999955, 0.0 ], [ -35.493132260999971, -8.925891515999979, 0.0 ], [ -35.49218472299998, -8.924203615999943, 0.0 ], [ -35.492167636999966, -8.924178607999977, 0.0 ], [ -35.492146466999941, -8.924156850999964, 0.0 ], [ -35.492129826999928, -8.924144263999949, 0.0 ], [ -35.490699341999971, -8.92318557599998, 0.0 ], [ -35.490676659999963, -8.923170118999963, 0.0 ], [ -35.490661995999972, -8.923159778999946, 0.0 ], [ -35.489853842999935, -8.922583677999967, 0.0 ], [ -35.489814094999929, -8.922560263999969, 0.0 ], [ -35.48978118499997, -8.92254716399998, 0.0 ], [ -35.488875734999965, -8.922255181999958, 0.0 ], [ -35.488815603999967, -8.922229854999955, 0.0 ], [ -35.488801362999936, -8.922221859999979, 0.0 ], [ -35.488053185999945, -8.921784060999926, 0.0 ], [ -35.488013594999984, -8.921755919999953, 0.0 ], [ -35.487989745999982, -8.921733174999929, 0.0 ], [ -35.487631050999937, -8.921347434999973, 0.0 ], [ -35.487610880999966, -8.921329169999979, 0.0 ], [ -35.487587782999981, -8.921314726999981, 0.0 ], [ -35.487562733999937, -8.921304497999927, 0.0 ], [ -35.487375226999973, -8.921246261999954, 0.0 ], [ -35.487010871999985, -8.921133139999938, 0.0 ], [ -35.486951634999969, -8.921120340999948, 0.0 ], [ -35.486930624999957, -8.92111822499993, 0.0 ], [ -35.482314236999969, -8.920809084999973, 0.0 ], [ -35.48229383499995, -8.920807513999932, 0.0 ], [ -35.482273451999959, -8.920805599999937, 0.0 ], [ -35.482269013999939, -8.920805130999952, 0.0 ], [ -35.48105071699996, -8.920676294999964, 0.0 ], [ -35.48088004799996, -8.920658294999953, 0.0 ], [ -35.480839944999957, -8.920650449999926, 0.0 ], [ -35.480801830999951, -8.920635897999944, 0.0 ], [ -35.479988806999984, -8.920240668999952, 0.0 ], [ -35.479964881999933, -8.920226359999958, 0.0 ], [ -35.479943796999976, -8.920208223999964, 0.0 ], [ -35.47992745099998, -8.920188246999942, 0.0 ], [ -35.479912965999972, -8.920167496999966, 0.0 ], [ -35.479899699999976, -8.920144305999941, 0.0 ], [ -35.479890719999958, -8.920119253999928, 0.0 ], [ -35.479886174999933, -8.920092947999933, 0.0 ], [ -35.479886055999941, -8.92009173699995, 0.0 ], [ -35.479832145999978, -8.919360798999946, 0.0 ], [ -35.479831778999937, -8.919355614999972, 0.0 ], [ -35.479831507999961, -8.919350348999956, 0.0 ], [ -35.479831412999943, -8.919345178999947, 0.0 ], [ -35.479831322999985, -8.919339921999949, 0.0 ], [ -35.47983131999996, -8.919334754999966, 0.0 ], [ -35.479831501999968, -8.919329510999944, 0.0 ], [ -35.479831684999965, -8.919324267999968, 0.0 ], [ -35.479831957999977, -8.919319027999961, 0.0 ], [ -35.479832223999949, -8.919315681999933, 0.0 ], [ -35.479859872999953, -8.918961887999956, 0.0 ], [ -35.47985952099998, -8.918919764999941, 0.0 ], [ -35.479852515999937, -8.918881287999966, 0.0 ], [ -35.479840109999941, -8.918834630999982, 0.0 ], [ -35.479825793999964, -8.918794945999934, 0.0 ], [ -35.479806444999952, -8.918760962999954, 0.0 ], [ -35.479794526999967, -8.918743348999953, 0.0 ], [ -35.478968864999956, -8.917529255999966, 0.0 ], [ -35.478954206999958, -8.917503073999967, 0.0 ], [ -35.478944306999949, -8.917474704999961, 0.0 ], [ -35.478940386999966, -8.917453852999927, 0.0 ], [ -35.478726886999937, -8.915720735999969, 0.0 ], [ -35.478725676999943, -8.915686321999942, 0.0 ], [ -35.478730551999945, -8.915652196999929, 0.0 ], [ -35.478733725999973, -8.915640205999978, 0.0 ], [ -35.47927133099995, -8.91384643799995, 0.0 ], [ -35.479278637999982, -8.913811050999925, 0.0 ], [ -35.479279610999981, -8.913774930999978, 0.0 ], [ -35.479278895999983, -8.913765941999941, 0.0 ], [ -35.47927360999995, -8.913715405999938, 0.0 ], [ -35.479266718999952, -8.913679947999981, 0.0 ], [ -35.479253817999961, -8.913646269999958, 0.0 ], [ -35.479249684999957, -8.913638238999965, 0.0 ], [ -35.478916302999949, -8.913025370999947, 0.0 ], [ -35.478895375999969, -8.912993724999978, 0.0 ], [ -35.478869225999972, -8.912966222999955, 0.0 ], [ -35.478864949999945, -8.912962662999973, 0.0 ], [ -35.47816759799997, -8.912377833999926, 0.0 ], [ -35.478144320999945, -8.912354599999958, 0.0 ], [ -35.478125420999959, -8.912327699999935, 0.0 ], [ -35.478118222999967, -8.912313840999957, 0.0 ], [ -35.477348794999955, -8.910680619999937, 0.0 ], [ -35.477010102999941, -8.909961686999964, 0.0 ], [ -35.47699463899994, -8.90991953799994, 0.0 ], [ -35.476987578999967, -8.909883812999965, 0.0 ], [ -35.47690020899995, -8.909174124999936, 0.0 ], [ -35.476889906999929, -8.909125502999927, 0.0 ], [ -35.476878978999935, -8.909095881999974, 0.0 ], [ -35.476860767999938, -8.909054032999961, 0.0 ], [ -35.476839093999956, -8.909014, 0.0 ], [ -35.476817359999984, -8.90898558799995, 0.0 ], [ -35.475879842999973, -8.907920554999976, 0.0 ], [ -35.475848359999929, -8.907890561999977, 0.0 ], [ -35.47581688799994, -8.907869094999967, 0.0 ], [ -35.475775787999964, -8.907845447999932, 0.0 ], [ -35.475736236999978, -8.907827040999962, 0.0 ], [ -35.475699623999958, -8.907816867999941, 0.0 ], [ -35.473486626999943, -8.907373517999929, 0.0 ], [ -35.473438297999962, -8.907359344999975, 0.0 ], [ -35.473409745999959, -8.907346453999935, 0.0 ], [ -35.473299662999977, -8.907289229999947, 0.0 ], [ -35.473279220999984, -8.907276206999938, 0.0 ], [ -35.473261319999949, -8.907259859999954, 0.0 ], [ -35.473246567999979, -8.907240734999959, 0.0 ], [ -35.473242139999968, -8.907233119999944, 0.0 ], [ -35.47318723099994, -8.907133822999981, 0.0 ], [ -35.473168251999937, -8.907090991999951, 0.0 ], [ -35.473159240999962, -8.90705775899994, 0.0 ], [ -35.472806456999933, -8.90531810899995, 0.0 ], [ -35.472796086999949, -8.905283004999944, 0.0 ], [ -35.472779766999963, -8.905250286999944, 0.0 ], [ -35.472775388999935, -8.905243449999944, 0.0 ], [ -35.472747437999942, -8.905201570999964, 0.0 ], [ -35.472722983999972, -8.905171222999968, 0.0 ], [ -35.472693646999971, -8.905145465999965, 0.0 ], [ -35.472690839999984, -8.905143437999925, 0.0 ], [ -35.471960959999933, -8.904625558999953, 0.0 ], [ -35.469517870999937, -8.90289219999994, 0.0 ], [ -35.469511015999956, -8.902887482999972, 0.0 ], [ -35.469504069999971, -8.90288276299998, 0.0 ], [ -35.469497024999953, -8.902878209999926, 0.0 ], [ -35.46948987899998, -8.902873824999972, 0.0 ], [ -35.469482729999982, -8.902869525999961, 0.0 ], [ -35.469475479999971, -8.902865393999946, 0.0 ], [ -35.469468134999943, -8.902861343999973, 0.0 ], [ -35.469460693999963, -8.90285737499994, 0.0 ], [ -35.469453244999954, -8.902853577999963, 0.0 ], [ -35.46944756299996, -8.90285081199994, 0.0 ], [ -35.467081275999931, -8.901715819999936, 0.0 ], [ -35.467056637999974, -8.901701220999939, 0.0 ], [ -35.467034847999969, -8.901682623999932, 0.0 ], [ -35.467019242999982, -8.901664147999952, 0.0 ], [ -35.466239562999931, -8.900589009999976, 0.0 ], [ -35.466216463999956, -8.900562343999979, 0.0 ], [ -35.466189037999982, -8.900540122999928, 0.0 ], [ -35.466179875999956, -8.90053426399993, 0.0 ], [ -35.464572337999982, -8.899569215999975, 0.0 ], [ -35.463080084999945, -8.898673436999957, 0.0 ], [ -35.463042720999965, -8.898646267999936, 0.0 ], [ -35.463017615999945, -8.898621401999947, 0.0 ], [ -35.463013144999934, -8.898616367999978, 0.0 ], [ -35.462985942999978, -8.898579348999931, 0.0 ], [ -35.462969554999972, -8.898547920999931, 0.0 ], [ -35.462351230999957, -8.89713459799998, 0.0 ], [ -35.462341847999937, -8.897106773999951, 0.0 ], [ -35.462337534999961, -8.897077726999953, 0.0 ], [ -35.462337616999946, -8.897055171999966, 0.0 ], [ -35.462595936999946, -8.893531429999939, 0.0 ], [ -35.462606644999937, -8.893465639999931, 0.0 ], [ -35.462610469999959, -8.893451614999947, 0.0 ], [ -35.462834834999967, -8.892691483999954, 0.0 ], [ -35.462841943999933, -8.892656348999935, 0.0 ], [ -35.462842809999984, -8.892620486999931, 0.0 ], [ -35.462842029999933, -8.892610977999936, 0.0 ], [ -35.462837671999978, -8.892572285999961, 0.0 ], [ -35.46282907899996, -8.892529260999936, 0.0 ], [ -35.462815879999937, -8.892494282999962, 0.0 ], [ -35.462436571999945, -8.891678970999976, 0.0 ], [ -35.462407182999982, -8.891615759999979, 0.0 ], [ -35.462393655999961, -8.891592303999971, 0.0 ], [ -35.462376254999981, -8.891571591999934, 0.0 ], [ -35.462355496999976, -8.891554164999945, 0.0 ], [ -35.46235540999993, -8.891554073999941, 0.0 ], [ -35.461379859999965, -8.890871459999971, 0.0 ], [ -35.461347237999973, -8.890844086999948, 0.0 ], [ -35.46132201599994, -8.89081448099995, 0.0 ], [ -35.459796075999975, -8.888706743999933, 0.0 ], [ -35.45975356799994, -8.888657722999938, 0.0 ], [ -35.459741408999946, -8.888646470999959, 0.0 ], [ -35.456035277999945, -8.885361815999943, 0.0 ], [ -35.455922677999979, -8.885262040999976, 0.0 ], [ -35.455914417999963, -8.885254590999978, 0.0 ], [ -35.45590625799997, -8.885246972999937, 0.0 ], [ -35.455898287999958, -8.885239190999926, 0.0 ], [ -35.455890412999963, -8.885231328999964, 0.0 ], [ -35.45588980499997, -8.88523078299994, 0.0 ], [ -35.455196779999937, -8.884522576999927, 0.0 ], [ -35.45517846499996, -8.884500186999958, 0.0 ], [ -35.455164301999957, -8.884474979999936, 0.0 ], [ -35.455156165999938, -8.884452898999939, 0.0 ], [ -35.454776938999942, -8.883144139999956, 0.0 ], [ -35.454760654999973, -8.88310195899993, 0.0 ], [ -35.454742436999936, -8.883070704999966, 0.0 ], [ -35.453369269999939, -8.881051323999941, 0.0 ], [ -35.45333691999997, -8.881011739999963, 0.0 ], [ -35.453314687999978, -8.880991145999928, 0.0 ], [ -35.453008043999944, -8.880735061999928, 0.0 ], [ -35.452975067999944, -8.880702249999956, 0.0 ], [ -35.452954409999961, -8.880674152999973, 0.0 ], [ -35.452950449999946, -8.880668024999977, 0.0 ], [ -35.452928431999965, -8.880625830999975, 0.0 ], [ -35.45291743599995, -8.880593972999975, 0.0 ], [ -35.452867786999946, -8.880414443999939, 0.0 ], [ -35.452860692999934, -8.880389829999956, 0.0 ], [ -35.452855024999963, -8.88037105199993, 0.0 ], [ -35.452756807999947, -8.880054230999974, 0.0 ], [ -35.452740738999978, -8.880014900999981, 0.0 ], [ -35.452720153999962, -8.879981900999951, 0.0 ], [ -35.451579676999984, -8.878437946999952, 0.0 ], [ -35.451554573999942, -8.878409554999962, 0.0 ], [ -35.451524942999981, -8.878385941999966, 0.0 ], [ -35.451520190999929, -8.878382789999932, 0.0 ], [ -35.451014522999969, -8.878066159999946, 0.0 ], [ -35.450086677999934, -8.877485063999927, 0.0 ], [ -35.450052260999939, -8.877458985999965, 0.0 ], [ -35.450022859999933, -8.877427463999936, 0.0 ], [ -35.449999347999949, -8.877391225999929, 0.0 ], [ -35.449982655999975, -8.877351608999959, 0.0 ], [ -35.449977883999964, -8.877334853999969, 0.0 ], [ -35.449747031999948, -8.876396725999939, 0.0 ], [ -35.449739247999958, -8.876346854999952, 0.0 ], [ -35.449740411999983, -8.876296459999935, 0.0 ], [ -35.449750270999971, -8.876246906999938, 0.0 ], [ -35.449763418999964, -8.876211110999975, 0.0 ], [ -35.450055735999968, -8.875552295999967, 0.0 ], [ -35.450064212999962, -8.875527557999931, 0.0 ], [ -35.450068195999961, -8.87550174699993, 0.0 ], [ -35.450067640999976, -8.87547563399994, 0.0 ], [ -35.450067333999982, -8.87547277799996, 0.0 ], [ -35.450011143999973, -8.875035614999945, 0.0 ], [ -35.450005413999975, -8.875009258999967, 0.0 ], [ -35.449995057999956, -8.874984318999964, 0.0 ], [ -35.44998058799996, -8.874961509999935, 0.0 ], [ -35.44998041499997, -8.874961328999973, 0.0 ], [ -35.449553605999938, -8.874406002999933, 0.0 ], [ -35.449529911999946, -8.874380259999953, 0.0 ], [ -35.449502166999935, -8.87435888899995, 0.0 ], [ -35.449492273999965, -8.874353083999949, 0.0 ], [ -35.449446633999969, -8.874327508999954, 0.0 ], [ -35.44941487899996, -8.874313266999934, 0.0 ], [ -35.449381187999961, -8.874304700999971, 0.0 ], [ -35.44936916499995, -8.874303098999974, 0.0 ], [ -35.449281153999948, -8.874294116999977, 0.0 ], [ -35.449235637999948, -8.874285421999957, 0.0 ], [ -35.449192343999982, -8.874268997999934, 0.0 ], [ -35.449152607999963, -8.87424542499997, 0.0 ], [ -35.449117582999975, -8.874215272999948, 0.0 ], [ -35.449113869999962, -8.874211393999929, 0.0 ], [ -35.448425849999978, -8.873476791999963, 0.0 ], [ -35.448366188999955, -8.873423263999939, 0.0 ], [ -35.448365138999975, -8.873422439999956, 0.0 ], [ -35.447744726999929, -8.872959727999955, 0.0 ], [ -35.44769348899996, -8.872928034999973, 0.0 ], [ -35.447674203999952, -8.872919030999981, 0.0 ], [ -35.44697132899995, -8.872617286999969, 0.0 ], [ -35.446940242999972, -8.872600665999926, 0.0 ], [ -35.446912610999959, -8.872578869999927, 0.0 ], [ -35.44690473199995, -8.872571093999966, 0.0 ], [ -35.446277584999962, -8.871914019999963, 0.0 ], [ -35.446250065999948, -8.871879573999934, 0.0 ], [ -35.44623172799993, -8.871847112999944, 0.0 ], [ -35.44611075499995, -8.871589665999977, 0.0 ], [ -35.445877584999948, -8.871093353999981, 0.0 ], [ -35.445855175999952, -8.871032376999949, 0.0 ], [ -35.445851266999966, -8.87101652399997, 0.0 ], [ -35.445788936999975, -8.870737657999939, 0.0 ], [ -35.445785214999944, -8.870709416999944, 0.0 ], [ -35.445786415999976, -8.870681064999928, 0.0 ], [ -35.445791387999975, -8.870657194999978, 0.0 ], [ -35.445899130999976, -8.870284781999942, 0.0 ], [ -35.445925414999977, -8.870216893999952, 0.0 ], [ -35.445929267999929, -8.87020932799993, 0.0 ], [ -35.446220309999944, -8.869646451999927, 0.0 ], [ -35.446223241999974, -8.869640821999951, 0.0 ], [ -35.446225997999932, -8.869635097999947, 0.0 ], [ -35.446228666999957, -8.869629283999927, 0.0 ], [ -35.446231244999979, -8.86962346599995, 0.0 ], [ -35.446233731999939, -8.86961764299997, 0.0 ], [ -35.446236041999953, -8.86961172599996, 0.0 ], [ -35.446238351999966, -8.86960580899995, 0.0 ], [ -35.446238569999934, -8.869605129999968, 0.0 ], [ -35.446832842999981, -8.867990610999925, 0.0 ], [ -35.446849104999956, -8.867956167999978, 0.0 ], [ -35.446871112999929, -8.867925010999954, 0.0 ], [ -35.446874500999968, -8.867921124999953, 0.0 ], [ -35.447183691999953, -8.867572861999975, 0.0 ], [ -35.447205316999941, -8.867543836999971, 0.0 ], [ -35.447221472999956, -8.867511455999932, 0.0 ], [ -35.44722464299997, -8.867502996999974, 0.0 ], [ -35.447232579999934, -8.867479868999965, 0.0 ], [ -35.44724126899996, -8.867454538999937, 0.0 ], [ -35.447250098999973, -8.86741948599996, 0.0 ], [ -35.447252612999932, -8.867383360999952, 0.0 ], [ -35.447252254999967, -8.867374476999942, 0.0 ], [ -35.447206748999974, -8.866634961999978, 0.0 ], [ -35.447201147999976, -8.866597333999948, 0.0 ], [ -35.447189007999953, -8.866561205999972, 0.0 ], [ -35.447186881999983, -8.866556542999945, 0.0 ], [ -35.447164033999968, -8.866507509999963, 0.0 ], [ -35.447150005999958, -8.866483172999949, 0.0 ], [ -35.447131921999983, -8.866461570999945, 0.0 ], [ -35.447112834999984, -8.866445258999931, 0.0 ], [ -35.446686068999952, -8.86613419899993, 0.0 ], [ -35.446637043999942, -8.866091420999965, 0.0 ], [ -35.446625928999936, -8.866079358999968, 0.0 ], [ -35.445389817999967, -8.864677536999977, 0.0 ], [ -35.445375870999953, -8.864658625999937, 0.0 ], [ -35.445365400999947, -8.864637641999934, 0.0 ], [ -35.445358833999933, -8.864615120999929, 0.0 ], [ -35.445357116999958, -8.864604364999934, 0.0 ], [ -35.445253537999974, -8.863717484999938, 0.0 ], [ -35.445213262999971, -8.863373033999949, 0.0 ], [ -35.445201187999942, -8.863314610999964, 0.0 ], [ -35.445194331999971, -8.863294141999972, 0.0 ], [ -35.444451776999983, -8.861290387999929, 0.0 ], [ -35.444433644999947, -8.861252168999954, 0.0 ], [ -35.444411274999936, -8.861220206999974, 0.0 ], [ -35.444380786999943, -8.861183297999958, 0.0 ], [ -35.444350949999944, -8.861153135999928, 0.0 ], [ -35.444319281999981, -8.861130203999949, 0.0 ], [ -35.440436589999933, -8.85877633299998, 0.0 ], [ -35.440415983999969, -8.858761241999957, 0.0 ], [ -35.440398369999969, -8.858742848999952, 0.0 ], [ -35.440384181999946, -8.858721603999982, 0.0 ], [ -35.440381857999967, -8.858717275999936, 0.0 ], [ -35.439633682999954, -8.857238791999976, 0.0 ], [ -35.439623367999957, -8.857218332999935, 0.0 ], [ -35.439608917999976, -8.857195094999952, 0.0 ], [ -35.439590588999977, -8.85717468799993, 0.0 ], [ -35.439569690999974, -8.857158205999951, 0.0 ], [ -35.437907951999932, -8.856061441999941, 0.0 ], [ -35.437881724999954, -8.856040662999931, 0.0 ], [ -35.437859537999941, -8.856015683999942, 0.0 ], [ -35.437851336999984, -8.856003588999954, 0.0 ], [ -35.436262777999957, -8.853481280999972, 0.0 ], [ -35.436215322999942, -8.853418780999959, 0.0 ], [ -35.436213341999974, -8.853416620999951, 0.0 ], [ -35.434812516999955, -8.851892835999934, 0.0 ], [ -35.434768202999976, -8.851852264999934, 0.0 ], [ -35.434750735999955, -8.851839818999963, 0.0 ], [ -35.433366733999947, -8.850910909999925, 0.0 ], [ -35.431870145999937, -8.84990653899996, 0.0 ], [ -35.43180519799995, -8.849870675999966, 0.0 ], [ -35.431798339999943, -8.849867769999946, 0.0 ], [ -35.431089719999932, -8.849568420999958, 0.0 ], [ -35.431040819999964, -8.849542525999937, 0.0 ], [ -35.431019395999954, -8.849527397999964, 0.0 ], [ -35.430797607999978, -8.849356731999933, 0.0 ], [ -35.43074827199996, -8.849325221999948, 0.0 ], [ -35.430727492999949, -8.849315202999946, 0.0 ], [ -35.430099642999949, -8.849039723999965, 0.0 ], [ -35.430074152999964, -8.849025780999966, 0.0 ], [ -35.43005151899996, -8.849007667999956, 0.0 ], [ -35.430035762999978, -8.848990310999966, 0.0 ], [ -35.42971917999995, -8.848588949999964, 0.0 ], [ -35.429705012999932, -8.848567276999972, 0.0 ], [ -35.429694866999967, -8.848543556999971, 0.0 ], [ -35.429688976999955, -8.848518486999978, 0.0 ], [ -35.429688446999933, -8.848514674999933, 0.0 ], [ -35.42959286599995, -8.847697464999953, 0.0 ], [ -35.429587345999948, -8.847670518999962, 0.0 ], [ -35.429577111999947, -8.847644986999967, 0.0 ], [ -35.429563348999977, -8.847622558999944, 0.0 ], [ -35.428548937999949, -8.84624370399996, 0.0 ], [ -35.428523937999955, -8.846202755999968, 0.0 ], [ -35.428511060999938, -8.846172018999937, 0.0 ], [ -35.428033478999964, -8.844810668999969, 0.0 ], [ -35.428022127999952, -8.844785599999966, 0.0 ], [ -35.42800664799995, -8.844762918999947, 0.0 ], [ -35.427988243999948, -8.844743973999925, 0.0 ], [ -35.427707298999962, -8.844499507999956, 0.0 ], [ -35.425593791999972, -8.842659958999946, 0.0 ], [ -35.425577209999972, -8.84264273499997, 0.0 ], [ -35.425563942999929, -8.842623, 0.0 ], [ -35.42555423899995, -8.84260127999994, 0.0 ], [ -35.425551454999948, -8.842591766999931, 0.0 ], [ -35.424889633999953, -8.840073971999971, 0.0 ], [ -35.424876987999937, -8.840038771999957, 0.0 ], [ -35.424858378999943, -8.840006217999928, 0.0 ], [ -35.424854642999946, -8.840001048999966, 0.0 ], [ -35.424084111999946, -8.83895973999995, 0.0 ], [ -35.424056501999985, -8.838914710999973, 0.0 ], [ -35.424046063999981, -8.838891321999938, 0.0 ], [ -35.423894865938713, -8.838509469502554, 0.0 ] ] ] } },
{ "type": "Feature", "properties": { "OBJECTID": 729, "Nome_Dut_1": "Pilar-Ipojuca", "Ini_Ctc_Mn": "fev/09", "Ini_Oper": "set/10", "Categoria": "Dutos Instalados", "Etapa": null, "Cap_MMm3_d": "5 a 15", "Ext_Km": "187", "Diam_Pol_m": "24", "Diam_Pol_x": "24", "Traçado": "DECRETO S/Nº, DE 14.10.2008 - DOU 15.10.2008", "ID": 0.0, "CLASSIFIC": "GASODUTO", "TIPO_USO": "TRANSPORTE", "PRODUTOS": "GÁS NATURAL", "UP_DOWN": "DOWNSTREAM", "ORIG_DUTO": "UPGN Pilar (AL)", "DEST_DUTO": "Ipojuca", "COMPRIM_KM": 187.0, "TIPO_MATER": "n/i", "OPERADOR": "n/i", "MUNIC_ORIG": "PILAR", "MUNIC_DEST": "IPOJUCA", "Shape_Leng": 1.69223083, "Shape_Le_1": 1.6922448401600001, "ano": 2010, "fontedata": "Original", "id_1": 17, "nome": "Gasoduto", "categori_1": 3, "parent_id": 9 }, "geometry": { "type": "MultiLineString", "coordinates": [ [ [ -35.907491205999975, -9.602854653999941, 0.0 ], [ -35.907371204999947, -9.602784652999958, 0.0 ], [ -35.907281203999958, -9.602694651999968, 0.0 ], [ -35.907211202999974, -9.60257465199993, 0.0 ], [ -35.904311166999946, -9.591934572999946, 0.0 ], [ -35.904281165999976, -9.591724571999976, 0.0 ], [ -35.904301165999982, -9.591534569999965, 0.0 ], [ -35.904321165999932, -9.591304567999941, 0.0 ], [ -35.904321165999932, -9.591134566999926, 0.0 ], [ -35.90429116599995, -9.591004565999981, 0.0 ], [ -35.904271165999944, -9.590914564999935, 0.0 ], [ -35.904221164999967, -9.590794564999953, 0.0 ], [ -35.902261143999965, -9.587734542999954, 0.0 ], [ -35.902161142999944, -9.587584541999945, 0.0 ], [ -35.898181100999977, -9.581344497999964, 0.0 ], [ -35.893251048999957, -9.573624443999961, 0.0 ], [ -35.893181047999974, -9.573504442999933, 0.0 ], [ -35.892031034999945, -9.57064442199993, 0.0 ], [ -35.891951033999931, -9.57046442099994, 0.0 ], [ -35.889761010999962, -9.566934395999965, 0.0 ], [ -35.886310976999937, -9.563514372999975, 0.0 ], [ -35.886240975999954, -9.563414372999944, 0.0 ], [ -35.885680969999953, -9.562114362999978, 0.0 ], [ -35.885310963999984, -9.560084347999975, 0.0 ], [ -35.885240963999934, -9.559864345999927, 0.0 ], [ -35.88461095699995, -9.558804338999948, 0.0 ], [ -35.883100940999952, -9.556334320999952, 0.0 ], [ -35.882970938999961, -9.556124319999981, 0.0 ], [ -35.882910938999942, -9.555994318999979, 0.0 ], [ -35.882600932999935, -9.552454291999936, 0.0 ], [ -35.882580931999939, -9.552324290999934, 0.0 ], [ -35.881980925999983, -9.550994281999976, 0.0 ], [ -35.881950924999956, -9.550884280999981, 0.0 ], [ -35.881800919999932, -9.54692425099995, 0.0 ], [ -35.881800919999932, -9.546774249999942, 0.0 ], [ -35.88219092199995, -9.545054235999942, 0.0 ], [ -35.882240921999937, -9.544944234999946, 0.0 ], [ -35.882320922999952, -9.544854233999956, 0.0 ], [ -35.884600940999974, -9.542874216999962, 0.0 ], [ -35.885010944999976, -9.54249421399993, 0.0 ], [ -35.88508094499997, -9.542394212999966, 0.0 ], [ -35.885130945999947, -9.542234211999926, 0.0 ], [ -35.885170942999935, -9.539404189999971, 0.0 ], [ -35.884990939999966, -9.537524175999977, 0.0 ], [ -35.884950938999964, -9.537374174999968, 0.0 ], [ -35.884610934999955, -9.536484167999959, 0.0 ], [ -35.884580934999974, -9.536354166999956, 0.0 ], [ -35.884560932999932, -9.534824155999956, 0.0 ], [ -35.884610932999976, -9.534604153999965, 0.0 ], [ -35.884730933999947, -9.534374151999941, 0.0 ], [ -35.884860934999949, -9.53418414999993, 0.0 ], [ -35.887520956999936, -9.531484126999942, 0.0 ], [ -35.887630957999932, -9.531334125999933, 0.0 ], [ -35.887670957999944, -9.531194124999956, 0.0 ], [ -35.887680957999976, -9.531044123999948, 0.0 ], [ -35.88748095099993, -9.525914084999954, 0.0 ], [ -35.887490950999961, -9.525714082999968, 0.0 ], [ -35.887860951999983, -9.523634066999932, 0.0 ], [ -35.887880951999932, -9.523534065999968, 0.0 ], [ -35.88791095299996, -9.52341406499994, 0.0 ], [ -35.887970952999979, -9.523304063999944, 0.0 ], [ -35.888050953999937, -9.523224063999976, 0.0 ], [ -35.888740958999961, -9.522594057999981, 0.0 ], [ -35.889030961999936, -9.522324055999945, 0.0 ], [ -35.889090961999955, -9.522244054999931, 0.0 ], [ -35.889120961999936, -9.522164054999962, 0.0 ], [ -35.889160961999949, -9.521994052999958, 0.0 ], [ -35.889750964999962, -9.519354031999967, 0.0 ], [ -35.890150967999944, -9.51795402099998, 0.0 ], [ -35.890240967999944, -9.517694018999975, 0.0 ], [ -35.890640970999982, -9.516884012999981, 0.0 ], [ -35.890720970999951, -9.516674010999964, 0.0 ], [ -35.890930972999968, -9.515934004999963, 0.0 ], [ -35.891060972999981, -9.515594001999943, 0.0 ], [ -35.891340974999935, -9.514943996999932, 0.0 ], [ -35.891580976999933, -9.514453992999961, 0.0 ], [ -35.891610976999971, -9.514283991999946, 0.0 ], [ -35.891580976999933, -9.514113990999931, 0.0 ], [ -35.891400974999954, -9.513663986999973, 0.0 ], [ -35.891390973999933, -9.513483985999926, 0.0 ], [ -35.891550974999973, -9.512703979999969, 0.0 ], [ -35.894530993999979, -9.504123910999965, 0.0 ], [ -35.89456099399996, -9.503943909999975, 0.0 ], [ -35.894540993999954, -9.50377390899996, 0.0 ], [ -35.89447099299997, -9.503613907999977, 0.0 ], [ -35.893550982999955, -9.501683893999939, 0.0 ], [ -35.893480981999971, -9.501463891999947, 0.0 ], [ -35.892680966999933, -9.494143836999967, 0.0 ], [ -35.892640966999977, -9.493993835999959, 0.0 ], [ -35.891800957999976, -9.492083821999927, 0.0 ], [ -35.891730956999936, -9.49194382099995, 0.0 ], [ -35.891610955999965, -9.49176381999996, 0.0 ], [ -35.890730945999962, -9.490593811999929, 0.0 ], [ -35.890620944999966, -9.490473810999958, 0.0 ], [ -35.890310941999928, -9.490293809999969, 0.0 ], [ -35.890110939999943, -9.490213808999954, 0.0 ], [ -35.890010939999968, -9.49014380899996, 0.0 ], [ -35.889950938999959, -9.490033807999964, 0.0 ], [ -35.889950938999959, -9.489913806999937, 0.0 ], [ -35.89007093999993, -9.489603804999945, 0.0 ], [ -35.890080938999972, -9.489453802999947, 0.0 ], [ -35.890050938999934, -9.489283801999932, 0.0 ], [ -35.889330930999961, -9.487583789999974, 0.0 ], [ -35.889240929999971, -9.487453788999971, 0.0 ], [ -35.885980897999957, -9.48475377099993, 0.0 ], [ -35.88584089699998, -9.484613769999953, 0.0 ], [ -35.884300880999945, -9.48258375599994, 0.0 ], [ -35.88422087999993, -9.482433754999931, 0.0 ], [ -35.88366087199995, -9.48004373699996, 0.0 ], [ -35.882900862999975, -9.476843713999926, 0.0 ], [ -35.882740860999945, -9.476493710999932, 0.0 ], [ -35.882670859999962, -9.476283709999962, 0.0 ], [ -35.882560858999966, -9.476013707999925, 0.0 ], [ -35.880410835999953, -9.472393681999961, 0.0 ], [ -35.880280833999961, -9.472243680999952, 0.0 ], [ -35.879940830999942, -9.471993678999979, 0.0 ], [ -35.879830829999946, -9.471873678999941, 0.0 ], [ -35.879760828999963, -9.471713676999968, 0.0 ], [ -35.879700828999944, -9.47159367699993, 0.0 ], [ -35.879570826999952, -9.471493675999966, 0.0 ], [ -35.879050821999954, -9.471143673999961, 0.0 ], [ -35.878060812999934, -9.470483669999965, 0.0 ], [ -35.876200794999932, -9.469443662999936, 0.0 ], [ -35.873730770999941, -9.467793652999944, 0.0 ], [ -35.87169075099996, -9.466423644999963, 0.0 ], [ -35.871650750999947, -9.466403643999968, 0.0 ], [ -35.870550739999942, -9.465513638999937, 0.0 ], [ -35.869900733999941, -9.464763633999951, 0.0 ], [ -35.869830732999958, -9.464713632999974, 0.0 ], [ -35.867680711999981, -9.463243623999972, 0.0 ], [ -35.867590710999934, -9.463163622999957, 0.0 ], [ -35.865600689999951, -9.460343603999945, 0.0 ], [ -35.86228065399996, -9.454073558999937, 0.0 ], [ -35.860060631999943, -9.451713542999926, 0.0 ], [ -35.857900609999945, -9.449413526999933, 0.0 ], [ -35.85780060899998, -9.449323526999933, 0.0 ], [ -35.857650607999972, -9.449283526999977, 0.0 ], [ -35.857130602999973, -9.449393527999973, 0.0 ], [ -35.856380596999941, -9.449583529999927, 0.0 ], [ -35.856060593999985, -9.449723530999961, 0.0 ], [ -35.855630589999976, -9.449813531999951, 0.0 ], [ -35.855450588999929, -9.449783531999969, 0.0 ], [ -35.855220585999973, -9.449693531999969, 0.0 ], [ -35.853520568999954, -9.44789351999998, 0.0 ], [ -35.853410567999958, -9.447813518999965, 0.0 ], [ -35.85326056699995, -9.447793518999958, 0.0 ], [ -35.846790508999959, -9.447953526999981, 0.0 ], [ -35.845710498999949, -9.447923526999944, 0.0 ], [ -35.843370476999951, -9.447383524999964, 0.0 ], [ -35.841320456999938, -9.44615351799996, 0.0 ], [ -35.836210406999953, -9.442103491999944, 0.0 ], [ -35.835780402999944, -9.441883489999952, 0.0 ], [ -35.835500400999933, -9.441723488999969, 0.0 ], [ -35.831810364999967, -9.439263473999972, 0.0 ], [ -35.831030357999964, -9.439313474999949, 0.0 ], [ -35.830930356999943, -9.439303474999974, 0.0 ], [ -35.830840355999953, -9.43925347499993, 0.0 ], [ -35.829310340999939, -9.437933465999947, 0.0 ], [ -35.828340331999982, -9.437093460999961, 0.0 ], [ -35.825300298999935, -9.431913423999958, 0.0 ], [ -35.818180220999977, -9.417533319999961, 0.0 ], [ -35.818090219999931, -9.41743331999993, 0.0 ], [ -35.816130201999954, -9.416443313999935, 0.0 ], [ -35.815920198999947, -9.416133311999943, 0.0 ], [ -35.814790185999982, -9.412523284999963, 0.0 ], [ -35.814690184999961, -9.412223282999946, 0.0 ], [ -35.814450181999973, -9.411903280999979, 0.0 ], [ -35.808520123999983, -9.407463251999957, 0.0 ], [ -35.805580095999971, -9.405413238999927, 0.0 ], [ -35.803620076999948, -9.404073230999927, 0.0 ], [ -35.802460065999981, -9.403633227999933, 0.0 ], [ -35.800580046999983, -9.402163218999931, 0.0 ], [ -35.799400035999952, -9.40124321299993, 0.0 ], [ -35.799280034999981, -9.401123211999959, 0.0 ], [ -35.799160032999964, -9.400863209999955, 0.0 ], [ -35.799060031999943, -9.400733208999952, 0.0 ], [ -35.798960030999979, -9.400683208999965, 0.0 ], [ -35.797870020999937, -9.400413207999975, 0.0 ], [ -35.797740019999935, -9.400343207999981, 0.0 ], [ -35.797660018999977, -9.400253206999935, 0.0 ], [ -35.794659985999942, -9.393593158999977, 0.0 ], [ -35.79433998199994, -9.392873152999925, 0.0 ], [ -35.793829973999948, -9.38942312699993, 0.0 ], [ -35.794429975999947, -9.385803098999929, 0.0 ], [ -35.79430997399993, -9.384973092999928, 0.0 ], [ -35.79409997199997, -9.384623089999934, 0.0 ], [ -35.791299944999935, -9.382533076999948, 0.0 ], [ -35.790959940999983, -9.382123073999935, 0.0 ], [ -35.789479924999966, -9.379373053999927, 0.0 ], [ -35.78799990899995, -9.37651303399997, 0.0 ], [ -35.787909907999961, -9.376403032999974, 0.0 ], [ -35.782759856999974, -9.371152996999967, 0.0 ], [ -35.779189821999978, -9.367842974999974, 0.0 ], [ -35.776759797999944, -9.365972962999933, 0.0 ], [ -35.773019759999954, -9.361822934999964, 0.0 ], [ -35.772959758999946, -9.361732933999974, 0.0 ], [ -35.772859757999981, -9.361522932999947, 0.0 ], [ -35.772749756999929, -9.361312930999929, 0.0 ], [ -35.771559744999934, -9.359802920999925, 0.0 ], [ -35.771469743999944, -9.35967291999998, 0.0 ], [ -35.770509732999983, -9.356642896999972, 0.0 ], [ -35.77048973199993, -9.356592896999928, 0.0 ], [ -35.770439731999943, -9.356532896999965, 0.0 ], [ -35.77036973099996, -9.356482895999932, 0.0 ], [ -35.769319720999931, -9.356002893999971, 0.0 ], [ -35.769259720999969, -9.355972892999944, 0.0 ], [ -35.768769715999952, -9.355762891999973, 0.0 ], [ -35.764489675999982, -9.354792888999953, 0.0 ], [ -35.764389674999961, -9.354722887999969, 0.0 ], [ -35.763649667999971, -9.353792881999937, 0.0 ], [ -35.763609666999969, -9.353702880999947, 0.0 ], [ -35.763339663999943, -9.35267287399995, 0.0 ], [ -35.763329663999968, -9.352572872999929, 0.0 ], [ -35.763479663999931, -9.351502864999929, 0.0 ], [ -35.763489663999962, -9.351392863999934, 0.0 ], [ -35.763479663999931, -9.351292862999969, 0.0 ], [ -35.763409662999948, -9.351142861999961, 0.0 ], [ -35.762529653999934, -9.349482849999958, 0.0 ], [ -35.762419652999938, -9.349372848999963, 0.0 ], [ -35.759419623999975, -9.347802839999929, 0.0 ], [ -35.759259621999945, -9.347702838999965, 0.0 ], [ -35.756469593999952, -9.344542817999979, 0.0 ], [ -35.756419593999965, -9.344452816999933, 0.0 ], [ -35.754949575999944, -9.33976278199998, 0.0 ], [ -35.75486957499993, -9.33967278199998, 0.0 ], [ -35.752259548999973, -9.337392766999926, 0.0 ], [ -35.75202954699995, -9.33716276499996, 0.0 ], [ -35.751889545999973, -9.337052763999964, 0.0 ], [ -35.751679543999956, -9.336872762999974, 0.0 ], [ -35.750619531999973, -9.335182750999934, 0.0 ], [ -35.750509530999977, -9.33508274999997, 0.0 ], [ -35.746399490999977, -9.332072730999926, 0.0 ], [ -35.745929485999966, -9.331172724999931, 0.0 ], [ -35.745889485999953, -9.331112723999979, 0.0 ], [ -35.74574948399993, -9.331012723999947, 0.0 ], [ -35.74420946999993, -9.32998271699995, 0.0 ], [ -35.743159459999958, -9.329732715999967, 0.0 ], [ -35.743059458999937, -9.329662715999973, 0.0 ], [ -35.741669444999957, -9.327762701999973, 0.0 ], [ -35.741589443999942, -9.327672701999973, 0.0 ], [ -35.739199420999967, -9.326422693999973, 0.0 ], [ -35.739109419999977, -9.326322693999941, 0.0 ], [ -35.739069419999964, -9.326172692999933, 0.0 ], [ -35.739039418999937, -9.325982690999979, 0.0 ], [ -35.738839415999962, -9.324522679999973, 0.0 ], [ -35.738809415999981, -9.324412678999977, 0.0 ], [ -35.738749414999972, -9.324312678999945, 0.0 ], [ -35.73796940699998, -9.323612673999946, 0.0 ], [ -35.73789940599994, -9.323512672999925, 0.0 ], [ -35.737859405999984, -9.32338267199998, 0.0 ], [ -35.736929393999958, -9.319762644999969, 0.0 ], [ -35.736909393999952, -9.319652643999973, 0.0 ], [ -35.737049393999939, -9.31823263299998, 0.0 ], [ -35.736879389999956, -9.316302618999941, 0.0 ], [ -35.73685938999995, -9.316192617999945, 0.0 ], [ -35.736799389999931, -9.31608261699995, 0.0 ], [ -35.734409364999976, -9.31250259199993, 0.0 ], [ -35.733329353999977, -9.311582585999929, 0.0 ], [ -35.733259352999937, -9.311462584999958, 0.0 ], [ -35.732949349999956, -9.31060257799993, 0.0 ], [ -35.732899348999979, -9.310502577999955, 0.0 ], [ -35.731249331999948, -9.308442562999971, 0.0 ], [ -35.730689326999936, -9.30779255899995, 0.0 ], [ -35.730599325999947, -9.307722557999966, 0.0 ], [ -35.728669306999961, -9.306762552999942, 0.0 ], [ -35.728559305999966, -9.306682551999927, 0.0 ], [ -35.728479304999951, -9.306522550999944, 0.0 ], [ -35.728029298999957, -9.304452535999928, 0.0 ], [ -35.727989298999944, -9.304342534999932, 0.0 ], [ -35.727919297999961, -9.304252533999943, 0.0 ], [ -35.726579284999957, -9.302702523999926, 0.0 ], [ -35.726489283999967, -9.302622522999968, 0.0 ], [ -35.726049278999938, -9.302402521999966, 0.0 ], [ -35.725959278999937, -9.302322520999951, 0.0 ], [ -35.725899277999929, -9.302222520999976, 0.0 ], [ -35.725399271999947, -9.300712508999936, 0.0 ], [ -35.725339270999939, -9.300572507999959, 0.0 ], [ -35.724869265999985, -9.299072496999941, 0.0 ], [ -35.723729252999931, -9.296892481999976, 0.0 ], [ -35.723369249999962, -9.296412477999979, 0.0 ], [ -35.723289248999947, -9.296262476999971, 0.0 ], [ -35.722299237999948, -9.294072460999928, 0.0 ], [ -35.72158922999995, -9.292412448999926, 0.0 ], [ -35.721529228999941, -9.29230244799993, 0.0 ], [ -35.721429227999977, -9.292232447999936, 0.0 ], [ -35.719259207999983, -9.291482443999939, 0.0 ], [ -35.719169206999936, -9.291412443999945, 0.0 ], [ -35.719019204999938, -9.291202441999928, 0.0 ], [ -35.718989204999957, -9.291072440999926, 0.0 ], [ -35.718899202999978, -9.289722430999973, 0.0 ], [ -35.718859202999965, -9.289622429999952, 0.0 ], [ -35.718789201999982, -9.289542429999926, 0.0 ], [ -35.717009183999949, -9.288162420999981, 0.0 ], [ -35.716869182999972, -9.28806241999996, 0.0 ], [ -35.715189166999949, -9.287182414999961, 0.0 ], [ -35.71401915499996, -9.286022406999962, 0.0 ], [ -35.71383915399997, -9.285862405999978, 0.0 ], [ -35.71376915299993, -9.285782404999964, 0.0 ], [ -35.713519149999968, -9.28553240399998, 0.0 ], [ -35.713329147999957, -9.285352401999944, 0.0 ], [ -35.711689131999947, -9.283732390999944, 0.0 ], [ -35.711599130999957, -9.28366239099995, 0.0 ], [ -35.711489129999961, -9.283622390999938, 0.0 ], [ -35.709669112999961, -9.283322389999967, 0.0 ], [ -35.709549111999934, -9.28330238999996, 0.0 ], [ -35.709449110999969, -9.283232389999966, 0.0 ], [ -35.705029067999931, -9.27917236199994, 0.0 ], [ -35.704959066999947, -9.27908236199994, 0.0 ], [ -35.704689063999979, -9.278602357999944, 0.0 ], [ -35.704579062999983, -9.278492357999937, 0.0 ], [ -35.70446906199993, -9.278432356999929, 0.0 ], [ -35.703299050999931, -9.277842353999972, 0.0 ], [ -35.702469042999951, -9.277422350999927, 0.0 ], [ -35.702109038999936, -9.277242349999938, 0.0 ], [ -35.700559024999961, -9.277242351999973, 0.0 ], [ -35.700439023999934, -9.277232351999942, 0.0 ], [ -35.700239021999948, -9.277122350999946, 0.0 ], [ -35.700139020999984, -9.277052350999952, 0.0 ], [ -35.700049020999984, -9.276962349999962, 0.0 ], [ -35.699979019999944, -9.276872348999973, 0.0 ], [ -35.699939018999942, -9.276762348999966, 0.0 ], [ -35.699929018999967, -9.276642347999939, 0.0 ], [ -35.699739015999967, -9.275052335999931, 0.0 ], [ -35.699709015999929, -9.274942334999935, 0.0 ], [ -35.699649014999977, -9.27484233399997, 0.0 ], [ -35.699239010999975, -9.274362330999963, 0.0 ], [ -35.698719005999976, -9.274062328999946, 0.0 ], [ -35.698619004999955, -9.274002328999927, 0.0 ], [ -35.698549003999972, -9.273912327999938, 0.0 ], [ -35.697738995999941, -9.272542317999978, 0.0 ], [ -35.697688994999965, -9.272372316999963, 0.0 ], [ -35.697578992999979, -9.271562310999968, 0.0 ], [ -35.697578992999979, -9.271442309999941, 0.0 ], [ -35.697658992999948, -9.270872304999955, 0.0 ], [ -35.697628992999967, -9.27077230499998, 0.0 ], [ -35.697538991999977, -9.270692303999965, 0.0 ], [ -35.695578972999954, -9.269202293999967, 0.0 ], [ -35.695328970999981, -9.269172293999929, 0.0 ], [ -35.694878966999966, -9.269262294999976, 0.0 ], [ -35.694748964999974, -9.269282295999972, 0.0 ], [ -35.694538963999946, -9.269342295999934, 0.0 ], [ -35.694508962999976, -9.269332295999959, 0.0 ], [ -35.69439896199998, -9.269312295999953, 0.0 ], [ -35.69386895699995, -9.268952293999973, 0.0 ], [ -35.693798955999966, -9.268862292999927, 0.0 ], [ -35.693718955999941, -9.268702291999944, 0.0 ], [ -35.69312894899997, -9.267102279999961, 0.0 ], [ -35.691818932999979, -9.263222251999935, 0.0 ], [ -35.691068924999968, -9.262102243999948, 0.0 ], [ -35.691008924999949, -9.262042242999939, 0.0 ], [ -35.689428909999947, -9.261242238999955, 0.0 ], [ -35.689278907999949, -9.261142237999934, 0.0 ], [ -35.688148896999962, -9.260232231999964, 0.0 ], [ -35.688068895999947, -9.260132230999943, 0.0 ], [ -35.68801889599996, -9.260012230999962, 0.0 ], [ -35.687888893999968, -9.259592226999928, 0.0 ], [ -35.687878893999937, -9.259482226999978, 0.0 ], [ -35.688128895999967, -9.258592219999969, 0.0 ], [ -35.688138895999941, -9.258482218999973, 0.0 ], [ -35.688118894999945, -9.258362217999945, 0.0 ], [ -35.687988893999943, -9.258112215999972, 0.0 ], [ -35.68791889299996, -9.258022214999926, 0.0 ], [ -35.68782889199997, -9.257952214999932, 0.0 ], [ -35.687598889999947, -9.257832213999961, 0.0 ], [ -35.687448888999938, -9.257782213999974, 0.0 ], [ -35.686958883999978, -9.25771221399998, 0.0 ], [ -35.686848882999982, -9.257672213999967, 0.0 ], [ -35.686588880999977, -9.257472211999925, 0.0 ], [ -35.686528879999969, -9.257382211999982, 0.0 ], [ -35.685808871999939, -9.255452196999954, 0.0 ], [ -35.684778860999984, -9.254062187999978, 0.0 ], [ -35.68463885999995, -9.253852185999961, 0.0 ], [ -35.684628858999929, -9.253702184999952, 0.0 ], [ -35.684678857999984, -9.251442167999926, 0.0 ], [ -35.684668857999952, -9.25133216699993, 0.0 ], [ -35.684618856999975, -9.251222165999934, 0.0 ], [ -35.683468844999936, -9.249242151999965, 0.0 ], [ -35.683398843999953, -9.249142150999944, 0.0 ], [ -35.68323884199998, -9.248982149999961, 0.0 ], [ -35.681818827999962, -9.247532139999976, 0.0 ], [ -35.681758827999943, -9.24742213899998, 0.0 ], [ -35.681738826999947, -9.247312137999927, 0.0 ], [ -35.681508822999945, -9.244442116999949, 0.0 ], [ -35.681468821999943, -9.244342115999928, 0.0 ], [ -35.679998807999937, -9.242982106999932, 0.0 ], [ -35.678878795999935, -9.241952099999935, 0.0 ], [ -35.677758783999934, -9.239802083999962, 0.0 ], [ -35.67768878399994, -9.239692082999966, 0.0 ], [ -35.675988765999932, -9.237352066999961, 0.0 ], [ -35.675948765999976, -9.237242065999965, 0.0 ], [ -35.67585876399994, -9.236922063999941, 0.0 ], [ -35.675818763999985, -9.236812062999945, 0.0 ], [ -35.67573876299997, -9.23673206199993, 0.0 ], [ -35.673718742999938, -9.23456204799993, 0.0 ], [ -35.672518729999979, -9.232362031999969, 0.0 ], [ -35.672408728999983, -9.232172029999958, 0.0 ], [ -35.671878720999985, -9.229112006999969, 0.0 ], [ -35.671858720999978, -9.229002005999973, 0.0 ], [ -35.670048701999974, -9.226361987999951, 0.0 ], [ -35.669818699999951, -9.226041985999927, 0.0 ], [ -35.66971869899993, -9.225981984999976, 0.0 ], [ -35.66642866799998, -9.224431975999948, 0.0 ], [ -35.666118664999942, -9.22428197499994, 0.0 ], [ -35.664378647999968, -9.223461970999949, 0.0 ], [ -35.664288646999978, -9.22337196999996, 0.0 ], [ -35.663588639999944, -9.222201961999929, 0.0 ], [ -35.661858620999965, -9.218581934999975, 0.0 ], [ -35.660258604999967, -9.216671921999932, 0.0 ], [ -35.659558596999943, -9.215781915999969, 0.0 ], [ -35.657588577999945, -9.213951902999952, 0.0 ], [ -35.654808549999984, -9.21150188699994, 0.0 ], [ -35.654488546999971, -9.211001883999927, 0.0 ], [ -35.654438545999938, -9.210871882999982, 0.0 ], [ -35.654438545999938, -9.210751881999954, 0.0 ], [ -35.65456854599995, -9.209351870999967, 0.0 ], [ -35.654558545999976, -9.209311869999965, 0.0 ], [ -35.654198541999961, -9.208631865999962, 0.0 ], [ -35.654018539999981, -9.208331862999955, 0.0 ], [ -35.653938538999967, -9.20816186199994, 0.0 ], [ -35.65347853399993, -9.207101853999973, 0.0 ], [ -35.653448533999949, -9.206961852999939, 0.0 ], [ -35.653368531999945, -9.206201847999978, 0.0 ], [ -35.653108528999951, -9.204561834999936, 0.0 ], [ -35.652348520999965, -9.203361826999981, 0.0 ], [ -35.652308519999963, -9.203251825999928, 0.0 ], [ -35.652218518999973, -9.202711821999969, 0.0 ], [ -35.652138517999958, -9.20228181799996, 0.0 ], [ -35.652098516999956, -9.20219181799996, 0.0 ], [ -35.652088516999981, -9.202171817999954, 0.0 ], [ -35.650888504999955, -9.201051809999967, 0.0 ], [ -35.650818504999961, -9.200951808999946, 0.0 ], [ -35.65071850299995, -9.200691807999931, 0.0 ], [ -35.65071850299995, -9.20057180699996, 0.0 ], [ -35.65086850299997, -9.198891792999973, 0.0 ], [ -35.650858502999938, -9.198781792999966, 0.0 ], [ -35.650468498999942, -9.198011786999928, 0.0 ], [ -35.650378497999952, -9.197941786999934, 0.0 ], [ -35.649428488999945, -9.19750178399994, 0.0 ], [ -35.648338477999971, -9.196481776999974, 0.0 ], [ -35.648218476999944, -9.19634177599994, 0.0 ], [ -35.646988463999946, -9.194581763999963, 0.0 ], [ -35.646918462999963, -9.194491762999974, 0.0 ], [ -35.646818461999942, -9.194411762999948, 0.0 ], [ -35.645468448999964, -9.193501756999979, 0.0 ], [ -35.64523844699994, -9.193361755999945, 0.0 ], [ -35.644598440999971, -9.192671750999978, 0.0 ], [ -35.644098434999933, -9.191971745999979, 0.0 ], [ -35.643568429999959, -9.190861737999967, 0.0 ], [ -35.643368426999984, -9.19022173299993, 0.0 ], [ -35.643298425999944, -9.189381726999954, 0.0 ], [ -35.643028422999976, -9.188541720999979, 0.0 ], [ -35.642958421999936, -9.188381719999938, 0.0 ], [ -35.64272841899998, -9.188041716999976, 0.0 ], [ -35.642338415999973, -9.187821715999974, 0.0 ], [ -35.641788410999936, -9.187641714999927, 0.0 ], [ -35.639938393999955, -9.187561715999948, 0.0 ], [ -35.639768391999951, -9.187491715999954, 0.0 ], [ -35.639658390999955, -9.187361714999952, 0.0 ], [ -35.639608389999978, -9.187181712999973, 0.0 ], [ -35.639708389999953, -9.185621700999945, 0.0 ], [ -35.639958390999936, -9.184141689999933, 0.0 ], [ -35.639938389999941, -9.184031688999937, 0.0 ], [ -35.638888379999969, -9.182981681999934, 0.0 ], [ -35.63764836799993, -9.182431678999933, 0.0 ], [ -35.637218363999978, -9.182291677999956, 0.0 ], [ -35.636518357999933, -9.182081676999928, 0.0 ], [ -35.635998352999934, -9.181921675999945, 0.0 ], [ -35.635878351999963, -9.181841675999976, 0.0 ], [ -35.635818350999955, -9.181761674999962, 0.0 ], [ -35.635818350999955, -9.18175167499993, 0.0 ], [ -35.63552834799998, -9.181171670999959, 0.0 ], [ -35.635418344999948, -9.179381656999965, 0.0 ], [ -35.635738346999972, -9.178211647999944, 0.0 ], [ -35.635708346999934, -9.178021645999934, 0.0 ], [ -35.635658345999957, -9.177921645999959, 0.0 ], [ -35.635548344999961, -9.177831644999969, 0.0 ], [ -35.635538344999929, -9.177831644999969, 0.0 ], [ -35.635288342999957, -9.177711643999942, 0.0 ], [ -35.635118340999952, -9.17765164399998, 0.0 ], [ -35.634568335999973, -9.177561643999979, 0.0 ], [ -35.634458334999977, -9.177501642999971, 0.0 ], [ -35.63415833199997, -9.177201640999954, 0.0 ], [ -35.634058330999949, -9.17688163899993, 0.0 ], [ -35.633978328999945, -9.176251633999925, 0.0 ], [ -35.633928328999957, -9.176151632999961, 0.0 ], [ -35.632578314999932, -9.174831624999968, 0.0 ], [ -35.631348302999982, -9.173351613999955, 0.0 ], [ -35.631018299999937, -9.172911610999961, 0.0 ], [ -35.630198291999932, -9.172511608999969, 0.0 ], [ -35.629448283999977, -9.171851603999926, 0.0 ], [ -35.629398283999933, -9.171751603999951, 0.0 ], [ -35.629198280999958, -9.170811596999954, 0.0 ], [ -35.629308281999954, -9.170451593999928, 0.0 ], [ -35.629378281999948, -9.170291591999955, 0.0 ], [ -35.629498282999975, -9.170201591999955, 0.0 ], [ -35.62978828599995, -9.170041589999926, 0.0 ], [ -35.630448290999936, -9.169421584999952, 0.0 ], [ -35.630568291999964, -9.16901158099995, 0.0 ], [ -35.630598291999945, -9.168661578999945, 0.0 ], [ -35.629978283999947, -9.16659156299994, 0.0 ], [ -35.629458278999948, -9.166071559999978, 0.0 ], [ -35.627988264999942, -9.165411555999981, 0.0 ], [ -35.627888263999978, -9.165281554999979, 0.0 ], [ -35.625808241999948, -9.161931530999937, 0.0 ], [ -35.625408237999977, -9.161721529999966, 0.0 ], [ -35.623688222999931, -9.161471528999925, 0.0 ], [ -35.623138216999962, -9.161071526999933, 0.0 ], [ -35.623058215999947, -9.160971525999969, 0.0 ], [ -35.622538210999949, -9.16011151999993, 0.0 ], [ -35.622518210999942, -9.159981518999928, 0.0 ], [ -35.62292821099993, -9.156061487999978, 0.0 ], [ -35.62289820999996, -9.155981487999952, 0.0 ], [ -35.620468185999982, -9.153561470999932, 0.0 ], [ -35.619848179999963, -9.152471462999927, 0.0 ], [ -35.619778176999944, -9.15046144799993, 0.0 ], [ -35.619958177999933, -9.149971443999959, 0.0 ], [ -35.620578182999964, -9.149031435999973, 0.0 ], [ -35.62059818299997, -9.148611432999928, 0.0 ], [ -35.620568182999932, -9.148501431999932, 0.0 ], [ -35.620298179999963, -9.148151429999928, 0.0 ], [ -35.62022817899998, -9.148111428999925, 0.0 ], [ -35.619928175999974, -9.147991428999944, 0.0 ], [ -35.619338170999981, -9.148011428999951, 0.0 ], [ -35.617828156999963, -9.147671427999967, 0.0 ], [ -35.61769815599996, -9.147591427999942, 0.0 ], [ -35.617448152999941, -9.147291425999981, 0.0 ], [ -35.61741815299996, -9.147151424999947, 0.0 ], [ -35.618108155999948, -9.143851397999981, 0.0 ], [ -35.618348157999947, -9.143471394999949, 0.0 ], [ -35.618558158999974, -9.143181392999963, 0.0 ], [ -35.618678159999945, -9.142731388999948, 0.0 ], [ -35.618698159999951, -9.142621387999952, 0.0 ], [ -35.618578158999981, -9.142231385999935, 0.0 ], [ -35.618518157999972, -9.142151384999977, 0.0 ], [ -35.615258124999968, -9.137761353999963, 0.0 ], [ -35.615158123999947, -9.137711353999975, 0.0 ], [ -35.614348115999974, -9.137521352999954, 0.0 ], [ -35.613258105999932, -9.137011349999966, 0.0 ], [ -35.613158104999968, -9.136931348999951, 0.0 ], [ -35.612988102999964, -9.136631346999934, 0.0 ], [ -35.612988102999964, -9.136361344999955, 0.0 ], [ -35.612998102999939, -9.136251343999959, 0.0 ], [ -35.613198103999935, -9.135421337999958, 0.0 ], [ -35.613058101999968, -9.13500133499997, 0.0 ], [ -35.611378085999945, -9.133501324999941, 0.0 ], [ -35.610938080999972, -9.13338132399997, 0.0 ], [ -35.610178073999975, -9.132901320999963, 0.0 ], [ -35.609668068999952, -9.132481317999975, 0.0 ], [ -35.609588067999937, -9.132391317999975, 0.0 ], [ -35.609558067999956, -9.132291316999954, 0.0 ], [ -35.609558066999966, -9.131471310999927, 0.0 ], [ -35.609338064999974, -9.130731304999927, 0.0 ], [ -35.608158052999954, -9.129501296999933, 0.0 ], [ -35.607828049999966, -9.129381295999963, 0.0 ], [ -35.605908030999956, -9.127621283999929, 0.0 ], [ -35.602577998999948, -9.125971273999937, 0.0 ], [ -35.602477997999983, -9.125851273999956, 0.0 ], [ -35.601747988999932, -9.123691257999951, 0.0 ], [ -35.601477986999953, -9.123321254999951, 0.0 ], [ -35.60075797899998, -9.122331247999966, 0.0 ], [ -35.599457965999932, -9.121011238999927, 0.0 ], [ -35.599387965999938, -9.120911237999962, 0.0 ], [ -35.599177961999942, -9.119581227999959, 0.0 ], [ -35.598457953999969, -9.117041208999979, 0.0 ], [ -35.598437952999973, -9.116811206999955, 0.0 ], [ -35.598447952999948, -9.11671120699998, 0.0 ], [ -35.598497953999981, -9.116591205999953, 0.0 ], [ -35.598607953999931, -9.116481204999957, 0.0 ], [ -35.59882795599998, -9.116391203999967, 0.0 ], [ -35.598897956999963, -9.116351202999965, 0.0 ], [ -35.598957956999982, -9.116281202999971, 0.0 ], [ -35.599047957999971, -9.116151201999969, 0.0 ], [ -35.599087957999984, -9.11606120099998, 0.0 ], [ -35.599077957999953, -9.115981199999965, 0.0 ], [ -35.599047957999971, -9.115861198999937, 0.0 ], [ -35.598857955999961, -9.115461196999945, 0.0 ], [ -35.598567952999929, -9.115111193999951, 0.0 ], [ -35.597597943999972, -9.114621190999969, 0.0 ], [ -35.597517942999957, -9.114531190999969, 0.0 ], [ -35.597337940999978, -9.114201187999981, 0.0 ], [ -35.597297939999976, -9.114081186999954, 0.0 ], [ -35.597417939999957, -9.112741176999975, 0.0 ], [ -35.597477940999966, -9.112621175999948, 0.0 ], [ -35.598537948999933, -9.111721167999974, 0.0 ], [ -35.598597949999942, -9.111611166999978, 0.0 ], [ -35.598687949999942, -9.111041162999982, 0.0 ], [ -35.598357945999965, -9.110101155999928, 0.0 ], [ -35.597967941999968, -9.109381149999933, 0.0 ], [ -35.597897940999928, -9.10931114999994, 0.0 ], [ -35.597807940999928, -9.109251148999931, 0.0 ], [ -35.596327925999958, -9.108341143999951, 0.0 ], [ -35.595047913999963, -9.107711139999935, 0.0 ], [ -35.594957912999973, -9.107621138999946, 0.0 ], [ -35.594817911999939, -9.107291136999947, 0.0 ], [ -35.594757910999931, -9.106881133999934, 0.0 ], [ -35.594917911999971, -9.106051126999944, 0.0 ], [ -35.594897910999975, -9.105561123999962, 0.0 ], [ -35.594867910999938, -9.105461122999941, 0.0 ], [ -35.594487906999973, -9.104931118999957, 0.0 ], [ -35.594407905999958, -9.104851118999932, 0.0 ], [ -35.593987901999981, -9.104651116999946, 0.0 ], [ -35.593207894999978, -9.104591117999973, 0.0 ], [ -35.592377886999941, -9.104441116999965, 0.0 ], [ -35.590257866999934, -9.103161108999927, 0.0 ], [ -35.589657860999978, -9.102661105999971, 0.0 ], [ -35.588287846999947, -9.100661091999939, 0.0 ], [ -35.58786784299997, -9.10039108999996, 0.0 ], [ -35.587437838999961, -9.100301089999959, 0.0 ], [ -35.587357837999946, -9.100311089999934, 0.0 ], [ -35.587017834999983, -9.100441090999936, 0.0 ], [ -35.586717831999977, -9.100551091999932, 0.0 ], [ -35.586357828999951, -9.100631092999947, 0.0 ], [ -35.581787787999929, -9.100831098999947, 0.0 ], [ -35.580327774999944, -9.100991100999977, 0.0 ], [ -35.580187772999977, -9.100951100999964, 0.0 ], [ -35.57870775899994, -9.100161095999965, 0.0 ], [ -35.578597757999944, -9.100131095999927, 0.0 ], [ -35.578467756999942, -9.10015109699998, 0.0 ], [ -35.576827742999967, -9.10070110199996, 0.0 ], [ -35.575597731999949, -9.101111106999952, 0.0 ], [ -35.57442772099995, -9.101141107999979, 0.0 ], [ -35.574277719999941, -9.10108110699997, 0.0 ], [ -35.572797704999971, -9.099321094999937, 0.0 ], [ -35.57198769699994, -9.098511089999931, 0.0 ], [ -35.571417690999965, -9.097711083999968, 0.0 ], [ -35.57133768999995, -9.097621082999979, 0.0 ], [ -35.570457681999983, -9.097231080999961, 0.0 ], [ -35.568657664999932, -9.096421076999945, 0.0 ], [ -35.568577663999974, -9.096321075999981, 0.0 ], [ -35.568507662999934, -9.096001072999968, 0.0 ], [ -35.568467661999932, -9.095611069999961, 0.0 ], [ -35.568687663999981, -9.094891064999956, 0.0 ], [ -35.568827664999958, -9.094371059999958, 0.0 ], [ -35.568617661999951, -9.093471053999963, 0.0 ], [ -35.568517659999941, -9.092911048999952, 0.0 ], [ -35.568467659999953, -9.092811048999977, 0.0 ], [ -35.56839765899997, -9.09272104799993, 0.0 ], [ -35.567257647999952, -9.091821041999935, 0.0 ], [ -35.567027645999929, -9.091661040999952, 0.0 ], [ -35.566637641999932, -9.091391038999973, 0.0 ], [ -35.564517621999983, -9.090561034999951, 0.0 ], [ -35.564337619999947, -9.090471033999961, 0.0 ], [ -35.564147618999982, -9.09035103399998, 0.0 ], [ -35.562167598999963, -9.08891102399997, 0.0 ], [ -35.56184759599995, -9.088751022999929, 0.0 ], [ -35.561727594999979, -9.088681022999936, 0.0 ], [ -35.561347590999958, -9.08830101999996, 0.0 ], [ -35.560917586999949, -9.087971017999962, 0.0 ], [ -35.560847585999966, -9.08784101699996, 0.0 ], [ -35.560597582999947, -9.086181004999958, 0.0 ], [ -35.560537581999938, -9.085751000999949, 0.0 ], [ -35.560377578999976, -9.084810993999952, 0.0 ], [ -35.560257577999948, -9.083980987999951, 0.0 ], [ -35.560217576999946, -9.083750985999927, 0.0 ], [ -35.56015757199998, -9.078670946999978, 0.0 ], [ -35.560557573999972, -9.077550937999945, 0.0 ], [ -35.561027576999948, -9.075430920999963, 0.0 ], [ -35.562087583999983, -9.072630897999943, 0.0 ], [ -35.56213758399997, -9.072420896999972, 0.0 ], [ -35.562247583999977, -9.071320887999946, 0.0 ], [ -35.562257582999962, -9.070160878999957, 0.0 ], [ -35.562137581999934, -9.069880876999946, 0.0 ], [ -35.562117580999939, -9.069740875999969, 0.0 ], [ -35.562177581999947, -9.06959087499996, 0.0 ], [ -35.562387583999964, -9.069380872999943, 0.0 ], [ -35.563027588999944, -9.068380864999938, 0.0 ], [ -35.563067588999957, -9.068260863999967, 0.0 ], [ -35.563097588999938, -9.067750859999933, 0.0 ], [ -35.563097587999948, -9.067630858999962, 0.0 ], [ -35.562987586999952, -9.067380856999932, 0.0 ], [ -35.562907585999938, -9.067280855999968, 0.0 ], [ -35.56195757699993, -9.066620851999971, 0.0 ], [ -35.561497571999951, -9.065940846999979, 0.0 ], [ -35.561197567999955, -9.064390834999926, 0.0 ], [ -35.560977565999963, -9.063630829999965, 0.0 ], [ -35.561007564999954, -9.063050824999948, 0.0 ], [ -35.560977564999973, -9.062970824999979, 0.0 ], [ -35.560927564999929, -9.062910823999971, 0.0 ], [ -35.560297558999935, -9.062600821999979, 0.0 ], [ -35.560227557999951, -9.062520821999954, 0.0 ], [ -35.559717551999938, -9.061670815999946, 0.0 ], [ -35.558897541999954, -9.058790793999947, 0.0 ], [ -35.557657526999947, -9.05371075599993, 0.0 ], [ -35.557067519999976, -9.052710748999971, 0.0 ], [ -35.556997519999982, -9.052600747999975, 0.0 ], [ -35.555987508999976, -9.050890735999928, 0.0 ], [ -35.554027488999964, -9.049010722999981, 0.0 ], [ -35.553947488999938, -9.04891072199996, 0.0 ], [ -35.553717485999982, -9.048130715999946, 0.0 ], [ -35.55233747099993, -9.045720698999958, 0.0 ], [ -35.551487462999944, -9.044690691999961, 0.0 ], [ -35.551177458999973, -9.044340688999966, 0.0 ], [ -35.551107458999979, -9.044180687999926, 0.0 ], [ -35.551227457999971, -9.042810676999977, 0.0 ], [ -35.551227457999971, -9.042710676999945, 0.0 ], [ -35.551177457999984, -9.042630675999931, 0.0 ], [ -35.550847454999939, -9.042370673999926, 0.0 ], [ -35.54992744599997, -9.041710669999929, 0.0 ], [ -35.54985744499993, -9.041610668999965, 0.0 ], [ -35.549787443999946, -9.041430667999975, 0.0 ], [ -35.54964744199998, -9.040920663999941, 0.0 ], [ -35.549597441999936, -9.040810662999945, 0.0 ], [ -35.549517440999978, -9.040720662999945, 0.0 ], [ -35.548947435999935, -9.040260659999944, 0.0 ], [ -35.548877434999952, -9.04018065899993, 0.0 ], [ -35.548627431999932, -9.039620654999965, 0.0 ], [ -35.548567430999981, -9.039560654999946, 0.0 ], [ -35.548077426999953, -9.039340652999954, 0.0 ], [ -35.547967425999957, -9.039280652999935, 0.0 ], [ -35.54747742099994, -9.038690648999932, 0.0 ], [ -35.54664741199997, -9.037040636999961, 0.0 ], [ -35.546587410999962, -9.036920635999934, 0.0 ], [ -35.546167406999984, -9.036490632999971, 0.0 ], [ -35.546047405999957, -9.036380631999975, 0.0 ], [ -35.54601740499993, -9.036240630999941, 0.0 ], [ -35.545887401999948, -9.034000613999979, 0.0 ], [ -35.545827399999951, -9.032740603999969, 0.0 ], [ -35.545757399999957, -9.032430601999977, 0.0 ], [ -35.545717398999955, -9.032330600999956, 0.0 ], [ -35.545617397999933, -9.032230599999934, 0.0 ], [ -35.545407395999973, -9.032120599999928, 0.0 ], [ -35.544987391999939, -9.03207059999994, 0.0 ], [ -35.544817390999981, -9.032120599999928, 0.0 ], [ -35.544697389999953, -9.032140599999934, 0.0 ], [ -35.544567388999951, -9.032110599999953, 0.0 ], [ -35.543847380999978, -9.031540596999946, 0.0 ], [ -35.543767380999952, -9.031450595999956, 0.0 ], [ -35.542517366999959, -9.028510573999938, 0.0 ], [ -35.542487365999932, -9.028390572999967, 0.0 ], [ -35.54251736599997, -9.027640567999981, 0.0 ], [ -35.542097359999957, -9.025270549999959, 0.0 ], [ -35.54123735099995, -9.023790538999947, 0.0 ], [ -35.541137349999929, -9.023710537999932, 0.0 ], [ -35.540417342999945, -9.023420536999936, 0.0 ], [ -35.540327341999955, -9.023340535999978, 0.0 ], [ -35.540047338999955, -9.022930532999965, 0.0 ], [ -35.53996733799994, -9.022840532999965, 0.0 ], [ -35.539427332999935, -9.022680531999981, 0.0 ], [ -35.539267331999952, -9.022630531999937, 0.0 ], [ -35.538507324999955, -9.022180528999968, 0.0 ], [ -35.537957318999929, -9.02160052499994, 0.0 ], [ -35.537277312999947, -9.021260522999967, 0.0 ], [ -35.536367303999953, -9.020960520999949, 0.0 ], [ -35.536187301999973, -9.020860520999975, 0.0 ], [ -35.53586729899996, -9.02044051799993, 0.0 ], [ -35.534417282999982, -9.017480495999962, 0.0 ], [ -35.534347282999931, -9.017390494999972, 0.0 ], [ -35.53246726499998, -9.016220487999931, 0.0 ], [ -35.532337262999931, -9.016080486999954, 0.0 ], [ -35.532237261999967, -9.015870485999926, 0.0 ], [ -35.532007258999954, -9.01457047599996, 0.0 ], [ -35.531987257999958, -9.014030471999945, 0.0 ], [ -35.53220725999995, -9.01340046599995, 0.0 ], [ -35.532397260999971, -9.013140463999946, 0.0 ], [ -35.532817264999949, -9.012700459999962, 0.0 ], [ -35.533437268999933, -9.011710451999932, 0.0 ], [ -35.533787271999984, -9.011160447999941, 0.0 ], [ -35.53382727199994, -9.011050446999946, 0.0 ], [ -35.534527272999981, -9.00526040099993, 0.0 ], [ -35.534847271999979, -9.001020367999956, 0.0 ], [ -35.534657268999979, -8.998710349999953, 0.0 ], [ -35.534617267999977, -8.998610349999979, 0.0 ], [ -35.533227253999939, -8.996710335999978, 0.0 ], [ -35.531757235999976, -8.991470296999978, 0.0 ], [ -35.53175723399994, -8.989820283999961, 0.0 ], [ -35.531737233999934, -8.989760283999942, 0.0 ], [ -35.531697233999978, -8.989710282999965, 0.0 ], [ -35.528937206999956, -8.987980271999959, 0.0 ], [ -35.528807205999954, -8.987820270999975, 0.0 ], [ -35.528057196999953, -8.985880256999963, 0.0 ], [ -35.522497138999938, -8.976960192999968, 0.0 ], [ -35.522477138999932, -8.976800190999938, 0.0 ], [ -35.522547138999983, -8.976590189999968, 0.0 ], [ -35.522557138999957, -8.976430187999938, 0.0 ], [ -35.520807116999947, -8.96933013499995, 0.0 ], [ -35.520727115999932, -8.969100132999927, 0.0 ], [ -35.520097108999948, -8.967720122999935, 0.0 ], [ -35.519837104999965, -8.966340112999944, 0.0 ], [ -35.519427100999962, -8.965220103999968, 0.0 ], [ -35.518807093999953, -8.964360097999929, 0.0 ], [ -35.516727071999981, -8.960370068999964, 0.0 ], [ -35.515577059999941, -8.958600055999966, 0.0 ], [ -35.513987043999975, -8.957070045999956, 0.0 ], [ -35.513927042999967, -8.956920044999947, 0.0 ], [ -35.51362703999996, -8.956280039999967, 0.0 ], [ -35.513607039999954, -8.956090038999946, 0.0 ], [ -35.513587038999958, -8.955930036999973, 0.0 ], [ -35.51362703999996, -8.955810035999946, 0.0 ], [ -35.514027042999942, -8.955250031999981, 0.0 ], [ -35.514347044999965, -8.954130022999948, 0.0 ], [ -35.514257040999951, -8.950739996999971, 0.0 ], [ -35.51422704099997, -8.95063999599995, 0.0 ], [ -35.513207029999933, -8.949559987999976, 0.0 ], [ -35.51307702899993, -8.949209985999971, 0.0 ], [ -35.512987027999941, -8.948949983999967, 0.0 ], [ -35.512917026999958, -8.948849982999945, 0.0 ], [ -35.511947017999944, -8.948109977999934, 0.0 ], [ -35.511367011999937, -8.947549973999969, 0.0 ], [ -35.511297010999954, -8.94739997299996, 0.0 ], [ -35.511047007999935, -8.94668996799993, 0.0 ], [ -35.511027007999928, -8.946199963999959, 0.0 ], [ -35.510977006999951, -8.946109963999959, 0.0 ], [ -35.510887005999962, -8.946029962999944, 0.0 ], [ -35.510757004999959, -8.945999962999963, 0.0 ], [ -35.510076998999978, -8.945849961999954, 0.0 ], [ -35.509276990999979, -8.945679961999929, 0.0 ], [ -35.508576984999934, -8.945529960999977, 0.0 ], [ -35.508356982999942, -8.945469960999958, 0.0 ], [ -35.505646956999954, -8.944159952999939, 0.0 ], [ -35.505546955999932, -8.944029951999937, 0.0 ], [ -35.505466954999974, -8.94315994599998, 0.0 ], [ -35.505326951999962, -8.941819934999955, 0.0 ], [ -35.504316940999956, -8.939389916999971, 0.0 ], [ -35.503926934999981, -8.937429901999963, 0.0 ], [ -35.503736932999971, -8.936519895999936, 0.0 ], [ -35.503646931999981, -8.936169892999942, 0.0 ], [ -35.502996923999945, -8.93358987299996, 0.0 ], [ -35.499996892999945, -8.929349842999954, 0.0 ], [ -35.499916891999931, -8.929269842999929, 0.0 ], [ -35.499786890999928, -8.929219841999952, 0.0 ], [ -35.499436886999945, -8.929149841999958, 0.0 ], [ -35.49924688599998, -8.929139841999927, 0.0 ], [ -35.497196866999957, -8.928959842999973, 0.0 ], [ -35.497026864999953, -8.928929842999935, 0.0 ], [ -35.49689686399995, -8.928839841999945, 0.0 ], [ -35.495956854999974, -8.927869834999967, 0.0 ], [ -35.495866853999985, -8.927779834999967, 0.0 ], [ -35.495156846999976, -8.927289830999939, 0.0 ], [ -35.493476830999953, -8.926489826999955, 0.0 ], [ -35.493386829999963, -8.926399825999965, 0.0 ], [ -35.492456819999973, -8.924719813999957, 0.0 ], [ -35.492386819999979, -8.924639812999942, 0.0 ], [ -35.491446809999957, -8.924009808999926, 0.0 ], [ -35.490716802999941, -8.92350980599997, 0.0 ], [ -35.490096796999978, -8.923069802999976, 0.0 ], [ -35.489096787999983, -8.922749801999942, 0.0 ], [ -35.488276779999978, -8.92225979799997, 0.0 ], [ -35.487906775999932, -8.921879795999928, 0.0 ], [ -35.487826775999963, -8.921809794999945, 0.0 ], [ -35.487376771999948, -8.921669794999957, 0.0 ], [ -35.486686764999945, -8.921599794999963, 0.0 ], [ -35.484306742999934, -8.921439795999959, 0.0 ], [ -35.484126741999944, -8.921429795999927, 0.0 ], [ -35.483046731999934, -8.921339795999927, 0.0 ], [ -35.482846729999949, -8.921339795999927, 0.0 ], [ -35.482306724999944, -8.92128979599994, 0.0 ], [ -35.481096713999932, -8.921159795999927, 0.0 ], [ -35.480196705999958, -8.920709793999947, 0.0 ], [ -35.480116704999944, -8.920579792999945, 0.0 ], [ -35.480066703999967, -8.919769785999961, 0.0 ], [ -35.480096703999948, -8.919369782999979, 0.0 ], [ -35.480066702999977, -8.919259781999926, 0.0 ], [ -35.47920669399997, -8.917989772999931, 0.0 ], [ -35.479176693999932, -8.917839771999979, 0.0 ], [ -35.478966689999936, -8.916179758999931, 0.0 ], [ -35.478976689999968, -8.916079758999956, 0.0 ], [ -35.479516693999983, -8.914269743999967, 0.0 ], [ -35.479506693999951, -8.914149742999939, 0.0 ], [ -35.479206689999955, -8.913589738999974, 0.0 ], [ -35.479116688999966, -8.91344973799994, 0.0 ], [ -35.478426682999952, -8.912859733999937, 0.0 ], [ -35.478326681999931, -8.912699732999954, 0.0 ], [ -35.477236669999968, -8.910389715999941, 0.0 ], [ -35.477146667999932, -8.909629709999933, 0.0 ], [ -35.477106667999976, -8.909529708999969, 0.0 ], [ -35.477036666999936, -8.909429708999937, 0.0 ], [ -35.476116657999967, -8.908379700999944, 0.0 ], [ -35.476016656999946, -8.908329700999957, 0.0 ], [ -35.473836636999977, -8.907889699999942, 0.0 ], [ -35.473636634999934, -8.907829698999933, 0.0 ], [ -35.473496632999968, -8.907739698999933, 0.0 ], [ -35.473426632999974, -8.907609697999931, 0.0 ], [ -35.473036626999942, -8.905779683999981, 0.0 ], [ -35.472986626999955, -8.90567968299996, 0.0 ], [ -35.47290662599994, -8.905599682999934, 0.0 ], [ -35.469786595999949, -8.903349667999976, 0.0 ], [ -35.467366572999936, -8.902199660999941, 0.0 ], [ -35.467276571999946, -8.902099659999976, 0.0 ], [ -35.466506563999928, -8.901029652999966, 0.0 ], [ -35.463346533999982, -8.899139640999977, 0.0 ], [ -35.463256532999935, -8.89904963999993, 0.0 ], [ -35.462636525999983, -8.897609629999977, 0.0 ], [ -35.462606525999945, -8.897489628999949, 0.0 ], [ -35.462866524999981, -8.893929600999968, 0.0 ], [ -35.463096525999958, -8.893189594999967, 0.0 ], [ -35.463116525999965, -8.89306959399994, 0.0 ], [ -35.463086525999984, -8.892939592999937, 0.0 ], [ -35.462686521999956, -8.892079585999966, 0.0 ], [ -35.462606520999941, -8.89199958599994, 0.0 ], [ -35.461656511999934, -8.891339581999944, 0.0 ], [ -35.461546509999948, -8.891209580999941, 0.0 ], [ -35.460066494999978, -8.889149565999958, 0.0 ], [ -35.456206456999951, -8.885719542999936, 0.0 ], [ -35.455496449999941, -8.885009537999963, 0.0 ], [ -35.455436448999933, -8.884889536999935, 0.0 ], [ -35.455046444999937, -8.883569526999963, 0.0 ], [ -35.453656429999967, -8.88150951199998, 0.0 ], [ -35.453286426999966, -8.881189509999956, 0.0 ], [ -35.453216425999983, -8.88107950899996, 0.0 ], [ -35.453026423999972, -8.880479504999926, 0.0 ], [ -35.45189641199994, -8.878939493999951, 0.0 ], [ -35.451816410999982, -8.878859492999936, 0.0 ], [ -35.450346396999976, -8.87792948699996, 0.0 ], [ -35.450266395999961, -8.877809485999933, 0.0 ], [ -35.450016392999942, -8.876779478999936, 0.0 ], [ -35.450036392999948, -8.876649477999933, 0.0 ], [ -35.45034639499994, -8.875919471999964, 0.0 ], [ -35.450286393999932, -8.875439467999968, 0.0 ], [ -35.449846389999948, -8.87485946399994, 0.0 ], [ -35.449766388999933, -8.874809463999952, 0.0 ], [ -35.449686387999975, -8.874789462999956, 0.0 ], [ -35.449536386999966, -8.874759462999975, 0.0 ], [ -35.449426385999971, -8.874689462999982, 0.0 ], [ -35.44870637899993, -8.873929457999964, 0.0 ], [ -35.448026371999958, -8.873419453999929, 0.0 ], [ -35.447236364999981, -8.873079451999956, 0.0 ], [ -35.446586357999934, -8.872389447999979, 0.0 ], [ -35.446506356999976, -8.872279446999926, 0.0 ], [ -35.446136352999929, -8.871469440999931, 0.0 ], [ -35.446066351999946, -8.871109437999962, 0.0 ], [ -35.446196352999948, -8.870649433999972, 0.0 ], [ -35.446486354999934, -8.87008942999995, 0.0 ], [ -35.447096358999943, -8.86845941699994, 0.0 ], [ -35.447156359999951, -8.868329414999948, 0.0 ], [ -35.447506362999945, -8.867929411999967, 0.0 ], [ -35.447536362999983, -8.867819410999971, 0.0 ], [ -35.447496361999981, -8.867099405999966, 0.0 ], [ -35.447466360999954, -8.866969404999963, 0.0 ], [ -35.447386360999928, -8.86689940399998, 0.0 ], [ -35.446946355999955, -8.866569401999925, 0.0 ], [ -35.445666342999971, -8.86511939199994, 0.0 ], [ -35.445636342999933, -8.864999390999969, 0.0 ], [ -35.445496340999966, -8.86376938099994, 0.0 ], [ -35.444736331999934, -8.861719365999932, 0.0 ], [ -35.444656330999976, -8.861619364999967, 0.0 ], [ -35.440786293999963, -8.859269350999966, 0.0 ], [ -35.440686292999942, -8.859189349999951, 0.0 ], [ -35.43990628499995, -8.857649338999977, 0.0 ], [ -35.438226267999937, -8.856539331999954, 0.0 ], [ -35.438116266999941, -8.856419330999927, 0.0 ], [ -35.436556250999956, -8.853929312999981, 0.0 ], [ -35.435116236999932, -8.852349301999936, 0.0 ], [ -35.43217620799993, -8.850369288999957, 0.0 ], [ -35.431386200999953, -8.850029286999927, 0.0 ], [ -35.431046196999944, -8.84979928499996, 0.0 ], [ -35.430416190999949, -8.849519283999939, 0.0 ], [ -35.430326190999949, -8.849449282999956, 0.0 ], [ -35.430026187999943, -8.849059280999938, 0.0 ], [ -35.429976186999966, -8.848959279999974, 0.0 ], [ -35.429876184999955, -8.848099272999946, 0.0 ], [ -35.428826174999983, -8.846669262999967, 0.0 ], [ -35.428336168999977, -8.845289252999976, 0.0 ], [ -35.428276167999968, -8.845199251999929, 0.0 ], [ -35.425906144999942, -8.84312923799996, 0.0 ], [ -35.425836143999959, -8.843019236999965, 0.0 ], [ -35.425166135999973, -8.840499217999934, 0.0 ], [ -35.424366127999974, -8.83941920999996, 0.0 ], [ -35.424326126999972, -8.839349209999966, 0.0 ], [ -35.424266126999953, -8.839229208999939, 0.0 ], [ -35.424166125999932, -8.838989206999941, 0.0 ], [ -35.423965190800168, -8.838476825128916, 0.0 ] ] ] } },
{ "type": "Feature", "properties": { "OBJECTID": 737, "Nome_Dut_1": "Carmópolis-Pilar", "Ini_Ctc_Mn": null, "Ini_Oper": "2007", "Categoria": "Dutos Instalados", "Etapa": null, "Cap_MMm3_d": "16", "Ext_Km": "177", "Diam_Pol_m": "26", "Diam_Pol_x": "26", "Traçado": "DECRETO S/Nº, DE 4.3.2005 - DOU 7.3.2005", "ID": 0.0, "CLASSIFIC": "GASODUTO", "TIPO_USO": "TRANSPORTE", "PRODUTOS": "GÁS NATURAL", "UP_DOWN": "DOWNSTREAM", "ORIG_DUTO": "Carmópolis (SE)", "DEST_DUTO": "Pilar (AL)", "COMPRIM_KM": 0.0, "TIPO_MATER": null, "OPERADOR": null, "MUNIC_ORIG": "CARMÓPOLIS", "MUNIC_DEST": "PILAR", "Shape_Leng": 1.85694596, "Shape_Le_1": 1.85696133436, "ano": 2007, "fontedata": "Original", "id_1": 17, "nome": "Gasoduto", "categori_1": 3, "parent_id": 9 }, "geometry": { "type": "MultiLineString", "coordinates": [ [ [ -36.619015655064239, -10.261051013252739, 0.0 ], [ -36.613222384470987, -10.256692877266293, 0.0 ] ], [ [ -36.613222384470987, -10.256692877266293, 0.0 ], [ -36.613032450820945, -10.256549994819848, 0.0 ] ], [ [ -36.613032450820945, -10.256549994819848, 0.0 ], [ -36.609548191999977, -10.25392887199996, 0.0 ], [ -36.609524941753484, -10.253717297360863, 0.0 ] ], [ [ -36.609524941753484, -10.253717297360863, 0.0 ], [ -36.609448189999966, -10.253018864999945, 0.0 ], [ -36.61909402651461, -10.260946058090683, 0.0 ] ], [ [ -36.619051445410868, -10.261003082767687, 0.0 ], [ -36.613222384470987, -10.256692877266293, 0.0 ] ], [ [ -36.613222384470987, -10.256692877266293, 0.0 ], [ -36.613068226999928, -10.256578887999979, 0.0 ], [ -36.613032450820945, -10.256549994819848, 0.0 ] ], [ [ -36.613032450820945, -10.256549994819848, 0.0 ], [ -36.609524941753484, -10.253717297360863, 0.0 ] ], [ [ -36.609524941753484, -10.253717297360863, 0.0 ], [ -36.598618083999952, -10.244908815999963, 0.0 ], [ -36.596868066999946, -10.243508806999955, 0.0 ], [ -36.599313376283462, -10.245365529263788, 0.0 ] ], [ [ -36.599313376283462, -10.245365529263788, 0.0 ], [ -36.605468150999968, -10.250038846999928, 0.0 ], [ -36.600858105999976, -10.246588825999936, 0.0 ], [ -36.599313376283462, -10.245365529263788, 0.0 ] ], [ [ -36.599313376283462, -10.245365529263788, 0.0 ], [ -36.595908057999964, -10.242668801999969, 0.0 ], [ -36.594758046999971, -10.242218799999932, 0.0 ], [ -36.594078040999932, -10.242178799999976, 0.0 ], [ -36.593258032999984, -10.241748797999946, 0.0 ], [ -36.592698027999973, -10.241858798999942, 0.0 ], [ -36.592398024999966, -10.241858799999932, 0.0 ], [ -36.591708018999952, -10.241638798999929, 0.0 ], [ -36.590908011999943, -10.241738799999951, 0.0 ], [ -36.590538008999943, -10.24182880099994, 0.0 ], [ -36.589217995999945, -10.241328798999973, 0.0 ], [ -36.576537866999956, -10.226708702999929, 0.0 ], [ -36.571877819999941, -10.221648669999979, 0.0 ], [ -36.571707817999936, -10.221548668999958, 0.0 ], [ -36.569097793999958, -10.221128668999938, 0.0 ], [ -36.568827791999979, -10.22097866799993, 0.0 ], [ -36.56857778899996, -10.220388663999927, 0.0 ], [ -36.564167741999938, -10.21376861899995, 0.0 ], [ -36.557867678999969, -10.207398577999982, 0.0 ], [ -36.550517604999982, -10.199948528999926, 0.0 ], [ -36.546887567999931, -10.19630850599998, 0.0 ], [ -36.531597414999965, -10.180778404999955, 0.0 ], [ -36.529727395999942, -10.178878392999934, 0.0 ], [ -36.517500373480786, -10.163902094306057, 0.0 ] ], [ [ -36.517500373480786, -10.163902094306057, 0.0 ], [ -36.517497269999978, -10.163898292999932, 0.0 ], [ -36.51298722599995, -10.160638272999961, 0.0 ], [ -36.517500373480786, -10.163902094306057, 0.0 ] ], [ [ -36.517500373480786, -10.163902094306057, 0.0 ], [ -36.52454733899998, -10.168998323999972, 0.0 ], [ -36.505837155999984, -10.155458241999952, 0.0 ], [ -36.500717108999936, -10.153758233999952, 0.0 ], [ -36.50267712699997, -10.154618238999944, 0.0 ], [ -36.500927110999953, -10.153938235999931, 0.0 ], [ -36.498037082999929, -10.152048223999941, 0.0 ], [ -36.499177092999957, -10.152458225999965, 0.0 ], [ -36.495790128306432, -10.151209350639006, 0.0 ] ], [ [ -36.495790128306432, -10.151209350639006, 0.0 ], [ -36.495790116478219, -10.151209346277588, 0.0 ] ], [ [ -36.495790116478219, -10.151209346277588, 0.0 ], [ -36.495787061999977, -10.151208219999944, 0.0 ], [ -36.487436973999934, -10.139158137999971, 0.0 ], [ -36.495790116478219, -10.151209346277588, 0.0 ] ], [ [ -36.495790116478219, -10.151209346277588, 0.0 ], [ -36.495817061999958, -10.151248220999946, 0.0 ], [ -36.495790128306432, -10.151209350639006, 0.0 ] ], [ [ -36.495790128306432, -10.151209350639006, 0.0 ], [ -36.48516694999995, -10.135878115999958, 0.0 ], [ -36.474687585437849, -10.122152095907071, 0.0 ] ], [ [ -36.474687585437849, -10.122152095907071, 0.0 ], [ -36.474676841999951, -10.12213802399998, 0.0 ], [ -36.47519684699995, -10.122658026999943, 0.0 ], [ -36.474687585437849, -10.122152095907071, 0.0 ] ], [ [ -36.474687585437849, -10.122152095907071, 0.0 ], [ -36.473666830999946, -10.121138016999964, 0.0 ], [ -36.463026726999942, -10.112527962999934, 0.0 ], [ -36.452666626999985, -10.106607929999939, 0.0 ], [ -36.451156610999931, -10.104177912999944, 0.0 ], [ -36.449366592999979, -10.102357900999948, 0.0 ], [ -36.447606575999941, -10.100567888999933, 0.0 ], [ -36.443656537999971, -10.098317876999943, 0.0 ], [ -36.438746487999936, -10.092967840999961, 0.0 ], [ -36.437466469999947, -10.087117798999941, 0.0 ], [ -36.436706459999982, -10.083647772999939, 0.0 ], [ -36.436526457999946, -10.083357770999953, 0.0 ], [ -36.429876394999951, -10.080317754999953, 0.0 ], [ -36.427776374999951, -10.07899774699996, 0.0 ], [ -36.423896335999984, -10.074807719999967, 0.0 ], [ -36.422636323999939, -10.074257716999966, 0.0 ], [ -36.421506312999952, -10.073477711999942, 0.0 ], [ -36.421006306999971, -10.072137702999953, 0.0 ], [ -36.417766274999963, -10.069427685999926, 0.0 ], [ -36.419246288999943, -10.070157689999974, 0.0 ], [ -36.416206259999967, -10.068657680999934, 0.0 ], [ -36.414526242999955, -10.06712767199997, 0.0 ], [ -36.414386241999978, -10.06687766999994, 0.0 ], [ -36.414986238999973, -10.058977609999943, 0.0 ], [ -36.414056226999946, -10.055107581999948, 0.0 ], [ -36.41394622599995, -10.054907579999963, 0.0 ], [ -36.409586182999931, -10.051407557999937, 0.0 ], [ -36.40930617999993, -10.051047555999958, 0.0 ], [ -36.407346160999964, -10.050067550999927, 0.0 ], [ -36.40717615899996, -10.049847548999935, 0.0 ], [ -36.403284862651283, -10.041598430724255, 0.0 ] ], [ [ -36.403284862651283, -10.041598430724255, 0.0 ], [ -36.403256115999966, -10.041537490999929, 0.0 ], [ -36.403504333316434, -10.041986834518857, 0.0 ] ], [ [ -36.403504333316434, -10.041986834518857, 0.0 ], [ -36.40636614899995, -10.047167529999967, 0.0 ], [ -36.404646130999936, -10.044007507999936, 0.0 ], [ -36.403504333316434, -10.041986834518857, 0.0 ] ], [ [ -36.403504333316434, -10.041986834518857, 0.0 ], [ -36.403284862651283, -10.041598430724255, 0.0 ] ], [ [ -36.403284862651283, -10.041598430724255, 0.0 ], [ -36.397046047999936, -10.030557413999929, 0.0 ], [ -36.389455965999957, -10.017277321999927, 0.0 ], [ -36.384195912999985, -10.011467282999945, 0.0 ], [ -36.380185858999937, -9.994067155999971, 0.0 ], [ -36.372753724146456, -9.986138911763323, 0.0 ] ], [ [ -36.372753724146456, -9.986138911763323, 0.0 ], [ -36.372695783999973, -9.986077103999946, 0.0 ], [ -36.378405838999981, -9.990277129999981, 0.0 ], [ -36.372753724146456, -9.986138911763323, 0.0 ] ], [ [ -36.372753724146456, -9.986138911763323, 0.0 ], [ -36.365375711999945, -9.980737070999965, 0.0 ], [ -36.347485540999969, -9.970557011999972, 0.0 ], [ -36.351755578999985, -9.970697008999934, 0.0 ], [ -36.342945498999939, -9.969837010999981, 0.0 ], [ -36.342715496999972, -9.969727010999975, 0.0 ], [ -36.336395431999961, -9.961756956999977, 0.0 ], [ -36.334325409999963, -9.958496933999982, 0.0 ], [ -36.333785404999958, -9.958186931999933, 0.0 ], [ -36.329825364999977, -9.954506908999974, 0.0 ], [ -36.328008799175031, -9.95453589842284, 0.0 ] ], [ [ -36.328008799175031, -9.95453589842284, 0.0 ], [ -36.327945347999957, -9.954536910999934, 0.0 ], [ -36.329535362999934, -9.954396907999978, 0.0 ], [ -36.328008799175031, -9.95453589842284, 0.0 ] ], [ [ -36.328008799175031, -9.95453589842284, 0.0 ], [ -36.322945303999973, -9.954996918999939, 0.0 ], [ -36.321145287999968, -9.954966920999937, 0.0 ], [ -36.317655254999977, -9.953986916999952, 0.0 ], [ -36.312135203999958, -9.951996906999966, 0.0 ], [ -36.311295194999957, -9.951076900999965, 0.0 ], [ -36.303415119999954, -9.946626875999925, 0.0 ], [ -36.303145116999929, -9.946386873999927, 0.0 ], [ -36.294055011999944, -9.923546710999972, 0.0 ], [ -36.285554910999963, -9.900006540999925, 0.0 ], [ -36.285624913999982, -9.902186557999926, 0.0 ], [ -36.280654858999981, -9.891846484999974, 0.0 ], [ -36.285474907999969, -9.897776524999927, 0.0 ], [ -36.278284834999965, -9.888916464999966, 0.0 ], [ -36.27288477899998, -9.88177641599998, 0.0 ], [ -36.27062475699995, -9.879986404999954, 0.0 ], [ -36.269324502492296, -9.878510991856249, 0.0 ] ], [ [ -36.269324502492296, -9.878510991856249, 0.0 ], [ -36.268694736999976, -9.877796389999958, 0.0 ], [ -36.270174751999946, -9.879486401999941, 0.0 ], [ -36.269324502492296, -9.878510991856249, 0.0 ] ], [ [ -36.269324502492296, -9.878510991856249, 0.0 ], [ -36.268204731999958, -9.877226385999961, 0.0 ], [ -36.267114720999984, -9.87596637799993, 0.0 ], [ -36.266974719999951, -9.875836376999928, 0.0 ], [ -36.266774717999965, -9.875726375999932, 0.0 ], [ -36.266584715999954, -9.875686375999976, 0.0 ], [ -36.253104591999943, -9.873526372999947, 0.0 ], [ -36.252964590999966, -9.873486372999935, 0.0 ], [ -36.252834589999964, -9.873396372999935, 0.0 ], [ -36.248664547999965, -9.869276345999936, 0.0 ], [ -36.246834529999944, -9.867416332999937, 0.0 ], [ -36.24463450199994, -9.859826277999957, 0.0 ], [ -36.240664455999934, -9.849156200999971, 0.0 ], [ -36.240444452999952, -9.848926199999937, 0.0 ], [ -36.235014399999955, -9.844776173999946, 0.0 ], [ -36.233144381999978, -9.843336164999926, 0.0 ], [ -36.230944360999956, -9.842286158999968, 0.0 ], [ -36.230734358999939, -9.842146157999935, 0.0 ], [ -36.217054222999934, -9.829326074999926, 0.0 ], [ -36.216914221999957, -9.829226073999962, 0.0 ], [ -36.216724219999946, -9.829146073999937, 0.0 ], [ -36.212434180999935, -9.828766074999976, 0.0 ], [ -36.212284178999937, -9.828706074999957, 0.0 ], [ -36.209394150999969, -9.826106057999937, 0.0 ], [ -36.20466410399996, -9.821856029999935, 0.0 ], [ -36.201404072999935, -9.82013601999995, 0.0 ], [ -36.200184060999959, -9.819666017999964, 0.0 ], [ -36.200044059999982, -9.819626017999951, 0.0 ], [ -36.19858404699994, -9.819646018999947, 0.0 ], [ -36.19713403399993, -9.819626020999976, 0.0 ], [ -36.196964031999983, -9.81960602099997, 0.0 ], [ -36.196844030999955, -9.81953601999993, 0.0 ], [ -36.175673822999954, -9.80217590999996, 0.0 ], [ -36.175483820999943, -9.801995907999981, 0.0 ], [ -36.175393819999954, -9.801725906999934, 0.0 ], [ -36.175573818999965, -9.798805883999933, 0.0 ], [ -36.175573817999975, -9.798425880999957, 0.0 ], [ -36.175353815999983, -9.798075878999953, 0.0 ], [ -36.152243594999959, -9.785085802999959, 0.0 ], [ -36.151093582999977, -9.78386579499994, 0.0 ], [ -36.149173562999977, -9.780605771999944, 0.0 ], [ -36.147753546999979, -9.778215754999962, 0.0 ], [ -36.147123540999985, -9.777735751999955, 0.0 ], [ -36.145043518999955, -9.773885724999957, 0.0 ], [ -36.142611127785941, -9.768024086322567, 0.0 ] ], [ [ -36.142611127785941, -9.768024086322567, 0.0 ], [ -36.142603490999932, -9.768005682999956, 0.0 ], [ -36.142663493999976, -9.770275699999956, 0.0 ], [ -36.142611127785941, -9.768024086322567, 0.0 ] ], [ [ -36.142611127785941, -9.768024086322567, 0.0 ], [ -36.142603489999942, -9.767695680999964, 0.0 ], [ -36.142313486999967, -9.766855673999942, 0.0 ], [ -36.142223484999931, -9.766035667999972, 0.0 ], [ -36.141993482999965, -9.765515664999953, 0.0 ], [ -36.14191348199995, -9.765175661999933, 0.0 ], [ -36.141523477999954, -9.764735658999939, 0.0 ], [ -36.140743470999951, -9.764615658999958, 0.0 ], [ -36.140113463999967, -9.764205656999934, 0.0 ], [ -36.139883460999954, -9.76296564699993, 0.0 ], [ -36.139473456999951, -9.76250564399993, 0.0 ], [ -36.139403455999968, -9.762285642999927, 0.0 ], [ -36.13933345199996, -9.758325612999954, 0.0 ], [ -36.14033345799993, -9.755765591999932, 0.0 ], [ -36.11736323699995, -9.74192550999993, 0.0 ], [ -36.114723211999944, -9.740785503999973, 0.0 ], [ -36.114353208999944, -9.740625502999933, 0.0 ], [ -36.111953184999948, -9.738465488999964, 0.0 ], [ -36.08189046320571, -9.708393133212274, 0.0 ] ], [ [ -36.08189046320571, -9.708393133212274, 0.0 ], [ -36.081072875999951, -9.707575283999972, 0.0 ], [ -36.10614312499996, -9.730995437999979, 0.0 ], [ -36.08189046320571, -9.708393133212274, 0.0 ] ], [ [ -36.08189046320571, -9.708393133212274, 0.0 ], [ -36.076162826999962, -9.703055253999935, 0.0 ], [ -36.074602811999966, -9.701945246999969, 0.0 ], [ -36.072362789999943, -9.699945233999927, 0.0 ], [ -36.072102786999949, -9.699775232999968, 0.0 ], [ -36.070422771999972, -9.699245230999963, 0.0 ], [ -36.069142758999931, -9.698305224999956, 0.0 ], [ -36.064862715999936, -9.693855194999969, 0.0 ], [ -36.062202689999936, -9.691965183999969, 0.0 ], [ -36.056952639999963, -9.688715163999973, 0.0 ], [ -36.055922627999962, -9.686145144999955, 0.0 ], [ -36.038932459999955, -9.671635050999953, 0.0 ], [ -36.03876245899994, -9.671485049999944, 0.0 ], [ -36.020012276999978, -9.658444968999959, 0.0 ], [ -36.016002237999942, -9.656184955999947, 0.0 ], [ -36.015202229999943, -9.655344949999972, 0.0 ], [ -36.011282190999964, -9.651234922999947, 0.0 ], [ -36.010232179999946, -9.650164915999937, 0.0 ], [ -36.010002177999979, -9.649994914999979, 0.0 ], [ -36.009892176999983, -9.649724912999943, 0.0 ], [ -36.006012135999981, -9.643934871999932, 0.0 ], [ -36.00482212299994, -9.641684855999927, 0.0 ], [ -36.004922122999972, -9.640294845999961, 0.0 ], [ -36.004422115999944, -9.638084828999979, 0.0 ], [ -36.004242113999965, -9.637874827999951, 0.0 ], [ -36.004082112999981, -9.637754826999981, 0.0 ], [ -36.003652107999983, -9.637494824999976, 0.0 ], [ -36.002972101999944, -9.637144822999971, 0.0 ], [ -36.002532097999961, -9.636644819999958, 0.0 ], [ -36.001912090999951, -9.635914814999978, 0.0 ], [ -36.001282084999957, -9.635194809999973, 0.0 ], [ -36.001182083999936, -9.634944807999943, 0.0 ], [ -36.001202083999942, -9.634924807999937, 0.0 ], [ -35.995422017999942, -9.620964706999928, 0.0 ], [ -35.987661940999942, -9.614174662999972, 0.0 ], [ -35.981621881999956, -9.608874627999967, 0.0 ], [ -35.981491879999965, -9.608714626999927, 0.0 ], [ -35.980171865999978, -9.606744613999979, 0.0 ], [ -35.975131813999951, -9.599224560999971, 0.0 ], [ -35.969441753999945, -9.59074450199995, 0.0 ], [ -35.969181750999951, -9.590464499999939, 0.0 ], [ -35.969201750999957, -9.589804494999953, 0.0 ], [ -35.957851642999969, -9.584534464999933, 0.0 ], [ -35.954261611999982, -9.585174473999928, 0.0 ], [ -35.948241562999954, -9.590654520999976, 0.0 ], [ -35.910461221999981, -9.591804565999951, 0.0 ], [ -35.910291220999966, -9.592434570999956, 0.0 ], [ -35.906181189999984, -9.598734622999928, 0.0 ], [ -35.908271216999935, -9.606404679999969, 0.0 ], [ -35.908271216999935, -9.606644681999967, 0.0 ], [ -35.907931214999962, -9.607634689999941, 0.0 ], [ -35.907541211999956, -9.608444695999935, 0.0 ], [ -35.907491211999968, -9.608484695999948, 0.0 ], [ -35.907351209999945, -9.608494696999969, 0.0 ] ] ] } }
]
}
