{
"type": "FeatureCollection",
"name": "Linhas_de_Transmissao",
"crs": { "type": "name", "properties": { "name": "urn:ogc:def:crs:OGC:1.3:CRS84" } },
"features": [
{ "type": "Feature", "properties": { "OBJECTID": 1.0, "Nome": "LT 230 kV Nossa Senhora do Socorro - Penedo, C2", "Concession": "ETENE - Empresa Transmissora de Energia do Nordeste SA", "Tensao": 230.0, "Extensao": 112.83610063, "Ano_Opera": 2021, "Shape_Leng": 0.0281249326234, "LARGURA": 35.0, "TIPO": "Servidao_administrativa", "CLASSE": "Linhas_transmissao_energia", "FONTE": "SIGSEB", "Shape_Le_1": 0.074047623191231995 }, "geometry": { "type": "MultiLineString", "coordinates": [ [ [ -36.616960337449598, -10.264979650390501 ], [ -36.595036542302523, -10.253242431992589 ], [ -36.591989528593842, -10.252091943688185 ], [ -36.591979224161832, -10.25208805322103 ] ], [ [ -36.591979224161832, -10.25208805322103 ], [ -36.591968209265417, -10.252088733108508 ] ], [ [ -36.591979224161832, -10.25208805322103 ], [ -36.591968911635945, -10.252084159156595 ], [ -36.581484321144444, -10.248125401066375 ], [ -36.570428948936808, -10.248201741816899 ], [ -36.558637801793054, -10.247681533475941 ], [ -36.558628535178684, -10.247681124284384 ] ], [ [ -36.591990236360289, -10.252087374232872 ], [ -36.591979224161832, -10.25208805322103 ] ], [ [ -36.558636396152735, -10.247685995012603 ], [ -36.558628535178684, -10.247681124284384 ] ], [ [ -36.558628535178684, -10.247681124284384 ], [ -36.55861927216165, -10.247680715992203 ], [ -36.558042268036218, -10.247655258883071 ], [ -36.556643145065038, -10.24677961688576 ], [ -36.556310020890692, -10.243524514444744 ], [ -36.558622856859301, -10.241754195399778 ], [ -36.560721719831463, -10.242057889260138 ], [ -36.560729045708854, -10.242058949560828 ] ], [ [ -36.558628535178684, -10.247681124284384 ], [ -36.55862067240605, -10.247676251757582 ] ], [ [ -36.56073415385805, -10.242064256460196 ], [ -36.560729045708854, -10.242058949560828 ] ], [ [ -36.560729045708854, -10.242058949560828 ], [ -36.560736371586245, -10.242060009861518 ], [ -36.561582906126148, -10.242182498423517 ], [ -36.561925699811127, -10.242285011244235 ] ], [ [ -36.560729045708854, -10.242058949560828 ], [ -36.560723935760961, -10.242053640862764 ] ] ] } },
{ "type": "Feature", "properties": { "OBJECTID": 2.0, "Nome": "LT 230 kV Nossa Senhora do Socorro - Penedo, C1", "Concession": "CHESF - CHESF - Companhia Hidro Elétrica do São Francisco", "Tensao": 230.0, "Extensao": 112.35932, "Ano_Opera": 2019, "Shape_Leng": 0.029027401866700001, "LARGURA": 35.0, "TIPO": "Servidao_administrativa", "CLASSE": "Linhas_transmissao_energia", "FONTE": "SIGSEB", "Shape_Le_1": 0.074796680921356995 }, "geometry": { "type": "MultiLineString", "coordinates": [ [ [ -36.617382170750545, -10.264513999421467 ], [ -36.614399633036612, -10.261714123907666 ], [ -36.607607314425991, -10.257997554143742 ], [ -36.601035380078656, -10.254447287012624 ], [ -36.596247006394208, -10.251824785685244 ], [ -36.591990236360289, -10.252087374232872 ], [ -36.591979224161832, -10.25208805322103 ] ], [ [ -36.591989528593842, -10.252091943688185 ], [ -36.591979224161832, -10.25208805322103 ] ], [ [ -36.591979224161832, -10.25208805322103 ], [ -36.591968209265417, -10.252088733108508 ], [ -36.590674110921441, -10.252168562329246 ], [ -36.58656772282211, -10.252191976178722 ], [ -36.575099407111907, -10.252363763776657 ], [ -36.566381536578604, -10.25248528017147 ], [ -36.558636396152735, -10.247685995012603 ], [ -36.558628535178684, -10.247681124284384 ] ], [ [ -36.591979224161832, -10.25208805322103 ], [ -36.591968911635945, -10.252084159156595 ] ], [ [ -36.558637801793054, -10.247681533475941 ], [ -36.558628535178684, -10.247681124284384 ] ], [ [ -36.558628535178684, -10.247681124284384 ], [ -36.55861927216165, -10.247680715992203 ] ], [ [ -36.558628535178684, -10.247681124284384 ], [ -36.55862067240605, -10.247676251757582 ], [ -36.55680332960992, -10.246550133281971 ], [ -36.556547661345462, -10.243719965004345 ], [ -36.558669995723676, -10.242145585750109 ], [ -36.561939085320489, -10.242935027729288 ] ] ] } },
{ "type": "Feature", "properties": { "OBJECTID": 3.0, "Nome": "LT 230 kV Arapiraca III - Penedo C1", "Concession": "CHESF - CHESF - Companhia Hidro Elétrica do São Francisco", "Tensao": 230.0, "Extensao": 91.29919737, "Ano_Opera": 2013, "Shape_Leng": 0.0014884569633800001, "LARGURA": 35.0, "TIPO": "Servidao_administrativa", "CLASSE": "Linhas_transmissao_energia", "FONTE": "SIGSEB", "Shape_Le_1": 0.81584574191225401 }, "geometry": { "type": "MultiLineString", "coordinates": [ [ [ -36.561991775699823, -10.242768226872101 ], [ -36.561173675924351, -10.242520872839975 ], [ -36.56073415385805, -10.242064256460196 ], [ -36.560729045708854, -10.242058949560828 ] ], [ [ -36.560729045708854, -10.242058949560828 ], [ -36.560736371586245, -10.242060009861518 ] ], [ [ -36.560729045708854, -10.242058949560828 ], [ -36.560723935760961, -10.242053640862764 ], [ -36.557940087964653, -10.239161519188713 ], [ -36.555258367179874, -10.236335655066398 ], [ -36.548202338567023, -10.23163764436174 ], [ -36.542449500444036, -10.227855847669161 ], [ -36.537146379102069, -10.224343397929431 ], [ -36.531042068836371, -10.220256867760213 ], [ -36.525317176246631, -10.21644545099673 ], [ -36.518996319124767, -10.212117648010974 ], [ -36.515986719011835, -10.210114155443875 ], [ -36.512148658933427, -10.205502583077703 ], [ -36.508624562073862, -10.201329256639838 ], [ -36.505034766141478, -10.197018991333323 ], [ -36.49936262868232, -10.190230219648868 ], [ -36.493003550373487, -10.182588464386072 ], [ -36.489805024282418, -10.17880613079825 ], [ -36.485047498243432, -10.173155294681067 ], [ -36.47900886726535, -10.165828185222551 ], [ -36.473990050400459, -10.159847107258145 ], [ -36.464116915263389, -10.147996667811924 ], [ -36.459305608866714, -10.142227796575526 ], [ -36.454169148986978, -10.136078710863785 ], [ -36.450016944926006, -10.131044208023752 ], [ -36.441975359175444, -10.121617743663876 ], [ -36.433589226961203, -10.113753000600468 ], [ -36.42900888715036, -10.109416469694281 ], [ -36.424131720702292, -10.104871217832397 ], [ -36.419201782036566, -10.100230210655639 ], [ -36.413210295318834, -10.094579019306252 ], [ -36.405855031684325, -10.08761956978725 ], [ -36.39920699490682, -10.08141102000252 ], [ -36.394059076764961, -10.076524219117346 ], [ -36.388317604273993, -10.071166237331965 ], [ -36.382914933377435, -10.066074457570096 ], [ -36.377603367401434, -10.061047279708134 ], [ -36.374440878044027, -10.058322533558055 ], [ -36.371760778736927, -10.055603874918859 ], [ -36.36609617579785, -10.050260847060372 ], [ -36.360141420989748, -10.044602203029228 ], [ -36.353562290267462, -10.038480500774426 ], [ -36.348632891194939, -10.033758691310481 ], [ -36.343741054106317, -10.029551857931835 ], [ -36.341546616583059, -10.027395127183354 ], [ -36.335487416311196, -10.02144985212891 ], [ -36.330803080697592, -10.015118666293347 ], [ -36.328115265207259, -10.011605335218007 ], [ -36.321718288568093, -10.00152819696865 ], [ -36.316898389149287, -9.993910092976364 ], [ -36.314684305036621, -9.990439092989675 ], [ -36.309876323433514, -9.982858064448067 ], [ -36.305771388638618, -9.976406262439014 ], [ -36.302650265397403, -9.971510567258804 ], [ -36.298764487291237, -9.965351171719135 ], [ -36.296607339257264, -9.962067562567938 ], [ -36.29274828090837, -9.955991893910721 ], [ -36.291878080708841, -9.954426818143077 ], [ -36.2931500332474, -9.954925067737634 ], [ -36.30521142216935, -9.946726579967617 ], [ -36.318926917043541, -9.941510071432617 ], [ -36.332258292586118, -9.936427425185457 ], [ -36.346354625165759, -9.93104454836714 ], [ -36.357653476226915, -9.926747748609671 ], [ -36.370845796796061, -9.921686665407265 ], [ -36.397092984653455, -9.911665321996963 ], [ -36.40282990477624, -9.909435014114536 ], [ -36.417509271435677, -9.903874139879633 ], [ -36.429512256585326, -9.900264940174793 ], [ -36.432963572211065, -9.899126122372593 ], [ -36.442185376054226, -9.893136895651139 ], [ -36.450772028306403, -9.88776143644111 ], [ -36.458363849611942, -9.882885378857111 ], [ -36.464245367229864, -9.879153725663855 ], [ -36.467818103922298, -9.876840159445749 ], [ -36.475984484096614, -9.87549866503133 ], [ -36.484698572980733, -9.874055374555837 ], [ -36.491909989154635, -9.872865575985486 ], [ -36.499181722858168, -9.871659985320036 ], [ -36.506389542643262, -9.870471256043572 ], [ -36.510781926844402, -9.869739796054716 ], [ -36.518734239593414, -9.868435034449249 ], [ -36.522125430144456, -9.867322588366733 ], [ -36.534419393640064, -9.863214996075158 ], [ -36.54164444173756, -9.860794563418324 ], [ -36.554030875324599, -9.856699611098122 ], [ -36.562648484939587, -9.853842036880451 ], [ -36.574881925860154, -9.849750047826376 ], [ -36.578896807041986, -9.848444103612451 ], [ -36.589510969155867, -9.84755989017674 ], [ -36.596284239226236, -9.847029442154962 ], [ -36.608376896676418, -9.846070286414545 ], [ -36.613445298561658, -9.845651607035961 ], [ -36.61665959966075, -9.844082513996796 ], [ -36.625991746721695, -9.839496510255685 ], [ -36.628111421804647, -9.837169486582468 ], [ -36.631933723962163, -9.834245444371732 ], [ -36.634466480143885, -9.834269884347634 ], [ -36.637709867116655, -9.829751499731856 ], [ -36.639674187014066, -9.826976780054338 ], [ -36.641874212924563, -9.818749746903222 ], [ -36.643784478171085, -9.811498791136273 ], [ -36.645628217867909, -9.804395469874976 ], [ -36.64812286258001, -9.795035960940822 ], [ -36.649051828079337, -9.791330258584537 ], [ -36.649736466664535, -9.788824444292629 ], [ -36.649738966779864, -9.787442165623418 ] ], [ [ -36.560721719831463, -10.242057889260138 ], [ -36.560729045708854, -10.242058949560828 ] ] ] } },
{ "type": "Feature", "properties": { "OBJECTID": 4.0, "Nome": "LT 230 kV Arapiraca III - Rio Largo II C1", "Concession": "CHESF - CHESF - Companhia Hidro Elétrica do São Francisco", "Tensao": 230.0, "Extensao": 127.11229579, "Ano_Opera": 2013, "Shape_Leng": 1.12220473826, "LARGURA": 35.0, "TIPO": "Servidao_administrativa", "CLASSE": "Linhas_transmissao_energia", "FONTE": "SIGSEB", "Shape_Le_1": 1.1334339461895431 }, "geometry": { "type": "MultiLineString", "coordinates": [ [ [ -36.649594923267045, -9.787423439040424 ], [ -36.649649355633187, -9.788798953908554 ], [ -36.648958116024176, -9.79129212103453 ], [ -36.647997723715946, -9.794989717801172 ], [ -36.646629160607233, -9.800110537571186 ], [ -36.644290112098929, -9.809046481110158 ], [ -36.642706193735819, -9.815057373399043 ], [ -36.640443363670272, -9.823595604353613 ], [ -36.639561594591896, -9.826915617161944 ], [ -36.634397485055842, -9.834135941120735 ], [ -36.631885248705203, -9.834104024181329 ], [ -36.628009480053436, -9.837059897895926 ], [ -36.62588530476296, -9.839399629888987 ], [ -36.616601129338619, -9.843961479638551 ], [ -36.613404618628181, -9.845544360184022 ], [ -36.608337191608086, -9.845932146051666 ], [ -36.596267239341557, -9.846891764043619 ], [ -36.589479234778821, -9.847443890223303 ], [ -36.578884676986206, -9.848284668202837 ], [ -36.566816291338739, -9.852309887091565 ], [ -36.557984522567608, -9.855239107598663 ], [ -36.549863815362755, -9.857928319736118 ], [ -36.541604503744793, -9.860686335406001 ], [ -36.53437552471064, -9.863115977120628 ], [ -36.522058242693674, -9.867206213396003 ], [ -36.518709698893474, -9.868313484779435 ], [ -36.51075128514367, -9.869628247745368 ], [ -36.50254443997386, -9.870977256894832 ], [ -36.491887533982492, -9.872739456860415 ], [ -36.480386782424034, -9.874656062327347 ], [ -36.471908602799715, -9.87604027274034 ], [ -36.467765794855495, -9.876719669177362 ], [ -36.460787359748792, -9.88117744937972 ], [ -36.453263341030322, -9.885947029931458 ], [ -36.444938933784726, -9.891228906588708 ], [ -36.44200885172711, -9.893034981778953 ], [ -36.43288029139228, -9.899007149260456 ], [ -36.429412725017187, -9.900108335830964 ], [ -36.417339022577778, -9.903746722133462 ], [ -36.402654152966761, -9.90929172333432 ], [ -36.397038277994113, -9.91150786689451 ], [ -36.370746687009955, -9.921493416387989 ], [ -36.357510365311043, -9.926580308334508 ], [ -36.346160437254355, -9.930899201736736 ], [ -36.332184451950866, -9.936237994687644 ], [ -36.318843684788192, -9.941307911031231 ], [ -36.305058818010025, -9.946577333876803 ], [ -36.293134001932572, -9.954826254727834 ], [ -36.291862050293332, -9.954328005133277 ], [ -36.286769318149481, -9.946538744867155 ], [ -36.282716678931536, -9.940231751693943 ], [ -36.274669576739541, -9.927492600403127 ], [ -36.27021113373678, -9.920517639377522 ], [ -36.264209993696227, -9.911047282705908 ], [ -36.262130985056899, -9.907816786615342 ], [ -36.254626257695577, -9.904790394361157 ], [ -36.239934260957341, -9.899004840700798 ], [ -36.225564966150216, -9.893323917764519 ], [ -36.211616043245783, -9.887756895764085 ], [ -36.202630895099674, -9.884188644890003 ], [ -36.197180311921841, -9.87736622776913 ], [ -36.195068060742358, -9.874751494785585 ], [ -36.191054648153454, -9.869463492845853 ], [ -36.183464720820155, -9.859623800797749 ], [ -36.179275799238724, -9.854021355401187 ], [ -36.177260646961258, -9.848239121138477 ], [ -36.170087251425457, -9.84082799971236 ], [ -36.165982597219056, -9.836568941803193 ], [ -36.158051612791667, -9.826085890051729 ], [ -36.152105543635912, -9.81791966995678 ], [ -36.144966432055128, -9.808292129777897 ], [ -36.138433714444318, -9.799533731296606 ], [ -36.133016262290653, -9.792133870281816 ], [ -36.128132093721092, -9.785455377963274 ], [ -36.121948784308927, -9.777079678784105 ], [ -36.115625168966346, -9.768610653358905 ], [ -36.110577940719338, -9.761715653754379 ], [ -36.114419045002876, -9.751841567134591 ], [ -36.117830615990101, -9.743038395905216 ], [ -36.121684648028065, -9.733242049381033 ], [ -36.125723371136644, -9.723095882768746 ], [ -36.129600122747433, -9.713144306064805 ], [ -36.124446894108814, -9.703306654578398 ], [ -36.11925646861107, -9.693588862935655 ], [ -36.115701283087674, -9.686907009850586 ], [ -36.113123797325329, -9.682050675298399 ], [ -36.102286704967412, -9.672751570228741 ], [ -36.092435994425557, -9.664339863993462 ], [ -36.082571033226543, -9.655857596950511 ], [ -36.079772978839856, -9.653397641787706 ], [ -36.072905550650603, -9.646667612919941 ], [ -36.063524145922543, -9.637465325264486 ], [ -36.053696908585437, -9.627745395033912 ], [ -36.0507047724073, -9.624788936759956 ], [ -36.041911316553978, -9.617508165769209 ], [ -36.030689794598288, -9.608100292194706 ], [ -36.02045447279562, -9.599540907386938 ], [ -36.011153962085643, -9.59169227118133 ], [ -36.003500217960664, -9.585200880116474 ], [ -35.992867475853302, -9.57632351841562 ], [ -35.984187343571023, -9.569265063431885 ], [ -35.97864952705396, -9.56078709784623 ], [ -35.971738648120095, -9.550182044066048 ], [ -35.965574106659631, -9.540645151052843 ], [ -35.962123696651247, -9.53537886504256 ], [ -35.960072100247203, -9.532963935337307 ], [ -35.952684362992898, -9.524351595749522 ], [ -35.946289266836175, -9.516839634241705 ], [ -35.943075848871274, -9.513153716071088 ], [ -35.940130918107343, -9.511591614361464 ], [ -35.924889864575562, -9.50629439886734 ], [ -35.916903947758954, -9.500602815367586 ], [ -35.914224413226066, -9.498683955300237 ], [ -35.90353310007248, -9.49463923191496 ], [ -35.89670034434539, -9.492019738819863 ], [ -35.882663152982104, -9.486685443378462 ], [ -35.879717897562898, -9.485565129127338 ], [ -35.870584953033131, -9.489344220659234 ], [ -35.857289328239858, -9.49478322506576 ], [ -35.852585084334123, -9.496724952194768 ], [ -35.848407283769063, -9.498527803315426 ], [ -35.848400678248652, -9.498530654166302 ] ], [ [ -35.848272143544534, -9.498586120752805 ], [ -35.848268908683167, -9.498592445684778 ] ], [ [ -35.848272143544534, -9.498586120752805 ], [ -35.84826559288274, -9.498588947321991 ], [ -35.847300908110356, -9.499005239000553 ], [ -35.844426426638222, -9.500931826042915 ], [ -35.841364360077137, -9.502916405867381 ], [ -35.839140004807348, -9.502991065785011 ], [ -35.838481217234346, -9.503041556422659 ] ], [ [ -35.848275379305278, -9.498579794921568 ], [ -35.848272143544534, -9.498586120752805 ] ], [ [ -35.848400678248652, -9.498530654166302 ], [ -35.848397373240118, -9.498537008775884 ] ], [ [ -35.848400678248652, -9.498530654166302 ], [ -35.84839407272824, -9.498533505017178 ], [ -35.848278695105648, -9.498583293284298 ], [ -35.848272143544534, -9.498586120752805 ] ], [ [ -35.848403984156505, -9.498524296858761 ], [ -35.848400678248652, -9.498530654166302 ] ] ] } },
{ "type": "Feature", "properties": { "OBJECTID": 5.0, "Nome": "LT 500 kV Xingó - Messias C1", "Concession": "CHESF - CHESF - Companhia Hidro Elétrica do São Francisco", "Tensao": 500.0, "Extensao": 219.2745656, "Ano_Opera": 0, "Shape_Leng": 1.8759396233800001, "LARGURA": 60.0, "TIPO": "Servidao_administrativa", "CLASSE": "Linhas_transmissao_energia", "FONTE": "SIGSEB", "Shape_Le_1": 1.876946834856225 }, "geometry": { "type": "MultiLineString", "coordinates": [ [ [ -37.69849791734498, -9.638970557445248 ], [ -37.694344374193463, -9.636827547653184 ], [ -37.689083333029373, -9.63613888909839 ], [ -37.668658092596843, -9.633746145668056 ], [ -37.659805555781759, -9.632833332891948 ], [ -37.651250000287234, -9.631833332642145 ], [ -37.632085776637211, -9.629617780835872 ], [ -37.617178454322186, -9.627952158165499 ], [ -37.60236111097646, -9.626305556156467 ], [ -37.596722222352639, -9.625694444343083 ], [ -37.579611111363647, -9.623750000362179 ], [ -37.570862244796729, -9.622705445899555 ], [ -37.553777778021981, -9.620833332592156 ], [ -37.549173457788811, -9.620254601768409 ], [ -37.536999999850082, -9.618888888611252 ], [ -37.526861110551749, -9.617805556281326 ], [ -37.437499999725162, -9.607555555744284 ], [ -37.431944444080784, -9.606888889210836 ], [ -37.414330391734154, -9.604672483048603 ], [ -37.375722648281567, -9.600374204805632 ], [ -37.370690087977152, -9.599862620963165 ], [ -37.36157675226525, -9.599029809178319 ], [ -37.347752084191313, -9.597495056751427 ], [ -37.327705124691704, -9.595163184833041 ], [ -37.303339443560446, -9.592248346284123 ], [ -37.299305556106503, -9.591888889060954 ], [ -37.284410832393974, -9.590118728296602 ], [ -37.268456546332516, -9.588191365139323 ], [ -37.251110275218991, -9.585954671171066 ], [ -37.229671331566635, -9.583587107858705 ], [ -37.216048917423564, -9.582004766007117 ], [ -37.206661944093412, -9.581017289716101 ], [ -37.115326333043811, -9.570262125596571 ], [ -37.061217390070453, -9.563920861958138 ], [ -37.009749648027764, -9.557817545443299 ], [ -37.000504207303266, -9.556661512818494 ], [ -36.990999494730829, -9.555616542869132 ], [ -36.976948777563962, -9.554010406754799 ], [ -36.963076520964648, -9.552273401296361 ], [ -36.953939390090738, -9.551131258700593 ], [ -36.938211153122154, -9.549168204149282 ], [ -36.92382731088162, -9.547395506397436 ], [ -36.91358373240331, -9.547252738123291 ], [ -36.899283170981505, -9.545468142340837 ], [ -36.865258205401801, -9.541120383398948 ], [ -36.84957755695865, -9.53909784139222 ], [ -36.828923835666444, -9.53648043382492 ], [ -36.810149888106821, -9.534053383057142 ], [ -36.785903180986963, -9.530864905990597 ], [ -36.757004627161791, -9.527212432707529 ], [ -36.728582591713177, -9.523780813133953 ], [ -36.707583222287838, -9.521002040211954 ], [ -36.69345245556633, -9.519332840038487 ], [ -36.678791742644762, -9.517420950616327 ], [ -36.660196255652636, -9.514982002717204 ], [ -36.641422308093013, -9.512602542273441 ], [ -36.627276412976016, -9.510841740753676 ], [ -36.605397269168577, -9.508426588016562 ], [ -36.547148063332429, -9.500681443094095 ], [ -36.517821205584141, -9.497147942923164 ], [ -36.497772548164505, -9.494842749393342 ], [ -36.449590161756532, -9.489081570058374 ], [ -36.432124918430191, -9.486821081827429 ], [ -36.413767376762962, -9.48445351941433 ], [ -36.394422358804775, -9.48193128979716 ], [ -36.374006582837467, -9.479242499441739 ], [ -36.354816230284769, -9.476791654411272 ], [ -36.331902020761618, -9.473805431275593 ], [ -36.300647799856051, -9.470450390772896 ], [ -36.271237662188298, -9.467285707968983 ], [ -36.236426147748489, -9.463585646160595 ], [ -36.228276494064914, -9.462729040113061 ], [ -36.213155018888983, -9.464358969590705 ], [ -36.203601483021998, -9.465334548750377 ], [ -36.191085518282023, -9.464811067776509 ], [ -36.17420324158627, -9.464109127134464 ], [ -36.154644072565873, -9.463216828793577 ], [ -36.134287784053924, -9.46232453135201 ], [ -36.11894026068444, -9.457732172101998 ], [ -36.089006641143555, -9.448761603764979 ], [ -35.969935233124488, -9.412688532050083 ], [ -35.961044744918979, -9.407924699065575 ], [ -35.952788756296002, -9.407493950785181 ], [ -35.948625579606755, -9.406232703776197 ], [ -35.925009430340879, -9.399106217777671 ], [ -35.912457773307551, -9.395287182857146 ], [ -35.897050763381969, -9.396548297665731 ], [ -35.89104262391794, -9.396250864885474 ], [ -35.884903614210373, -9.397547671088091 ], [ -35.873517894035558, -9.398523250247763 ], [ -35.862941188684886, -9.3993203697392 ], [ -35.855541065967373, -9.399915235299829 ], [ -35.851519777115982, -9.399106217777671 ], [ -35.84596373493838, -9.400605278810531 ], [ -35.844615295959102, -9.400785616263136 ], [ -35.844610783161045, -9.400786219708209 ] ], [ [ -35.844163040391948, -9.400850659730111 ], [ -35.844162425255661, -9.400846182005637 ] ], [ [ -35.844162425255661, -9.400846182005637 ], [ -35.84415791335698, -9.400846785450767 ], [ -35.843643858177472, -9.400915533225259 ] ], [ [ -35.844162425255661, -9.400846182005637 ], [ -35.844161810119374, -9.400841702482523 ] ], [ [ -35.844390152483527, -9.40082028602734 ], [ -35.844389510367591, -9.400815811900145 ] ], [ [ -35.844389510367591, -9.400815811900145 ], [ -35.844384999368174, -9.400816415345219 ], [ -35.844166936255078, -9.400845578560563 ], [ -35.844162425255661, -9.400846182005637 ] ], [ [ -35.844389510367591, -9.400815811900145 ], [ -35.844388868251599, -9.400811335974311 ] ], [ [ -35.844611440565473, -9.400790691137445 ], [ -35.844610783161045, -9.400786219708209 ] ], [ [ -35.844610783161045, -9.400786219708209 ], [ -35.844606272161684, -9.400786823153339 ], [ -35.844394022266272, -9.400815208455072 ], [ -35.844389510367591, -9.400815811900145 ] ], [ [ -35.844610783161045, -9.400786219708209 ], [ -35.844610124857354, -9.400781745581071 ] ] ] } },
{ "type": "Feature", "properties": { "OBJECTID": 6.0, "Nome": "LT 230 kV Rio Largo II - Braskem C1", "Concession": "CHESF - CHESF - Companhia Hidro Elétrica do São Francisco", "Tensao": 230.0, "Extensao": 24.03307078, "Ano_Opera": 0, "Shape_Leng": 0.17680695385, "LARGURA": 35.0, "TIPO": "Servidao_administrativa", "CLASSE": "Linhas_transmissao_energia", "FONTE": "SIGSEB", "Shape_Le_1": 0.20980752824820201 }, "geometry": { "type": "MultiLineString", "coordinates": [ [ [ -35.842954986483392, -9.534976648653355 ], [ -35.842954379441039, -9.534989427120308 ], [ -35.842937759969629, -9.535339266094184 ], [ -35.842257101783787, -9.53936784035352 ], [ -35.840940480818517, -9.545858395948187 ], [ -35.839812060078486, -9.551608976772798 ], [ -35.838476282654256, -9.558274001743712 ], [ -35.837907633230657, -9.561421806071451 ], [ -35.837393912598941, -9.56419989640807 ], [ -35.836286088132397, -9.568795113703516 ], [ -35.835408598927643, -9.573286533946316 ], [ -35.834783765258521, -9.576402585011238 ], [ -35.833301017028248, -9.583616643393327 ], [ -35.831098837241484, -9.594508679831677 ], [ -35.829996380828277, -9.599966693208273 ], [ -35.82866866043031, -9.60663394490058 ], [ -35.826523960812096, -9.617213356311311 ], [ -35.825894695283921, -9.62040499809217 ], [ -35.823901185191517, -9.62246700324954 ], [ -35.817505490086262, -9.629219068205373 ], [ -35.814007505042298, -9.632944149153104 ], [ -35.810125077810028, -9.637040864144524 ], [ -35.808391326098786, -9.638842881593689 ], [ -35.807107173357338, -9.641961290680968 ], [ -35.803763530862227, -9.649794640210416 ], [ -35.800561061243911, -9.657428428379205 ], [ -35.798429384708299, -9.662279692553739 ], [ -35.797101486244571, -9.666912132788639 ], [ -35.793465531708875, -9.668626577854241 ], [ -35.784877712136677, -9.672663692075673 ], [ -35.77484858059745, -9.677301712603935 ], [ -35.768560591897767, -9.680254969291354 ], [ -35.767192821091783, -9.680910351131729 ], [ -35.766694706395526, -9.681733647190015 ] ], [ [ -35.842954986483392, -9.534976648653355 ], [ -35.842949868441622, -9.534988396497226 ] ], [ [ -35.842960102726522, -9.534964906205403 ], [ -35.842954986483392, -9.534976648653355 ] ], [ [ -35.842970900886314, -9.534641648493221 ], [ -35.842970296541921, -9.534654360410343 ], [ -35.842955593525801, -9.534963862991845 ], [ -35.842954986483392, -9.534976648653355 ] ], [ [ -35.842970900886314, -9.534641648493221 ], [ -35.842965785542503, -9.534653325290662 ] ], [ [ -35.842976012632846, -9.534629977991017 ], [ -35.842970900886314, -9.534641648493221 ] ], [ [ -35.837931582176736, -9.5038110676266 ], [ -35.838041891220257, -9.504324155135578 ], [ -35.838409573642878, -9.506045116688711 ], [ -35.838483091421494, -9.508757846997014 ], [ -35.838737486245975, -9.517740114614526 ], [ -35.841119187800246, -9.522450496393219 ], [ -35.843376332351795, -9.52692724779422 ], [ -35.844600743129774, -9.529403767569761 ], [ -35.843050561933865, -9.532964749223765 ], [ -35.842971505230764, -9.534628934777459 ], [ -35.842970900886314, -9.534641648493221 ] ] ] } },
{ "type": "Feature", "properties": { "OBJECTID": 7.0, "Nome": "LT 230 kV Messias - Maceió C2", "Concession": "CHESF - CHESF - Companhia Hidro Elétrica do São Francisco", "Tensao": 230.0, "Extensao": 26.67384351, "Ano_Opera": 2002, "Shape_Leng": 0.075831052739300006, "LARGURA": 35.0, "TIPO": "Servidao_administrativa", "CLASSE": "Linhas_transmissao_energia", "FONTE": "SIGSEB", "Shape_Le_1": 0.23470981410865899 }, "geometry": { "type": "MultiLineString", "coordinates": [ [ [ -35.842954986483392, -9.534976648653355 ], [ -35.842954379441039, -9.534989427120308 ] ], [ [ -35.842954986483392, -9.534976648653355 ], [ -35.842949868441622, -9.534988396497226 ], [ -35.842791135402535, -9.535352724448614 ], [ -35.840950373361011, -9.539482987749636 ], [ -35.839262874681879, -9.544011512221459 ], [ -35.837731304056376, -9.547498404128021 ], [ -35.832505806797485, -9.550689483832571 ], [ -35.826929264573835, -9.554062835431466 ], [ -35.821172749123036, -9.557560390599519 ], [ -35.807425828339262, -9.565893280250634 ], [ -35.804349083943009, -9.570218725213977 ], [ -35.802217963188411, -9.573190348755531 ], [ -35.800393200086091, -9.573999207997019 ], [ -35.794108373402651, -9.573801422797374 ], [ -35.787040801092076, -9.578095324939227 ], [ -35.785877868868511, -9.578678020873895 ] ], [ [ -35.842955593525801, -9.534963862991845 ], [ -35.842954986483392, -9.534976648653355 ] ], [ [ -35.848400678248652, -9.498530654166302 ], [ -35.848397373240118, -9.498537008775884 ], [ -35.847765421437032, -9.499752135852361 ], [ -35.84230465523558, -9.504473393132514 ], [ -35.839351040617998, -9.507004695110538 ], [ -35.839414903275099, -9.509136993977052 ], [ -35.839649709966125, -9.517532269598519 ], [ -35.841016602134459, -9.520818443616236 ], [ -35.845363340345841, -9.529448911737859 ], [ -35.842960102726522, -9.534964906205403 ], [ -35.842954986483392, -9.534976648653355 ] ], [ [ -35.848400678248652, -9.498530654166302 ], [ -35.84839407272824, -9.498533505017178 ] ], [ [ -35.848407283769063, -9.498527803315426 ], [ -35.848400678248652, -9.498530654166302 ] ], [ [ -35.842319183783275, -9.403199425413106 ], [ -35.842489647579157, -9.404582103381301 ], [ -35.843500972991478, -9.408092169917666 ], [ -35.844441570322147, -9.411336182818559 ], [ -35.845574637859215, -9.415146353121656 ], [ -35.846297449967324, -9.42026814236084 ], [ -35.848084848936594, -9.423459046697587 ], [ -35.852830357335051, -9.430249292370888 ], [ -35.863380921192515, -9.445351719006567 ], [ -35.865372507635072, -9.448165057371455 ], [ -35.870069047948164, -9.454862503801451 ], [ -35.871232604301213, -9.463138270314857 ], [ -35.872222460198316, -9.470828687893572 ], [ -35.872907745396105, -9.476053983704332 ], [ -35.869300481931646, -9.487246969272178 ], [ -35.855891535366027, -9.493919872304218 ], [ -35.851527405165598, -9.496070246644535 ], [ -35.848552853431386, -9.498238049846066 ], [ -35.848403984156505, -9.498524296858761 ], [ -35.848400678248652, -9.498530654166302 ] ] ] } },
{ "type": "Feature", "properties": { "OBJECTID": 8.0, "Nome": "LT 230 kV Messias - Maceió C1", "Concession": "CHESF - CHESF - Companhia Hidro Elétrica do São Francisco", "Tensao": 230.0, "Extensao": 26.64822157, "Ano_Opera": 2002, "Shape_Leng": 0.076091752394699994, "LARGURA": 35.0, "TIPO": "Servidao_administrativa", "CLASSE": "Linhas_transmissao_energia", "FONTE": "SIGSEB", "Shape_Le_1": 0.234480029248541 }, "geometry": { "type": "MultiLineString", "coordinates": [ [ [ -35.842970900886314, -9.534641648493221 ], [ -35.842970296541921, -9.534654360410343 ] ], [ [ -35.842970900886314, -9.534641648493221 ], [ -35.842965785542503, -9.534653325290662 ], [ -35.840868335405332, -9.53944146335283 ], [ -35.839165823443977, -9.543957728266491 ], [ -35.837649516112208, -9.547443922299124 ], [ -35.832454396153423, -9.550617491304138 ], [ -35.823102732005452, -9.556302518746179 ], [ -35.807340903559805, -9.565838499846848 ], [ -35.804275075134569, -9.570152276106626 ], [ -35.802145595642685, -9.573124377188208 ], [ -35.800357868420861, -9.573916943412144 ], [ -35.794047305838433, -9.573722588226815 ], [ -35.7869927206375, -9.578021201017577 ], [ -35.785806055305159, -9.578561007384565 ] ], [ [ -35.842971505230764, -9.534628934777459 ], [ -35.842970900886314, -9.534641648493221 ] ], [ [ -35.848272143544534, -9.498586120752805 ], [ -35.848268908683167, -9.498592445684778 ], [ -35.847704608380923, -9.499695662924466 ], [ -35.842255463219033, -9.504417134243283 ], [ -35.839269470309773, -9.506965622265625 ], [ -35.839586502914756, -9.517561041608758 ], [ -35.840924758870472, -9.520838333022596 ], [ -35.845242813205232, -9.529455242065694 ], [ -35.842976012632846, -9.534629977991017 ], [ -35.842970900886314, -9.534641648493221 ] ], [ [ -35.848272143544534, -9.498586120752805 ], [ -35.84826559288274, -9.498588947321991 ] ], [ [ -35.848278695105648, -9.498583293284298 ], [ -35.848272143544534, -9.498586120752805 ] ], [ [ -35.842173893810127, -9.403220539696122 ], [ -35.842416254806267, -9.404621845321856 ], [ -35.84341611925845, -9.408117157580705 ], [ -35.845447300152728, -9.415132035914667 ], [ -35.846181520160997, -9.420288467039086 ], [ -35.848015755822416, -9.423583877094188 ], [ -35.850320898090956, -9.426866954746117 ], [ -35.85882087818095, -9.439046296949016 ], [ -35.863325599396831, -9.445424461569587 ], [ -35.865290835703433, -9.448201152561069 ], [ -35.869926279674019, -9.454926749569779 ], [ -35.871061282552091, -9.463185858840291 ], [ -35.872060656873771, -9.470857241368549 ], [ -35.872745942071504, -9.476034947754613 ], [ -35.869167232082077, -9.487180343897705 ], [ -35.851489723571831, -9.496001902665625 ], [ -35.848483150576897, -9.498173598133008 ], [ -35.848275379305278, -9.498579794921568 ], [ -35.848272143544534, -9.498586120752805 ] ] ] } },
{ "type": "Feature", "properties": { "OBJECTID": 9.0, "Nome": "LT 230 kV Messias - Maceió II, C2 (CD)", "Concession": "CHESF - CHESF - Companhia Hidro Elétrica do São Francisco", "Tensao": 230.0, "Extensao": 20.12297141, "Ano_Opera": 2019, "Shape_Leng": 0.178401803552, "LARGURA": 35.0, "TIPO": "Servidao_administrativa", "CLASSE": "Linhas_transmissao_energia", "FONTE": "SIGSEB", "Shape_Le_1": 0.17840180355180199 }, "geometry": { "type": "MultiLineString", "coordinates": [ [ [ -35.750567266665996, -9.528639687371651 ], [ -35.750859870986233, -9.528031111646442 ], [ -35.75130788804853, -9.526903825850809 ], [ -35.7501572702418, -9.522516517423298 ], [ -35.747942728374198, -9.513911259097256 ], [ -35.747141575423313, -9.510800482556192 ], [ -35.751734137920096, -9.506621369880293 ], [ -35.75674065385806, -9.502147992735615 ], [ -35.764337162430081, -9.500635333054106 ], [ -35.768321489145364, -9.499867036834246 ], [ -35.773586383904444, -9.494117494726538 ], [ -35.787780418831233, -9.478853031841879 ], [ -35.790010286045799, -9.476505356137238 ], [ -35.791755649803349, -9.470273979760293 ], [ -35.79460354911447, -9.460140287644094 ], [ -35.796473158709261, -9.453523317946747 ], [ -35.803631308937724, -9.447728254855008 ], [ -35.821745165806703, -9.437599644807733 ], [ -35.824420764906336, -9.436027405040647 ], [ -35.82855673080843, -9.433963645305937 ], [ -35.830153024742231, -9.428944718723756 ], [ -35.829264642948885, -9.425551413866629 ], [ -35.829947072799143, -9.42160269041176 ], [ -35.827426783019575, -9.41809885527789 ], [ -35.828172315599829, -9.410406999683232 ], [ -35.832996064117026, -9.404754147286042 ], [ -35.840584241369584, -9.40479974561174 ], [ -35.841647782319228, -9.403264170305192 ] ] ] } },
{ "type": "Feature", "properties": { "OBJECTID": 10.0, "Nome": "LT 230 kV Messias - Maceió II, C1 (CD)", "Concession": "CHESF - CHESF - Companhia Hidro Elétrica do São Francisco", "Tensao": 230.0, "Extensao": 20.13127853, "Ano_Opera": 2019, "Shape_Leng": 0.17850783339500001, "LARGURA": 35.0, "TIPO": "Servidao_administrativa", "CLASSE": "Linhas_transmissao_energia", "FONTE": "SIGSEB", "Shape_Le_1": 0.17850783339502699 }, "geometry": { "type": "MultiLineString", "coordinates": [ [ [ -35.750436149108964, -9.528573394746331 ], [ -35.75077480411386, -9.527993956156081 ], [ -35.751197718399965, -9.526898114256539 ], [ -35.748776666110189, -9.517576005428282 ], [ -35.747009866112364, -9.510761845882428 ], [ -35.756679919942314, -9.502060861919176 ], [ -35.7682589520889, -9.499776002060798 ], [ -35.776139402711237, -9.491249062094482 ], [ -35.787726481991513, -9.478799991626261 ], [ -35.789962245161462, -9.476474099300219 ], [ -35.794525576094429, -9.460112039938622 ], [ -35.796399774030306, -9.453463327770294 ], [ -35.803573601240657, -9.447655440346239 ], [ -35.810573013034059, -9.443702303018824 ], [ -35.821623594553216, -9.437504240228463 ], [ -35.824380744175983, -9.435949924849126 ], [ -35.828502799364628, -9.433880010154326 ], [ -35.830056632707397, -9.428950009435368 ], [ -35.82915720903793, -9.425553299744934 ], [ -35.829830624983288, -9.421622204800883 ], [ -35.827294005314059, -9.418125113683004 ], [ -35.828073714830055, -9.410358804115447 ], [ -35.832962013985707, -9.404664826620433 ], [ -35.840552246189191, -9.404704527192109 ], [ -35.841600879077248, -9.403199677223256 ] ] ] } },
{ "type": "Feature", "properties": { "OBJECTID": 11.0, "Nome": "LT 230 kV Messias - Rio Largo II C2", "Concession": "CHESF - CHESF - Companhia Hidro Elétrica do São Francisco", "Tensao": 230.0, "Extensao": 11.87515858, "Ano_Opera": 0, "Shape_Leng": 0.10260110889600001, "LARGURA": 35.0, "TIPO": "Servidao_administrativa", "CLASSE": "Linhas_transmissao_energia", "FONTE": "SIGSEB", "Shape_Le_1": 0.102601108896377 }, "geometry": { "type": "MultiLineString", "coordinates": [ [ [ -35.837882577219148, -9.503208922054057 ], [ -35.837921650064061, -9.502698687194595 ], [ -35.838448368597312, -9.497287764118994 ], [ -35.838213394632419, -9.492752281592459 ], [ -35.836976657746504, -9.486744280624009 ], [ -35.836038152238871, -9.482301340134711 ], [ -35.83482699297133, -9.476620955892372 ], [ -35.834061323671108, -9.473050945045031 ], [ -35.833257471854779, -9.46932291162301 ], [ -35.831877442390009, -9.462656073618859 ], [ -35.830303507400913, -9.4553331738868 ], [ -35.833481661149676, -9.447423935066524 ], [ -35.836073000968156, -9.441025122011752 ], [ -35.837241042240237, -9.434955673965135 ], [ -35.838532885983852, -9.428217130316284 ], [ -35.839936123353368, -9.420932589367453 ], [ -35.84152328287314, -9.412582162936417 ], [ -35.842414982265552, -9.409029223919504 ], [ -35.842383973641404, -9.406342806874989 ], [ -35.842202885254892, -9.40460853085898 ], [ -35.841856518563418, -9.403268898940496 ] ] ] } },
{ "type": "Feature", "properties": { "OBJECTID": 12.0, "Nome": "LT 230 kV Messias - Rio Largo II C3", "Concession": "CHESF - CHESF - Companhia Hidro Elétrica do São Francisco", "Tensao": 230.0, "Extensao": 11.87441365, "Ano_Opera": 0, "Shape_Leng": 0.102592475903, "LARGURA": 35.0, "TIPO": "Servidao_administrativa", "CLASSE": "Linhas_transmissao_energia", "FONTE": "SIGSEB", "Shape_Le_1": 0.102592475903164 }, "geometry": { "type": "MultiLineString", "coordinates": [ [ [ -35.838036858614089, -9.503206579320135 ], [ -35.837988780857529, -9.502687481641942 ], [ -35.838511034256783, -9.497293456827549 ], [ -35.838285078693389, -9.492751582819267 ], [ -35.837042722843364, -9.486704186149211 ], [ -35.835600320898038, -9.479923772763868 ], [ -35.834132872833777, -9.473040423876398 ], [ -35.83277180197706, -9.466543361686718 ], [ -35.830390643613271, -9.455352389700977 ], [ -35.833556473952058, -9.447459606675466 ], [ -35.836161174098891, -9.44104828674898 ], [ -35.837953815216338, -9.431684383727259 ], [ -35.839338692926276, -9.424720164204189 ], [ -35.840809294013638, -9.416980021310906 ], [ -35.841636134300131, -9.412610191207307 ], [ -35.842509886821802, -9.409037760284377 ], [ -35.842467257158148, -9.406348016647598 ], [ -35.842269329865644, -9.4046074013105 ], [ -35.842023105381941, -9.40325304029551 ] ] ] } },
{ "type": "Feature", "properties": { "OBJECTID": 13.0, "Nome": "LT 500 kV Paulo Afonso IV - Xingó C1", "Concession": "CHESF - CHESF - Companhia Hidro Elétrica do São Francisco", "Tensao": 500.0, "Extensao": 54.47005701, "Ano_Opera": 0, "Shape_Leng": 0.057618441686700002, "LARGURA": 60.0, "TIPO": "Servidao_administrativa", "CLASSE": "Linhas_transmissao_energia", "FONTE": "SIGSEB", "Shape_Le_1": 0.063330577539139996 }, "geometry": { "type": "MultiLineString", "coordinates": [ [ [ -38.143203383629213, -9.439700862204973 ], [ -38.154295341157024, -9.432818343391773 ], [ -38.173954447339838, -9.420540324876072 ], [ -38.188345428398748, -9.411574515751226 ], [ -38.192598215335352, -9.412818681037265 ], [ -38.19260264449639, -9.41281997696035 ] ], [ [ -38.196115638325978, -9.413485375449682 ], [ -38.196119410082645, -9.413481338393012 ] ], [ [ -38.196119410082645, -9.413481338393012 ], [ -38.19612489864511, -9.413482105514731 ], [ -38.198171271786748, -9.41376821493111 ] ], [ [ -38.196119410082645, -9.413481338393012 ], [ -38.196123182738631, -9.413477300437023 ] ], [ [ -38.193464173432801, -9.413076733404466 ], [ -38.193463497142659, -9.413071823106122 ] ], [ [ -38.193463497142659, -9.413071823106122 ], [ -38.193468285133235, -9.413073224249842 ], [ -38.193713491584333, -9.413144959572207 ], [ -38.196113917922958, -9.413480570371973 ], [ -38.196119410082645, -9.413481338393012 ] ], [ [ -38.193463497142659, -9.413071823106122 ], [ -38.19346282085246, -9.413066912807722 ] ], [ [ -38.193341086821647, -9.413040724549774 ], [ -38.193340773857585, -9.413035919472065 ] ], [ [ -38.193340773857585, -9.413035919472065 ], [ -38.193345422453262, -9.413037279247021 ], [ -38.193458710950722, -9.413070422861665 ], [ -38.193463497142659, -9.413071823106122 ] ], [ [ -38.193340773857585, -9.413035919472065 ], [ -38.193340460893523, -9.413031116192997 ] ], [ [ -38.192711971480264, -9.412856675595037 ], [ -38.192714045316905, -9.412852567491939 ] ], [ [ -38.192714045316905, -9.412852567491939 ], [ -38.192718481672557, -9.412853865213663 ], [ -38.193336123463268, -9.41303455879779 ], [ -38.193340773857585, -9.413035919472065 ] ], [ [ -38.192714045316905, -9.412852567491939 ], [ -38.192716117354905, -9.412848462986119 ] ], [ [ -38.192600621021825, -9.412824099452564 ], [ -38.19260264449639, -9.41281997696035 ] ], [ [ -38.19260264449639, -9.41281997696035 ], [ -38.192607071858845, -9.412821271984058 ], [ -38.192709607162612, -9.412851268870895 ], [ -38.192714045316905, -9.412852567491939 ] ], [ [ -38.19260264449639, -9.41281997696035 ], [ -38.192604666172372, -9.412815858065358 ] ] ] } },
{ "type": "Feature", "properties": { "OBJECTID": 14.0, "Nome": "LT 230 kV Paulo Afonso III - Itabaiana C2", "Concession": "CHESF - CHESF - Companhia Hidro Elétrica do São Francisco", "Tensao": 230.0, "Extensao": 167.34645681000001, "Ano_Opera": 0, "Shape_Leng": 0.0138925784036, "LARGURA": 35.0, "TIPO": "Servidao_administrativa", "CLASSE": "Linhas_transmissao_energia", "FONTE": "SIGSEB", "Shape_Le_1": 0.025988053301912999 }, "geometry": { "type": "MultiLineString", "coordinates": [ [ [ -38.186281449229455, -9.425195705917019 ], [ -38.186623403846966, -9.424555092743276 ], [ -38.189126165839866, -9.419674475596537 ], [ -38.191343688960046, -9.41538484883165 ], [ -38.192600621021825, -9.412824099452564 ], [ -38.19260264449639, -9.41281997696035 ] ], [ [ -38.19260264449639, -9.41281997696035 ], [ -38.192607071858845, -9.412821271984058 ] ], [ [ -38.19260264449639, -9.41281997696035 ], [ -38.192604666172372, -9.412815858065358 ], [ -38.192877610413348, -9.412259788358483 ], [ -38.192858034870369, -9.411971882096623 ], [ -38.192857708416454, -9.411967078817611 ] ], [ [ -38.192598215335352, -9.412818681037265 ], [ -38.19260264449639, -9.41281997696035 ] ], [ [ -38.192857708416454, -9.411967078817611 ], [ -38.19286236240805, -9.411968427800673 ] ], [ [ -38.192857708416454, -9.411967078817611 ], [ -38.19285738196254, -9.411962275538542 ], [ -38.192831202697789, -9.411577245193655 ], [ -38.192830869948637, -9.411572357378361 ] ], [ [ -38.192853053525539, -9.411965729834492 ], [ -38.192857708416454, -9.411967078817611 ] ], [ [ -38.192835540128044, -9.411573938386482 ], [ -38.192830869948637, -9.411572357378361 ] ], [ [ -38.192830869948637, -9.411572357378361 ], [ -38.192826198869966, -9.411570776370183 ] ], [ [ -38.192830869948637, -9.411572357378361 ], [ -38.192830537199484, -9.411567467764371 ], [ -38.192802651920829, -9.411157337341194 ], [ -38.192802322768955, -9.41115249629064 ] ], [ [ -38.192802322768955, -9.41115249629064 ], [ -38.192806983055789, -9.411153947796379 ] ], [ [ -38.192802322768955, -9.41115249629064 ], [ -38.192801993617081, -9.411147655240029 ], [ -38.192764256265377, -9.410592639538663 ], [ -38.192763927113504, -9.410587793991454 ] ], [ [ -38.192797659784105, -9.411151043885525 ], [ -38.192802322768955, -9.41115249629064 ] ], [ [ -38.192763927113504, -9.410587793991454 ], [ -38.192768587400337, -9.410589258087725 ] ], [ [ -38.192763927113504, -9.410587793991454 ], [ -38.19276359796163, -9.41058295024294 ], [ -38.192679248748277, -9.409342404728136 ], [ -38.192477318573367, -9.407510206930453 ], [ -38.193969045634901, -9.404809939427139 ], [ -38.194809278625257, -9.403273046613776 ], [ -38.194811856981573, -9.403268331468269 ] ], [ [ -38.192759263229391, -9.410586328995862 ], [ -38.192763927113504, -9.410587793991454 ] ], [ [ -38.194814469512096, -9.403273026828685 ], [ -38.194811856981573, -9.403268331468269 ] ], [ [ -38.194811856981573, -9.403268331468269 ], [ -38.194809244451051, -9.403263636107852 ] ], [ [ -38.194811856981573, -9.403268331468269 ], [ -38.19481443443857, -9.403263617222137 ], [ -38.195137007766675, -9.402673590014103 ], [ -38.195795066888763, -9.402086471213636 ], [ -38.195987110816475, -9.401944569885927 ] ] ] } },
{ "type": "Feature", "properties": { "OBJECTID": 15.0, "Nome": "LT 230 kV Paulo Afonso III - Itabaiana C1", "Concession": "CHESF - CHESF - Companhia Hidro Elétrica do São Francisco", "Tensao": 230.0, "Extensao": 167.34317288, "Ano_Opera": 0, "Shape_Leng": 0.013806233841499999, "LARGURA": 35.0, "TIPO": "Servidao_administrativa", "CLASSE": "Linhas_transmissao_energia", "FONTE": "SIGSEB", "Shape_Le_1": 0.025878128081726001 }, "geometry": { "type": "MultiLineString", "coordinates": [ [ [ -38.186404152729438, -9.425137235594889 ], [ -38.189277114347306, -9.419659940753604 ], [ -38.192711971480264, -9.412856675595037 ], [ -38.192714045316905, -9.412852567491939 ] ], [ [ -38.192714045316905, -9.412852567491939 ], [ -38.192718481672557, -9.412853865213663 ] ], [ [ -38.192714045316905, -9.412852567491939 ], [ -38.192716117354905, -9.412848462986119 ], [ -38.193010157892445, -9.412266071022316 ], [ -38.192992411570515, -9.412010820043236 ], [ -38.192992077022666, -9.412006014965584 ] ], [ [ -38.192709607162612, -9.412851268870895 ], [ -38.192714045316905, -9.412852567491939 ] ], [ [ -38.192992077022666, -9.412006014965584 ], [ -38.192996734611597, -9.412007364847966 ] ], [ [ -38.192992077022666, -9.412006014965584 ], [ -38.192991742474874, -9.412001208988556 ], [ -38.192965425613863, -9.411622687037323 ], [ -38.192965085670153, -9.411617796524069 ] ], [ [ -38.192987420333111, -9.412004665083202 ], [ -38.192992077022666, -9.412006014965584 ] ], [ [ -38.192969759446783, -9.41161937843151 ], [ -38.192965085670153, -9.411617796524069 ] ], [ [ -38.192965085670153, -9.411617796524069 ], [ -38.192960412792786, -9.411616214616572 ] ], [ [ -38.192965085670153, -9.411617796524069 ], [ -38.192964745726385, -9.41161290421212 ], [ -38.192935959327031, -9.411198869831935 ], [ -38.192935622980599, -9.411194026083365 ] ], [ [ -38.192935622980599, -9.411194026083365 ], [ -38.192940286864712, -9.4111954793878 ] ], [ [ -38.192935622980599, -9.411194026083365 ], [ -38.192935286634111, -9.411189184133491 ], [ -38.192896703020381, -9.410634236780538 ], [ -38.192896365774629, -9.410629389434746 ] ], [ [ -38.192930959096429, -9.411192572778987 ], [ -38.192935622980599, -9.411194026083365 ] ], [ [ -38.192896365774629, -9.410629389434746 ], [ -38.192901030558062, -9.410630854430337 ] ], [ [ -38.192896365774629, -9.410629389434746 ], [ -38.192896028528878, -9.410624542088897 ], [ -38.192802251722469, -9.409275729890965 ], [ -38.192609114219181, -9.40751386717119 ], [ -38.194862083218538, -9.403367957465207 ], [ -38.19486465348092, -9.403363227930583 ] ], [ [ -38.19289170099114, -9.410627924439098 ], [ -38.192896365774629, -9.410629389434746 ] ], [ [ -38.194867269608778, -9.403367930485558 ], [ -38.19486465348092, -9.403363227930583 ] ], [ [ -38.19486465348092, -9.403363227930583 ], [ -38.194862036453799, -9.403358523576969 ] ], [ [ -38.19486465348092, -9.403363227930583 ], [ -38.194867222844039, -9.40335849929528 ], [ -38.195224427265487, -9.402701172221271 ], [ -38.195928805070253, -9.402192283646912 ], [ -38.196132284777093, -9.402075103782977 ] ] ] } },
{ "type": "Feature", "properties": { "OBJECTID": 16.0, "Nome": "LT 230 kV Paulo Afonso III - Cícero Dantas C1", "Concession": "CHESF - CHESF - Companhia Hidro Elétrica do São Francisco", "Tensao": 230.0, "Extensao": 138.51991187, "Ano_Opera": 0, "Shape_Leng": 0.0100365018467, "LARGURA": 35.0, "TIPO": "Servidao_administrativa", "CLASSE": "Linhas_transmissao_energia", "FONTE": "SIGSEB", "Shape_Le_1": 0.022032275298941001 }, "geometry": { "type": "MultiLineString", "coordinates": [ [ [ -38.194294289949482, -9.423030109651791 ], [ -38.193961575866012, -9.419467879738818 ], [ -38.193489737561322, -9.415324629328154 ], [ -38.193341086821647, -9.413040724549774 ], [ -38.193340773857585, -9.413035919472065 ] ], [ [ -38.193340773857585, -9.413035919472065 ], [ -38.193345422453262, -9.413037279247021 ] ], [ [ -38.193340773857585, -9.413035919472065 ], [ -38.193340460893523, -9.413031116192997 ], [ -38.193315446250779, -9.41264678102408 ], [ -38.19325731227508, -9.412087580777211 ], [ -38.193256807755404, -9.412082726236804 ] ], [ [ -38.193336123463268, -9.41303455879779 ], [ -38.193340773857585, -9.413035919472065 ] ], [ [ -38.193256807755404, -9.412082726236804 ], [ -38.193261524699551, -9.412084093206317 ] ], [ [ -38.193256807755404, -9.412082726236804 ], [ -38.193256303235785, -9.412077869897757 ], [ -38.193217867110832, -9.411708151410039 ], [ -38.193217352698639, -9.411703202440776 ] ], [ [ -38.193252088113354, -9.412081358367971 ], [ -38.193256807755404, -9.412082726236804 ] ], [ [ -38.193222093924476, -9.411704807730644 ], [ -38.193217352698639, -9.411703202440776 ] ], [ [ -38.193217352698639, -9.411703202440776 ], [ -38.193212608774843, -9.411701596251646 ] ], [ [ -38.193217352698639, -9.411703202440776 ], [ -38.193216838286389, -9.411698251672931 ], [ -38.193172586245794, -9.411272590857322 ], [ -38.193172077229519, -9.411267694948094 ] ], [ [ -38.193172077229519, -9.411267694948094 ], [ -38.19317680586488, -9.41126916803762 ] ], [ [ -38.193172077229519, -9.411267694948094 ], [ -38.193171568213245, -9.411262799038923 ], [ -38.193113295741966, -9.410702261500148 ], [ -38.193112785826372, -9.410697360194945 ] ], [ [ -38.193167347694896, -9.411266221858625 ], [ -38.193172077229519, -9.411267694948094 ] ], [ [ -38.193112785826372, -9.410697360194945 ], [ -38.193117516260315, -9.410698845875004 ] ], [ [ -38.193112785826372, -9.410697360194945 ], [ -38.193112275910778, -9.410692458889798 ], [ -38.193043345573869, -9.410029407630986 ], [ -38.192776309878752, -9.407533751181631 ], [ -38.194968066523018, -9.403558451861045 ], [ -38.19497065567117, -9.403553755601308 ] ], [ [ -38.193108054493052, -9.410695874514943 ], [ -38.193112785826372, -9.410697360194945 ] ], [ [ -38.194973261906455, -9.403558440169832 ], [ -38.19497065567117, -9.403553755601308 ] ], [ [ -38.19497065567117, -9.403553755601308 ], [ -38.194968048536566, -9.403549069234089 ] ], [ [ -38.19497065567117, -9.403553755601308 ], [ -38.194973243920003, -9.403549061140211 ], [ -38.195375104177685, -9.402820186702229 ], [ -38.196193094235866, -9.402215835092647 ] ] ] } },
{ "type": "Feature", "properties": { "OBJECTID": 17.0, "Nome": "LT 230 kV Paulo Afonso III - Cícero Dantas C2", "Concession": "CHESF - CHESF - Companhia Hidro Elétrica do São Francisco", "Tensao": 230.0, "Extensao": 138.5069085, "Ano_Opera": 0, "Shape_Leng": 0.0099397296755599999, "LARGURA": 35.0, "TIPO": "Servidao_administrativa", "CLASSE": "Linhas_transmissao_energia", "FONTE": "SIGSEB", "Shape_Le_1": 0.02190154387074 }, "geometry": { "type": "MultiLineString", "coordinates": [ [ [ -38.194577030505513, -9.422952770653808 ], [ -38.194209804938509, -9.419170054854078 ], [ -38.19379523815968, -9.415480471946182 ], [ -38.193464173432801, -9.413076733404466 ], [ -38.193463497142659, -9.413071823106122 ] ], [ [ -38.193463497142659, -9.413071823106122 ], [ -38.193468285133235, -9.413073224249842 ] ], [ [ -38.193463497142659, -9.413071823106122 ], [ -38.19346282085246, -9.413066912807722 ], [ -38.193405457595759, -9.412650417882446 ], [ -38.193353338285874, -9.412115406700593 ], [ -38.193352866141822, -9.41211056115344 ] ], [ [ -38.193458710950722, -9.413070422861665 ], [ -38.193463497142659, -9.413071823106122 ] ], [ [ -38.193352866141822, -9.41211056115344 ], [ -38.193357572294076, -9.412111924525675 ] ], [ [ -38.193352866141822, -9.41211056115344 ], [ -38.193352393997714, -9.412105714706911 ], [ -38.193316931930838, -9.411741690726387 ], [ -38.193316450793532, -9.411736752549018 ] ], [ [ -38.193348160888888, -9.412109197781206 ], [ -38.193352866141822, -9.41211056115344 ] ], [ [ -38.193321179428835, -9.411738353342287 ], [ -38.193316450793532, -9.411736752549018 ] ], [ [ -38.193316450793532, -9.411736752549018 ], [ -38.193311721258908, -9.411735151755806 ] ], [ [ -38.193316450793532, -9.411736752549018 ], [ -38.193315969656226, -9.411731813472386 ], [ -38.193274320253636, -9.411304286563507 ], [ -38.193273844512248, -9.411299400546852 ] ], [ [ -38.193273844512248, -9.411299400546852 ], [ -38.193278560557076, -9.411300870039099 ] ], [ [ -38.193273844512248, -9.411299400546852 ], [ -38.193273368770917, -9.411294515429518 ], [ -38.193218903129832, -9.410735430295802 ], [ -38.193218426489125, -9.410730538883229 ] ], [ [ -38.193269127568158, -9.411297931054605 ], [ -38.193273844512248, -9.411299400546852 ] ], [ [ -38.193218426489125, -9.410730538883229 ], [ -38.193223144332592, -9.410732020965952 ] ], [ [ -38.193218426489125, -9.410730538883229 ], [ -38.193217949848474, -9.410725648369919 ], [ -38.193151964791298, -9.410048308682462 ], [ -38.192865871562674, -9.407565850683397 ], [ -38.193982353802539, -9.405591344165146 ], [ -38.195022742605431, -9.403656726176905 ], [ -38.195025299378017, -9.403651972360592 ] ], [ [ -38.193213708645715, -9.410729056800506 ], [ -38.193218426489125, -9.410730538883229 ] ], [ [ -38.195027923599753, -9.40365668840542 ], [ -38.195025299378017, -9.403651972360592 ] ], [ [ -38.195025299378017, -9.403651972360592 ], [ -38.195022676055601, -9.403647256315764 ] ], [ [ -38.195025299378017, -9.403651972360592 ], [ -38.195027855251283, -9.403647219443599 ], [ -38.195434284064902, -9.402891460672322 ], [ -38.196307783877103, -9.402357070922051 ] ] ] } },
{ "type": "Feature", "properties": { "OBJECTID": 18.0, "Nome": "LT 500 kV Olindina - Luiz Gonzaga C1", "Concession": "CHESF - CHESF - Companhia Hidro Elétrica do São Francisco", "Tensao": 500.0, "Extensao": 256.78179118999998, "Ano_Opera": 0, "Shape_Leng": 0.010037248956, "LARGURA": 60.0, "TIPO": "Servidao_administrativa", "CLASSE": "Linhas_transmissao_energia", "FONTE": "SIGSEB", "Shape_Le_1": 0.150274842539287 }, "geometry": { "type": "MultiLineString", "coordinates": [ [ [ -38.194940717240286, -9.422853289447687 ], [ -38.194580602612689, -9.419105164271855 ], [ -38.1942205626288, -9.416116307921243 ], [ -38.195182311114706, -9.414484338781165 ], [ -38.196115638325978, -9.413485375449682 ], [ -38.196119410082645, -9.413481338393012 ] ], [ [ -38.196119410082645, -9.413481338393012 ], [ -38.19612489864511, -9.413482105514731 ] ], [ [ -38.196119410082645, -9.413481338393012 ], [ -38.196123182738631, -9.413477300437023 ], [ -38.19617569775022, -9.413421091909811 ], [ -38.195967946263693, -9.412899887120034 ], [ -38.195965786991451, -9.412894468704735 ] ], [ [ -38.196113917922958, -9.413480570371973 ], [ -38.196119410082645, -9.413481338393012 ] ], [ [ -38.195965786991451, -9.412894468704735 ], [ -38.195971380774552, -9.412896222382699 ] ], [ [ -38.195965786991451, -9.412894468704735 ], [ -38.195963627719209, -9.412889051188699 ], [ -38.195823817315272, -9.412538297604328 ], [ -38.194665876329111, -9.412193607249151 ], [ -38.193321179428835, -9.411738353342287 ], [ -38.193316450793532, -9.411736752549018 ] ], [ [ -38.195960190510334, -9.412892714127395 ], [ -38.195965786991451, -9.412894468704735 ] ], [ [ -38.193316931930838, -9.411741690726387 ], [ -38.193316450793532, -9.411736752549018 ] ], [ [ -38.193316450793532, -9.411736752549018 ], [ -38.193311721258908, -9.411735151755806 ], [ -38.193222093924476, -9.411704807730644 ], [ -38.193217352698639, -9.411703202440776 ] ], [ [ -38.193316450793532, -9.411736752549018 ], [ -38.193315969656226, -9.411731813472386 ] ], [ [ -38.193217867110832, -9.411708151410039 ], [ -38.193217352698639, -9.411703202440776 ] ], [ [ -38.193217352698639, -9.411703202440776 ], [ -38.193212608774843, -9.411701596251646 ], [ -38.192969759446783, -9.41161937843151 ], [ -38.192965085670153, -9.411617796524069 ] ], [ [ -38.193217352698639, -9.411703202440776 ], [ -38.193216838286389, -9.411698251672931 ] ], [ [ -38.192965425613863, -9.411622687037323 ], [ -38.192965085670153, -9.411617796524069 ] ], [ [ -38.192965085670153, -9.411617796524069 ], [ -38.192960412792786, -9.411616214616572 ], [ -38.192835540128044, -9.411573938386482 ], [ -38.192830869948637, -9.411572357378361 ] ], [ [ -38.192965085670153, -9.411617796524069 ], [ -38.192964745726385, -9.41161290421212 ] ], [ [ -38.192831202697789, -9.411577245193655 ], [ -38.192830869948637, -9.411572357378361 ] ], [ [ -38.192830869948637, -9.411572357378361 ], [ -38.192826198869966, -9.411570776370183 ], [ -38.192742452202367, -9.411542423444018 ], [ -38.176611306366681, -9.406371804615048 ], [ -38.176421612367449, -9.406015062445135 ], [ -38.176418584350131, -9.406009367038621 ] ], [ [ -38.192830869948637, -9.411572357378361 ], [ -38.192830537199484, -9.411567467764371 ] ], [ [ -38.176418584350131, -9.406009367038621 ], [ -38.17642476539055, -9.406011311372879 ] ], [ [ -38.176418584350131, -9.406009367038621 ], [ -38.176415556332813, -9.406003673430746 ], [ -38.176145051952517, -9.40549495752623 ], [ -38.17614206710266, -9.405489344857358 ] ], [ [ -38.176412402410392, -9.406007421805043 ], [ -38.176418584350131, -9.406009367038621 ] ], [ [ -38.17614206710266, -9.405489344857358 ], [ -38.176148187888543, -9.405491174977669 ] ], [ [ -38.17614206710266, -9.405489344857358 ], [ -38.176139082252803, -9.40548373038979 ], [ -38.175182843913092, -9.403685412751543 ], [ -38.170626176057112, -9.394679153020434 ], [ -38.168159701708817, -9.389880432635834 ], [ -38.168156729449436, -9.389874649995079 ] ], [ [ -38.176135946316833, -9.40548751473699 ], [ -38.17614206710266, -9.405489344857358 ] ], [ [ -38.16816291678515, -9.389876744516073 ], [ -38.168156729449436, -9.389874649995079 ] ], [ [ -38.168156729449436, -9.389874649995079 ], [ -38.168150541214459, -9.389872555474028 ] ], [ [ -38.168156729449436, -9.389874649995079 ], [ -38.168153758089431, -9.389868868253643 ], [ -38.168013934195642, -9.389596831428605 ], [ -38.168010962835638, -9.389591051485809 ] ], [ [ -38.168010962835638, -9.389591051485809 ], [ -38.168017150171295, -9.38959314510754 ] ], [ [ -38.168010962835638, -9.389591051485809 ], [ -38.168007991475577, -9.389585269744373 ], [ -38.167947275546283, -9.389467141994942 ], [ -38.167944305984918, -9.389461364750161 ] ], [ [ -38.168004776399243, -9.389588958763397 ], [ -38.168010962835638, -9.389591051485809 ] ], [ [ -38.167944305984918, -9.389461364750161 ], [ -38.167950490622616, -9.389463452975917 ] ], [ [ -38.167944305984918, -9.389461364750161 ], [ -38.167941336423496, -9.389455586606005 ], [ -38.167798439546289, -9.389177570188679 ], [ -38.167795470884244, -9.389171794742481 ] ], [ [ -38.167938121347163, -9.389459276524349 ], [ -38.167944305984918, -9.389461364750161 ] ], [ [ -38.167795470884244, -9.389171794742481 ], [ -38.167801655521941, -9.389173882068974 ] ], [ [ -38.167795470884244, -9.389171794742481 ], [ -38.167792501322822, -9.389166017497644 ], [ -38.16712836907891, -9.38787389406491 ], [ -38.169983721971164, -9.380913970603217 ], [ -38.173006876665966, -9.373953509346904 ], [ -38.175665875179959, -9.369126121273439 ], [ -38.177350532900732, -9.366156553582016 ], [ -38.17857833502211, -9.363520110964316 ], [ -38.179716574560246, -9.360928910540736 ], [ -38.17972125463217, -9.360918256272441 ] ], [ [ -38.167789288045185, -9.389169708315364 ], [ -38.167795470884244, -9.389171794742481 ] ], [ [ -38.17972125463217, -9.360918256272441 ], [ -38.179721115237214, -9.360929878211266 ] ], [ [ -38.17972125463217, -9.360918256272441 ], [ -38.179725934704095, -9.360907602004204 ], [ -38.179977768259334, -9.360334304884191 ], [ -38.179982438438742, -9.360323673099003 ] ], [ [ -38.179721394027069, -9.360906633434354 ], [ -38.17972125463217, -9.360918256272441 ] ], [ [ -38.179982310734999, -9.360335266259483 ], [ -38.179982438438742, -9.360323673099003 ] ], [ [ -38.179982438438742, -9.360323673099003 ], [ -38.179987106819453, -9.360313045810358 ], [ -38.180275362018278, -9.359656832097073 ], [ -38.180280000721439, -9.359646272257635 ] ], [ [ -38.179982438438742, -9.360323673099003 ], [ -38.179982566142485, -9.360312075441868 ] ], [ [ -38.180279905393263, -9.359657792573046 ], [ -38.180280000721439, -9.359646272257635 ] ], [ [ -38.180280000721439, -9.359646272257635 ], [ -38.180284639424542, -9.35963571151882 ], [ -38.180643707241245, -9.358818296127424 ], [ -38.182337883386538, -9.353954677965987 ], [ -38.185288415128184, -9.346340402387625 ], [ -38.187734500946419, -9.340239463680234 ], [ -38.19124658466211, -9.331778101378234 ], [ -38.194235188303253, -9.324573092873891 ], [ -38.19716668409518, -9.31745374569374 ], [ -38.200850089559935, -9.308449864669456 ], [ -38.204390727649923, -9.299912358568463 ], [ -38.20531233849357, -9.29767236858487 ] ], [ [ -38.180280000721439, -9.359646272257635 ], [ -38.180280096049557, -9.359634750143584 ] ] ] } },
{ "type": "Feature", "properties": { "OBJECTID": 19.0, "Nome": "LT 500 kV Paulo Afonso IV - Olindina C1", "Concession": "CHESF - CHESF - Companhia Hidro Elétrica do São Francisco", "Tensao": 500.0, "Extensao": 219.85070786, "Ano_Opera": 0, "Shape_Leng": 0.010897090884, "LARGURA": 60.0, "TIPO": "Servidao_administrativa", "CLASSE": "Linhas_transmissao_energia", "FONTE": "SIGSEB", "Shape_Le_1": 0.010897090884027001 }, "geometry": { "type": "MultiLineString", "coordinates": [ [ [ -38.195303813120461, -9.422753970119572 ], [ -38.194805556331289, -9.418083332979393 ], [ -38.194694444193203, -9.416277777597315 ], [ -38.195420435404742, -9.414882984861833 ], [ -38.197347798562021, -9.414181044219788 ], [ -38.198109225760106, -9.414085866269659 ] ] ] } },
{ "type": "Feature", "properties": { "OBJECTID": 20.0, "Nome": "LT 500 kV UHE Paulo Afonso IV - SE Paulo Afonso IV, C6", "Concession": "CHESF - CHESF - Companhia Hidro Elétrica do São Francisco", "Tensao": 500.0, "Extensao": 0.70344399, "Ano_Opera": 0, "Shape_Leng": 0.0057906989232699999, "LARGURA": 60.0, "TIPO": "Servidao_administrativa", "CLASSE": "Linhas_transmissao_energia", "FONTE": "SIGSEB", "Shape_Le_1": 0.0057906989232740002 }, "geometry": { "type": "MultiLineString", "coordinates": [ [ [ -38.205906500784351, -9.416536711300125 ], [ -38.202175442042972, -9.414650203444069 ], [ -38.200567961442232, -9.414563364907337 ] ] ] } },
{ "type": "Feature", "properties": { "OBJECTID": 21.0, "Nome": "LT 500 kV UHE Paulo Afonso IV - SE Paulo Afonso IV, C5", "Concession": "CHESF - CHESF - Companhia Hidro Elétrica do São Francisco", "Tensao": 500.0, "Extensao": 0.70043492, "Ano_Opera": 0, "Shape_Leng": 0.0056838758576799996, "LARGURA": 60.0, "TIPO": "Servidao_administrativa", "CLASSE": "Linhas_transmissao_energia", "FONTE": "SIGSEB", "Shape_Le_1": 0.0056838758576799996 }, "geometry": { "type": "MultiLineString", "coordinates": [ [ [ -38.205861320643407, -9.416200828905062 ], [ -38.202252306198943, -9.414376030729215 ], [ -38.200626131390834, -9.414165393318228 ] ] ] } },
{ "type": "Feature", "properties": { "OBJECTID": 22.0, "Nome": "LT 500 kV UHE Paulo Afonso IV - SE Paulo Afonso IV, C4", "Concession": "CHESF - CHESF - Companhia Hidro Elétrica do São Francisco", "Tensao": 500.0, "Extensao": 0.69241938, "Ano_Opera": 0, "Shape_Leng": 0.0055718599815100002, "LARGURA": 60.0, "TIPO": "Servidao_administrativa", "CLASSE": "Linhas_transmissao_energia", "FONTE": "SIGSEB", "Shape_Le_1": 0.0055718599815090001 }, "geometry": { "type": "MultiLineString", "coordinates": [ [ [ -38.205818310566542, -9.415881077649544 ], [ -38.202338552981814, -9.414148208173231 ], [ -38.200668459781525, -9.413928351811933 ] ] ] } },
{ "type": "Feature", "properties": { "OBJECTID": 23.0, "Nome": "LT 500 kV UHE Paulo Afonso IV - SE Paulo Afonso IV, C3", "Concession": "CHESF - CHESF - Companhia Hidro Elétrica do São Francisco", "Tensao": 500.0, "Extensao": 0.68766383, "Ano_Opera": 0, "Shape_Leng": 0.0054844652138799996, "LARGURA": 60.0, "TIPO": "Servidao_administrativa", "CLASSE": "Linhas_transmissao_energia", "FONTE": "SIGSEB", "Shape_Le_1": 0.0054844652138829999 }, "geometry": { "type": "MultiLineString", "coordinates": [ [ [ -38.205778478693787, -9.415584955181487 ], [ -38.202453219240624, -9.413906392166211 ], [ -38.200736687747906, -9.413519651310821 ] ] ] } },
{ "type": "Feature", "properties": { "OBJECTID": 24.0, "Nome": "LT 500 kV UHE Paulo Afonso IV - SE Paulo Afonso IV, C2", "Concession": "CHESF - CHESF - Companhia Hidro Elétrica do São Francisco", "Tensao": 500.0, "Extensao": 0.66561628, "Ano_Opera": 0, "Shape_Leng": 0.00527525574577, "LARGURA": 60.0, "TIPO": "Servidao_administrativa", "CLASSE": "Linhas_transmissao_energia", "FONTE": "SIGSEB", "Shape_Le_1": 0.0052752557457679998 }, "geometry": { "type": "MultiLineString", "coordinates": [ [ [ -38.205706616567056, -9.415050712919992 ], [ -38.202513819157389, -9.41364965280917 ], [ -38.200771389887677, -9.413245982216267 ] ] ] } },
{ "type": "Feature", "properties": { "OBJECTID": 25.0, "Nome": "LT 500 kV UHE Paulo Afonso IV - SE Paulo Afonso IV, C1", "Concession": "CHESF - CHESF - Companhia Hidro Elétrica do São Francisco", "Tensao": 500.0, "Extensao": 0.66328832, "Ano_Opera": 0, "Shape_Leng": 0.0052108337930899997, "LARGURA": 60.0, "TIPO": "Servidao_administrativa", "CLASSE": "Linhas_transmissao_energia", "FONTE": "SIGSEB", "Shape_Le_1": 0.0052108337930909998 }, "geometry": { "type": "MultiLineString", "coordinates": [ [ [ -38.205665584099393, -9.41474566917725 ], [ -38.20263124993221, -9.413366093870081 ], [ -38.200832157977686, -9.412828813698752 ] ] ] } },
{ "type": "Feature", "properties": { "OBJECTID": 26.0, "Nome": "LT 500 kV Paulo Afonso IV - Angelim II C1", "Concession": "CHESF - CHESF - Companhia Hidro Elétrica do São Francisco", "Tensao": 500.0, "Extensao": 222.77846628, "Ano_Opera": 0, "Shape_Leng": 0.00240874800505, "LARGURA": 60.0, "TIPO": "Servidao_administrativa", "CLASSE": "Linhas_transmissao_energia", "FONTE": "SIGSEB", "Shape_Le_1": 0.99541798963200401 }, "geometry": { "type": "MultiLineString", "coordinates": [ [ [ -38.195967946263693, -9.412899887120034 ], [ -38.195965786991451, -9.412894468704735 ] ], [ [ -38.195965786991451, -9.412894468704735 ], [ -38.195971380774552, -9.412896222382699 ], [ -38.19727316472472, -9.413304384189928 ], [ -38.198302282324448, -9.413482842958786 ] ], [ [ -38.195965786991451, -9.412894468704735 ], [ -38.195963627719209, -9.412889051188699 ] ], [ [ -38.193353338285874, -9.412115406700593 ], [ -38.193352866141822, -9.41211056115344 ] ], [ [ -38.193352866141822, -9.41211056115344 ], [ -38.193357572294076, -9.412111924525675 ], [ -38.194839952701614, -9.412541474909119 ], [ -38.195960190510334, -9.412892714127395 ], [ -38.195965786991451, -9.412894468704735 ] ], [ [ -38.193352866141822, -9.41211056115344 ], [ -38.193352393997714, -9.412105714706911 ] ], [ [ -38.19325731227508, -9.412087580777211 ], [ -38.193256807755404, -9.412082726236804 ] ], [ [ -38.193256807755404, -9.412082726236804 ], [ -38.193261524699551, -9.412084093206317 ], [ -38.193348160888888, -9.412109197781206 ], [ -38.193352866141822, -9.41211056115344 ] ], [ [ -38.193256807755404, -9.412082726236804 ], [ -38.193256303235785, -9.412077869897757 ] ], [ [ -38.192992411570515, -9.412010820043236 ], [ -38.192992077022666, -9.412006014965584 ] ], [ [ -38.192992077022666, -9.412006014965584 ], [ -38.192996734611597, -9.412007364847966 ], [ -38.193252088113354, -9.412081358367971 ], [ -38.193256807755404, -9.412082726236804 ] ], [ [ -38.192992077022666, -9.412006014965584 ], [ -38.192991742474874, -9.412001208988556 ] ], [ [ -38.192858034870369, -9.411971882096623 ], [ -38.192857708416454, -9.411967078817611 ] ], [ [ -38.192857708416454, -9.411967078817611 ], [ -38.19286236240805, -9.411968427800673 ], [ -38.192987420333111, -9.412004665083202 ], [ -38.192992077022666, -9.412006014965584 ] ], [ [ -38.192857708416454, -9.411967078817611 ], [ -38.19285738196254, -9.411962275538542 ] ], [ [ -38.166649703121266, -9.402944350701205 ], [ -38.166656037046437, -9.402946336404227 ] ], [ [ -38.166649703121266, -9.402944350701205 ], [ -38.166652944277928, -9.402950105462935 ], [ -38.167275512554795, -9.404055538632178 ], [ -38.170546120207234, -9.405116198153962 ], [ -38.177623298176627, -9.407317664778361 ], [ -38.184596241123586, -9.409330518388686 ], [ -38.188312756928156, -9.410569805751891 ], [ -38.19261502186572, -9.411896756330179 ], [ -38.192853053525539, -9.411965729834492 ], [ -38.192857708416454, -9.411967078817611 ] ], [ [ -38.166643368296775, -9.402942364998125 ], [ -38.166649703121266, -9.402944350701205 ] ], [ [ -38.16172851935562, -9.392696825098369 ], [ -38.161730555420775, -9.392703509759144 ], [ -38.162536940627263, -9.395351038319689 ], [ -38.165588033660754, -9.401059251183426 ], [ -38.166646461065284, -9.402938594140778 ], [ -38.166649703121266, -9.402944350701205 ] ], [ [ -38.16172851935562, -9.392696825098369 ], [ -38.161725715269483, -9.392703224674051 ] ], [ [ -38.161731324341076, -9.392690423724048 ], [ -38.16172851935562, -9.392696825098369 ] ], [ [ -37.235609344595559, -9.203186585292656 ], [ -37.242010833133406, -9.205669158404874 ], [ -37.250766729700786, -9.209003990241911 ], [ -37.258087201263265, -9.210100233239132 ], [ -37.265384024253251, -9.211272214441124 ], [ -37.272465153843712, -9.212387920566016 ], [ -37.281235617629591, -9.213783638703944 ], [ -37.289842829283089, -9.21517811128075 ], [ -37.298153261064101, -9.216475868066823 ], [ -37.308616930626783, -9.218152832986789 ], [ -37.321015716402144, -9.220127662361676 ], [ -37.336308387422093, -9.222536179001395 ], [ -37.349972528309479, -9.224570065056412 ], [ -37.363425103685529, -9.226654717840916 ], [ -37.374983207708851, -9.228531337651077 ], [ -37.386283155942863, -9.230305878113711 ], [ -37.399531387363595, -9.232380318197102 ], [ -37.411886673830907, -9.234328454794309 ], [ -37.426570991258188, -9.236621765581958 ], [ -37.440149468123423, -9.238769840355815 ], [ -37.453703651602211, -9.240894914968294 ], [ -37.460662382562873, -9.242017809374374 ], [ -37.465027805089107, -9.242633173182355 ], [ -37.473907735253761, -9.244012814140035 ], [ -37.480205335008179, -9.24504018615562 ], [ -37.487023713273686, -9.246067365716328 ], [ -37.494383137172008, -9.247231285395458 ], [ -37.504465861110532, -9.24883176927068 ], [ -37.517675256208065, -9.250892961440968 ], [ -37.526021007963095, -9.252163223254115 ], [ -37.535014452355028, -9.253585959724205 ], [ -37.542274011936058, -9.254713134003907 ], [ -37.550116861903632, -9.255910989600466 ], [ -37.564523769056677, -9.258326970613155 ], [ -37.573573278983588, -9.259698854918156 ], [ -37.5812424590722, -9.26088163607858 ], [ -37.590743159768977, -9.262416062950876 ], [ -37.599308364988985, -9.263770648796367 ], [ -37.607692827162225, -9.265064885635923 ], [ -37.614997754842477, -9.266206224237806 ], [ -37.628010737105797, -9.268217256720959 ], [ -37.640211839304925, -9.270158481128931 ], [ -37.652361380673142, -9.272071270772472 ], [ -37.665352554376852, -9.274134435155986 ], [ -37.677443411384274, -9.276041111208258 ], [ -37.690868312822317, -9.278135614267114 ], [ -37.704565832946798, -9.280255192223308 ], [ -37.716944430740853, -9.282164440336601 ], [ -37.728916563748385, -9.284050086642139 ], [ -37.741362735701671, -9.286010718419845 ], [ -37.754066694722155, -9.288001368668176 ], [ -37.76585635618585, -9.289832897370275 ], [ -37.776864809863014, -9.291500332174564 ], [ -37.789106467889155, -9.293469664893053 ], [ -37.803002551126781, -9.295616399677044 ], [ -37.815297533554315, -9.297549889016125 ], [ -37.827562818569163, -9.299423058127559 ], [ -37.840377824077279, -9.301368548919356 ], [ -37.852534806436097, -9.303319530971521 ], [ -37.863267877810244, -9.304980219961124 ], [ -37.876337814138765, -9.306975583556266 ], [ -37.888186921689055, -9.308836815066911 ], [ -37.901913809174914, -9.310979280769118 ], [ -37.918868590113277, -9.313634107328141 ], [ -37.934419969106273, -9.316017194737697 ], [ -37.945122860131846, -9.31769343840142 ], [ -37.953878334917192, -9.319079733442891 ], [ -37.959048340408515, -9.31999110190776 ], [ -37.963731432259749, -9.321568815848138 ], [ -37.971324956881233, -9.32412283200307 ], [ -37.978493139946409, -9.326544399604302 ], [ -37.986428690231833, -9.329208849808538 ], [ -37.994603354960816, -9.332026555281232 ], [ -38.00402284058157, -9.335177820200215 ], [ -38.012604667071685, -9.338114502382325 ], [ -38.021217492293374, -9.34105017732378 ], [ -38.029060889948084, -9.343673129211481 ], [ -38.037579845733262, -9.346549074779944 ], [ -38.046003247651697, -9.349413966781071 ], [ -38.054495924347407, -9.352269003111985 ], [ -38.065551375695406, -9.356007467770382 ], [ -38.068765745142969, -9.357119535238326 ], [ -38.076803938650812, -9.359824636597637 ], [ -38.08085127996253, -9.361180737800737 ], [ -38.088740968420893, -9.363855805401045 ], [ -38.101971524566181, -9.368280413210471 ], [ -38.116149019161867, -9.373032766349013 ], [ -38.123520484083031, -9.375597506020029 ], [ -38.127804320113228, -9.377050833828889 ], [ -38.135409002623305, -9.379581416349254 ], [ -38.143173105254562, -9.382262752224165 ], [ -38.153654431206974, -9.385744538679489 ], [ -38.158472413271227, -9.387365629620092 ], [ -38.160599273037974, -9.388989274635264 ], [ -38.161726483290522, -9.392690140437594 ], [ -38.16172851935562, -9.392696825098369 ] ] ] } },
{ "type": "Feature", "properties": { "OBJECTID": 27.0, "Nome": "LT 230 kV Paulo Afonso IV - Paulo Afonso III C1", "Concession": "CHESF - CHESF - Companhia Hidro Elétrica do São Francisco", "Tensao": 230.0, "Extensao": 1.18980457, "Ano_Opera": 0, "Shape_Leng": 0.010476123785, "LARGURA": 35.0, "TIPO": "Servidao_administrativa", "CLASSE": "Linhas_transmissao_energia", "FONTE": "SIGSEB", "Shape_Le_1": 0.010476123785016001 }, "geometry": { "type": "MultiLineString", "coordinates": [ [ [ -38.200137910136391, -9.411933490038507 ], [ -38.200162393279811, -9.411360783773091 ], [ -38.198256832386846, -9.408468724152272 ], [ -38.196445021320642, -9.405581209705019 ], [ -38.196157055703509, -9.40471045192578 ], [ -38.195928889606535, -9.403773232448657 ], [ -38.19630549240452, -9.40292756395587 ], [ -38.196491018945324, -9.402803560036205 ] ] ] } },
{ "type": "Feature", "properties": { "OBJECTID": 28.0, "Nome": "LT 230 kV Paulo Afonso IV - Paulo Afonso III C2", "Concession": "CHESF - CHESF - Companhia Hidro Elétrica do São Francisco", "Tensao": 230.0, "Extensao": 1.39303801, "Ano_Opera": 0, "Shape_Leng": 0.00964144203623, "LARGURA": 35.0, "TIPO": "Servidao_administrativa", "CLASSE": "Linhas_transmissao_energia", "FONTE": "SIGSEB", "Shape_Le_1": 0.012341625919355 }, "geometry": { "type": "MultiLineString", "coordinates": [ [ [ -38.199736261219414, -9.411877687105516 ], [ -38.199877634645077, -9.41138202396121 ], [ -38.196200562206116, -9.405764380022049 ], [ -38.195027923599753, -9.40365668840542 ], [ -38.195025299378017, -9.403651972360592 ] ], [ [ -38.195022742605431, -9.403656726176905 ], [ -38.195025299378017, -9.403651972360592 ] ], [ [ -38.195025299378017, -9.403651972360592 ], [ -38.195022676055601, -9.403647256315764 ], [ -38.194973261906455, -9.403558440169832 ], [ -38.19497065567117, -9.403553755601308 ] ], [ [ -38.195025299378017, -9.403651972360592 ], [ -38.195027855251283, -9.403647219443599 ] ], [ [ -38.194968066523018, -9.403558451861045 ], [ -38.19497065567117, -9.403553755601308 ] ], [ [ -38.19497065567117, -9.403553755601308 ], [ -38.194968048536566, -9.403549069234089 ], [ -38.194867269608778, -9.403367930485558 ], [ -38.19486465348092, -9.403363227930583 ] ], [ [ -38.19497065567117, -9.403553755601308 ], [ -38.194973243920003, -9.403549061140211 ] ], [ [ -38.194862083218538, -9.403367957465207 ], [ -38.19486465348092, -9.403363227930583 ] ], [ [ -38.19486465348092, -9.403363227930583 ], [ -38.194862036453799, -9.403358523576969 ], [ -38.194814469512096, -9.403273026828685 ], [ -38.194811856981573, -9.403268331468269 ] ], [ [ -38.19486465348092, -9.403363227930583 ], [ -38.194867222844039, -9.40335849929528 ] ], [ [ -38.194809278625257, -9.403273046613776 ], [ -38.194811856981573, -9.403268331468269 ] ], [ [ -38.194811856981573, -9.403268331468269 ], [ -38.194809244451051, -9.403263636107852 ], [ -38.194488725174494, -9.402687537599718 ], [ -38.194651040213273, -9.402318524180487 ], [ -38.195557781666253, -9.401619394819193 ] ], [ [ -38.194811856981573, -9.403268331468269 ], [ -38.19481443443857, -9.403263617222137 ] ] ] } },
{ "type": "Feature", "properties": { "OBJECTID": 29.0, "Nome": "LT 500 kV Paulo Afonso IV - Luiz Gonzaga, C2", "Concession": "LEST - LINHAS DE ENERGIA DO SERTÃO TRANSMISSORA S.A", "Tensao": 500.0, "Extensao": 39.40158312, "Ano_Opera": 2020, "Shape_Leng": 0.0053330502502799996, "LARGURA": 60.0, "TIPO": "Servidao_administrativa", "CLASSE": "Linhas_transmissao_energia", "FONTE": "SIGSEB", "Shape_Le_1": 0.150827018663451 }, "geometry": { "type": "MultiLineString", "coordinates": [ [ [ -38.193274320253636, -9.411304286563507 ], [ -38.193273844512248, -9.411299400546852 ] ], [ [ -38.193273844512248, -9.411299400546852 ], [ -38.193278560557076, -9.411300870039099 ], [ -38.195938806430718, -9.412129676243524 ], [ -38.197392969709767, -9.413016033662984 ], [ -38.198228147610905, -9.413135522985954 ] ], [ [ -38.193273844512248, -9.411299400546852 ], [ -38.193273368770917, -9.411294515429518 ] ], [ [ -38.193172586245794, -9.411272590857322 ], [ -38.193172077229519, -9.411267694948094 ] ], [ [ -38.193172077229519, -9.411267694948094 ], [ -38.19317680586488, -9.41126916803762 ], [ -38.193269127568158, -9.411297931054605 ], [ -38.193273844512248, -9.411299400546852 ] ], [ [ -38.193172077229519, -9.411267694948094 ], [ -38.193171568213245, -9.411262799038923 ] ], [ [ -38.192935959327031, -9.411198869831935 ], [ -38.192935622980599, -9.411194026083365 ] ], [ [ -38.192935622980599, -9.411194026083365 ], [ -38.192940286864712, -9.4111954793878 ], [ -38.193167347694896, -9.411266221858625 ], [ -38.193172077229519, -9.411267694948094 ] ], [ [ -38.192935622980599, -9.411194026083365 ], [ -38.192935286634111, -9.411189184133491 ] ], [ [ -38.192802651920829, -9.411157337341194 ], [ -38.192802322768955, -9.41115249629064 ] ], [ [ -38.192802322768955, -9.41115249629064 ], [ -38.192806983055789, -9.411153947796379 ], [ -38.192930959096429, -9.411192572778987 ], [ -38.192935622980599, -9.411194026083365 ] ], [ [ -38.192802322768955, -9.41115249629064 ], [ -38.192801993617081, -9.411147655240029 ] ], [ [ -38.176421612367449, -9.406015062445135 ], [ -38.176418584350131, -9.406009367038621 ] ], [ [ -38.176418584350131, -9.406009367038621 ], [ -38.17642476539055, -9.406011311372879 ], [ -38.189165144255981, -9.410019325331575 ], [ -38.192797659784105, -9.411151043885525 ], [ -38.192802322768955, -9.41115249629064 ] ], [ [ -38.176418584350131, -9.406009367038621 ], [ -38.176415556332813, -9.406003673430746 ] ], [ [ -38.166649703121266, -9.402944350701205 ], [ -38.166656037046437, -9.402946336404227 ], [ -38.174053532844198, -9.405265342621419 ], [ -38.176412402410392, -9.406007421805043 ], [ -38.176418584350131, -9.406009367038621 ] ], [ [ -38.166649703121266, -9.402944350701205 ], [ -38.166652944277928, -9.402950105462935 ] ], [ [ -38.166646461065284, -9.402938594140778 ], [ -38.166649703121266, -9.402944350701205 ] ], [ [ -38.16172851935562, -9.392696825098369 ], [ -38.161730555420775, -9.392703509759144 ] ], [ [ -38.16172851935562, -9.392696825098369 ], [ -38.161725715269483, -9.392703224674051 ], [ -38.161135038751013, -9.394051162730932 ], [ -38.165916334770998, -9.402714450711301 ], [ -38.166643368296775, -9.402942364998125 ], [ -38.166649703121266, -9.402944350701205 ] ], [ [ -38.161726483290522, -9.392690140437594 ], [ -38.16172851935562, -9.392696825098369 ] ], [ [ -38.163501588527424, -9.388650639415403 ], [ -38.163505914266466, -9.388652095417797 ] ], [ [ -38.163501588527424, -9.388650639415403 ], [ -38.163499765601671, -9.388654798779896 ], [ -38.161731324341076, -9.392690423724048 ], [ -38.16172851935562, -9.392696825098369 ] ], [ [ -38.163497260989743, -9.388649182513689 ], [ -38.163501588527424, -9.388650639415403 ] ], [ [ -38.163638341236435, -9.388349894432054 ], [ -38.163634016396713, -9.38834843663102 ] ], [ [ -38.163634016396713, -9.38834843663102 ], [ -38.163632193470903, -9.388352595995457 ], [ -38.163503411453235, -9.388646479151646 ], [ -38.163501588527424, -9.388650639415403 ] ], [ [ -38.163634016396713, -9.38834843663102 ], [ -38.163629689758352, -9.388346977930667 ] ], [ [ -38.163724949546747, -9.388140924364109 ], [ -38.16372927168851, -9.388142386661741 ] ], [ [ -38.163724949546747, -9.388140924364109 ], [ -38.163723127520257, -9.388145082829283 ], [ -38.163635838423147, -9.388344278165846 ], [ -38.163634016396713, -9.38834843663102 ] ], [ [ -38.163720624707025, -9.388139461167157 ], [ -38.163724949546747, -9.388140924364109 ] ], [ [ -38.163764653715759, -9.388050317667989 ], [ -38.163768977656161, -9.388051777267663 ] ], [ [ -38.163764653715759, -9.388050317667989 ], [ -38.163762830789949, -9.388054477032426 ], [ -38.163726772472501, -9.388136764999672 ], [ -38.163724949546747, -9.388140924364109 ] ], [ [ -38.163760328876037, -9.388048857168997 ], [ -38.163764653715759, -9.388050317667989 ] ], [ [ -38.163855823387507, -9.387842266707196 ], [ -38.16386014732791, -9.387843726306869 ] ], [ [ -38.163855823387507, -9.387842266707196 ], [ -38.163854001361017, -9.387846425172313 ], [ -38.163766476641513, -9.388046157404176 ], [ -38.163764653715759, -9.388050317667989 ] ], [ [ -38.163851497648466, -9.387840807107523 ], [ -38.163855823387507, -9.387842266707196 ] ], [ [ -38.179779142193638, -9.352339978507132 ], [ -38.179779024382412, -9.352351764122545 ] ], [ [ -38.179779142193638, -9.352339978507132 ], [ -38.179774481906747, -9.352350821633081 ], [ -38.179430897717737, -9.353150221805265 ], [ -38.177797635352533, -9.355828158242844 ], [ -38.174357283361871, -9.363836723585905 ], [ -38.170814303437282, -9.371909635421275 ], [ -38.167315215824487, -9.379943213608385 ], [ -38.164286865746192, -9.386858617031521 ], [ -38.163857646313261, -9.387838106443439 ], [ -38.163855823387507, -9.387842266707196 ] ], [ [ -38.179779260004807, -9.35232818839512 ], [ -38.179779142193638, -9.352339978507132 ] ], [ [ -38.180060369190642, -9.351697173685579 ], [ -38.180060492397786, -9.351685372781674 ] ], [ [ -38.180060492397786, -9.351685372781674 ], [ -38.180055826714977, -9.351696229397419 ], [ -38.179783801581152, -9.352329137179879 ], [ -38.179779142193638, -9.352339978507132 ] ], [ [ -38.180060492397786, -9.351685372781674 ], [ -38.180060615604873, -9.351673569179809 ] ], [ [ -38.180355161561408, -9.35101129583461 ], [ -38.180355226312599, -9.350999628030365 ] ], [ [ -38.180355226312599, -9.350999628030365 ], [ -38.180350615488464, -9.351010356942368 ], [ -38.180065157181218, -9.351674519763208 ], [ -38.180060492397786, -9.351685372781674 ] ], [ [ -38.180355226312599, -9.350999628030365 ], [ -38.18035529106379, -9.350987961125441 ] ], [ [ -38.203202864420632, -9.296006423057918 ], [ -38.201408851837016, -9.300339939436583 ], [ -38.197389905719547, -9.310085365447208 ], [ -38.190960578667728, -9.32556723583923 ], [ -38.185789816846523, -9.33807142215835 ], [ -38.182367105057835, -9.346318685558856 ], [ -38.180359838036054, -9.350988899118363 ], [ -38.180355226312599, -9.350999628030365 ] ] ] } },
{ "type": "Feature", "properties": { "OBJECTID": 30.0, "Nome": "LT 500 kV Paulo Afonso IV - Luiz Gonzaga C1", "Concession": "CHESF - CHESF - Companhia Hidro Elétrica do São Francisco", "Tensao": 500.0, "Extensao": 37.83885882, "Ano_Opera": 0, "Shape_Leng": 0.00550768745915, "LARGURA": 60.0, "TIPO": "Servidao_administrativa", "CLASSE": "Linhas_transmissao_energia", "FONTE": "SIGSEB", "Shape_Le_1": 0.147285502275733 }, "geometry": { "type": "MultiLineString", "coordinates": [ [ [ -38.193218903129832, -9.410735430295802 ], [ -38.193218426489125, -9.410730538883229 ] ], [ [ -38.193218426489125, -9.410730538883229 ], [ -38.193223144332592, -9.410732020965952 ], [ -38.198477767035286, -9.412382342570993 ] ], [ [ -38.193218426489125, -9.410730538883229 ], [ -38.193217949848474, -9.410725648369919 ] ], [ [ -38.193113295741966, -9.410702261500148 ], [ -38.193112785826372, -9.410697360194945 ] ], [ [ -38.193112785826372, -9.410697360194945 ], [ -38.193117516260315, -9.410698845875004 ], [ -38.193213708645715, -9.410729056800506 ], [ -38.193218426489125, -9.410730538883229 ] ], [ [ -38.193112785826372, -9.410697360194945 ], [ -38.193112275910778, -9.410692458889798 ] ], [ [ -38.192896703020381, -9.410634236780538 ], [ -38.192896365774629, -9.410629389434746 ] ], [ [ -38.192896365774629, -9.410629389434746 ], [ -38.192901030558062, -9.410630854430337 ], [ -38.193108054493052, -9.410695874514943 ], [ -38.193112785826372, -9.410697360194945 ] ], [ [ -38.192896365774629, -9.410629389434746 ], [ -38.192896028528878, -9.410624542088897 ] ], [ [ -38.192764256265377, -9.410592639538663 ], [ -38.192763927113504, -9.410587793991454 ] ], [ [ -38.192763927113504, -9.410587793991454 ], [ -38.192768587400337, -9.410589258087725 ], [ -38.19289170099114, -9.410627924439098 ], [ -38.192896365774629, -9.410629389434746 ] ], [ [ -38.192763927113504, -9.410587793991454 ], [ -38.19276359796163, -9.41058295024294 ] ], [ [ -38.176145051952517, -9.40549495752623 ], [ -38.17614206710266, -9.405489344857358 ] ], [ [ -38.17614206710266, -9.405489344857358 ], [ -38.176148187888543, -9.405491174977669 ], [ -38.184272385362249, -9.4079208526652 ], [ -38.192759263229391, -9.410586328995862 ], [ -38.192763927113504, -9.410587793991454 ] ], [ [ -38.17614206710266, -9.405489344857358 ], [ -38.176139082252803, -9.40548373038979 ] ], [ [ -38.166139501536748, -9.389193060111609 ], [ -38.166135183891583, -9.389191605008534 ] ], [ [ -38.166135183891583, -9.389191605008534 ], [ -38.166133478776999, -9.389195803943153 ], [ -38.163761431444868, -9.395036072356788 ], [ -38.168103948238581, -9.402923984654137 ], [ -38.172446445247203, -9.404384106841007 ], [ -38.176135946316833, -9.40548751473699 ], [ -38.17614206710266, -9.405489344857358 ] ], [ [ -38.166135183891583, -9.389191605008534 ], [ -38.166130867145739, -9.38919014990546 ] ], [ [ -38.166219171577438, -9.388984817595201 ], [ -38.166223486524643, -9.388986277194874 ] ], [ [ -38.166219171577438, -9.388984817595201 ], [ -38.166217466462854, -9.3889890156305 ], [ -38.166136889006168, -9.389187406073859 ], [ -38.166135183891583, -9.389191605008534 ] ], [ [ -38.16621485663029, -9.388983357995528 ], [ -38.166219171577438, -9.388984817595201 ] ], [ [ -38.166256981774268, -9.388891725172925 ], [ -38.166261297620736, -9.388893182074639 ] ], [ [ -38.166256981774268, -9.388891725172925 ], [ -38.166255276659626, -9.388895924107544 ], [ -38.16622087669208, -9.388980618660582 ], [ -38.166219171577438, -9.388984817595201 ] ], [ [ -38.166252665028424, -9.388890268271211 ], [ -38.166256981774268, -9.388891725172925 ] ], [ [ -38.166342397583549, -9.388681420511091 ], [ -38.166346713430016, -9.388682877412805 ] ], [ [ -38.166342397583549, -9.388681420511091 ], [ -38.166340692468964, -9.38868561944571 ], [ -38.166258687788172, -9.388887525338987 ], [ -38.166256981774268, -9.388891725172925 ] ], [ [ -38.166338080837704, -9.388679963609377 ], [ -38.166342397583549, -9.388681420511091 ] ], [ [ -38.179751029386466, -9.356551449689618 ], [ -38.179750955642021, -9.356563653489786 ] ], [ [ -38.179751029386466, -9.356551449689618 ], [ -38.179746409569077, -9.356562760462964 ], [ -38.179501566444117, -9.357162190982308 ], [ -38.16847276380696, -9.383436199321068 ], [ -38.166344103597453, -9.388677220677152 ], [ -38.166342397583549, -9.388681420511091 ] ], [ [ -38.179751103130855, -9.356539242292172 ], [ -38.179751029386466, -9.356551449689618 ] ], [ [ -38.180022068863366, -9.355899906155685 ], [ -38.180022172285362, -9.355887630409768 ] ], [ [ -38.180022172285362, -9.355887630409768 ], [ -38.180017523689742, -9.35589901133028 ], [ -38.179755649203798, -9.356540138916216 ], [ -38.179751029386466, -9.356551449689618 ] ], [ [ -38.180022172285362, -9.355887630409768 ], [ -38.180022275707415, -9.355875349267933 ] ], [ [ -38.180318844239252, -9.355173332183483 ], [ -38.180318974640898, -9.355160991686375 ] ], [ [ -38.180318974640898, -9.355160991686375 ], [ -38.180314300864268, -9.355172434660062 ], [ -38.1800268190824, -9.355876253985912 ], [ -38.180022172285362, -9.355887630409768 ] ], [ [ -38.180318974640898, -9.355160991686375 ], [ -38.180319105042599, -9.355148642196013 ] ], [ [ -38.204284981766477, -9.296758960457623 ], [ -38.200850089559935, -9.305109101803566 ], [ -38.19548202637435, -9.318167584366506 ], [ -38.186211645650872, -9.340734392078502 ], [ -38.180323645719625, -9.355149555907246 ], [ -38.180318974640898, -9.355160991686375 ] ] ] } },
{ "type": "Feature", "properties": { "OBJECTID": 31.0, "Nome": "LT 230 kV Messias - Rio Largo II C1", "Concession": "CHESF - CHESF - Companhia Hidro Elétrica do São Francisco", "Tensao": 230.0, "Extensao": 11.9800099, "Ano_Opera": 0, "Shape_Leng": 0.10359889604600001, "LARGURA": 35.0, "TIPO": "Servidao_administrativa", "CLASSE": "Linhas_transmissao_energia", "FONTE": "SIGSEB", "Shape_Le_1": 0.103598896046298 }, "geometry": { "type": "MultiLineString", "coordinates": [ [ [ -35.841757930384119, -9.40328296163932 ], [ -35.842225922288435, -9.406250735183221 ], [ -35.842046341165656, -9.408950608783528 ], [ -35.840102704775973, -9.412335401557471 ], [ -35.835491606352491, -9.42038984041875 ], [ -35.83387147858582, -9.423254505790737 ], [ -35.83229011159932, -9.431533651057123 ], [ -35.828861394137959, -9.449557825733052 ], [ -35.83074604219604, -9.458465377674997 ], [ -35.832740403047126, -9.467892471560276 ], [ -35.833747142816321, -9.472582978321725 ], [ -35.834715082235221, -9.477268760944526 ], [ -35.835691423120636, -9.481820896217357 ], [ -35.836753044017712, -9.486784341823864 ], [ -35.837997755192191, -9.492794022725946 ], [ -35.838199964156956, -9.497288134639632 ], [ -35.837753358130954, -9.502743584948462 ], [ -35.837747436095242, -9.503217282151809 ] ] ] } },
{ "type": "Feature", "properties": { "OBJECTID": 32.0, "Nome": "LT 230 kV Angelim - Messias C1", "Concession": "CHESF - CHESF - Companhia Hidro Elétrica do São Francisco", "Tensao": 230.0, "Extensao": 80.22743432, "Ano_Opera": 0, "Shape_Leng": 0.0092056412062000003, "LARGURA": 35.0, "TIPO": "Servidao_administrativa", "CLASSE": "Linhas_transmissao_energia", "FONTE": "SIGSEB", "Shape_Le_1": 0.0092056412061989994 }, "geometry": { "type": "MultiLineString", "coordinates": [ [ [ -35.842601704904723, -9.403221082886603 ], [ -35.843237209029951, -9.405288074784778 ], [ -35.844360720370901, -9.406152708180912 ], [ -35.845216256225228, -9.40455797636946 ], [ -35.84482624993143, -9.402251575050116 ], [ -35.844611440565473, -9.400790691137445 ] ] ] } },
{ "type": "Feature", "properties": { "OBJECTID": 33.0, "Nome": "LT 230 kV Angelim - Messias C2", "Concession": "CHESF - CHESF - Companhia Hidro Elétrica do São Francisco", "Tensao": 230.0, "Extensao": 80.16525635000001, "Ano_Opera": 0, "Shape_Leng": 0.0084004442162899998, "LARGURA": 35.0, "TIPO": "Servidao_administrativa", "CLASSE": "Linhas_transmissao_energia", "FONTE": "SIGSEB", "Shape_Le_1": 0.51142659833678095 }, "geometry": { "type": "MultiLineString", "coordinates": [ [ [ -35.842836231906517, -9.403219403852347 ], [ -35.842960383315017, -9.4037836843695 ], [ -35.843517241727284, -9.404982792721682 ], [ -35.844359744606493, -9.405849517940851 ], [ -35.845096978242907, -9.404545026131984 ], [ -35.84458801592416, -9.402198586095835 ], [ -35.844390152483527, -9.40082028602734 ], [ -35.844389510367591, -9.400815811900145 ] ], [ [ -35.844389510367591, -9.400815811900145 ], [ -35.844384999368174, -9.400816415345219 ] ], [ [ -35.844389510367591, -9.400815811900145 ], [ -35.844388868251599, -9.400811335974311 ], [ -35.844226252839235, -9.399678568810828 ], [ -35.844926463185686, -9.394645572335264 ], [ -35.845691404934371, -9.39060314132189 ], [ -35.846637775013278, -9.385577552561926 ], [ -35.847763611101755, -9.379542332712447 ], [ -35.861113395766552, -9.366583480643044 ], [ -35.868454385361531, -9.352368045448884 ], [ -35.871635134553799, -9.346389368674352 ], [ -35.87871130258452, -9.34112519786953 ], [ -35.882850201175813, -9.338161039600266 ], [ -35.885973386562512, -9.335908755884304 ], [ -35.893176692650229, -9.330707417113558 ], [ -35.897609629081046, -9.327488006066574 ], [ -35.901314450101722, -9.324982433692298 ], [ -35.909432437756777, -9.319444379754259 ], [ -35.921408433352497, -9.311290266332662 ], [ -35.929337911415416, -9.306028703561765 ], [ -35.936035285000344, -9.301657450730715 ], [ -35.942266718034546, -9.297609216392175 ], [ -35.945825770642784, -9.295272214740862 ], [ -35.949512812066587, -9.29288826398215 ], [ -35.951242624747294, -9.290315360265595 ], [ -35.954349725759187, -9.285665619772487 ], [ -35.9795633929362, -9.247779055259173 ], [ -35.987646054321885, -9.232897292575956 ], [ -35.989858953128135, -9.22370305475215 ], [ -35.991807730942014, -9.21537970061263 ], [ -35.994563146671851, -9.203908319113566 ], [ -35.99704016557115, -9.193807507110705 ], [ -36.000131085980797, -9.181122601127072 ], [ -36.000670034394545, -9.176558795352094 ], [ -36.001493030079246, -9.170818046815384 ], [ -36.006335232684819, -9.166808655994657 ], [ -36.009397005167614, -9.164328067686142 ], [ -36.016240532974166, -9.15873355790734 ], [ -36.021558628028231, -9.155192919817353 ], [ -36.029510786993171, -9.150688600598414 ], [ -36.038562255643512, -9.145563241950015 ], [ -36.046384971589134, -9.141188720982655 ], [ -36.052839260223664, -9.137560042861651 ], [ -36.056670193174853, -9.134425104235106 ], [ -36.057431620372938, -9.134169310964865 ], [ -36.059840824094692, -9.132182462150865 ], [ -36.062666433708898, -9.129529362290214 ], [ -36.067365869838966, -9.125662737944936 ], [ -36.076990849647927, -9.117821127243189 ], [ -36.084306699594492, -9.111737945649622 ], [ -36.096234711862394, -9.101963568663734 ], [ -36.101946862857403, -9.097270252420174 ], [ -36.11791267732815, -9.084345900143148 ], [ -36.124845919703375, -9.078743949373745 ], [ -36.134016258943177, -9.07005731589237 ], [ -36.150348364585341, -9.054643979236232 ], [ -36.156787908834872, -9.0485539538019 ], [ -36.163826299044445, -9.041871321004635 ], [ -36.165776505881013, -9.040026735945048 ] ], [ [ -35.844394022266272, -9.400815208455072 ], [ -35.844389510367591, -9.400815811900145 ] ] ] } },
{ "type": "Feature", "properties": { "OBJECTID": 34.0, "Nome": "LT 230 kV Angelim - Messias C3", "Concession": "CHESF - CHESF - Companhia Hidro Elétrica do São Francisco", "Tensao": 230.0, "Extensao": 81.24410599, "Ano_Opera": 0, "Shape_Leng": 0.0068350556190800004, "LARGURA": 35.0, "TIPO": "Servidao_administrativa", "CLASSE": "Linhas_transmissao_energia", "FONTE": "SIGSEB", "Shape_Le_1": 0.52056684580088297 }, "geometry": { "type": "MultiLineString", "coordinates": [ [ [ -35.842988674187893, -9.403169665947303 ], [ -35.843084815311954, -9.403783510800338 ], [ -35.843695674415812, -9.404824265627326 ], [ -35.844235854001397, -9.405033545961317 ], [ -35.844711005408556, -9.404584338196628 ], [ -35.844349414094154, -9.402207314915586 ], [ -35.844163040391948, -9.400850659730111 ], [ -35.844162425255661, -9.400846182005637 ] ], [ [ -35.844162425255661, -9.400846182005637 ], [ -35.84415791335698, -9.400846785450767 ] ], [ [ -35.844162425255661, -9.400846182005637 ], [ -35.844161810119374, -9.400841702482523 ], [ -35.84408936433266, -9.400314355323189 ], [ -35.843979814316924, -9.399361252020128 ], [ -35.844754000196929, -9.394494994348463 ], [ -35.84563002980201, -9.389875514243556 ], [ -35.846669604718443, -9.384310206350904 ], [ -35.847574587097483, -9.379474156007461 ], [ -35.854126945002463, -9.37308183605785 ], [ -35.860765034378801, -9.36665257915314 ], [ -35.862404133344057, -9.363486292858056 ], [ -35.86405587407927, -9.360314101614449 ], [ -35.866440868950917, -9.355823205676359 ], [ -35.868339915154934, -9.35225093123546 ], [ -35.871460754210375, -9.346328228265065 ], [ -35.878793854952391, -9.340824767648883 ], [ -35.888172686720054, -9.334019627403848 ], [ -35.893162415912741, -9.330393327989668 ], [ -35.897109942369923, -9.327495144885006 ], [ -35.901542877901477, -9.324497023718607 ], [ -35.909304778092974, -9.319191627091868 ], [ -35.916092393249301, -9.3145922693177 ], [ -35.927067235664367, -9.307233763627266 ], [ -35.929586976857479, -9.305604912436706 ], [ -35.936075221194471, -9.301381809422935 ], [ -35.943972934303417, -9.29623522407627 ], [ -35.945770599933212, -9.295037254265822 ], [ -35.949229637137989, -9.291881689688182 ], [ -35.951138705386882, -9.2901303958011 ], [ -35.954316413971299, -9.285351513561466 ], [ -35.979589476872832, -9.247308635185334 ], [ -35.987474732572821, -9.232840185626003 ], [ -35.989651939984981, -9.223638809883141 ], [ -35.991614995435668, -9.215272624631893 ], [ -35.994356134428017, -9.203944011406975 ], [ -35.997011612995493, -9.192679643051065 ], [ -35.999959765130995, -9.180630052335005 ], [ -36.00046183144832, -9.176243516425075 ], [ -36.001308622295028, -9.170883483286104 ], [ -36.002057260234324, -9.165852409561012 ], [ -36.003800214708122, -9.153761179334936 ], [ -36.006766946837104, -9.150629232752863 ], [ -36.012917852776638, -9.144157098870949 ], [ -36.016903450233997, -9.139820531092596 ], [ -36.021162686208982, -9.139421972246168 ], [ -36.028580655073142, -9.139564738721674 ], [ -36.035391863044026, -9.139648020439722 ], [ -36.039889044343852, -9.139594482899042 ], [ -36.043946024589332, -9.139106693319206 ], [ -36.052625109161397, -9.137417276386145 ], [ -36.056604756704132, -9.134139567686873 ], [ -36.059317343120824, -9.132313332394347 ], [ -36.063564681065145, -9.128476451327117 ], [ -36.076999580266374, -9.117493773119065 ], [ -36.079850498601559, -9.115158231067483 ], [ -36.084156207043293, -9.111564969147935 ], [ -36.088941695702658, -9.10763562158661 ], [ -36.094459487915003, -9.103132807832765 ], [ -36.101736425095908, -9.097186835803768 ], [ -36.108915637446671, -9.091371046936217 ], [ -36.112703993794241, -9.088300201193306 ], [ -36.120547315905867, -9.081952011875785 ], [ -36.124608254067653, -9.078660105579388 ], [ -36.128561046954701, -9.074923277687049 ], [ -36.13368237034507, -9.070075297836695 ], [ -36.139592094299644, -9.064487443041003 ], [ -36.146118763070433, -9.058327278580975 ], [ -36.150168394056095, -9.05449619814101 ], [ -36.154289566110549, -9.050598123604459 ], [ -36.160108184245246, -9.045118769315707 ], [ -36.163854528763466, -9.041565368047259 ], [ -36.16554655732773, -9.039959480145853 ] ], [ [ -35.844166936255078, -9.400845578560563 ], [ -35.844162425255661, -9.400846182005637 ] ] ] } },
{ "type": "Feature", "properties": { "OBJECTID": 35.0, "Nome": "LT 230 kV Paulo Afonso III - UHE Paulo Afonso I C1", "Concession": "CHESF - CHESF - Companhia Hidro Elétrica do São Francisco", "Tensao": 230.0, "Extensao": 0.77084684, "Ano_Opera": 0, "Shape_Leng": 0.0059596754585900004, "LARGURA": 35.0, "TIPO": "Servidao_administrativa", "CLASSE": "Linhas_transmissao_energia", "FONTE": "SIGSEB", "Shape_Le_1": 0.0059596754585939998 }, "geometry": { "type": "MultiLineString", "coordinates": [ [ [ -38.196545223783005, -9.40162447598874 ], [ -38.197469300567718, -9.400951540281312 ], [ -38.199330018565433, -9.399936611285511 ], [ -38.201311350938056, -9.398106788597374 ] ] ] } },
{ "type": "Feature", "properties": { "OBJECTID": 36.0, "Nome": "LT 230 kV Paulo Afonso III - Santana II, C1", "Concession": "CHESF - CHESF - Companhia Hidro Elétrica do São Francisco", "Tensao": 230.0, "Extensao": 107.66636628000001, "Ano_Opera": 2021, "Shape_Leng": 0.031429569223199998, "LARGURA": 35.0, "TIPO": "Servidao_administrativa", "CLASSE": "Linhas_transmissao_energia", "FONTE": "SIGSEB", "Shape_Le_1": 0.78248126443941002 }, "geometry": { "type": "MultiLineString", "coordinates": [ [ [ -38.195466709121263, -9.401241898994385 ], [ -38.194563920188727, -9.401700778068403 ], [ -38.192597003049229, -9.402660131659729 ], [ -38.189837609617939, -9.401928088910154 ], [ -38.187983729165751, -9.400084638795022 ], [ -38.183020985929716, -9.395180353290641 ], [ -38.179060916627975, -9.393565726676911 ], [ -38.16816291678515, -9.389876744516073 ], [ -38.168156729449436, -9.389874649995079 ] ], [ [ -38.168159701708817, -9.389880432635834 ], [ -38.168156729449436, -9.389874649995079 ] ], [ [ -38.168156729449436, -9.389874649995079 ], [ -38.168150541214459, -9.389872555474028 ], [ -38.167033440241028, -9.389494415734646 ], [ -38.166139501536748, -9.389193060111609 ], [ -38.166135183891583, -9.389191605008534 ] ], [ [ -38.168156729449436, -9.389874649995079 ], [ -38.168153758089431, -9.389868868253643 ] ], [ [ -38.166135183891583, -9.389191605008534 ], [ -38.166133478776999, -9.389195803943153 ] ], [ [ -38.166135183891583, -9.389191605008534 ], [ -38.166130867145739, -9.38919014990546 ], [ -38.165012534101152, -9.388813148707811 ], [ -38.165007499696287, -9.388811451687104 ] ], [ [ -38.166136889006168, -9.389187406073859 ], [ -38.166135183891583, -9.389191605008534 ] ], [ [ -38.165003436559289, -9.388814855621035 ], [ -38.165007499696287, -9.388811451687104 ] ], [ [ -38.165007499696287, -9.388811451687104 ], [ -38.165002465291479, -9.388809754666397 ], [ -38.163638341236435, -9.388349894432054 ], [ -38.163634016396713, -9.38834843663102 ] ], [ [ -38.165007499696287, -9.388811451687104 ], [ -38.165011562833342, -9.388808047753173 ] ], [ [ -38.163634016396713, -9.38834843663102 ], [ -38.163632193470903, -9.388352595995457 ] ], [ [ -38.163634016396713, -9.38834843663102 ], [ -38.163629689758352, -9.388346977930667 ], [ -38.143575375603064, -9.381586471938078 ], [ -38.124496974255919, -9.375130685033014 ], [ -38.105323085591863, -9.368638450404092 ], [ -38.08463519365921, -9.361634051869942 ], [ -38.070639720046984, -9.356908898726658 ], [ -38.055976552875563, -9.351975503066967 ], [ -37.982119815277201, -9.326960887335019 ], [ -37.965283809600066, -9.321288363167355 ], [ -37.959065887080953, -9.319164570988107 ], [ -37.955199048697125, -9.318454603896782 ], [ -37.945318788231475, -9.316909853706761 ], [ -37.923794876632201, -9.313604539417895 ], [ -37.910703295420717, -9.311545337447342 ], [ -37.898163107441405, -9.309591499148326 ], [ -37.881569673201795, -9.30701336767271 ], [ -37.864868991210926, -9.304410564196132 ], [ -37.848711965584698, -9.301887154668407 ], [ -37.832867266411199, -9.299410592624724 ], [ -37.816682232299115, -9.296897819378842 ], [ -37.799381724986574, -9.294252447392466 ], [ -37.784262213929992, -9.291835475326877 ], [ -37.770764901778762, -9.289731898108585 ], [ -37.755807694969121, -9.287406925788957 ], [ -37.737879752248716, -9.28459187511487 ], [ -37.721462848631518, -9.282022234138765 ], [ -37.706037487140293, -9.279622395956778 ], [ -37.678708645087852, -9.275362618589952 ], [ -37.655940254339214, -9.271787050831676 ], [ -37.619324787109178, -9.266065973166064 ], [ -37.585017850793122, -9.260695287557439 ], [ -37.569280468618672, -9.258222908260564 ], [ -37.550039583160185, -9.255191924967335 ], [ -37.520531135203669, -9.250592694896909 ], [ -37.499944648126984, -9.24733978770098 ], [ -37.486313817228847, -9.245203702688684 ], [ -37.453510214624657, -9.240058906992942 ], [ -37.435165475706071, -9.237169967120224 ] ], [ [ -38.163635838423147, -9.388344278165846 ], [ -38.163634016396713, -9.38834843663102 ] ] ] } },
{ "type": "Feature", "properties": { "OBJECTID": 37.0, "Nome": "LT 500 kV Messias - Suape II C1", "Concession": "CHESF - CHESF - Companhia Hidro Elétrica do São Francisco", "Tensao": 500.0, "Extensao": 181.94494709, "Ano_Opera": 2012, "Shape_Leng": 0.58537922914999996, "LARGURA": 60.0, "TIPO": "Servidao_administrativa", "CLASSE": "Linhas_transmissao_energia", "FONTE": "SIGSEB", "Shape_Le_1": 0.58537922915039398 }, "geometry": { "type": "MultiLineString", "coordinates": [ [ [ -35.841216709383616, -9.401212040603127 ], [ -35.840355273976684, -9.401296102033427 ], [ -35.838055238058757, -9.401326814780646 ], [ -35.830497606279437, -9.396876202174951 ], [ -35.826599368066354, -9.39473251069677 ], [ -35.820522435861676, -9.391132660343942 ], [ -35.816211953818595, -9.386533537292848 ], [ -35.813626438009635, -9.383841371781841 ], [ -35.810583981165735, -9.380475213859995 ], [ -35.807028270438309, -9.376818753882333 ], [ -35.803214754657176, -9.373295604908208 ], [ -35.799369535075925, -9.368556862109472 ], [ -35.798519608293248, -9.367591977687596 ], [ -35.79772801783372, -9.358561579253433 ], [ -35.797152331215045, -9.353094132887861 ], [ -35.796406895761606, -9.34583156957126 ], [ -35.796147383794676, -9.342893693988742 ], [ -35.795129820684622, -9.333162151711861 ], [ -35.792560899166119, -9.327688033276047 ], [ -35.789821497663922, -9.3217985431682 ], [ -35.787952558963354, -9.317520754179441 ], [ -35.785565912936477, -9.31250013687179 ], [ -35.783526507742067, -9.308836529082498 ], [ -35.781733192133061, -9.305584103923195 ], [ -35.779167993807846, -9.300839582080982 ], [ -35.775767999793288, -9.294869965076771 ], [ -35.773298745640545, -9.29057118591146 ], [ -35.771235362721768, -9.2868817082242 ], [ -35.769521486027713, -9.283762112931129 ], [ -35.767211573755105, -9.279551348615826 ], [ -35.764059480560547, -9.274096151915842 ], [ -35.7622633743552, -9.270720441395213 ], [ -35.758678376305966, -9.264220438422456 ], [ -35.753945126566293, -9.25620820474478 ], [ -35.750424777181706, -9.249805728751312 ], [ -35.747987087434069, -9.245321164040433 ], [ -35.748704768010612, -9.23884976760263 ], [ -35.749524934428166, -9.230770732283418 ], [ -35.750393023918889, -9.223491771627891 ], [ -35.750742543633464, -9.220379110107785 ], [ -35.748725974923786, -9.214798511941751 ], [ -35.746502742907239, -9.209528101640558 ], [ -35.744727179915401, -9.204331061629148 ], [ -35.742972175425507, -9.19966896535044 ], [ -35.739668075221459, -9.190657716180624 ], [ -35.737483539233892, -9.185282334312205 ], [ -35.735532242419026, -9.179928361704469 ], [ -35.733727095329129, -9.175001671389964 ], [ -35.732554109584441, -9.171913251095589 ], [ -35.729983546803226, -9.165122311145694 ], [ -35.7275927773847, -9.160426828435334 ], [ -35.725558426380246, -9.157171765564499 ], [ -35.722921178869285, -9.153073931816436 ], [ -35.721066167069921, -9.149957854671186 ], [ -35.718122936923976, -9.145443331744332 ], [ -35.716762854422143, -9.143234512262893 ], [ -35.715196301967694, -9.140544273099692 ], [ -35.710730030366562, -9.133601543776194 ], [ -35.708303157664545, -9.12978462765841 ], [ -35.705522060894339, -9.125662693878155 ], [ -35.704037762232872, -9.123443928794245 ], [ -35.700334164290211, -9.117819851105196 ], [ -35.697833618226866, -9.114037805300427 ], [ -35.695901510246472, -9.111102508074225 ], [ -35.693718162263337, -9.107851009216631 ], [ -35.690707646640533, -9.103052978612027 ], [ -35.688601763560484, -9.100086784277607 ], [ -35.68633788938206, -9.096571513364609 ], [ -35.684055585396891, -9.093041893768316 ], [ -35.682815396912986, -9.091003076730544 ], [ -35.680543768779842, -9.08775321913572 ], [ -35.677998321365408, -9.083754407939523 ], [ -35.675766750834839, -9.080412745751573 ], [ -35.673237213326672, -9.076633032788209 ], [ -35.67087082542821, -9.072989777556131 ], [ -35.66707940329178, -9.066822750369568 ], [ -35.665875434103953, -9.064946130559406 ], [ -35.66271502487848, -9.060008010761067 ], [ -35.658652306958345, -9.053576973198687 ], [ -35.654818281238647, -9.047538995128491 ], [ -35.651238869777956, -9.04176206236923 ], [ -35.647348238930022, -9.035616455235186 ], [ -35.644072541114838, -9.030450068615721 ], [ -35.641238241351687, -9.026046710886931 ], [ -35.638248426323798, -9.021415557581861 ], [ -35.635865981030179, -9.01742529534107 ], [ -35.636506446715089, -9.004425998960642 ], [ -35.637593989670847, -8.991096022763202 ], [ -35.637583417240876, -8.989472377747973 ], [ -35.638447273622717, -8.977832099971408 ], [ -35.640016529439265, -8.95561269317119 ], [ -35.641827299090551, -8.930673562035224 ], [ -35.64325497463733, -8.910205439229571 ], [ -35.644482776758707, -8.892973382015896 ], [ -35.645252924682666, -8.881747342765607 ] ] ] } },
{ "type": "Feature", "properties": { "OBJECTID": 38.0, "Nome": "LT 230 kV Paulo Afonso III - UHE Paulo Afonso II C1", "Concession": "CHESF - CHESF - Companhia Hidro Elétrica do São Francisco", "Tensao": 230.0, "Extensao": 0.7335138, "Ano_Opera": 0, "Shape_Leng": 0.0055596964489700003, "LARGURA": 35.0, "TIPO": "Servidao_administrativa", "CLASSE": "Linhas_transmissao_energia", "FONTE": "SIGSEB", "Shape_Le_1": 0.0055596964489729997 }, "geometry": { "type": "MultiLineString", "coordinates": [ [ [ -38.196378505663461, -9.400915392031663 ], [ -38.19709709725322, -9.400389117763552 ], [ -38.198614279625247, -9.399846402989056 ], [ -38.200929515884411, -9.397849145421674 ] ] ] } },
{ "type": "Feature", "properties": { "OBJECTID": 39.0, "Nome": "LT 230 kV Paulo Afonso III - UHE Paulo Afonso II C2", "Concession": "CHESF - CHESF - Companhia Hidro Elétrica do São Francisco", "Tensao": 230.0, "Extensao": 0.71754784, "Ano_Opera": 0, "Shape_Leng": 0.0053378143718699998, "LARGURA": 35.0, "TIPO": "Servidao_administrativa", "CLASSE": "Linhas_transmissao_energia", "FONTE": "SIGSEB", "Shape_Le_1": 0.0053378143718740001 }, "geometry": { "type": "MultiLineString", "coordinates": [ [ [ -38.196304686611938, -9.400791103026961 ], [ -38.197055503608567, -9.40027108444292 ], [ -38.198454454809223, -9.399411719275406 ], [ -38.20057509306605, -9.39760999950181 ] ] ] } },
{ "type": "Feature", "properties": { "OBJECTID": 40.0, "Nome": "LT 230 kV Angelim - Messias C1", "Concession": "CHESF - CHESF - Companhia Hidro Elétrica do São Francisco", "Tensao": 230.0, "Extensao": 80.22743432, "Ano_Opera": 0, "Shape_Leng": 0.50292243146100002, "LARGURA": 35.0, "TIPO": "Servidao_administrativa", "CLASSE": "Linhas_transmissao_energia", "FONTE": "SIGSEB", "Shape_Le_1": 0.50292243146113402 }, "geometry": { "type": "MultiLineString", "coordinates": [ [ [ -35.844610124857354, -9.400781745581071 ], [ -35.844519001950346, -9.400162026356384 ], [ -35.845008507436603, -9.394663022780207 ], [ -35.846736309233222, -9.385614544375699 ], [ -35.847855441775152, -9.379609755785566 ], [ -35.857627518295317, -9.370153022943612 ], [ -35.861214061379769, -9.366632737410839 ], [ -35.866791041573265, -9.355800095797747 ], [ -35.87173144295167, -9.346450387675191 ], [ -35.878780026976642, -9.34122396411459 ], [ -35.888379699863208, -9.334333714729098 ], [ -35.897702428324351, -9.327587944128254 ], [ -35.901428664001571, -9.325089508773772 ], [ -35.909609250766266, -9.319493016889169 ], [ -35.921435419309091, -9.311376093132139 ], [ -35.945881941398454, -9.295341728737753 ], [ -35.949605611309892, -9.292981063225454 ], [ -35.951350323058932, -9.290370155957874 ], [ -35.979701034175321, -9.247845067295998 ], [ -35.981721195676585, -9.244133108356209 ], [ -35.987795959615823, -9.232940122788364 ], [ -35.99000171960364, -9.223717332388958 ], [ -35.991950499216102, -9.215408254087606 ], [ -35.994713052865052, -9.203894043275454 ], [ -35.997197210582783, -9.193843199404057 ], [ -36.000288130093111, -9.181151153702729 ], [ -36.00080685275401, -9.176558795352094 ], [ -36.001594157044678, -9.170919174680137 ], [ -36.006388771124819, -9.166933577222778 ], [ -36.009496942329974, -9.164423245636215 ], [ -36.016333332217471, -9.158847771807189 ], [ -36.021630011715615, -9.155292857879033 ], [ -36.029589308599668, -9.150795675679831 ], [ -36.038626502311217, -9.145670317031431 ], [ -36.046438510029191, -9.141295796963391 ], [ -36.052910643911048, -9.137643324579699 ], [ -36.056693987437541, -9.134526231200539 ], [ -36.05746731176697, -9.134276386945658 ], [ -36.059918156797437, -9.132277640100938 ], [ -36.062731869280299, -9.129630490154966 ], [ -36.067437254425727, -9.125757916794385 ], [ -36.077069751667636, -9.117885303763728 ], [ -36.089184206885591, -9.107884733793355 ], [ -36.102008186728369, -9.097337113416984 ], [ -36.117979616566004, -9.084425580975733 ], [ -36.124932204257789, -9.078794806934752 ], [ -36.128671493594538, -9.075261369716372 ], [ -36.135445250198075, -9.06884660898379 ], [ -36.143261476635814, -9.061487674316652 ], [ -36.154537653989507, -9.050789053272126 ], [ -36.163897995695891, -9.041925238958584 ], [ -36.1658762487898, -9.04005590905291 ] ] ] } },
{ "type": "Feature", "properties": { "OBJECTID": 41.0, "Nome": "LT 230 kV Paulo Afonso III - Tacaratu C1", "Concession": "CHESF - CHESF - Companhia Hidro Elétrica do São Francisco", "Tensao": 230.0, "Extensao": 49.05796588, "Ano_Opera": 2014, "Shape_Leng": 0.00215172018818, "LARGURA": 35.0, "TIPO": "Servidao_administrativa", "CLASSE": "Linhas_transmissao_energia", "FONTE": "SIGSEB", "Shape_Le_1": 0.11855153969794401 }, "geometry": { "type": "MultiLineString", "coordinates": [ [ [ -38.195883113215075, -9.400634316120772 ], [ -38.196879990119385, -9.400144093874758 ], [ -38.196889039097812, -9.399641957410381 ], [ -38.196687616140537, -9.399142428080552 ], [ -38.196685028791023, -9.399136010518419 ] ], [ [ -38.196685028791023, -9.399136010518419 ], [ -38.196691210730762, -9.39913918422593 ] ], [ [ -38.196685028791023, -9.399136010518419 ], [ -38.196682441441453, -9.399129594754925 ], [ -38.196549597186106, -9.398800141613208 ], [ -38.196054975456718, -9.398386666611316 ], [ -38.196050393410871, -9.398382836398753 ] ], [ [ -38.196678844153269, -9.399132835012267 ], [ -38.196685028791023, -9.399136010518419 ] ], [ [ -38.196050393410871, -9.398382836398753 ], [ -38.196050440175611, -9.398388785414056 ] ], [ [ -38.196050393410871, -9.398382836398753 ], [ -38.196045810465762, -9.398379005286813 ], [ -38.194815951594819, -9.397350915612208 ], [ -38.192270443925793, -9.395191657768748 ], [ -38.189875724684896, -9.393148064431557 ], [ -38.188572432571675, -9.391790223040289 ], [ -38.188304313193441, -9.391590274071859 ], [ -38.188299974863924, -9.391587038311116 ] ], [ [ -38.196050346646132, -9.398376888282712 ], [ -38.196050393410871, -9.398382836398753 ] ], [ [ -38.188299974863924, -9.391587038311116 ], [ -38.188299602544589, -9.391592412659691 ] ], [ [ -38.188299974863924, -9.391587038311116 ], [ -38.188295636534349, -9.391583803449748 ], [ -38.187924166167306, -9.391306778984642 ], [ -38.187919871904512, -9.391303576498785 ] ], [ [ -38.188300347183258, -9.391581665761237 ], [ -38.188299974863924, -9.391587038311116 ] ], [ [ -38.187919871904512, -9.391303576498785 ], [ -38.187919415048896, -9.391308887894809 ] ], [ [ -38.187919871904512, -9.391303576498785 ], [ -38.187915578541094, -9.391300374912305 ], [ -38.187800359199173, -9.39121445008675 ], [ -38.187796064936379, -9.39121124760095 ] ], [ [ -38.187920328760129, -9.391298265102819 ], [ -38.187919871904512, -9.391303576498785 ] ], [ [ -38.187796064936379, -9.39121124760095 ], [ -38.187795611678098, -9.391216561694932 ] ], [ [ -38.187796064936379, -9.39121124760095 ], [ -38.187791767975682, -9.39120804331651 ], [ -38.184316259687591, -9.388616184589182 ], [ -38.180017064136166, -9.385347491593393 ], [ -38.180047820050788, -9.381987350136058 ], [ -38.180088863310345, -9.376799162151542 ], [ -38.180178139009854, -9.368830311769443 ], [ -38.180208465947885, -9.363706220265783 ], [ -38.180270656765344, -9.360777898181425 ], [ -38.180279905393263, -9.359657792573046 ], [ -38.180280000721439, -9.359646272257635 ] ], [ [ -38.187796518194716, -9.391205934406287 ], [ -38.187796064936379, -9.39121124760095 ] ], [ [ -38.180275362018278, -9.359656832097073 ], [ -38.180280000721439, -9.359646272257635 ] ], [ [ -38.180280000721439, -9.359646272257635 ], [ -38.180284639424542, -9.35963571151882 ] ], [ [ -38.180280000721439, -9.359646272257635 ], [ -38.180280096049557, -9.359634750143584 ], [ -38.180291137925622, -9.3582975589851 ], [ -38.18031071436792, -9.355943266968154 ], [ -38.180318844239252, -9.355173332183483 ], [ -38.180318974640898, -9.355160991686375 ] ], [ [ -38.180318974640898, -9.355160991686375 ], [ -38.180314300864268, -9.355172434660062 ] ], [ [ -38.180318974640898, -9.355160991686375 ], [ -38.180319105042599, -9.355148642196013 ], [ -38.180332691100773, -9.353861951567751 ], [ -38.180332818804516, -9.35384988626322 ] ], [ [ -38.180323645719625, -9.355149555907246 ], [ -38.180318974640898, -9.355160991686375 ] ], [ [ -38.180328148625108, -9.353861026165362 ], [ -38.180332818804516, -9.35384988626322 ] ], [ [ -38.180332818804516, -9.35384988626322 ], [ -38.180337487185227, -9.353838751756939 ] ], [ [ -38.180332818804516, -9.35384988626322 ], [ -38.180332946508258, -9.353837820958631 ], [ -38.180346607210083, -9.35254400140451 ], [ -38.180355161561408, -9.35101129583461 ], [ -38.180355226312599, -9.350999628030365 ] ], [ [ -38.180355226312599, -9.350999628030365 ], [ -38.180350615488464, -9.351010356942368 ] ], [ [ -38.180355226312599, -9.350999628030365 ], [ -38.18035529106379, -9.350987961125441 ], [ -38.180376524956614, -9.347183594147509 ], [ -38.180453256912244, -9.339576780244158 ], [ -38.180545074095846, -9.33396897668689 ], [ -38.180614951418818, -9.325077983961762 ], [ -38.180669836143977, -9.320779658954052 ], [ -38.18073549204928, -9.315581162040928 ], [ -38.180777000258331, -9.307819172816551 ], [ -38.180854120721051, -9.30239553962241 ], [ -38.180897992348434, -9.296885215380314 ], [ -38.18093288694314, -9.294182738242739 ], [ -38.180953151366793, -9.290813117031689 ] ], [ [ -38.180359838036054, -9.350988899118363 ], [ -38.180355226312599, -9.350999628030365 ] ] ] } },
{ "type": "Feature", "properties": { "OBJECTID": 42.0, "Nome": "LT 230 kV Paulo Afonso III - Floresta II C1", "Concession": "CHESF - CHESF - Companhia Hidro Elétrica do São Francisco", "Tensao": 230.0, "Extensao": 81.41158406, "Ano_Opera": 2014, "Shape_Leng": 0.0020609243970500001, "LARGURA": 35.0, "TIPO": "Servidao_administrativa", "CLASSE": "Linhas_transmissao_energia", "FONTE": "SIGSEB", "Shape_Le_1": 0.118728334105454 }, "geometry": { "type": "MultiLineString", "coordinates": [ [ [ -38.195807824671306, -9.400512493956398 ], [ -38.196780607838718, -9.400025242171125 ], [ -38.196810736026578, -9.399633040632295 ], [ -38.196595257565036, -9.399095007728363 ], [ -38.196592691799253, -9.399088601857443 ] ], [ [ -38.196592691799253, -9.399088601857443 ], [ -38.19659885755118, -9.39909176747102 ] ], [ [ -38.196592691799253, -9.399088601857443 ], [ -38.19659012693279, -9.399082196885843 ], [ -38.196497687418287, -9.398851383184763 ], [ -38.196055696713017, -9.398478901080352 ], [ -38.196051114667171, -9.398475039391485 ] ], [ [ -38.19658652424863, -9.399085435344546 ], [ -38.196592691799253, -9.399088601857443 ] ], [ [ -38.196051114667171, -9.398475039391485 ], [ -38.19605116143191, -9.398481008191936 ] ], [ [ -38.196051114667171, -9.398475039391485 ], [ -38.196046531722004, -9.398471176803298 ], [ -38.192211511352127, -9.395239265179896 ], [ -38.189841833733624, -9.393230686946595 ], [ -38.188272328804885, -9.392051827729631 ], [ -38.188267992274007, -9.392048570385157 ] ], [ [ -38.196051067902431, -9.39846907149041 ], [ -38.196051114667171, -9.398475039391485 ] ], [ [ -38.188267992274007, -9.392048570385157 ], [ -38.188267619055352, -9.392053957324208 ] ], [ [ -38.188267992274007, -9.392048570385157 ], [ -38.188263655743071, -9.39204531304074 ], [ -38.187938922243404, -9.391801405210629 ], [ -38.187885373011511, -9.391758149618852 ], [ -38.187881101231767, -9.391754698920181 ] ], [ [ -38.188268365492604, -9.392043182546786 ], [ -38.188267992274007, -9.392048570385157 ] ], [ [ -38.187881101231767, -9.391754698920181 ], [ -38.187880632684994, -9.391760147013144 ] ], [ [ -38.187881101231767, -9.391754698920181 ], [ -38.18787682855276, -9.391751247322134 ], [ -38.187762450976265, -9.391658854572427 ], [ -38.187758177397939, -9.391655402974436 ] ], [ [ -38.187881569778597, -9.391749249927898 ], [ -38.187881101231767, -9.391754698920181 ] ], [ [ -38.187758177397939, -9.391655402974436 ], [ -38.187757712448445, -9.391660854664678 ] ], [ [ -38.187758177397939, -9.391655402974436 ], [ -38.187753902020916, -9.391651949577749 ], [ -38.186124622753084, -9.390335848420648 ], [ -38.183887727336696, -9.388632945254187 ], [ -38.179697303887394, -9.385463395319391 ], [ -38.179808246952973, -9.376581591866909 ], [ -38.179905424995297, -9.367314208583821 ], [ -38.179982310734999, -9.360335266259483 ], [ -38.179982438438742, -9.360323673099003 ] ], [ [ -38.187758642347433, -9.391649951284194 ], [ -38.187758177397939, -9.391655402974436 ] ], [ [ -38.179977768259334, -9.360334304884191 ], [ -38.179982438438742, -9.360323673099003 ] ], [ [ -38.179982438438742, -9.360323673099003 ], [ -38.179987106819453, -9.360313045810358 ] ], [ [ -38.179982438438742, -9.360323673099003 ], [ -38.179982566142485, -9.360312075441868 ], [ -38.17999265923379, -9.359395906395889 ], [ -38.180022068863366, -9.355899906155685 ], [ -38.180022172285362, -9.355887630409768 ] ], [ [ -38.180022172285362, -9.355887630409768 ], [ -38.180017523689742, -9.35589901133028 ] ], [ [ -38.180022172285362, -9.355887630409768 ], [ -38.180022275707415, -9.355875349267933 ], [ -38.18003320336959, -9.354576301954751 ], [ -38.180033304093683, -9.354564300502034 ] ], [ [ -38.1800268190824, -9.355876253985912 ], [ -38.180022172285362, -9.355887630409768 ] ], [ [ -38.180028658195965, -9.35457538194828 ], [ -38.180033304093683, -9.354564300502034 ] ], [ [ -38.180033304093683, -9.354564300502034 ], [ -38.180037949092025, -9.354553220854427 ] ], [ [ -38.180033304093683, -9.354564300502034 ], [ -38.180033404817721, -9.354552299049317 ], [ -38.180045221010118, -9.353147746871002 ], [ -38.180060369190642, -9.351697173685579 ], [ -38.180060492397786, -9.351685372781674 ] ], [ [ -38.180060492397786, -9.351685372781674 ], [ -38.180055826714977, -9.351696229397419 ] ], [ [ -38.180060492397786, -9.351685372781674 ], [ -38.180060615604873, -9.351673569179809 ], [ -38.18009861735726, -9.348034603713927 ], [ -38.180149320234875, -9.34260328581297 ], [ -38.180243214852453, -9.334179684244987 ], [ -38.18032205571825, -9.325234763673336 ], [ -38.180407976946526, -9.317591412113927 ], [ -38.180525953609845, -9.306598244213546 ], [ -38.180653916345136, -9.294202255329765 ], [ -38.180672738256249, -9.290706751515302 ] ], [ [ -38.180065157181218, -9.351674519763208 ], [ -38.180060492397786, -9.351685372781674 ] ] ] } },
{ "type": "Feature", "properties": { "OBJECTID": 43.0, "Nome": "LT 230 kV Paulo Afonso III - UHE Paulo Afonso III C2", "Concession": "CHESF - CHESF - Companhia Hidro Elétrica do São Francisco", "Tensao": 230.0, "Extensao": 0.72094603, "Ano_Opera": 0, "Shape_Leng": 0.0062672102836499998, "LARGURA": 35.0, "TIPO": "Servidao_administrativa", "CLASSE": "Linhas_transmissao_energia", "FONTE": "SIGSEB", "Shape_Le_1": 0.0062672102836460004 }, "geometry": { "type": "MultiLineString", "coordinates": [ [ [ -38.202403305967778, -9.399550544921681 ], [ -38.200586768064852, -9.401150528773826 ], [ -38.197943841335189, -9.401721589279873 ], [ -38.196998336404079, -9.402363112567571 ] ] ] } },
{ "type": "Feature", "properties": { "OBJECTID": 44.0, "Nome": "LT 230 kV Paulo Afonso III - UHE Paulo Afonso III C1", "Concession": "CHESF - CHESF - Companhia Hidro Elétrica do São Francisco", "Tensao": 230.0, "Extensao": 0.72543087, "Ano_Opera": 0, "Shape_Leng": 0.006248892927, "LARGURA": 35.0, "TIPO": "Servidao_administrativa", "CLASSE": "Linhas_transmissao_energia", "FONTE": "SIGSEB", "Shape_Le_1": 0.0062488929270020001 }, "geometry": { "type": "MultiLineString", "coordinates": [ [ [ -38.202254135419992, -9.399328384497323 ], [ -38.200409034149573, -9.400961269147217 ], [ -38.197817902973782, -9.401592491600184 ], [ -38.196894558237204, -9.402223037762951 ] ] ] } },
{ "type": "Feature", "properties": { "OBJECTID": 45.0, "Nome": "LT 230 kV Paulo Afonso III - Zebu C1", "Concession": "CHESF - CHESF - Companhia Hidro Elétrica do São Francisco", "Tensao": 230.0, "Extensao": 5.77434335, "Ano_Opera": 2012, "Shape_Leng": 0.0024967709318599999, "LARGURA": 35.0, "TIPO": "Servidao_administrativa", "CLASSE": "Linhas_transmissao_energia", "FONTE": "SIGSEB", "Shape_Le_1": 0.050998003796109997 }, "geometry": { "type": "MultiLineString", "coordinates": [ [ [ -38.196687616140537, -9.399142428080552 ], [ -38.196685028791023, -9.399136010518419 ] ], [ [ -38.196685028791023, -9.399136010518419 ], [ -38.196691210730762, -9.39913918422593 ], [ -38.197116099928053, -9.399357339069923 ], [ -38.196959596308261, -9.40025067073185 ], [ -38.195980900997768, -9.400779037722373 ] ], [ [ -38.196685028791023, -9.399136010518419 ], [ -38.196682441441453, -9.399129594754925 ] ], [ [ -38.196595257565036, -9.399095007728363 ], [ -38.196592691799253, -9.399088601857443 ] ], [ [ -38.196592691799253, -9.399088601857443 ], [ -38.19659885755118, -9.39909176747102 ], [ -38.196678844153269, -9.399132835012267 ], [ -38.196685028791023, -9.399136010518419 ] ], [ [ -38.196592691799253, -9.399088601857443 ], [ -38.19659012693279, -9.399082196885843 ] ], [ [ -38.196053748781424, -9.398811888557759 ], [ -38.196058319136057, -9.39881423488896 ], [ -38.19658652424863, -9.399085435344546 ], [ -38.196592691799253, -9.399088601857443 ] ], [ [ -38.196053748781424, -9.398811888557759 ], [ -38.196053788351605, -9.398816997606332 ] ], [ [ -38.196053709211242, -9.398806779509243 ], [ -38.196053748781424, -9.398811888557759 ] ], [ [ -38.195571748137638, -9.398564410419169 ], [ -38.195577358108551, -9.398567290947653 ], [ -38.19604917842679, -9.398809541327239 ], [ -38.196053748781424, -9.398811888557759 ] ], [ [ -38.195571748137638, -9.398564410419169 ], [ -38.195573544983063, -9.398570421487705 ] ], [ [ -38.195569951292157, -9.398558398451257 ], [ -38.195571748137638, -9.398564410419169 ] ], [ [ -38.187885373011511, -9.391758149618852 ], [ -38.187881101231767, -9.391754698920181 ] ], [ [ -38.187881101231767, -9.391754698920181 ], [ -38.187880632684994, -9.391760147013144 ], [ -38.187810008924714, -9.392581907029353 ], [ -38.190228462173764, -9.394869502625397 ], [ -38.192270631884128, -9.39679290696705 ], [ -38.195197369363086, -9.398372190224336 ], [ -38.195566137267406, -9.398561528991308 ], [ -38.195571748137638, -9.398564410419169 ] ], [ [ -38.187881101231767, -9.391754698920181 ], [ -38.18787682855276, -9.391751247322134 ] ], [ [ -38.187924166167306, -9.391306778984642 ], [ -38.187919871904512, -9.391303576498785 ] ], [ [ -38.187919871904512, -9.391303576498785 ], [ -38.187919415048896, -9.391308887894809 ], [ -38.187881569778597, -9.391749249927898 ], [ -38.187881101231767, -9.391754698920181 ] ], [ [ -38.187919871904512, -9.391303576498785 ], [ -38.187915578541094, -9.391300374912305 ] ], [ [ -38.200784195334279, -9.3584274435716 ], [ -38.200202225152509, -9.359079005991305 ], [ -38.198021386277901, -9.361887392688971 ], [ -38.194921324259667, -9.365937351927187 ], [ -38.193722910184135, -9.3693381238553 ], [ -38.192243441781386, -9.373632292196476 ], [ -38.191129686285933, -9.376829129360772 ], [ -38.189686603553866, -9.38098880229137 ], [ -38.188480592005646, -9.384455961273545 ], [ -38.188168692730926, -9.388408392633153 ], [ -38.187920328760129, -9.391298265102819 ], [ -38.187919871904512, -9.391303576498785 ] ] ] } },
{ "type": "Feature", "properties": { "OBJECTID": 46.0, "Nome": "LT 230 kV UHE Apolônio Sales - Paulo Afonso III C1", "Concession": "CHESF - CHESF - Companhia Hidro Elétrica do São Francisco", "Tensao": 230.0, "Extensao": 6.08375861, "Ano_Opera": 0, "Shape_Leng": 0.00166318633907, "LARGURA": 35.0, "TIPO": "Servidao_administrativa", "CLASSE": "Linhas_transmissao_energia", "FONTE": "SIGSEB", "Shape_Le_1": 0.053843347843770997 }, "geometry": { "type": "MultiLineString", "coordinates": [ [ [ -38.196053748781424, -9.398811888557759 ], [ -38.196058319136057, -9.39881423488896 ] ], [ [ -38.196053748781424, -9.398811888557759 ], [ -38.196053788351605, -9.398816997606332 ], [ -38.196055460191303, -9.399030681021088 ], [ -38.196066317706368, -9.400046621754143 ], [ -38.195751018994315, -9.400344122882927 ] ], [ [ -38.19604917842679, -9.398809541327239 ], [ -38.196053748781424, -9.398811888557759 ] ], [ [ -38.196055696713017, -9.398478901080352 ], [ -38.196051114667171, -9.398475039391485 ] ], [ [ -38.196051114667171, -9.398475039391485 ], [ -38.19605116143191, -9.398481008191936 ], [ -38.196053709211242, -9.398806779509243 ], [ -38.196053748781424, -9.398811888557759 ] ], [ [ -38.196051114667171, -9.398475039391485 ], [ -38.196046531722004, -9.398471176803298 ] ], [ [ -38.196054975456718, -9.398386666611316 ], [ -38.196050393410871, -9.398382836398753 ] ], [ [ -38.196050393410871, -9.398382836398753 ], [ -38.196050440175611, -9.398388785414056 ], [ -38.196051067902431, -9.39846907149041 ], [ -38.196051114667171, -9.398475039391485 ] ], [ [ -38.196050393410871, -9.398382836398753 ], [ -38.196045810465762, -9.398379005286813 ] ], [ [ -38.208259412341988, -9.358116165728404 ], [ -38.206279413663992, -9.358748228148158 ], [ -38.204349946992409, -9.360115517816837 ], [ -38.201821836708348, -9.362033715983159 ], [ -38.200166040030695, -9.363271351291758 ], [ -38.19748158081029, -9.365271770875495 ], [ -38.195482173863184, -9.36672437473004 ], [ -38.194499142021755, -9.369758742172166 ], [ -38.193566161049432, -9.372463809357271 ], [ -38.19191049657212, -9.377229054277393 ], [ -38.190103200102556, -9.382482712906835 ], [ -38.189359217953495, -9.38480660963728 ], [ -38.190915269024401, -9.386683813107425 ], [ -38.190511789987056, -9.389479871898516 ], [ -38.189997439829938, -9.392820622173929 ], [ -38.194201535672278, -9.396167138902285 ], [ -38.196044626058608, -9.397645330267721 ], [ -38.196050346646132, -9.398376888282712 ], [ -38.196050393410871, -9.398382836398753 ] ] ] } },
{ "type": "Feature", "properties": { "OBJECTID": 47.0, "Nome": "LT 230 kV Paulo Afonso III - UHE Paulo Afonso III C3", "Concession": "CHESF - CHESF - Companhia Hidro Elétrica do São Francisco", "Tensao": 230.0, "Extensao": 0.71402055, "Ano_Opera": 0, "Shape_Leng": 0.0061997413572399997, "LARGURA": 35.0, "TIPO": "Servidao_administrativa", "CLASSE": "Linhas_transmissao_energia", "FONTE": "SIGSEB", "Shape_Le_1": 0.0061997413572399997 }, "geometry": { "type": "MultiLineString", "coordinates": [ [ [ -38.201903662424058, -9.398806421579025 ], [ -38.200111254230933, -9.400672886244649 ], [ -38.198911663842182, -9.40105206739895 ], [ -38.197735884803194, -9.401448286209416 ], [ -38.196831749585556, -9.402097646189361 ] ] ] } },
{ "type": "Feature", "properties": { "OBJECTID": 48.0, "Nome": "LT 230 kV Paulo Afonso III - UHE Paulo Afonso III C4", "Concession": "CHESF - CHESF - Companhia Hidro Elétrica do São Francisco", "Tensao": 230.0, "Extensao": 0.7060986, "Ano_Opera": 0, "Shape_Leng": 0.0061797030444099999, "LARGURA": 35.0, "TIPO": "Servidao_administrativa", "CLASSE": "Linhas_transmissao_energia", "FONTE": "SIGSEB", "Shape_Le_1": 0.0061797030444140002 }, "geometry": { "type": "MultiLineString", "coordinates": [ [ [ -38.201751666206405, -9.398580052327532 ], [ -38.19992779703017, -9.400459754114308 ], [ -38.197668128980922, -9.401311471447229 ], [ -38.196703386651905, -9.401929509838965 ] ] ] } },
{ "type": "Feature", "properties": { "OBJECTID": 49.0, "Nome": "LT 230 kV UHE Apolônio Sales - Paulo Afonso III C2", "Concession": "CHESF - CHESF - Companhia Hidro Elétrica do São Francisco", "Tensao": 230.0, "Extensao": 6.06795267, "Ano_Opera": 0, "Shape_Leng": 0.00194472145404, "LARGURA": 35.0, "TIPO": "Servidao_administrativa", "CLASSE": "Linhas_transmissao_energia", "FONTE": "SIGSEB", "Shape_Le_1": 0.053689767143781 }, "geometry": { "type": "MultiLineString", "coordinates": [ [ [ -38.195571748137638, -9.398564410419169 ], [ -38.195577358108551, -9.398567290947653 ] ], [ [ -38.195571748137638, -9.398564410419169 ], [ -38.195573544983063, -9.398570421487705 ], [ -38.196007321280831, -9.400021386777553 ], [ -38.195626002438019, -9.400220778166329 ] ], [ [ -38.195566137267406, -9.398561528991308 ], [ -38.195571748137638, -9.398564410419169 ] ], [ [ -38.188272328804885, -9.392051827729631 ], [ -38.188267992274007, -9.392048570385157 ] ], [ [ -38.188267992274007, -9.392048570385157 ], [ -38.188267619055352, -9.392053957324208 ], [ -38.188246734099437, -9.392355346222189 ], [ -38.193193055714914, -9.396362837674758 ], [ -38.19546605711281, -9.398210877929614 ], [ -38.195569951292157, -9.398558398451257 ], [ -38.195571748137638, -9.398564410419169 ] ], [ [ -38.188267992274007, -9.392048570385157 ], [ -38.188263655743071, -9.39204531304074 ] ], [ [ -38.188304313193441, -9.391590274071859 ], [ -38.188299974863924, -9.391587038311116 ] ], [ [ -38.188299974863924, -9.391587038311116 ], [ -38.188299602544589, -9.391592412659691 ], [ -38.188268365492604, -9.392043182546786 ], [ -38.188267992274007, -9.392048570385157 ] ], [ [ -38.188299974863924, -9.391587038311116 ], [ -38.188295636534349, -9.391583803449748 ] ], [ [ -38.207542411652923, -9.357753105821132 ], [ -38.206084317437274, -9.358553660722805 ], [ -38.204166892687908, -9.359973460007154 ], [ -38.199896110317184, -9.363140671704571 ], [ -38.197201652434273, -9.365157637015272 ], [ -38.195254813558734, -9.366555316574534 ], [ -38.193392713303012, -9.372130578163592 ], [ -38.191817718912546, -9.376614452195156 ], [ -38.189249011432707, -9.384102587964037 ], [ -38.188697367289649, -9.38563483937628 ], [ -38.188591176241744, -9.387629782088709 ], [ -38.188453743645312, -9.38936804210141 ], [ -38.188300347183258, -9.391581665761237 ], [ -38.188299974863924, -9.391587038311116 ] ] ] } },
{ "type": "Feature", "properties": { "OBJECTID": 50.0, "Nome": "LT 230 kV Paulo Afonso III - Zebu C2", "Concession": "CHESF - CHESF - Companhia Hidro Elétrica do São Francisco", "Tensao": 230.0, "Extensao": 5.58603575, "Ano_Opera": 2012, "Shape_Leng": 0.012693573226, "LARGURA": 35.0, "TIPO": "Servidao_administrativa", "CLASSE": "Linhas_transmissao_energia", "FONTE": "SIGSEB", "Shape_Le_1": 0.049169328167819999 }, "geometry": { "type": "MultiLineString", "coordinates": [ [ [ -38.187762450976265, -9.391658854572427 ], [ -38.187758177397939, -9.391655402974436 ] ], [ [ -38.187758177397939, -9.391655402974436 ], [ -38.187757712448445, -9.391660854664678 ], [ -38.187676694323955, -9.392610632274796 ], [ -38.192218633982748, -9.396850820608847 ], [ -38.192859650952073, -9.399383670320105 ], [ -38.194528307935002, -9.400911987198413 ], [ -38.195077706470954, -9.400562206680434 ] ], [ [ -38.187758177397939, -9.391655402974436 ], [ -38.187753902020916, -9.391651949577749 ] ], [ [ -38.187800359199173, -9.39121445008675 ], [ -38.187796064936379, -9.39121124760095 ] ], [ [ -38.187796064936379, -9.39121124760095 ], [ -38.187795611678098, -9.391216561694932 ], [ -38.187758642347433, -9.391649951284194 ], [ -38.187758177397939, -9.391655402974436 ] ], [ [ -38.187796064936379, -9.39121124760095 ], [ -38.187791767975682, -9.39120804331651 ] ], [ [ -38.20071534593643, -9.358355047247585 ], [ -38.200114945048654, -9.359048301337964 ], [ -38.19792568941898, -9.36184813908028 ], [ -38.194813274313105, -9.365908805646825 ], [ -38.192157414433098, -9.373575345325889 ], [ -38.188377080937471, -9.384399946999906 ], [ -38.187796518194716, -9.391205934406287 ], [ -38.187796064936379, -9.39121124760095 ] ] ] } },
{ "type": "Feature", "properties": { "OBJECTID": 51.0, "Nome": "LT 230 kV Garanhuns II - Paulo Afonso III C2", "Concession": "CHESF - CHESF - Companhia Hidro Elétrica do São Francisco", "Tensao": 230.0, "Extensao": 210.22511435000001, "Ano_Opera": 2015, "Shape_Leng": 0.031447903343299999, "LARGURA": 35.0, "TIPO": "Servidao_administrativa", "CLASSE": "Linhas_transmissao_energia", "FONTE": "SIGSEB", "Shape_Le_1": 0.98363968997722195 }, "geometry": { "type": "MultiLineString", "coordinates": [ [ [ -38.168013934195642, -9.389596831428605 ], [ -38.168010962835638, -9.389591051485809 ] ], [ [ -38.168010962835638, -9.389591051485809 ], [ -38.168017150171295, -9.38959314510754 ], [ -38.177076438426866, -9.392658257672394 ], [ -38.181045636746717, -9.393983538209682 ], [ -38.183502399316239, -9.395069087368427 ], [ -38.190022833986575, -9.401649605744637 ], [ -38.192679674127589, -9.40236264581938 ], [ -38.194486564103613, -9.401536542077736 ], [ -38.195406441953708, -9.401114399409948 ] ], [ [ -38.168010962835638, -9.389591051485809 ], [ -38.168007991475577, -9.389585269744373 ] ], [ [ -38.166219171577438, -9.388984817595201 ], [ -38.166223486524643, -9.388986277194874 ], [ -38.168004776399243, -9.389588958763397 ], [ -38.168010962835638, -9.389591051485809 ] ], [ [ -38.166219171577438, -9.388984817595201 ], [ -38.166217466462854, -9.3889890156305 ] ], [ [ -38.16622087669208, -9.388980618660582 ], [ -38.166219171577438, -9.388984817595201 ] ], [ [ -38.165204603209816, -9.388646324468255 ], [ -38.165208663648855, -9.388642923232283 ] ], [ [ -38.165208663648855, -9.388642923232283 ], [ -38.165213692657744, -9.388644624749588 ], [ -38.16621485663029, -9.388983357995528 ], [ -38.166219171577438, -9.388984817595201 ] ], [ [ -38.165208663648855, -9.388642923232283 ], [ -38.165212724087894, -9.388639521096991 ] ], [ [ -38.163724949546747, -9.388140924364109 ], [ -38.16372927168851, -9.388142386661741 ], [ -38.165203634639965, -9.388641221714977 ], [ -38.165208663648855, -9.388642923232283 ] ], [ [ -38.163724949546747, -9.388140924364109 ], [ -38.163723127520257, -9.388145082829283 ] ], [ [ -38.163726772472501, -9.388136764999672 ], [ -38.163724949546747, -9.388140924364109 ] ], [ [ -37.237111769992168, -9.202703744682026 ], [ -37.242009026395408, -9.204569646372022 ], [ -37.251128392960936, -9.208030196236507 ], [ -37.254848458389574, -9.208623422333005 ], [ -37.276338437668699, -9.212024455963842 ], [ -37.297021115332143, -9.215262975805615 ], [ -37.329383756954769, -9.220349714867382 ], [ -37.34765111730519, -9.223200331030398 ], [ -37.360942166347854, -9.225275906957506 ], [ -37.375850594829046, -9.227629386886633 ], [ -37.386600378304763, -9.229318810114933 ], [ -37.402313294422981, -9.231788833188034 ], [ -37.420436379235468, -9.234651729593622 ], [ -37.438564995777881, -9.23748820571609 ], [ -37.462445107755457, -9.241243973330654 ], [ -37.478983386573987, -9.243809209427411 ], [ -37.49470130022479, -9.246267282309191 ], [ -37.513851966594927, -9.24932410582278 ], [ -37.529982106089278, -9.251832948132005 ], [ -37.549518363081972, -9.254875726933221 ], [ -37.565998455764088, -9.257485339177038 ], [ -37.599931828091371, -9.262809010027752 ], [ -37.622687041074016, -9.266397205166811 ], [ -37.64917111575437, -9.270522938582701 ], [ -37.688539120883661, -9.276679719793208 ], [ -37.7149751582769, -9.28079404530888 ], [ -37.746260339243236, -9.285690309759957 ], [ -37.76119852988819, -9.288011971675132 ], [ -37.78132168624677, -9.291175701197631 ], [ -37.789094718246588, -9.292396718833459 ], [ -37.810068894963479, -9.295650686330077 ], [ -37.845317869324163, -9.301130021733059 ], [ -37.86799701495022, -9.304653030412965 ], [ -37.894893050174062, -9.308847478328403 ], [ -37.90839372129318, -9.310934168077324 ], [ -37.921598357178425, -9.313006494753893 ], [ -37.943861787591402, -9.316439887790523 ], [ -37.958385350303615, -9.318718124142094 ], [ -37.968207766375258, -9.322035231240875 ], [ -37.984718228263603, -9.327599060648083 ], [ -37.998854822591966, -9.332381603128454 ], [ -38.023453679043996, -9.340708277564886 ], [ -38.036010384871304, -9.34494282714968 ], [ -38.047695652132575, -9.348908168277319 ], [ -38.070482365668624, -9.3565974023482 ], [ -38.081769899661083, -9.360450747304071 ], [ -38.096455569668763, -9.365387269906535 ], [ -38.108803338703069, -9.369582689089782 ], [ -38.121886349375472, -9.373991166658982 ], [ -38.135654010324288, -9.378651477783421 ], [ -38.156222387752962, -9.385602512345997 ], [ -38.163720624707025, -9.388139461167157 ], [ -38.163724949546747, -9.388140924364109 ] ] ] } },
{ "type": "Feature", "properties": { "OBJECTID": 52.0, "Nome": "LT 230 kV Garanhuns II - Paulo Afonso III C3", "Concession": "CHESF - CHESF - Companhia Hidro Elétrica do São Francisco", "Tensao": 230.0, "Extensao": 210.18998112, "Ano_Opera": 2015, "Shape_Leng": 0.031413815885099998, "LARGURA": 35.0, "TIPO": "Servidao_administrativa", "CLASSE": "Linhas_transmissao_energia", "FONTE": "SIGSEB", "Shape_Le_1": 0.98332304332490195 }, "geometry": { "type": "MultiLineString", "coordinates": [ [ [ -38.167947275546283, -9.389467141994942 ], [ -38.167944305984918, -9.389461364750161 ] ], [ [ -38.167944305984918, -9.389461364750161 ], [ -38.167950490622616, -9.389463452975917 ], [ -38.169517213948211, -9.389992376646831 ], [ -38.181112800815072, -9.393911873034483 ], [ -38.183607376279326, -9.395007801268946 ], [ -38.187898121800856, -9.39938242385972 ], [ -38.190109368552498, -9.401570854811041 ], [ -38.192668420910877, -9.402232019292228 ], [ -38.19442473931025, -9.401463918225204 ], [ -38.195303116145851, -9.400992904598809 ] ], [ [ -38.167944305984918, -9.389461364750161 ], [ -38.167941336423496, -9.389455586606005 ] ], [ [ -38.166256981774268, -9.388891725172925 ], [ -38.166261297620736, -9.388893182074639 ], [ -38.167938121347163, -9.389459276524349 ], [ -38.167944305984918, -9.389461364750161 ] ], [ [ -38.166256981774268, -9.388891725172925 ], [ -38.166255276659626, -9.388895924107544 ] ], [ [ -38.166258687788172, -9.388887525338987 ], [ -38.166256981774268, -9.388891725172925 ] ], [ [ -38.165294027297477, -9.3885714073445 ], [ -38.165298089535156, -9.388568004309889 ] ], [ [ -38.165298089535156, -9.388568004309889 ], [ -38.165303122141324, -9.388569703129235 ], [ -38.166252665028424, -9.388890268271211 ], [ -38.166256981774268, -9.388891725172925 ] ], [ [ -38.165298089535156, -9.388568004309889 ], [ -38.165302152672155, -9.388564600375958 ] ], [ [ -38.163764653715759, -9.388050317667989 ], [ -38.163768977656161, -9.388051777267663 ], [ -38.165293056928988, -9.388566305490542 ], [ -38.165298089535156, -9.388568004309889 ] ], [ [ -38.163764653715759, -9.388050317667989 ], [ -38.163762830789949, -9.388054477032426 ] ], [ [ -38.163766476641513, -9.388046157404176 ], [ -38.163764653715759, -9.388050317667989 ] ], [ [ -37.237309875350434, -9.20267500594673 ], [ -37.23832650676286, -9.203062268408928 ], [ -37.247312595599738, -9.206447182591376 ], [ -37.251173032609302, -9.207943157150908 ], [ -37.263510978348904, -9.209879711379529 ], [ -37.276342870427072, -9.211931441782554 ], [ -37.291902364902171, -9.214353237811622 ], [ -37.306082605128097, -9.216601628362412 ], [ -37.32219325631371, -9.21912650018777 ], [ -37.347684395818192, -9.223115516867551 ], [ -37.364571804045454, -9.225778344694788 ], [ -37.37587194293576, -9.227530386817875 ], [ -37.394673888189345, -9.230497918444144 ], [ -37.425065420033093, -9.235285900923543 ], [ -37.449180121065694, -9.239064627330663 ], [ -37.473282576030044, -9.242831066300596 ], [ -37.494664630368334, -9.246169445963119 ], [ -37.504338193352908, -9.247714281588799 ], [ -37.513867922366671, -9.249218182772893 ], [ -37.523580428693776, -9.250738903077888 ], [ -37.529998280396285, -9.251752897678045 ], [ -37.541304674071398, -9.253506359830567 ], [ -37.549484160965221, -9.254791640321912 ], [ -37.574547161122553, -9.258728134795547 ], [ -37.607863284662812, -9.263968408814947 ], [ -37.622714502772055, -9.266282800610725 ], [ -37.641361257416065, -9.269201731974306 ], [ -37.665779269197856, -9.273018486214141 ], [ -37.67919133191441, -9.275116108121836 ], [ -37.69257046865215, -9.277201624255497 ], [ -37.705983302987022, -9.279280319031443 ], [ -37.726821468935611, -9.282551859280829 ], [ -37.746261383356114, -9.285566733917562 ], [ -37.767008107138395, -9.288826386028859 ], [ -37.785669971292123, -9.291729107112531 ], [ -37.814297614243458, -9.296221616434423 ], [ -37.836026991252595, -9.299570075698398 ], [ -37.854926885267503, -9.302507872140552 ], [ -37.867998776722118, -9.304561475831406 ], [ -37.881119927642487, -9.306607438882168 ], [ -37.894890916082886, -9.3087492112071 ], [ -37.912912155371657, -9.311546740389701 ], [ -37.926168248665704, -9.313618451929983 ], [ -37.938605695396461, -9.315557019740595 ], [ -37.952020215060827, -9.317632815102286 ], [ -37.958425043680791, -9.318625661245221 ], [ -37.982578170046452, -9.326792849010701 ], [ -38.007679754716889, -9.33527508727542 ], [ -38.047679366309637, -9.348812701644817 ], [ -38.118890045738965, -9.372887300108744 ], [ -38.150203793670073, -9.383472181196169 ], [ -38.163760328876037, -9.388048857168997 ], [ -38.163764653715759, -9.388050317667989 ] ] ] } },
{ "type": "Feature", "properties": { "OBJECTID": 53.0, "Nome": "LT 230 kV Garanhuns II - Paulo Afonso III C4", "Concession": "CHESF - CHESF - Companhia Hidro Elétrica do São Francisco", "Tensao": 230.0, "Extensao": 210.08539213, "Ano_Opera": 2015, "Shape_Leng": 0.031500915469699999, "LARGURA": 35.0, "TIPO": "Servidao_administrativa", "CLASSE": "Linhas_transmissao_energia", "FONTE": "SIGSEB", "Shape_Le_1": 0.98281427503367402 }, "geometry": { "type": "MultiLineString", "coordinates": [ [ [ -38.167798439546289, -9.389177570188679 ], [ -38.167795470884244, -9.389171794742481 ] ], [ [ -38.167795470884244, -9.389171794742481 ], [ -38.167801655521941, -9.389173882068974 ], [ -38.172259484287736, -9.390678282376768 ], [ -38.183298798200951, -9.394420720240021 ], [ -38.186766964423839, -9.397898169265034 ], [ -38.190236242208755, -9.40142004929578 ], [ -38.192672271807851, -9.402022715575811 ], [ -38.194317896253892, -9.401265791283208 ], [ -38.195199783143437, -9.40087672837825 ] ], [ [ -38.167795470884244, -9.389171794742481 ], [ -38.167792501322822, -9.389166017497644 ] ], [ [ -38.166342397583549, -9.388681420511091 ], [ -38.166346713430016, -9.388682877412805 ], [ -38.167789288045185, -9.389169708315364 ], [ -38.167795470884244, -9.389171794742481 ] ], [ [ -38.166342397583549, -9.388681420511091 ], [ -38.166340692468964, -9.38868561944571 ] ], [ [ -38.166344103597453, -9.388677220677152 ], [ -38.166342397583549, -9.388681420511091 ] ], [ [ -38.165497398186346, -9.388401028984276 ], [ -38.165501460424025, -9.388397625949608 ] ], [ [ -38.165501460424025, -9.388397625949608 ], [ -38.165506493929513, -9.388399324768955 ], [ -38.166338080837704, -9.388679963609377 ], [ -38.166342397583549, -9.388681420511091 ] ], [ [ -38.165501460424025, -9.388397625949608 ], [ -38.165505523561023, -9.388394222015677 ] ], [ [ -38.163855823387507, -9.387842266707196 ], [ -38.16386014732791, -9.387843726306869 ], [ -38.165496427817857, -9.388395928029581 ], [ -38.165501460424025, -9.388397625949608 ] ], [ [ -38.163855823387507, -9.387842266707196 ], [ -38.163854001361017, -9.387846425172313 ] ], [ [ -38.163857646313261, -9.387838106443439 ], [ -38.163855823387507, -9.387842266707196 ] ], [ [ -37.237733902097887, -9.20261349231879 ], [ -37.251212600980693, -9.207774770789001 ], [ -37.259129308670595, -9.208947726856081 ], [ -37.271690985050896, -9.21094614634751 ], [ -37.285600180403947, -9.213147852191582 ], [ -37.295777700080748, -9.214749369387846 ], [ -37.31176073117274, -9.217269497289408 ], [ -37.320142779565572, -9.218572005193835 ], [ -37.328482842209382, -9.219884410137354 ], [ -37.335918412604599, -9.221049892838209 ], [ -37.344511941972485, -9.222386113628204 ], [ -37.354741796796418, -9.223988981606169 ], [ -37.362020756552624, -9.225126404559887 ], [ -37.371044032356167, -9.226540120829839 ], [ -37.381493149089522, -9.228190463119347 ], [ -37.393393074630637, -9.23006261959415 ], [ -37.405769750573484, -9.23200355442043 ], [ -37.418564551013162, -9.23401280894393 ], [ -37.425908520961457, -9.235168850561934 ], [ -37.443939371304907, -9.237990916847309 ], [ -37.452536122943684, -9.239354402383697 ], [ -37.466102433780236, -9.241485049195603 ], [ -37.479627040355581, -9.243609268552859 ], [ -37.495016798586335, -9.246014473888806 ], [ -37.510508237764896, -9.248465503280329 ], [ -37.525808485573123, -9.250860084025589 ], [ -37.546286437968718, -9.254050187965731 ], [ -37.549550273726084, -9.254552069022736 ], [ -37.576767294974616, -9.25886403494718 ], [ -37.597304879616445, -9.262101891089344 ], [ -37.618589310748064, -9.265407494060582 ], [ -37.642026881635218, -9.269066208638549 ], [ -37.660799860625048, -9.272009643829961 ], [ -37.683808132938964, -9.275589054391276 ], [ -37.691911643307662, -9.276856463554907 ], [ -37.705911431867037, -9.279039253958331 ], [ -37.720810051442697, -9.281376874343209 ], [ -37.729190790422592, -9.282672561789241 ], [ -37.738200499953052, -9.284105346384592 ], [ -37.751596872197865, -9.286171655697331 ], [ -37.760244473303771, -9.287529393666546 ], [ -37.767569712172417, -9.288672386121675 ], [ -37.782121973150481, -9.290949772613885 ], [ -37.794509823169733, -9.292894987313787 ], [ -37.812753933347324, -9.29573512817359 ], [ -37.827491627336713, -9.298024580869651 ], [ -37.846349231631677, -9.300954507344613 ], [ -37.862364138294311, -9.303456379008651 ], [ -37.881234550733893, -9.306395385938288 ], [ -37.891096670974548, -9.307930566442451 ], [ -37.898827245980556, -9.309132484276688 ], [ -37.909681258183468, -9.310814879303166 ], [ -37.92026428217082, -9.312464589369256 ], [ -37.936489241685138, -9.315004182197185 ], [ -37.943701898024131, -9.316106756421618 ], [ -37.952110880212899, -9.317423293749982 ], [ -37.95850698720767, -9.318359246981629 ], [ -37.963251432607478, -9.320019362203766 ], [ -37.974395274722099, -9.323785187836108 ], [ -37.98647246743036, -9.327864419107584 ], [ -38.004811349963802, -9.334067798689887 ], [ -38.019272335150106, -9.338964093717891 ], [ -38.032396061728832, -9.343406875027199 ], [ -38.045006320385312, -9.347671668812438 ], [ -38.063822233009603, -9.354039657604062 ], [ -38.073400878847451, -9.357268177884066 ], [ -38.083752736599479, -9.360773350309842 ], [ -38.096170651854038, -9.364985238777706 ], [ -38.105653752818398, -9.368183959122348 ], [ -38.118606143258887, -9.372569184720078 ], [ -38.129171402937857, -9.376142375570112 ], [ -38.149352597044697, -9.382947806296158 ], [ -38.163851497648466, -9.387840807107523 ], [ -38.163855823387507, -9.387842266707196 ] ] ] } },
{ "type": "Feature", "properties": { "OBJECTID": 54.0, "Nome": "LT 500 kV Garanhuns II - Luiz Gonzaga C1", "Concession": "CHESF - CHESF - Companhia Hidro Elétrica do São Francisco", "Tensao": 500.0, "Extensao": 240.76128852, "Ano_Opera": 2015, "Shape_Leng": 0.00025183130828699998, "LARGURA": 60.0, "TIPO": "Servidao_administrativa", "CLASSE": "Linhas_transmissao_energia", "FONTE": "SIGSEB", "Shape_Le_1": 1.05066655541758 }, "geometry": { "type": "MultiLineString", "coordinates": [ [ [ -38.165012534101152, -9.388813148707811 ], [ -38.165007499696287, -9.388811451687104 ] ], [ [ -38.165007499696287, -9.388811451687104 ], [ -38.165002465291479, -9.388809754666397 ] ], [ [ -38.165007499696287, -9.388811451687104 ], [ -38.165011562833342, -9.388808047753173 ], [ -38.165204603209816, -9.388646324468255 ], [ -38.165208663648855, -9.388642923232283 ] ], [ [ -38.163501588527424, -9.388650639415403 ], [ -38.163505914266466, -9.388652095417797 ], [ -38.164712838626542, -9.389058309293489 ], [ -38.165003436559289, -9.388814855621035 ], [ -38.165007499696287, -9.388811451687104 ] ], [ [ -38.163501588527424, -9.388650639415403 ], [ -38.163499765601671, -9.388654798779896 ] ], [ [ -38.163503411453235, -9.388646479151646 ], [ -38.163501588527424, -9.388650639415403 ] ], [ [ -38.165208663648855, -9.388642923232283 ], [ -38.165213692657744, -9.388644624749588 ] ], [ [ -38.165208663648855, -9.388642923232283 ], [ -38.165212724087894, -9.388639521096991 ], [ -38.165294027297477, -9.3885714073445 ], [ -38.165298089535156, -9.388568004309889 ] ], [ [ -38.165203634639965, -9.388641221714977 ], [ -38.165208663648855, -9.388642923232283 ] ], [ [ -38.165298089535156, -9.388568004309889 ], [ -38.165303122141324, -9.388569703129235 ] ], [ [ -38.165298089535156, -9.388568004309889 ], [ -38.165302152672155, -9.388564600375958 ], [ -38.165497398186346, -9.388401028984276 ], [ -38.165501460424025, -9.388397625949608 ] ], [ [ -38.165293056928988, -9.388566305490542 ], [ -38.165298089535156, -9.388568004309889 ] ], [ [ -38.165501460424025, -9.388397625949608 ], [ -38.165506493929513, -9.388399324768955 ] ], [ [ -38.165501460424025, -9.388397625949608 ], [ -38.165505523561023, -9.388394222015677 ], [ -38.166407380795931, -9.387638674585105 ], [ -38.168266344216363, -9.38322425429584 ], [ -38.170680443847345, -9.377354427864532 ], [ -38.172300865692364, -9.373373336010616 ], [ -38.173812182686049, -9.36953685244373 ], [ -38.175010886343273, -9.366482377059981 ], [ -38.176094178203698, -9.36350107501454 ], [ -38.177567946703334, -9.360267562597869 ], [ -38.179377489679382, -9.356128577671655 ], [ -38.179754441414275, -9.355229456174413 ], [ -38.179759058533705, -9.355218443076637 ] ], [ [ -38.165496427817857, -9.388395928029581 ], [ -38.165501460424025, -9.388397625949608 ] ], [ [ -38.179759058533705, -9.355218443076637 ], [ -38.179758986587899, -9.355230374382245 ] ], [ [ -38.179759058533705, -9.355218443076637 ], [ -38.179763677451717, -9.355207426381583 ], [ -38.180028658195965, -9.35457538194828 ], [ -38.180033304093683, -9.354564300502034 ] ], [ [ -38.179759130479454, -9.35520651087171 ], [ -38.179759058533705, -9.355218443076637 ] ], [ [ -38.18003320336959, -9.354576301954751 ], [ -38.180033304093683, -9.354564300502034 ] ], [ [ -38.180033304093683, -9.354564300502034 ], [ -38.180037949092025, -9.354553220854427 ], [ -38.180328148625108, -9.353861026165362 ], [ -38.180332818804516, -9.35384988626322 ] ], [ [ -38.180033304093683, -9.354564300502034 ], [ -38.180033404817721, -9.354552299049317 ] ], [ [ -38.180332691100773, -9.353861951567751 ], [ -38.180332818804516, -9.35384988626322 ] ], [ [ -38.180332818804516, -9.35384988626322 ], [ -38.180337487185227, -9.353838751756939 ], [ -38.181139528666279, -9.351925688719518 ], [ -38.184789268909583, -9.343183095823179 ], [ -38.186173574650695, -9.33965887575647 ], [ -38.189105070442622, -9.332491939151623 ], [ -38.191004253343579, -9.328083821311282 ], [ -38.192464869258288, -9.324325629124417 ], [ -38.195552892052262, -9.317028044408687 ], [ -38.19716668409518, -9.312837591281777 ], [ -38.201197805234472, -9.3032177034342 ], [ -38.203212336080412, -9.298297181569637 ], [ -38.203968123629977, -9.296477246028019 ] ], [ [ -38.180332818804516, -9.35384988626322 ], [ -38.180332946508258, -9.353837820958631 ] ], [ [ -37.236096453388598, -9.202969928719199 ], [ -37.242276918245125, -9.205281970586441 ], [ -37.248228544311814, -9.207512541970175 ], [ -37.250990034962115, -9.208600948275091 ], [ -37.256917043886403, -9.209493695377716 ], [ -37.262602985938997, -9.210426793261831 ], [ -37.268008876408487, -9.211284338201608 ], [ -37.273151206163163, -9.212082566557172 ], [ -37.281361740351997, -9.213371202419012 ], [ -37.287226964952424, -9.214281710232683 ], [ -37.292561667786686, -9.215160069981209 ], [ -37.298565943763265, -9.21611792889928 ], [ -37.304765067753635, -9.21710571995294 ], [ -37.312457079830324, -9.218300632068463 ], [ -37.320546944785633, -9.219571530601627 ], [ -37.328451513426558, -9.220794373861224 ], [ -37.336556647071575, -9.222061753347191 ], [ -37.345609108573456, -9.223462888101778 ], [ -37.353871932044001, -9.224750299086963 ], [ -37.361688405795235, -9.225970013605206 ], [ -37.369897343687398, -9.227270840676681 ], [ -37.377805360329091, -9.228497208379395 ], [ -37.384905894591327, -9.229629489009653 ], [ -37.390024452566365, -9.230441093881325 ], [ -37.398493693828868, -9.231795050201356 ], [ -37.403791403050775, -9.23256964887014 ], [ -37.412092686927906, -9.233855441075718 ], [ -37.419928288359756, -9.235150688753265 ], [ -37.428230759342, -9.236403842763082 ], [ -37.435802595913003, -9.237606995366491 ], [ -37.441152473008174, -9.238455915807833 ], [ -37.448349116018846, -9.239586200842439 ], [ -37.457172686570175, -9.24099314611675 ], [ -37.46513921490282, -9.242244647172697 ], [ -37.473730746876413, -9.243569424988948 ], [ -37.482824718385984, -9.245007636093476 ], [ -37.491206634578475, -9.246311111668433 ], [ -37.500444423871045, -9.247746575344138 ], [ -37.507995271164816, -9.248940442447406 ], [ -37.515363403198478, -9.250123417861403 ], [ -37.523304020264277, -9.25141758095657 ], [ -37.531598642863059, -9.252624042165792 ], [ -37.539589365656639, -9.253900059639989 ], [ -37.545638454850746, -9.254856712567175 ], [ -37.551763813748948, -9.255794825970383 ], [ -37.568813899441864, -9.258535396591242 ], [ -37.582760836643274, -9.260750109330047 ], [ -37.589362152741103, -9.261761286354215 ], [ -37.595055264189057, -9.262663320755621 ], [ -37.602420721638964, -9.263825893250328 ], [ -37.608621500381901, -9.264816531557642 ], [ -37.615739575021337, -9.26590351873233 ], [ -37.624384756051597, -9.26723032631844 ], [ -37.632954598176127, -9.268567834937585 ], [ -37.64116976117549, -9.269853975180752 ], [ -37.649139425444105, -9.271107237109277 ], [ -37.65656601790738, -9.27228093421769 ], [ -37.662458662836968, -9.27323980936967 ], [ -37.670985022740581, -9.274531615341743 ], [ -37.678568185373422, -9.275761118081107 ], [ -37.68701162508637, -9.277053610235896 ], [ -37.69616228536114, -9.278493803446224 ], [ -37.704284481843331, -9.279742185653276 ], [ -37.711570033630096, -9.280861971103036 ], [ -37.71938081827011, -9.282087309081987 ], [ -37.727885921797792, -9.283413998856929 ], [ -37.736799305843249, -9.284859382054776 ], [ -37.745143752681997, -9.286118692823379 ], [ -37.754035579078675, -9.287516378677878 ], [ -37.762251875223797, -9.288796976399283 ], [ -37.770641559760122, -9.290093179156827 ], [ -37.778918007959646, -9.29139867370975 ], [ -37.784172770057239, -9.292203072313896 ], [ -37.793084386934879, -9.293590052638763 ], [ -37.800037725560571, -9.294753724105021 ], [ -37.806494561974432, -9.295672277253743 ], [ -37.815160513746662, -9.297027536691417 ], [ -37.823709763194984, -9.298372800164543 ], [ -37.831284507274177, -9.299542871206484 ], [ -37.836190533865988, -9.300316891611203 ], [ -37.842509078830858, -9.301285980363673 ], [ -37.849970495741729, -9.30246945400205 ], [ -37.858231311925465, -9.303738511622953 ], [ -37.865743501861061, -9.304906543002517 ], [ -37.873789487994429, -9.306212092414114 ], [ -37.879756337784727, -9.307051688684453 ], [ -37.887650574114673, -9.308353291870901 ], [ -37.895845005942249, -9.309589263433736 ], [ -37.904369356760355, -9.310924602888065 ], [ -37.912746058683638, -9.312223331841267 ], [ -37.918476409258858, -9.313076163434175 ], [ -37.924155258358439, -9.314001829320944 ], [ -37.930231043028186, -9.31492353459339 ], [ -37.937956244584996, -9.31611857171464 ], [ -37.944061510830011, -9.317066451755295 ], [ -37.951560844956987, -9.318250917345893 ], [ -37.959055284973374, -9.319546627274974 ], [ -37.964623703620987, -9.321416996796927 ], [ -37.972436788726782, -9.324076594259395 ], [ -37.978397717380687, -9.326100212754568 ], [ -37.985166969280158, -9.328367086172022 ], [ -37.990456879581302, -9.330169673791374 ], [ -37.99562299280683, -9.331913712847495 ], [ -38.001644861321267, -9.333940353064804 ], [ -38.007230322121643, -9.335830743294139 ], [ -38.011905018801542, -9.337419198736995 ], [ -38.016984139706267, -9.339142003000973 ], [ -38.0225853053675, -9.341034002117453 ], [ -38.028532252261584, -9.343039144940519 ], [ -38.03304555211048, -9.344591929673754 ], [ -38.038320899689722, -9.346346542059223 ], [ -38.043790347046809, -9.348251066033811 ], [ -38.049052005145882, -9.34998813534412 ], [ -38.054860094917387, -9.351939197435968 ], [ -38.06322755181003, -9.354789308179988 ], [ -38.068655961303534, -9.356622764129213 ], [ -38.075900223416511, -9.359048493792898 ], [ -38.081287076137585, -9.36086610278835 ], [ -38.086547837612557, -9.362658922870935 ], [ -38.091315082624931, -9.364289391042519 ], [ -38.093951473081972, -9.365137584831643 ], [ -38.099221407641778, -9.366914836750254 ], [ -38.10225325878082, -9.367990288321096 ], [ -38.107789570732052, -9.369863326131565 ], [ -38.112832303268135, -9.371540514982712 ], [ -38.118643993025842, -9.373515622248135 ], [ -38.124503858566186, -9.375507870591719 ], [ -38.129760432797696, -9.377236798339538 ], [ -38.134999401001494, -9.379026013040004 ], [ -38.140061376331403, -9.380728885629537 ], [ -38.14500467802344, -9.382427978368469 ], [ -38.150005332180285, -9.384065246314037 ], [ -38.153044903099783, -9.38515641083967 ], [ -38.156392041259664, -9.386235013634916 ], [ -38.159091588406056, -9.387166368632961 ], [ -38.163497260989743, -9.388649182513689 ], [ -38.163501588527424, -9.388650639415403 ] ] ] } },
{ "type": "Feature", "properties": { "OBJECTID": 55.0, "Nome": "LT 230 kV Santana II - Angelim, C1", "Concession": "CHESF - CHESF - Companhia Hidro Elétrica do São Francisco", "Tensao": 230.0, "Extensao": 156.99757541, "Ano_Opera": 2021, "Shape_Leng": 0.201649863698, "LARGURA": 35.0, "TIPO": "Servidao_administrativa", "CLASSE": "Linhas_transmissao_energia", "FONTE": "SIGSEB", "Shape_Le_1": 0.20164986369759699 }, "geometry": { "type": "MultiLineString", "coordinates": [ [ [ -37.435071721382769, -9.23713518224281 ], [ -37.424839853876108, -9.235569337554864 ], [ -37.413168384013659, -9.233713861705326 ], [ -37.39428378027219, -9.230770496661023 ], [ -37.382861832707363, -9.228962653403698 ], [ -37.375080792244717, -9.227743655645156 ], [ -37.367257269607251, -9.226512795828796 ], [ -37.353703997141736, -9.224371814907272 ], [ -37.334498544072517, -9.221401600603315 ], [ -37.323093804135681, -9.219585558226868 ], [ -37.310489421649436, -9.217580497242125 ], [ -37.296946099282991, -9.215462592924268 ], [ -37.276340737235216, -9.212216781379311 ], [ -37.25774324295628, -9.209288077083045 ], [ -37.251097033601184, -9.208243400312654 ], [ -37.236799106293688, -9.202810233405501 ], [ -37.236682491203965, -9.202766020035767 ] ] ] } },
{ "type": "Feature", "properties": { "OBJECTID": 56.0, "Nome": null, "Concession": null, "Tensao": 230.0, "Extensao": 0.0, "Ano_Opera": 0, "Shape_Leng": 9.999930417e-05, "LARGURA": 35.0, "TIPO": "Servidao_administrativa", "CLASSE": "Linhas_transmissao_energia", "FONTE": "SIGSEB", "Shape_Le_1": 9.999930417e-05 }, "geometry": { "type": "MultiLineString", "coordinates": [ [ [ -37.435165475706071, -9.237169967120224 ], [ -37.435071721382769, -9.23713518224281 ] ] ] } },
{ "type": "Feature", "properties": { "OBJECTID": 57.0, "Nome": "LT 230 kV Paulo Afonso III - Bom Nome C3", "Concession": "CHESF - CHESF - Companhia Hidro Elétrica do São Francisco", "Tensao": 230.0, "Extensao": 175.79293211000001, "Ano_Opera": 0, "Shape_Leng": 0.04774686136, "LARGURA": 35.0, "TIPO": "Servidao_administrativa", "CLASSE": "Linhas_transmissao_energia", "FONTE": "SIGSEB", "Shape_Le_1": 0.118171092759969 }, "geometry": { "type": "MultiLineString", "coordinates": [ [ [ -38.179716574560246, -9.360928910540736 ], [ -38.17972125463217, -9.360918256272441 ] ], [ [ -38.17972125463217, -9.360918256272441 ], [ -38.179721115237214, -9.360929878211266 ], [ -38.179526456081021, -9.377161108698147 ], [ -38.179512448240871, -9.382097491905654 ], [ -38.179489665715437, -9.385706565705391 ], [ -38.184449882755814, -9.392095613022093 ], [ -38.189603713040867, -9.398792194304292 ], [ -38.190727972617822, -9.400238508300447 ], [ -38.194127933357379, -9.401030114048467 ], [ -38.194917840286053, -9.400869389910383 ], [ -38.195172401485081, -9.400708137870197 ] ], [ [ -38.17972125463217, -9.360918256272441 ], [ -38.179725934704095, -9.360907602004204 ] ], [ [ -38.179751029386466, -9.356551449689618 ], [ -38.179750955642021, -9.356563653489786 ], [ -38.179728227075998, -9.360336901226958 ], [ -38.179721394027069, -9.360906633434354 ], [ -38.17972125463217, -9.360918256272441 ] ], [ [ -38.179751029386466, -9.356551449689618 ], [ -38.179746409569077, -9.356562760462964 ] ], [ [ -38.179755649203798, -9.356540138916216 ], [ -38.179751029386466, -9.356551449689618 ] ], [ [ -38.179754441414275, -9.355229456174413 ], [ -38.179759058533705, -9.355218443076637 ] ], [ [ -38.179759058533705, -9.355218443076637 ], [ -38.179758986587899, -9.355230374382245 ], [ -38.179751103130855, -9.356539242292172 ], [ -38.179751029386466, -9.356551449689618 ] ], [ [ -38.179759058533705, -9.355218443076637 ], [ -38.179763677451717, -9.355207426381583 ] ], [ [ -38.179779142193638, -9.352339978507132 ], [ -38.179779024382412, -9.352351764122545 ], [ -38.179772205722657, -9.353035926966413 ], [ -38.179759130479454, -9.35520651087171 ], [ -38.179759058533705, -9.355218443076637 ] ], [ [ -38.179779142193638, -9.352339978507132 ], [ -38.179774481906747, -9.352350821633081 ] ], [ [ -38.179783801581152, -9.352329137179879 ], [ -38.179779142193638, -9.352339978507132 ] ], [ [ -38.180402567524425, -9.290604271070208 ], [ -38.180359954947903, -9.294458068385097 ], [ -38.180316940374439, -9.299928899798829 ], [ -38.180232208949235, -9.308740620882872 ], [ -38.180136691954715, -9.318373428390942 ], [ -38.180049312026085, -9.32586122961203 ], [ -38.179921200003321, -9.340189132222633 ], [ -38.179837187136457, -9.346515898789676 ], [ -38.179779260004807, -9.35232818839512 ], [ -38.179779142193638, -9.352339978507132 ] ] ] } },
{ "type": "Feature", "properties": { "OBJECTID": 58.0, "Nome": "LT 500 kV Xingó - Angelim II C1", "Concession": "TAESA - TRANSMISSORA ALIANÇA DE ENERGIA ELÉTRICA S A", "Tensao": 500.0, "Extensao": 195.07319041, "Ano_Opera": 2004, "Shape_Leng": 0.68514363832799996, "LARGURA": 60.0, "TIPO": "Servidao_administrativa", "CLASSE": "Linhas_transmissao_energia", "FONTE": "SIGSEB", "Shape_Le_1": 0.68514363832830105 }, "geometry": { "type": "MultiLineString", "coordinates": [ [ [ -37.180341504656667, -9.225072021656445 ], [ -37.185283301782931, -9.227198807678803 ], [ -37.193229184379334, -9.230814613803318 ], [ -37.200232519914834, -9.233868408400269 ], [ -37.208372188425699, -9.237413920815754 ], [ -37.216543977122797, -9.240996957443599 ], [ -37.222778927405557, -9.243714000001034 ], [ -37.227634822189259, -9.246969829094269 ], [ -37.234460031705055, -9.251732713294018 ], [ -37.241869162032174, -9.256680277772546 ], [ -37.251993939168926, -9.263259237623686 ], [ -37.260374652068492, -9.268134507401555 ], [ -37.271056256141264, -9.274500288357558 ], [ -37.280484529037722, -9.27985167721306 ], [ -37.287590587835325, -9.283901084267598 ], [ -37.291756491269041, -9.290272162230451 ], [ -37.296389589807688, -9.297644842135696 ], [ -37.302243625942538, -9.306670609960634 ], [ -37.311110184987001, -9.320410783131081 ], [ -37.316988719553706, -9.32980791070645 ], [ -37.325217935359376, -9.342476633389879 ], [ -37.331770229412541, -9.352596895030615 ], [ -37.341115533555012, -9.367078432423682 ], [ -37.346462171292103, -9.375320208161043 ], [ -37.357587812027873, -9.39052740041916 ], [ -37.37125918706181, -9.409249715202122 ], [ -37.378822844298782, -9.419299442115516 ], [ -37.386239475871093, -9.429381158813385 ], [ -37.391620536958158, -9.436606590921372 ], [ -37.405913857038854, -9.453161280568622 ], [ -37.417657307738523, -9.466359795667984 ], [ -37.423938621670004, -9.473300722750082 ], [ -37.429964504758061, -9.480199852940814 ], [ -37.438693421664027, -9.489814238736074 ], [ -37.450342707050254, -9.502987252659523 ], [ -37.462652223421344, -9.517337783112168 ], [ -37.465314455897385, -9.520509879926976 ], [ -37.470690398942736, -9.528256390919637 ], [ -37.476063164683239, -9.535710122224316 ], [ -37.483867805155057, -9.542084910789981 ], [ -37.491704862589302, -9.548509612628493 ], [ -37.505153694087653, -9.555287322651793 ], [ -37.516538075171979, -9.56092929235291 ], [ -37.532006231802086, -9.568506013141928 ], [ -37.546860080428303, -9.575848376001716 ], [ -37.561207260006995, -9.582880005108109 ], [ -37.568738654065612, -9.586482300717535 ], [ -37.58053629341515, -9.592315146127021 ], [ -37.593623946387993, -9.598058074620383 ], [ -37.609573314057172, -9.604618901441086 ], [ -37.628483152775232, -9.612376528054256 ], [ -37.638444487123365, -9.61652367342873 ], [ -37.651597652109899, -9.620974423630685 ], [ -37.661218224341553, -9.624314794392205 ], [ -37.673651351628507, -9.628278012220449 ], [ -37.687691428016933, -9.632938469934402 ], [ -37.696161118041118, -9.635658137612893 ], [ -37.700042462489591, -9.637923412935095 ] ] ] } },
{ "type": "Feature", "properties": { "OBJECTID": 59.0, "Nome": "LT 500 kV Garanhuns II - Luiz Gonzaga C2", "Concession": "IEG - INTERLIGAÇÃO ELÉTRICA GARANHUNS", "Tensao": 500.0, "Extensao": 218.25512114, "Ano_Opera": 2015, "Shape_Leng": 0.50560327773900005, "LARGURA": 60.0, "TIPO": "Servidao_administrativa", "CLASSE": "Linhas_transmissao_energia", "FONTE": "SIGSEB", "Shape_Le_1": 0.50560327773871405 }, "geometry": { "type": "MultiLineString", "coordinates": [ [ [ -37.95460433062533, -9.107396790429505 ], [ -37.94654795372503, -9.104475138616692 ], [ -37.752363514564479, -9.066368729433293 ], [ -37.683053256402616, -9.052021583129488 ], [ -37.660582311024768, -9.046955767694499 ], [ -37.61417842929103, -9.036476038938019 ], [ -37.609737906179362, -9.035424188275613 ], [ -37.578014138441688, -9.028095435755688 ], [ -37.476153598709573, -9.004065448161839 ], [ -37.466553634442619, -9.001564099903248 ], [ -37.460683928520439, -9.00006314220019 ] ] ] } },
{ "type": "Feature", "properties": { "OBJECTID": 60.0, "Nome": "LT 230 kV Angelim - Messias C1", "Concession": "CHESF - CHESF - Companhia Hidro Elétrica do São Francisco", "Tensao": 230.0, "Extensao": 80.22743432, "Ano_Opera": 0, "Shape_Leng": 4.552965216e-06, "LARGURA": 35.0, "TIPO": "Servidao_administrativa", "CLASSE": "Linhas_transmissao_energia", "FONTE": "SIGSEB", "Shape_Le_1": 4.552965216e-06 }, "geometry": { "type": "MultiLineString", "coordinates": [ [ [ -35.844615295959102, -9.400785616263136 ], [ -35.844610783161045, -9.400786219708209 ] ] ] } },
{ "type": "Feature", "properties": { "OBJECTID": 61.0, "Nome": "LT 230 kV Angelim - Messias C1", "Concession": "CHESF - CHESF - Companhia Hidro Elétrica do São Francisco", "Tensao": 230.0, "Extensao": 80.22743432, "Ano_Opera": 0, "Shape_Leng": 4.519497759e-06, "LARGURA": 35.0, "TIPO": "Servidao_administrativa", "CLASSE": "Linhas_transmissao_energia", "FONTE": "SIGSEB", "Shape_Le_1": 4.519497759e-06 }, "geometry": { "type": "MultiLineString", "coordinates": [ [ [ -35.844611440565473, -9.400790691137445 ], [ -35.844610783161045, -9.400786219708209 ] ] ] } },
{ "type": "Feature", "properties": { "OBJECTID": 62.0, "Nome": "LT 230 kV Angelim - Messias C1", "Concession": "CHESF - CHESF - Companhia Hidro Elétrica do São Francisco", "Tensao": 230.0, "Extensao": 80.22743432, "Ano_Opera": 0, "Shape_Leng": 4.551182402e-06, "LARGURA": 35.0, "TIPO": "Servidao_administrativa", "CLASSE": "Linhas_transmissao_energia", "FONTE": "SIGSEB", "Shape_Le_1": 4.551182402e-06 }, "geometry": { "type": "MultiLineString", "coordinates": [ [ [ -35.844610783161045, -9.400786219708209 ], [ -35.844606272161684, -9.400786823153339 ] ] ] } },
{ "type": "Feature", "properties": { "OBJECTID": 63.0, "Nome": "LT 230 kV Angelim - Messias C1", "Concession": "CHESF - CHESF - Companhia Hidro Elétrica do São Francisco", "Tensao": 230.0, "Extensao": 80.22743432, "Ano_Opera": 0, "Shape_Leng": 4.522297801e-06, "LARGURA": 35.0, "TIPO": "Servidao_administrativa", "CLASSE": "Linhas_transmissao_energia", "FONTE": "SIGSEB", "Shape_Le_1": 4.522297801e-06 }, "geometry": { "type": "MultiLineString", "coordinates": [ [ [ -35.844610783161045, -9.400786219708209 ], [ -35.844610124857354, -9.400781745581071 ] ] ] } }
]
}
