{
"type": "FeatureCollection",
"name": "Sitios_Arqueologicos",
"crs": { "type": "name", "properties": { "name": "urn:ogc:def:crs:OGC:1.3:CRS84" } },
"features": [
{ "type": "Feature", "properties": { "id_bem": 26303, "identifica": "Pedra do Sino", "co_iphan": "AL2707107BAST00005", "no_logrado": "Sítio", "nu_logrado": null, "id_naturez": 3, "ds_naturez": "Bem Arqueológico", "codigo_iph": "BA", "id_classif": 41, "ds_classif": "Pré-colonial", "id_tipo_be": 4, "ds_tipo_be": "Sítio", "sg_tipo_be": "ST", "sintese_be": "Sítio linear com material lítico.", "dt_cadastr": "2020-01-14", "UF": "AL" }, "geometry": { "type": "Point", "coordinates": [ -37.743605, -9.619399 ] } },
{ "type": "Feature", "properties": { "id_bem": 26361, "identifica": "Piaçabuçu", "co_iphan": "AL2706802BAST00001", "no_logrado": "Centro", "nu_logrado": null, "id_naturez": 3, "ds_naturez": "Bem Arqueológico", "codigo_iph": "BA", "id_classif": 40, "ds_classif": "Histórico", "id_tipo_be": 4, "ds_tipo_be": "Sítio", "sg_tipo_be": "ST", "sintese_be": "Centro Histórico", "dt_cadastr": "2020-01-16", "UF": "AL" }, "geometry": { "type": "Point", "coordinates": [ -36.434042, -10.40687 ] } },
{ "type": "Feature", "properties": { "id_bem": 20574, "identifica": "Platô do Talhado III", "co_iphan": "AL2705804BAST00008", "no_logrado": "Assentamento Rural Nova Esperança II - Agrovila 01", "nu_logrado": null, "id_naturez": 3, "ds_naturez": "Bem Arqueológico", "codigo_iph": "BA", "id_classif": 286, "ds_classif": "Sem classificação", "id_tipo_be": 4, "ds_tipo_be": "Sítio", "sg_tipo_be": "ST", "sintese_be": null, "dt_cadastr": "2019-05-10", "UF": "AL" }, "geometry": { "type": "Point", "coordinates": [ -37.890634, -9.468782 ] } },
{ "type": "Feature", "properties": { "id_bem": 26618, "identifica": "Lagoa dos Caboclos", "co_iphan": "AL2706307BAST00011", "no_logrado": "Dom Bosco", "nu_logrado": "s/n", "id_naturez": 3, "ds_naturez": "Bem Arqueológico", "codigo_iph": "BA", "id_classif": 306, "ds_classif": "Pré-contato", "id_tipo_be": 4, "ds_tipo_be": "Sítio", "sg_tipo_be": "ST", "sintese_be": "Lagoa dos Caboclos, localizado(a) no estado de Alagoas, cidade(s) de Palmeira dos Índios, é um Bem Arqueológico, do tipo Sítio, com estado de conservação Bom e de preservação Íntegro.", "dt_cadastr": "2020-01-29", "UF": "AL" }, "geometry": { "type": "Point", "coordinates": [ -36.543346895495993, -9.4984859722412 ] } },
{ "type": "Feature", "properties": { "id_bem": 26619, "identifica": "Cemitério dos Macacos", "co_iphan": "AL2706307BAST00012", "no_logrado": "Dom Bosco", "nu_logrado": "s/n", "id_naturez": 3, "ds_naturez": "Bem Arqueológico", "codigo_iph": "BA", "id_classif": 306, "ds_classif": "Pré-contato", "id_tipo_be": 4, "ds_tipo_be": "Sítio", "sg_tipo_be": "ST", "sintese_be": "Cemitério dos Macacos, localizado(a) no estado de Alagoas, cidade(s) de Palmeira dos Índios, é um Bem Arqueológico, do tipo Sítio, com estado de conservação Bom e de preservação Íntegro.", "dt_cadastr": "2020-01-29", "UF": "AL" }, "geometry": { "type": "Point", "coordinates": [ -36.565511329691304, -9.37903570708821 ] } },
{ "type": "Feature", "properties": { "id_bem": 26620, "identifica": "Pia Gato", "co_iphan": "AL2702405BAST00018", "no_logrado": "Vereador João Dantas Feitosa", "nu_logrado": null, "id_naturez": 3, "ds_naturez": "Bem Arqueológico", "codigo_iph": "BA", "id_classif": 306, "ds_classif": "Pré-contato", "id_tipo_be": 4, "ds_tipo_be": "Sítio", "sg_tipo_be": "ST", "sintese_be": "Pia Gato, localizado(a) no estado de Alagoas, cidade(s) de Delmiro Gouveia, é um Bem Arqueológico, do tipo Sítio, com estado de conservação Bom e de preservação Íntegro.", "dt_cadastr": "2020-01-29", "UF": "AL" }, "geometry": { "type": "Point", "coordinates": [ -38.188521464069019, -9.356182960797474 ] } },
{ "type": "Feature", "properties": { "id_bem": 27129, "identifica": "AL 0035 LA/UFPE", "co_iphan": "AL2702801BAST00002", "no_logrado": "Serra Verde", "nu_logrado": null, "id_naturez": 3, "ds_naturez": "Bem Arqueológico", "codigo_iph": "BA", "id_classif": 40, "ds_classif": "Histórico", "id_tipo_be": 4, "ds_tipo_be": "Sítio", "sg_tipo_be": "ST", "sintese_be": "AL 0035 LA/UFPE, localizado(a) no estado de Alagoas, cidade(s) de Flexeiras, é um Bem Arqueológico, do tipo Sítio, com estado de conservação Ruim e de preservação Muito Alterado.\r\nSítio arqueológico histórico - Ruínas de igreja e cemitério localizados na", "dt_cadastr": "2020-03-10", "UF": "AL" }, "geometry": { "type": "Point", "coordinates": [ -35.787514422610002, -9.271845849110013 ] } },
{ "type": "Feature", "properties": { "id_bem": 7317, "identifica": "Ilha dos Cavalos 1", "co_iphan": "AL2706406BAST00001", "no_logrado": "Ilha dos Cavalos", "nu_logrado": null, "id_naturez": 3, "ds_naturez": "Bem Arqueológico", "codigo_iph": "BA", "id_classif": 286, "ds_classif": "Sem classificação", "id_tipo_be": 4, "ds_tipo_be": "Sítio", "sg_tipo_be": "ST", "sintese_be": null, "dt_cadastr": "2019-05-10", "UF": "AL" }, "geometry": { "type": "Point", "coordinates": [ -37.522222, -9.700278 ] } },
{ "type": "Feature", "properties": { "id_bem": 8265, "identifica": "Ocorrência 34", "co_iphan": "AL2703502BAST00003", "no_logrado": "Engenho Dois Irmãos", "nu_logrado": null, "id_naturez": 3, "ds_naturez": "Bem Arqueológico", "codigo_iph": "BA", "id_classif": 286, "ds_classif": "Sem classificação", "id_tipo_be": 4, "ds_tipo_be": "Sítio", "sg_tipo_be": "ST", "sintese_be": null, "dt_cadastr": "2019-05-10", "UF": "AL" }, "geometry": { "type": "Point", "coordinates": [ -35.444738, -8.862652 ] } },
{ "type": "Feature", "properties": { "id_bem": 8266, "identifica": "Ocorrência 35", "co_iphan": "AL2703502BAST00004", "no_logrado": "Engenho Dois Irmãos", "nu_logrado": null, "id_naturez": 3, "ds_naturez": "Bem Arqueológico", "codigo_iph": "BA", "id_classif": 286, "ds_classif": "Sem classificação", "id_tipo_be": 4, "ds_tipo_be": "Sítio", "sg_tipo_be": "ST", "sintese_be": null, "dt_cadastr": "2019-05-10", "UF": "AL" }, "geometry": { "type": "Point", "coordinates": [ -35.438349, -8.854875 ] } },
{ "type": "Feature", "properties": { "id_bem": 8267, "identifica": "Ocorrência 36", "co_iphan": "AL2703502BAST00005", "no_logrado": "Fazenda  Dois Irmãos", "nu_logrado": null, "id_naturez": 3, "ds_naturez": "Bem Arqueológico", "codigo_iph": "BA", "id_classif": 286, "ds_classif": "Sem classificação", "id_tipo_be": 4, "ds_tipo_be": "Sítio", "sg_tipo_be": "ST", "sintese_be": null, "dt_cadastr": "2019-05-10", "UF": "AL" }, "geometry": { "type": "Point", "coordinates": [ -35.43196, -8.850152 ] } },
{ "type": "Feature", "properties": { "id_bem": 8261, "identifica": "Ocorrência 26", "co_iphan": "AL2703908BAST00001", "no_logrado": "Fazenda Surubana", "nu_logrado": null, "id_naturez": 3, "ds_naturez": "Bem Arqueológico", "codigo_iph": "BA", "id_classif": 286, "ds_classif": "Sem classificação", "id_tipo_be": 4, "ds_tipo_be": "Sítio", "sg_tipo_be": "ST", "sintese_be": null, "dt_cadastr": "2019-05-10", "UF": "AL" }, "geometry": { "type": "Point", "coordinates": [ -35.533627, -9.010431 ] } },
{ "type": "Feature", "properties": { "id_bem": 8262, "identifica": "Ocorrência 27", "co_iphan": "AL2703908BAST00002", "no_logrado": "Fazenda Surubana", "nu_logrado": null, "id_naturez": 3, "ds_naturez": "Bem Arqueológico", "codigo_iph": "BA", "id_classif": 286, "ds_classif": "Sem classificação", "id_tipo_be": 4, "ds_tipo_be": "Sítio", "sg_tipo_be": "ST", "sintese_be": null, "dt_cadastr": "2019-05-10", "UF": "AL" }, "geometry": { "type": "Point", "coordinates": [ -35.518349, -8.96432 ] } },
{ "type": "Feature", "properties": { "id_bem": 8263, "identifica": "Ocorrência 31", "co_iphan": "AL2703502BAST00001", "no_logrado": "Fazenda Santana", "nu_logrado": null, "id_naturez": 3, "ds_naturez": "Bem Arqueológico", "codigo_iph": "BA", "id_classif": 286, "ds_classif": "Sem classificação", "id_tipo_be": 4, "ds_tipo_be": "Sítio", "sg_tipo_be": "ST", "sintese_be": null, "dt_cadastr": "2019-05-10", "UF": "AL" }, "geometry": { "type": "Point", "coordinates": [ -35.460015, -8.889041 ] } },
{ "type": "Feature", "properties": { "id_bem": 8264, "identifica": "Ocorrência 33", "co_iphan": "AL2703502BAST00002", "no_logrado": "Engenho Dois Irmãos", "nu_logrado": null, "id_naturez": 3, "ds_naturez": "Bem Arqueológico", "codigo_iph": "BA", "id_classif": 286, "ds_classif": "Sem classificação", "id_tipo_be": 4, "ds_tipo_be": "Sítio", "sg_tipo_be": "ST", "sintese_be": null, "dt_cadastr": "2019-05-10", "UF": "AL" }, "geometry": { "type": "Point", "coordinates": [ -35.445849, -8.870986 ] } },
{ "type": "Feature", "properties": { "id_bem": 8256, "identifica": "Ocorrência 06", "co_iphan": "AL2707701BAST00001", "no_logrado": "Fazenda Canoas de Cima / Usina Santa Clotilde", "nu_logrado": null, "id_naturez": 3, "ds_naturez": "Bem Arqueológico", "codigo_iph": "BA", "id_classif": 286, "ds_classif": "Sem classificação", "id_tipo_be": 4, "ds_tipo_be": "Sítio", "sg_tipo_be": "ST", "sintese_be": null, "dt_cadastr": "2019-05-10", "UF": "AL" }, "geometry": { "type": "Point", "coordinates": [ -35.824158, -9.430906 ] } },
{ "type": "Feature", "properties": { "id_bem": 8257, "identifica": "Ocorrência 18", "co_iphan": "AL2703809BAST00001", "no_logrado": "Assentamento São Frutuoso - INCRA", "nu_logrado": null, "id_naturez": 3, "ds_naturez": "Bem Arqueológico", "codigo_iph": "BA", "id_classif": 286, "ds_classif": "Sem classificação", "id_tipo_be": 4, "ds_tipo_be": "Sítio", "sg_tipo_be": "ST", "sintese_be": null, "dt_cadastr": "2019-05-10", "UF": "AL" }, "geometry": { "type": "Point", "coordinates": [ -35.612433, -9.137015 ] } },
{ "type": "Feature", "properties": { "id_bem": 8258, "identifica": "Ocorrência 19", "co_iphan": "AL2703809BAST00002", "no_logrado": "Fazenda Açude", "nu_logrado": null, "id_naturez": 3, "ds_naturez": "Bem Arqueológico", "codigo_iph": "BA", "id_classif": 286, "ds_classif": "Sem classificação", "id_tipo_be": 4, "ds_tipo_be": "Sítio", "sg_tipo_be": "ST", "sintese_be": null, "dt_cadastr": "2019-05-10", "UF": "AL" }, "geometry": { "type": "Point", "coordinates": [ -35.602294, -9.124876 ] } },
{ "type": "Feature", "properties": { "id_bem": 8259, "identifica": "Ocorrência 20", "co_iphan": "AL2705101BAST00001", "no_logrado": "Fazenda Recanto", "nu_logrado": null, "id_naturez": 3, "ds_naturez": "Bem Arqueológico", "codigo_iph": "BA", "id_classif": 286, "ds_classif": "Sem classificação", "id_tipo_be": 4, "ds_tipo_be": "Sítio", "sg_tipo_be": "ST", "sintese_be": null, "dt_cadastr": "2019-05-10", "UF": "AL" }, "geometry": { "type": "Point", "coordinates": [ -35.588239, -9.100543 ] } },
{ "type": "Feature", "properties": { "id_bem": 8260, "identifica": "Ocorrência 21", "co_iphan": "AL2705101BAST00002", "no_logrado": "Fazenda Brejinho - Cia Agro-industrial do Vale do Camaragibe", "nu_logrado": null, "id_naturez": 3, "ds_naturez": "Bem Arqueológico", "codigo_iph": "BA", "id_classif": 286, "ds_classif": "Sem classificação", "id_tipo_be": 4, "ds_tipo_be": "Sítio", "sg_tipo_be": "ST", "sintese_be": null, "dt_cadastr": "2019-05-10", "UF": "AL" }, "geometry": { "type": "Point", "coordinates": [ -35.574766, -9.100654 ] } },
{ "type": "Feature", "properties": { "id_bem": 9317, "identifica": "Costa Brava", "co_iphan": "AL2706448BAST00001", "no_logrado": "Sítio Costa Brava", "nu_logrado": null, "id_naturez": 3, "ds_naturez": "Bem Arqueológico", "codigo_iph": "BA", "id_classif": 286, "ds_classif": "Sem classificação", "id_tipo_be": 4, "ds_tipo_be": "Sítio", "sg_tipo_be": "ST", "sintese_be": null, "dt_cadastr": "2019-05-10", "UF": "AL" }, "geometry": { "type": "Point", "coordinates": [ -35.568333, -9.475 ] } },
{ "type": "Feature", "properties": { "id_bem": 9318, "identifica": "Morro do Lampião", "co_iphan": "AL2706406BAST00002", "no_logrado": "Morro de Lapiao", "nu_logrado": null, "id_naturez": 3, "ds_naturez": "Bem Arqueológico", "codigo_iph": "BA", "id_classif": 286, "ds_classif": "Sem classificação", "id_tipo_be": 4, "ds_tipo_be": "Sítio", "sg_tipo_be": "ST", "sintese_be": null, "dt_cadastr": "2019-05-10", "UF": "AL" }, "geometry": { "type": "Point", "coordinates": [ -37.6175, -9.536111 ] } },
{ "type": "Feature", "properties": { "id_bem": 9319, "identifica": "Cosmezinho", "co_iphan": "AL2706406BAST00003", "no_logrado": "Sem localidade", "nu_logrado": null, "id_naturez": 3, "ds_naturez": "Bem Arqueológico", "codigo_iph": "BA", "id_classif": 286, "ds_classif": "Sem classificação", "id_tipo_be": 4, "ds_tipo_be": "Sítio", "sg_tipo_be": "ST", "sintese_be": null, "dt_cadastr": "2019-05-10", "UF": "AL" }, "geometry": { "type": "Point", "coordinates": [ -37.608333, -9.575 ] } },
{ "type": "Feature", "properties": { "id_bem": 9320, "identifica": "Caboclo 2", "co_iphan": "AL2704708BAST00001", "no_logrado": "Sem localidade", "nu_logrado": null, "id_naturez": 3, "ds_naturez": "Bem Arqueológico", "codigo_iph": "BA", "id_classif": 286, "ds_classif": "Sem classificação", "id_tipo_be": 4, "ds_tipo_be": "Sítio", "sg_tipo_be": "ST", "sintese_be": null, "dt_cadastr": "2019-05-10", "UF": "AL" }, "geometry": { "type": "Point", "coordinates": [ -35.800611, -9.693639 ] } },
{ "type": "Feature", "properties": { "id_bem": 9695, "identifica": "Ocorrência 22", "co_iphan": "AL2703908BAST00003", "no_logrado": "Fazenda Brejinho - Cia Agro-industrial do Vale do Camaragibe", "nu_logrado": null, "id_naturez": 3, "ds_naturez": "Bem Arqueológico", "codigo_iph": "BA", "id_classif": 286, "ds_classif": "Sem classificação", "id_tipo_be": 4, "ds_tipo_be": "Sítio", "sg_tipo_be": "ST", "sintese_be": null, "dt_cadastr": "2019-05-10", "UF": "AL" }, "geometry": { "type": "Point", "coordinates": [ -35.568933, -9.033848 ] } },
{ "type": "Feature", "properties": { "id_bem": 11024, "identifica": "BALSAMO 03", "co_iphan": "AL2706307BAST00001", "no_logrado": "BALSAMO", "nu_logrado": null, "id_naturez": 3, "ds_naturez": "Bem Arqueológico", "codigo_iph": "BA", "id_classif": 286, "ds_classif": "Sem classificação", "id_tipo_be": 4, "ds_tipo_be": "Sítio", "sg_tipo_be": "ST", "sintese_be": null, "dt_cadastr": "2019-05-10", "UF": "AL" }, "geometry": { "type": "Point", "coordinates": [ -36.646994, -9.318166 ] } },
{ "type": "Feature", "properties": { "id_bem": 11026, "identifica": "BALSAMO 01", "co_iphan": "AL2706307BAST00003", "no_logrado": "BALSAMO", "nu_logrado": null, "id_naturez": 3, "ds_naturez": "Bem Arqueológico", "codigo_iph": "BA", "id_classif": 286, "ds_classif": "Sem classificação", "id_tipo_be": 4, "ds_tipo_be": "Sítio", "sg_tipo_be": "ST", "sintese_be": null, "dt_cadastr": "2019-05-10", "UF": "AL" }, "geometry": { "type": "Point", "coordinates": [ -36.64091, -9.321704 ] } },
{ "type": "Feature", "properties": { "id_bem": 26348, "identifica": "Pilões", "co_iphan": "AL2706406BAST00021", "no_logrado": "-", "nu_logrado": null, "id_naturez": 3, "ds_naturez": "Bem Arqueológico", "codigo_iph": "BA", "id_classif": 42, "ds_classif": "De contato", "id_tipo_be": 4, "ds_tipo_be": "Sítio", "sg_tipo_be": "ST", "sintese_be": "Ruínas de cerca de pedra e indústria lítica.", "dt_cadastr": "2020-01-15", "UF": "AL" }, "geometry": { "type": "Point", "coordinates": [ -37.520487, -9.62404 ] } },
{ "type": "Feature", "properties": { "id_bem": 13637, "identifica": "AL 0073 LA/UFPE", "co_iphan": "AL2700102BAST00001", "no_logrado": "Serra do Carneiro", "nu_logrado": null, "id_naturez": 3, "ds_naturez": "Bem Arqueológico", "codigo_iph": "BA", "id_classif": 286, "ds_classif": "Sem classificação", "id_tipo_be": 4, "ds_tipo_be": "Sítio", "sg_tipo_be": "ST", "sintese_be": null, "dt_cadastr": "2019-05-10", "UF": "AL" }, "geometry": { "type": "Point", "coordinates": [ -37.86497, -9.285222 ] } },
{ "type": "Feature", "properties": { "id_bem": 13638, "identifica": "AL 0074 LA/UFPE", "co_iphan": "AL2700102BAST00002", "no_logrado": "Caiçara - Morro da Brigada", "nu_logrado": null, "id_naturez": 3, "ds_naturez": "Bem Arqueológico", "codigo_iph": "BA", "id_classif": 286, "ds_classif": "Sem classificação", "id_tipo_be": 4, "ds_tipo_be": "Sítio", "sg_tipo_be": "ST", "sintese_be": null, "dt_cadastr": "2019-05-10", "UF": "AL" }, "geometry": { "type": "Point", "coordinates": [ -37.839289, -9.268599 ] } },
{ "type": "Feature", "properties": { "id_bem": 13787, "identifica": "Bom Jardim", "co_iphan": "AL2701407BAST00002", "no_logrado": "Sem localidade", "nu_logrado": null, "id_naturez": 3, "ds_naturez": "Bem Arqueológico", "codigo_iph": "BA", "id_classif": 286, "ds_classif": "Sem classificação", "id_tipo_be": 4, "ds_tipo_be": "Sítio", "sg_tipo_be": "ST", "sintese_be": null, "dt_cadastr": "2019-05-10", "UF": "AL" }, "geometry": { "type": "Point", "coordinates": [ -36.246389, -9.866939 ] } },
{ "type": "Feature", "properties": { "id_bem": 13789, "identifica": "São Benedito", "co_iphan": "AL2701407BAST00004", "no_logrado": "Sem localidade", "nu_logrado": null, "id_naturez": 3, "ds_naturez": "Bem Arqueológico", "codigo_iph": "BA", "id_classif": 286, "ds_classif": "Sem classificação", "id_tipo_be": 4, "ds_tipo_be": "Sítio", "sg_tipo_be": "ST", "sintese_be": null, "dt_cadastr": "2019-05-10", "UF": "AL" }, "geometry": { "type": "Point", "coordinates": [ -36.233066, -9.84324 ] } },
{ "type": "Feature", "properties": { "id_bem": 14146, "identifica": "Bom Nome 4", "co_iphan": "AL2706406BAST00004", "no_logrado": "Sítio de Dona Maria Rodrigues", "nu_logrado": null, "id_naturez": 3, "ds_naturez": "Bem Arqueológico", "codigo_iph": "BA", "id_classif": 286, "ds_classif": "Sem classificação", "id_tipo_be": 4, "ds_tipo_be": "Sítio", "sg_tipo_be": "ST", "sintese_be": null, "dt_cadastr": "2019-05-10", "UF": "AL" }, "geometry": { "type": "Point", "coordinates": [ -37.599456, -9.547909 ] } },
{ "type": "Feature", "properties": { "id_bem": 14147, "identifica": "Bom Nome 2", "co_iphan": "AL2706406BAST00005", "no_logrado": "Sítio Bom Nome", "nu_logrado": null, "id_naturez": 3, "ds_naturez": "Bem Arqueológico", "codigo_iph": "BA", "id_classif": 286, "ds_classif": "Sem classificação", "id_tipo_be": 4, "ds_tipo_be": "Sítio", "sg_tipo_be": "ST", "sintese_be": null, "dt_cadastr": "2019-05-10", "UF": "AL" }, "geometry": { "type": "Point", "coordinates": [ -37.599235, -9.546407 ] } },
{ "type": "Feature", "properties": { "id_bem": 14148, "identifica": "Pedra do Tanque", "co_iphan": "AL2706406BAST00006", "no_logrado": "Trás da Serra, entre as localidades de Beleza e Soares", "nu_logrado": null, "id_naturez": 3, "ds_naturez": "Bem Arqueológico", "codigo_iph": "BA", "id_classif": 286, "ds_classif": "Sem classificação", "id_tipo_be": 4, "ds_tipo_be": "Sítio", "sg_tipo_be": "ST", "sintese_be": null, "dt_cadastr": "2019-05-10", "UF": "AL" }, "geometry": { "type": "Point", "coordinates": [ -37.625089, -9.575473 ] } },
{ "type": "Feature", "properties": { "id_bem": 14149, "identifica": "Bom Nome 3", "co_iphan": "AL2706406BAST00007", "no_logrado": "Sítio Bom Nome", "nu_logrado": null, "id_naturez": 3, "ds_naturez": "Bem Arqueológico", "codigo_iph": "BA", "id_classif": 286, "ds_classif": "Sem classificação", "id_tipo_be": 4, "ds_tipo_be": "Sítio", "sg_tipo_be": "ST", "sintese_be": null, "dt_cadastr": "2019-05-10", "UF": "AL" }, "geometry": { "type": "Point", "coordinates": [ -37.60026, -9.545199 ] } },
{ "type": "Feature", "properties": { "id_bem": 14182, "identifica": "Boaacica", "co_iphan": "AL2706703BAST00001", "no_logrado": "Sem localidade", "nu_logrado": null, "id_naturez": 3, "ds_naturez": "Bem Arqueológico", "codigo_iph": "BA", "id_classif": 286, "ds_classif": "Sem classificação", "id_tipo_be": 4, "ds_tipo_be": "Sítio", "sg_tipo_be": "ST", "sintese_be": null, "dt_cadastr": "2019-05-10", "UF": "AL" }, "geometry": { "type": "Point", "coordinates": [ -36.586763, -10.238538 ] } },
{ "type": "Feature", "properties": { "id_bem": 14279, "identifica": "Peri-peri", "co_iphan": "AL2709152BAST00001", "no_logrado": "Fazenda Peri-peri", "nu_logrado": null, "id_naturez": 3, "ds_naturez": "Bem Arqueológico", "codigo_iph": "BA", "id_classif": 286, "ds_classif": "Sem classificação", "id_tipo_be": 4, "ds_tipo_be": "Sítio", "sg_tipo_be": "ST", "sintese_be": null, "dt_cadastr": "2019-05-10", "UF": "AL" }, "geometry": { "type": "Point", "coordinates": [ -36.319707, -9.954278 ] } },
{ "type": "Feature", "properties": { "id_bem": 14386, "identifica": "Sítio do Mocambo", "co_iphan": "AL2705002BAST00001", "no_logrado": "Sem localidade", "nu_logrado": null, "id_naturez": 3, "ds_naturez": "Bem Arqueológico", "codigo_iph": "BA", "id_classif": 286, "ds_classif": "Sem classificação", "id_tipo_be": 4, "ds_tipo_be": "Sítio", "sg_tipo_be": "ST", "sintese_be": null, "dt_cadastr": "2019-05-10", "UF": "AL" }, "geometry": { "type": "Point", "coordinates": [ -37.704768, -9.080174 ] } },
{ "type": "Feature", "properties": { "id_bem": 14387, "identifica": "Espinhos", "co_iphan": "AL2705002BAST00002", "no_logrado": "Poço Branco", "nu_logrado": null, "id_naturez": 3, "ds_naturez": "Bem Arqueológico", "codigo_iph": "BA", "id_classif": 286, "ds_classif": "Sem classificação", "id_tipo_be": 4, "ds_tipo_be": "Sítio", "sg_tipo_be": "ST", "sintese_be": null, "dt_cadastr": "2019-05-10", "UF": "AL" }, "geometry": { "type": "Point", "coordinates": [ -37.82394, -8.926154 ] } },
{ "type": "Feature", "properties": { "id_bem": 14388, "identifica": "Escola Isolada poço Branco", "co_iphan": "AL2705002BAST00003", "no_logrado": "Poço Branco", "nu_logrado": null, "id_naturez": 3, "ds_naturez": "Bem Arqueológico", "codigo_iph": "BA", "id_classif": 286, "ds_classif": "Sem classificação", "id_tipo_be": 4, "ds_tipo_be": "Sítio", "sg_tipo_be": "ST", "sintese_be": null, "dt_cadastr": "2019-05-10", "UF": "AL" }, "geometry": { "type": "Point", "coordinates": [ -37.821413, -8.937034 ] } },
{ "type": "Feature", "properties": { "id_bem": 14392, "identifica": "Lamarão", "co_iphan": "AL2702405BAST00001", "no_logrado": "Fazenda Lamarão", "nu_logrado": null, "id_naturez": 3, "ds_naturez": "Bem Arqueológico", "codigo_iph": "BA", "id_classif": 286, "ds_classif": "Sem classificação", "id_tipo_be": 4, "ds_tipo_be": "Sítio", "sg_tipo_be": "ST", "sintese_be": null, "dt_cadastr": "2019-05-10", "UF": "AL" }, "geometry": { "type": "Point", "coordinates": [ -37.922985, -9.539149 ] } },
{ "type": "Feature", "properties": { "id_bem": 14393, "identifica": "Xingó", "co_iphan": "AL2702405BAST00002", "no_logrado": "Fazenda Castanho", "nu_logrado": null, "id_naturez": 3, "ds_naturez": "Bem Arqueológico", "codigo_iph": "BA", "id_classif": 286, "ds_classif": "Sem classificação", "id_tipo_be": 4, "ds_tipo_be": "Sítio", "sg_tipo_be": "ST", "sintese_be": null, "dt_cadastr": "2019-05-10", "UF": "AL" }, "geometry": { "type": "Point", "coordinates": [ -37.921507, -9.545656 ] } },
{ "type": "Feature", "properties": { "id_bem": 14394, "identifica": "Mirador I", "co_iphan": "AL2702405BAST00003", "no_logrado": "Fazenda Castanho", "nu_logrado": null, "id_naturez": 3, "ds_naturez": "Bem Arqueológico", "codigo_iph": "BA", "id_classif": 286, "ds_classif": "Sem classificação", "id_tipo_be": 4, "ds_tipo_be": "Sítio", "sg_tipo_be": "ST", "sintese_be": null, "dt_cadastr": "2019-05-10", "UF": "AL" }, "geometry": { "type": "Point", "coordinates": [ -37.908765, -9.541637 ] } },
{ "type": "Feature", "properties": { "id_bem": 14395, "identifica": "Mirador II", "co_iphan": "AL2702405BAST00004", "no_logrado": "Fazenda Castanho", "nu_logrado": null, "id_naturez": 3, "ds_naturez": "Bem Arqueológico", "codigo_iph": "BA", "id_classif": 286, "ds_classif": "Sem classificação", "id_tipo_be": 4, "ds_tipo_be": "Sítio", "sg_tipo_be": "ST", "sintese_be": null, "dt_cadastr": "2019-05-10", "UF": "AL" }, "geometry": { "type": "Point", "coordinates": [ -37.908394, -9.543626 ] } },
{ "type": "Feature", "properties": { "id_bem": 14396, "identifica": "Castanho", "co_iphan": "AL2702405BAST00005", "no_logrado": "Riacho Castanho", "nu_logrado": null, "id_naturez": 3, "ds_naturez": "Bem Arqueológico", "codigo_iph": "BA", "id_classif": 286, "ds_classif": "Sem classificação", "id_tipo_be": 4, "ds_tipo_be": "Sítio", "sg_tipo_be": "ST", "sintese_be": null, "dt_cadastr": "2019-05-10", "UF": "AL" }, "geometry": { "type": "Point", "coordinates": [ -37.926701, -9.51601 ] } },
{ "type": "Feature", "properties": { "id_bem": 14397, "identifica": "Brejo", "co_iphan": "AL2702405BAST00006", "no_logrado": "Fazenda Castanho", "nu_logrado": null, "id_naturez": 3, "ds_naturez": "Bem Arqueológico", "codigo_iph": "BA", "id_classif": 286, "ds_classif": "Sem classificação", "id_tipo_be": 4, "ds_tipo_be": "Sítio", "sg_tipo_be": "ST", "sintese_be": null, "dt_cadastr": "2019-05-10", "UF": "AL" }, "geometry": { "type": "Point", "coordinates": [ -37.915224, -9.515613 ] } },
{ "type": "Feature", "properties": { "id_bem": 14398, "identifica": "São José I", "co_iphan": "AL2702405BAST00007", "no_logrado": "Fazenda São José", "nu_logrado": null, "id_naturez": 3, "ds_naturez": "Bem Arqueológico", "codigo_iph": "BA", "id_classif": 286, "ds_classif": "Sem classificação", "id_tipo_be": 4, "ds_tipo_be": "Sítio", "sg_tipo_be": "ST", "sintese_be": null, "dt_cadastr": "2019-05-10", "UF": "AL" }, "geometry": { "type": "Point", "coordinates": [ -37.897846, -9.537262 ] } },
{ "type": "Feature", "properties": { "id_bem": 14399, "identifica": "São José II", "co_iphan": "AL2702405BAST00008", "no_logrado": "Fazenda São José", "nu_logrado": null, "id_naturez": 3, "ds_naturez": "Bem Arqueológico", "codigo_iph": "BA", "id_classif": 286, "ds_classif": "Sem classificação", "id_tipo_be": 4, "ds_tipo_be": "Sítio", "sg_tipo_be": "ST", "sintese_be": null, "dt_cadastr": "2019-05-10", "UF": "AL" }, "geometry": { "type": "Point", "coordinates": [ -37.900575, -9.538718 ] } },
{ "type": "Feature", "properties": { "id_bem": 14400, "identifica": "São Francisco I", "co_iphan": "AL2702405BAST00009", "no_logrado": "Fazenda São José", "nu_logrado": null, "id_naturez": 3, "ds_naturez": "Bem Arqueológico", "codigo_iph": "BA", "id_classif": 286, "ds_classif": "Sem classificação", "id_tipo_be": 4, "ds_tipo_be": "Sítio", "sg_tipo_be": "ST", "sintese_be": null, "dt_cadastr": "2019-05-10", "UF": "AL" }, "geometry": { "type": "Point", "coordinates": [ -37.892381, -9.536883 ] } },
{ "type": "Feature", "properties": { "id_bem": 14401, "identifica": "Talhado III", "co_iphan": "AL2702405BAST00010", "no_logrado": "Fazenda Castanho", "nu_logrado": null, "id_naturez": 3, "ds_naturez": "Bem Arqueológico", "codigo_iph": "BA", "id_classif": 286, "ds_classif": "Sem classificação", "id_tipo_be": 4, "ds_tipo_be": "Sítio", "sg_tipo_be": "ST", "sintese_be": null, "dt_cadastr": "2019-05-10", "UF": "AL" }, "geometry": { "type": "Point", "coordinates": [ -37.891675, -9.530008 ] } },
{ "type": "Feature", "properties": { "id_bem": 14402, "identifica": "Caibeira do Talhado", "co_iphan": "AL2702405BAST00011", "no_logrado": "Sem localidade", "nu_logrado": null, "id_naturez": 3, "ds_naturez": "Bem Arqueológico", "codigo_iph": "BA", "id_classif": 286, "ds_classif": "Sem classificação", "id_tipo_be": 4, "ds_tipo_be": "Sítio", "sg_tipo_be": "ST", "sintese_be": null, "dt_cadastr": "2019-05-10", "UF": "AL" }, "geometry": { "type": "Point", "coordinates": [ -37.894365, -9.486609 ] } },
{ "type": "Feature", "properties": { "id_bem": 14403, "identifica": "Talhado I", "co_iphan": "AL2702405BAST00012", "no_logrado": "Sem localidade", "nu_logrado": null, "id_naturez": 3, "ds_naturez": "Bem Arqueológico", "codigo_iph": "BA", "id_classif": 286, "ds_classif": "Sem classificação", "id_tipo_be": 4, "ds_tipo_be": "Sítio", "sg_tipo_be": "ST", "sintese_be": null, "dt_cadastr": "2019-05-10", "UF": "AL" }, "geometry": { "type": "Point", "coordinates": [ -37.896616, -9.466359 ] } },
{ "type": "Feature", "properties": { "id_bem": 14404, "identifica": "Encontro do Talhado", "co_iphan": "AL2702405BAST00013", "no_logrado": "Fazenda Jurema", "nu_logrado": null, "id_naturez": 3, "ds_naturez": "Bem Arqueológico", "codigo_iph": "BA", "id_classif": 286, "ds_classif": "Sem classificação", "id_tipo_be": 4, "ds_tipo_be": "Sítio", "sg_tipo_be": "ST", "sintese_be": null, "dt_cadastr": "2019-05-10", "UF": "AL" }, "geometry": { "type": "Point", "coordinates": [ -37.901732, -9.461311 ] } },
{ "type": "Feature", "properties": { "id_bem": 14405, "identifica": "Sal", "co_iphan": "AL2702405BAST00014", "no_logrado": "Sem localidade", "nu_logrado": null, "id_naturez": 3, "ds_naturez": "Bem Arqueológico", "codigo_iph": "BA", "id_classif": 286, "ds_classif": "Sem classificação", "id_tipo_be": 4, "ds_tipo_be": "Sítio", "sg_tipo_be": "ST", "sintese_be": null, "dt_cadastr": "2019-05-10", "UF": "AL" }, "geometry": { "type": "Point", "coordinates": [ -37.895907, -9.460207 ] } },
{ "type": "Feature", "properties": { "id_bem": 14594, "identifica": "Santo Antônio", "co_iphan": "AL2706901BAST00001", "no_logrado": "Fazenda Santo Antônio", "nu_logrado": null, "id_naturez": 3, "ds_naturez": "Bem Arqueológico", "codigo_iph": "BA", "id_classif": 286, "ds_classif": "Sem classificação", "id_tipo_be": 4, "ds_tipo_be": "Sítio", "sg_tipo_be": "ST", "sintese_be": null, "dt_cadastr": "2019-05-10", "UF": "AL" }, "geometry": { "type": "Point", "coordinates": [ -35.980416, -9.607272 ] } },
{ "type": "Feature", "properties": { "id_bem": 14585, "identifica": "AL 0020 LA/UFPE", "co_iphan": "AL2704708BAST00002", "no_logrado": "Sede do município de Marechal Deodoro", "nu_logrado": null, "id_naturez": 3, "ds_naturez": "Bem Arqueológico", "codigo_iph": "BA", "id_classif": 286, "ds_classif": "Sem classificação", "id_tipo_be": 4, "ds_tipo_be": "Sítio", "sg_tipo_be": "ST", "sintese_be": null, "dt_cadastr": "2019-05-10", "UF": "AL" }, "geometry": { "type": "Point", "coordinates": [ -35.893478, -9.715712 ] } },
{ "type": "Feature", "properties": { "id_bem": 14586, "identifica": "Lazareto", "co_iphan": "AL2704708BAST00003", "no_logrado": "Imediações do perímetro urbano da Praia do Francês", "nu_logrado": null, "id_naturez": 3, "ds_naturez": "Bem Arqueológico", "codigo_iph": "BA", "id_classif": 286, "ds_classif": "Sem classificação", "id_tipo_be": 4, "ds_tipo_be": "Sítio", "sg_tipo_be": "ST", "sintese_be": null, "dt_cadastr": "2019-05-10", "UF": "AL" }, "geometry": { "type": "Point", "coordinates": [ -35.845962, -9.772393 ] } },
{ "type": "Feature", "properties": { "id_bem": 14597, "identifica": "AL 0028 LA/UFPE", "co_iphan": "AL2707404BAST00001", "no_logrado": "Fazenda Mata Redonda", "nu_logrado": null, "id_naturez": 3, "ds_naturez": "Bem Arqueológico", "codigo_iph": "BA", "id_classif": 286, "ds_classif": "Sem classificação", "id_tipo_be": 4, "ds_tipo_be": "Sítio", "sg_tipo_be": "ST", "sintese_be": null, "dt_cadastr": "2019-05-10", "UF": "AL" }, "geometry": { "type": "Point", "coordinates": [ -35.439422, -9.149537 ] } },
{ "type": "Feature", "properties": { "id_bem": 14598, "identifica": "AL 0026 LA/UFPE", "co_iphan": "AL2707404BAST00002", "no_logrado": "Povoado Laje", "nu_logrado": null, "id_naturez": 3, "ds_naturez": "Bem Arqueológico", "codigo_iph": "BA", "id_classif": 286, "ds_classif": "Sem classificação", "id_tipo_be": 4, "ds_tipo_be": "Sítio", "sg_tipo_be": "ST", "sintese_be": null, "dt_cadastr": "2019-05-10", "UF": "AL" }, "geometry": { "type": "Point", "coordinates": [ -35.318798, -9.187872 ] } },
{ "type": "Feature", "properties": { "id_bem": 14599, "identifica": "AL 0027 LA/UFPE", "co_iphan": "AL2707404BAST00003", "no_logrado": "Povoado Laje", "nu_logrado": null, "id_naturez": 3, "ds_naturez": "Bem Arqueológico", "codigo_iph": "BA", "id_classif": 286, "ds_classif": "Sem classificação", "id_tipo_be": 4, "ds_tipo_be": "Sítio", "sg_tipo_be": "ST", "sintese_be": null, "dt_cadastr": "2019-05-10", "UF": "AL" }, "geometry": { "type": "Point", "coordinates": [ -35.318312, -9.190108 ] } },
{ "type": "Feature", "properties": { "id_bem": 14600, "identifica": "AL 0031 LA/UFPE", "co_iphan": "AL2707404BAST00004", "no_logrado": "Sem localidade", "nu_logrado": null, "id_naturez": 3, "ds_naturez": "Bem Arqueológico", "codigo_iph": "BA", "id_classif": 286, "ds_classif": "Sem classificação", "id_tipo_be": 4, "ds_tipo_be": "Sítio", "sg_tipo_be": "ST", "sintese_be": null, "dt_cadastr": "2019-05-10", "UF": "AL" }, "geometry": { "type": "Point", "coordinates": [ -35.306413, -9.163079 ] } },
{ "type": "Feature", "properties": { "id_bem": 14601, "identifica": "AL 0030 LA/UFPE", "co_iphan": "AL2707404BAST00005", "no_logrado": "Sem localidade", "nu_logrado": null, "id_naturez": 3, "ds_naturez": "Bem Arqueológico", "codigo_iph": "BA", "id_classif": 286, "ds_classif": "Sem classificação", "id_tipo_be": 4, "ds_tipo_be": "Sítio", "sg_tipo_be": "ST", "sintese_be": null, "dt_cadastr": "2019-05-10", "UF": "AL" }, "geometry": { "type": "Point", "coordinates": [ -35.305905, -9.166164 ] } },
{ "type": "Feature", "properties": { "id_bem": 14603, "identifica": "AL 0025 LA/UFPE", "co_iphan": "AL2707404BAST00007", "no_logrado": "Sem localidade", "nu_logrado": null, "id_naturez": 3, "ds_naturez": "Bem Arqueológico", "codigo_iph": "BA", "id_classif": 286, "ds_classif": "Sem classificação", "id_tipo_be": 4, "ds_tipo_be": "Sítio", "sg_tipo_be": "ST", "sintese_be": null, "dt_cadastr": "2019-05-10", "UF": "AL" }, "geometry": { "type": "Point", "coordinates": [ -35.30213, -9.165953 ] } },
{ "type": "Feature", "properties": { "id_bem": 14604, "identifica": "AL 0029 LA/UFPE", "co_iphan": "AL2707404BAST00008", "no_logrado": "Sem localidade", "nu_logrado": null, "id_naturez": 3, "ds_naturez": "Bem Arqueológico", "codigo_iph": "BA", "id_classif": 286, "ds_classif": "Sem classificação", "id_tipo_be": 4, "ds_tipo_be": "Sítio", "sg_tipo_be": "ST", "sintese_be": null, "dt_cadastr": "2019-05-10", "UF": "AL" }, "geometry": { "type": "Point", "coordinates": [ -35.297409, -9.160307 ] } },
{ "type": "Feature", "properties": { "id_bem": 14605, "identifica": "AL 0032 LA/UFPE", "co_iphan": "AL2707404BAST00009", "no_logrado": "Área urbana", "nu_logrado": null, "id_naturez": 3, "ds_naturez": "Bem Arqueológico", "codigo_iph": "BA", "id_classif": 286, "ds_classif": "Sem classificação", "id_tipo_be": 4, "ds_tipo_be": "Sítio", "sg_tipo_be": "ST", "sintese_be": null, "dt_cadastr": "2019-05-10", "UF": "AL" }, "geometry": { "type": "Point", "coordinates": [ -35.297308, -9.161546 ] } },
{ "type": "Feature", "properties": { "id_bem": 14606, "identifica": "AL 0023 LA/UFPE", "co_iphan": "AL2707404BAST00010", "no_logrado": "Bairro Salinas", "nu_logrado": null, "id_naturez": 3, "ds_naturez": "Bem Arqueológico", "codigo_iph": "BA", "id_classif": 286, "ds_classif": "Sem classificação", "id_tipo_be": 4, "ds_tipo_be": "Sítio", "sg_tipo_be": "ST", "sintese_be": null, "dt_cadastr": "2019-05-10", "UF": "AL" }, "geometry": { "type": "Point", "coordinates": [ -35.296063, -9.153275 ] } },
{ "type": "Feature", "properties": { "id_bem": 32829, "identifica": "Morrinho", "co_iphan": "AL2706406BAST00034", "no_logrado": null, "nu_logrado": null, "id_naturez": 3, "ds_naturez": "Bem Arqueológico", "codigo_iph": "BA", "id_classif": 40, "ds_classif": "Histórico", "id_tipo_be": 4, "ds_tipo_be": "Sítio", "sg_tipo_be": "ST", "sintese_be": "Morrinho, localizado(a) no estado de Alagoas, cidade(s) de Pão de Açúcar, é um Bem Arqueológico, do tipo Sítio.", "dt_cadastr": "2021-04-09", "UF": "AL" }, "geometry": { "type": "Point", "coordinates": [ -37.400326, -9.765319 ] } },
{ "type": "Feature", "properties": { "id_bem": 47600, "identifica": "Braúna", "co_iphan": "AL2706406BAST00042", "no_logrado": null, "nu_logrado": null, "id_naturez": 3, "ds_naturez": "Bem Arqueológico", "codigo_iph": "BA", "id_classif": 286, "ds_classif": "Sem classificação", "id_tipo_be": 4, "ds_tipo_be": "Sítio", "sg_tipo_be": "ST", "sintese_be": "Braúna, localizado(a) no estado de Alagoas, cidade(s) de Pão de Açúcar, é um Bem Arqueológico, do tipo Sítio.", "dt_cadastr": "2023-10-04", "UF": "AL" }, "geometry": { "type": "Point", "coordinates": [ -37.324272752615002, -9.800402549836203 ] } },
{ "type": "Feature", "properties": { "id_bem": 49343, "identifica": "Pedra do Letreiro 02", "co_iphan": "AL2700102BAST00004", "no_logrado": null, "nu_logrado": null, "id_naturez": 3, "ds_naturez": "Bem Arqueológico", "codigo_iph": "BA", "id_classif": 41, "ds_classif": "Pré-colonial", "id_tipo_be": 4, "ds_tipo_be": "Sítio", "sg_tipo_be": "ST", "sintese_be": "Indica representações abstratas, as quais na literatura arqueológica são conhecidas por elementos denominados de grafismos puros (MARTIN 1997), que englobam também elementos geométricos. Nos sítios em questão foram observados os seguintes motivos: círcul", "dt_cadastr": "2024-03-21", "UF": "AL" }, "geometry": { "type": "Point", "coordinates": [ -37.848005, -9.323963 ] } },
{ "type": "Feature", "properties": { "id_bem": 25221, "identifica": "Serra dos Leitões", "co_iphan": "AL2706307BAST00010", "no_logrado": "Monsenhor Macedo", "nu_logrado": null, "id_naturez": 3, "ds_naturez": "Bem Arqueológico", "codigo_iph": "BA", "id_classif": 306, "ds_classif": "Pré-contato", "id_tipo_be": 4, "ds_tipo_be": "Sítio", "sg_tipo_be": "ST", "sintese_be": "Serra dos Leitões, localizado(a) no estado de Alagoas, cidade(s) de Palmeira dos Índios, é um Bem Arqueológico, do tipo Sítio, com estado de conservação Regular e de preservação Pouco Alterado.", "dt_cadastr": "2019-11-29", "UF": "AL" }, "geometry": { "type": "Point", "coordinates": [ -36.587747890162476, -9.412616297419889 ] } },
{ "type": "Feature", "properties": { "id_bem": 25222, "identifica": "Sítio Icó", "co_iphan": "AL2709202BAST00003", "no_logrado": "Cônego Santana", "nu_logrado": null, "id_naturez": 3, "ds_naturez": "Bem Arqueológico", "codigo_iph": "BA", "id_classif": 306, "ds_classif": "Pré-contato", "id_tipo_be": 4, "ds_tipo_be": "Sítio", "sg_tipo_be": "ST", "sintese_be": "Sítio Icó, localizado(a) no estado de Alagoas, cidade(s) de Traipu, é um Bem Arqueológico, do tipo Sítio, com estado de conservação Regular e de preservação Pouco Alterado.", "dt_cadastr": "2019-11-29", "UF": "AL" }, "geometry": { "type": "Point", "coordinates": [ -37.01109799887864, -9.958988450886764 ] } },
{ "type": "Feature", "properties": { "id_bem": 25219, "identifica": "Sítio Cajú", "co_iphan": "AL2709202BAST00001", "no_logrado": "Cônego Santana", "nu_logrado": null, "id_naturez": 3, "ds_naturez": "Bem Arqueológico", "codigo_iph": "BA", "id_classif": 306, "ds_classif": "Pré-contato", "id_tipo_be": 4, "ds_tipo_be": "Sítio", "sg_tipo_be": "ST", "sintese_be": "Sítio Cajú, localizado(a) no estado de Alagoas, cidade(s) de Traipu, é um Bem Arqueológico, do tipo Sítio, com estado de conservação Regular e de preservação Pouco Alterado.", "dt_cadastr": "2019-11-29", "UF": "AL" }, "geometry": { "type": "Point", "coordinates": [ -36.934590082204799, -9.852007425323054 ] } },
{ "type": "Feature", "properties": { "id_bem": 25220, "identifica": "Sítio Maracujá", "co_iphan": "AL2709202BAST00002", "no_logrado": "Cônego Santana", "nu_logrado": null, "id_naturez": 3, "ds_naturez": "Bem Arqueológico", "codigo_iph": "BA", "id_classif": 306, "ds_classif": "Pré-contato", "id_tipo_be": 4, "ds_tipo_be": "Sítio", "sg_tipo_be": "ST", "sintese_be": "Sítio Maracujá, localizado(a) no estado de Alagoas, cidade(s) de Traipu, é um Bem Arqueológico, do tipo Sítio, com estado de conservação Regular e de preservação Pouco Alterado.", "dt_cadastr": "2019-11-29", "UF": "AL" }, "geometry": { "type": "Point", "coordinates": [ -36.966737991719981, -9.885858090296486 ] } },
{ "type": "Feature", "properties": { "id_bem": 49342, "identifica": "Pedra do Letreiro 01", "co_iphan": "AL2700102BAST00003", "no_logrado": null, "nu_logrado": null, "id_naturez": 3, "ds_naturez": "Bem Arqueológico", "codigo_iph": "BA", "id_classif": 41, "ds_classif": "Pré-colonial", "id_tipo_be": 4, "ds_tipo_be": "Sítio", "sg_tipo_be": "ST", "sintese_be": "Indica representações abstratas, as quais na literatura arqueológica são conhecidas por elementos denominados de grafismos puros (MARTIN 1997), que englobam também elementos geométricos. Nos sítios em questão foram observados os seguintes motivos: círcul", "dt_cadastr": "2024-03-21", "UF": "AL" }, "geometry": { "type": "Point", "coordinates": [ -37.843754, -9.320936 ] } },
{ "type": "Feature", "properties": { "id_bem": 18699, "identifica": "Pedra do Letreiro", "co_iphan": "AL2700904BAST00002", "no_logrado": "Comunidade rural Telha", "nu_logrado": null, "id_naturez": 3, "ds_naturez": "Bem Arqueológico", "codigo_iph": "BA", "id_classif": 286, "ds_classif": "Sem classificação", "id_tipo_be": 4, "ds_tipo_be": "Sítio", "sg_tipo_be": "ST", "sintese_be": null, "dt_cadastr": "2019-05-10", "UF": "AL" }, "geometry": { "type": "Point", "coordinates": [ -37.214337, -9.830896 ] } },
{ "type": "Feature", "properties": { "id_bem": 18700, "identifica": "Ipanema", "co_iphan": "AL2700904BAST00003", "no_logrado": "Comunidade rural Telha", "nu_logrado": null, "id_naturez": 3, "ds_naturez": "Bem Arqueológico", "codigo_iph": "BA", "id_classif": 286, "ds_classif": "Sem classificação", "id_tipo_be": 4, "ds_tipo_be": "Sítio", "sg_tipo_be": "ST", "sintese_be": null, "dt_cadastr": "2019-05-10", "UF": "AL" }, "geometry": { "type": "Point", "coordinates": [ -37.207478, -9.835154 ] } },
{ "type": "Feature", "properties": { "id_bem": 18762, "identifica": "Riacho dos Juremas", "co_iphan": "AL2702405BAST00015", "no_logrado": "Sem localidade", "nu_logrado": null, "id_naturez": 3, "ds_naturez": "Bem Arqueológico", "codigo_iph": "BA", "id_classif": 286, "ds_classif": "Sem classificação", "id_tipo_be": 4, "ds_tipo_be": "Sítio", "sg_tipo_be": "ST", "sintese_be": null, "dt_cadastr": "2019-05-10", "UF": "AL" }, "geometry": { "type": "Point", "coordinates": [ -37.918641, -9.507339 ] } },
{ "type": "Feature", "properties": { "id_bem": 18857, "identifica": "Pedra da capelinha", "co_iphan": "AL2706109BAST00001", "no_logrado": "Sítio Pedra da Capelinha", "nu_logrado": null, "id_naturez": 3, "ds_naturez": "Bem Arqueológico", "codigo_iph": "BA", "id_classif": 286, "ds_classif": "Sem classificação", "id_tipo_be": 4, "ds_tipo_be": "Sítio", "sg_tipo_be": "ST", "sintese_be": null, "dt_cadastr": "2019-05-10", "UF": "AL" }, "geometry": { "type": "Point", "coordinates": [ -37.412981, -9.076799 ] } },
{ "type": "Feature", "properties": { "id_bem": 18863, "identifica": "Bom Nome 9", "co_iphan": "AL2706406BAST00009", "no_logrado": "Povoado Bom Nome", "nu_logrado": null, "id_naturez": 3, "ds_naturez": "Bem Arqueológico", "codigo_iph": "BA", "id_classif": 286, "ds_classif": "Sem classificação", "id_tipo_be": 4, "ds_tipo_be": "Sítio", "sg_tipo_be": "ST", "sintese_be": null, "dt_cadastr": "2019-05-10", "UF": "AL" }, "geometry": { "type": "Point", "coordinates": [ -37.604354, -9.540405 ] } },
{ "type": "Feature", "properties": { "id_bem": 18864, "identifica": "Bom Nome 10", "co_iphan": "AL2706406BAST00010", "no_logrado": "Povoado Bom Nome", "nu_logrado": null, "id_naturez": 3, "ds_naturez": "Bem Arqueológico", "codigo_iph": "BA", "id_classif": 286, "ds_classif": "Sem classificação", "id_tipo_be": 4, "ds_tipo_be": "Sítio", "sg_tipo_be": "ST", "sintese_be": null, "dt_cadastr": "2019-05-10", "UF": "AL" }, "geometry": { "type": "Point", "coordinates": [ -37.603683, -9.541894 ] } },
{ "type": "Feature", "properties": { "id_bem": 18865, "identifica": "Morro do Bento", "co_iphan": "AL2706406BAST00011", "no_logrado": "Fazenda Beleza", "nu_logrado": null, "id_naturez": 3, "ds_naturez": "Bem Arqueológico", "codigo_iph": "BA", "id_classif": 286, "ds_classif": "Sem classificação", "id_tipo_be": 4, "ds_tipo_be": "Sítio", "sg_tipo_be": "ST", "sintese_be": null, "dt_cadastr": "2019-05-10", "UF": "AL" }, "geometry": { "type": "Point", "coordinates": [ -37.602778, -9.555933 ] } },
{ "type": "Feature", "properties": { "id_bem": 18866, "identifica": "Bom Nome 5", "co_iphan": "AL2706406BAST00012", "no_logrado": "Povoado Bom Nome", "nu_logrado": null, "id_naturez": 3, "ds_naturez": "Bem Arqueológico", "codigo_iph": "BA", "id_classif": 286, "ds_classif": "Sem classificação", "id_tipo_be": 4, "ds_tipo_be": "Sítio", "sg_tipo_be": "ST", "sintese_be": null, "dt_cadastr": "2019-05-10", "UF": "AL" }, "geometry": { "type": "Point", "coordinates": [ -37.599747, -9.546454 ] } },
{ "type": "Feature", "properties": { "id_bem": 18867, "identifica": "Bom Nome 7", "co_iphan": "AL2706406BAST00013", "no_logrado": "Povoado Bom Nome", "nu_logrado": null, "id_naturez": 3, "ds_naturez": "Bem Arqueológico", "codigo_iph": "BA", "id_classif": 286, "ds_classif": "Sem classificação", "id_tipo_be": 4, "ds_tipo_be": "Sítio", "sg_tipo_be": "ST", "sintese_be": null, "dt_cadastr": "2019-05-10", "UF": "AL" }, "geometry": { "type": "Point", "coordinates": [ -37.597773, -9.539221 ] } },
{ "type": "Feature", "properties": { "id_bem": 18868, "identifica": "Bom Nome 8", "co_iphan": "AL2706406BAST00014", "no_logrado": "Povoado Bom Nome", "nu_logrado": null, "id_naturez": 3, "ds_naturez": "Bem Arqueológico", "codigo_iph": "BA", "id_classif": 286, "ds_classif": "Sem classificação", "id_tipo_be": 4, "ds_tipo_be": "Sítio", "sg_tipo_be": "ST", "sintese_be": null, "dt_cadastr": "2019-05-10", "UF": "AL" }, "geometry": { "type": "Point", "coordinates": [ -37.597041, -9.540014 ] } },
{ "type": "Feature", "properties": { "id_bem": 19111, "identifica": "Ivonete", "co_iphan": "AL2706703BAST00002", "no_logrado": "Sem localidade", "nu_logrado": null, "id_naturez": 3, "ds_naturez": "Bem Arqueológico", "codigo_iph": "BA", "id_classif": 286, "ds_classif": "Sem classificação", "id_tipo_be": 4, "ds_tipo_be": "Sítio", "sg_tipo_be": "ST", "sintese_be": null, "dt_cadastr": "2019-05-10", "UF": "AL" }, "geometry": { "type": "Point", "coordinates": [ -36.573366, -10.222847 ] } },
{ "type": "Feature", "properties": { "id_bem": 18891, "identifica": "Fonte da Mogiana II", "co_iphan": "AL2707107BAST00001", "no_logrado": "Fazenda Mogiana", "nu_logrado": null, "id_naturez": 3, "ds_naturez": "Bem Arqueológico", "codigo_iph": "BA", "id_classif": 286, "ds_classif": "Sem classificação", "id_tipo_be": 4, "ds_tipo_be": "Sítio", "sg_tipo_be": "ST", "sintese_be": null, "dt_cadastr": "2019-05-10", "UF": "AL" }, "geometry": { "type": "Point", "coordinates": [ -37.6973, -9.54488 ] } },
{ "type": "Feature", "properties": { "id_bem": 18892, "identifica": "Fonte da Mogiana I", "co_iphan": "AL2707107BAST00002", "no_logrado": "Fazenda Mogiana", "nu_logrado": null, "id_naturez": 3, "ds_naturez": "Bem Arqueológico", "codigo_iph": "BA", "id_classif": 286, "ds_classif": "Sem classificação", "id_tipo_be": 4, "ds_tipo_be": "Sítio", "sg_tipo_be": "ST", "sintese_be": null, "dt_cadastr": "2019-05-10", "UF": "AL" }, "geometry": { "type": "Point", "coordinates": [ -37.696359, -9.545563 ] } },
{ "type": "Feature", "properties": { "id_bem": 18893, "identifica": "Poço Verde", "co_iphan": "AL2707107BAST00003", "no_logrado": "Poço Verde", "nu_logrado": null, "id_naturez": 3, "ds_naturez": "Bem Arqueológico", "codigo_iph": "BA", "id_classif": 286, "ds_classif": "Sem classificação", "id_tipo_be": 4, "ds_tipo_be": "Sítio", "sg_tipo_be": "ST", "sintese_be": null, "dt_cadastr": "2019-05-10", "UF": "AL" }, "geometry": { "type": "Point", "coordinates": [ -37.689725, -9.550711 ] } },
{ "type": "Feature", "properties": { "id_bem": 18894, "identifica": "Pedra da Casinha", "co_iphan": "AL2707206BAST00001", "no_logrado": "Povoado Quandú", "nu_logrado": null, "id_naturez": 3, "ds_naturez": "Bem Arqueológico", "codigo_iph": "BA", "id_classif": 286, "ds_classif": "Sem classificação", "id_tipo_be": 4, "ds_tipo_be": "Sítio", "sg_tipo_be": "ST", "sintese_be": null, "dt_cadastr": "2019-05-10", "UF": "AL" }, "geometry": { "type": "Point", "coordinates": [ -37.217703, -9.233959 ] } },
{ "type": "Feature", "properties": { "id_bem": 18895, "identifica": "Pedra da Mão", "co_iphan": "AL2707206BAST00002", "no_logrado": "Povoado Quandú", "nu_logrado": null, "id_naturez": 3, "ds_naturez": "Bem Arqueológico", "codigo_iph": "BA", "id_classif": 286, "ds_classif": "Sem classificação", "id_tipo_be": 4, "ds_tipo_be": "Sítio", "sg_tipo_be": "ST", "sintese_be": null, "dt_cadastr": "2019-05-10", "UF": "AL" }, "geometry": { "type": "Point", "coordinates": [ -37.216266, -9.235579 ] } },
{ "type": "Feature", "properties": { "id_bem": 18896, "identifica": "Letreiro do Quandú", "co_iphan": "AL2707206BAST00003", "no_logrado": "Povoado Quandú", "nu_logrado": null, "id_naturez": 3, "ds_naturez": "Bem Arqueológico", "codigo_iph": "BA", "id_classif": 286, "ds_classif": "Sem classificação", "id_tipo_be": 4, "ds_tipo_be": "Sítio", "sg_tipo_be": "ST", "sintese_be": null, "dt_cadastr": "2019-05-10", "UF": "AL" }, "geometry": { "type": "Point", "coordinates": [ -37.214428, -9.233843 ] } },
{ "type": "Feature", "properties": { "id_bem": 19127, "identifica": "Furado", "co_iphan": "AL2708600BAST00001", "no_logrado": "Sem localidade", "nu_logrado": null, "id_naturez": 3, "ds_naturez": "Bem Arqueológico", "codigo_iph": "BA", "id_classif": 286, "ds_classif": "Sem classificação", "id_tipo_be": 4, "ds_tipo_be": "Sítio", "sg_tipo_be": "ST", "sintese_be": null, "dt_cadastr": "2019-05-10", "UF": "AL" }, "geometry": { "type": "Point", "coordinates": [ -36.148861, -9.778315 ] } },
{ "type": "Feature", "properties": { "id_bem": 18916, "identifica": "AL 0087 LA/UFPE", "co_iphan": "AL2708956BAST00001", "no_logrado": "Sem localidade", "nu_logrado": null, "id_naturez": 3, "ds_naturez": "Bem Arqueológico", "codigo_iph": "BA", "id_classif": 286, "ds_classif": "Sem classificação", "id_tipo_be": 4, "ds_tipo_be": "Sítio", "sg_tipo_be": "ST", "sintese_be": null, "dt_cadastr": "2019-05-10", "UF": "AL" }, "geometry": { "type": "Point", "coordinates": [ -37.633271, -9.382703 ] } },
{ "type": "Feature", "properties": { "id_bem": 18917, "identifica": "AL 0086 LA/UFPE", "co_iphan": "AL2708956BAST00002", "no_logrado": "Sem localidade", "nu_logrado": null, "id_naturez": 3, "ds_naturez": "Bem Arqueológico", "codigo_iph": "BA", "id_classif": 286, "ds_classif": "Sem classificação", "id_tipo_be": 4, "ds_tipo_be": "Sítio", "sg_tipo_be": "ST", "sintese_be": null, "dt_cadastr": "2019-05-10", "UF": "AL" }, "geometry": { "type": "Point", "coordinates": [ -37.601208, -9.372106 ] } },
{ "type": "Feature", "properties": { "id_bem": 26342, "identifica": "Serra das mãos 3", "co_iphan": "AL2709202BAST00006", "no_logrado": "Sítio", "nu_logrado": null, "id_naturez": 3, "ds_naturez": "Bem Arqueológico", "codigo_iph": "BA", "id_classif": 41, "ds_classif": "Pré-colonial", "id_tipo_be": 4, "ds_tipo_be": "Sítio", "sg_tipo_be": "ST", "sintese_be": "Painel rupestre com pinturas de cor vermelha", "dt_cadastr": "2020-01-15", "UF": "AL" }, "geometry": { "type": "Point", "coordinates": [ -36.998622, -9.748433 ] } },
{ "type": "Feature", "properties": { "id_bem": 19102, "identifica": "Igreja Velha", "co_iphan": "AL2706307BAST00007", "no_logrado": "Serra da Boa Vista - Mata da Cafurna.", "nu_logrado": null, "id_naturez": 3, "ds_naturez": "Bem Arqueológico", "codigo_iph": "BA", "id_classif": 286, "ds_classif": "Sem classificação", "id_tipo_be": 4, "ds_tipo_be": "Sítio", "sg_tipo_be": "ST", "sintese_be": null, "dt_cadastr": "2019-05-10", "UF": "AL" }, "geometry": { "type": "Point", "coordinates": [ -36.628468, -9.378244 ] } },
{ "type": "Feature", "properties": { "id_bem": 19103, "identifica": "Serra da Palmeira", "co_iphan": "AL2706307BAST00008", "no_logrado": "Serra da Palmeira está em uma área conhecida pelos Xucuru-Kariri como Serra do Capela.", "nu_logrado": null, "id_naturez": 3, "ds_naturez": "Bem Arqueológico", "codigo_iph": "BA", "id_classif": 286, "ds_classif": "Sem classificação", "id_tipo_be": 4, "ds_tipo_be": "Sítio", "sg_tipo_be": "ST", "sintese_be": null, "dt_cadastr": "2019-05-10", "UF": "AL" }, "geometry": { "type": "Point", "coordinates": [ -36.625617, -9.385419 ] } },
{ "type": "Feature", "properties": { "id_bem": 19104, "identifica": "Macacos", "co_iphan": "AL2706307BAST00009", "no_logrado": "Sem localidade", "nu_logrado": null, "id_naturez": 3, "ds_naturez": "Bem Arqueológico", "codigo_iph": "BA", "id_classif": 286, "ds_classif": "Sem classificação", "id_tipo_be": 4, "ds_tipo_be": "Sítio", "sg_tipo_be": "ST", "sintese_be": null, "dt_cadastr": "2019-05-10", "UF": "AL" }, "geometry": { "type": "Point", "coordinates": [ -36.603597, -9.391534 ] } },
{ "type": "Feature", "properties": { "id_bem": 19044, "identifica": "Gitirana", "co_iphan": "AL2701407BAST00005", "no_logrado": "Sem localidade", "nu_logrado": null, "id_naturez": 3, "ds_naturez": "Bem Arqueológico", "codigo_iph": "BA", "id_classif": 286, "ds_classif": "Sem classificação", "id_tipo_be": 4, "ds_tipo_be": "Sítio", "sg_tipo_be": "ST", "sintese_be": null, "dt_cadastr": "2019-05-10", "UF": "AL" }, "geometry": { "type": "Point", "coordinates": [ -36.205574, -9.82198 ] } },
{ "type": "Feature", "properties": { "id_bem": 19065, "identifica": "Sítio Rupestre M", "co_iphan": "AL2702405BAST00016", "no_logrado": "Olho d´Águinha", "nu_logrado": null, "id_naturez": 3, "ds_naturez": "Bem Arqueológico", "codigo_iph": "BA", "id_classif": 286, "ds_classif": "Sem classificação", "id_tipo_be": 4, "ds_tipo_be": "Sítio", "sg_tipo_be": "ST", "sintese_be": null, "dt_cadastr": "2019-05-10", "UF": "AL" }, "geometry": { "type": "Point", "coordinates": [ -37.894347, -9.447099 ] } },
{ "type": "Feature", "properties": { "id_bem": 19084, "identifica": "Horizonte", "co_iphan": "AL2704708BAST00004", "no_logrado": "Sem localidade", "nu_logrado": null, "id_naturez": 3, "ds_naturez": "Bem Arqueológico", "codigo_iph": "BA", "id_classif": 286, "ds_classif": "Sem classificação", "id_tipo_be": 4, "ds_tipo_be": "Sítio", "sg_tipo_be": "ST", "sintese_be": null, "dt_cadastr": "2019-05-10", "UF": "AL" }, "geometry": { "type": "Point", "coordinates": [ -36.019753, -9.655558 ] } },
{ "type": "Feature", "properties": { "id_bem": 19099, "identifica": "Serra do Goiti", "co_iphan": "AL2706307BAST00004", "no_logrado": "Serra do Goiti", "nu_logrado": null, "id_naturez": 3, "ds_naturez": "Bem Arqueológico", "codigo_iph": "BA", "id_classif": 286, "ds_classif": "Sem classificação", "id_tipo_be": 4, "ds_tipo_be": "Sítio", "sg_tipo_be": "ST", "sintese_be": null, "dt_cadastr": "2019-05-10", "UF": "AL" }, "geometry": { "type": "Point", "coordinates": [ -36.636227, -9.398956 ] } },
{ "type": "Feature", "properties": { "id_bem": 19100, "identifica": "Serra dos Leitões", "co_iphan": "AL2706307BAST00005", "no_logrado": "Localizado na Serra dos Leitões na terra tradicional indígena Mata da Cafurna", "nu_logrado": null, "id_naturez": 3, "ds_naturez": "Bem Arqueológico", "codigo_iph": "BA", "id_classif": 286, "ds_classif": "Sem classificação", "id_tipo_be": 4, "ds_tipo_be": "Sítio", "sg_tipo_be": "ST", "sintese_be": null, "dt_cadastr": "2019-05-10", "UF": "AL" }, "geometry": { "type": "Point", "coordinates": [ -36.635321, -9.358001 ] } },
{ "type": "Feature", "properties": { "id_bem": 19101, "identifica": "Lagoa dos Caboclos", "co_iphan": "AL2706307BAST00006", "no_logrado": "Perímetro urbano da cidade de Palmeira dos Índios, em frente ao Aero Clube.", "nu_logrado": null, "id_naturez": 3, "ds_naturez": "Bem Arqueológico", "codigo_iph": "BA", "id_classif": 286, "ds_classif": "Sem classificação", "id_tipo_be": 4, "ds_tipo_be": "Sítio", "sg_tipo_be": "ST", "sintese_be": null, "dt_cadastr": "2019-05-10", "UF": "AL" }, "geometry": { "type": "Point", "coordinates": [ -36.628731, -9.4092 ] } },
{ "type": "Feature", "properties": { "id_bem": 19107, "identifica": "Pão de Açucar 2", "co_iphan": "AL2706406BAST00015", "no_logrado": "Sem localidade", "nu_logrado": null, "id_naturez": 3, "ds_naturez": "Bem Arqueológico", "codigo_iph": "BA", "id_classif": 286, "ds_classif": "Sem classificação", "id_tipo_be": 4, "ds_tipo_be": "Sítio", "sg_tipo_be": "ST", "sintese_be": null, "dt_cadastr": "2019-05-10", "UF": "AL" }, "geometry": { "type": "Point", "coordinates": [ -37.538751, -9.571991 ] } },
{ "type": "Feature", "properties": { "id_bem": 19120, "identifica": "Santana 1", "co_iphan": "AL2708006BAST00001", "no_logrado": "Sem localidade", "nu_logrado": null, "id_naturez": 3, "ds_naturez": "Bem Arqueológico", "codigo_iph": "BA", "id_classif": 286, "ds_classif": "Sem classificação", "id_tipo_be": 4, "ds_tipo_be": "Sítio", "sg_tipo_be": "ST", "sintese_be": null, "dt_cadastr": "2019-05-10", "UF": "AL" }, "geometry": { "type": "Point", "coordinates": [ -37.327704, -9.360415 ] } },
{ "type": "Feature", "properties": { "id_bem": 19126, "identifica": "Espalhado", "co_iphan": "AL2708303BAST00001", "no_logrado": "Sem localidade", "nu_logrado": null, "id_naturez": 3, "ds_naturez": "Bem Arqueológico", "codigo_iph": "BA", "id_classif": 286, "ds_classif": "Sem classificação", "id_tipo_be": 4, "ds_tipo_be": "Sítio", "sg_tipo_be": "ST", "sintese_be": null, "dt_cadastr": "2019-05-10", "UF": "AL" }, "geometry": { "type": "Point", "coordinates": [ -36.07198, -9.06134 ] } },
{ "type": "Feature", "properties": { "id_bem": 19147, "identifica": "Pindoba", "co_iphan": "AL2709400BAST00001", "no_logrado": "Sem localidade", "nu_logrado": null, "id_naturez": 3, "ds_naturez": "Bem Arqueológico", "codigo_iph": "BA", "id_classif": 286, "ds_classif": "Sem classificação", "id_tipo_be": 4, "ds_tipo_be": "Sítio", "sg_tipo_be": "ST", "sintese_be": null, "dt_cadastr": "2019-05-10", "UF": "AL" }, "geometry": { "type": "Point", "coordinates": [ -36.268765, -9.382852 ] } },
{ "type": "Feature", "properties": { "id_bem": 19286, "identifica": "AL00142 LA/UFPE", "co_iphan": "AL2707305BAST00001", "no_logrado": "Ilha do Guedes", "nu_logrado": null, "id_naturez": 3, "ds_naturez": "Bem Arqueológico", "codigo_iph": "BA", "id_classif": 286, "ds_classif": "Sem classificação", "id_tipo_be": 4, "ds_tipo_be": "Sítio", "sg_tipo_be": "ST", "sintese_be": null, "dt_cadastr": "2019-05-10", "UF": "AL" }, "geometry": { "type": "Point", "coordinates": [ -35.446651, -9.061172 ] } },
{ "type": "Feature", "properties": { "id_bem": 19297, "identifica": "Santa Luzia II", "co_iphan": "AL2707909BAST00005", "no_logrado": "Sem localidade", "nu_logrado": null, "id_naturez": 3, "ds_naturez": "Bem Arqueológico", "codigo_iph": "BA", "id_classif": 286, "ds_classif": "Sem classificação", "id_tipo_be": 4, "ds_tipo_be": "Sítio", "sg_tipo_be": "ST", "sintese_be": null, "dt_cadastr": "2019-05-10", "UF": "AL" }, "geometry": { "type": "Point", "coordinates": [ -35.822049, -9.626013 ] } },
{ "type": "Feature", "properties": { "id_bem": 19321, "identifica": "Barra do Camaragibe 2", "co_iphan": "AL2706505BAST00003", "no_logrado": "Sem localidade", "nu_logrado": null, "id_naturez": 3, "ds_naturez": "Bem Arqueológico", "codigo_iph": "BA", "id_classif": 286, "ds_classif": "Sem classificação", "id_tipo_be": 4, "ds_tipo_be": "Sítio", "sg_tipo_be": "ST", "sintese_be": null, "dt_cadastr": "2019-05-10", "UF": "AL" }, "geometry": { "type": "Point", "coordinates": [ -35.449562, -9.322036 ] } },
{ "type": "Feature", "properties": { "id_bem": 19322, "identifica": "Barra do Camaragibe 3", "co_iphan": "AL2706505BAST00004", "no_logrado": "Sem localidade", "nu_logrado": null, "id_naturez": 3, "ds_naturez": "Bem Arqueológico", "codigo_iph": "BA", "id_classif": 286, "ds_classif": "Sem classificação", "id_tipo_be": 4, "ds_tipo_be": "Sítio", "sg_tipo_be": "ST", "sintese_be": null, "dt_cadastr": "2019-05-10", "UF": "AL" }, "geometry": { "type": "Point", "coordinates": [ -35.436169, -9.324541 ] } },
{ "type": "Feature", "properties": { "id_bem": 19329, "identifica": "Estação Mundaú", "co_iphan": "AL2707701BAST00003", "no_logrado": "Sem localidade", "nu_logrado": null, "id_naturez": 3, "ds_naturez": "Bem Arqueológico", "codigo_iph": "BA", "id_classif": 286, "ds_classif": "Sem classificação", "id_tipo_be": 4, "ds_tipo_be": "Sítio", "sg_tipo_be": "ST", "sintese_be": null, "dt_cadastr": "2019-05-10", "UF": "AL" }, "geometry": { "type": "Point", "coordinates": [ -35.877072, -9.415338 ] } },
{ "type": "Feature", "properties": { "id_bem": 19340, "identifica": "Patacho", "co_iphan": "AL2707404BAST00012", "no_logrado": "Sem localidade", "nu_logrado": null, "id_naturez": 3, "ds_naturez": "Bem Arqueológico", "codigo_iph": "BA", "id_classif": 286, "ds_classif": "Sem classificação", "id_tipo_be": 4, "ds_tipo_be": "Sítio", "sg_tipo_be": "ST", "sintese_be": null, "dt_cadastr": "2019-05-10", "UF": "AL" }, "geometry": { "type": "Point", "coordinates": [ -35.307116, -9.19153 ] } },
{ "type": "Feature", "properties": { "id_bem": 19475, "identifica": "São Francisco II", "co_iphan": "AL2702405BAST00017", "no_logrado": "Fazenda São José", "nu_logrado": null, "id_naturez": 3, "ds_naturez": "Bem Arqueológico", "codigo_iph": "BA", "id_classif": 286, "ds_classif": "Sem classificação", "id_tipo_be": 4, "ds_tipo_be": "Sítio", "sg_tipo_be": "ST", "sintese_be": null, "dt_cadastr": "2019-05-10", "UF": "AL" }, "geometry": { "type": "Point", "coordinates": [ -37.888746, -9.534158 ] } },
{ "type": "Feature", "properties": { "id_bem": 19688, "identifica": "CWBR", "co_iphan": "AL2705804BAST00002", "no_logrado": "Assentamento INCRA Nova Esperança II - Agrovila 1", "nu_logrado": null, "id_naturez": 3, "ds_naturez": "Bem Arqueológico", "codigo_iph": "BA", "id_classif": 286, "ds_classif": "Sem classificação", "id_tipo_be": 4, "ds_tipo_be": "Sítio", "sg_tipo_be": "ST", "sintese_be": null, "dt_cadastr": "2019-05-10", "UF": "AL" }, "geometry": { "type": "Point", "coordinates": [ -37.893268, -9.448379 ] } },
{ "type": "Feature", "properties": { "id_bem": 19694, "identifica": "Santa Luzia III", "co_iphan": "AL2707909BAST00006", "no_logrado": "Sem localidade", "nu_logrado": null, "id_naturez": 3, "ds_naturez": "Bem Arqueológico", "codigo_iph": "BA", "id_classif": 286, "ds_classif": "Sem classificação", "id_tipo_be": 4, "ds_tipo_be": "Sítio", "sg_tipo_be": "ST", "sintese_be": null, "dt_cadastr": "2019-05-10", "UF": "AL" }, "geometry": { "type": "Point", "coordinates": [ -35.819253, -9.631412 ] } },
{ "type": "Feature", "properties": { "id_bem": 19695, "identifica": "Santa Luzia IV", "co_iphan": "AL2707909BAST00007", "no_logrado": "Sem localidade", "nu_logrado": null, "id_naturez": 3, "ds_naturez": "Bem Arqueológico", "codigo_iph": "BA", "id_classif": 286, "ds_classif": "Sem classificação", "id_tipo_be": 4, "ds_tipo_be": "Sítio", "sg_tipo_be": "ST", "sintese_be": null, "dt_cadastr": "2019-05-10", "UF": "AL" }, "geometry": { "type": "Point", "coordinates": [ -35.811406, -9.639236 ] } },
{ "type": "Feature", "properties": { "id_bem": 19885, "identifica": "Riacho", "co_iphan": "AL2705804BAST00003", "no_logrado": "Fazenda Castanho", "nu_logrado": null, "id_naturez": 3, "ds_naturez": "Bem Arqueológico", "codigo_iph": "BA", "id_classif": 286, "ds_classif": "Sem classificação", "id_tipo_be": 4, "ds_tipo_be": "Sítio", "sg_tipo_be": "ST", "sintese_be": null, "dt_cadastr": "2019-05-10", "UF": "AL" }, "geometry": { "type": "Point", "coordinates": [ -37.880581, -9.523642 ] } },
{ "type": "Feature", "properties": { "id_bem": 19886, "identifica": "Cancamunhé", "co_iphan": "AL2705804BAST00004", "no_logrado": "Fazenda Capelinha", "nu_logrado": null, "id_naturez": 3, "ds_naturez": "Bem Arqueológico", "codigo_iph": "BA", "id_classif": 286, "ds_classif": "Sem classificação", "id_tipo_be": 4, "ds_tipo_be": "Sítio", "sg_tipo_be": "ST", "sintese_be": null, "dt_cadastr": "2019-05-10", "UF": "AL" }, "geometry": { "type": "Point", "coordinates": [ -37.860222, -9.56427 ] } },
{ "type": "Feature", "properties": { "id_bem": 19887, "identifica": "Fazenda Velha II", "co_iphan": "AL2705804BAST00005", "no_logrado": "Fazenda Capelinha", "nu_logrado": null, "id_naturez": 3, "ds_naturez": "Bem Arqueológico", "codigo_iph": "BA", "id_classif": 286, "ds_classif": "Sem classificação", "id_tipo_be": 4, "ds_tipo_be": "Sítio", "sg_tipo_be": "ST", "sintese_be": null, "dt_cadastr": "2019-05-10", "UF": "AL" }, "geometry": { "type": "Point", "coordinates": [ -37.845618, -9.57209 ] } },
{ "type": "Feature", "properties": { "id_bem": 20442, "identifica": "Pedras do Moxotó", "co_iphan": "PE2607000BAST00001", "no_logrado": "Sem localidade", "nu_logrado": null, "id_naturez": 3, "ds_naturez": "Bem Arqueológico", "codigo_iph": "BA", "id_classif": 286, "ds_classif": "Sem classificação", "id_tipo_be": 4, "ds_tipo_be": "Sítio", "sg_tipo_be": "ST", "sintese_be": null, "dt_cadastr": "2019-05-10", "UF": "AL" }, "geometry": { "type": "Point", "coordinates": [ -37.826878, -8.943038 ] } },
{ "type": "Feature", "properties": { "id_bem": 20462, "identifica": "Fazenda Velha I", "co_iphan": "AL2705804BAST00006", "no_logrado": "Fazenda Vera Cruz", "nu_logrado": null, "id_naturez": 3, "ds_naturez": "Bem Arqueológico", "codigo_iph": "BA", "id_classif": 286, "ds_classif": "Sem classificação", "id_tipo_be": 4, "ds_tipo_be": "Sítio", "sg_tipo_be": "ST", "sintese_be": null, "dt_cadastr": "2019-05-10", "UF": "AL" }, "geometry": { "type": "Point", "coordinates": [ -37.843798, -9.571451 ] } },
{ "type": "Feature", "properties": { "id_bem": 20463, "identifica": "Tanque", "co_iphan": "AL2705804BAST00007", "no_logrado": "Fazenda Vera Cruz", "nu_logrado": null, "id_naturez": 3, "ds_naturez": "Bem Arqueológico", "codigo_iph": "BA", "id_classif": 286, "ds_classif": "Sem classificação", "id_tipo_be": 4, "ds_tipo_be": "Sítio", "sg_tipo_be": "ST", "sintese_be": null, "dt_cadastr": "2019-05-10", "UF": "AL" }, "geometry": { "type": "Point", "coordinates": [ -37.833922, -9.582269 ] } },
{ "type": "Feature", "properties": { "id_bem": 20570, "identifica": "Rio Largo", "co_iphan": "AL2707701BAST00004", "no_logrado": "Sem localidade", "nu_logrado": null, "id_naturez": 3, "ds_naturez": "Bem Arqueológico", "codigo_iph": "BA", "id_classif": 286, "ds_classif": "Sem classificação", "id_tipo_be": 4, "ds_tipo_be": "Sítio", "sg_tipo_be": "ST", "sintese_be": null, "dt_cadastr": "2019-05-10", "UF": "AL" }, "geometry": { "type": "Point", "coordinates": [ -35.871021, -9.396488 ] } },
{ "type": "Feature", "properties": { "id_bem": 20588, "identifica": "Abrigo Nova Esperança", "co_iphan": "AL2705804BAST00022", "no_logrado": "Assentamento Rural Nova Esperança II - Agrovila 01", "nu_logrado": null, "id_naturez": 3, "ds_naturez": "Bem Arqueológico", "codigo_iph": "BA", "id_classif": 286, "ds_classif": "Sem classificação", "id_tipo_be": 4, "ds_tipo_be": "Sítio", "sg_tipo_be": "ST", "sintese_be": null, "dt_cadastr": "2019-05-10", "UF": "AL" }, "geometry": { "type": "Point", "coordinates": [ -37.870722, -9.466403 ] } },
{ "type": "Feature", "properties": { "id_bem": 20575, "identifica": "Platô do Talhado IV", "co_iphan": "AL2705804BAST00009", "no_logrado": "Assentamento Rural Nova Esperança II - Agrovila 01", "nu_logrado": null, "id_naturez": 3, "ds_naturez": "Bem Arqueológico", "codigo_iph": "BA", "id_classif": 286, "ds_classif": "Sem classificação", "id_tipo_be": 4, "ds_tipo_be": "Sítio", "sg_tipo_be": "ST", "sintese_be": null, "dt_cadastr": "2019-05-10", "UF": "AL" }, "geometry": { "type": "Point", "coordinates": [ -37.890443, -9.468853 ] } },
{ "type": "Feature", "properties": { "id_bem": 20576, "identifica": "Riacho do Mangote", "co_iphan": "AL2705804BAST00010", "no_logrado": "Sem localidade", "nu_logrado": null, "id_naturez": 3, "ds_naturez": "Bem Arqueológico", "codigo_iph": "BA", "id_classif": 286, "ds_classif": "Sem classificação", "id_tipo_be": 4, "ds_tipo_be": "Sítio", "sg_tipo_be": "ST", "sintese_be": null, "dt_cadastr": "2019-05-10", "UF": "AL" }, "geometry": { "type": "Point", "coordinates": [ -37.889941, -9.483339 ] } },
{ "type": "Feature", "properties": { "id_bem": 20577, "identifica": "Platô do Talhado V", "co_iphan": "AL2705804BAST00011", "no_logrado": "Assentamento Rural Nova Esperança II - Agrovila 01", "nu_logrado": null, "id_naturez": 3, "ds_naturez": "Bem Arqueológico", "codigo_iph": "BA", "id_classif": 286, "ds_classif": "Sem classificação", "id_tipo_be": 4, "ds_tipo_be": "Sítio", "sg_tipo_be": "ST", "sintese_be": null, "dt_cadastr": "2019-05-10", "UF": "AL" }, "geometry": { "type": "Point", "coordinates": [ -37.889173, -9.467122 ] } },
{ "type": "Feature", "properties": { "id_bem": 20578, "identifica": "Pedra Erodida", "co_iphan": "AL2705804BAST00012", "no_logrado": "Assentamento Rural Nova Esperança II - Agrovila 03", "nu_logrado": null, "id_naturez": 3, "ds_naturez": "Bem Arqueológico", "codigo_iph": "BA", "id_classif": 286, "ds_classif": "Sem classificação", "id_tipo_be": 4, "ds_tipo_be": "Sítio", "sg_tipo_be": "ST", "sintese_be": null, "dt_cadastr": "2019-05-10", "UF": "AL" }, "geometry": { "type": "Point", "coordinates": [ -37.887106, -9.50668 ] } },
{ "type": "Feature", "properties": { "id_bem": 20579, "identifica": "Macambira", "co_iphan": "AL2705804BAST00013", "no_logrado": "Assentamento Rural Nova Esperança II - Agrovila 01", "nu_logrado": null, "id_naturez": 3, "ds_naturez": "Bem Arqueológico", "codigo_iph": "BA", "id_classif": 286, "ds_classif": "Sem classificação", "id_tipo_be": 4, "ds_tipo_be": "Sítio", "sg_tipo_be": "ST", "sintese_be": null, "dt_cadastr": "2019-05-10", "UF": "AL" }, "geometry": { "type": "Point", "coordinates": [ -37.885018, -9.470482 ] } },
{ "type": "Feature", "properties": { "id_bem": 20580, "identifica": "Platô do Talhado XI", "co_iphan": "AL2705804BAST00014", "no_logrado": "Assentamento Rural Nova Esperança II - Agrovila 01", "nu_logrado": null, "id_naturez": 3, "ds_naturez": "Bem Arqueológico", "codigo_iph": "BA", "id_classif": 286, "ds_classif": "Sem classificação", "id_tipo_be": 4, "ds_tipo_be": "Sítio", "sg_tipo_be": "ST", "sintese_be": null, "dt_cadastr": "2019-05-10", "UF": "AL" }, "geometry": { "type": "Point", "coordinates": [ -37.884809, -9.467696 ] } },
{ "type": "Feature", "properties": { "id_bem": 20581, "identifica": "Platô do Talhado VI", "co_iphan": "AL2705804BAST00015", "no_logrado": "Assentamento Rural Nova Esperança II - Agrovila 01", "nu_logrado": null, "id_naturez": 3, "ds_naturez": "Bem Arqueológico", "codigo_iph": "BA", "id_classif": 286, "ds_classif": "Sem classificação", "id_tipo_be": 4, "ds_tipo_be": "Sítio", "sg_tipo_be": "ST", "sintese_be": null, "dt_cadastr": "2019-05-10", "UF": "AL" }, "geometry": { "type": "Point", "coordinates": [ -37.884157, -9.469177 ] } },
{ "type": "Feature", "properties": { "id_bem": 20582, "identifica": "Platô do Talhado VII", "co_iphan": "AL2705804BAST00016", "no_logrado": "Assentamento Rural Nova Esperança II - Agrovila 01", "nu_logrado": null, "id_naturez": 3, "ds_naturez": "Bem Arqueológico", "codigo_iph": "BA", "id_classif": 286, "ds_classif": "Sem classificação", "id_tipo_be": 4, "ds_tipo_be": "Sítio", "sg_tipo_be": "ST", "sintese_be": null, "dt_cadastr": "2019-05-10", "UF": "AL" }, "geometry": { "type": "Point", "coordinates": [ -37.88151, -9.468219 ] } },
{ "type": "Feature", "properties": { "id_bem": 20583, "identifica": "Platô do Talhado X", "co_iphan": "AL2705804BAST00017", "no_logrado": "Assentamento Rural Nova Esperança II - Agrovila 02", "nu_logrado": null, "id_naturez": 3, "ds_naturez": "Bem Arqueológico", "codigo_iph": "BA", "id_classif": 286, "ds_classif": "Sem classificação", "id_tipo_be": 4, "ds_tipo_be": "Sítio", "sg_tipo_be": "ST", "sintese_be": null, "dt_cadastr": "2019-05-10", "UF": "AL" }, "geometry": { "type": "Point", "coordinates": [ -37.88077, -9.482749 ] } },
{ "type": "Feature", "properties": { "id_bem": 20584, "identifica": "Platô do Talhado VIII", "co_iphan": "AL2705804BAST00018", "no_logrado": "Assentamento Rural Nova Esperança II - Agrovila 02", "nu_logrado": null, "id_naturez": 3, "ds_naturez": "Bem Arqueológico", "codigo_iph": "BA", "id_classif": 286, "ds_classif": "Sem classificação", "id_tipo_be": 4, "ds_tipo_be": "Sítio", "sg_tipo_be": "ST", "sintese_be": null, "dt_cadastr": "2019-05-10", "UF": "AL" }, "geometry": { "type": "Point", "coordinates": [ -37.880384, -9.478163 ] } },
{ "type": "Feature", "properties": { "id_bem": 20585, "identifica": "Platô do Talhado IX", "co_iphan": "AL2705804BAST00019", "no_logrado": "Assentamento Rural Nova Esperança II - Agrovila 02", "nu_logrado": null, "id_naturez": 3, "ds_naturez": "Bem Arqueológico", "codigo_iph": "BA", "id_classif": 286, "ds_classif": "Sem classificação", "id_tipo_be": 4, "ds_tipo_be": "Sítio", "sg_tipo_be": "ST", "sintese_be": null, "dt_cadastr": "2019-05-10", "UF": "AL" }, "geometry": { "type": "Point", "coordinates": [ -37.880102, -9.478171 ] } },
{ "type": "Feature", "properties": { "id_bem": 20601, "identifica": "Bom Nome 11", "co_iphan": "AL2706406BAST00016", "no_logrado": "Povoado Poço do Bom Nome", "nu_logrado": null, "id_naturez": 3, "ds_naturez": "Bem Arqueológico", "codigo_iph": "BA", "id_classif": 286, "ds_classif": "Sem classificação", "id_tipo_be": 4, "ds_tipo_be": "Sítio", "sg_tipo_be": "ST", "sintese_be": null, "dt_cadastr": "2019-05-10", "UF": "AL" }, "geometry": { "type": "Point", "coordinates": [ -37.589645, -9.533175 ] } },
{ "type": "Feature", "properties": { "id_bem": 20623, "identifica": "Sumaúma", "co_iphan": "AL2706901BAST00004", "no_logrado": "Sem localidade", "nu_logrado": null, "id_naturez": 3, "ds_naturez": "Bem Arqueológico", "codigo_iph": "BA", "id_classif": 286, "ds_classif": "Sem classificação", "id_tipo_be": 4, "ds_tipo_be": "Sítio", "sg_tipo_be": "ST", "sintese_be": null, "dt_cadastr": "2019-05-10", "UF": "AL" }, "geometry": { "type": "Point", "coordinates": [ -36.053657, -9.683366 ] } },
{ "type": "Feature", "properties": { "id_bem": 14150, "identifica": "Carcará 2", "co_iphan": "AL2706406BAST00008", "no_logrado": "Fazenda Carcará", "nu_logrado": null, "id_naturez": 3, "ds_naturez": "Bem Arqueológico", "codigo_iph": "BA", "id_classif": 286, "ds_classif": "Sem classificação", "id_tipo_be": 4, "ds_tipo_be": "Sítio", "sg_tipo_be": "ST", "sintese_be": null, "dt_cadastr": "2019-05-10", "UF": "AL" }, "geometry": { "type": "Point", "coordinates": [ -37.578525, -9.558349 ] } },
{ "type": "Feature", "properties": { "id_bem": 19068, "identifica": "Tubiba", "co_iphan": "AL2703205BAST00001", "no_logrado": "Nos limites do Sítio Tubiba e a Fazanda Alagoinhas", "nu_logrado": null, "id_naturez": 3, "ds_naturez": "Bem Arqueológico", "codigo_iph": "BA", "id_classif": 286, "ds_classif": "Sem classificação", "id_tipo_be": 4, "ds_tipo_be": "Sítio", "sg_tipo_be": "ST", "sintese_be": null, "dt_cadastr": "2019-05-10", "UF": "AL" }, "geometry": { "type": "Point", "coordinates": [ -36.529978, -10.176552 ] } },
{ "type": "Feature", "properties": { "id_bem": 47601, "identifica": "Cosmo", "co_iphan": "AL2700904BAST00014", "no_logrado": null, "nu_logrado": null, "id_naturez": 3, "ds_naturez": "Bem Arqueológico", "codigo_iph": "BA", "id_classif": 286, "ds_classif": "Sem classificação", "id_tipo_be": 4, "ds_tipo_be": "Sítio", "sg_tipo_be": "ST", "sintese_be": "Cosmo, localizado(a) no estado de Alagoas, cidade(s) de Belo Monte, é um Bem Arqueológico, do tipo Sítio.", "dt_cadastr": "2023-10-04", "UF": "AL" }, "geometry": { "type": "Point", "coordinates": [ -37.146930924845002, -9.892503674539398 ] } },
{ "type": "Feature", "properties": { "id_bem": 47604, "identifica": "Sìtio do Eucalipto", "co_iphan": "AL2707909BAST00013", "no_logrado": null, "nu_logrado": null, "id_naturez": 3, "ds_naturez": "Bem Arqueológico", "codigo_iph": "BA", "id_classif": 286, "ds_classif": "Sem classificação", "id_tipo_be": 4, "ds_tipo_be": "Sítio", "sg_tipo_be": "ST", "sintese_be": "Sìtio do Eucalipto, localizado(a) no estado de Alagoas, cidade(s) de Santa Luzia do Norte, é um Bem Arqueológico, do tipo Sítio.", "dt_cadastr": "2023-10-04", "UF": "AL" }, "geometry": { "type": "Point", "coordinates": [ -35.8347883, -9.605922 ] } },
{ "type": "Feature", "properties": { "id_bem": 22573, "identifica": "Espinho", "co_iphan": "PE2607000BAST00002", "no_logrado": "Poço Branco", "nu_logrado": null, "id_naturez": 3, "ds_naturez": "Bem Arqueológico", "codigo_iph": "BA", "id_classif": 286, "ds_classif": "Sem classificação", "id_tipo_be": 4, "ds_tipo_be": "Sítio", "sg_tipo_be": "ST", "sintese_be": null, "dt_cadastr": "2019-06-26", "UF": "AL" }, "geometry": { "type": "Point", "coordinates": [ -37.827621, -8.919058 ] } },
{ "type": "Feature", "properties": { "id_bem": 22574, "identifica": "Ponte do Rio Moxotó", "co_iphan": "PE2607000BAST00003", "no_logrado": "Poço Branco", "nu_logrado": null, "id_naturez": 3, "ds_naturez": "Bem Arqueológico", "codigo_iph": "BA", "id_classif": 286, "ds_classif": "Sem classificação", "id_tipo_be": 4, "ds_tipo_be": "Sítio", "sg_tipo_be": "ST", "sintese_be": null, "dt_cadastr": "2019-06-26", "UF": "AL" }, "geometry": { "type": "Point", "coordinates": [ -37.827145, -8.917158 ] } },
{ "type": "Feature", "properties": { "id_bem": 22575, "identifica": "Furna da Onça", "co_iphan": "AL2705002BAST00004", "no_logrado": "Poço Branco", "nu_logrado": null, "id_naturez": 3, "ds_naturez": "Bem Arqueológico", "codigo_iph": "BA", "id_classif": 286, "ds_classif": "Sem classificação", "id_tipo_be": 4, "ds_tipo_be": "Sítio", "sg_tipo_be": "ST", "sintese_be": null, "dt_cadastr": "2019-06-26", "UF": "AL" }, "geometry": { "type": "Point", "coordinates": [ -37.821843, -8.931321 ] } },
{ "type": "Feature", "properties": { "id_bem": 22576, "identifica": "Lajeado das Palmeiras", "co_iphan": "AL2705002BAST00005", "no_logrado": "Poço Branco", "nu_logrado": null, "id_naturez": 3, "ds_naturez": "Bem Arqueológico", "codigo_iph": "BA", "id_classif": 286, "ds_classif": "Sem classificação", "id_tipo_be": 4, "ds_tipo_be": "Sítio", "sg_tipo_be": "ST", "sintese_be": null, "dt_cadastr": "2019-06-26", "UF": "AL" }, "geometry": { "type": "Point", "coordinates": [ -37.822422, -8.929406 ] } },
{ "type": "Feature", "properties": { "id_bem": 51164, "identifica": "Pedra do Leiteiro", "co_iphan": "AL2704609BAST00001", "no_logrado": null, "nu_logrado": null, "id_naturez": 3, "ds_naturez": "Bem Arqueológico", "codigo_iph": "BA", "id_classif": 41, "ds_classif": "Pré-colonial", "id_tipo_be": 4, "ds_tipo_be": "Sítio", "sg_tipo_be": "ST", "sintese_be": "Trata-se de afloramentos rochosos em granito com painéis e pinturas rupestres, relativamente preservados e com densidade expressiva. O contexto ambiental encontra-se relativamente preservado, aspecto que seguramente auxiliou na preservação do sítio. Cont", "dt_cadastr": "2024-11-14", "UF": "AL" }, "geometry": { "type": "Point", "coordinates": [ -37.488611, -9.296667 ] } },
{ "type": "Feature", "properties": { "id_bem": 13786, "identifica": "sítio tiborna", "co_iphan": "AL2701407BAST00001", "no_logrado": "Sem localidade", "nu_logrado": null, "id_naturez": 3, "ds_naturez": "Bem Arqueológico", "codigo_iph": "BA", "id_classif": 286, "ds_classif": "Sem classificação", "id_tipo_be": 4, "ds_tipo_be": "Sítio", "sg_tipo_be": "ST", "sintese_be": null, "dt_cadastr": "2019-05-10", "UF": "AL" }, "geometry": { "type": "Point", "coordinates": [ -36.237037, -9.8958 ] } },
{ "type": "Feature", "properties": { "id_bem": 13788, "identifica": "Sítio mamão", "co_iphan": "AL2701407BAST00003", "no_logrado": "Sem localidade", "nu_logrado": null, "id_naturez": 3, "ds_naturez": "Bem Arqueológico", "codigo_iph": "BA", "id_classif": 286, "ds_classif": "Sem classificação", "id_tipo_be": 4, "ds_tipo_be": "Sítio", "sg_tipo_be": "ST", "sintese_be": null, "dt_cadastr": "2019-05-10", "UF": "AL" }, "geometry": { "type": "Point", "coordinates": [ -36.236454, -9.883779 ] } },
{ "type": "Feature", "properties": { "id_bem": 13839, "identifica": "Coruripe", "co_iphan": "AL2702306BAST00001", "no_logrado": "Sem localidade", "nu_logrado": null, "id_naturez": 3, "ds_naturez": "Bem Arqueológico", "codigo_iph": "BA", "id_classif": 286, "ds_classif": "Sem classificação", "id_tipo_be": 4, "ds_tipo_be": "Sítio", "sg_tipo_be": "ST", "sintese_be": null, "dt_cadastr": "2019-05-10", "UF": "AL" }, "geometry": { "type": "Point", "coordinates": [ -36.146394, -10.14111 ] } },
{ "type": "Feature", "properties": { "id_bem": 14591, "identifica": "Sítio Barra do Camaragibe4", "co_iphan": "AL2706505BAST00001", "no_logrado": "Praia do Morro", "nu_logrado": null, "id_naturez": 3, "ds_naturez": "Bem Arqueológico", "codigo_iph": "BA", "id_classif": 286, "ds_classif": "Sem classificação", "id_tipo_be": 4, "ds_tipo_be": "Sítio", "sg_tipo_be": "ST", "sintese_be": null, "dt_cadastr": "2019-05-10", "UF": "AL" }, "geometry": { "type": "Point", "coordinates": [ -35.44087, -9.316344 ] } },
{ "type": "Feature", "properties": { "id_bem": 14592, "identifica": "Sítio Barra do Camaragibe 6", "co_iphan": "AL2706505BAST00002", "no_logrado": "Praia do Morro", "nu_logrado": null, "id_naturez": 3, "ds_naturez": "Bem Arqueológico", "codigo_iph": "BA", "id_classif": 286, "ds_classif": "Sem classificação", "id_tipo_be": 4, "ds_tipo_be": "Sítio", "sg_tipo_be": "ST", "sintese_be": null, "dt_cadastr": "2019-05-10", "UF": "AL" }, "geometry": { "type": "Point", "coordinates": [ -35.425865, -9.31604 ] } },
{ "type": "Feature", "properties": { "id_bem": 14602, "identifica": "AL 0024 LA/UFPE", "co_iphan": "AL2707404BAST00006", "no_logrado": "Morro da Igreja Velha", "nu_logrado": null, "id_naturez": 3, "ds_naturez": "Bem Arqueológico", "codigo_iph": "BA", "id_classif": 286, "ds_classif": "Sem classificação", "id_tipo_be": 4, "ds_tipo_be": "Sítio", "sg_tipo_be": "ST", "sintese_be": null, "dt_cadastr": "2019-05-10", "UF": "AL" }, "geometry": { "type": "Point", "coordinates": [ -35.30254, -9.163384 ] } },
{ "type": "Feature", "properties": { "id_bem": 14607, "identifica": "AL 0021 LA/UFPE", "co_iphan": "AL2707404BAST00011", "no_logrado": "Bairro de Salinas em local conhecido como Prainha.", "nu_logrado": null, "id_naturez": 3, "ds_naturez": "Bem Arqueológico", "codigo_iph": "BA", "id_classif": 286, "ds_classif": "Sem classificação", "id_tipo_be": 4, "ds_tipo_be": "Sítio", "sg_tipo_be": "ST", "sintese_be": null, "dt_cadastr": "2019-05-10", "UF": "AL" }, "geometry": { "type": "Point", "coordinates": [ -35.29493, -9.151023 ] } },
{ "type": "Feature", "properties": { "id_bem": 18698, "identifica": "Pilões", "co_iphan": "AL2700904BAST00001", "no_logrado": "Fazenda Barra do Ipanema", "nu_logrado": null, "id_naturez": 3, "ds_naturez": "Bem Arqueológico", "codigo_iph": "BA", "id_classif": 286, "ds_classif": "Sem classificação", "id_tipo_be": 4, "ds_tipo_be": "Sítio", "sg_tipo_be": "ST", "sintese_be": null, "dt_cadastr": "2019-05-10", "UF": "AL" }, "geometry": { "type": "Point", "coordinates": [ -37.233269, -9.884344 ] } },
{ "type": "Feature", "properties": { "id_bem": 18736, "identifica": "Cachoeira Grande", "co_iphan": "AL2701605BAST00001", "no_logrado": "Cachoeira Grande", "nu_logrado": null, "id_naturez": 3, "ds_naturez": "Bem Arqueológico", "codigo_iph": "BA", "id_classif": 286, "ds_classif": "Sem classificação", "id_tipo_be": 4, "ds_tipo_be": "Sítio", "sg_tipo_be": "ST", "sintese_be": null, "dt_cadastr": "2019-05-10", "UF": "AL" }, "geometry": { "type": "Point", "coordinates": [ -37.520376, -9.041605 ] } },
{ "type": "Feature", "properties": { "id_bem": 18780, "identifica": "Roçado", "co_iphan": "AL2703304BAST00001", "no_logrado": "Sítio Roçado", "nu_logrado": null, "id_naturez": 3, "ds_naturez": "Bem Arqueológico", "codigo_iph": "BA", "id_classif": 286, "ds_classif": "Sem classificação", "id_tipo_be": 4, "ds_tipo_be": "Sítio", "sg_tipo_be": "ST", "sintese_be": null, "dt_cadastr": "2019-05-10", "UF": "AL" }, "geometry": { "type": "Point", "coordinates": [ -37.759753, -9.210205 ] } },
{ "type": "Feature", "properties": { "id_bem": 18781, "identifica": "Curral Novo", "co_iphan": "AL2703304BAST00002", "no_logrado": "Fazenda Curral Novo", "nu_logrado": null, "id_naturez": 3, "ds_naturez": "Bem Arqueológico", "codigo_iph": "BA", "id_classif": 286, "ds_classif": "Sem classificação", "id_tipo_be": 4, "ds_tipo_be": "Sítio", "sg_tipo_be": "ST", "sintese_be": null, "dt_cadastr": "2019-05-10", "UF": "AL" }, "geometry": { "type": "Point", "coordinates": [ -37.624615, -9.307581 ] } },
{ "type": "Feature", "properties": { "id_bem": 18782, "identifica": "Canoa", "co_iphan": "AL2703304BAST00003", "no_logrado": "sítio Canoa", "nu_logrado": null, "id_naturez": 3, "ds_naturez": "Bem Arqueológico", "codigo_iph": "BA", "id_classif": 286, "ds_classif": "Sem classificação", "id_tipo_be": 4, "ds_tipo_be": "Sítio", "sg_tipo_be": "ST", "sintese_be": null, "dt_cadastr": "2019-05-10", "UF": "AL" }, "geometry": { "type": "Point", "coordinates": [ -37.617754, -9.339221 ] } },
{ "type": "Feature", "properties": { "id_bem": 19274, "identifica": "Igreja São Bento de Maragogi", "co_iphan": "AL2704500BAST00001", "no_logrado": "São Bento", "nu_logrado": null, "id_naturez": 3, "ds_naturez": "Bem Arqueológico", "codigo_iph": "BA", "id_classif": 286, "ds_classif": "Sem classificação", "id_tipo_be": 4, "ds_tipo_be": "Sítio", "sg_tipo_be": "ST", "sintese_be": null, "dt_cadastr": "2019-05-10", "UF": "AL" }, "geometry": { "type": "Point", "coordinates": [ -35.243671, -9.047388 ] } },
{ "type": "Feature", "properties": { "id_bem": 19250, "identifica": "Coqueiro Seco", "co_iphan": "AL2702207BAST00001", "no_logrado": "Sem localidade", "nu_logrado": null, "id_naturez": 3, "ds_naturez": "Bem Arqueológico", "codigo_iph": "BA", "id_classif": 286, "ds_classif": "Sem classificação", "id_tipo_be": 4, "ds_tipo_be": "Sítio", "sg_tipo_be": "ST", "sintese_be": null, "dt_cadastr": "2019-05-10", "UF": "AL" }, "geometry": { "type": "Point", "coordinates": [ -35.812087, -9.644498 ] } },
{ "type": "Feature", "properties": { "id_bem": 47401, "identifica": "Sítio da Fita", "co_iphan": "AL2700607BAST00001", "no_logrado": null, "nu_logrado": null, "id_naturez": 3, "ds_naturez": "Bem Arqueológico", "codigo_iph": "BA", "id_classif": 286, "ds_classif": "Sem classificação", "id_tipo_be": 4, "ds_tipo_be": "Sítio", "sg_tipo_be": "ST", "sintese_be": "Sítio da Fita, localizado(a) no estado de Alagoas, cidade(s) de Barra de São Miguel, é um Bem Arqueológico, do tipo Sítio.", "dt_cadastr": "2023-09-27", "UF": "AL" }, "geometry": { "type": "Point", "coordinates": [ -35.904172, -9.823768 ] } },
{ "type": "Feature", "properties": { "id_bem": 19285, "identifica": "UTINGA", "co_iphan": "AL2706901BAST00003", "no_logrado": "CHÃ DO PILAR", "nu_logrado": null, "id_naturez": 3, "ds_naturez": "Bem Arqueológico", "codigo_iph": "BA", "id_classif": 286, "ds_classif": "Sem classificação", "id_tipo_be": 4, "ds_tipo_be": "Sítio", "sg_tipo_be": "ST", "sintese_be": null, "dt_cadastr": "2019-05-10", "UF": "AL" }, "geometry": { "type": "Point", "coordinates": [ -35.931323, -9.560196 ] } },
{ "type": "Feature", "properties": { "id_bem": 19284, "identifica": "SÍTIO PEDRO DA CRUZ", "co_iphan": "AL2706901BAST00002", "no_logrado": "CHÃ DO PILAR", "nu_logrado": null, "id_naturez": 3, "ds_naturez": "Bem Arqueológico", "codigo_iph": "BA", "id_classif": 286, "ds_classif": "Sem classificação", "id_tipo_be": 4, "ds_tipo_be": "Sítio", "sg_tipo_be": "ST", "sintese_be": null, "dt_cadastr": "2019-05-10", "UF": "AL" }, "geometry": { "type": "Point", "coordinates": [ -35.964193, -9.559827 ] } },
{ "type": "Feature", "properties": { "id_bem": 19293, "identifica": "Santa Luzia I", "co_iphan": "AL2707909BAST00001", "no_logrado": "zona rural", "nu_logrado": null, "id_naturez": 3, "ds_naturez": "Bem Arqueológico", "codigo_iph": "BA", "id_classif": 286, "ds_classif": "Sem classificação", "id_tipo_be": 4, "ds_tipo_be": "Sítio", "sg_tipo_be": "ST", "sintese_be": null, "dt_cadastr": "2019-05-10", "UF": "AL" }, "geometry": { "type": "Point", "coordinates": [ -35.828969, -9.599902 ] } },
{ "type": "Feature", "properties": { "id_bem": 19294, "identifica": "Primavera de Cima", "co_iphan": "AL2707909BAST00002", "no_logrado": "Sem localidade", "nu_logrado": null, "id_naturez": 3, "ds_naturez": "Bem Arqueológico", "codigo_iph": "BA", "id_classif": 286, "ds_classif": "Sem classificação", "id_tipo_be": 4, "ds_tipo_be": "Sítio", "sg_tipo_be": "ST", "sintese_be": null, "dt_cadastr": "2019-05-10", "UF": "AL" }, "geometry": { "type": "Point", "coordinates": [ -35.825844, -9.595284 ] } },
{ "type": "Feature", "properties": { "id_bem": 19295, "identifica": "Santa Luzia V", "co_iphan": "AL2707909BAST00003", "no_logrado": "Sem localidade", "nu_logrado": null, "id_naturez": 3, "ds_naturez": "Bem Arqueológico", "codigo_iph": "BA", "id_classif": 286, "ds_classif": "Sem classificação", "id_tipo_be": 4, "ds_tipo_be": "Sítio", "sg_tipo_be": "ST", "sintese_be": null, "dt_cadastr": "2019-05-10", "UF": "AL" }, "geometry": { "type": "Point", "coordinates": [ -35.825999, -9.61495 ] } },
{ "type": "Feature", "properties": { "id_bem": 19296, "identifica": "Primavera de Baixo", "co_iphan": "AL2707909BAST00004", "no_logrado": "Sem localidade", "nu_logrado": null, "id_naturez": 3, "ds_naturez": "Bem Arqueológico", "codigo_iph": "BA", "id_classif": 286, "ds_classif": "Sem classificação", "id_tipo_be": 4, "ds_tipo_be": "Sítio", "sg_tipo_be": "ST", "sintese_be": null, "dt_cadastr": "2019-05-10", "UF": "AL" }, "geometry": { "type": "Point", "coordinates": [ -35.823147, -9.60266 ] } },
{ "type": "Feature", "properties": { "id_bem": 19303, "identifica": "Caco Grosso I", "co_iphan": "AL2704302BAST00001", "no_logrado": "Sem localidade", "nu_logrado": null, "id_naturez": 3, "ds_naturez": "Bem Arqueológico", "codigo_iph": "BA", "id_classif": 286, "ds_classif": "Sem classificação", "id_tipo_be": 4, "ds_tipo_be": "Sítio", "sg_tipo_be": "ST", "sintese_be": null, "dt_cadastr": "2019-05-10", "UF": "AL" }, "geometry": { "type": "Point", "coordinates": [ -35.74861, -9.516642 ] } },
{ "type": "Feature", "properties": { "id_bem": 19304, "identifica": "caco grosso II", "co_iphan": "AL2707701BAST00002", "no_logrado": "Sem localidade", "nu_logrado": null, "id_naturez": 3, "ds_naturez": "Bem Arqueológico", "codigo_iph": "BA", "id_classif": 286, "ds_classif": "Sem classificação", "id_tipo_be": 4, "ds_tipo_be": "Sítio", "sg_tipo_be": "ST", "sintese_be": null, "dt_cadastr": "2019-05-10", "UF": "AL" }, "geometry": { "type": "Point", "coordinates": [ -35.81853, -9.43931 ] } },
{ "type": "Feature", "properties": { "id_bem": 19323, "identifica": "Sítio Barra do Camaragibe 5", "co_iphan": "AL2706505BAST00005", "no_logrado": "Praia do Morro", "nu_logrado": null, "id_naturez": 3, "ds_naturez": "Bem Arqueológico", "codigo_iph": "BA", "id_classif": 286, "ds_classif": "Sem classificação", "id_tipo_be": 4, "ds_tipo_be": "Sítio", "sg_tipo_be": "ST", "sintese_be": null, "dt_cadastr": "2019-05-10", "UF": "AL" }, "geometry": { "type": "Point", "coordinates": [ -35.428513, -9.314806 ] } },
{ "type": "Feature", "properties": { "id_bem": 27264, "identifica": "AL 0072 LA/UFPE", "co_iphan": "AL2703809BAST00003", "no_logrado": "não informado", "nu_logrado": null, "id_naturez": 3, "ds_naturez": "Bem Arqueológico", "codigo_iph": "BA", "id_classif": 40, "ds_classif": "Histórico", "id_tipo_be": 4, "ds_tipo_be": "Sítio", "sg_tipo_be": "ST", "sintese_be": "AL 0072 LA/UFPE, localizado(a) no estado de Alagoas, cidade(s) de Joaquim Gomes, é um Bem Arqueológico, do tipo Sítio, com estado de conservação Ruim e de preservação Muito Alterado.\r\nSítio arqueológico histórico localizado em área de topo, em meio a um", "dt_cadastr": "2020-03-16", "UF": "AL" }, "geometry": { "type": "Point", "coordinates": [ -35.762783136119999, -9.118009896649999 ] } },
{ "type": "Feature", "properties": { "id_bem": 37097, "identifica": "Porto de Piranhas", "co_iphan": "AL2707107BAST00017", "no_logrado": null, "nu_logrado": null, "id_naturez": 3, "ds_naturez": "Bem Arqueológico", "codigo_iph": "BA", "id_classif": 40, "ds_classif": "Histórico", "id_tipo_be": 4, "ds_tipo_be": "Sítio", "sg_tipo_be": "ST", "sintese_be": "Sítio depositário com trilhos submersos.", "dt_cadastr": "2021-12-23", "UF": "AL" }, "geometry": { "type": "Point", "coordinates": [ -37.754469, -9.626166 ] } },
{ "type": "Feature", "properties": { "id_bem": 26764, "identifica": "Pindorama", "co_iphan": "AL2706703BAST00004", "no_logrado": "---", "nu_logrado": null, "id_naturez": 3, "ds_naturez": "Bem Arqueológico", "codigo_iph": "BA", "id_classif": 42, "ds_classif": "De contato", "id_tipo_be": 4, "ds_tipo_be": "Sítio", "sg_tipo_be": "ST", "sintese_be": "Sítio a céu aberto com uma ocupação pré-colonial cerâmica e lítica..", "dt_cadastr": "2020-02-06", "UF": "AL" }, "geometry": { "type": "Point", "coordinates": [ -36.424236, -10.075032 ] } },
{ "type": "Feature", "properties": { "id_bem": 26352, "identifica": "Ponte Vermelha", "co_iphan": "AL2705804BAST00024", "no_logrado": "-", "nu_logrado": null, "id_naturez": 3, "ds_naturez": "Bem Arqueológico", "codigo_iph": "BA", "id_classif": 40, "ds_classif": "Histórico", "id_tipo_be": 4, "ds_tipo_be": "Sítio", "sg_tipo_be": "ST", "sintese_be": "Ponte de ferro, fez parte da Estrada de Ferro Paulo Afonso.", "dt_cadastr": "2020-01-15", "UF": "AL" }, "geometry": { "type": "Point", "coordinates": [ -37.894307, -9.448165 ] } },
{ "type": "Feature", "properties": { "id_bem": 26807, "identifica": "Porto Real do Colégio", "co_iphan": "AL2707503BAST00001", "no_logrado": "----", "nu_logrado": null, "id_naturez": 3, "ds_naturez": "Bem Arqueológico", "codigo_iph": "BA", "id_classif": 40, "ds_classif": "Histórico", "id_tipo_be": 4, "ds_tipo_be": "Sítio", "sg_tipo_be": "ST", "sintese_be": "Cidade histórica, fundada na época da colônia por incentivo de padres Jesuítas e redução de indígenas da região.", "dt_cadastr": "2020-02-07", "UF": "AL" }, "geometry": { "type": "Point", "coordinates": [ -36.839613, -10.187041 ] } },
{ "type": "Feature", "properties": { "id_bem": 47583, "identifica": "Delmiro Gouveia 10", "co_iphan": "AL2702405BAST00031", "no_logrado": null, "nu_logrado": null, "id_naturez": 3, "ds_naturez": "Bem Arqueológico", "codigo_iph": "BA", "id_classif": 286, "ds_classif": "Sem classificação", "id_tipo_be": 4, "ds_tipo_be": "Sítio", "sg_tipo_be": "ST", "sintese_be": "Delmiro Gouveia 10, localizado(a) no estado de Alagoas, cidade(s) de Delmiro Gouveia, é um Bem Arqueológico, do tipo Sítio.", "dt_cadastr": "2023-10-04", "UF": "AL" }, "geometry": { "type": "Point", "coordinates": [ -37.95111, -9.49795 ] } },
{ "type": "Feature", "properties": { "id_bem": 47585, "identifica": "Delmiro Gouveia 2", "co_iphan": "AL2702405BAST00033", "no_logrado": null, "nu_logrado": null, "id_naturez": 3, "ds_naturez": "Bem Arqueológico", "codigo_iph": "BA", "id_classif": 286, "ds_classif": "Sem classificação", "id_tipo_be": 4, "ds_tipo_be": "Sítio", "sg_tipo_be": "ST", "sintese_be": "Delmiro Gouveia 2, localizado(a) no estado de Alagoas, cidade(s) de Delmiro Gouveia, é um Bem Arqueológico, do tipo Sítio.", "dt_cadastr": "2023-10-04", "UF": "AL" }, "geometry": { "type": "Point", "coordinates": [ -37.93482, -9.43577 ] } },
{ "type": "Feature", "properties": { "id_bem": 32837, "identifica": "Capinaçu 02", "co_iphan": "AL2706406BAST00036", "no_logrado": null, "nu_logrado": null, "id_naturez": 3, "ds_naturez": "Bem Arqueológico", "codigo_iph": "BA", "id_classif": 40, "ds_classif": "Histórico", "id_tipo_be": 4, "ds_tipo_be": "Sítio", "sg_tipo_be": "ST", "sintese_be": "Casa do Período Histórico em ruínas.", "dt_cadastr": "2021-04-12", "UF": "AL" }, "geometry": { "type": "Point", "coordinates": [ -37.560545, -9.736584 ] } },
{ "type": "Feature", "properties": { "id_bem": 27162, "identifica": "AL 0047 LA/UFPE", "co_iphan": "AL2707701BAST00007", "no_logrado": "não informado", "nu_logrado": null, "id_naturez": 3, "ds_naturez": "Bem Arqueológico", "codigo_iph": "BA", "id_classif": 41, "ds_classif": "Pré-colonial", "id_tipo_be": 4, "ds_tipo_be": "Sítio", "sg_tipo_be": "ST", "sintese_be": "AL 0047 LA/UFPE, localizado(a) no estado de Alagoas, cidade(s) de Rio Largo, é um Bem Arqueológico, do tipo Sítio, com estado de conservação Ruim e de preservação Muito Alterado.\r\nSítio arqueológico pré-histórico localizado a céu aberto, constituído por", "dt_cadastr": "2020-03-11", "UF": "AL" }, "geometry": { "type": "Point", "coordinates": [ -35.940533799, -9.522042160019993 ] } },
{ "type": "Feature", "properties": { "id_bem": 27163, "identifica": "AL 0049 LA/UFPE", "co_iphan": "AL2706901BAST00006", "no_logrado": "não informado", "nu_logrado": null, "id_naturez": 3, "ds_naturez": "Bem Arqueológico", "codigo_iph": "BA", "id_classif": 283, "ds_classif": "Pré-colonial e Histórico", "id_tipo_be": 4, "ds_tipo_be": "Sítio", "sg_tipo_be": "ST", "sintese_be": "AL 0049 LA/UFPE, localizado(a) no estado de Alagoas, cidade(s) de Pilar, é um Bem Arqueológico, do tipo Sítio, com estado de conservação Ruim e de preservação Muito Alterado.\r\nSítio arqueológico histórico e pré-histórico localizado a céu aberto. Os vestí", "dt_cadastr": "2020-03-11", "UF": "AL" }, "geometry": { "type": "Point", "coordinates": [ -35.965185456299999, -9.55045082985 ] } },
{ "type": "Feature", "properties": { "id_bem": 27171, "identifica": "AL 0064 LA/UFPE", "co_iphan": "AL2707701BAST00008", "no_logrado": "não informado", "nu_logrado": null, "id_naturez": 3, "ds_naturez": "Bem Arqueológico", "codigo_iph": "BA", "id_classif": 41, "ds_classif": "Pré-colonial", "id_tipo_be": 4, "ds_tipo_be": "Sítio", "sg_tipo_be": "ST", "sintese_be": "AL 0064 LA/UFPE, localizado(a) no estado de Alagoas, cidade(s) de Rio Largo, é um Bem Arqueológico, do tipo Sítio, com estado de conservação Ruim e de preservação Muito Alterado.\r\nSítio arqueológico pré-histórico localizado em área de cultivo de cana de", "dt_cadastr": "2020-03-12", "UF": "AL" }, "geometry": { "type": "Point", "coordinates": [ -35.835920580059998, -9.44300957420999 ] } },
{ "type": "Feature", "properties": { "id_bem": 27172, "identifica": "AL 0067 LA/UFPE", "co_iphan": "AL2707701BAST00009", "no_logrado": "não informado", "nu_logrado": null, "id_naturez": 3, "ds_naturez": "Bem Arqueológico", "codigo_iph": "BA", "id_classif": 41, "ds_classif": "Pré-colonial", "id_tipo_be": 4, "ds_tipo_be": "Sítio", "sg_tipo_be": "ST", "sintese_be": "AL 0067 LA/UFPE, localizado(a) no estado de Alagoas, cidade(s) de Rio Largo, é um Bem Arqueológico, do tipo Sítio, com estado de conservação Ruim e de preservação Muito Alterado.\r\nSítio arqueológico pré-histórico localizado a céu aberto, em área de culti", "dt_cadastr": "2020-03-12", "UF": "AL" }, "geometry": { "type": "Point", "coordinates": [ -35.872379134719999, -9.45293097039 ] } },
{ "type": "Feature", "properties": { "id_bem": 27188, "identifica": "AL 0068 LA/UFPE", "co_iphan": "AL2707701BAST00010", "no_logrado": "não informado", "nu_logrado": null, "id_naturez": 3, "ds_naturez": "Bem Arqueológico", "codigo_iph": "BA", "id_classif": 41, "ds_classif": "Pré-colonial", "id_tipo_be": 4, "ds_tipo_be": "Sítio", "sg_tipo_be": "ST", "sintese_be": "AL 0068 LA/UFPE, localizado(a) no estado de Alagoas, cidade(s) de Rio Largo, é um Bem Arqueológico, do tipo Sítio, com estado de conservação Ruim e de preservação Muito Alterado.\r\nSítio arqueológico pré-histórico localizado a céu aberto, em área de culti", "dt_cadastr": "2020-03-13", "UF": "AL" }, "geometry": { "type": "Point", "coordinates": [ -35.876556931730001, -9.456392923750002 ] } },
{ "type": "Feature", "properties": { "id_bem": 27131, "identifica": "AL 0036 LA/UFPE", "co_iphan": "AL2707701BAST00005", "no_logrado": "não informado", "nu_logrado": null, "id_naturez": 3, "ds_naturez": "Bem Arqueológico", "codigo_iph": "BA", "id_classif": 41, "ds_classif": "Pré-colonial", "id_tipo_be": 4, "ds_tipo_be": "Sítio", "sg_tipo_be": "ST", "sintese_be": "AL 0036 LA/UFPE, localizado(a) no estado de Alagoas, cidade(s) de Rio Largo, é um Bem Arqueológico, do tipo Sítio, com estado de conservação Ruim e de preservação Muito Alterado.", "dt_cadastr": "2020-03-10", "UF": "AL" }, "geometry": { "type": "Point", "coordinates": [ -35.849591172350003, -9.446855974539998 ] } },
{ "type": "Feature", "properties": { "id_bem": 27132, "identifica": "AL 0038 LA/UFPE", "co_iphan": "AL2707701BAST00006", "no_logrado": "não informado", "nu_logrado": null, "id_naturez": 3, "ds_naturez": "Bem Arqueológico", "codigo_iph": "BA", "id_classif": 40, "ds_classif": "Histórico", "id_tipo_be": 4, "ds_tipo_be": "Sítio", "sg_tipo_be": "ST", "sintese_be": "AL 0038 LA/UFPE, localizado(a) no estado de Alagoas, cidade(s) de Rio Largo, é um Bem Arqueológico, do tipo Sítio, com estado de conservação Regular e de preservação Pouco Alterado.\r\nSítio arqueológico histórico - ruínas associadas a antigo engenho, loca", "dt_cadastr": "2020-03-10", "UF": "AL" }, "geometry": { "type": "Point", "coordinates": [ -35.862080098509999, -9.447522342490011 ] } },
{ "type": "Feature", "properties": { "id_bem": 26353, "identifica": "Povoado Barra de Ipanema", "co_iphan": "AL2700904BAST00008", "no_logrado": "-", "nu_logrado": null, "id_naturez": 3, "ds_naturez": "Bem Arqueológico", "codigo_iph": "BA", "id_classif": 40, "ds_classif": "Histórico", "id_tipo_be": 4, "ds_tipo_be": "Sítio", "sg_tipo_be": "ST", "sintese_be": "Povoado na beira do Rio São Francisco com características históricas. É marcado  principalmente pelas arquiteturas das casas, destacando-se as fachadas do inicio do século XX.", "dt_cadastr": "2020-01-15", "UF": "AL" }, "geometry": { "type": "Point", "coordinates": [ -37.245847, -9.878063 ] } },
{ "type": "Feature", "properties": { "id_bem": 32697, "identifica": "Barragem", "co_iphan": "AL2707107BAST00010", "no_logrado": null, "nu_logrado": null, "id_naturez": 3, "ds_naturez": "Bem Arqueológico", "codigo_iph": "BA", "id_classif": 41, "ds_classif": "Pré-colonial", "id_tipo_be": 4, "ds_tipo_be": "Sítio", "sg_tipo_be": "ST", "sintese_be": "Sítio com escavação ainda aberta, porém, não foi possível delimitar seus\r\nmateriais.", "dt_cadastr": "2021-03-18", "UF": "AL" }, "geometry": { "type": "Point", "coordinates": [ -37.786554, -9.628342 ] } },
{ "type": "Feature", "properties": { "id_bem": 26350, "identifica": "Barro Vermelho", "co_iphan": "AL2706703BAST00003", "no_logrado": "Barro Vermelho", "nu_logrado": null, "id_naturez": 3, "ds_naturez": "Bem Arqueológico", "codigo_iph": "BA", "id_classif": 40, "ds_classif": "Histórico", "id_tipo_be": 4, "ds_tipo_be": "Sítio", "sg_tipo_be": "ST", "sintese_be": "Centro histórico com casas e industrias da época do império, só restando um prédio", "dt_cadastr": "2020-01-15", "UF": "AL" }, "geometry": { "type": "Point", "coordinates": [ -36.5842, -10.284767 ] } },
{ "type": "Feature", "properties": { "id_bem": 26479, "identifica": "Bom Nome 06", "co_iphan": "AL2706406BAST00028", "no_logrado": "Pão de Açucar Bom Nome", "nu_logrado": null, "id_naturez": 3, "ds_naturez": "Bem Arqueológico", "codigo_iph": "BA", "id_classif": 41, "ds_classif": "Pré-colonial", "id_tipo_be": 4, "ds_tipo_be": "Sítio", "sg_tipo_be": "ST", "sintese_be": "Sítio arqueológico unicomponencial com pinturas rupestres sob matacão de granito", "dt_cadastr": "2020-01-22", "UF": "AL" }, "geometry": { "type": "Point", "coordinates": [ -37.596381, -9.545364 ] } },
{ "type": "Feature", "properties": { "id_bem": 32166, "identifica": "Monte do Coqueiral", "co_iphan": "AL2703601BAST00001", "no_logrado": null, "nu_logrado": null, "id_naturez": 3, "ds_naturez": "Bem Arqueológico", "codigo_iph": "BA", "id_classif": 283, "ds_classif": "Pré-colonial e Histórico", "id_tipo_be": 4, "ds_tipo_be": "Sítio", "sg_tipo_be": "ST", "sintese_be": "O sítio arqueológico, Monte do Coqueiral, é multicomponencial, de visibilidade baixa e densidade média. Materiais arqueológicos diagnósticos incluem cerâmica da tradição Tupinambá e louça importada.", "dt_cadastr": "2021-01-11", "UF": "AL" }, "geometry": { "type": "Point", "coordinates": [ -35.251391, -9.078081 ] } },
{ "type": "Feature", "properties": { "id_bem": 47564, "identifica": "Afluente do Talhado VIIII", "co_iphan": "AL2705804BAST00034", "no_logrado": null, "nu_logrado": null, "id_naturez": 3, "ds_naturez": "Bem Arqueológico", "codigo_iph": "BA", "id_classif": 286, "ds_classif": "Sem classificação", "id_tipo_be": 4, "ds_tipo_be": "Sítio", "sg_tipo_be": "ST", "sintese_be": "Afluente do Talhado VIIII, localizado(a) no estado de Alagoas, cidade(s) de Olho D'água do Casado, é um Bem Arqueológico, do tipo Sítio.", "dt_cadastr": "2023-10-04", "UF": "AL" }, "geometry": { "type": "Point", "coordinates": [ -37.896651184094992, -9.450026731559305 ] } },
{ "type": "Feature", "properties": { "id_bem": 32357, "identifica": "Cunhambebe", "co_iphan": "AL2704708BAST00007", "no_logrado": "no núcleo urbano da Praia do Francês", "nu_logrado": null, "id_naturez": 3, "ds_naturez": "Bem Arqueológico", "codigo_iph": "BA", "id_classif": 41, "ds_classif": "Pré-colonial", "id_tipo_be": 4, "ds_tipo_be": "Sítio", "sg_tipo_be": "ST", "sintese_be": "Cunhambebe, localizado(a) no estado de Alagoas, cidade(s) de Marechal Deodoro, é um Bem Arqueológico, do tipo Sítio.\r\nSítio cerâmico, resultante das interações estabelecidas entre navegadores estrangeiros e a população originária no início da colonização", "dt_cadastr": "2021-02-08", "UF": "AL" }, "geometry": { "type": "Point", "coordinates": [ -35.824739, -9.75062 ] } },
{ "type": "Feature", "properties": { "id_bem": 32386, "identifica": "Lazareto", "co_iphan": "AL2704708BAST00011", "no_logrado": "Ruínas do antigo leprosário de Alagoas, construído no final do século XIX", "nu_logrado": null, "id_naturez": 3, "ds_naturez": "Bem Arqueológico", "codigo_iph": "BA", "id_classif": 283, "ds_classif": "Pré-colonial e Histórico", "id_tipo_be": 4, "ds_tipo_be": "Sítio", "sg_tipo_be": "ST", "sintese_be": "Lazareto, também conhecido(a) como Leprosário, localizado(a) no estado de Alagoas, cidade(s) de Marechal Deodoro, é um Bem Arqueológico, do tipo Sítio.", "dt_cadastr": "2021-02-10", "UF": "AL" }, "geometry": { "type": "Point", "coordinates": [ -35.845989, -9.772414 ] } },
{ "type": "Feature", "properties": { "id_bem": 26378, "identifica": "Bom Nome 1", "co_iphan": "AL2706406BAST00025", "no_logrado": "-", "nu_logrado": null, "id_naturez": 3, "ds_naturez": "Bem Arqueológico", "codigo_iph": "BA", "id_classif": 41, "ds_classif": "Pré-colonial", "id_tipo_be": 4, "ds_tipo_be": "Sítio", "sg_tipo_be": "ST", "sintese_be": "Sítio arqueológico formado por abrigo sob rocha em um matacão de granito. A sua área é de cerca de 50 m² apresentando pinturas rupestres não figurativas, nas cores vermelha e amarela.", "dt_cadastr": "2020-01-16", "UF": "AL" }, "geometry": { "type": "Point", "coordinates": [ -37.599944, -9.545198 ] } },
{ "type": "Feature", "properties": { "id_bem": 26392, "identifica": "Bonito", "co_iphan": "AL2700904BAST00009", "no_logrado": "Sítio", "nu_logrado": null, "id_naturez": 3, "ds_naturez": "Bem Arqueológico", "codigo_iph": "BA", "id_classif": 41, "ds_classif": "Pré-colonial", "id_tipo_be": 4, "ds_tipo_be": "Sítio", "sg_tipo_be": "ST", "sintese_be": "Pequena concentração de ferramentas em silex e batedores.", "dt_cadastr": "2020-01-16", "UF": "AL" }, "geometry": { "type": "Point", "coordinates": [ -37.286985, -9.821209 ] } },
{ "type": "Feature", "properties": { "id_bem": 32838, "identifica": "Braúna", "co_iphan": "AL2709202BAST00011", "no_logrado": null, "nu_logrado": null, "id_naturez": 3, "ds_naturez": "Bem Arqueológico", "codigo_iph": "BA", "id_classif": 40, "ds_classif": "Histórico", "id_tipo_be": 4, "ds_tipo_be": "Sítio", "sg_tipo_be": "ST", "sintese_be": "Sítio histórico com estrutura de combustão (forno).", "dt_cadastr": "2021-04-12", "UF": "AL" }, "geometry": { "type": "Point", "coordinates": [ -37.126952, -9.910835 ] } },
{ "type": "Feature", "properties": { "id_bem": 32698, "identifica": "Capela", "co_iphan": "AL2707107BAST00011", "no_logrado": null, "nu_logrado": null, "id_naturez": 3, "ds_naturez": "Bem Arqueológico", "codigo_iph": "BA", "id_classif": 40, "ds_classif": "Histórico", "id_tipo_be": 4, "ds_tipo_be": "Sítio", "sg_tipo_be": "ST", "sintese_be": "Capela Histórica do inicio do século XX.", "dt_cadastr": "2021-03-18", "UF": "AL" }, "geometry": { "type": "Point", "coordinates": [ -37.762591, -9.6253 ] } },
{ "type": "Feature", "properties": { "id_bem": 26367, "identifica": "Capim Açu", "co_iphan": "AL2706406BAST00023", "no_logrado": "-", "nu_logrado": null, "id_naturez": 3, "ds_naturez": "Bem Arqueológico", "codigo_iph": "BA", "id_classif": 40, "ds_classif": "Histórico", "id_tipo_be": 4, "ds_tipo_be": "Sítio", "sg_tipo_be": "ST", "sintese_be": "Casa do Período Histórico em ruínas.", "dt_cadastr": "2020-01-16", "UF": "AL" }, "geometry": { "type": "Point", "coordinates": [ -37.560545, -9.736584 ] } },
{ "type": "Feature", "properties": { "id_bem": 26371, "identifica": "Imburanas", "co_iphan": "AL2708402BAST00001", "no_logrado": "-", "nu_logrado": null, "id_naturez": 3, "ds_naturez": "Bem Arqueológico", "codigo_iph": "BA", "id_classif": 283, "ds_classif": "Pré-colonial e Histórico", "id_tipo_be": 4, "ds_tipo_be": "Sítio", "sg_tipo_be": "ST", "sintese_be": "Sítio Multicomponencial com pinturas rupestres em suportes rochosos.", "dt_cadastr": "2020-01-16", "UF": "AL" }, "geometry": { "type": "Point", "coordinates": [ -37.658272, -9.486878 ] } },
{ "type": "Feature", "properties": { "id_bem": 26374, "identifica": "Carcará 01", "co_iphan": "AL2706406BAST00024", "no_logrado": "Cara-cará", "nu_logrado": null, "id_naturez": 3, "ds_naturez": "Bem Arqueológico", "codigo_iph": "BA", "id_classif": 41, "ds_classif": "Pré-colonial", "id_tipo_be": 4, "ds_tipo_be": "Sítio", "sg_tipo_be": "ST", "sintese_be": "Sítio pré-histórico com pinturas rupestres em blocos rochosos de granito.", "dt_cadastr": "2020-01-16", "UF": "AL" }, "geometry": { "type": "Point", "coordinates": [ -37.578464, -9.549505 ] } },
{ "type": "Feature", "properties": { "id_bem": 26762, "identifica": "Igreja dos Prazeres", "co_iphan": "AL2703205BAST00002", "no_logrado": "---", "nu_logrado": null, "id_naturez": 3, "ds_naturez": "Bem Arqueológico", "codigo_iph": "BA", "id_classif": 40, "ds_classif": "Histórico", "id_tipo_be": 4, "ds_tipo_be": "Sítio", "sg_tipo_be": "ST", "sintese_be": "Igreja colonial com cemitério.", "dt_cadastr": "2020-02-06", "UF": "AL" }, "geometry": { "type": "Point", "coordinates": [ -36.720983, -10.248514 ] } },
{ "type": "Feature", "properties": { "id_bem": 26753, "identifica": "Igreja Nossa Senhora da Apresentação", "co_iphan": "AL2707305BAST00002", "no_logrado": "---", "nu_logrado": null, "id_naturez": 3, "ds_naturez": "Bem Arqueológico", "codigo_iph": "BA", "id_classif": 40, "ds_classif": "Histórico", "id_tipo_be": 4, "ds_tipo_be": "Sítio", "sg_tipo_be": "ST", "sintese_be": "Igreja do período colonial (século XVII), apresentou na área extena sepultamentos recentes (históricos) e artefatos indígenas (material lítico) sem contexto. Também foram coletados artefatos históricos como louça, broxa de caixão, cerâmica simples.", "dt_cadastr": "2020-02-05", "UF": "AL" }, "geometry": { "type": "Point", "coordinates": [ -35.398515, -9.056493 ] } },
{ "type": "Feature", "properties": { "id_bem": 26366, "identifica": "IIha do Ferro", "co_iphan": "AL2706406BAST00022", "no_logrado": "-", "nu_logrado": null, "id_naturez": 3, "ds_naturez": "Bem Arqueológico", "codigo_iph": "BA", "id_classif": 40, "ds_classif": "Histórico", "id_tipo_be": 4, "ds_tipo_be": "Sítio", "sg_tipo_be": "ST", "sintese_be": "Comunidade ribeirinha com construções históricas.", "dt_cadastr": "2020-01-16", "UF": "AL" }, "geometry": { "type": "Point", "coordinates": [ -37.528257, -9.737595 ] } },
{ "type": "Feature", "properties": { "id_bem": 26331, "identifica": "Ilha dos Prazeres", "co_iphan": "AL2700904BAST00006", "no_logrado": "Belo Monte", "nu_logrado": null, "id_naturez": 3, "ds_naturez": "Bem Arqueológico", "codigo_iph": "BA", "id_classif": 42, "ds_classif": "De contato", "id_tipo_be": 4, "ds_tipo_be": "Sítio", "sg_tipo_be": "ST", "sintese_be": "Sítio lítico", "dt_cadastr": "2020-01-15", "UF": "AL" }, "geometry": { "type": "Point", "coordinates": [ -37.242483, -9.886697 ] } },
{ "type": "Feature", "properties": { "id_bem": 26686, "identifica": "Macacos", "co_iphan": "AL2707107BAST00009", "no_logrado": "---", "nu_logrado": null, "id_naturez": 3, "ds_naturez": "Bem Arqueológico", "codigo_iph": "BA", "id_classif": 283, "ds_classif": "Pré-colonial e Histórico", "id_tipo_be": 4, "ds_tipo_be": "Sítio", "sg_tipo_be": "ST", "sintese_be": "Cerâmicas de várias épocas, muro de pedra e um pedaço de aço.", "dt_cadastr": "2020-02-03", "UF": "AL" }, "geometry": { "type": "Point", "coordinates": [ -37.692281, -9.63978 ] } },
{ "type": "Feature", "properties": { "id_bem": 26648, "identifica": "Pau-Ferro", "co_iphan": "AL2707107BAST00006", "no_logrado": "Fazenda Alegria", "nu_logrado": null, "id_naturez": 3, "ds_naturez": "Bem Arqueológico", "codigo_iph": "BA", "id_classif": 286, "ds_classif": "Sem classificação", "id_tipo_be": 4, "ds_tipo_be": "Sítio", "sg_tipo_be": "ST", "sintese_be": "Cerca de pedra", "dt_cadastr": "2020-01-30", "UF": "AL" }, "geometry": { "type": "Point", "coordinates": [ -37.682615, -9.643957 ] } },
{ "type": "Feature", "properties": { "id_bem": 32751, "identifica": "Quiriba", "co_iphan": "AL2700904BAST00013", "no_logrado": null, "nu_logrado": null, "id_naturez": 3, "ds_naturez": "Bem Arqueológico", "codigo_iph": "BA", "id_classif": 40, "ds_classif": "Histórico", "id_tipo_be": 4, "ds_tipo_be": "Sítio", "sg_tipo_be": "ST", "sintese_be": "Sítio Multicomponencial Com a presença de lítico lascado e muro de pedra.", "dt_cadastr": "2021-03-25", "UF": "AL" }, "geometry": { "type": "Point", "coordinates": [ -37.251469, -9.857868 ] } },
{ "type": "Feature", "properties": { "id_bem": 32826, "identifica": "Lisboa I", "co_iphan": "AL2706406BAST00032", "no_logrado": null, "nu_logrado": null, "id_naturez": 3, "ds_naturez": "Bem Arqueológico", "codigo_iph": "BA", "id_classif": 41, "ds_classif": "Pré-colonial", "id_tipo_be": 4, "ds_tipo_be": "Sítio", "sg_tipo_be": "ST", "sintese_be": "Sítio unicomponencial situado num matacão de granito, ao qual só pode ser visualizado quando se deita abaixo de da rocha no ponto mais alto da encosta", "dt_cadastr": "2021-04-09", "UF": "AL" }, "geometry": { "type": "Point", "coordinates": [ -37.573861, -9.561024 ] } },
{ "type": "Feature", "properties": { "id_bem": 32828, "identifica": "Lisboa II", "co_iphan": "AL2706406BAST00033", "no_logrado": null, "nu_logrado": null, "id_naturez": 3, "ds_naturez": "Bem Arqueológico", "codigo_iph": "BA", "id_classif": 41, "ds_classif": "Pré-colonial", "id_tipo_be": 4, "ds_tipo_be": "Sítio", "sg_tipo_be": "ST", "sintese_be": "Sítio unicomponencial com pinturas rupestres em matacões de granito.", "dt_cadastr": "2021-04-09", "UF": "AL" }, "geometry": { "type": "Point", "coordinates": [ -37.578545, -9.558394 ] } },
{ "type": "Feature", "properties": { "id_bem": 26902, "identifica": "Rabelo", "co_iphan": "AL2709202BAST00010", "no_logrado": "-", "nu_logrado": null, "id_naturez": 3, "ds_naturez": "Bem Arqueológico", "codigo_iph": "BA", "id_classif": 40, "ds_classif": "Histórico", "id_tipo_be": 4, "ds_tipo_be": "Sítio", "sg_tipo_be": "ST", "sintese_be": "Cerca de Pedra", "dt_cadastr": "2020-02-13", "UF": "AL" }, "geometry": { "type": "Point", "coordinates": [ -36.949511, -10.040349 ] } },
{ "type": "Feature", "properties": { "id_bem": 26800, "identifica": "Santo Antônio", "co_iphan": "AL2706901BAST00005", "no_logrado": "---", "nu_logrado": null, "id_naturez": 3, "ds_naturez": "Bem Arqueológico", "codigo_iph": "BA", "id_classif": 42, "ds_classif": "De contato", "id_tipo_be": 4, "ds_tipo_be": "Sítio", "sg_tipo_be": "ST", "sintese_be": "Sítio multicomponencial com dois horizontes de ocupação, a mais antiga relacionada a uma ocupação pré-colonial líto-cerâmica e outra ocupação histórica relacionada ao século XVIII", "dt_cadastr": "2020-02-07", "UF": "AL" }, "geometry": { "type": "Point", "coordinates": [ -36.011466, -9.594748 ] } },
{ "type": "Feature", "properties": { "id_bem": 47584, "identifica": "Delmiro Gouveia 11", "co_iphan": "AL2702405BAST00032", "no_logrado": null, "nu_logrado": null, "id_naturez": 3, "ds_naturez": "Bem Arqueológico", "codigo_iph": "BA", "id_classif": 286, "ds_classif": "Sem classificação", "id_tipo_be": 4, "ds_tipo_be": "Sítio", "sg_tipo_be": "ST", "sintese_be": "Delmiro Gouveia 11, localizado(a) no estado de Alagoas, cidade(s) de Delmiro Gouveia, é um Bem Arqueológico, do tipo Sítio.", "dt_cadastr": "2023-10-04", "UF": "AL" }, "geometry": { "type": "Point", "coordinates": [ -37.91973, -9.49166 ] } },
{ "type": "Feature", "properties": { "id_bem": 47586, "identifica": "Delmiro Gouveia 3", "co_iphan": "AL2702405BAST00034", "no_logrado": null, "nu_logrado": null, "id_naturez": 3, "ds_naturez": "Bem Arqueológico", "codigo_iph": "BA", "id_classif": 286, "ds_classif": "Sem classificação", "id_tipo_be": 4, "ds_tipo_be": "Sítio", "sg_tipo_be": "ST", "sintese_be": "Delmiro Gouveia 3, localizado(a) no estado de Alagoas, cidade(s) de Delmiro Gouveia, é um Bem Arqueológico, do tipo Sítio.", "dt_cadastr": "2023-10-04", "UF": "AL" }, "geometry": { "type": "Point", "coordinates": [ -37.9285, -9.45013 ] } },
{ "type": "Feature", "properties": { "id_bem": 47587, "identifica": "Delmiro Gouveia 4", "co_iphan": "AL2702405BAST00035", "no_logrado": null, "nu_logrado": null, "id_naturez": 3, "ds_naturez": "Bem Arqueológico", "codigo_iph": "BA", "id_classif": 286, "ds_classif": "Sem classificação", "id_tipo_be": 4, "ds_tipo_be": "Sítio", "sg_tipo_be": "ST", "sintese_be": "Delmiro Gouveia 4, localizado(a) no estado de Alagoas, cidade(s) de Delmiro Gouveia, é um Bem Arqueológico, do tipo Sítio.", "dt_cadastr": "2023-10-04", "UF": "AL" }, "geometry": { "type": "Point", "coordinates": [ -37.94698, -9.50107 ] } },
{ "type": "Feature", "properties": { "id_bem": 32709, "identifica": "Magaem", "co_iphan": "AL2707107BAST00013", "no_logrado": null, "nu_logrado": null, "id_naturez": 3, "ds_naturez": "Bem Arqueológico", "codigo_iph": "BA", "id_classif": 42, "ds_classif": "De contato", "id_tipo_be": 4, "ds_tipo_be": "Sítio", "sg_tipo_be": "ST", "sintese_be": "Sítio de contato com presença de malacológico e ossos.", "dt_cadastr": "2021-03-18", "UF": "AL" }, "geometry": { "type": "Point", "coordinates": [ -37.716744, -9.628678 ] } },
{ "type": "Feature", "properties": { "id_bem": 26288, "identifica": "Riacho Grande", "co_iphan": "AL2706406BAST00017", "no_logrado": "-", "nu_logrado": null, "id_naturez": 3, "ds_naturez": "Bem Arqueológico", "codigo_iph": "BA", "id_classif": 41, "ds_classif": "Pré-colonial", "id_tipo_be": 4, "ds_tipo_be": "Sítio", "sg_tipo_be": "ST", "sintese_be": "Sítio unicomponencial pré-histórico lítico.", "dt_cadastr": "2020-01-13", "UF": "AL" }, "geometry": { "type": "Point", "coordinates": [ -37.487249, -9.742244 ] } },
{ "type": "Feature", "properties": { "id_bem": 26656, "identifica": "Ruínas", "co_iphan": "AL2707107BAST00008", "no_logrado": "---", "nu_logrado": null, "id_naturez": 3, "ds_naturez": "Bem Arqueológico", "codigo_iph": "BA", "id_classif": 40, "ds_classif": "Histórico", "id_tipo_be": 4, "ds_tipo_be": "Sítio", "sg_tipo_be": "ST", "sintese_be": "Ruínas de antiga fábrica do século XIX.", "dt_cadastr": "2020-01-31", "UF": "AL" }, "geometry": { "type": "Point", "coordinates": [ -37.774383, -9.632576 ] } },
{ "type": "Feature", "properties": { "id_bem": 32835, "identifica": "Sítio Edizio", "co_iphan": "AL2708402BAST00002", "no_logrado": null, "nu_logrado": null, "id_naturez": 3, "ds_naturez": "Bem Arqueológico", "codigo_iph": "BA", "id_classif": 41, "ds_classif": "Pré-colonial", "id_tipo_be": 4, "ds_tipo_be": "Sítio", "sg_tipo_be": "ST", "sintese_be": "Sítio unicomponencial com pinturas rupestres.", "dt_cadastr": "2021-04-09", "UF": "AL" }, "geometry": { "type": "Point", "coordinates": [ -37.431, -9.625661 ] } },
{ "type": "Feature", "properties": { "id_bem": 26287, "identifica": "Santo Antônio", "co_iphan": "AL2700904BAST00004", "no_logrado": "Sítio", "nu_logrado": null, "id_naturez": 3, "ds_naturez": "Bem Arqueológico", "codigo_iph": "BA", "id_classif": 41, "ds_classif": "Pré-colonial", "id_tipo_be": 4, "ds_tipo_be": "Sítio", "sg_tipo_be": "ST", "sintese_be": "Pequena concentração de ferramentas em silex e batedores.", "dt_cadastr": "2020-01-13", "UF": "AL" }, "geometry": { "type": "Point", "coordinates": [ -37.296473, -9.814296 ] } },
{ "type": "Feature", "properties": { "id_bem": 32839, "identifica": "Sítio Patos", "co_iphan": "AL2707107BAST00015", "no_logrado": null, "nu_logrado": null, "id_naturez": 3, "ds_naturez": "Bem Arqueológico", "codigo_iph": "BA", "id_classif": 40, "ds_classif": "Histórico", "id_tipo_be": 4, "ds_tipo_be": "Sítio", "sg_tipo_be": "ST", "sintese_be": "Sítio Histórico pertencente a época do cangaço", "dt_cadastr": "2021-04-12", "UF": "AL" }, "geometry": { "type": "Point", "coordinates": [ -37.683154, -9.624871 ] } },
{ "type": "Feature", "properties": { "id_bem": 32699, "identifica": "Sítio Remanso", "co_iphan": "AL2707107BAST00012", "no_logrado": null, "nu_logrado": null, "id_naturez": 3, "ds_naturez": "Bem Arqueológico", "codigo_iph": "BA", "id_classif": 40, "ds_classif": "Histórico", "id_tipo_be": 4, "ds_tipo_be": "Sítio", "sg_tipo_be": "ST", "sintese_be": "Cerca Histórica de Pedras", "dt_cadastr": "2021-03-18", "UF": "AL" }, "geometry": { "type": "Point", "coordinates": [ -37.669547, -9.653347 ] } },
{ "type": "Feature", "properties": { "id_bem": 26351, "identifica": "Talhado do Olho d'agua", "co_iphan": "AL2705804BAST00023", "no_logrado": "-", "nu_logrado": null, "id_naturez": 3, "ds_naturez": "Bem Arqueológico", "codigo_iph": "BA", "id_classif": 41, "ds_classif": "Pré-colonial", "id_tipo_be": 4, "ds_tipo_be": "Sítio", "sg_tipo_be": "ST", "sintese_be": "Sitio unicomponencial com gravuras e pinturas em paredão de arenito na margem direita do raicho do talhado.", "dt_cadastr": "2020-01-15", "UF": "AL" }, "geometry": { "type": "Point", "coordinates": [ -37.894396, -9.448925 ] } },
{ "type": "Feature", "properties": { "id_bem": 32710, "identifica": "Vanda", "co_iphan": "AL2707107BAST00014", "no_logrado": null, "nu_logrado": null, "id_naturez": 3, "ds_naturez": "Bem Arqueológico", "codigo_iph": "BA", "id_classif": 42, "ds_classif": "De contato", "id_tipo_be": 4, "ds_tipo_be": "Sítio", "sg_tipo_be": "ST", "sintese_be": "Sítio multicompnencial com concentração de lítico, cerâmica e tijolos históricos.", "dt_cadastr": "2021-03-18", "UF": "AL" }, "geometry": { "type": "Point", "coordinates": [ -37.761858, -9.626283 ] } },
{ "type": "Feature", "properties": { "id_bem": 26754, "identifica": "Vila Eponina", "co_iphan": "AL2704708BAST00006", "no_logrado": "---", "nu_logrado": null, "id_naturez": 3, "ds_naturez": "Bem Arqueológico", "codigo_iph": "BA", "id_classif": 40, "ds_classif": "Histórico", "id_tipo_be": 4, "ds_tipo_be": "Sítio", "sg_tipo_be": "ST", "sintese_be": "Evidência arquitetônica (paredes, piso)", "dt_cadastr": "2020-02-05", "UF": "AL" }, "geometry": { "type": "Point", "coordinates": [ -35.79776, -9.684529 ] } },
{ "type": "Feature", "properties": { "id_bem": 26652, "identifica": "Sinimbu", "co_iphan": "AL2707107BAST00007", "no_logrado": "Fazenda Sinimbu", "nu_logrado": null, "id_naturez": 3, "ds_naturez": "Bem Arqueológico", "codigo_iph": "BA", "id_classif": 283, "ds_classif": "Pré-colonial e Histórico", "id_tipo_be": 4, "ds_tipo_be": "Sítio", "sg_tipo_be": "ST", "sintese_be": "Provável curral de pedra em área vasta com presença de cerâmicas de várias épocas e alvenaria.", "dt_cadastr": "2020-01-30", "UF": "AL" }, "geometry": { "type": "Point", "coordinates": [ -37.707631, -9.629014 ] } },
{ "type": "Feature", "properties": { "id_bem": 26347, "identifica": "Manchica", "co_iphan": "AL2706406BAST00020", "no_logrado": "-", "nu_logrado": null, "id_naturez": 3, "ds_naturez": "Bem Arqueológico", "codigo_iph": "BA", "id_classif": 40, "ds_classif": "Histórico", "id_tipo_be": 4, "ds_tipo_be": "Sítio", "sg_tipo_be": "ST", "sintese_be": "Ruínas de uma casa grande do período colonial.", "dt_cadastr": "2020-01-15", "UF": "AL" }, "geometry": { "type": "Point", "coordinates": [ -37.352346, -9.786065 ] } },
{ "type": "Feature", "properties": { "id_bem": 26345, "identifica": "Moreno", "co_iphan": "AL2706406BAST00019", "no_logrado": "-", "nu_logrado": null, "id_naturez": 3, "ds_naturez": "Bem Arqueológico", "codigo_iph": "BA", "id_classif": 283, "ds_classif": "Pré-colonial e Histórico", "id_tipo_be": 4, "ds_tipo_be": "Sítio", "sg_tipo_be": "ST", "sintese_be": "Sítio Lito-cerâmico, com presença de ruínas de um antigo curtume.", "dt_cadastr": "2020-01-15", "UF": "AL" }, "geometry": { "type": "Point", "coordinates": [ -37.544074, -9.660715 ] } },
{ "type": "Feature", "properties": { "id_bem": 26757, "identifica": "Morro do Camaragibe", "co_iphan": "AL2706505BAST00007", "no_logrado": "----", "nu_logrado": null, "id_naturez": 3, "ds_naturez": "Bem Arqueológico", "codigo_iph": "BA", "id_classif": 42, "ds_classif": "De contato", "id_tipo_be": 4, "ds_tipo_be": "Sítio", "sg_tipo_be": "ST", "sintese_be": "Sítio Histórico, possivelmente associado a cemitério (informações verbais).", "dt_cadastr": "2020-02-05", "UF": "AL" }, "geometry": { "type": "Point", "coordinates": [ -35.421402, -9.316671 ] } },
{ "type": "Feature", "properties": { "id_bem": 32741, "identifica": "Mundo Novo", "co_iphan": "AL2700904BAST00012", "no_logrado": null, "nu_logrado": null, "id_naturez": 3, "ds_naturez": "Bem Arqueológico", "codigo_iph": "BA", "id_classif": 283, "ds_classif": "Pré-colonial e Histórico", "id_tipo_be": 4, "ds_tipo_be": "Sítio", "sg_tipo_be": "ST", "sintese_be": "Mundo Novo, localizado(a) no estado de Alagoas, cidade(s) de Belo Monte, é um Bem Arqueológico, do tipo Sítio.", "dt_cadastr": "2021-03-23", "UF": "AL" }, "geometry": { "type": "Point", "coordinates": [ -37.162045, -9.891249 ] } },
{ "type": "Feature", "properties": { "id_bem": 26337, "identifica": "Serra das mãos 1", "co_iphan": "AL2709202BAST00005", "no_logrado": "Localidade Capivara", "nu_logrado": null, "id_naturez": 3, "ds_naturez": "Bem Arqueológico", "codigo_iph": "BA", "id_classif": 41, "ds_classif": "Pré-colonial", "id_tipo_be": 4, "ds_tipo_be": "Sítio", "sg_tipo_be": "ST", "sintese_be": "Sítio na beira do rio Traipu, também em proximidade com uma pequena caverna.", "dt_cadastr": "2020-01-15", "UF": "AL" }, "geometry": { "type": "Point", "coordinates": [ -36.998349, -9.748395 ] } },
{ "type": "Feature", "properties": { "id_bem": 26335, "identifica": "Serra das Mãos 2", "co_iphan": "AL2709202BAST00004", "no_logrado": "Capivara", "nu_logrado": null, "id_naturez": 3, "ds_naturez": "Bem Arqueológico", "codigo_iph": "BA", "id_classif": 41, "ds_classif": "Pré-colonial", "id_tipo_be": 4, "ds_tipo_be": "Sítio", "sg_tipo_be": "ST", "sintese_be": "Sítio com pinturas rupestres com cores vermelha e branca.", "dt_cadastr": "2020-01-15", "UF": "AL" }, "geometry": { "type": "Point", "coordinates": [ -36.998093, -9.748466 ] } },
{ "type": "Feature", "properties": { "id_bem": 26346, "identifica": "Serra das Mãos 4", "co_iphan": "AL2709202BAST00007", "no_logrado": "Sítio", "nu_logrado": null, "id_naturez": 3, "ds_naturez": "Bem Arqueológico", "codigo_iph": "BA", "id_classif": 41, "ds_classif": "Pré-colonial", "id_tipo_be": 4, "ds_tipo_be": "Sítio", "sg_tipo_be": "ST", "sintese_be": "Painel rupestre com pinturas de cores vermelha e amarela", "dt_cadastr": "2020-01-15", "UF": "AL" }, "geometry": { "type": "Point", "coordinates": [ -36.998562, -9.750918 ] } },
{ "type": "Feature", "properties": { "id_bem": 26490, "identifica": "Panta Leão", "co_iphan": "AL2706406BAST00029", "no_logrado": "Panta-leão", "nu_logrado": null, "id_naturez": 3, "ds_naturez": "Bem Arqueológico", "codigo_iph": "BA", "id_classif": 40, "ds_classif": "Histórico", "id_tipo_be": 4, "ds_tipo_be": "Sítio", "sg_tipo_be": "ST", "sintese_be": "Sítio histórico com fornos centenário de tijolos.", "dt_cadastr": "2020-01-22", "UF": "AL" }, "geometry": { "type": "Point", "coordinates": [ -37.598845, -9.714581 ] } },
{ "type": "Feature", "properties": { "id_bem": 32833, "identifica": "Pão de Açucar I", "co_iphan": "AL2706406BAST00035", "no_logrado": null, "nu_logrado": null, "id_naturez": 3, "ds_naturez": "Bem Arqueológico", "codigo_iph": "BA", "id_classif": 42, "ds_classif": "De contato", "id_tipo_be": 4, "ds_tipo_be": "Sítio", "sg_tipo_be": "ST", "sintese_be": "Sítio unicomponencial cerâmico", "dt_cadastr": "2021-04-09", "UF": "AL" }, "geometry": { "type": "Point", "coordinates": [ -37.516657, -9.616492 ] } },
{ "type": "Feature", "properties": { "id_bem": 26291, "identifica": "Queimadas", "co_iphan": "AL2700904BAST00005", "no_logrado": "-", "nu_logrado": null, "id_naturez": 3, "ds_naturez": "Bem Arqueológico", "codigo_iph": "BA", "id_classif": 41, "ds_classif": "Pré-colonial", "id_tipo_be": 4, "ds_tipo_be": "Sítio", "sg_tipo_be": "ST", "sintese_be": "Sítio unicomponencial com lítico lascado.", "dt_cadastr": "2020-01-13", "UF": "AL" }, "geometry": { "type": "Point", "coordinates": [ -37.286994, -9.8212 ] } },
{ "type": "Feature", "properties": { "id_bem": 26506, "identifica": "Povoado Santiago", "co_iphan": "AL2706406BAST00030", "no_logrado": "Bráulio Cavalcante", "nu_logrado": null, "id_naturez": 3, "ds_naturez": "Bem Arqueológico", "codigo_iph": "BA", "id_classif": 40, "ds_classif": "Histórico", "id_tipo_be": 4, "ds_tipo_be": "Sítio", "sg_tipo_be": "ST", "sintese_be": "Povoado de pescadores com características históricas (casas, igrejas e fazendas).", "dt_cadastr": "2020-01-23", "UF": "AL" }, "geometry": { "type": "Point", "coordinates": [ -37.353405, -9.7839 ] } },
{ "type": "Feature", "properties": { "id_bem": 26416, "identifica": "Mata da Onça", "co_iphan": "AL2706406BAST00026", "no_logrado": "-", "nu_logrado": null, "id_naturez": 3, "ds_naturez": "Bem Arqueológico", "codigo_iph": "BA", "id_classif": 41, "ds_classif": "Pré-colonial", "id_tipo_be": 4, "ds_tipo_be": "Sítio", "sg_tipo_be": "ST", "sintese_be": "Sítio unicomponencial com presença de material lítico", "dt_cadastr": "2020-01-20", "UF": "AL" }, "geometry": { "type": "Point", "coordinates": [ -37.571647, -9.734198 ] } },
{ "type": "Feature", "properties": { "id_bem": 26289, "identifica": "Carcará 03", "co_iphan": "AL2706406BAST00018", "no_logrado": "Cara-cará", "nu_logrado": null, "id_naturez": 3, "ds_naturez": "Bem Arqueológico", "codigo_iph": "BA", "id_classif": 41, "ds_classif": "Pré-colonial", "id_tipo_be": 4, "ds_tipo_be": "Sítio", "sg_tipo_be": "ST", "sintese_be": "Sítio unicomponencial situado num matacão de granito, ao qual só pode ser visualizado quando se deita abaixo de da rocha no ponto mais alto da encosta", "dt_cadastr": "2020-01-13", "UF": "AL" }, "geometry": { "type": "Point", "coordinates": [ -37.573861, -9.561024 ] } },
{ "type": "Feature", "properties": { "id_bem": 26884, "identifica": "Cazuqui", "co_iphan": "AL2709202BAST00008", "no_logrado": "-", "nu_logrado": null, "id_naturez": 3, "ds_naturez": "Bem Arqueológico", "codigo_iph": "BA", "id_classif": 40, "ds_classif": "Histórico", "id_tipo_be": 4, "ds_tipo_be": "Sítio", "sg_tipo_be": "ST", "sintese_be": "Cerca de Pedra", "dt_cadastr": "2020-02-12", "UF": "AL" }, "geometry": { "type": "Point", "coordinates": [ -37.099669, -9.932124 ] } },
{ "type": "Feature", "properties": { "id_bem": 32841, "identifica": "Centro Histórico de Traipu", "co_iphan": "AL2709202BAST00012", "no_logrado": null, "nu_logrado": null, "id_naturez": 3, "ds_naturez": "Bem Arqueológico", "codigo_iph": "BA", "id_classif": 40, "ds_classif": "Histórico", "id_tipo_be": 4, "ds_tipo_be": "Sítio", "sg_tipo_be": "ST", "sintese_be": "Centro urbano da ciade de Traipu-AL. Presença de edificações históricas.", "dt_cadastr": "2021-04-12", "UF": "AL" }, "geometry": { "type": "Point", "coordinates": [ -37.003519, -9.970452 ] } },
{ "type": "Feature", "properties": { "id_bem": 26893, "identifica": "Cerca de Pedra da fazenda do Gordo", "co_iphan": "AL2709202BAST00009", "no_logrado": "-", "nu_logrado": null, "id_naturez": 3, "ds_naturez": "Bem Arqueológico", "codigo_iph": "BA", "id_classif": 40, "ds_classif": "Histórico", "id_tipo_be": 4, "ds_tipo_be": "Sítio", "sg_tipo_be": "ST", "sintese_be": "Cerca de Pedra", "dt_cadastr": "2020-02-13", "UF": "AL" }, "geometry": { "type": "Point", "coordinates": [ -37.031766, -9.97984 ] } },
{ "type": "Feature", "properties": { "id_bem": 26301, "identifica": "Cipó", "co_iphan": "AL2707107BAST00004", "no_logrado": "Sítio Encantado", "nu_logrado": null, "id_naturez": 3, "ds_naturez": "Bem Arqueológico", "codigo_iph": "BA", "id_classif": 286, "ds_classif": "Sem classificação", "id_tipo_be": 4, "ds_tipo_be": "Sítio", "sg_tipo_be": "ST", "sintese_be": "Sítio Escavado.", "dt_cadastr": "2020-01-14", "UF": "AL" }, "geometry": { "type": "Point", "coordinates": [ -37.783963, -9.63441 ] } },
{ "type": "Feature", "properties": { "id_bem": 26455, "identifica": "Cuidado", "co_iphan": "AL2706406BAST00027", "no_logrado": "Cuidado", "nu_logrado": null, "id_naturez": 3, "ds_naturez": "Bem Arqueológico", "codigo_iph": "BA", "id_classif": 41, "ds_classif": "Pré-colonial", "id_tipo_be": 4, "ds_tipo_be": "Sítio", "sg_tipo_be": "ST", "sintese_be": "Cuidado, localizado(a) no estado de Alagoas, cidade(s) de Pão de Açúcar, é um Bem Arqueológico, do tipo Sítio, com estado de conservação Regular e de preservação Pouco Alterado.", "dt_cadastr": "2020-01-21", "UF": "AL" }, "geometry": { "type": "Point", "coordinates": [ -37.584328, -9.585345 ] } },
{ "type": "Feature", "properties": { "id_bem": 26750, "identifica": "Gasalp - Ocorrência 10", "co_iphan": "AL2702801BAST00001", "no_logrado": "----", "nu_logrado": null, "id_naturez": 3, "ds_naturez": "Bem Arqueológico", "codigo_iph": "BA", "id_classif": 40, "ds_classif": "Histórico", "id_tipo_be": 4, "ds_tipo_be": "Sítio", "sg_tipo_be": "ST", "sintese_be": "Vestígios visíveis a partir de cortes efetuados por máquinas na estrada de um casarão destruído.", "dt_cadastr": "2020-02-05", "UF": "AL" }, "geometry": { "type": "Point", "coordinates": [ -35.745202, -9.329726 ] } },
{ "type": "Feature", "properties": { "id_bem": 32711, "identifica": "Gruta Grande", "co_iphan": "AL2700904BAST00011", "no_logrado": null, "nu_logrado": null, "id_naturez": 3, "ds_naturez": "Bem Arqueológico", "codigo_iph": "BA", "id_classif": 283, "ds_classif": "Pré-colonial e Histórico", "id_tipo_be": 4, "ds_tipo_be": "Sítio", "sg_tipo_be": "ST", "sintese_be": "Sítio de contato com a presença de um muro de pedra.", "dt_cadastr": "2021-03-18", "UF": "AL" }, "geometry": { "type": "Point", "coordinates": [ -37.269013, -9.836288 ] } },
{ "type": "Feature", "properties": { "id_bem": 26344, "identifica": "Alto da Serra", "co_iphan": "AL2700904BAST00007", "no_logrado": "-", "nu_logrado": null, "id_naturez": 3, "ds_naturez": "Bem Arqueológico", "codigo_iph": "BA", "id_classif": 40, "ds_classif": "Histórico", "id_tipo_be": 4, "ds_tipo_be": "Sítio", "sg_tipo_be": "ST", "sintese_be": "Igreja - Cemitério Histórica do século XVII", "dt_cadastr": "2020-01-15", "UF": "AL" }, "geometry": { "type": "Point", "coordinates": [ -37.243244, -9.88577 ] } },
{ "type": "Feature", "properties": { "id_bem": 20586, "identifica": "Abrigo do Poldinho", "co_iphan": "AL2705804BAST00020", "no_logrado": "Assentamento Rural Nova Esperança II - Agrovila 01", "nu_logrado": null, "id_naturez": 3, "ds_naturez": "Bem Arqueológico", "codigo_iph": "BA", "id_classif": 286, "ds_classif": "Sem classificação", "id_tipo_be": 4, "ds_tipo_be": "Sítio", "sg_tipo_be": "ST", "sintese_be": null, "dt_cadastr": "2019-05-10", "UF": "AL" }, "geometry": { "type": "Point", "coordinates": [ -37.872506, -9.466879 ] } },
{ "type": "Feature", "properties": { "id_bem": 47545, "identifica": "Pindorama", "co_iphan": "AL2706703BAST00006", "no_logrado": null, "nu_logrado": null, "id_naturez": 3, "ds_naturez": "Bem Arqueológico", "codigo_iph": "BA", "id_classif": 286, "ds_classif": "Sem classificação", "id_tipo_be": 4, "ds_tipo_be": "Sítio", "sg_tipo_be": "ST", "sintese_be": "Pindorama, localizado(a) no estado de Alagoas, cidade(s) de Penedo, é um Bem Arqueológico, do tipo Sítio.", "dt_cadastr": "2023-10-02", "UF": "AL" }, "geometry": { "type": "Point", "coordinates": [ -36.424004, -10.074452 ] } },
{ "type": "Feature", "properties": { "id_bem": 47572, "identifica": "Riacho do Talhado IX", "co_iphan": "AL2705804BAST00040", "no_logrado": null, "nu_logrado": null, "id_naturez": 3, "ds_naturez": "Bem Arqueológico", "codigo_iph": "BA", "id_classif": 286, "ds_classif": "Sem classificação", "id_tipo_be": 4, "ds_tipo_be": "Sítio", "sg_tipo_be": "ST", "sintese_be": "Riacho do Talhado IX, localizado(a) no estado de Alagoas, cidade(s) de Olho D'água do Casado, é um Bem Arqueológico, do tipo Sítio.", "dt_cadastr": "2023-10-04", "UF": "AL" }, "geometry": { "type": "Point", "coordinates": [ -37.891825463471001, -9.469472618139296 ] } },
{ "type": "Feature", "properties": { "id_bem": 19476, "identifica": "Marimbondo", "co_iphan": "AL2705804BAST00001", "no_logrado": "Fazenda Castanho", "nu_logrado": null, "id_naturez": 3, "ds_naturez": "Bem Arqueológico", "codigo_iph": "BA", "id_classif": 286, "ds_classif": "Sem classificação", "id_tipo_be": 4, "ds_tipo_be": "Sítio", "sg_tipo_be": "ST", "sintese_be": null, "dt_cadastr": "2019-05-10", "UF": "AL" }, "geometry": { "type": "Point", "coordinates": [ -37.887704, -9.51842 ] } },
{ "type": "Feature", "properties": { "id_bem": 20587, "identifica": "Platô do Talhado I", "co_iphan": "AL2705804BAST00021", "no_logrado": "Assentamento Rural Nova Esperança II - Agrovila 01", "nu_logrado": null, "id_naturez": 3, "ds_naturez": "Bem Arqueológico", "codigo_iph": "BA", "id_classif": 286, "ds_classif": "Sem classificação", "id_tipo_be": 4, "ds_tipo_be": "Sítio", "sg_tipo_be": "ST", "sintese_be": null, "dt_cadastr": "2019-05-10", "UF": "AL" }, "geometry": { "type": "Point", "coordinates": [ -37.872242, -9.466842 ] } },
{ "type": "Feature", "properties": { "id_bem": 47472, "identifica": "AL 0038 LA/UFPE", "co_iphan": "AL2707701BAST00012", "no_logrado": null, "nu_logrado": null, "id_naturez": 3, "ds_naturez": "Bem Arqueológico", "codigo_iph": "BA", "id_classif": 286, "ds_classif": "Sem classificação", "id_tipo_be": 4, "ds_tipo_be": "Sítio", "sg_tipo_be": "ST", "sintese_be": "AL 0038 LA/UFPE, localizado(a) no estado de Alagoas, cidade(s) de Rio Largo, é um Bem Arqueológico, do tipo Sítio.", "dt_cadastr": "2023-10-02", "UF": "AL" }, "geometry": { "type": "Point", "coordinates": [ -35.86208, -9.447513 ] } },
{ "type": "Feature", "properties": { "id_bem": 47546, "identifica": "Sítio Chapéu de Pena 2", "co_iphan": "AL2708105BAST00002", "no_logrado": null, "nu_logrado": null, "id_naturez": 3, "ds_naturez": "Bem Arqueológico", "codigo_iph": "BA", "id_classif": 286, "ds_classif": "Sem classificação", "id_tipo_be": 4, "ds_tipo_be": "Sítio", "sg_tipo_be": "ST", "sintese_be": "Sítio Chapéu de Pena 2, localizado(a) no estado de Alagoas, cidade(s) de Santana do Mundaú, é um Bem Arqueológico, do tipo Sítio.", "dt_cadastr": "2023-10-02", "UF": "AL" }, "geometry": { "type": "Point", "coordinates": [ -36.249199, -9.115535 ] } },
{ "type": "Feature", "properties": { "id_bem": 47547, "identifica": "Pia do Gato", "co_iphan": "AL2705804BAST00026", "no_logrado": null, "nu_logrado": null, "id_naturez": 3, "ds_naturez": "Bem Arqueológico", "codigo_iph": "BA", "id_classif": 286, "ds_classif": "Sem classificação", "id_tipo_be": 4, "ds_tipo_be": "Sítio", "sg_tipo_be": "ST", "sintese_be": "Pia do Gato, localizado(a) no estado de Alagoas, cidade(s) de Olho D'água do Casado, é um Bem Arqueológico, do tipo Sítio.", "dt_cadastr": "2023-10-02", "UF": "AL" }, "geometry": { "type": "Point", "coordinates": [ -37.871564, -9.44018 ] } },
{ "type": "Feature", "properties": { "id_bem": 47548, "identifica": "Pão de Açucar 03", "co_iphan": "AL2706406BAST00039", "no_logrado": null, "nu_logrado": null, "id_naturez": 3, "ds_naturez": "Bem Arqueológico", "codigo_iph": "BA", "id_classif": 286, "ds_classif": "Sem classificação", "id_tipo_be": 4, "ds_tipo_be": "Sítio", "sg_tipo_be": "ST", "sintese_be": "Pão de Açucar 03, localizado(a) no estado de Alagoas, cidade(s) de Pão de Açúcar, é um Bem Arqueológico, do tipo Sítio.", "dt_cadastr": "2023-10-02", "UF": "AL" }, "geometry": { "type": "Point", "coordinates": [ -37.545543, -9.577273 ] } },
{ "type": "Feature", "properties": { "id_bem": 47473, "identifica": "AL 0047 LA/UFPE", "co_iphan": "AL2707701BAST00013", "no_logrado": null, "nu_logrado": null, "id_naturez": 3, "ds_naturez": "Bem Arqueológico", "codigo_iph": "BA", "id_classif": 286, "ds_classif": "Sem classificação", "id_tipo_be": 4, "ds_tipo_be": "Sítio", "sg_tipo_be": "ST", "sintese_be": "AL 0047 LA/UFPE, localizado(a) no estado de Alagoas, cidade(s) de Rio Largo, é um Bem Arqueológico, do tipo Sítio.", "dt_cadastr": "2023-10-02", "UF": "AL" }, "geometry": { "type": "Point", "coordinates": [ -35.940534, -9.522033 ] } },
{ "type": "Feature", "properties": { "id_bem": 47531, "identifica": "Sítio Captação Gravatá", "co_iphan": "AL2709152BAST00009", "no_logrado": null, "nu_logrado": null, "id_naturez": 3, "ds_naturez": "Bem Arqueológico", "codigo_iph": "BA", "id_classif": 286, "ds_classif": "Sem classificação", "id_tipo_be": 4, "ds_tipo_be": "Sítio", "sg_tipo_be": "ST", "sintese_be": "Sítio Captação Gravatá, localizado(a) no estado de Alagoas, cidade(s) de Teotônio Vilela, é um Bem Arqueológico, do tipo Sítio.", "dt_cadastr": "2023-10-02", "UF": "AL" }, "geometry": { "type": "Point", "coordinates": [ -36.32801, -10.00433 ] } },
{ "type": "Feature", "properties": { "id_bem": 47551, "identifica": "Malva", "co_iphan": "AL2708204BAST00001", "no_logrado": null, "nu_logrado": null, "id_naturez": 3, "ds_naturez": "Bem Arqueológico", "codigo_iph": "BA", "id_classif": 286, "ds_classif": "Sem classificação", "id_tipo_be": 4, "ds_tipo_be": "Sítio", "sg_tipo_be": "ST", "sintese_be": "Malva, localizado(a) no estado de Alagoas, cidade(s) de São Brás, é um Bem Arqueológico, do tipo Sítio.", "dt_cadastr": "2023-10-02", "UF": "AL" }, "geometry": { "type": "Point", "coordinates": [ -36.868959, -10.1396 ] } },
{ "type": "Feature", "properties": { "id_bem": 47573, "identifica": "Caparu", "co_iphan": "AL2706703BAST00007", "no_logrado": null, "nu_logrado": null, "id_naturez": 3, "ds_naturez": "Bem Arqueológico", "codigo_iph": "BA", "id_classif": 286, "ds_classif": "Sem classificação", "id_tipo_be": 4, "ds_tipo_be": "Sítio", "sg_tipo_be": "ST", "sintese_be": "Caparu, localizado(a) no estado de Alagoas, cidade(s) de Penedo, é um Bem Arqueológico, do tipo Sítio.", "dt_cadastr": "2023-10-04", "UF": "AL" }, "geometry": { "type": "Point", "coordinates": [ -36.622309224905997, -10.251322698962994 ] } },
{ "type": "Feature", "properties": { "id_bem": 47552, "identifica": "MariMari", "co_iphan": "AL2708204BAST00002", "no_logrado": null, "nu_logrado": null, "id_naturez": 3, "ds_naturez": "Bem Arqueológico", "codigo_iph": "BA", "id_classif": 286, "ds_classif": "Sem classificação", "id_tipo_be": 4, "ds_tipo_be": "Sítio", "sg_tipo_be": "ST", "sintese_be": "MariMari, localizado(a) no estado de Alagoas, cidade(s) de São Brás, é um Bem Arqueológico, do tipo Sítio.", "dt_cadastr": "2023-10-02", "UF": "AL" }, "geometry": { "type": "Point", "coordinates": [ -36.851354, -10.153016 ] } },
{ "type": "Feature", "properties": { "id_bem": 47511, "identifica": "Sítio Limoeiro", "co_iphan": "AL2708105BAST00001", "no_logrado": null, "nu_logrado": null, "id_naturez": 3, "ds_naturez": "Bem Arqueológico", "codigo_iph": "BA", "id_classif": 286, "ds_classif": "Sem classificação", "id_tipo_be": 4, "ds_tipo_be": "Sítio", "sg_tipo_be": "ST", "sintese_be": "Sítio Limoeiro, localizado(a) no estado de Alagoas, cidade(s) de Santana do Mundaú, é um Bem Arqueológico, do tipo Sítio.", "dt_cadastr": "2023-10-02", "UF": "AL" }, "geometry": { "type": "Point", "coordinates": [ -36.249832, -9.188145 ] } },
{ "type": "Feature", "properties": { "id_bem": 43870, "identifica": "Periperi", "co_iphan": "AL2709202BAST00013", "no_logrado": null, "nu_logrado": null, "id_naturez": 3, "ds_naturez": "Bem Arqueológico", "codigo_iph": "BA", "id_classif": 41, "ds_classif": "Pré-colonial", "id_tipo_be": 4, "ds_tipo_be": "Sítio", "sg_tipo_be": "ST", "sintese_be": "Periperi, localizado(a) no estado de Alagoas, cidade(s) de Traipu, é um Bem Arqueológico, do tipo Sítio.", "dt_cadastr": "2022-12-07", "UF": "AL" }, "geometry": { "type": "Point", "coordinates": [ -36.98019895102756, -9.83587891114786 ] } },
{ "type": "Feature", "properties": { "id_bem": 47590, "identifica": "Delmiro Gouveia 7", "co_iphan": "AL2702405BAST00038", "no_logrado": null, "nu_logrado": null, "id_naturez": 3, "ds_naturez": "Bem Arqueológico", "codigo_iph": "BA", "id_classif": 286, "ds_classif": "Sem classificação", "id_tipo_be": 4, "ds_tipo_be": "Sítio", "sg_tipo_be": "ST", "sintese_be": "Delmiro Gouveia 7, localizado(a) no estado de Alagoas, cidade(s) de Delmiro Gouveia, é um Bem Arqueológico, do tipo Sítio.", "dt_cadastr": "2023-10-04", "UF": "AL" }, "geometry": { "type": "Point", "coordinates": [ -37.92508, -9.48628 ] } },
{ "type": "Feature", "properties": { "id_bem": 47591, "identifica": "Delmiro Gouveia 8", "co_iphan": "AL2702405BAST00039", "no_logrado": null, "nu_logrado": null, "id_naturez": 3, "ds_naturez": "Bem Arqueológico", "codigo_iph": "BA", "id_classif": 286, "ds_classif": "Sem classificação", "id_tipo_be": 4, "ds_tipo_be": "Sítio", "sg_tipo_be": "ST", "sintese_be": "Delmiro Gouveia 8, localizado(a) no estado de Alagoas, cidade(s) de Delmiro Gouveia, é um Bem Arqueológico, do tipo Sítio.", "dt_cadastr": "2023-10-04", "UF": "AL" }, "geometry": { "type": "Point", "coordinates": [ -37.9289, -9.47799 ] } },
{ "type": "Feature", "properties": { "id_bem": 47597, "identifica": "Sítio Limoeiro", "co_iphan": "AL2708105BAST00003", "no_logrado": null, "nu_logrado": null, "id_naturez": 3, "ds_naturez": "Bem Arqueológico", "codigo_iph": "BA", "id_classif": 286, "ds_classif": "Sem classificação", "id_tipo_be": 4, "ds_tipo_be": "Sítio", "sg_tipo_be": "ST", "sintese_be": "Sítio Limoeiro, localizado(a) no estado de Alagoas, cidade(s) de Santana do Mundaú, é um Bem Arqueológico, do tipo Sítio.", "dt_cadastr": "2023-10-04", "UF": "AL" }, "geometry": { "type": "Point", "coordinates": [ -36.249832, -9.188145 ] } },
{ "type": "Feature", "properties": { "id_bem": 47598, "identifica": "Sítio Chapéu de Pena l", "co_iphan": "AL2708105BAST00004", "no_logrado": null, "nu_logrado": null, "id_naturez": 3, "ds_naturez": "Bem Arqueológico", "codigo_iph": "BA", "id_classif": 286, "ds_classif": "Sem classificação", "id_tipo_be": 4, "ds_tipo_be": "Sítio", "sg_tipo_be": "ST", "sintese_be": "Sítio Chapéu de Pena l, localizado(a) no estado de Alagoas, cidade(s) de Santana do Mundaú, é um Bem Arqueológico, do tipo Sítio.", "dt_cadastr": "2023-10-04", "UF": "AL" }, "geometry": { "type": "Point", "coordinates": [ -36.245908, -9.115618 ] } },
{ "type": "Feature", "properties": { "id_bem": 47599, "identifica": "Sítio Chapéu de Pena 2", "co_iphan": "AL2708105BAST00005", "no_logrado": null, "nu_logrado": null, "id_naturez": 3, "ds_naturez": "Bem Arqueológico", "codigo_iph": "BA", "id_classif": 286, "ds_classif": "Sem classificação", "id_tipo_be": 4, "ds_tipo_be": "Sítio", "sg_tipo_be": "ST", "sintese_be": "Sítio Chapéu de Pena 2, localizado(a) no estado de Alagoas, cidade(s) de Santana do Mundaú, é um Bem Arqueológico, do tipo Sítio.", "dt_cadastr": "2023-10-04", "UF": "AL" }, "geometry": { "type": "Point", "coordinates": [ -36.249199, -9.115535 ] } },
{ "type": "Feature", "properties": { "id_bem": 47555, "identifica": "Seu Soubeira", "co_iphan": "AL2704203BAST00001", "no_logrado": null, "nu_logrado": null, "id_naturez": 3, "ds_naturez": "Bem Arqueológico", "codigo_iph": "BA", "id_classif": 286, "ds_classif": "Sem classificação", "id_tipo_be": 4, "ds_tipo_be": "Sítio", "sg_tipo_be": "ST", "sintese_be": "Seu Soubeira, localizado(a) no estado de Alagoas, cidade(s) de Limoeiro de Anadia, é um Bem Arqueológico, do tipo Sítio.", "dt_cadastr": "2023-10-02", "UF": "AL" }, "geometry": { "type": "Point", "coordinates": [ -36.517244, -9.729363 ] } },
{ "type": "Feature", "properties": { "id_bem": 47403, "identifica": "Sítio da Jurema", "co_iphan": "AL2707909BAST00008", "no_logrado": null, "nu_logrado": null, "id_naturez": 3, "ds_naturez": "Bem Arqueológico", "codigo_iph": "BA", "id_classif": 286, "ds_classif": "Sem classificação", "id_tipo_be": 4, "ds_tipo_be": "Sítio", "sg_tipo_be": "ST", "sintese_be": "Sítio da Jurema, localizado(a) no estado de Alagoas, cidade(s) de Santa Luzia do Norte, é um Bem Arqueológico, do tipo Sítio.", "dt_cadastr": "2023-09-27", "UF": "AL" }, "geometry": { "type": "Point", "coordinates": [ -35.823799, -9.6186 ] } },
{ "type": "Feature", "properties": { "id_bem": 47405, "identifica": "AL 0035 LA/UFPE", "co_iphan": "AL2702801BAST00003", "no_logrado": null, "nu_logrado": null, "id_naturez": 3, "ds_naturez": "Bem Arqueológico", "codigo_iph": "BA", "id_classif": 286, "ds_classif": "Sem classificação", "id_tipo_be": 4, "ds_tipo_be": "Sítio", "sg_tipo_be": "ST", "sintese_be": "AL 0035 LA/UFPE, localizado(a) no estado de Alagoas, cidade(s) de Flexeiras, é um Bem Arqueológico, do tipo Sítio.", "dt_cadastr": "2023-09-27", "UF": "AL" }, "geometry": { "type": "Point", "coordinates": [ -35.787514, -9.271845848247001 ] } },
{ "type": "Feature", "properties": { "id_bem": 47316, "identifica": "São Pedro", "co_iphan": "AL2700201BAST00001", "no_logrado": null, "nu_logrado": null, "id_naturez": 3, "ds_naturez": "Bem Arqueológico", "codigo_iph": "BA", "id_classif": 41, "ds_classif": "Pré-colonial", "id_tipo_be": 4, "ds_tipo_be": "Sítio", "sg_tipo_be": "ST", "sintese_be": "São Pedro, localizado(a) no estado de Alagoas, cidade(s) de Anadia, é um Bem Arqueológico, do tipo Sítio.", "dt_cadastr": "2023-09-19", "UF": "AL" }, "geometry": { "type": "Point", "coordinates": [ -36.284068712062002, -9.686470045272099 ] } },
{ "type": "Feature", "properties": { "id_bem": 47406, "identifica": "AL 0036 LA/UFPE", "co_iphan": "AL2707701BAST00011", "no_logrado": null, "nu_logrado": null, "id_naturez": 3, "ds_naturez": "Bem Arqueológico", "codigo_iph": "BA", "id_classif": 286, "ds_classif": "Sem classificação", "id_tipo_be": 4, "ds_tipo_be": "Sítio", "sg_tipo_be": "ST", "sintese_be": "AL 0036 LA/UFPE, localizado(a) no estado de Alagoas, cidade(s) de Rio Largo, é um Bem Arqueológico, do tipo Sítio.", "dt_cadastr": "2023-09-27", "UF": "AL" }, "geometry": { "type": "Point", "coordinates": [ -35.849584, -9.445944 ] } },
{ "type": "Feature", "properties": { "id_bem": 47474, "identifica": "AL 0049 LA/UFPE", "co_iphan": "AL2706901BAST00007", "no_logrado": null, "nu_logrado": null, "id_naturez": 3, "ds_naturez": "Bem Arqueológico", "codigo_iph": "BA", "id_classif": 286, "ds_classif": "Sem classificação", "id_tipo_be": 4, "ds_tipo_be": "Sítio", "sg_tipo_be": "ST", "sintese_be": "AL 0049 LA/UFPE, localizado(a) no estado de Alagoas, cidade(s) de Pilar, é um Bem Arqueológico, do tipo Sítio.", "dt_cadastr": "2023-10-02", "UF": "AL" }, "geometry": { "type": "Point", "coordinates": [ -35.965185, -9.550442 ] } },
{ "type": "Feature", "properties": { "id_bem": 47512, "identifica": "Tranquilidade", "co_iphan": "AL2702306BAST00005", "no_logrado": null, "nu_logrado": null, "id_naturez": 3, "ds_naturez": "Bem Arqueológico", "codigo_iph": "BA", "id_classif": 286, "ds_classif": "Sem classificação", "id_tipo_be": 4, "ds_tipo_be": "Sítio", "sg_tipo_be": "ST", "sintese_be": "Tranquilidade, localizado(a) no estado de Alagoas, cidade(s) de Coruripe, é um Bem Arqueológico, do tipo Sítio.", "dt_cadastr": "2023-10-02", "UF": "AL" }, "geometry": { "type": "Point", "coordinates": [ -36.287915, -9.996305 ] } },
{ "type": "Feature", "properties": { "id_bem": 47475, "identifica": "AL 0064 LA/UFPE", "co_iphan": "AL2707701BAST00014", "no_logrado": null, "nu_logrado": null, "id_naturez": 3, "ds_naturez": "Bem Arqueológico", "codigo_iph": "BA", "id_classif": 286, "ds_classif": "Sem classificação", "id_tipo_be": 4, "ds_tipo_be": "Sítio", "sg_tipo_be": "ST", "sintese_be": "AL 0064 LA/UFPE, localizado(a) no estado de Alagoas, cidade(s) de Rio Largo, é um Bem Arqueológico, do tipo Sítio.", "dt_cadastr": "2023-10-02", "UF": "AL" }, "geometry": { "type": "Point", "coordinates": [ -35.835921, -9.443001 ] } },
{ "type": "Feature", "properties": { "id_bem": 47476, "identifica": "AL 0067 LA/UFPE", "co_iphan": "AL2707701BAST00015", "no_logrado": null, "nu_logrado": null, "id_naturez": 3, "ds_naturez": "Bem Arqueológico", "codigo_iph": "BA", "id_classif": 286, "ds_classif": "Sem classificação", "id_tipo_be": 4, "ds_tipo_be": "Sítio", "sg_tipo_be": "ST", "sintese_be": "AL 0067 LA/UFPE, localizado(a) no estado de Alagoas, cidade(s) de Rio Largo, é um Bem Arqueológico, do tipo Sítio.", "dt_cadastr": "2023-10-02", "UF": "AL" }, "geometry": { "type": "Point", "coordinates": [ -35.872379, -9.452922 ] } },
{ "type": "Feature", "properties": { "id_bem": 47477, "identifica": "Sítio Agreste", "co_iphan": "AL2700300BAST00001", "no_logrado": null, "nu_logrado": null, "id_naturez": 3, "ds_naturez": "Bem Arqueológico", "codigo_iph": "BA", "id_classif": 286, "ds_classif": "Sem classificação", "id_tipo_be": 4, "ds_tipo_be": "Sítio", "sg_tipo_be": "ST", "sintese_be": "Sítio Agreste, localizado(a) no estado de Alagoas, cidade(s) de Arapiraca, é um Bem Arqueológico, do tipo Sítio.", "dt_cadastr": "2023-10-02", "UF": "AL" }, "geometry": { "type": "Point", "coordinates": [ -36.665774, -9.671115 ] } },
{ "type": "Feature", "properties": { "id_bem": 47513, "identifica": "Djalma 5", "co_iphan": "AL2702306BAST00006", "no_logrado": null, "nu_logrado": null, "id_naturez": 3, "ds_naturez": "Bem Arqueológico", "codigo_iph": "BA", "id_classif": 286, "ds_classif": "Sem classificação", "id_tipo_be": 4, "ds_tipo_be": "Sítio", "sg_tipo_be": "ST", "sintese_be": "Djalma 5, localizado(a) no estado de Alagoas, cidade(s) de Coruripe, é um Bem Arqueológico, do tipo Sítio.", "dt_cadastr": "2023-10-02", "UF": "AL" }, "geometry": { "type": "Point", "coordinates": [ -36.199867, -10.114006 ] } },
{ "type": "Feature", "properties": { "id_bem": 47478, "identifica": "Sítio Cabana", "co_iphan": "AL2703106BAST00001", "no_logrado": null, "nu_logrado": null, "id_naturez": 3, "ds_naturez": "Bem Arqueológico", "codigo_iph": "BA", "id_classif": 286, "ds_classif": "Sem classificação", "id_tipo_be": 4, "ds_tipo_be": "Sítio", "sg_tipo_be": "ST", "sintese_be": "Sítio Cabana, localizado(a) no estado de Alagoas, cidade(s) de Igaci, é um Bem Arqueológico, do tipo Sítio.", "dt_cadastr": "2023-10-02", "UF": "AL" }, "geometry": { "type": "Point", "coordinates": [ -36.631342, -9.508991 ] } },
{ "type": "Feature", "properties": { "id_bem": 47479, "identifica": "Sítio Monte do Coqueiral", "co_iphan": "AL2703601BAST00002", "no_logrado": null, "nu_logrado": null, "id_naturez": 3, "ds_naturez": "Bem Arqueológico", "codigo_iph": "BA", "id_classif": 286, "ds_classif": "Sem classificação", "id_tipo_be": 4, "ds_tipo_be": "Sítio", "sg_tipo_be": "ST", "sintese_be": "Sítio Monte do Coqueiral, localizado(a) no estado de Alagoas, cidade(s) de Japaratinga, é um Bem Arqueológico, do tipo Sítio.", "dt_cadastr": "2023-10-02", "UF": "AL" }, "geometry": { "type": "Point", "coordinates": [ -35.251391, -9.078081 ] } },
{ "type": "Feature", "properties": { "id_bem": 47481, "identifica": "Sítio Largo do Carmo", "co_iphan": "AL2704708BAST00016", "no_logrado": null, "nu_logrado": null, "id_naturez": 3, "ds_naturez": "Bem Arqueológico", "codigo_iph": "BA", "id_classif": 286, "ds_classif": "Sem classificação", "id_tipo_be": 4, "ds_tipo_be": "Sítio", "sg_tipo_be": "ST", "sintese_be": "Sítio Largo do Carmo, localizado(a) no estado de Alagoas, cidade(s) de Marechal Deodoro, é um Bem Arqueológico, do tipo Sítio.", "dt_cadastr": "2023-10-02", "UF": "AL" }, "geometry": { "type": "Point", "coordinates": [ -35.898611036393, -9.720811157778698 ] } },
{ "type": "Feature", "properties": { "id_bem": 47480, "identifica": "AL 0022 LA/UFPE", "co_iphan": "AL2703601BAST00003", "no_logrado": null, "nu_logrado": null, "id_naturez": 3, "ds_naturez": "Bem Arqueológico", "codigo_iph": "BA", "id_classif": 286, "ds_classif": "Sem classificação", "id_tipo_be": 4, "ds_tipo_be": "Sítio", "sg_tipo_be": "ST", "sintese_be": "AL 0022 LA/UFPE, localizado(a) no estado de Alagoas, cidade(s) de Japaratinga, é um Bem Arqueológico, do tipo Sítio.", "dt_cadastr": "2023-10-02", "UF": "AL" }, "geometry": { "type": "Point", "coordinates": [ -35.294309, -9.1533 ] } },
{ "type": "Feature", "properties": { "id_bem": 47514, "identifica": "Djalma 4", "co_iphan": "AL2702306BAST00007", "no_logrado": null, "nu_logrado": null, "id_naturez": 3, "ds_naturez": "Bem Arqueológico", "codigo_iph": "BA", "id_classif": 286, "ds_classif": "Sem classificação", "id_tipo_be": 4, "ds_tipo_be": "Sítio", "sg_tipo_be": "ST", "sintese_be": "Djalma 4, localizado(a) no estado de Alagoas, cidade(s) de Coruripe, é um Bem Arqueológico, do tipo Sítio.", "dt_cadastr": "2023-10-02", "UF": "AL" }, "geometry": { "type": "Point", "coordinates": [ -36.205873, -10.106912 ] } },
{ "type": "Feature", "properties": { "id_bem": 47589, "identifica": "Delmiro Gouveia 6", "co_iphan": "AL2702405BAST00037", "no_logrado": null, "nu_logrado": null, "id_naturez": 3, "ds_naturez": "Bem Arqueológico", "codigo_iph": "BA", "id_classif": 286, "ds_classif": "Sem classificação", "id_tipo_be": 4, "ds_tipo_be": "Sítio", "sg_tipo_be": "ST", "sintese_be": "Delmiro Gouveia 6, localizado(a) no estado de Alagoas, cidade(s) de Delmiro Gouveia, é um Bem Arqueológico, do tipo Sítio.", "dt_cadastr": "2023-10-04", "UF": "AL" }, "geometry": { "type": "Point", "coordinates": [ -37.92416, -9.48912 ] } },
{ "type": "Feature", "properties": { "id_bem": 47515, "identifica": "Djalma 3", "co_iphan": "AL2702306BAST00008", "no_logrado": null, "nu_logrado": null, "id_naturez": 3, "ds_naturez": "Bem Arqueológico", "codigo_iph": "BA", "id_classif": 286, "ds_classif": "Sem classificação", "id_tipo_be": 4, "ds_tipo_be": "Sítio", "sg_tipo_be": "ST", "sintese_be": "Djalma 3, localizado(a) no estado de Alagoas, cidade(s) de Coruripe, é um Bem Arqueológico, do tipo Sítio.", "dt_cadastr": "2023-10-02", "UF": "AL" }, "geometry": { "type": "Point", "coordinates": [ -36.206443, -10.096889 ] } },
{ "type": "Feature", "properties": { "id_bem": 47482, "identifica": "Sítio Acerola", "co_iphan": "AL2702603BAST00001", "no_logrado": null, "nu_logrado": null, "id_naturez": 3, "ds_naturez": "Bem Arqueológico", "codigo_iph": "BA", "id_classif": 286, "ds_classif": "Sem classificação", "id_tipo_be": 4, "ds_tipo_be": "Sítio", "sg_tipo_be": "ST", "sintese_be": "Sítio Acerola, localizado(a) no estado de Alagoas, cidade(s) de Feira Grande, é um Bem Arqueológico, do tipo Sítio.", "dt_cadastr": "2023-10-02", "UF": "AL" }, "geometry": { "type": "Point", "coordinates": [ -36.653951, -9.823768 ] } },
{ "type": "Feature", "properties": { "id_bem": 47483, "identifica": "Sítio Alagado", "co_iphan": "AL2705101BAST00003", "no_logrado": null, "nu_logrado": null, "id_naturez": 3, "ds_naturez": "Bem Arqueológico", "codigo_iph": "BA", "id_classif": 286, "ds_classif": "Sem classificação", "id_tipo_be": 4, "ds_tipo_be": "Sítio", "sg_tipo_be": "ST", "sintese_be": "Sítio Alagado, localizado(a) no estado de Alagoas, cidade(s) de Matriz de Camaragibe, é um Bem Arqueológico, do tipo Sítio.", "dt_cadastr": "2023-10-02", "UF": "AL" }, "geometry": { "type": "Point", "coordinates": [ -35.541321, -9.170745 ] } },
{ "type": "Feature", "properties": { "id_bem": 47592, "identifica": "Delmiro Gouveia 9", "co_iphan": "AL2702405BAST00040", "no_logrado": null, "nu_logrado": null, "id_naturez": 3, "ds_naturez": "Bem Arqueológico", "codigo_iph": "BA", "id_classif": 286, "ds_classif": "Sem classificação", "id_tipo_be": 4, "ds_tipo_be": "Sítio", "sg_tipo_be": "ST", "sintese_be": "Delmiro Gouveia 9, localizado(a) no estado de Alagoas, cidade(s) de Delmiro Gouveia, é um Bem Arqueológico, do tipo Sítio.", "dt_cadastr": "2023-10-04", "UF": "AL" }, "geometry": { "type": "Point", "coordinates": [ -37.92504, -9.48626 ] } },
{ "type": "Feature", "properties": { "id_bem": 47484, "identifica": "Sítio do Meio", "co_iphan": "AL2706505BAST00008", "no_logrado": null, "nu_logrado": null, "id_naturez": 3, "ds_naturez": "Bem Arqueológico", "codigo_iph": "BA", "id_classif": 286, "ds_classif": "Sem classificação", "id_tipo_be": 4, "ds_tipo_be": "Sítio", "sg_tipo_be": "ST", "sintese_be": "Sítio do Meio, localizado(a) no estado de Alagoas, cidade(s) de Passo de Camaragibe, é um Bem Arqueológico, do tipo Sítio.", "dt_cadastr": "2023-10-02", "UF": "AL" }, "geometry": { "type": "Point", "coordinates": [ -35.561224, -9.220865 ] } },
{ "type": "Feature", "properties": { "id_bem": 47485, "identifica": "Sítio Usina", "co_iphan": "AL2704302BAST00003", "no_logrado": null, "nu_logrado": null, "id_naturez": 3, "ds_naturez": "Bem Arqueológico", "codigo_iph": "BA", "id_classif": 286, "ds_classif": "Sem classificação", "id_tipo_be": 4, "ds_tipo_be": "Sítio", "sg_tipo_be": "ST", "sintese_be": "Sítio Usina, localizado(a) no estado de Alagoas, cidade(s) de Maceió, é um Bem Arqueológico, do tipo Sítio.", "dt_cadastr": "2023-10-02", "UF": "AL" }, "geometry": { "type": "Point", "coordinates": [ -35.728257, -9.446157 ] } },
{ "type": "Feature", "properties": { "id_bem": 47486, "identifica": "Sítio Pardal", "co_iphan": "AL2702306BAST00004", "no_logrado": null, "nu_logrado": null, "id_naturez": 3, "ds_naturez": "Bem Arqueológico", "codigo_iph": "BA", "id_classif": 286, "ds_classif": "Sem classificação", "id_tipo_be": 4, "ds_tipo_be": "Sítio", "sg_tipo_be": "ST", "sintese_be": "Sítio Pardal, localizado(a) no estado de Alagoas, cidade(s) de Coruripe, é um Bem Arqueológico, do tipo Sítio.", "dt_cadastr": "2023-10-02", "UF": "AL" }, "geometry": { "type": "Point", "coordinates": [ -36.160055, -9.975705 ] } },
{ "type": "Feature", "properties": { "id_bem": 47487, "identifica": "Sítio Mirante", "co_iphan": "AL2703759BAST00002", "no_logrado": null, "nu_logrado": null, "id_naturez": 3, "ds_naturez": "Bem Arqueológico", "codigo_iph": "BA", "id_classif": 286, "ds_classif": "Sem classificação", "id_tipo_be": 4, "ds_tipo_be": "Sítio", "sg_tipo_be": "ST", "sintese_be": "Sítio Mirante, localizado(a) no estado de Alagoas, cidade(s) de Jequiá da Praia, é um Bem Arqueológico, do tipo Sítio.", "dt_cadastr": "2023-10-02", "UF": "AL" }, "geometry": { "type": "Point", "coordinates": [ -36.101595, -9.953051 ] } },
{ "type": "Feature", "properties": { "id_bem": 47488, "identifica": "Delmiro Gouveia 14", "co_iphan": "AL2702405BAST00019", "no_logrado": null, "nu_logrado": null, "id_naturez": 3, "ds_naturez": "Bem Arqueológico", "codigo_iph": "BA", "id_classif": 286, "ds_classif": "Sem classificação", "id_tipo_be": 4, "ds_tipo_be": "Sítio", "sg_tipo_be": "ST", "sintese_be": "Delmiro Gouveia 14, localizado(a) no estado de Alagoas, cidade(s) de Delmiro Gouveia, é um Bem Arqueológico, do tipo Sítio.", "dt_cadastr": "2023-10-02", "UF": "AL" }, "geometry": { "type": "Point", "coordinates": [ -37.94313, -9.50267 ] } },
{ "type": "Feature", "properties": { "id_bem": 47489, "identifica": "Delmiro Gouveia 15", "co_iphan": "AL2702405BAST00020", "no_logrado": null, "nu_logrado": null, "id_naturez": 3, "ds_naturez": "Bem Arqueológico", "codigo_iph": "BA", "id_classif": 286, "ds_classif": "Sem classificação", "id_tipo_be": 4, "ds_tipo_be": "Sítio", "sg_tipo_be": "ST", "sintese_be": "Delmiro Gouveia 15, localizado(a) no estado de Alagoas, cidade(s) de Delmiro Gouveia, é um Bem Arqueológico, do tipo Sítio.", "dt_cadastr": "2023-10-02", "UF": "AL" }, "geometry": { "type": "Point", "coordinates": [ -37.92955, -9.499821 ] } },
{ "type": "Feature", "properties": { "id_bem": 47516, "identifica": "Djalma 2", "co_iphan": "AL2702306BAST00009", "no_logrado": null, "nu_logrado": null, "id_naturez": 3, "ds_naturez": "Bem Arqueológico", "codigo_iph": "BA", "id_classif": 286, "ds_classif": "Sem classificação", "id_tipo_be": 4, "ds_tipo_be": "Sítio", "sg_tipo_be": "ST", "sintese_be": "Djalma 2, localizado(a) no estado de Alagoas, cidade(s) de Coruripe, é um Bem Arqueológico, do tipo Sítio.", "dt_cadastr": "2023-10-02", "UF": "AL" }, "geometry": { "type": "Point", "coordinates": [ -36.211138, -10.111463 ] } },
{ "type": "Feature", "properties": { "id_bem": 47517, "identifica": "Djalma 1", "co_iphan": "AL2702306BAST00010", "no_logrado": null, "nu_logrado": null, "id_naturez": 3, "ds_naturez": "Bem Arqueológico", "codigo_iph": "BA", "id_classif": 286, "ds_classif": "Sem classificação", "id_tipo_be": 4, "ds_tipo_be": "Sítio", "sg_tipo_be": "ST", "sintese_be": "Djalma 1, localizado(a) no estado de Alagoas, cidade(s) de Coruripe, é um Bem Arqueológico, do tipo Sítio.", "dt_cadastr": "2023-10-02", "UF": "AL" }, "geometry": { "type": "Point", "coordinates": [ -36.211645, -10.101366 ] } },
{ "type": "Feature", "properties": { "id_bem": 47490, "identifica": "Delmiro Gouveia 16", "co_iphan": "AL2702405BAST00021", "no_logrado": null, "nu_logrado": null, "id_naturez": 3, "ds_naturez": "Bem Arqueológico", "codigo_iph": "BA", "id_classif": 286, "ds_classif": "Sem classificação", "id_tipo_be": 4, "ds_tipo_be": "Sítio", "sg_tipo_be": "ST", "sintese_be": "Delmiro Gouveia 16, localizado(a) no estado de Alagoas, cidade(s) de Delmiro Gouveia, é um Bem Arqueológico, do tipo Sítio.", "dt_cadastr": "2023-10-02", "UF": "AL" }, "geometry": { "type": "Point", "coordinates": [ -37.95173, -9.50462 ] } },
{ "type": "Feature", "properties": { "id_bem": 47491, "identifica": "Delmiro Gouveia 17", "co_iphan": "AL2702405BAST00022", "no_logrado": null, "nu_logrado": null, "id_naturez": 3, "ds_naturez": "Bem Arqueológico", "codigo_iph": "BA", "id_classif": 286, "ds_classif": "Sem classificação", "id_tipo_be": 4, "ds_tipo_be": "Sítio", "sg_tipo_be": "ST", "sintese_be": "Delmiro Gouveia 17, localizado(a) no estado de Alagoas, cidade(s) de Delmiro Gouveia, é um Bem Arqueológico, do tipo Sítio.", "dt_cadastr": "2023-10-02", "UF": "AL" }, "geometry": { "type": "Point", "coordinates": [ -37.94648, -9.50976 ] } },
{ "type": "Feature", "properties": { "id_bem": 47492, "identifica": "Delmiro Gouveia 12", "co_iphan": "AL2705804BAST00025", "no_logrado": null, "nu_logrado": null, "id_naturez": 3, "ds_naturez": "Bem Arqueológico", "codigo_iph": "BA", "id_classif": 286, "ds_classif": "Sem classificação", "id_tipo_be": 4, "ds_tipo_be": "Sítio", "sg_tipo_be": "ST", "sintese_be": "Delmiro Gouveia 12, localizado(a) no estado de Alagoas, cidade(s) de Olho D'água do Casado, é um Bem Arqueológico, do tipo Sítio.", "dt_cadastr": "2023-10-02", "UF": "AL" }, "geometry": { "type": "Point", "coordinates": [ -37.892413956685992, -9.467402695968406 ] } },
{ "type": "Feature", "properties": { "id_bem": 47493, "identifica": "Delmiro Gouveia 13", "co_iphan": "AL2702405BAST00023", "no_logrado": null, "nu_logrado": null, "id_naturez": 3, "ds_naturez": "Bem Arqueológico", "codigo_iph": "BA", "id_classif": 286, "ds_classif": "Sem classificação", "id_tipo_be": 4, "ds_tipo_be": "Sítio", "sg_tipo_be": "ST", "sintese_be": "Delmiro Gouveia 13, localizado(a) no estado de Alagoas, cidade(s) de Delmiro Gouveia, é um Bem Arqueológico, do tipo Sítio.", "dt_cadastr": "2023-10-02", "UF": "AL" }, "geometry": { "type": "Point", "coordinates": [ -37.944152573007003, -9.499413158466087 ] } },
{ "type": "Feature", "properties": { "id_bem": 47494, "identifica": "Sítio do Teto", "co_iphan": "AL2709301BAST00001", "no_logrado": null, "nu_logrado": null, "id_naturez": 3, "ds_naturez": "Bem Arqueológico", "codigo_iph": "BA", "id_classif": 286, "ds_classif": "Sem classificação", "id_tipo_be": 4, "ds_tipo_be": "Sítio", "sg_tipo_be": "ST", "sintese_be": "Sítio do Teto, localizado(a) no estado de Alagoas, cidade(s) de União dos Palmares, é um Bem Arqueológico, do tipo Sítio.", "dt_cadastr": "2023-10-02", "UF": "AL" }, "geometry": { "type": "Point", "coordinates": [ -36.068157615988, -9.159061230494395 ] } },
{ "type": "Feature", "properties": { "id_bem": 47495, "identifica": "Sítio Rosa", "co_iphan": "AL2709301BAST00002", "no_logrado": null, "nu_logrado": null, "id_naturez": 3, "ds_naturez": "Bem Arqueológico", "codigo_iph": "BA", "id_classif": 286, "ds_classif": "Sem classificação", "id_tipo_be": 4, "ds_tipo_be": "Sítio", "sg_tipo_be": "ST", "sintese_be": "Sítio Rosa, localizado(a) no estado de Alagoas, cidade(s) de União dos Palmares, é um Bem Arqueológico, do tipo Sítio.", "dt_cadastr": "2023-10-02", "UF": "AL" }, "geometry": { "type": "Point", "coordinates": [ -36.073005874099003, -9.1609253 ] } },
{ "type": "Feature", "properties": { "id_bem": 47496, "identifica": "Sítio Riachão", "co_iphan": "AL2706505BAST00009", "no_logrado": null, "nu_logrado": null, "id_naturez": 3, "ds_naturez": "Bem Arqueológico", "codigo_iph": "BA", "id_classif": 286, "ds_classif": "Sem classificação", "id_tipo_be": 4, "ds_tipo_be": "Sítio", "sg_tipo_be": "ST", "sintese_be": "Sítio Riachão, localizado(a) no estado de Alagoas, cidade(s) de Passo de Camaragibe, é um Bem Arqueológico, do tipo Sítio.", "dt_cadastr": "2023-10-02", "UF": "AL" }, "geometry": { "type": "Point", "coordinates": [ -35.515963241971001, -9.2924337363782 ] } },
{ "type": "Feature", "properties": { "id_bem": 47518, "identifica": "AL 0068 LA/UFPE", "co_iphan": "AL2707701BAST00018", "no_logrado": null, "nu_logrado": null, "id_naturez": 3, "ds_naturez": "Bem Arqueológico", "codigo_iph": "BA", "id_classif": 286, "ds_classif": "Sem classificação", "id_tipo_be": 4, "ds_tipo_be": "Sítio", "sg_tipo_be": "ST", "sintese_be": "AL 0068 LA/UFPE, localizado(a) no estado de Alagoas, cidade(s) de Rio Largo, é um Bem Arqueológico, do tipo Sítio.", "dt_cadastr": "2023-10-02", "UF": "AL" }, "geometry": { "type": "Point", "coordinates": [ -35.876877, -9.456784 ] } },
{ "type": "Feature", "properties": { "id_bem": 47532, "identifica": "Sítio Bicas I", "co_iphan": "AL2709152BAST00010", "no_logrado": null, "nu_logrado": null, "id_naturez": 3, "ds_naturez": "Bem Arqueológico", "codigo_iph": "BA", "id_classif": 286, "ds_classif": "Sem classificação", "id_tipo_be": 4, "ds_tipo_be": "Sítio", "sg_tipo_be": "ST", "sintese_be": "Sítio Bicas I, localizado(a) no estado de Alagoas, cidade(s) de Teotônio Vilela, é um Bem Arqueológico, do tipo Sítio.", "dt_cadastr": "2023-10-02", "UF": "AL" }, "geometry": { "type": "Point", "coordinates": [ -36.33107, -9.985 ] } },
{ "type": "Feature", "properties": { "id_bem": 47497, "identifica": "Sítio Engenho Castanha Grande", "co_iphan": "AL2708501BAST00001", "no_logrado": null, "nu_logrado": null, "id_naturez": 3, "ds_naturez": "Bem Arqueológico", "codigo_iph": "BA", "id_classif": 286, "ds_classif": "Sem classificação", "id_tipo_be": 4, "ds_tipo_be": "Sítio", "sg_tipo_be": "ST", "sintese_be": "Sítio Engenho Castanha Grande, localizado(a) no estado de Alagoas, cidade(s) de São Luís do Quitunde, é um Bem Arqueológico, do tipo Sítio.", "dt_cadastr": "2023-10-02", "UF": "AL" }, "geometry": { "type": "Point", "coordinates": [ -35.575292295423999, -9.313418 ] } },
{ "type": "Feature", "properties": { "id_bem": 47519, "identifica": "AL 0072 LA/UFPE", "co_iphan": "AL2703809BAST00004", "no_logrado": null, "nu_logrado": null, "id_naturez": 3, "ds_naturez": "Bem Arqueológico", "codigo_iph": "BA", "id_classif": 286, "ds_classif": "Sem classificação", "id_tipo_be": 4, "ds_tipo_be": "Sítio", "sg_tipo_be": "ST", "sintese_be": "AL 0072 LA/UFPE, localizado(a) no estado de Alagoas, cidade(s) de Joaquim Gomes, é um Bem Arqueológico, do tipo Sítio.", "dt_cadastr": "2023-10-02", "UF": "AL" }, "geometry": { "type": "Point", "coordinates": [ -35.763102, -9.1184 ] } },
{ "type": "Feature", "properties": { "id_bem": 47498, "identifica": "Engenho do Brejo", "co_iphan": "AL2709152BAST00002", "no_logrado": null, "nu_logrado": null, "id_naturez": 3, "ds_naturez": "Bem Arqueológico", "codigo_iph": "BA", "id_classif": 286, "ds_classif": "Sem classificação", "id_tipo_be": 4, "ds_tipo_be": "Sítio", "sg_tipo_be": "ST", "sintese_be": "Engenho do Brejo, localizado(a) no estado de Alagoas, cidade(s) de Teotônio Vilela, é um Bem Arqueológico, do tipo Sítio.", "dt_cadastr": "2023-10-02", "UF": "AL" }, "geometry": { "type": "Point", "coordinates": [ -36.320754828211001, -9.915985170144099 ] } },
{ "type": "Feature", "properties": { "id_bem": 47499, "identifica": "Sítio da Abelha", "co_iphan": "AL2707909BAST00009", "no_logrado": null, "nu_logrado": null, "id_naturez": 3, "ds_naturez": "Bem Arqueológico", "codigo_iph": "BA", "id_classif": 286, "ds_classif": "Sem classificação", "id_tipo_be": 4, "ds_tipo_be": "Sítio", "sg_tipo_be": "ST", "sintese_be": "Sítio da Abelha, localizado(a) no estado de Alagoas, cidade(s) de Santa Luzia do Norte, é um Bem Arqueológico, do tipo Sítio.", "dt_cadastr": "2023-10-02", "UF": "AL" }, "geometry": { "type": "Point", "coordinates": [ -35.831789426038, -9.613111 ] } },
{ "type": "Feature", "properties": { "id_bem": 47500, "identifica": "Sítio da Jurubeba", "co_iphan": "AL2707909BAST00010", "no_logrado": null, "nu_logrado": null, "id_naturez": 3, "ds_naturez": "Bem Arqueológico", "codigo_iph": "BA", "id_classif": 286, "ds_classif": "Sem classificação", "id_tipo_be": 4, "ds_tipo_be": "Sítio", "sg_tipo_be": "ST", "sintese_be": "Sítio da Jurubeba, localizado(a) no estado de Alagoas, cidade(s) de Santa Luzia do Norte, é um Bem Arqueológico, do tipo Sítio.", "dt_cadastr": "2023-10-02", "UF": "AL" }, "geometry": { "type": "Point", "coordinates": [ -35.82627, -9.6143575 ] } },
{ "type": "Feature", "properties": { "id_bem": 47520, "identifica": "Sítio São Pedro", "co_iphan": "AL2700201BAST00002", "no_logrado": null, "nu_logrado": null, "id_naturez": 3, "ds_naturez": "Bem Arqueológico", "codigo_iph": "BA", "id_classif": 286, "ds_classif": "Sem classificação", "id_tipo_be": 4, "ds_tipo_be": "Sítio", "sg_tipo_be": "ST", "sintese_be": "Sítio São Pedro, localizado(a) no estado de Alagoas, cidade(s) de Anadia, é um Bem Arqueológico, do tipo Sítio.", "dt_cadastr": "2023-10-02", "UF": "AL" }, "geometry": { "type": "Point", "coordinates": [ -36.28407, -9.68647 ] } },
{ "type": "Feature", "properties": { "id_bem": 47501, "identifica": "Sítio da Mandioca", "co_iphan": "AL2707909BAST00011", "no_logrado": null, "nu_logrado": null, "id_naturez": 3, "ds_naturez": "Bem Arqueológico", "codigo_iph": "BA", "id_classif": 286, "ds_classif": "Sem classificação", "id_tipo_be": 4, "ds_tipo_be": "Sítio", "sg_tipo_be": "ST", "sintese_be": "Sítio da Mandioca, localizado(a) no estado de Alagoas, cidade(s) de Santa Luzia do Norte, é um Bem Arqueológico, do tipo Sítio.", "dt_cadastr": "2023-10-02", "UF": "AL" }, "geometry": { "type": "Point", "coordinates": [ -35.83559, -9.6206683 ] } },
{ "type": "Feature", "properties": { "id_bem": 47521, "identifica": "Sítio Alazão", "co_iphan": "AL2700300BAST00002", "no_logrado": null, "nu_logrado": null, "id_naturez": 3, "ds_naturez": "Bem Arqueológico", "codigo_iph": "BA", "id_classif": 286, "ds_classif": "Sem classificação", "id_tipo_be": 4, "ds_tipo_be": "Sítio", "sg_tipo_be": "ST", "sintese_be": "Sítio Alazão, localizado(a) no estado de Alagoas, cidade(s) de Arapiraca, é um Bem Arqueológico, do tipo Sítio.", "dt_cadastr": "2023-10-02", "UF": "AL" }, "geometry": { "type": "Point", "coordinates": [ -36.6252, -9.80424 ] } },
{ "type": "Feature", "properties": { "id_bem": 47574, "identifica": "Palma", "co_iphan": "AL2706703BAST00008", "no_logrado": null, "nu_logrado": null, "id_naturez": 3, "ds_naturez": "Bem Arqueológico", "codigo_iph": "BA", "id_classif": 286, "ds_classif": "Sem classificação", "id_tipo_be": 4, "ds_tipo_be": "Sítio", "sg_tipo_be": "ST", "sintese_be": "Palma, localizado(a) no estado de Alagoas, cidade(s) de Penedo, é um Bem Arqueológico, do tipo Sítio.", "dt_cadastr": "2023-10-04", "UF": "AL" }, "geometry": { "type": "Point", "coordinates": [ -36.609826355164003, -10.262409881750003 ] } },
{ "type": "Feature", "properties": { "id_bem": 47502, "identifica": "Sítio da Mata", "co_iphan": "AL2707701BAST00016", "no_logrado": null, "nu_logrado": null, "id_naturez": 3, "ds_naturez": "Bem Arqueológico", "codigo_iph": "BA", "id_classif": 286, "ds_classif": "Sem classificação", "id_tipo_be": 4, "ds_tipo_be": "Sítio", "sg_tipo_be": "ST", "sintese_be": "Sítio da Mata, localizado(a) no estado de Alagoas, cidade(s) de Rio Largo, é um Bem Arqueológico, do tipo Sítio.", "dt_cadastr": "2023-10-02", "UF": "AL" }, "geometry": { "type": "Point", "coordinates": [ -35.896385673940003, -9.578906056946485 ] } },
{ "type": "Feature", "properties": { "id_bem": 47503, "identifica": "Sítio da Mula", "co_iphan": "AL2706901BAST00008", "no_logrado": null, "nu_logrado": null, "id_naturez": 3, "ds_naturez": "Bem Arqueológico", "codigo_iph": "BA", "id_classif": 286, "ds_classif": "Sem classificação", "id_tipo_be": 4, "ds_tipo_be": "Sítio", "sg_tipo_be": "ST", "sintese_be": "Sítio da Mula, localizado(a) no estado de Alagoas, cidade(s) de Pilar, é um Bem Arqueológico, do tipo Sítio.", "dt_cadastr": "2023-10-02", "UF": "AL" }, "geometry": { "type": "Point", "coordinates": [ -35.931536173444997, -9.560787292144493 ] } },
{ "type": "Feature", "properties": { "id_bem": 47524, "identifica": "Sítio Cachoeira II", "co_iphan": "AL2709152BAST00004", "no_logrado": null, "nu_logrado": null, "id_naturez": 3, "ds_naturez": "Bem Arqueológico", "codigo_iph": "BA", "id_classif": 286, "ds_classif": "Sem classificação", "id_tipo_be": 4, "ds_tipo_be": "Sítio", "sg_tipo_be": "ST", "sintese_be": "Sítio Cachoeira II, localizado(a) no estado de Alagoas, cidade(s) de Teotônio Vilela, é um Bem Arqueológico, do tipo Sítio.", "dt_cadastr": "2023-10-02", "UF": "AL" }, "geometry": { "type": "Point", "coordinates": [ -36.3248, -10.01921 ] } },
{ "type": "Feature", "properties": { "id_bem": 47533, "identifica": "Sítio Bicas II", "co_iphan": "AL2709152BAST00011", "no_logrado": null, "nu_logrado": null, "id_naturez": 3, "ds_naturez": "Bem Arqueológico", "codigo_iph": "BA", "id_classif": 286, "ds_classif": "Sem classificação", "id_tipo_be": 4, "ds_tipo_be": "Sítio", "sg_tipo_be": "ST", "sintese_be": "Sítio Bicas II, localizado(a) no estado de Alagoas, cidade(s) de Teotônio Vilela, é um Bem Arqueológico, do tipo Sítio.", "dt_cadastr": "2023-10-02", "UF": "AL" }, "geometry": { "type": "Point", "coordinates": [ -36.33217, -9.99264 ] } },
{ "type": "Feature", "properties": { "id_bem": 47522, "identifica": "Sítio Barracão II", "co_iphan": "AL2707107BAST00018", "no_logrado": null, "nu_logrado": null, "id_naturez": 3, "ds_naturez": "Bem Arqueológico", "codigo_iph": "BA", "id_classif": 286, "ds_classif": "Sem classificação", "id_tipo_be": 4, "ds_tipo_be": "Sítio", "sg_tipo_be": "ST", "sintese_be": "Sítio Barracão II, localizado(a) no estado de Alagoas, cidade(s) de Piranhas, é um Bem Arqueológico, do tipo Sítio.", "dt_cadastr": "2023-10-02", "UF": "AL" }, "geometry": { "type": "Point", "coordinates": [ -37.78312, -9.63449 ] } },
{ "type": "Feature", "properties": { "id_bem": 47525, "identifica": "Enaura I", "co_iphan": "AL2709152BAST00005", "no_logrado": null, "nu_logrado": null, "id_naturez": 3, "ds_naturez": "Bem Arqueológico", "codigo_iph": "BA", "id_classif": 286, "ds_classif": "Sem classificação", "id_tipo_be": 4, "ds_tipo_be": "Sítio", "sg_tipo_be": "ST", "sintese_be": "Enaura I, localizado(a) no estado de Alagoas, cidade(s) de Teotônio Vilela, é um Bem Arqueológico, do tipo Sítio.", "dt_cadastr": "2023-10-02", "UF": "AL" }, "geometry": { "type": "Point", "coordinates": [ -36.32119, -10.00805 ] } },
{ "type": "Feature", "properties": { "id_bem": 47538, "identifica": "Sítio AL 0069/LA/UFPE", "co_iphan": "AL2705606BAST00001", "no_logrado": null, "nu_logrado": null, "id_naturez": 3, "ds_naturez": "Bem Arqueológico", "codigo_iph": "BA", "id_classif": 286, "ds_classif": "Sem classificação", "id_tipo_be": 4, "ds_tipo_be": "Sítio", "sg_tipo_be": "ST", "sintese_be": "Sítio AL 0069/LA/UFPE, localizado(a) no estado de Alagoas, cidade(s) de Novo Lino, é um Bem Arqueológico, do tipo Sítio.", "dt_cadastr": "2023-10-02", "UF": "AL" }, "geometry": { "type": "Point", "coordinates": [ -35.63233, -8.88605 ] } },
{ "type": "Feature", "properties": { "id_bem": 47527, "identifica": "Enaura II", "co_iphan": "AL2709152BAST00006", "no_logrado": null, "nu_logrado": null, "id_naturez": 3, "ds_naturez": "Bem Arqueológico", "codigo_iph": "BA", "id_classif": 286, "ds_classif": "Sem classificação", "id_tipo_be": 4, "ds_tipo_be": "Sítio", "sg_tipo_be": "ST", "sintese_be": "Enaura II, localizado(a) no estado de Alagoas, cidade(s) de Teotônio Vilela, é um Bem Arqueológico, do tipo Sítio.", "dt_cadastr": "2023-10-02", "UF": "AL" }, "geometry": { "type": "Point", "coordinates": [ -36.32119, -10.00805 ] } },
{ "type": "Feature", "properties": { "id_bem": 47540, "identifica": " Sítio 0071/LA/UFPE", "co_iphan": "AL2705606BAST00003", "no_logrado": null, "nu_logrado": null, "id_naturez": 3, "ds_naturez": "Bem Arqueológico", "codigo_iph": "BA", "id_classif": 286, "ds_classif": "Sem classificação", "id_tipo_be": 4, "ds_tipo_be": "Sítio", "sg_tipo_be": "ST", "sintese_be": " Sítio 0071/LA/UFPE, localizado(a) no estado de Alagoas, cidade(s) de Novo Lino, é um Bem Arqueológico, do tipo Sítio.", "dt_cadastr": "2023-10-02", "UF": "AL" }, "geometry": { "type": "Point", "coordinates": [ -35.66923, -8.95428 ] } },
{ "type": "Feature", "properties": { "id_bem": 47507, "identifica": "Sítio da Tensão", "co_iphan": "AL2707909BAST00012", "no_logrado": null, "nu_logrado": null, "id_naturez": 3, "ds_naturez": "Bem Arqueológico", "codigo_iph": "BA", "id_classif": 286, "ds_classif": "Sem classificação", "id_tipo_be": 4, "ds_tipo_be": "Sítio", "sg_tipo_be": "ST", "sintese_be": "Sítio da Tensão, localizado(a) no estado de Alagoas, cidade(s) de Santa Luzia do Norte, é um Bem Arqueológico, do tipo Sítio.", "dt_cadastr": "2023-10-02", "UF": "AL" }, "geometry": { "type": "Point", "coordinates": [ -35.83001, -9.61623 ] } },
{ "type": "Feature", "properties": { "id_bem": 47528, "identifica": "Sítio Gravatá III", "co_iphan": "AL2709152BAST00007", "no_logrado": null, "nu_logrado": null, "id_naturez": 3, "ds_naturez": "Bem Arqueológico", "codigo_iph": "BA", "id_classif": 286, "ds_classif": "Sem classificação", "id_tipo_be": 4, "ds_tipo_be": "Sítio", "sg_tipo_be": "ST", "sintese_be": "Sítio Gravatá III, localizado(a) no estado de Alagoas, cidade(s) de Teotônio Vilela, é um Bem Arqueológico, do tipo Sítio.", "dt_cadastr": "2023-10-02", "UF": "AL" }, "geometry": { "type": "Point", "coordinates": [ -36.32382, -10.00579 ] } },
{ "type": "Feature", "properties": { "id_bem": 47508, "identifica": "Sítio da Uva", "co_iphan": "AL2706901BAST00009", "no_logrado": null, "nu_logrado": null, "id_naturez": 3, "ds_naturez": "Bem Arqueológico", "codigo_iph": "BA", "id_classif": 286, "ds_classif": "Sem classificação", "id_tipo_be": 4, "ds_tipo_be": "Sítio", "sg_tipo_be": "ST", "sintese_be": "Sítio da Uva, localizado(a) no estado de Alagoas, cidade(s) de Pilar, é um Bem Arqueológico, do tipo Sítio.", "dt_cadastr": "2023-10-02", "UF": "AL" }, "geometry": { "type": "Point", "coordinates": [ -35.928207, -9.602361 ] } },
{ "type": "Feature", "properties": { "id_bem": 47534, "identifica": "Sítio Angiquinhos  - Sítio 1", "co_iphan": "AL2702405BAST00024", "no_logrado": null, "nu_logrado": null, "id_naturez": 3, "ds_naturez": "Bem Arqueológico", "codigo_iph": "BA", "id_classif": 286, "ds_classif": "Sem classificação", "id_tipo_be": 4, "ds_tipo_be": "Sítio", "sg_tipo_be": "ST", "sintese_be": "Sítio Angiquinhos  - Sítio 1, localizado(a) no estado de Alagoas, cidade(s) de Delmiro Gouveia, é um Bem Arqueológico, do tipo Sítio.", "dt_cadastr": "2023-10-02", "UF": "AL" }, "geometry": { "type": "Point", "coordinates": [ -38.18527, -9.40368 ] } },
{ "type": "Feature", "properties": { "id_bem": 47509, "identifica": "Sítio do Bambu", "co_iphan": "AL2707701BAST00017", "no_logrado": null, "nu_logrado": null, "id_naturez": 3, "ds_naturez": "Bem Arqueológico", "codigo_iph": "BA", "id_classif": 286, "ds_classif": "Sem classificação", "id_tipo_be": 4, "ds_tipo_be": "Sítio", "sg_tipo_be": "ST", "sintese_be": "Sítio do Bambu, localizado(a) no estado de Alagoas, cidade(s) de Rio Largo, é um Bem Arqueológico, do tipo Sítio.", "dt_cadastr": "2023-10-02", "UF": "AL" }, "geometry": { "type": "Point", "coordinates": [ -35.884251703808999, -9.580940499970593 ] } },
{ "type": "Feature", "properties": { "id_bem": 47510, "identifica": "Engenho das Bicas", "co_iphan": "AL2709152BAST00003", "no_logrado": null, "nu_logrado": null, "id_naturez": 3, "ds_naturez": "Bem Arqueológico", "codigo_iph": "BA", "id_classif": 286, "ds_classif": "Sem classificação", "id_tipo_be": 4, "ds_tipo_be": "Sítio", "sg_tipo_be": "ST", "sintese_be": "Engenho das Bicas, localizado(a) no estado de Alagoas, cidade(s) de Teotônio Vilela, é um Bem Arqueológico, do tipo Sítio.", "dt_cadastr": "2023-10-02", "UF": "AL" }, "geometry": { "type": "Point", "coordinates": [ -36.331073, -9.984997 ] } },
{ "type": "Feature", "properties": { "id_bem": 47530, "identifica": "Sítio Gravatá IV", "co_iphan": "AL2709152BAST00008", "no_logrado": null, "nu_logrado": null, "id_naturez": 3, "ds_naturez": "Bem Arqueológico", "codigo_iph": "BA", "id_classif": 286, "ds_classif": "Sem classificação", "id_tipo_be": 4, "ds_tipo_be": "Sítio", "sg_tipo_be": "ST", "sintese_be": "Sítio Gravatá IV, localizado(a) no estado de Alagoas, cidade(s) de Teotônio Vilela, é um Bem Arqueológico, do tipo Sítio.", "dt_cadastr": "2023-10-02", "UF": "AL" }, "geometry": { "type": "Point", "coordinates": [ -36.32798, -10.00614 ] } },
{ "type": "Feature", "properties": { "id_bem": 47535, "identifica": "Sítio Angiquinhos - Sítio 4", "co_iphan": "AL2702405BAST00025", "no_logrado": null, "nu_logrado": null, "id_naturez": 3, "ds_naturez": "Bem Arqueológico", "codigo_iph": "BA", "id_classif": 286, "ds_classif": "Sem classificação", "id_tipo_be": 4, "ds_tipo_be": "Sítio", "sg_tipo_be": "ST", "sintese_be": "Sítio Angiquinhos - Sítio 4, localizado(a) no estado de Alagoas, cidade(s) de Delmiro Gouveia, é um Bem Arqueológico, do tipo Sítio.", "dt_cadastr": "2023-10-02", "UF": "AL" }, "geometry": { "type": "Point", "coordinates": [ -38.19361, -9.39083 ] } },
{ "type": "Feature", "properties": { "id_bem": 47536, "identifica": "Sítio Angiquinhos  - Sítio 5", "co_iphan": "AL2702405BAST00026", "no_logrado": null, "nu_logrado": null, "id_naturez": 3, "ds_naturez": "Bem Arqueológico", "codigo_iph": "BA", "id_classif": 286, "ds_classif": "Sem classificação", "id_tipo_be": 4, "ds_tipo_be": "Sítio", "sg_tipo_be": "ST", "sintese_be": "Sítio Angiquinhos  - Sítio 5, localizado(a) no estado de Alagoas, cidade(s) de Delmiro Gouveia, é um Bem Arqueológico, do tipo Sítio.", "dt_cadastr": "2023-10-02", "UF": "AL" }, "geometry": { "type": "Point", "coordinates": [ -38.19472, -9.38917 ] } },
{ "type": "Feature", "properties": { "id_bem": 47537, "identifica": "Sítio Perucaba", "co_iphan": "AL2706703BAST00005", "no_logrado": null, "nu_logrado": null, "id_naturez": 3, "ds_naturez": "Bem Arqueológico", "codigo_iph": "BA", "id_classif": 286, "ds_classif": "Sem classificação", "id_tipo_be": 4, "ds_tipo_be": "Sítio", "sg_tipo_be": "ST", "sintese_be": "Sítio Perucaba, localizado(a) no estado de Alagoas, cidade(s) de Penedo, é um Bem Arqueológico, do tipo Sítio.", "dt_cadastr": "2023-10-02", "UF": "AL" }, "geometry": { "type": "Point", "coordinates": [ -36.48203, -10.26674 ] } },
{ "type": "Feature", "properties": { "id_bem": 47565, "identifica": "Afluente do Talhado X", "co_iphan": "AL2705804BAST00035", "no_logrado": null, "nu_logrado": null, "id_naturez": 3, "ds_naturez": "Bem Arqueológico", "codigo_iph": "BA", "id_classif": 286, "ds_classif": "Sem classificação", "id_tipo_be": 4, "ds_tipo_be": "Sítio", "sg_tipo_be": "ST", "sintese_be": "Afluente do Talhado VIIII, localizado(a) no estado de Alagoas, cidade(s) de Olho D'água do Casado, é um Bem Arqueológico, do tipo Sítio.", "dt_cadastr": "2023-10-04", "UF": "AL" }, "geometry": { "type": "Point", "coordinates": [ -37.896660061553, -9.450099105571395 ] } },
{ "type": "Feature", "properties": { "id_bem": 47567, "identifica": "Afluente do Talhado XI", "co_iphan": "AL2705804BAST00036", "no_logrado": null, "nu_logrado": null, "id_naturez": 3, "ds_naturez": "Bem Arqueológico", "codigo_iph": "BA", "id_classif": 286, "ds_classif": "Sem classificação", "id_tipo_be": 4, "ds_tipo_be": "Sítio", "sg_tipo_be": "ST", "sintese_be": "Afluente do Talhado IX, localizado(a) no estado de Alagoas, cidade(s) de Olho D'água do Casado, é um Bem Arqueológico, do tipo Sítio.", "dt_cadastr": "2023-10-04", "UF": "AL" }, "geometry": { "type": "Point", "coordinates": [ -37.896642018633003, -9.450044789317104 ] } },
{ "type": "Feature", "properties": { "id_bem": 47539, "identifica": "Sítio AL 0070/LA/UFPE", "co_iphan": "AL2705606BAST00002", "no_logrado": null, "nu_logrado": null, "id_naturez": 3, "ds_naturez": "Bem Arqueológico", "codigo_iph": "BA", "id_classif": 286, "ds_classif": "Sem classificação", "id_tipo_be": 4, "ds_tipo_be": "Sítio", "sg_tipo_be": "ST", "sintese_be": "Sítio AL 0070/LA/UFPE, localizado(a) no estado de Alagoas, cidade(s) de Novo Lino, é um Bem Arqueológico, do tipo Sítio.", "dt_cadastr": "2023-10-02", "UF": "AL" }, "geometry": { "type": "Point", "coordinates": [ -35.63375, -8.91203 ] } },
{ "type": "Feature", "properties": { "id_bem": 47566, "identifica": "Afluente do Talhado IX", "co_iphan": "AL2702405BAST00028", "no_logrado": null, "nu_logrado": null, "id_naturez": 3, "ds_naturez": "Bem Arqueológico", "codigo_iph": "BA", "id_classif": 286, "ds_classif": "Sem classificação", "id_tipo_be": 4, "ds_tipo_be": "Sítio", "sg_tipo_be": "ST", "sintese_be": "Afluente do Talhado IX, localizado(a) no estado de Alagoas, cidade(s) de Delmiro Gouveia, é um Bem Arqueológico, do tipo Sítio.", "dt_cadastr": "2023-10-04", "UF": "AL" }, "geometry": { "type": "Point", "coordinates": [ -37.896714708730997, -9.450099277143199 ] } },
{ "type": "Feature", "properties": { "id_bem": 47575, "identifica": "Imbi", "co_iphan": "AL2706703BAST00009", "no_logrado": null, "nu_logrado": null, "id_naturez": 3, "ds_naturez": "Bem Arqueológico", "codigo_iph": "BA", "id_classif": 286, "ds_classif": "Sem classificação", "id_tipo_be": 4, "ds_tipo_be": "Sítio", "sg_tipo_be": "ST", "sintese_be": "Imbi, localizado(a) no estado de Alagoas, cidade(s) de Penedo, é um Bem Arqueológico, do tipo Sítio.", "dt_cadastr": "2023-10-04", "UF": "AL" }, "geometry": { "type": "Point", "coordinates": [ -36.553111273524003, -10.353275293627997 ] } },
{ "type": "Feature", "properties": { "id_bem": 47541, "identifica": "AL 0054 LA/UFPE", "co_iphan": "AL2701407BAST00006", "no_logrado": null, "nu_logrado": null, "id_naturez": 3, "ds_naturez": "Bem Arqueológico", "codigo_iph": "BA", "id_classif": 286, "ds_classif": "Sem classificação", "id_tipo_be": 4, "ds_tipo_be": "Sítio", "sg_tipo_be": "ST", "sintese_be": "AL 0054 LA/UFPE, localizado(a) no estado de Alagoas, cidade(s) de Campo Alegre, é um Bem Arqueológico, do tipo Sítio.", "dt_cadastr": "2023-10-02", "UF": "AL" }, "geometry": { "type": "Point", "coordinates": [ -36.256246, -9.900346 ] } },
{ "type": "Feature", "properties": { "id_bem": 47576, "identifica": "Aratu", "co_iphan": "AL2706802BAST00002", "no_logrado": null, "nu_logrado": null, "id_naturez": 3, "ds_naturez": "Bem Arqueológico", "codigo_iph": "BA", "id_classif": 286, "ds_classif": "Sem classificação", "id_tipo_be": 4, "ds_tipo_be": "Sítio", "sg_tipo_be": "ST", "sintese_be": "Aratu, localizado(a) no estado de Alagoas, cidade(s) de Piaçabuçu, é um Bem Arqueológico, do tipo Sítio.", "dt_cadastr": "2023-10-04", "UF": "AL" }, "geometry": { "type": "Point", "coordinates": [ -36.468494765077999, -10.391457730281996 ] } },
{ "type": "Feature", "properties": { "id_bem": 47542, "identifica": "Al 0053 LA/UFPE", "co_iphan": "AL2708600BAST00002", "no_logrado": null, "nu_logrado": null, "id_naturez": 3, "ds_naturez": "Bem Arqueológico", "codigo_iph": "BA", "id_classif": 286, "ds_classif": "Sem classificação", "id_tipo_be": 4, "ds_tipo_be": "Sítio", "sg_tipo_be": "ST", "sintese_be": "Al 0053 LA/UFPE, localizado(a) no estado de Alagoas, cidade(s) de São Miguel dos Campos, é um Bem Arqueológico, do tipo Sítio.", "dt_cadastr": "2023-10-02", "UF": "AL" }, "geometry": { "type": "Point", "coordinates": [ -36.245158, -9.900437 ] } },
{ "type": "Feature", "properties": { "id_bem": 47543, "identifica": "Restinga", "co_iphan": "AL2706406BAST00038", "no_logrado": null, "nu_logrado": null, "id_naturez": 3, "ds_naturez": "Bem Arqueológico", "codigo_iph": "BA", "id_classif": 286, "ds_classif": "Sem classificação", "id_tipo_be": 4, "ds_tipo_be": "Sítio", "sg_tipo_be": "ST", "sintese_be": "Restinga, localizado(a) no estado de Alagoas, cidade(s) de Pão de Açúcar, é um Bem Arqueológico, do tipo Sítio.", "dt_cadastr": "2023-10-02", "UF": "AL" }, "geometry": { "type": "Point", "coordinates": [ -37.306556, -9.817167 ] } },
{ "type": "Feature", "properties": { "id_bem": 47544, "identifica": "Sítio Gravatá VI", "co_iphan": "AL2709152BAST00012", "no_logrado": null, "nu_logrado": null, "id_naturez": 3, "ds_naturez": "Bem Arqueológico", "codigo_iph": "BA", "id_classif": 286, "ds_classif": "Sem classificação", "id_tipo_be": 4, "ds_tipo_be": "Sítio", "sg_tipo_be": "ST", "sintese_be": "Sítio Gravatá VI, localizado(a) no estado de Alagoas, cidade(s) de Teotônio Vilela, é um Bem Arqueológico, do tipo Sítio.", "dt_cadastr": "2023-10-02", "UF": "AL" }, "geometry": { "type": "Point", "coordinates": [ -36.327983, -10.006141 ] } },
{ "type": "Feature", "properties": { "id_bem": 47577, "identifica": "Jenipapu", "co_iphan": "AL2706802BAST00003", "no_logrado": null, "nu_logrado": null, "id_naturez": 3, "ds_naturez": "Bem Arqueológico", "codigo_iph": "BA", "id_classif": 286, "ds_classif": "Sem classificação", "id_tipo_be": 4, "ds_tipo_be": "Sítio", "sg_tipo_be": "ST", "sintese_be": "Jenipapu , localizado(a) no estado de Alagoas, cidade(s) de Piaçabuçu, é um Bem Arqueológico, do tipo Sítio.", "dt_cadastr": "2023-10-04", "UF": "AL" }, "geometry": { "type": "Point", "coordinates": [ -36.484814568780003, -10.406242802502 ] } },
{ "type": "Feature", "properties": { "id_bem": 47549, "identifica": "Quiriba", "co_iphan": "AL2706406BAST00040", "no_logrado": null, "nu_logrado": null, "id_naturez": 3, "ds_naturez": "Bem Arqueológico", "codigo_iph": "BA", "id_classif": 286, "ds_classif": "Sem classificação", "id_tipo_be": 4, "ds_tipo_be": "Sítio", "sg_tipo_be": "ST", "sintese_be": "Quiriba, localizado(a) no estado de Alagoas, cidade(s) de Pão de Açúcar, é um Bem Arqueológico, do tipo Sítio.", "dt_cadastr": "2023-10-02", "UF": "AL" }, "geometry": { "type": "Point", "coordinates": [ -37.330742, -9.802677 ] } },
{ "type": "Feature", "properties": { "id_bem": 47550, "identifica": "Santo Antônio", "co_iphan": "AL2706406BAST00041", "no_logrado": null, "nu_logrado": null, "id_naturez": 3, "ds_naturez": "Bem Arqueológico", "codigo_iph": "BA", "id_classif": 286, "ds_classif": "Sem classificação", "id_tipo_be": 4, "ds_tipo_be": "Sítio", "sg_tipo_be": "ST", "sintese_be": "Santo Antônio, localizado(a) no estado de Alagoas, cidade(s) de Pão de Açúcar, é um Bem Arqueológico, do tipo Sítio.", "dt_cadastr": "2023-10-02", "UF": "AL" }, "geometry": { "type": "Point", "coordinates": [ -37.309159, -9.816665 ] } },
{ "type": "Feature", "properties": { "id_bem": 47553, "identifica": "São Francisco II", "co_iphan": "AL2705804BAST00027", "no_logrado": null, "nu_logrado": null, "id_naturez": 3, "ds_naturez": "Bem Arqueológico", "codigo_iph": "BA", "id_classif": 286, "ds_classif": "Sem classificação", "id_tipo_be": 4, "ds_tipo_be": "Sítio", "sg_tipo_be": "ST", "sintese_be": "São Francisco II, localizado(a) no estado de Alagoas, cidade(s) de Olho D'água do Casado, é um Bem Arqueológico, do tipo Sítio.", "dt_cadastr": "2023-10-02", "UF": "AL" }, "geometry": { "type": "Point", "coordinates": [ -37.88843, -9.533759 ] } },
{ "type": "Feature", "properties": { "id_bem": 47554, "identifica": "Pinhão", "co_iphan": "AL2703205BAST00003", "no_logrado": null, "nu_logrado": null, "id_naturez": 3, "ds_naturez": "Bem Arqueológico", "codigo_iph": "BA", "id_classif": 286, "ds_classif": "Sem classificação", "id_tipo_be": 4, "ds_tipo_be": "Sítio", "sg_tipo_be": "ST", "sintese_be": "Pinhão, localizado(a) no estado de Alagoas, cidade(s) de Igreja Nova, é um Bem Arqueológico, do tipo Sítio.", "dt_cadastr": "2023-10-02", "UF": "AL" }, "geometry": { "type": "Point", "coordinates": [ -36.719577, -10.256205 ] } },
{ "type": "Feature", "properties": { "id_bem": 47556, "identifica": "Afluente do Talhado I", "co_iphan": "AL2705804BAST00028", "no_logrado": null, "nu_logrado": null, "id_naturez": 3, "ds_naturez": "Bem Arqueológico", "codigo_iph": "BA", "id_classif": 286, "ds_classif": "Sem classificação", "id_tipo_be": 4, "ds_tipo_be": "Sítio", "sg_tipo_be": "ST", "sintese_be": "Afluente do Talhado I, localizado(a) no estado de Alagoas, cidade(s) de Olho D'água do Casado, é um Bem Arqueológico, do tipo Sítio.", "dt_cadastr": "2023-10-02", "UF": "AL" }, "geometry": { "type": "Point", "coordinates": [ -37.895863642331001, -9.451362661221303 ] } },
{ "type": "Feature", "properties": { "id_bem": 47557, "identifica": "Afluente do Talhado II", "co_iphan": "AL2705804BAST00029", "no_logrado": null, "nu_logrado": null, "id_naturez": 3, "ds_naturez": "Bem Arqueológico", "codigo_iph": "BA", "id_classif": 286, "ds_classif": "Sem classificação", "id_tipo_be": 4, "ds_tipo_be": "Sítio", "sg_tipo_be": "ST", "sintese_be": "Afluente do Talhado II, localizado(a) no estado de Alagoas, cidade(s) de Olho D'água do Casado, é um Bem Arqueológico, do tipo Sítio.", "dt_cadastr": "2023-10-02", "UF": "AL" }, "geometry": { "type": "Point", "coordinates": [ -37.896092319523007, -9.451055908718704 ] } },
{ "type": "Feature", "properties": { "id_bem": 47558, "identifica": "Afluente do Talhado III", "co_iphan": "AL2705804BAST00030", "no_logrado": null, "nu_logrado": null, "id_naturez": 3, "ds_naturez": "Bem Arqueológico", "codigo_iph": "BA", "id_classif": 286, "ds_classif": "Sem classificação", "id_tipo_be": 4, "ds_tipo_be": "Sítio", "sg_tipo_be": "ST", "sintese_be": "Afluente do Talhado III, localizado(a) no estado de Alagoas, cidade(s) de Olho D'água do Casado, é um Bem Arqueológico, do tipo Sítio.", "dt_cadastr": "2023-10-02", "UF": "AL" }, "geometry": { "type": "Point", "coordinates": [ -37.895763541986, -9.451335216861397 ] } },
{ "type": "Feature", "properties": { "id_bem": 47559, "identifica": "Afluente do Talhado IV", "co_iphan": "AL2705804BAST00031", "no_logrado": null, "nu_logrado": null, "id_naturez": 3, "ds_naturez": "Bem Arqueológico", "codigo_iph": "BA", "id_classif": 286, "ds_classif": "Sem classificação", "id_tipo_be": 4, "ds_tipo_be": "Sítio", "sg_tipo_be": "ST", "sintese_be": "Afluente do Talhado IV, localizado(a) no estado de Alagoas, cidade(s) de Olho D'água do Casado, é um Bem Arqueológico, do tipo Sítio.", "dt_cadastr": "2023-10-02", "UF": "AL" }, "geometry": { "type": "Point", "coordinates": [ -37.895845743625003, -9.451263129067206 ] } },
{ "type": "Feature", "properties": { "id_bem": 47582, "identifica": "Delmiro Gouveia 1", "co_iphan": "AL2702405BAST00030", "no_logrado": null, "nu_logrado": null, "id_naturez": 3, "ds_naturez": "Bem Arqueológico", "codigo_iph": "BA", "id_classif": 286, "ds_classif": "Sem classificação", "id_tipo_be": 4, "ds_tipo_be": "Sítio", "sg_tipo_be": "ST", "sintese_be": "Delmiro Gouveia 1, localizado(a) no estado de Alagoas, cidade(s) de Delmiro Gouveia, é um Bem Arqueológico, do tipo Sítio.", "dt_cadastr": "2023-10-04", "UF": "AL" }, "geometry": { "type": "Point", "coordinates": [ -37.95604, -9.43942 ] } },
{ "type": "Feature", "properties": { "id_bem": 47560, "identifica": "Afluente do Talhado V", "co_iphan": "AL2705804BAST00032", "no_logrado": null, "nu_logrado": null, "id_naturez": 3, "ds_naturez": "Bem Arqueológico", "codigo_iph": "BA", "id_classif": 286, "ds_classif": "Sem classificação", "id_tipo_be": 4, "ds_tipo_be": "Sítio", "sg_tipo_be": "ST", "sintese_be": "Afluente do Talhado V, localizado(a) no estado de Alagoas, cidade(s) de Olho D'água do Casado, é um Bem Arqueológico, do tipo Sítio.", "dt_cadastr": "2023-10-02", "UF": "AL" }, "geometry": { "type": "Point", "coordinates": [ -37.895964520899, -9.451145939848994 ] } },
{ "type": "Feature", "properties": { "id_bem": 47568, "identifica": "Riacho do Talhado IV", "co_iphan": "AL2702405BAST00029", "no_logrado": null, "nu_logrado": null, "id_naturez": 3, "ds_naturez": "Bem Arqueológico", "codigo_iph": "BA", "id_classif": 286, "ds_classif": "Sem classificação", "id_tipo_be": 4, "ds_tipo_be": "Sítio", "sg_tipo_be": "ST", "sintese_be": "Riacho do Talhado IV, localizado(a) no estado de Alagoas, cidade(s) de Delmiro Gouveia, é um Bem Arqueológico, do tipo Sítio.", "dt_cadastr": "2023-10-04", "UF": "AL" }, "geometry": { "type": "Point", "coordinates": [ -37.897501873853003, -9.471751322841795 ] } },
{ "type": "Feature", "properties": { "id_bem": 47569, "identifica": "Riacho do Talhado VI", "co_iphan": "AL2705804BAST00037", "no_logrado": null, "nu_logrado": null, "id_naturez": 3, "ds_naturez": "Bem Arqueológico", "codigo_iph": "BA", "id_classif": 286, "ds_classif": "Sem classificação", "id_tipo_be": 4, "ds_tipo_be": "Sítio", "sg_tipo_be": "ST", "sintese_be": "Riacho do Talhado VI, localizado(a) no estado de Alagoas, cidade(s) de Olho D'água do Casado, é um Bem Arqueológico, do tipo Sítio.", "dt_cadastr": "2023-10-04", "UF": "AL" }, "geometry": { "type": "Point", "coordinates": [ -37.895638841184002, -9.473282813162196 ] } },
{ "type": "Feature", "properties": { "id_bem": 47570, "identifica": "Riacho do Talhado VII", "co_iphan": "AL2705804BAST00038", "no_logrado": null, "nu_logrado": null, "id_naturez": 3, "ds_naturez": "Bem Arqueológico", "codigo_iph": "BA", "id_classif": 286, "ds_classif": "Sem classificação", "id_tipo_be": 4, "ds_tipo_be": "Sítio", "sg_tipo_be": "ST", "sintese_be": "Riacho do Talhado VII, localizado(a) no estado de Alagoas, cidade(s) de Olho D'água do Casado, é um Bem Arqueológico, do tipo Sítio.", "dt_cadastr": "2023-10-04", "UF": "AL" }, "geometry": { "type": "Point", "coordinates": [ -37.891822883503004, -9.470277458668907 ] } },
{ "type": "Feature", "properties": { "id_bem": 47561, "identifica": "Afluente do Talhado VI", "co_iphan": "AL2702405BAST00027", "no_logrado": null, "nu_logrado": null, "id_naturez": 3, "ds_naturez": "Bem Arqueológico", "codigo_iph": "BA", "id_classif": 286, "ds_classif": "Sem classificação", "id_tipo_be": 4, "ds_tipo_be": "Sítio", "sg_tipo_be": "ST", "sintese_be": "Afluente do Talhado VI, localizado(a) no estado de Alagoas, cidade(s) de Delmiro Gouveia, é um Bem Arqueológico, do tipo Sítio.", "dt_cadastr": "2023-10-02", "UF": "AL" }, "geometry": { "type": "Point", "coordinates": [ -37.896648246288997, -9.450949135590299 ] } },
{ "type": "Feature", "properties": { "id_bem": 47562, "identifica": "Afluente do Talhado VII", "co_iphan": "AL2705804BAST00033", "no_logrado": null, "nu_logrado": null, "id_naturez": 3, "ds_naturez": "Bem Arqueológico", "codigo_iph": "BA", "id_classif": 286, "ds_classif": "Sem classificação", "id_tipo_be": 4, "ds_tipo_be": "Sítio", "sg_tipo_be": "ST", "sintese_be": "Afluente do Talhado VII, localizado(a) no estado de Alagoas, cidade(s) de Olho D'água do Casado, é um Bem Arqueológico, do tipo Sítio.", "dt_cadastr": "2023-10-02", "UF": "AL" }, "geometry": { "type": "Point", "coordinates": [ -37.896623946916009, -9.449999516239398 ] } },
{ "type": "Feature", "properties": { "id_bem": 47571, "identifica": "Riacho do Talhado VIII", "co_iphan": "AL2705804BAST00039", "no_logrado": null, "nu_logrado": null, "id_naturez": 3, "ds_naturez": "Bem Arqueológico", "codigo_iph": "BA", "id_classif": 286, "ds_classif": "Sem classificação", "id_tipo_be": 4, "ds_tipo_be": "Sítio", "sg_tipo_be": "ST", "sintese_be": "Riacho do Talhado VIII, localizado(a) no estado de Alagoas, cidade(s) de Olho D'água do Casado, é um Bem Arqueológico, do tipo Sítio.", "dt_cadastr": "2023-10-04", "UF": "AL" }, "geometry": { "type": "Point", "coordinates": [ -37.893099244036001, -9.469910716455891 ] } },
{ "type": "Feature", "properties": { "id_bem": 47578, "identifica": "Poti", "co_iphan": "AL2706802BAST00004", "no_logrado": null, "nu_logrado": null, "id_naturez": 3, "ds_naturez": "Bem Arqueológico", "codigo_iph": "BA", "id_classif": 286, "ds_classif": "Sem classificação", "id_tipo_be": 4, "ds_tipo_be": "Sítio", "sg_tipo_be": "ST", "sintese_be": "Poti , localizado(a) no estado de Alagoas, cidade(s) de Piaçabuçu, é um Bem Arqueológico, do tipo Sítio.", "dt_cadastr": "2023-10-04", "UF": "AL" }, "geometry": { "type": "Point", "coordinates": [ -36.424252977591003, -10.42627252734999 ] } },
{ "type": "Feature", "properties": { "id_bem": 47579, "identifica": "Lisboa I", "co_iphan": "AL2707107BAST00019", "no_logrado": null, "nu_logrado": null, "id_naturez": 3, "ds_naturez": "Bem Arqueológico", "codigo_iph": "BA", "id_classif": 286, "ds_classif": "Sem classificação", "id_tipo_be": 4, "ds_tipo_be": "Sítio", "sg_tipo_be": "ST", "sintese_be": "Lisboa I , localizado(a) no estado de Alagoas, cidade(s) de Piranhas, é um Bem Arqueológico, do tipo Sítio.", "dt_cadastr": "2023-10-04", "UF": "AL" }, "geometry": { "type": "Point", "coordinates": [ -37.659187992881002, -9.648288738005308 ] } },
{ "type": "Feature", "properties": { "id_bem": 47580, "identifica": "Lisboa II", "co_iphan": "AL2707107BAST00020", "no_logrado": null, "nu_logrado": null, "id_naturez": 3, "ds_naturez": "Bem Arqueológico", "codigo_iph": "BA", "id_classif": 286, "ds_classif": "Sem classificação", "id_tipo_be": 4, "ds_tipo_be": "Sítio", "sg_tipo_be": "ST", "sintese_be": "Lisboa II, localizado(a) no estado de Alagoas, cidade(s) de Piranhas, é um Bem Arqueológico, do tipo Sítio.", "dt_cadastr": "2023-10-04", "UF": "AL" }, "geometry": { "type": "Point", "coordinates": [ -37.660659373153003, -9.651821003557206 ] } },
{ "type": "Feature", "properties": { "id_bem": 47581, "identifica": "Sítio Joaquim Gomes 3", "co_iphan": "AL2703809BAST00005", "no_logrado": null, "nu_logrado": null, "id_naturez": 3, "ds_naturez": "Bem Arqueológico", "codigo_iph": "BA", "id_classif": 286, "ds_classif": "Sem classificação", "id_tipo_be": 4, "ds_tipo_be": "Sítio", "sg_tipo_be": "ST", "sintese_be": "Sítio Joaquim Gomes 3, localizado(a) no estado de Alagoas, cidade(s) de Joaquim Gomes, é um Bem Arqueológico, do tipo Sítio.", "dt_cadastr": "2023-10-04", "UF": "AL" }, "geometry": { "type": "Point", "coordinates": [ -35.786486573626, -9.107944889 ] } },
{ "type": "Feature", "properties": { "id_bem": 47588, "identifica": "Delmiro Gouveia 5", "co_iphan": "AL2702405BAST00036", "no_logrado": null, "nu_logrado": null, "id_naturez": 3, "ds_naturez": "Bem Arqueológico", "codigo_iph": "BA", "id_classif": 286, "ds_classif": "Sem classificação", "id_tipo_be": 4, "ds_tipo_be": "Sítio", "sg_tipo_be": "ST", "sintese_be": "Delmiro Gouveia 5, localizado(a) no estado de Alagoas, cidade(s) de Delmiro Gouveia, é um Bem Arqueológico, do tipo Sítio.", "dt_cadastr": "2023-10-04", "UF": "AL" }, "geometry": { "type": "Point", "coordinates": [ -37.92527, -9.47904 ] } },
{ "type": "Feature", "properties": { "id_bem": 47593, "identifica": " Sítio AL 0053/AL/UFPE", "co_iphan": "AL2703759BAST00003", "no_logrado": null, "nu_logrado": null, "id_naturez": 3, "ds_naturez": "Bem Arqueológico", "codigo_iph": "BA", "id_classif": 286, "ds_classif": "Sem classificação", "id_tipo_be": 4, "ds_tipo_be": "Sítio", "sg_tipo_be": "ST", "sintese_be": " Sítio AL 0053/AL/UFPE, localizado(a) no estado de Alagoas, cidade(s) de Jequiá da Praia, é um Bem Arqueológico, do tipo Sítio.", "dt_cadastr": "2023-10-04", "UF": "AL" }, "geometry": { "type": "Point", "coordinates": [ -36.245152, -9.900437 ] } },
{ "type": "Feature", "properties": { "id_bem": 47594, "identifica": "AL 0037 LA/UFPE", "co_iphan": "AL2705200BAST00001", "no_logrado": null, "nu_logrado": null, "id_naturez": 3, "ds_naturez": "Bem Arqueológico", "codigo_iph": "BA", "id_classif": 286, "ds_classif": "Sem classificação", "id_tipo_be": 4, "ds_tipo_be": "Sítio", "sg_tipo_be": "ST", "sintese_be": "AL 0037 LA/UFPE, localizado(a) no estado de Alagoas, cidade(s) de Messias, é um Bem Arqueológico, do tipo Sítio.", "dt_cadastr": "2023-10-04", "UF": "AL" }, "geometry": { "type": "Point", "coordinates": [ -35.8306208, -9.3196417 ] } },
{ "type": "Feature", "properties": { "id_bem": 47595, "identifica": "AL 0039 LA/UFPE", "co_iphan": "AL2705200BAST00002", "no_logrado": null, "nu_logrado": null, "id_naturez": 3, "ds_naturez": "Bem Arqueológico", "codigo_iph": "BA", "id_classif": 286, "ds_classif": "Sem classificação", "id_tipo_be": 4, "ds_tipo_be": "Sítio", "sg_tipo_be": "ST", "sintese_be": "AL 0039 LA/UFPE, localizado(a) no estado de Alagoas, cidade(s) de Messias, é um Bem Arqueológico, do tipo Sítio.", "dt_cadastr": "2023-10-04", "UF": "AL" }, "geometry": { "type": "Point", "coordinates": [ -35.831571212957002, -9.3771918688014 ] } },
{ "type": "Feature", "properties": { "id_bem": 47596, "identifica": "Engenho das Bicas", "co_iphan": "AL2709152BAST00013", "no_logrado": null, "nu_logrado": null, "id_naturez": 3, "ds_naturez": "Bem Arqueológico", "codigo_iph": "BA", "id_classif": 286, "ds_classif": "Sem classificação", "id_tipo_be": 4, "ds_tipo_be": "Sítio", "sg_tipo_be": "ST", "sintese_be": "Engenho das Bicas, localizado(a) no estado de Alagoas, cidade(s) de Teotônio Vilela, é um Bem Arqueológico, do tipo Sítio.", "dt_cadastr": "2023-10-04", "UF": "AL" }, "geometry": { "type": "Point", "coordinates": [ -36.331073, -9.984997 ] } },
{ "type": "Feature", "properties": { "id_bem": 47602, "identifica": "Sìtio do Cupim", "co_iphan": "AL2708907BAST00001", "no_logrado": null, "nu_logrado": null, "id_naturez": 3, "ds_naturez": "Bem Arqueológico", "codigo_iph": "BA", "id_classif": 286, "ds_classif": "Sem classificação", "id_tipo_be": 4, "ds_tipo_be": "Sítio", "sg_tipo_be": "ST", "sintese_be": "Sìtio do Cupim, localizado(a) no estado de Alagoas, cidade(s) de Satuba, é um Bem Arqueológico, do tipo Sítio.", "dt_cadastr": "2023-10-04", "UF": "AL" }, "geometry": { "type": "Point", "coordinates": [ -35.8556358, -9.6028504 ] } },
{ "type": "Feature", "properties": { "id_bem": 47603, "identifica": "Sìtio do Eloi", "co_iphan": "AL2706901BAST00010", "no_logrado": null, "nu_logrado": null, "id_naturez": 3, "ds_naturez": "Bem Arqueológico", "codigo_iph": "BA", "id_classif": 286, "ds_classif": "Sem classificação", "id_tipo_be": 4, "ds_tipo_be": "Sítio", "sg_tipo_be": "ST", "sintese_be": "Sìtio do Eloi, localizado(a) no estado de Alagoas, cidade(s) de Pilar, é um Bem Arqueológico, do tipo Sítio.", "dt_cadastr": "2023-10-04", "UF": "AL" }, "geometry": { "type": "Point", "coordinates": [ -35.9007954, -9.6392331 ] } },
{ "type": "Feature", "properties": { "id_bem": 32387, "identifica": "Saco da Pedra", "co_iphan": "AL2704708BAST00012", "no_logrado": "uma restinga de praia próxima a desembocadura da Complexo Lagunar Estuarino Mundaú-Manguaba", "nu_logrado": null, "id_naturez": 3, "ds_naturez": "Bem Arqueológico", "codigo_iph": "BA", "id_classif": 41, "ds_classif": "Pré-colonial", "id_tipo_be": 4, "ds_tipo_be": "Sítio", "sg_tipo_be": "ST", "sintese_be": "Trata-se provavelmente de um sambaqui litorâneo contendo vestígios cerâmicos e restos malacológicos e osteológicos de fauna aquática, situado numa restinga de praia próxima a desembocadura da Complexo Lagunar Estuarino Mundaú-Manguaba no Oceano Atlântico", "dt_cadastr": "2021-02-10", "UF": "AL" }, "geometry": { "type": "Point", "coordinates": [ -35.82005, -9.735616 ] } }
]
}
