{
"type": "FeatureCollection",
"name": "Terras_Indigenas",
"crs": { "type": "name", "properties": { "name": "urn:ogc:def:crs:OGC:1.3:CRS84" } },
"features": [
{ "type": "Feature", "properties": { "gid": 57, "terrai_cod": 601, "terrai_nom": "Aconã", "etnia_nome": "Tingui-Botó", "municipio_": "Traipu", "uf_sigla": "AL", "superficie": 267.7862, "fase_ti": "Regularizada", "modalidade": "Reserva Indígena", "reestudo_t": null, "cr": "COORDENACAO REGIONAL NORDESTE I", "faixa_fron": "Não", "undadm_cod": 30202001969.0, "undadm_nom": "COORDENACAO REGIONAL NORDESTE I", "undadm_sig": "CR-NE-I", "dominio_un": "t", "data_atual": null, "epsg": 0 }, "geometry": { "type": "MultiPolygon", "coordinates": [ [ [ [ -36.945136338027169, -10.071126544235481 ], [ -36.943769669000737, -10.069612768101102 ], [ -36.942221552697816, -10.067616981265719 ], [ -36.937934363338591, -10.06204969937767 ], [ -36.936897565468826, -10.062819415959845 ], [ -36.935708860228964, -10.060366309367438 ], [ -36.93324848107747, -10.058159619263028 ], [ -36.932259984771797, -10.057273224761971 ], [ -36.930643777282796, -10.055162096205255 ], [ -36.92532651307274, -10.048210919420947 ], [ -36.924517178936021, -10.047154344932681 ], [ -36.924166427318347, -10.0466954077304 ], [ -36.920552280437633, -10.041974110533726 ], [ -36.914521705093037, -10.034111942032062 ], [ -36.914408091892717, -10.034564891232948 ], [ -36.914327801961647, -10.034784212933848 ], [ -36.913933440854564, -10.034830542652406 ], [ -36.913672522948772, -10.034560264531484 ], [ -36.913595516988323, -10.034266738267279 ], [ -36.913386501495829, -10.034094497289486 ], [ -36.913123929075397, -10.03406844009143 ], [ -36.912834311289572, -10.034164237863971 ], [ -36.912596841841641, -10.034333759573636 ], [ -36.912383980910064, -10.034747486647843 ], [ -36.912329731862307, -10.035015781650285 ], [ -36.912536804203178, -10.035505457734947 ], [ -36.912533517695444, -10.036018305036226 ], [ -36.912530857197787, -10.036433445604533 ], [ -36.912290791168495, -10.036993521775095 ], [ -36.91220589768227, -10.037518057594749 ], [ -36.911888067837751, -10.037931213104157 ], [ -36.911280993496369, -10.038366950910317 ], [ -36.910832689917527, -10.038632762250833 ], [ -36.910306129217481, -10.038800369009854 ], [ -36.910002431734675, -10.038744582589672 ], [ -36.91017397856487, -10.038843645765871 ], [ -36.910229538898157, -10.038982562364435 ], [ -36.910479559596617, -10.039288116686015 ], [ -36.9106739494853, -10.039593681817122 ], [ -36.911618451911849, -10.040510303709711 ], [ -36.911785093609694, -10.040649196996428 ], [ -36.912451831450142, -10.041121431888399 ], [ -36.913201831977609, -10.041565898291401 ], [ -36.913507315273904, -10.041927028235143 ], [ -36.913757385068827, -10.042510347327166 ], [ -36.913840720473992, -10.042954773224425 ], [ -36.914062922856623, -10.043204742322024 ], [ -36.914090656215002, -10.043260325478849 ], [ -36.914118498472455, -10.043426997637365 ], [ -36.914229593298927, -10.043510312692918 ], [ -36.914312880733661, -10.043649222824797 ], [ -36.914479551578708, -10.043954793155539 ], [ -36.914701803360735, -10.044510368300205 ], [ -36.915035142646914, -10.04509366893053 ], [ -36.915174071783149, -10.045288156975221 ], [ -36.915424019608125, -10.045649207856375 ], [ -36.91556295382793, -10.045871445358131 ], [ -36.915729613293387, -10.046093676499931 ], [ -36.915896291064769, -10.046426996132777 ], [ -36.91609068490699, -10.046704810309704 ], [ -36.916165730751509, -10.046877654789258 ], [ -36.916898092727187, -10.047316491541975 ], [ -36.917576122362988, -10.048051191380129 ], [ -36.91860741259606, -10.047982379507777 ], [ -36.925822806262339, -10.056051274111221 ], [ -36.928972976814329, -10.059575871424657 ], [ -36.930807545450399, -10.061928813274292 ], [ -36.931028351989355, -10.060926774868335 ], [ -36.937949952511758, -10.068069885996778 ], [ -36.938694024128459, -10.06904748871105 ], [ -36.939240866159082, -10.069097539838904 ], [ -36.940154617654514, -10.069826811006163 ], [ -36.939848096900327, -10.070626573537615 ], [ -36.940923256408837, -10.072051862355279 ], [ -36.940965609289144, -10.072104371967233 ], [ -36.94183526688537, -10.07312939500941 ], [ -36.942485529468868, -10.072779746464484 ], [ -36.943360226170419, -10.072132842645471 ], [ -36.944309319746331, -10.071461360385294 ], [ -36.944830349337067, -10.071238805007452 ], [ -36.945136338027169, -10.071126544235481 ] ] ] ] } },
{ "type": "Feature", "properties": { "gid": 1284, "terrai_cod": 12501, "terrai_nom": "Fazenda Canto", "etnia_nome": "Xucuru - Kariri", "municipio_": "Palmeira dos Índios", "uf_sigla": "AL", "superficie": 276.5494, "fase_ti": "Regularizada", "modalidade": "Reserva Indígena", "reestudo_t": null, "cr": "COORDENACAO REGIONAL NORDESTE I", "faixa_fron": "Não", "undadm_cod": 30202001969.0, "undadm_nom": "COORDENACAO REGIONAL NORDESTE I", "undadm_sig": "CR-NE-I", "dominio_un": "t", "data_atual": null, "epsg": 0 }, "geometry": { "type": "MultiPolygon", "coordinates": [ [ [ [ -36.576015066557602, -9.384471675027953 ], [ -36.575865570416909, -9.3845425650062 ], [ -36.575665072299785, -9.384541771662327 ], [ -36.575195332363307, -9.3844590053057 ], [ -36.574960240076621, -9.384421941453297 ], [ -36.574824729678539, -9.384398232601768 ], [ -36.574787911580415, -9.384405156399225 ], [ -36.574750648699819, -9.384420718989475 ], [ -36.574656601906725, -9.384476903013194 ], [ -36.575494226514706, -9.385027325261603 ], [ -36.57493189505135, -9.393643287755026 ], [ -36.580493846882177, -9.395031553957836 ], [ -36.580211359253099, -9.396975393980199 ], [ -36.582992806725429, -9.396422510457057 ], [ -36.584658832853847, -9.399471585889728 ], [ -36.58687788573701, -9.399749523907644 ], [ -36.587710209017246, -9.402525484038392 ], [ -36.585765886444335, -9.403637478142684 ], [ -36.58632444438274, -9.406417837625042 ], [ -36.588549924266772, -9.40586474515294 ], [ -36.589103278871391, -9.405033489446225 ], [ -36.59021584501761, -9.405025394223287 ], [ -36.590210240731096, -9.405310926098252 ], [ -36.591600004187228, -9.405584392874744 ], [ -36.591606383690817, -9.40475328054913 ], [ -36.592990990170506, -9.405303636353892 ], [ -36.595214801264774, -9.397527377588517 ], [ -36.594939977727506, -9.396137370274403 ], [ -36.587373297517104, -9.392255725442055 ], [ -36.587677438452772, -9.391837050650338 ], [ -36.588246870774242, -9.391223034560028 ], [ -36.58918235415706, -9.389872817286573 ], [ -36.590400243125316, -9.387817079959802 ], [ -36.587434251221453, -9.38753006336168 ], [ -36.58743307518813, -9.388084268093451 ], [ -36.586047316259339, -9.388088227922026 ], [ -36.585495239454644, -9.388365310846439 ], [ -36.584936429618551, -9.387533566989646 ], [ -36.585490852909004, -9.384199534501874 ], [ -36.58548689015862, -9.383922220760269 ], [ -36.581042635881772, -9.38419774143199 ], [ -36.579378511973744, -9.384474360655872 ], [ -36.580216886510868, -9.382530740980428 ], [ -36.579658072251618, -9.381699028134278 ], [ -36.579435388390323, -9.381775133686006 ], [ -36.579105120990846, -9.381993387901957 ], [ -36.578999760206386, -9.382092341748944 ], [ -36.57890215887744, -9.382217640973636 ], [ -36.578813650678683, -9.382343368621662 ], [ -36.578705621984795, -9.382494155914003 ], [ -36.578532606219142, -9.382667859809885 ], [ -36.57838088900553, -9.382781947811679 ], [ -36.578285954506327, -9.382855412433969 ], [ -36.577941054559517, -9.383003693881733 ], [ -36.577771594834871, -9.383108284874027 ], [ -36.57746039948421, -9.383310113111463 ], [ -36.577098845502178, -9.383604825113196 ], [ -36.576633460503274, -9.384145776455739 ], [ -36.576377711884732, -9.384332895569003 ], [ -36.576229105417156, -9.384386508194723 ], [ -36.576015066557602, -9.384471675027953 ] ] ] ] } },
{ "type": "Feature", "properties": { "gid": 410, "terrai_cod": 19402, "terrai_nom": "Geripancó", "etnia_nome": "Jeripancó", "municipio_": "Pariconha", "uf_sigla": "AL", "superficie": 200.0, "fase_ti": "Regularizada", "modalidade": "Tradicionalmente ocupada", "reestudo_t": null, "cr": "COORDENACAO REGIONAL NORDESTE I", "faixa_fron": "Não", "undadm_cod": 30202001969.0, "undadm_nom": "COORDENACAO REGIONAL NORDESTE I", "undadm_sig": "CR-NE-I", "dominio_un": "t", "data_atual": "02/07/2021", "epsg": 0 }, "geometry": { "type": "MultiPolygon", "coordinates": [ [ [ [ -38.038454685272001, -9.237127501766 ], [ -38.043474311772997, -9.236627400338801 ], [ -38.044685512192999, -9.2240564287219 ], [ -38.044582719548004, -9.223998275539801 ], [ -38.04150436946, -9.224126647353099 ], [ -38.041774448718002, -9.227259948174099 ], [ -38.039052419346, -9.2271593529264 ], [ -38.037728164084001, -9.2263930610843 ], [ -38.035737914663997, -9.225079460649599 ], [ -38.034849183393, -9.2244300868648 ], [ -38.034456749405997, -9.224105086469301 ], [ -38.03366499418, -9.223377742018201 ], [ -38.032407597594997, -9.223088534624001 ], [ -38.031150203491002, -9.22279932304 ], [ -38.030231167639997, -9.2225863990398 ], [ -38.030458568972001, -9.2222111539359 ], [ -38.027046146341, -9.2208577718543 ], [ -38.026878867813998, -9.221812970995 ], [ -38.026809585129001, -9.2223494388085 ], [ -38.029234867973997, -9.2228677760581 ], [ -38.028955296581003, -9.2232805013454 ], [ -38.029670143795997, -9.2236013124617 ], [ -38.030798364866001, -9.2241444462239 ], [ -38.034196197996998, -9.227064045146999 ], [ -38.034141360824997, -9.2273797960755 ], [ -38.033783975448003, -9.228055760630401 ], [ -38.033489864056001, -9.2289945252096 ], [ -38.032378700262001, -9.2301672233072 ], [ -38.027151327391003, -9.2282818766483 ], [ -38.027000424038, -9.228209299347199 ], [ -38.021730484393998, -9.226302330629601 ], [ -38.021256393304, -9.2260834488608 ], [ -38.017631154988997, -9.224700458487201 ], [ -38.014515958217999, -9.223513090590201 ], [ -38.014291746928997, -9.2237496021633 ], [ -38.013581943077, -9.224928763642 ], [ -38.014091912376998, -9.2268114322565 ], [ -38.016942622891001, -9.226813086569001 ], [ -38.018852550011999, -9.227324388589301 ], [ -38.020401186629002, -9.2277102554078 ], [ -38.021109886102003, -9.227883473380899 ], [ -38.025039698165997, -9.229316547463799 ], [ -38.025604520365, -9.2296452807731 ], [ -38.027702330666003, -9.230697772457599 ], [ -38.02928822194, -9.231483979895099 ], [ -38.030289116098999, -9.2319619299713 ], [ -38.030119125402997, -9.2323776641264 ], [ -38.030525527759004, -9.232655679868699 ], [ -38.030742942716003, -9.232173421027801 ], [ -38.032707082470999, -9.233120075776601 ], [ -38.034259058006, -9.23393465987 ], [ -38.034979122525002, -9.2343214962573 ], [ -38.035001817657999, -9.2343441665789 ], [ -38.036134305912, -9.2348734620186 ], [ -38.036665998011998, -9.2351412264169 ], [ -38.037998881478998, -9.235857897708501 ], [ -38.038641643121998, -9.236288925354801 ], [ -38.0385816545, -9.236557997482601 ], [ -38.038454685272001, -9.237127501766 ] ] ] ] } },
{ "type": "Feature", "properties": { "gid": 342, "terrai_cod": 21401, "terrai_nom": "Karapotó", "etnia_nome": "Karapotó", "municipio_": "São Sebastião", "uf_sigla": "AL", "superficie": 1242.5168, "fase_ti": "Regularizada", "modalidade": "Reserva Indígena", "reestudo_t": null, "cr": "COORDENACAO REGIONAL NORDESTE I", "faixa_fron": "Não", "undadm_cod": 30202001969.0, "undadm_nom": "COORDENACAO REGIONAL NORDESTE I", "undadm_sig": "CR-NE-I", "dominio_un": "t", "data_atual": "07/04/2021", "epsg": 0 }, "geometry": { "type": "MultiPolygon", "coordinates": [ [ [ [ -36.602438135539998, -9.9588382677548 ], [ -36.602304098801, -9.9560595651624 ], [ -36.600920043522002, -9.9557752624572 ], [ -36.600222682635, -9.9572236022328 ], [ -36.600303093603998, -9.9573094902011 ], [ -36.60005640088, -9.9580980131055 ], [ -36.600619631195997, -9.9583018699324 ], [ -36.601596551032998, -9.9585410496307 ], [ -36.602189382934, -9.9586861947167 ], [ -36.602438135539998, -9.9588382677548 ] ] ], [ [ [ -36.601499369324003, -9.974212695133099 ], [ -36.602438143973998, -9.973354412453499 ], [ -36.603521764485997, -9.9726838736185 ], [ -36.604857545062998, -9.970951199264601 ], [ -36.605908403546003, -9.968136172251899 ], [ -36.60381142128, -9.965892475187299 ], [ -36.603570104413997, -9.964884006718901 ], [ -36.602776152468003, -9.9640042354486 ], [ -36.602486457222, -9.9590743027908 ], [ -36.602137758513997, -9.958790022111399 ], [ -36.601885670142003, -9.958720253097599 ], [ -36.601595985876003, -9.9586184033008 ], [ -36.600615210327, -9.9583829010682 ], [ -36.600024219951003, -9.958173151368999 ], [ -36.600995159998, -9.961799490137899 ], [ -36.598602607707001, -9.962411002780399 ], [ -36.596043812452997, -9.963092330675201 ], [ -36.597390252407003, -9.9656403603923 ], [ -36.597057644392997, -9.965785270577999 ], [ -36.597752168729002, -9.967779333418299 ], [ -36.598602062472999, -9.969981464269599 ], [ -36.599227911779003, -9.9716578312712 ], [ -36.599390934425003, -9.9718035980392 ], [ -36.599543650504998, -9.9721119583741 ], [ -36.599734218967001, -9.9722308119789 ], [ -36.600342718703999, -9.972542451506699 ], [ -36.600766194350001, -9.9732232807067 ], [ -36.600892689562002, -9.973377821409599 ], [ -36.601499369324003, -9.974212695133099 ] ] ], [ [ [ -36.640380676398998, -10.001260115787 ], [ -36.642204635333997, -10.000847028162999 ], [ -36.644473750921001, -10.000337399587 ], [ -36.646013344872003, -9.9999994544104 ], [ -36.647654850087001, -9.9996132393252 ], [ -36.649084811399, -9.9992428723814 ], [ -36.645809482883003, -9.996694942159399 ], [ -36.644404042289999, -9.995080322398699 ], [ -36.643642297313001, -9.9947155146952 ], [ -36.643046826023998, -9.9942273481855 ], [ -36.641442892156, -9.9941736927144 ], [ -36.639087919906999, -9.9939913441544 ], [ -36.639028901292001, -9.996104848274699 ], [ -36.639189809492997, -9.9972045680192 ], [ -36.639500952905998, -9.9986851928634 ], [ -36.639731633528001, -9.999768779173101 ], [ -36.640107108766998, -10.000648516356 ], [ -36.640380676398998, -10.001260115787 ] ] ], [ [ [ -36.643127274398999, -10.038043879095 ], [ -36.645224743458002, -10.036064422708 ], [ -36.64498340043, -10.0346750231 ], [ -36.644736595990999, -10.034406849046 ], [ -36.645525187422002, -10.033730851921 ], [ -36.645927483583002, -10.032695586558001 ], [ -36.647032574421999, -10.030855558422999 ], [ -36.647633452999003, -10.030817977152999 ], [ -36.648250286431001, -10.030565870242 ], [ -36.648475578696001, -10.02427338619 ], [ -36.648663403217, -10.022642656363001 ], [ -36.649092516461003, -10.020791947406 ], [ -36.647837295808998, -10.018689097407 ], [ -36.647772894107, -10.018453036847999 ], [ -36.647858683061997, -10.018163363904 ], [ -36.647746061983, -10.017761035612001 ], [ -36.647558319034999, -10.017117329207 ], [ -36.647037923644, -10.017149431070999 ], [ -36.645729034193003, -10.013743100795001 ], [ -36.644012448680002, -10.011522203145001 ], [ -36.643288246670998, -10.010170321876 ], [ -36.642220733605001, -10.008534220853999 ], [ -36.641764708407003, -10.00877029492 ], [ -36.641346344951998, -10.009118969606 ], [ -36.640922555568999, -10.009789515054001 ], [ -36.640428988445002, -10.010438597553 ], [ -36.639463414783997, -10.010733587861999 ], [ -36.638631902368999, -10.010481504207 ], [ -36.636759755069001, -10.01220345178 ], [ -36.637221044973998, -10.012702338374 ], [ -36.636362797167997, -10.013485553096 ], [ -36.635788753340996, -10.013989817376 ], [ -36.633943450704997, -10.015261242172 ], [ -36.633449856319999, -10.014590683871001 ], [ -36.634646117194002, -10.013930804547 ], [ -36.635375697529, -10.013201265129 ], [ -36.635584918550002, -10.013217394438 ], [ -36.635815621869, -10.012080064376001 ], [ -36.635735171413003, -10.01158117496 ], [ -36.635483001922999, -10.011125256278 ], [ -36.634935838316999, -10.010486853908001 ], [ -36.634447665944002, -10.010175750036 ], [ -36.632800812226002, -10.009719751643001 ], [ -36.631625947385999, -10.009757291588 ], [ -36.631148517271001, -10.010454639851 ], [ -36.631599196248999, -10.011082327843001 ], [ -36.630853523257997, -10.012069396197999 ], [ -36.629002757488998, -10.014306293998001 ], [ -36.627763649785003, -10.015829805705 ], [ -36.627168118306997, -10.016779343743 ], [ -36.626749710756997, -10.017669867167999 ], [ -36.625773396755001, -10.018748081288001 ], [ -36.625220840588, -10.018013108247001 ], [ -36.624620055007, -10.017390845695999 ], [ -36.624351813451, -10.016677425792 ], [ -36.626406412336003, -10.014488743264 ], [ -36.627908437880002, -10.012868698139 ], [ -36.629785949325999, -10.010476103986001 ], [ -36.630429693787001, -10.009714423830999 ], [ -36.628627291302003, -10.009574957343 ], [ -36.625253085670003, -10.008078248445001 ], [ -36.623697410064999, -10.007413016743 ], [ -36.624255259906001, -10.005412092586999 ], [ -36.622307988133002, -10.002821118610999 ], [ -36.620516311967002, -10.001152777709001 ], [ -36.619287826066, -9.999945744375299 ], [ -36.616889905937001, -9.9976765976172 ], [ -36.616348085486003, -9.9976390984977 ], [ -36.616691467110002, -9.9980091911114 ], [ -36.616289111897999, -9.999425419178101 ], [ -36.615827815708997, -9.9996721728293 ], [ -36.615457616613, -9.999366412485699 ], [ -36.615141139911998, -9.9993449852815 ], [ -36.615044585618001, -9.9986958752432 ], [ -36.614486707952999, -9.998497395849 ], [ -36.612834425796997, -9.9987119269261 ], [ -36.613392368611002, -9.994441888210099 ], [ -36.613719587555003, -9.993127607778501 ], [ -36.611316318050001, -9.9933260894288 ], [ -36.609449481029998, -9.993524610062201 ], [ -36.607834777603998, -9.9936533574949 ], [ -36.607577269011003, -9.9927627945958 ], [ -36.609084672818, -9.9911857062416 ], [ -36.610152265802, -9.9906331571989 ], [ -36.610860281068, -9.9900322962438 ], [ -36.609824978017997, -9.9886483273234 ], [ -36.609706939208998, -9.988208455182599 ], [ -36.609728424560998, -9.9877631679866 ], [ -36.610238025557003, -9.985842723131199 ], [ -36.609127597510003, -9.984673300732601 ], [ -36.608006472581998, -9.9840831710224 ], [ -36.606402499064998, -9.9846089099947 ], [ -36.605136485868996, -9.984684038359299 ], [ -36.604412329944999, -9.9852365132116 ], [ -36.603462815838, -9.9856388849678 ], [ -36.602309426486002, -9.986094822150401 ], [ -36.601300941954001, -9.986979976018 ], [ -36.601021988604998, -9.987264262490701 ], [ -36.600517686616001, -9.988068998455001 ], [ -36.599922318127, -9.9884122753742 ], [ -36.599938351003999, -9.989420840217401 ], [ -36.600040278892003, -9.9903649570404 ], [ -36.601236552739003, -9.992505338497001 ], [ -36.60241674129, -9.993546058279099 ], [ -36.603028250464, -9.9936264641146 ], [ -36.603532565945002, -9.995048108625801 ], [ -36.602738560845999, -9.995847326081901 ], [ -36.602465027649998, -9.9961745775122 ], [ -36.602057274604, -9.9963677449614 ], [ -36.600152929251998, -9.9968183437907 ], [ -36.602416717282999, -9.9978643489974 ], [ -36.603049760060003, -9.998266723217499 ], [ -36.603714925115, -9.9986153763535 ], [ -36.604412253202, -9.9991411164336 ], [ -36.605297409628001, -10.000187209503 ], [ -36.607244679828, -10.002493851257 ], [ -36.608339012751998, -10.004248058973999 ], [ -36.609374381248003, -10.005626709728 ], [ -36.610130788498999, -10.006517155312 ], [ -36.610903276522002, -10.007665184137 ], [ -36.611632806838003, -10.008641468778 ], [ -36.612330210571002, -10.009548116561 ], [ -36.612909505624998, -10.010148911098 ], [ -36.613960983806997, -10.010899949468 ], [ -36.614749553533002, -10.011484621985 ], [ -36.614889019086, -10.011650912945999 ], [ -36.614894359079997, -10.011656283207 ], [ -36.616278356376, -10.013206601836 ], [ -36.617211792249996, -10.014156147207 ], [ -36.617919918935002, -10.014896400893999 ], [ -36.619159069702, -10.016183867032 ], [ -36.620092531708003, -10.017519658331 ], [ -36.620940073128999, -10.01908600496 ], [ -36.621304811074999, -10.019681458977001 ], [ -36.621383260617002, -10.019751245993 ], [ -36.621653508984998, -10.021301527763001 ], [ -36.621835882082003, -10.022149078998 ], [ -36.620945392274002, -10.022782081335 ], [ -36.619706232585997, -10.022916257306001 ], [ -36.618676322143997, -10.023162996690999 ], [ -36.618697716414999, -10.024241197173 ], [ -36.618011055715002, -10.025153183404001 ], [ -36.618214930870998, -10.026263600314 ], [ -36.618708460496002, -10.027626155335 ], [ -36.618864027137001, -10.029283789418001 ], [ -36.618676245217003, -10.030700015542999 ], [ -36.617962831450001, -10.030866328678 ], [ -36.617131366648003, -10.030592675392001 ], [ -36.616374927930998, -10.031654892776 ], [ -36.617726764635997, -10.031552905418 ], [ -36.618826440981003, -10.032443464443 ], [ -36.619566788222002, -10.032609731533 ], [ -36.620006615226998, -10.032438108685 ], [ -36.620049547797997, -10.031815753710999 ], [ -36.621379972452999, -10.029975832844 ], [ -36.621331678447, -10.028747329870001 ], [ -36.621980758455003, -10.028200170614999 ], [ -36.622361603521, -10.027626144883 ], [ -36.623021502099, -10.027282849508 ], [ -36.624367918445003, -10.027046859914 ], [ -36.625869922219003, -10.026091980822001 ], [ -36.627028695207002, -10.026832285613001 ], [ -36.628053277684998, -10.028296777291001 ], [ -36.628525319177001, -10.029310606900999 ], [ -36.628965264876001, -10.03002407977 ], [ -36.630236606861999, -10.030158149489999 ], [ -36.631792255550003, -10.031483187979999 ], [ -36.632757918002, -10.032239542777001 ], [ -36.633455256368997, -10.032491688952 ], [ -36.634050727607999, -10.033022811197 ], [ -36.635080707946003, -10.033725486831999 ], [ -36.635477606450003, -10.033789861040001 ], [ -36.636346643892999, -10.03356461117 ], [ -36.637274695900999, -10.033575291389001 ], [ -36.638208113959998, -10.033940089082 ], [ -36.639034257170998, -10.034047370676999 ], [ -36.639333430984998, -10.034033594906999 ], [ -36.643127274398999, -10.038043879095 ] ] ] ] } },
{ "type": "Feature", "properties": { "gid": 1373, "terrai_cod": 21701, "terrai_nom": "Kariri-Xocó", "etnia_nome": "Kariri - Xocó", "municipio_": "São Brás,Porto Real do Colégio", "uf_sigla": "AL", "superficie": 699.358, "fase_ti": "Regularizada", "modalidade": "Tradicionalmente ocupada", "reestudo_t": null, "cr": "COORDENACAO REGIONAL NORDESTE I", "faixa_fron": "Não", "undadm_cod": 30202001969.0, "undadm_nom": "COORDENACAO REGIONAL NORDESTE I", "undadm_sig": "CR-NE-I", "dominio_un": "t", "data_atual": null, "epsg": 0 }, "geometry": { "type": "MultiPolygon", "coordinates": [ [ [ [ -36.817884261283893, -10.170516699547989 ], [ -36.839547237493207, -10.176905594241532 ], [ -36.841774924638003, -10.169965634107712 ], [ -36.83427585604062, -10.16774134966829 ], [ -36.839553349334892, -10.151352715403675 ], [ -36.83622124051243, -10.150795268531283 ], [ -36.835300402800215, -10.149925083487801 ], [ -36.833490999806827, -10.148429207670119 ], [ -36.830165419422428, -10.14575578192273 ], [ -36.825695115279416, -10.141463827331734 ], [ -36.824875855101823, -10.140407985614559 ], [ -36.824455449798279, -10.139077261731188 ], [ -36.824263892522481, -10.137905458835178 ], [ -36.824384812405924, -10.137200324187404 ], [ -36.824872752838758, -10.135134555804939 ], [ -36.825152088340246, -10.134706224361366 ], [ -36.825468445689012, -10.134435863690101 ], [ -36.825825994048898, -10.134080834266115 ], [ -36.82593903441682, -10.133852322770167 ], [ -36.819829305469057, -10.130796820733735 ], [ -36.815659193114243, -10.141350737986443 ], [ -36.815992723941235, -10.141534844277317 ], [ -36.816326254967748, -10.1417189508511 ], [ -36.816333215707573, -10.141722793127997 ], [ -36.81669463521024, -10.141818759146418 ], [ -36.816956274559459, -10.141858125818828 ], [ -36.817077177832061, -10.141885460014635 ], [ -36.817451685429887, -10.141972233907211 ], [ -36.817695895966779, -10.142033997398357 ], [ -36.817819968433469, -10.142077476100155 ], [ -36.818138198106396, -10.142282141448447 ], [ -36.818357009389331, -10.142474789993742 ], [ -36.81843055797566, -10.142540748059503 ], [ -36.818710352618325, -10.142808504137292 ], [ -36.818922546548038, -10.143109786338584 ], [ -36.818965052021326, -10.14321647412288 ], [ -36.819040969994035, -10.143457265131531 ], [ -36.819148379372052, -10.143808796721942 ], [ -36.819182207292613, -10.143921203912612 ], [ -36.819254230810145, -10.14416090217037 ], [ -36.819360039587878, -10.144513042313292 ], [ -36.819465584368004, -10.144865248943461 ], [ -36.819483449335905, -10.144925034868038 ], [ -36.819569675148898, -10.145217830000888 ], [ -36.819671410509727, -10.145571021528895 ], [ -36.819772349809682, -10.145924437872225 ], [ -36.819874099030358, -10.146277681600509 ], [ -36.819913474496445, -10.146412345206386 ], [ -36.819979580542054, -10.146629896946138 ], [ -36.820094102162443, -10.146979382723941 ], [ -36.820216720670032, -10.147326595929599 ], [ -36.820345915775874, -10.147672193649385 ], [ -36.820346731654354, -10.147674326221193 ], [ -36.820483687374463, -10.14801476316029 ], [ -36.82063353676989, -10.1483522574581 ], [ -36.820796077502678, -10.148684454060003 ], [ -36.820909936054079, -10.148899469847379 ], [ -36.820971205806643, -10.149011387957614 ], [ -36.821150780685514, -10.149335976856605 ], [ -36.821332965392855, -10.149658871908628 ], [ -36.821518549557595, -10.149979781200557 ], [ -36.821708322813549, -10.15029841282086 ], [ -36.821869510329861, -10.150560823664478 ], [ -36.821902992387777, -10.150614515911684 ], [ -36.82209952559225, -10.15092967945759 ], [ -36.822296058650011, -10.151244843516452 ], [ -36.82249259156066, -10.151560008088211 ], [ -36.822689124324313, -10.151875173172755 ], [ -36.82288565694131, -10.152190338770197 ], [ -36.822692098541268, -10.152481985365057 ], [ -36.822498539334561, -10.152773631315654 ], [ -36.822304979321302, -10.153065276622044 ], [ -36.822111418501549, -10.153356921284171 ], [ -36.821917856875018, -10.153648565301978 ], [ -36.821724294441992, -10.153940208675579 ], [ -36.821530731202188, -10.154231851405029 ], [ -36.821337167155775, -10.15452349348999 ], [ -36.82133145727795, -10.154532096509172 ], [ -36.821137277552054, -10.154811093905039 ], [ -36.82092799454, -10.15509273610661 ], [ -36.820715541350808, -10.155372463614526 ], [ -36.82053151648239, -10.155619419670643 ], [ -36.820506135293613, -10.155654274203584 ], [ -36.820303224307281, -10.155938122265752 ], [ -36.820105076397738, -10.156225239639696 ], [ -36.819909527457867, -10.15651936853692 ], [ -36.819906056365824, -10.156524691384675 ], [ -36.819748029535447, -10.156840390496257 ], [ -36.819673585563919, -10.157183695223466 ], [ -36.819677671748025, -10.157354501577515 ], [ -36.819704056132991, -10.157518256690707 ], [ -36.819794374313574, -10.157848694502661 ], [ -36.81992112471994, -10.158177477742356 ], [ -36.820022041960442, -10.158403891861497 ], [ -36.820067430272331, -10.158504252774435 ], [ -36.820208834203925, -10.15883071258969 ], [ -36.820354673758629, -10.159149864610072 ], [ -36.820523211951411, -10.159452402013358 ], [ -36.820732711898813, -10.159729018005805 ], [ -36.820760792334511, -10.159759312011772 ], [ -36.820975430848307, -10.159985625270053 ], [ -36.821218566431412, -10.160241986015308 ], [ -36.817884261283893, -10.170516699547989 ] ] ] ] } },
{ "type": "Feature", "properties": { "gid": 222, "terrai_cod": 21702, "terrai_nom": "Kariri-Xocó", "etnia_nome": "Kariri - Xocó", "municipio_": "São Brás,Porto Real do Colégio", "uf_sigla": "AL", "superficie": 4694.8823, "fase_ti": "Homologada", "modalidade": "Tradicionalmente ocupada", "reestudo_t": "Reestudo", "cr": "COORDENACAO REGIONAL NORDESTE I", "faixa_fron": "Não", "undadm_cod": 30202001969.0, "undadm_nom": "COORDENACAO REGIONAL NORDESTE I", "undadm_sig": "CR-NE-I", "dominio_un": "t", "data_atual": "22/11/2018", "epsg": 0 }, "geometry": { "type": "MultiPolygon", "coordinates": [ [ [ [ -36.857294189119003, -10.14567102158 ], [ -36.859763659118997, -10.144930331579999 ], [ -36.861262179119002, -10.144222081580001 ], [ -36.862627169119001, -10.143578481580001 ], [ -36.864903979118999, -10.14211856158 ], [ -36.865675949119002, -10.14146746158 ], [ -36.866668709118997, -10.140881071580001 ], [ -36.869525969119003, -10.139624641579999 ], [ -36.870284979118999, -10.139180251579999 ], [ -36.870533249118999, -10.138730841579999 ], [ -36.870904409118999, -10.138306441579999 ], [ -36.872535799118999, -10.13746033158 ], [ -36.874493709119001, -10.13646872158 ], [ -36.877020159118999, -10.13605301158 ], [ -36.878657569119, -10.13598053158 ], [ -36.880003549119003, -10.13558284158 ], [ -36.880089439118997, -10.135241731580001 ], [ -36.880219099119003, -10.134681541579999 ], [ -36.880335589118999, -10.13437750158 ], [ -36.880335589118999, -10.13437750158 ], [ -36.880077769118998, -10.13395102158 ], [ -36.879999679119003, -10.13388155158 ], [ -36.879898989118999, -10.13365539158 ], [ -36.878555859118997, -10.13037580158 ], [ -36.877444839119001, -10.128825541579999 ], [ -36.877018739119002, -10.12823085158 ], [ -36.876881339119002, -10.12803924158 ], [ -36.876881339119002, -10.12803924158 ], [ -36.876881339119002, -10.12803924158 ], [ -36.876881339119002, -10.12803924158 ], [ -36.876881339119002, -10.12803924158 ], [ -36.876881339119002, -10.12803924158 ], [ -36.876881339119002, -10.12803924158 ], [ -36.877260859118998, -10.12786652158 ], [ -36.877294569119002, -10.127845771580001 ], [ -36.877331739119001, -10.12782513158 ], [ -36.877373009118998, -10.12780497158 ], [ -36.877429449118999, -10.12778247158 ], [ -36.877486659119, -10.12776594158 ], [ -36.877525119118999, -10.12775778158 ], [ -36.877576799118998, -10.12775016158 ], [ -36.877646249119003, -10.127745001579999 ], [ -36.877739839119002, -10.12774525158 ], [ -36.878119399119001, -10.12777562158 ], [ -36.878227769119, -10.12777678158 ], [ -36.878285259118996, -10.12777335158 ], [ -36.878346339118998, -10.127765611579999 ], [ -36.878410919118998, -10.127752021579999 ], [ -36.878479299119, -10.127730311580001 ], [ -36.878536269119003, -10.127709081580001 ], [ -36.878596069118998, -10.127687141579999 ], [ -36.878719069119001, -10.127640571580001 ], [ -36.878799649119003, -10.127607471579999 ], [ -36.878843749119, -10.12758769158 ], [ -36.878891709119003, -10.12756431158 ], [ -36.878942239118999, -10.127536531580001 ], [ -36.878966879118998, -10.127521231579999 ], [ -36.878991169118997, -10.12750449158 ], [ -36.879014549118999, -10.12748620158 ], [ -36.879036299119001, -10.127466091580001 ], [ -36.879055509118999, -10.127444071579999 ], [ -36.879070989119001, -10.12741986158 ], [ -36.879076819119, -10.12740706158 ], [ -36.879080189119001, -10.12739461158 ], [ -36.879080729119003, -10.12738169158 ], [ -36.879079599119002, -10.12737291158 ], [ -36.879076309119, -10.127360961580001 ], [ -36.879069119119002, -10.127344641580001 ], [ -36.879063609119001, -10.12733521158 ], [ -36.879056199118999, -10.12732422158 ], [ -36.879046249119, -10.127311501579999 ], [ -36.879033209119001, -10.12729687158 ], [ -36.879016359118999, -10.12727995158 ], [ -36.878994869118998, -10.12726047158 ], [ -36.878967739118998, -10.12723806158 ], [ -36.878934339118999, -10.127212441579999 ], [ -36.878893929119002, -10.12718344158 ], [ -36.878846529119002, -10.127150861580001 ], [ -36.878793219118997, -10.12711500158 ], [ -36.878766069119003, -10.12709665158 ], [ -36.878738819119, -10.12707777158 ], [ -36.878635379118997, -10.12700832158 ], [ -36.878531799119003, -10.12694510158 ], [ -36.878462729119001, -10.12690615158 ], [ -36.878370269119003, -10.126857831580001 ], [ -36.878246509119002, -10.12679936158 ], [ -36.878175369118999, -10.12676872158 ], [ -36.878093579119003, -10.12673583158 ], [ -36.877999489118999, -10.12670069158 ], [ -36.877890909119003, -10.126663391579999 ], [ -36.877805509119, -10.126638251579999 ], [ -36.877715969119002, -10.12661806158 ], [ -36.877654549119001, -10.12660790158 ], [ -36.877571319118999, -10.12659923158 ], [ -36.877523359119003, -10.12659702158 ], [ -36.877468529119, -10.12659712158 ], [ -36.877406109119001, -10.126600961579999 ], [ -36.877335619119002, -10.12661063158 ], [ -36.877317079119003, -10.12661449158 ], [ -36.877298539119003, -10.126618261579999 ], [ -36.877259519119001, -10.12662840158 ], [ -36.877218659119002, -10.126641511580001 ], [ -36.877175949119, -10.126658411579999 ], [ -36.877131749119002, -10.126679731579999 ], [ -36.877080159118997, -10.12672847158 ], [ -36.877080159118997, -10.12672847158 ], [ -36.877064619118997, -10.12667839158 ], [ -36.877036749119, -10.12658854158 ], [ -36.877002759119001, -10.12649929158 ], [ -36.876976879118999, -10.12644038158 ], [ -36.876938519119001, -10.12636294158 ], [ -36.876880709119, -10.126262241579999 ], [ -36.876844409119002, -10.12620650158 ], [ -36.876800119118997, -10.126144571579999 ], [ -36.876746109118997, -10.12607643158 ], [ -36.876679999118998, -10.126002791579999 ], [ -36.876639569119, -10.12596376158 ], [ -36.876599149119002, -10.12592463158 ], [ -36.876553789119001, -10.12588601158 ], [ -36.876503869118999, -10.12584719158 ], [ -36.876448849119001, -10.12580887158 ], [ -36.876388339119003, -10.125771691580001 ], [ -36.876321789118997, -10.125736461580001 ], [ -36.876248659119, -10.125704261579999 ], [ -36.875788829119003, -10.12552314158 ], [ -36.875788919119003, -10.12552305158 ], [ -36.875800379118999, -10.12550008158 ], [ -36.875810929118998, -10.125477461579999 ], [ -36.875829459118997, -10.12543311158 ], [ -36.875843689119002, -10.125392701579999 ], [ -36.875854049118999, -10.12535662158 ], [ -36.875861009118999, -10.12532485158 ], [ -36.875865199118998, -10.12529721158 ], [ -36.875867369119, -10.12527319158 ], [ -36.875867779118998, -10.12525249158 ], [ -36.875867079118997, -10.12523468158 ], [ -36.875865539118998, -10.12521930158 ], [ -36.875860689119001, -10.12519315158 ], [ -36.875855069118998, -10.12517431158 ], [ -36.875849589118999, -10.12516054158 ], [ -36.875839509118997, -10.12514086158 ], [ -36.875826949119002, -10.12512216158 ], [ -36.875752109118999, -10.12503048158 ], [ -36.875683109119002, -10.12495392158 ], [ -36.875620499119002, -10.12488935158 ], [ -36.875563749119003, -10.124834931580001 ], [ -36.875506909118997, -10.124780511579999 ], [ -36.875153499119001, -10.12446621158 ], [ -36.875081029119002, -10.124402831579999 ], [ -36.874950739119001, -10.12429597158 ], [ -36.874753369118999, -10.124138501579999 ], [ -36.874656839118998, -10.124057711580001 ], [ -36.874563709119002, -10.123973681580001 ], [ -36.874548219118999, -10.12395731158 ], [ -36.874535649118997, -10.123940511580001 ], [ -36.874525549118999, -10.12392345158 ], [ -36.874517539118997, -10.12390613158 ], [ -36.874511369118999, -10.12388874158 ], [ -36.874503479118999, -10.123853351579999 ], [ -36.874500329119002, -10.123818441579999 ], [ -36.874500379118999, -10.12378427158 ], [ -36.874502689118998, -10.123751201579999 ], [ -36.874511229119001, -10.12368708158 ], [ -36.874531339119002, -10.123570711579999 ], [ -36.874537919119, -10.12352664158 ], [ -36.874542099118997, -10.12348825158 ], [ -36.874544229119003, -10.12345491158 ], [ -36.874544419118997, -10.12342608158 ], [ -36.874543309118998, -10.12340122158 ], [ -36.874537569118999, -10.12335852158 ], [ -36.874529659118998, -10.12332737158 ], [ -36.874521499118998, -10.12330463158 ], [ -36.874505299119001, -10.12327163158 ], [ -36.874483799118998, -10.123240131579999 ], [ -36.874409259118998, -10.123145191580001 ], [ -36.874341949119, -10.12306070158 ], [ -36.874281399118999, -10.122988721580001 ], [ -36.874227049119, -10.122929341580001 ], [ -36.874178479119003, -10.122881491579999 ], [ -36.874135119119003, -10.12284361158 ], [ -36.874096639119003, -10.122814161579999 ], [ -36.874062399118998, -10.12279161158 ], [ -36.874032039119001, -10.122774701579999 ], [ -36.874005209118998, -10.122762141580001 ], [ -36.873981459119001, -10.122753041579999 ], [ -36.873939489119003, -10.12274165158 ], [ -36.873907499118999, -10.12273720158 ], [ -36.873883239119003, -10.12273622158 ], [ -36.873846549119001, -10.122739061580001 ], [ -36.873809279119001, -10.12274704158 ], [ -36.873735059118999, -10.12277007158 ], [ -36.873669869118999, -10.12279287158 ], [ -36.873612619119001, -10.12281456158 ], [ -36.873512369118998, -10.122855491579999 ], [ -36.873362609118999, -10.12292122158 ], [ -36.873214669119001, -10.122987611579999 ], [ -36.873150629119003, -10.123017021580001 ], [ -36.873038979119002, -10.12307152158 ], [ -36.872871959119003, -10.12315441158 ], [ -36.872788419118997, -10.123193281580001 ], [ -36.872704719119, -10.123228621579999 ], [ -36.872663669119, -10.12324209158 ], [ -36.872624669118998, -10.12325016158 ], [ -36.872587699119002, -10.12325381158 ], [ -36.872552849119003, -10.12325403158 ], [ -36.872552849119003, -10.12325403158 ], [ -36.872519849119001, -10.12325147158 ], [ -36.872488859119002, -10.12324684158 ], [ -36.872459619118999, -10.12324050158 ], [ -36.872432209118998, -10.12323310158 ], [ -36.872380699118999, -10.123215051580001 ], [ -36.872335679118997, -10.123195411579999 ], [ -36.872296309119001, -10.12317545158 ], [ -36.872262049119001, -10.12315598158 ], [ -36.872202369119002, -10.123117991579999 ], [ -36.872158149119002, -10.123086431580001 ], [ -36.872092719119003, -10.12303521158 ], [ -36.872028679118998, -10.12297993158 ], [ -36.871963869119, -10.12291823158 ], [ -36.871908699118997, -10.122859761579999 ], [ -36.871861359119002, -10.122804311579999 ], [ -36.871820739119002, -10.122751901579999 ], [ -36.871785489118999, -10.12270223158 ], [ -36.871726459119003, -10.122608121580001 ], [ -36.871681029119003, -10.122524761579999 ], [ -36.871645399118997, -10.122450951579999 ], [ -36.871589789119, -10.122320161579999 ], [ -36.871515939119, -10.122120561579999 ], [ -36.871442569118997, -10.12191726158 ], [ -36.871429179118998, -10.121873881579999 ], [ -36.871421149119001, -10.121832251580001 ], [ -36.871416939119001, -10.12179263158 ], [ -36.871415459119, -10.12175493158 ], [ -36.871417479119003, -10.12168318158 ], [ -36.871427989118999, -10.121555711579999 ], [ -36.871431409118998, -10.12150765158 ], [ -36.871433139118999, -10.12146581158 ], [ -36.871433199118997, -10.121429301579999 ], [ -36.871431859118999, -10.12139756158 ], [ -36.871425379119003, -10.121342561580001 ], [ -36.871416529119003, -10.12130183158 ], [ -36.871407239119002, -10.121271671580001 ], [ -36.871398539118999, -10.12124938158 ], [ -36.871382519119003, -10.121216201579999 ], [ -36.871362759119002, -10.121183711580001 ], [ -36.871321519119, -10.121128671579999 ], [ -36.871278149119, -10.121080301579999 ], [ -36.871233999118999, -10.12103808158 ], [ -36.871189729119003, -10.12100137158 ], [ -36.871146159119, -10.120969541579999 ], [ -36.871103649119, -10.120941971580001 ], [ -36.871062479118997, -10.120918291580001 ], [ -36.871023119119002, -10.12089806158 ], [ -36.870947349119, -10.12086530158 ], [ -36.870879809119003, -10.120842361579999 ], [ -36.870820349119001, -10.120826881579999 ], [ -36.870768329119002, -10.12081705158 ], [ -36.870723209118999, -10.12081134158 ], [ -36.870684099119003, -10.12080855158 ], [ -36.870617049118998, -10.120808931579999 ], [ -36.870568209119, -10.12081368158 ], [ -36.870532689119003, -10.12081978158 ], [ -36.870481429119003, -10.12083327158 ], [ -36.870432959119, -10.12085194158 ], [ -36.870402209119, -10.120867111580001 ], [ -36.870373729119002, -10.12088310158 ], [ -36.870347439119001, -10.12089965158 ], [ -36.870299139118998, -10.120934141579999 ], [ -36.870258049119002, -10.12096777158 ], [ -36.870222999119001, -10.120999361579999 ], [ -36.870193159118998, -10.12102863158 ], [ -36.870142729119003, -10.121082531580001 ], [ -36.870106419118997, -10.121124781580001 ], [ -36.870054809118997, -10.121190071579999 ], [ -36.870006759119001, -10.121256371579999 ], [ -36.869995039118997, -10.12127654158 ], [ -36.869987419118999, -10.12129719158 ], [ -36.869983179118996, -10.12131804158 ], [ -36.869981859119001, -10.121339001580001 ], [ -36.869982999119003, -10.121359981579999 ], [ -36.869986139119, -10.12138079158 ], [ -36.869991019118999, -10.121401521579999 ], [ -36.870004889119002, -10.121442651580001 ], [ -36.870022329119003, -10.121482261580001 ], [ -36.870041779118999, -10.121520071580001 ], [ -36.870083719119002, -10.12159175158 ], [ -36.870122719119003, -10.12165428158 ], [ -36.870155929119001, -10.121707821579999 ], [ -36.870182449119, -10.12175328158 ], [ -36.870202449118999, -10.121791461580001 ], [ -36.870216559119001, -10.12182346158 ], [ -36.870225869118997, -10.121850181579999 ], [ -36.870231289118998, -10.12187245158 ], [ -36.870233629118999, -10.12189100158 ], [ -36.870233709118999, -10.121906361580001 ], [ -36.870232169118999, -10.12191928158 ], [ -36.870225639118999, -10.12194030158 ], [ -36.870217159119001, -10.12195479158 ], [ -36.870208609118997, -10.12196477158 ], [ -36.870192279119003, -10.12197849158 ], [ -36.870171309119002, -10.12199047158 ], [ -36.870145699119, -10.12200124158 ], [ -36.870121469118999, -10.12200913158 ], [ -36.870098449118998, -10.122014671580001 ], [ -36.870076799118998, -10.12201842158 ], [ -36.870076799118998, -10.12201842158 ], [ -36.870056359118998, -10.122020731579999 ], [ -36.870017759119001, -10.122022471579999 ], [ -36.869983739119, -10.12202143158 ], [ -36.869953929118999, -10.12201907158 ], [ -36.869901789118998, -10.12201241158 ], [ -36.869824069118998, -10.121999431580001 ], [ -36.869785709119, -10.121993121579999 ], [ -36.869747799118997, -10.121987731580001 ], [ -36.869688929119, -10.12197849158 ], [ -36.869633729119002, -10.12196674158 ], [ -36.869530289118998, -10.121938051580001 ], [ -36.869439909119002, -10.12190800158 ], [ -36.869282209119, -10.121850311579999 ], [ -36.869164629118998, -10.12180824158 ], [ -36.869076969119, -10.121780551580001 ], [ -36.869011579118997, -10.121763231579999 ], [ -36.868962759119, -10.12175261158 ], [ -36.868889859119001, -10.121741651580001 ], [ -36.868817459119001, -10.12173739158 ], [ -36.868782499119, -10.12174014158 ], [ -36.868752069118997, -10.121748261580001 ], [ -36.868725529118997, -10.12176101158 ], [ -36.868702529118998, -10.121777591580001 ], [ -36.868682509118997, -10.121797341580001 ], [ -36.868665119119001, -10.12181973158 ], [ -36.868649999119, -10.12184422158 ], [ -36.868636879119002, -10.121870531580001 ], [ -36.868615239119002, -10.121927601579999 ], [ -36.868598789118998, -10.12198751158 ], [ -36.868586079118998, -10.12204835158 ], [ -36.868576009119003, -10.12210866158 ], [ -36.868560269119001, -10.122227601580001 ], [ -36.868533589118996, -10.12244074158 ], [ -36.868521039119003, -10.12251785158 ], [ -36.868507749118997, -10.12258230158 ], [ -36.868493809119002, -10.12263563158 ], [ -36.868479559119002, -10.12267937158 ], [ -36.868465279119, -10.12271516158 ], [ -36.868451219119002, -10.12274427158 ], [ -36.868422739118998, -10.122789641580001 ], [ -36.868397819118996, -10.122818581580001 ], [ -36.868376899118999, -10.12283706158 ], [ -36.868341729119003, -10.12285934158 ], [ -36.868301679119, -10.122874361579999 ], [ -36.868286969118998, -10.122877971579999 ], [ -36.868258379118998, -10.122883571579999 ], [ -36.868232359118998, -10.12288719158 ], [ -36.868209169118998, -10.12288921158 ], [ -36.868188639118998, -10.122890251579999 ], [ -36.868170579119003, -10.12289041158 ], [ -36.868154709118997, -10.122890031580001 ], [ -36.868127079118999, -10.122888231579999 ], [ -36.868106659119, -10.12288575158 ], [ -36.868091449118999, -10.12288330158 ], [ -36.868069219119, -10.122878631580001 ], [ -36.868047549118998, -10.122872711579999 ], [ -36.867958329118999, -10.122846191580001 ], [ -36.867925009118999, -10.122835671580001 ], [ -36.867896069118999, -10.12282563158 ], [ -36.867871049119003, -10.122815981580001 ], [ -36.867849489119003, -10.122806711579999 ], [ -36.867830849119002, -10.122797821580001 ], [ -36.867798859118999, -10.122780171580001 ], [ -36.867775509118999, -10.122765101580001 ], [ -36.867758449119002, -10.122752521580001 ], [ -36.867733589118998, -10.122731481580001 ], [ -36.867721529119002, -10.12271992158 ], [ -36.867709759119002, -10.12270755158 ], [ -36.867672819119001, -10.12266483158 ], [ -36.867641529118998, -10.12262432158 ], [ -36.867614779119002, -10.12258582158 ], [ -36.867591849119002, -10.12254943158 ], [ -36.867553719119002, -10.122480121580001 ], [ -36.867524939119001, -10.12241865158 ], [ -36.867502579118998, -10.122364281579999 ], [ -36.867468189119002, -10.122267881579999 ], [ -36.867422549118999, -10.12212098158 ], [ -36.867375729118997, -10.12197235158 ], [ -36.867351569119002, -10.121902241580001 ], [ -36.867330179119001, -10.121839011580001 ], [ -36.867312309119001, -10.12178276158 ], [ -36.867298219119, -10.12173314158 ], [ -36.867287659119, -10.121689781580001 ], [ -36.867279969118997, -10.121651951580001 ], [ -36.867274809119003, -10.12161910158 ], [ -36.867271619119002, -10.12159052158 ], [ -36.867269389119002, -10.12154125158 ], [ -36.867270909119, -10.12150510158 ], [ -36.867273999119, -10.121478461580001 ], [ -36.867282099119002, -10.121439371579999 ], [ -36.867287789118997, -10.12142034158 ], [ -36.867294759118998, -10.121401671579999 ], [ -36.867303549119001, -10.12138248158 ], [ -36.867313519119001, -10.121364831579999 ], [ -36.867336529119001, -10.12133343158 ], [ -36.867361969119003, -10.121306841579999 ], [ -36.867388849119003, -10.121284151579999 ], [ -36.867416439118998, -10.12126453158 ], [ -36.867444099118998, -10.12124745158 ], [ -36.867444099118998, -10.12124745158 ], [ -36.867499669118999, -10.12121780158 ], [ -36.867551179118998, -10.12119382158 ], [ -36.867644219119001, -10.121153211579999 ], [ -36.867713389118997, -10.121121391579999 ], [ -36.867763179119002, -10.12109559158 ], [ -36.867798629119001, -10.12107440158 ], [ -36.867823909118997, -10.121057391580001 ], [ -36.867859039118997, -10.12102951158 ], [ -36.867890439119002, -10.12099834158 ], [ -36.868037049119003, -10.12082991158 ], [ -36.868090559118997, -10.120765001580001 ], [ -36.868180729118997, -10.120648531580001 ], [ -36.868244169119002, -10.12055820158 ], [ -36.868288869118999, -10.12048862158 ], [ -36.868320419119001, -10.12043531158 ], [ -36.868364379119001, -10.12035326158 ], [ -36.868403619119, -10.120268641579999 ], [ -36.868416609119002, -10.12023501158 ], [ -36.868435569119001, -10.120168341579999 ], [ -36.868446669119002, -10.120104141580001 ], [ -36.868451999119003, -10.12004271158 ], [ -36.868453299118997, -10.119984241579999 ], [ -36.868448469119002, -10.11987295158 ], [ -36.868428779119, -10.119676051580001 ], [ -36.868416339119001, -10.11952990158 ], [ -36.868414509118999, -10.119476111579999 ], [ -36.868417119119002, -10.11938393158 ], [ -36.868425499118999, -10.11931674158 ], [ -36.868436129118997, -10.119267731580001 ], [ -36.868446949118997, -10.11923174158 ], [ -36.868468089118998, -10.119179361580001 ], [ -36.868495789119002, -10.11912892158 ], [ -36.868752699119, -10.118723301579999 ], [ -36.868786319119003, -10.11870038158 ], [ -36.868818909119, -10.118682701579999 ], [ -36.868850379119003, -10.11866916158 ], [ -36.868880549118998, -10.118658781580001 ], [ -36.868909249119, -10.11865074158 ], [ -36.868964239119002, -10.118639441579999 ], [ -36.869013089119001, -10.118632351580001 ], [ -36.869099259118997, -10.11862296158 ], [ -36.869163529119, -10.11861551158 ], [ -36.869211099118999, -10.11860796158 ], [ -36.869246179119003, -10.11860050158 ], [ -36.869272039118997, -10.118593621580001 ], [ -36.869309979119002, -10.118580761580001 ], [ -36.869346759118997, -10.118564281579999 ], [ -36.869439769118998, -10.118514171579999 ], [ -36.869519989118999, -10.11846688158 ], [ -36.869589049119, -10.118423221580001 ], [ -36.869706889119001, -10.11834245158 ], [ -36.869792139118999, -10.11827892158 ], [ -36.869854129118998, -10.11823006158 ], [ -36.869943379119, -10.118155441580001 ], [ -36.870027709119, -10.11807997158 ], [ -36.870038449119001, -10.11806910158 ], [ -36.870047919119003, -10.11805777158 ], [ -36.870064039119001, -10.11803374158 ], [ -36.870076609119003, -10.11800906158 ], [ -36.870086529119, -10.117984181580001 ], [ -36.870094449119001, -10.117959641580001 ], [ -36.870100809119002, -10.11793582158 ], [ -36.870110689119002, -10.117889251579999 ], [ -36.870124559118999, -10.11780555158 ], [ -36.870135549118999, -10.11774398158 ], [ -36.870145969119001, -10.11770011158 ], [ -36.870155749119, -10.117669271580001 ], [ -36.870164459119003, -10.117647631580001 ], [ -36.870171949118998, -10.11763240158 ], [ -36.870184959119001, -10.11761125158 ], [ -36.870200309118999, -10.11759245158 ], [ -36.870212969119002, -10.117581961579999 ], [ -36.870225959118997, -10.117576441580001 ], [ -36.870239199118998, -10.11757499158 ], [ -36.870252589118998, -10.11757716158 ], [ -36.870265969118996, -10.117582301580001 ], [ -36.870279419119001, -10.11758998158 ], [ -36.870292669119003, -10.117599651580001 ], [ -36.870305909118997, -10.117611031579999 ], [ -36.870318959118997, -10.11762377158 ], [ -36.870344859119001, -10.11765250158 ], [ -36.870369649118999, -10.11768358158 ], [ -36.870393339118998, -10.11771564158 ], [ -36.870438249118997, -10.11778019158 ], [ -36.870477639119002, -10.11783838158 ], [ -36.870511609118999, -10.11788786158 ], [ -36.870540719118999, -10.11792809158 ], [ -36.870565499119003, -10.117959711579999 ], [ -36.870586409118999, -10.11798389158 ], [ -36.870604169118998, -10.118001811579999 ], [ -36.870619139119, -10.118014561580001 ], [ -36.870631849119, -10.118023321580001 ], [ -36.870642579119, -10.118028901580001 ], [ -36.870651679119, -10.118032121580001 ], [ -36.870659339119001, -10.11803353158 ], [ -36.870672199118999, -10.11803280158 ], [ -36.870681349119003, -10.118029421579999 ], [ -36.870687939119001, -10.11802513158 ], [ -36.870697309119002, -10.11801588158 ], [ -36.870697309119002, -10.11801588158 ], [ -36.870705969119001, -10.11800292158 ], [ -36.870772159118999, -10.117882681579999 ], [ -36.870868419118999, -10.11770027158 ], [ -36.870963309118999, -10.117515861579999 ], [ -36.871076709119002, -10.117292621580001 ], [ -36.871160099119002, -10.11712432158 ], [ -36.871280429118997, -10.11687229158 ], [ -36.871337809118998, -10.11674702158 ], [ -36.871392819119002, -10.11662273158 ], [ -36.871400909118996, -10.11659892158 ], [ -36.871403509118998, -10.11657806158 ], [ -36.871401619118998, -10.116559881580001 ], [ -36.871395609118998, -10.116543931580001 ], [ -36.871386309119003, -10.116530041580001 ], [ -36.871374259119001, -10.11651794158 ], [ -36.871359729119, -10.116507281580001 ], [ -36.871343279119003, -10.11649804158 ], [ -36.871325279118999, -10.11648997158 ], [ -36.871284959119002, -10.11647642158 ], [ -36.871241599119003, -10.116466021580001 ], [ -36.871196869118997, -10.11645787158 ], [ -36.871152029119003, -10.116451341579999 ], [ -36.871062249118999, -10.11644100158 ], [ -36.870898349119003, -10.116424031579999 ], [ -36.870838109118999, -10.116416411579999 ], [ -36.870787439118999, -10.11640849158 ], [ -36.870745169118997, -10.116400351579999 ], [ -36.870710199119003, -10.116392081580001 ], [ -36.870681519119003, -10.11638385158 ], [ -36.870657949119, -10.116375831579999 ], [ -36.870620839118999, -10.116359681580001 ], [ -36.870596759119003, -10.11634552158 ], [ -36.870581049118996, -10.11633376158 ], [ -36.870561749118998, -10.116314021579999 ], [ -36.870547759118999, -10.11629151158 ], [ -36.870540749119002, -10.11627547158 ], [ -36.870534299119001, -10.116258611579999 ], [ -36.870528389119002, -10.116241581580001 ], [ -36.870523209119, -10.116224561579999 ], [ -36.870518579119, -10.116207901579999 ], [ -36.870511309119003, -10.116175311579999 ], [ -36.870506579119002, -10.116145811579999 ], [ -36.870504019118997, -10.11611986158 ], [ -36.870503159118996, -10.116097251579999 ], [ -36.870503749119003, -10.116077821579999 ], [ -36.870505309118997, -10.116061201580001 ], [ -36.870507509119001, -10.116047121579999 ], [ -36.870510139118998, -10.11603511158 ], [ -36.870516379119003, -10.11601518158 ], [ -36.870522679118999, -10.11600121158 ], [ -36.870528209119001, -10.11599139158 ], [ -36.870538069119, -10.11597772158 ], [ -36.870549909118999, -10.115965681580001 ], [ -36.870650549118999, -10.11587920158 ], [ -36.870831399118998, -10.11573205158 ], [ -36.870970569119002, -10.115625121580001 ], [ -36.871183859119, -10.11546959158 ], [ -36.871401399119001, -10.11531960158 ], [ -36.871442899119003, -10.115293021579999 ], [ -36.871522099118998, -10.11524816158 ], [ -36.871806429118998, -10.11510899158 ], [ -36.871877099118997, -10.11507013158 ], [ -36.871929579118998, -10.115037751579999 ], [ -36.871968439119001, -10.11501116158 ], [ -36.872025739119003, -10.114966971579999 ], [ -36.872053989119003, -10.114942661580001 ], [ -36.872081799119002, -10.114916711579999 ], [ -36.872114589119001, -10.11488249158 ], [ -36.872142549118998, -10.11484868158 ], [ -36.872166479119002, -10.11481558158 ], [ -36.872186849118997, -10.114783531580001 ], [ -36.872204199118997, -10.114752641580001 ], [ -36.872218809118998, -10.11472318158 ], [ -36.872231129119001, -10.114694971580001 ], [ -36.872250639119002, -10.114641221579999 ], [ -36.872263809118998, -10.114593401580001 ], [ -36.872272389118997, -10.11455134158 ], [ -36.872277649118999, -10.114514401579999 ], [ -36.872280509119001, -10.114482151580001 ], [ -36.872281609119, -10.11442621158 ], [ -36.872279229119002, -10.11438489158 ], [ -36.872275599119, -10.11435432158 ], [ -36.872267319118997, -10.114309521579999 ], [ -36.872255479118998, -10.114266241579999 ], [ -36.872239819119002, -10.114220041579999 ], [ -36.872205719119002, -10.114133771580001 ], [ -36.872172009118998, -10.114058441579999 ], [ -36.872107479119002, -10.113926881579999 ], [ -36.872007889118997, -10.11372946158 ], [ -36.871961839119002, -10.11363046158 ], [ -36.871940819118997, -10.11358079158 ], [ -36.871921439118999, -10.113531051580001 ], [ -36.871910179118998, -10.113496721580001 ], [ -36.871901729119003, -10.11346412158 ], [ -36.871889999118999, -10.11340231158 ], [ -36.871875769119001, -10.113292041579999 ], [ -36.871870299119003, -10.113250341580001 ], [ -36.871864429119, -10.113213781580001 ], [ -36.871858069119, -10.11318174158 ], [ -36.871858069119, -10.11318174158 ], [ -36.871851409119003, -10.11315368158 ], [ -36.871836499118999, -10.113104781580001 ], [ -36.871821959119004, -10.11306817158 ], [ -36.871808829118997, -10.113040871580001 ], [ -36.871797559119003, -10.11302046158 ], [ -36.871778239119003, -10.11299006158 ], [ -36.871755819119002, -10.112959821580001 ], [ -36.871686669119001, -10.11287757158 ], [ -36.871624259119002, -10.112810461580001 ], [ -36.871568609119002, -10.11275614158 ], [ -36.871519089118998, -10.11271262158 ], [ -36.871475359119003, -10.11267790158 ], [ -36.871436859119001, -10.112650351579999 ], [ -36.871402979118997, -10.112628621580001 ], [ -36.871380379119003, -10.11261193158 ], [ -36.871357959119003, -10.11259506158 ], [ -36.871321559119004, -10.112566901579999 ], [ -36.871296319118997, -10.112550021580001 ], [ -36.871273969119002, -10.11253595158 ], [ -36.871251509118999, -10.112524601580001 ], [ -36.871216249119001, -10.112505301580001 ], [ -36.871216249119001, -10.112505301580001 ], [ -36.871208959119002, -10.11250471158 ], [ -36.871193169119003, -10.112505241579999 ], [ -36.871178379119002, -10.112507581579999 ], [ -36.871178379119002, -10.112507581579999 ], [ -36.871164399119003, -10.112511291580001 ], [ -36.871151229119, -10.112515911579999 ], [ -36.871138879119002, -10.11252125158 ], [ -36.871127349119, -10.112527141579999 ], [ -36.871105559119002, -10.11253992158 ], [ -36.871086499119002, -10.11255282158 ], [ -36.871069729119, -10.112565181580001 ], [ -36.871040559119002, -10.11258885158 ], [ -36.870996979118999, -10.11262717158 ], [ -36.870953759118997, -10.11266594158 ], [ -36.870947339118999, -10.11267213158 ], [ -36.870941819118997, -10.11267842158 ], [ -36.870937129119, -10.11268490158 ], [ -36.870932979118997, -10.11269147158 ], [ -36.870926419119002, -10.112704711579999 ], [ -36.870921679119, -10.11271788158 ], [ -36.870918219118998, -10.11273078158 ], [ -36.870915759119001, -10.11274315158 ], [ -36.870912599119002, -10.112766901580001 ], [ -36.870909039118999, -10.11280891158 ], [ -36.870907569118998, -10.11282417158 ], [ -36.870905749118997, -10.11283727158 ], [ -36.870903849119003, -10.11284828158 ], [ -36.870901599119001, -10.11285758158 ], [ -36.870899269119001, -10.11286543158 ], [ -36.870894079118997, -10.112878411580001 ], [ -36.870889089118997, -10.11288742158 ], [ -36.870884669119, -10.11289362158 ], [ -36.870876859119001, -10.112902161579999 ], [ -36.870867419119001, -10.112909691580001 ], [ -36.870851759118999, -10.112918901580001 ], [ -36.870836119118998, -10.11292576158 ], [ -36.870820579118998, -10.112930541580001 ], [ -36.870805049118999, -10.11293369158 ], [ -36.870789709119002, -10.11293540158 ], [ -36.870759069119003, -10.112935201579999 ], [ -36.870729539118997, -10.112931311580001 ], [ -36.870701029118997, -10.11292497158 ], [ -36.870673899118998, -10.11291703158 ], [ -36.870622119118998, -10.112898251580001 ], [ -36.870530059118998, -10.112859971580001 ], [ -36.870495759119002, -10.11284601158 ], [ -36.870465919118999, -10.11283478158 ], [ -36.870440249119, -10.11282630158 ], [ -36.870418029119001, -10.11281992158 ], [ -36.870398819119004, -10.11281546158 ], [ -36.870366009119003, -10.112810551580001 ], [ -36.870342119119002, -10.112809581580001 ], [ -36.870324689119002, -10.112810641579999 ], [ -36.870299299118997, -10.11281545158 ], [ -36.870274979119003, -10.112824421579999 ], [ -36.870231229119, -10.11284719158 ], [ -36.870191389119, -10.112871331579999 ], [ -36.870154739119002, -10.11289622158 ], [ -36.870087629118999, -10.11294749158 ], [ -36.870029839118999, -10.11299592158 ], [ -36.869928829118997, -10.11308421158 ], [ -36.869851319119, -10.11314969158 ], [ -36.869791269118998, -10.11319621158 ], [ -36.869744619118997, -10.113228811580001 ], [ -36.869708619119002, -10.113251631580001 ], [ -36.869652679119, -10.11328254158 ], [ -36.869594039119001, -10.11330873158 ], [ -36.869552069119003, -10.113324821579999 ], [ -36.869515129119002, -10.11333823158 ], [ -36.869482579119001, -10.113349141580001 ], [ -36.869453969119, -10.113357901580001 ], [ -36.869429019119003, -10.113364881580001 ], [ -36.869385169118999, -10.11337526158 ], [ -36.869352389119001, -10.11338129158 ], [ -36.869327829119001, -10.113384651580001 ], [ -36.869291139118999, -10.11338767158 ], [ -36.869272889119003, -10.11338818158 ], [ -36.869254649119, -10.11338797158 ], [ -36.869222459119001, -10.113386501580001 ], [ -36.869162199119003, -10.11338078158 ], [ -36.869109529119001, -10.113372481580001 ], [ -36.869063529119003, -10.113362691580001 ], [ -36.869023369118999, -10.113352131579999 ], [ -36.868988419118999, -10.113341331579999 ], [ -36.868957839118998, -10.11333065158 ], [ -36.868904709119001, -10.113309061580001 ], [ -36.868864969119002, -10.11329055158 ], [ -36.868835429119002, -10.11327517158 ], [ -36.868791259119, -10.113249941579999 ], [ -36.868747479119001, -10.11322182158 ], [ -36.868734129118998, -10.113212601580001 ], [ -36.868710619119, -10.11319509158 ], [ -36.868691299119, -10.11317951158 ], [ -36.868675239119, -10.113165581580001 ], [ -36.868661919118999, -10.113153201579999 ], [ -36.868639719119003, -10.11313082158 ], [ -36.868623869118998, -10.11311355158 ], [ -36.868601059119001, -10.11308646158 ], [ -36.868579079119002, -10.113057851580001 ], [ -36.868557209118997, -10.113027521579999 ], [ -36.868520249119001, -10.11297368158 ], [ -36.868466329119002, -10.11289234158 ], [ -36.868439229118998, -10.11285204158 ], [ -36.868439229118998, -10.11285204158 ], [ -36.868411309118997, -10.11281236158 ], [ -36.868371339119001, -10.11276004158 ], [ -36.868334319119, -10.11271569158 ], [ -36.868199229119, -10.112563961579999 ], [ -36.868166189119002, -10.112525331580001 ], [ -36.868118779119001, -10.11246564158 ], [ -36.868096369119002, -10.112434761579999 ], [ -36.868075139119, -10.11240299158 ], [ -36.868059899118997, -10.11237605158 ], [ -36.868048489118998, -10.11234994158 ], [ -36.868039989118998, -10.11232467158 ], [ -36.868033769119002, -10.112300401580001 ], [ -36.868029169118998, -10.112277241579999 ], [ -36.868023359119, -10.112232731580001 ], [ -36.868020519119, -10.11219303158 ], [ -36.868015609118999, -10.11205154158 ], [ -36.868013019118997, -10.112016371579999 ], [ -36.868009999119003, -10.11199023158 ], [ -36.868003409118998, -10.11195159158 ], [ -36.867993629118999, -10.11191374158 ], [ -36.867980139118998, -10.111869911579999 ], [ -36.867968259119003, -10.111832141580001 ], [ -36.867957249119002, -10.111799531579999 ], [ -36.867946859119002, -10.111771531580001 ], [ -36.867936889119001, -10.111747251580001 ], [ -36.867927269119001, -10.111726301579999 ], [ -36.867918179119002, -10.11170817158 ], [ -36.867900139119001, -10.11167687158 ], [ -36.867884699119003, -10.11165381158 ], [ -36.867871949118999, -10.111636731580001 ], [ -36.867850589119001, -10.11161156158 ], [ -36.867838899119, -10.11159910158 ], [ -36.867826389119003, -10.11158682158 ], [ -36.867803179119001, -10.11156660158 ], [ -36.867780389118998, -10.11155009158 ], [ -36.867758309118997, -10.11153657158 ], [ -36.867736949118999, -10.111525501579999 ], [ -36.867716579118998, -10.11151660158 ], [ -36.867697099118999, -10.111509421579999 ], [ -36.867678619118998, -10.11150361158 ], [ -36.867643469119002, -10.111495161580001 ], [ -36.867612489118997, -10.111490251579999 ], [ -36.867585229119001, -10.11148755158 ], [ -36.867561429119, -10.111486491579999 ], [ -36.867520109118999, -10.111486941580001 ], [ -36.867489719119, -10.11148901158 ], [ -36.867445439119003, -10.111494691580001 ], [ -36.867403339119001, -10.11150264158 ], [ -36.867354909119001, -10.11151606158 ], [ -36.867310099119003, -10.11153322158 ], [ -36.867268459119003, -10.111552741580001 ], [ -36.867229739118997, -10.111573551579999 ], [ -36.867157659119002, -10.111617921580001 ], [ -36.866905029119003, -10.11179145158 ], [ -36.866840379118997, -10.111829991580001 ], [ -36.866791139119002, -10.11185534158 ], [ -36.866753629119003, -10.11187181158 ], [ -36.866696579119001, -10.111891781580001 ], [ -36.866667519118998, -10.11189928158 ], [ -36.866638209119003, -10.111904961580001 ], [ -36.866586989119, -10.11191204158 ], [ -36.866541259119003, -10.111916451580001 ], [ -36.866500739118997, -10.111918981580001 ], [ -36.866465069119002, -10.11192011158 ], [ -36.866402129119002, -10.111919971580001 ], [ -36.866354889119002, -10.111917951580001 ], [ -36.866319519119003, -10.11191537158 ], [ -36.866266829118999, -10.11190979158 ], [ -36.866214699118999, -10.111902221579999 ], [ -36.866126159118998, -10.11188465158 ], [ -36.866049389118999, -10.11186508158 ], [ -36.865982939119, -10.111845041580001 ], [ -36.865925229119, -10.11182550158 ], [ -36.865825599118999, -10.111787531579999 ], [ -36.865752109119001, -10.11175632158 ], [ -36.865643979119, -10.111706181580001 ], [ -36.865538609119, -10.111653431580001 ], [ -36.865528889118998, -10.11164758158 ], [ -36.865520269119003, -10.11164075158 ], [ -36.865512469118997, -10.111633101580001 ], [ -36.865505589119003, -10.11162483158 ], [ -36.865499359118999, -10.111616031580001 ], [ -36.865488539118999, -10.111597161580001 ], [ -36.865479819119003, -10.111577581580001 ], [ -36.865472649118999, -10.111557921579999 ], [ -36.865466579119001, -10.111538621579999 ], [ -36.865456789119001, -10.111501051579999 ], [ -36.865449159119002, -10.111467921579999 ], [ -36.865442779119, -10.11143968158 ], [ -36.865437099118999, -10.111416051579999 ], [ -36.865431759118998, -10.11139685158 ], [ -36.865426749119003, -10.111381271580001 ], [ -36.865421909119, -10.111368861580001 ], [ -36.865417319118997, -10.111359071580001 ], [ -36.865412989119001, -10.111351361580001 ], [ -36.865408929118999, -10.111345371580001 ], [ -36.865401139119001, -10.111336641579999 ], [ -36.865394699119001, -10.111331721579999 ], [ -36.865389419118998, -10.111329061579999 ], [ -36.865389419118998, -10.111329061579999 ], [ -36.865380769119, -10.111326741579999 ], [ -36.865371289118997, -10.111326591579999 ], [ -36.865310289119002, -10.11133587158 ], [ -36.865250269119002, -10.11135066158 ], [ -36.865191759119, -10.11136945158 ], [ -36.865135339119, -10.111391041579999 ], [ -36.865081089119002, -10.11141456158 ], [ -36.864976949118997, -10.111466121579999 ], [ -36.864884109118996, -10.111518221580001 ], [ -36.864802229119, -10.11156821158 ], [ -36.864659579118999, -10.111663371580001 ], [ -36.864554639119, -10.11173915158 ], [ -36.864404089118999, -10.11185577158 ], [ -36.864333099119001, -10.11191388158 ], [ -36.864265769119001, -10.11197102158 ], [ -36.864236039119, -10.11199830158 ], [ -36.864209129118997, -10.11202569158 ], [ -36.864160879118998, -10.112080971579999 ], [ -36.864120399119003, -10.11213214158 ], [ -36.864051929119, -10.11222407158 ], [ -36.864001129119004, -10.112291621580001 ], [ -36.863962509118998, -10.112339631579999 ], [ -36.863932999119001, -10.11237324158 ], [ -36.863910319119, -10.11239687158 ], [ -36.863875349118999, -10.11242918158 ], [ -36.863838949119, -10.11245696158 ], [ -36.863824659118997, -10.112465821580001 ], [ -36.863810019119001, -10.112473231579999 ], [ -36.863779479119003, -10.112484781579999 ], [ -36.863748599118999, -10.112492081579999 ], [ -36.863717919118997, -10.11249613158 ], [ -36.863687999119001, -10.112497381580001 ], [ -36.863658989119003, -10.11249656158 ], [ -36.863631189118998, -10.11249394158 ], [ -36.863604759118999, -10.112490061580001 ], [ -36.863554579118997, -10.112478981580001 ], [ -36.863510609118997, -10.112465501579999 ], [ -36.863472389119003, -10.11245097158 ], [ -36.863439649119002, -10.112436301580001 ], [ -36.863411649119001, -10.11242201158 ], [ -36.863364679119002, -10.112394051580001 ], [ -36.863331539119002, -10.11237070158 ], [ -36.863308129118998, -10.11235202158 ], [ -36.863275759118999, -10.11232207158 ], [ -36.863247059118997, -10.112290161580001 ], [ -36.863235759119, -10.112274811580001 ], [ -36.863226459118998, -10.11225947158 ], [ -36.863218809118997, -10.11224406158 ], [ -36.863212619118997, -10.112228741579999 ], [ -36.863203699118998, -10.11219786158 ], [ -36.863198699119003, -10.11216791158 ], [ -36.863196429119, -10.11213897158 ], [ -36.863196149118998, -10.11211131158 ], [ -36.863198969118997, -10.11205837158 ], [ -36.863208709119, -10.111964881580001 ], [ -36.863211949118998, -10.11193037158 ], [ -36.863213879119002, -10.111900561580001 ], [ -36.863214499119003, -10.11187507158 ], [ -36.863213909118997, -10.111853291579999 ], [ -36.863209959118997, -10.111816381580001 ], [ -36.863204019119003, -10.111790041580001 ], [ -36.863197579119003, -10.11177120158 ], [ -36.863191469119002, -10.11175751158 ], [ -36.863180199119, -10.11173792158 ], [ -36.863166089118998, -10.11171957158 ], [ -36.863108139118999, -10.11165475158 ], [ -36.863003699118998, -10.111543621579999 ], [ -36.862922509119002, -10.111462191579999 ], [ -36.862859779118999, -10.111402221580001 ], [ -36.862762489119, -10.111313921580001 ], [ -36.862661079119, -10.111227571580001 ], [ -36.862589499118997, -10.11116962158 ], [ -36.862526519119001, -10.111120491579999 ], [ -36.862415599118997, -10.11103797158 ], [ -36.862331339119002, -10.11097886158 ], [ -36.862267409118999, -10.11093623158 ], [ -36.862170029119, -10.110874771580001 ], [ -36.862070719118996, -10.110816461580001 ], [ -36.862056629119003, -10.110809231579999 ], [ -36.862042709119002, -10.110803171580001 ], [ -36.862029239119003, -10.11079838158 ], [ -36.862016129118999, -10.110794411580001 ], [ -36.862003659118997, -10.11079135158 ], [ -36.861991719118997, -10.11078901158 ], [ -36.861968939119002, -10.11078597158 ], [ -36.861948789118998, -10.11078466158 ], [ -36.861931089118997, -10.110784731580001 ], [ -36.861915669119, -10.11078562158 ], [ -36.861902339118998, -10.110787071580001 ], [ -36.861890839118999, -10.110788811580001 ], [ -36.861871019119, -10.11079311158 ], [ -36.861856669119, -10.11079726158 ], [ -36.861846149119003, -10.110800901579999 ], [ -36.861830969118998, -10.11080731158 ], [ -36.861816599119003, -10.110814811579999 ], [ -36.861764929118998, -10.11084792158 ], [ -36.861719639119002, -10.11088305158 ], [ -36.861679539119002, -10.110919041580001 ], [ -36.861643819119003, -10.11095505158 ], [ -36.861643819119003, -10.11095505158 ], [ -36.861580489119, -10.11102758158 ], [ -36.861527959119002, -10.111094941579999 ], [ -36.861438769118998, -10.111217011580001 ], [ -36.861370939118999, -10.111307951580001 ], [ -36.861317689118998, -10.11137377158 ], [ -36.861275689118997, -10.111420771580001 ], [ -36.861242719118998, -10.11145427158 ], [ -36.861190419118998, -10.111501201579999 ], [ -36.861134039119001, -10.111543401580001 ], [ -36.861023549118997, -10.111616441580001 ], [ -36.860925539119002, -10.11167826158 ], [ -36.860838719119002, -10.111730571580001 ], [ -36.860684179118998, -10.11181715158 ], [ -36.860566019118998, -10.111877121579999 ], [ -36.860476169119003, -10.11191902158 ], [ -36.860338959118998, -10.11197634158 ], [ -36.860269379119003, -10.11200219158 ], [ -36.860198979118998, -10.11202604158 ], [ -36.860153099119003, -10.11204012158 ], [ -36.860064279119001, -10.11206322158 ], [ -36.859984359118997, -10.11207924158 ], [ -36.859913329119003, -10.112089451579999 ], [ -36.859850899119003, -10.11209510158 ], [ -36.859796339119001, -10.112097181579999 ], [ -36.859748819118998, -10.11209669158 ], [ -36.859707509118998, -10.11209444158 ], [ -36.859671779118997, -10.112090951580001 ], [ -36.859610179119002, -10.11208115158 ], [ -36.859565009119002, -10.112070641580001 ], [ -36.859531779119003, -10.11206084158 ], [ -36.859483279118997, -10.112042991579999 ], [ -36.859436539119002, -10.112021091580001 ], [ -36.859214149118998, -10.111869781579999 ], [ -36.859210429119003, -10.111867951580001 ], [ -36.859203789119, -10.11186483158 ], [ -36.859198789118999, -10.111862631579999 ], [ -36.859191139118998, -10.111859511580001 ], [ -36.859183499118998, -10.111856571580001 ], [ -36.859097499119002, -10.11182717158 ], [ -36.859015269118999, -10.11180504158 ], [ -36.858936939118998, -10.11178835158 ], [ -36.858787679118997, -10.11176560158 ], [ -36.858254909118997, -10.111721281579999 ], [ -36.858123299119001, -10.11170523158 ], [ -36.858026079119, -10.111688601579999 ], [ -36.857954119119, -10.11167277158 ], [ -36.857848149119, -10.11164243158 ], [ -36.857745059118997, -10.111602811579999 ], [ -36.857613579118997, -10.11154004158 ], [ -36.857501239119003, -10.111479561579999 ], [ -36.857308889118997, -10.111365511580001 ], [ -36.857023639118999, -10.11118866158 ], [ -36.856879449118999, -10.11110412158 ], [ -36.856732279119001, -10.111026151580001 ], [ -36.856617799119, -10.11097253158 ], [ -36.856515929118999, -10.110928661579999 ], [ -36.856154679119001, -10.11078215158 ], [ -36.856064999118999, -10.11074369158 ], [ -36.855932419119, -10.11068182158 ], [ -36.855867329119, -10.11064831158 ], [ -36.855803169119, -10.11061282158 ], [ -36.855701139118999, -10.110550701579999 ], [ -36.855614599119001, -10.110493011579999 ], [ -36.855540609118997, -10.110440281580001 ], [ -36.855414089119002, -10.11034392158 ], [ -36.855228829119, -10.110192591580001 ], [ -36.855044509118997, -10.11003773158 ], [ -36.855009759119, -10.110009661579999 ], [ -36.854947779119001, -10.10996127158 ], [ -36.854902599119001, -10.109923911579999 ], [ -36.854870599119003, -10.10989442158 ], [ -36.854848129118999, -10.10987104158 ], [ -36.854832389118997, -10.109852591579999 ], [ -36.854821259118999, -10.10983824158 ], [ -36.854805809119, -10.10981572158 ], [ -36.854792019119003, -10.109791771579999 ], [ -36.854767169119, -10.109741811579999 ], [ -36.854747119118997, -10.109697751580001 ], [ -36.854714889119002, -10.10961981158 ], [ -36.854625249119003, -10.10938341158 ], [ -36.854442879118999, -10.10893400158 ], [ -36.854399839118997, -10.10882146158 ], [ -36.854369389119, -10.10873720158 ], [ -36.854327809118999, -10.10861102158 ], [ -36.854292339118999, -10.10848534158 ], [ -36.854290929119003, -10.10847873158 ], [ -36.854290149119002, -10.10847231158 ], [ -36.854289919118997, -10.108466071580001 ], [ -36.854290729119001, -10.108454141579999 ], [ -36.854293079119003, -10.108443041579999 ], [ -36.854296429119003, -10.10843276158 ], [ -36.854300509119, -10.108423201580001 ], [ -36.854305219118999, -10.108414291580001 ], [ -36.854310199118999, -10.108406001580001 ], [ -36.854320969119001, -10.108390801580001 ], [ -36.854331729118996, -10.10837767158 ], [ -36.854341839119002, -10.108366441579999 ], [ -36.854360939118997, -10.108347311579999 ], [ -36.854373329118999, -10.108336011580001 ], [ -36.854373329118999, -10.108336011580001 ], [ -36.853041479119, -10.10752913158 ], [ -36.852970999119002, -10.10748248158 ], [ -36.852908749119003, -10.10743417158 ], [ -36.852853529119002, -10.10738537158 ], [ -36.852804139119002, -10.107336781580001 ], [ -36.852717219119, -10.107239141579999 ], [ -36.852646309119002, -10.10714802158 ], [ -36.852587389119002, -10.10706493158 ], [ -36.852489239119002, -10.10691452158 ], [ -36.852347279119002, -10.106685281580001 ], [ -36.852275599118997, -10.10657310158 ], [ -36.852201439119, -10.106464881579999 ], [ -36.852165209119001, -10.106412221579999 ], [ -36.852101769119002, -10.10630913158 ], [ -36.852050129119, -10.10621533158 ], [ -36.851881979119, -10.10587836158 ], [ -36.851839379118999, -10.10579592158 ], [ -36.851772219118999, -10.105676901580001 ], [ -36.851736559118997, -10.105620091580001 ], [ -36.851699069119, -10.105565611579999 ], [ -36.851682969118997, -10.105545981580001 ], [ -36.851665109118997, -10.10552869158 ], [ -36.851645779119004, -10.10551356158 ], [ -36.851625259118997, -10.105500321579999 ], [ -36.851603989118999, -10.105488981580001 ], [ -36.851558869119003, -10.10547079158 ], [ -36.851512799119, -10.105458281580001 ], [ -36.851466789119002, -10.105450301579999 ], [ -36.851421659118998, -10.10544621158 ], [ -36.851378249119001, -10.10544520158 ], [ -36.851336739118999, -10.10544674158 ], [ -36.851297489118998, -10.10545028158 ], [ -36.851260609119002, -10.10545537158 ], [ -36.851192099118997, -10.105469661580001 ], [ -36.851133789118997, -10.105486991579999 ], [ -36.851084869118999, -10.105505751580001 ], [ -36.851044059118998, -10.10552482158 ], [ -36.851010369119003, -10.105543581579999 ], [ -36.850982609119001, -10.10556139158 ], [ -36.850959879119003, -10.105578141580001 ], [ -36.850923819118997, -10.105609901579999 ], [ -36.850900299118997, -10.10563569158 ], [ -36.850884839118997, -10.10565611158 ], [ -36.850865379119, -10.105688521579999 ], [ -36.850850919118997, -10.105722951580001 ], [ -36.850826889118999, -10.105798631580001 ], [ -36.850788639119003, -10.10594074158 ], [ -36.850761539118999, -10.106065381580001 ], [ -36.850742199118997, -10.106174531580001 ], [ -36.850716209119, -10.10636607158 ], [ -36.850702029118999, -10.10650996158 ], [ -36.850686179119002, -10.106726421579999 ], [ -36.850673339118998, -10.106943531580001 ], [ -36.850669759119, -10.107055411579999 ], [ -36.850670389119003, -10.107153481579999 ], [ -36.850681969119002, -10.10749684158 ], [ -36.850682859118997, -10.107582621580001 ], [ -36.850679359118999, -10.10771112158 ], [ -36.850674559119, -10.10777536158 ], [ -36.850667379119002, -10.107839481579999 ], [ -36.850660819119, -10.10788030158 ], [ -36.850652809118998, -10.10791775158 ], [ -36.850643739119, -10.10795222158 ], [ -36.850633759118999, -10.10798397158 ], [ -36.850611299119002, -10.10804212158 ], [ -36.850587809118998, -10.108091591579999 ], [ -36.850564269118998, -10.10813383158 ], [ -36.850541499118997, -10.10817011158 ], [ -36.850519849119003, -10.10820133158 ], [ -36.850478179119001, -10.10825474158 ], [ -36.850443709118998, -10.10829393158 ], [ -36.850416249119, -10.108322851580001 ], [ -36.850372179118999, -10.10836550158 ], [ -36.850324829119003, -10.108407401579999 ], [ -36.850289529119003, -10.108436001579999 ], [ -36.850256249118999, -10.108460731579999 ], [ -36.850224819118999, -10.108482131580001 ], [ -36.850195329119003, -10.108500551580001 ], [ -36.850139389119001, -10.10853155158 ], [ -36.850090069118998, -10.108555001579999 ], [ -36.850046529118998, -10.10857289158 ], [ -36.850008129118997, -10.108586731580001 ], [ -36.849940129118998, -10.10860735158 ], [ -36.849888509118998, -10.10862012158 ], [ -36.849810049119, -10.108635701580001 ], [ -36.849730159118998, -10.108647831580001 ], [ -36.849682789119001, -10.108651591579999 ], [ -36.849638009118998, -10.108650751580001 ], [ -36.849595899119002, -10.10864677158 ], [ -36.849556259118998, -10.10864073158 ], [ -36.849481659119, -10.108624691579999 ], [ -36.849350909119003, -10.108589221580001 ], [ -36.849253299118999, -10.10856400158 ], [ -36.849180689119002, -10.10854997158 ], [ -36.849126729119, -10.108544011579999 ], [ -36.849086609118999, -10.108542851579999 ], [ -36.849056679119002, -10.10854419158 ], [ -36.849012309118997, -10.108550131579999 ], [ -36.848968359118999, -10.108561421579999 ], [ -36.848968359118999, -10.108561421579999 ], [ -36.848839269118997, -10.10860576158 ], [ -36.848727069119001, -10.108647511579999 ], [ -36.848532079119003, -10.108725331580001 ], [ -36.848241119119002, -10.10884635158 ], [ -36.848095419118998, -10.108905591579999 ], [ -36.847949109119, -10.108962031580001 ], [ -36.847917829118998, -10.10897430158 ], [ -36.847858459119003, -10.10900021158 ], [ -36.847753139119, -10.10904933158 ], [ -36.847713439118998, -10.109067061579999 ], [ -36.847678589118999, -10.10908156158 ], [ -36.847648229119002, -10.10909302158 ], [ -36.847621719118997, -10.109102071580001 ], [ -36.847575569119002, -10.109114871579999 ], [ -36.847541139119002, -10.10912143158 ], [ -36.847515479118996, -10.109124421580001 ], [ -36.847496319119003, -10.109125471580001 ], [ -36.847467869119001, -10.109124921579999 ], [ -36.847439699119001, -10.10912158158 ], [ -36.847424129118998, -10.109118131580001 ], [ -36.847409749119002, -10.109113431580001 ], [ -36.847396379118997, -10.109107741580001 ], [ -36.847384019118998, -10.109101151580001 ], [ -36.847361589118997, -10.10908545158 ], [ -36.847342369118998, -10.10906761158 ], [ -36.847333859118997, -10.109057801580001 ], [ -36.847333859118997, -10.109057801580001 ], [ -36.847325809118999, -10.10904843158 ], [ -36.847311439118997, -10.10902845158 ], [ -36.847298979119003, -10.10900822158 ], [ -36.847288079118997, -10.108987991579999 ], [ -36.847269649118999, -10.10894729158 ], [ -36.847255499119001, -10.108909321580001 ], [ -36.847244319119, -10.108874721579999 ], [ -36.847227409119, -10.108812521580001 ], [ -36.847216409119, -10.108765351580001 ], [ -36.847201819119, -10.10869611158 ], [ -36.847195199119, -10.108662991579999 ], [ -36.847188839118999, -10.10863122158 ], [ -36.847166129119003, -10.10850887158 ], [ -36.847149869119001, -10.108401751580001 ], [ -36.847138179119, -10.108308041580001 ], [ -36.847122949118997, -10.10814398158 ], [ -36.847115559118997, -10.10802101158 ], [ -36.847110129119002, -10.107836861579999 ], [ -36.847110619119, -10.10765329158 ], [ -36.847113609118999, -10.107586871580001 ], [ -36.847119499119003, -10.10752473158 ], [ -36.847137149119, -10.107408341579999 ], [ -36.847157989118998, -10.10730661158 ], [ -36.847242809119003, -10.10695123158 ], [ -36.847260729119, -10.106862401580001 ], [ -36.847271849118997, -10.10679577158 ], [ -36.847283279118997, -10.10669570158 ], [ -36.847287129119003, -10.106595671579999 ], [ -36.847286099119003, -10.106545051579999 ], [ -36.847283599119002, -10.106496401579999 ], [ -36.847279799119001, -10.106449921579999 ], [ -36.847268349118998, -10.106361721580001 ], [ -36.847252989118999, -10.10628470158 ], [ -36.847234919119003, -10.10621851158 ], [ -36.847215319119002, -10.10616216158 ], [ -36.847194929118999, -10.10611467158 ], [ -36.847174579118999, -10.106074681580001 ], [ -36.847154639118997, -10.106041191579999 ], [ -36.847135489118997, -10.10601323158 ], [ -36.847117499119001, -10.105989791580001 ], [ -36.847082819119002, -10.10595142158 ], [ -36.847054079118998, -10.105925021579999 ], [ -36.847030939119001, -10.10590680158 ], [ -36.846993709118998, -10.105881971580001 ], [ -36.846953169118997, -10.105860461580001 ], [ -36.846879399118997, -10.105829161580001 ], [ -36.846810239119002, -10.105805481579999 ], [ -36.846745319119002, -10.105787791579999 ], [ -36.846684389118998, -10.105774741579999 ], [ -36.846627259119003, -10.10576532158 ], [ -36.846520059119001, -10.105754231580001 ], [ -36.846426229118997, -10.10575027158 ], [ -36.845767799119002, -10.10577127158 ], [ -36.845672489119004, -10.10577101158 ], [ -36.845338389119, -10.105781931579999 ], [ -36.845254919119, -10.105782831579999 ], [ -36.845192449118997, -10.10578188158 ], [ -36.845098799119, -10.105776841579999 ], [ -36.845052039118997, -10.105772291579999 ], [ -36.844996999118997, -10.10576470158 ], [ -36.844996999118997, -10.10576470158 ], [ -36.844969419119003, -10.105756291580001 ], [ -36.844966409119003, -10.10575528158 ], [ -36.844954409118998, -10.10575014158 ], [ -36.844943499118997, -10.10574482158 ], [ -36.844933589119002, -10.105739331580001 ], [ -36.844915609118999, -10.105727831579999 ], [ -36.844900449119002, -10.105716791580001 ], [ -36.844887569119003, -10.105706311580001 ], [ -36.844865439118998, -10.10568692158 ], [ -36.844832809118998, -10.10565561158 ], [ -36.844832809118998, -10.10565561158 ], [ -36.844786079118997, -10.105605501579999 ], [ -36.844761249119003, -10.10558094158 ], [ -36.844739869119003, -10.105559471579999 ], [ -36.844724949118998, -10.10553912158 ], [ -36.844700159119, -10.10550904158 ], [ -36.844700159119, -10.10550904158 ], [ -36.844334359119003, -10.10563698158 ], [ -36.838659299119001, -10.106392741580001 ], [ -36.836683049119003, -10.106655891580001 ], [ -36.836588649119001, -10.106668471580001 ], [ -36.836191419118997, -10.106721351579999 ], [ -36.830738649118999, -10.10744905158 ], [ -36.828689989118999, -10.107722431579999 ], [ -36.826321609118999, -10.10803851158 ], [ -36.822529169119001, -10.10853687158 ], [ -36.822474849118997, -10.10854402158 ], [ -36.821510599119001, -10.10867068158 ], [ -36.815560509119003, -10.11558030158 ], [ -36.809626309118997, -10.12247513158 ], [ -36.808691729118998, -10.12355992158 ], [ -36.804371169119001, -10.128574631579999 ], [ -36.800448699119002, -10.133127181580001 ], [ -36.800084579119002, -10.13355026158 ], [ -36.793442499119003, -10.14125263158 ], [ -36.792581549118999, -10.15023875158 ], [ -36.794537969118998, -10.15023167158 ], [ -36.795312959119002, -10.15005277158 ], [ -36.799668379118998, -10.15105968158 ], [ -36.799846949119001, -10.150533321579999 ], [ -36.799521989119, -10.14950874158 ], [ -36.802498469119001, -10.14573145158 ], [ -36.805230309118997, -10.14443449158 ], [ -36.805230309118997, -10.14443449158 ], [ -36.807309139118999, -10.14859343158 ], [ -36.808386659119002, -10.150887041580001 ], [ -36.808386659119002, -10.150887041580001 ], [ -36.808206419119003, -10.15107166158 ], [ -36.808184769119002, -10.151450951579999 ], [ -36.807973629118997, -10.151605441579999 ], [ -36.807938089118998, -10.15197541158 ], [ -36.807401959118998, -10.15194896158 ], [ -36.805818359119002, -10.14931646158 ], [ -36.804326839119, -10.149773761580001 ], [ -36.803702119119002, -10.14910752158 ], [ -36.802472329118999, -10.149362481580001 ], [ -36.802017449118999, -10.14944891158 ], [ -36.802006919119002, -10.149827911579999 ], [ -36.799902099119002, -10.150485701579999 ], [ -36.799325969119003, -10.153215081580001 ], [ -36.799220019118998, -10.154194841580001 ], [ -36.799725649118997, -10.15480000158 ], [ -36.799725649118997, -10.15480000158 ], [ -36.799978179119002, -10.15558368158 ], [ -36.799154949119, -10.156119911579999 ], [ -36.798691459118999, -10.15599568158 ], [ -36.798049199118999, -10.15702742158 ], [ -36.803955579118998, -10.15704427158 ], [ -36.804527639119001, -10.155081921580001 ], [ -36.807676179118999, -10.15661048158 ], [ -36.810632039119, -10.15880123158 ], [ -36.810399299118998, -10.16417719158 ], [ -36.811696729118999, -10.16460903158 ], [ -36.810010569119001, -10.165599111580001 ], [ -36.808979059118997, -10.17090979158 ], [ -36.809480219119003, -10.17256353158 ], [ -36.812701419119001, -10.175519721580001 ], [ -36.810417599118999, -10.17672732158 ], [ -36.810695229118998, -10.17716763158 ], [ -36.812119739118998, -10.178933301580001 ], [ -36.814020159119003, -10.179985051579999 ], [ -36.814765729119003, -10.180586011580001 ], [ -36.814829649118998, -10.181154231580001 ], [ -36.814829649118998, -10.181154231580001 ], [ -36.816997339118998, -10.18162478158 ], [ -36.818360489119001, -10.18230533158 ], [ -36.818850739119, -10.182150701579999 ], [ -36.820055349119002, -10.18358110158 ], [ -36.819885659119002, -10.184104011580001 ], [ -36.819576969118998, -10.18522469158 ], [ -36.819885409119003, -10.18579110158 ], [ -36.820986329119002, -10.18661243158 ], [ -36.822038989119001, -10.18700475158 ], [ -36.822150719119001, -10.18660663158 ], [ -36.825102599118999, -10.18935651158 ], [ -36.825489809129998, -10.190875758176 ], [ -36.827589199118997, -10.187586161580001 ], [ -36.828446699118999, -10.185837511580001 ], [ -36.828293479118997, -10.181812791580001 ], [ -36.827968229119001, -10.18127329158 ], [ -36.827968229119001, -10.18127329158 ], [ -36.826108959118997, -10.17976554158 ], [ -36.826214879119, -10.17902492158 ], [ -36.826492299119003, -10.17867734158 ], [ -36.825877779118997, -10.17764903158 ], [ -36.826273759118997, -10.17726753158 ], [ -36.826547169119003, -10.17697433158 ], [ -36.827359939118999, -10.176397121580001 ], [ -36.827359939118999, -10.176397121580001 ], [ -36.831022059119, -10.18084788158 ], [ -36.831787849119003, -10.181622941580001 ], [ -36.832493909119002, -10.18174485158 ], [ -36.832832379118997, -10.18074627158 ], [ -36.835591679118998, -10.181664491579999 ], [ -36.836559739118997, -10.180870731580001 ], [ -36.837791599119001, -10.180829341580001 ], [ -36.837552819118997, -10.181130101580001 ], [ -36.839514039119003, -10.18104147158 ], [ -36.839666569118997, -10.18099033158 ], [ -36.839666569118997, -10.18099033158 ], [ -36.839804829118997, -10.18094406158 ], [ -36.839804829118997, -10.18094406158 ], [ -36.840689679119002, -10.17829079158 ], [ -36.840650139118999, -10.17735912158 ], [ -36.840666059119002, -10.176755631580001 ], [ -36.840790709118998, -10.17593812158 ], [ -36.840963859119, -10.17540979158 ], [ -36.841235599119003, -10.174684341580001 ], [ -36.842466759118999, -10.17184951158 ], [ -36.842657729118997, -10.17103098158 ], [ -36.842657729118997, -10.17103098158 ], [ -36.843315829119, -10.168211061579999 ], [ -36.843315829119, -10.168211061579999 ], [ -36.843198909119003, -10.16819095158 ], [ -36.843198909119003, -10.16819095158 ], [ -36.842545539119001, -10.168078271580001 ], [ -36.842356429119, -10.16804982158 ], [ -36.841388389118997, -10.167720861579999 ], [ -36.841388389118997, -10.167720861579999 ], [ -36.839271469118998, -10.164911311579999 ], [ -36.840509779119003, -10.16440265158 ], [ -36.842820319118999, -10.167142071580001 ], [ -36.842974399119001, -10.167265561580001 ], [ -36.843438229119002, -10.16741386158 ], [ -36.843438229119002, -10.16741386158 ], [ -36.843568409119001, -10.167455481579999 ], [ -36.843568409119001, -10.167455481579999 ], [ -36.844416419119, -10.16343831158 ], [ -36.844461509119, -10.162727911579999 ], [ -36.844937349119, -10.16080964158 ], [ -36.845452489118998, -10.15964372158 ], [ -36.846401639119001, -10.15829437158 ], [ -36.847799119119003, -10.156228221579999 ], [ -36.848352589119003, -10.155261751579999 ], [ -36.849263849118998, -10.154349681579999 ], [ -36.850275829118999, -10.153408541579999 ], [ -36.850776369118996, -10.152741621580001 ], [ -36.852087949119003, -10.151319771580001 ], [ -36.854594029118999, -10.149159341580001 ], [ -36.854594029118999, -10.149159341580001 ], [ -36.854531039119003, -10.14882332158 ], [ -36.854531039119003, -10.14882332158 ], [ -36.854531039119003, -10.14882332158 ], [ -36.853608529119001, -10.148718131580001 ], [ -36.853608529119001, -10.148718131580001 ], [ -36.853937639119003, -10.14657409158 ], [ -36.856522219119, -10.14496115158 ], [ -36.857189549118999, -10.14482143158 ], [ -36.857278779119, -10.145545371580001 ], [ -36.857278779119, -10.145545371580001 ], [ -36.857294189119003, -10.14567102158 ] ] ] ] } },
{ "type": "Feature", "properties": { "gid": 1433, "terrai_cod": 27901, "terrai_nom": "Mata da Cafurna", "etnia_nome": "Xucuru - Kariri", "municipio_": "Palmeira dos Índios", "uf_sigla": "AL", "superficie": 117.6007, "fase_ti": "Regularizada", "modalidade": "Dominial Indígena", "reestudo_t": null, "cr": "COORDENACAO REGIONAL NORDESTE I", "faixa_fron": "Não", "undadm_cod": 30202001969.0, "undadm_nom": "COORDENACAO REGIONAL NORDESTE I", "undadm_sig": "CR-NE-I", "dominio_un": "t", "data_atual": null, "epsg": 0 }, "geometry": { "type": "MultiPolygon", "coordinates": [ [ [ [ -36.633902904907927, -9.38383621679634 ], [ -36.635674140974629, -9.384491176142092 ], [ -36.638994053572503, -9.383209230889236 ], [ -36.638921765731823, -9.379818818501576 ], [ -36.63884135031492, -9.375518477873186 ], [ -36.639171033010371, -9.372285546137903 ], [ -36.637789282980975, -9.371856876625486 ], [ -36.63672315341239, -9.37380783414477 ], [ -36.63331239754018, -9.374375325094604 ], [ -36.631946264239559, -9.375064779106367 ], [ -36.629905897835897, -9.3757485360847 ], [ -36.628855872814029, -9.377916686936885 ], [ -36.628493606894551, -9.381069958205615 ], [ -36.628259419213862, -9.381725924998307 ], [ -36.629725457476979, -9.382288570841922 ], [ -36.633902904907927, -9.38383621679634 ] ] ] ] } },
{ "type": "Feature", "properties": { "gid": 402, "terrai_cod": 45402, "terrai_nom": "Tingui Botó", "etnia_nome": "Tingui-Botó", "municipio_": "Feira Grande,Campo Grande", "uf_sigla": "AL", "superficie": 535.0, "fase_ti": "Regularizada", "modalidade": "Reserva Indígena", "reestudo_t": null, "cr": "COORDENACAO REGIONAL NORDESTE I", "faixa_fron": "Não", "undadm_cod": 30202001969.0, "undadm_nom": "COORDENACAO REGIONAL NORDESTE I", "undadm_sig": "CR-NE-I", "dominio_un": "t", "data_atual": "08/12/2020", "epsg": 0 }, "geometry": { "type": "MultiPolygon", "coordinates": [ [ [ [ -36.70449543, -9.89375606 ], [ -36.70532579, -9.89681317 ], [ -36.70477803, -9.89681217 ], [ -36.70477048, -9.89847591 ], [ -36.70505149, -9.89986785 ], [ -36.706166, -9.90070286 ], [ -36.7064453, -9.90128 ], [ -36.70699523, -9.90208718 ], [ -36.70727546, -9.90264704 ], [ -36.70560559, -9.90347475 ], [ -36.705049, -9.90431402 ], [ -36.70644013, -9.90848227 ], [ -36.70755648, -9.90894473 ], [ -36.70788758, -9.90890039 ], [ -36.70921739, -9.91014478 ], [ -36.71142049, -9.91178764 ], [ -36.71199774, -9.91293425 ], [ -36.71228126, -9.9151238 ], [ -36.71202164, -9.9165498 ], [ -36.71227103, -9.91903238 ], [ -36.71282864, -9.91986601 ], [ -36.7128326, -9.92097566 ], [ -36.7128342, -9.92348068 ], [ -36.71181139, -9.92551038 ], [ -36.71177752, -9.92563005 ], [ -36.71176608, -9.92567283 ], [ -36.71176281, -9.92573334 ], [ -36.71177635, -9.92582068 ], [ -36.71179806, -9.92592577 ], [ -36.71288981, -9.9290394 ], [ -36.71293977, -9.92912855 ], [ -36.71300795, -9.92921859 ], [ -36.71306609, -9.92932548 ], [ -36.71314291, -9.92942462 ], [ -36.71320969, -9.9295406 ], [ -36.71329374, -9.92967477 ], [ -36.7133778, -9.92980894 ], [ -36.7134705, -9.92995221 ], [ -36.71356273, -9.93010412 ], [ -36.71366359, -9.93026512 ], [ -36.71375535, -9.93042567 ], [ -36.71385529, -9.93060397 ], [ -36.71396386, -9.93079136 ], [ -36.71408107, -9.93098784 ], [ -36.71420645, -9.93120207 ], [ -36.71433137, -9.93142493 ], [ -36.71445628, -9.9316478 ], [ -36.7145903, -9.93187112 ], [ -36.71471569, -9.93208535 ], [ -36.71482332, -9.93229003 ], [ -36.71493189, -9.93247742 ], [ -36.71503136, -9.93266436 ], [ -36.71512171, -9.93285085 ], [ -36.71521207, -9.93303734 ], [ -36.71529239, -9.93324067 ], [ -36.7153713, -9.93346993 ], [ -36.71545745, -9.93373423 ], [ -36.71555807, -9.93406858 ], [ -36.7156818, -9.93448208 ], [ -36.71583775, -9.93497519 ], [ -36.71600864, -9.93552971 ], [ -36.71617813, -9.93611017 ], [ -36.71634901, -9.9366647 ], [ -36.71649539, -9.937166 ], [ -36.71656659, -9.93736888 ], [ -36.71866597, -9.9368178 ], [ -36.71894376, -9.93765114 ], [ -36.72764479, -9.93007183 ], [ -36.72830189, -9.92940215 ], [ -36.72858467, -9.92906939 ], [ -36.72867597, -9.92890053 ], [ -36.72872991, -9.92874716 ], [ -36.72872057, -9.92858201 ], [ -36.72859985, -9.92828132 ], [ -36.72843639, -9.92792652 ], [ -36.72700031, -9.92847971 ], [ -36.7222743, -9.92958983 ], [ -36.71949967, -9.93125567 ], [ -36.71810948, -9.92791917 ], [ -36.71922005, -9.92764466 ], [ -36.71644185, -9.92430897 ], [ -36.71727547, -9.92375207 ], [ -36.71838672, -9.92430969 ], [ -36.7211591, -9.92792248 ], [ -36.72338912, -9.92653306 ], [ -36.72338445, -9.92459117 ], [ -36.72588855, -9.92319788 ], [ -36.72755488, -9.92514381 ], [ -36.72810852, -9.92486776 ], [ -36.72844641, -9.92520516 ], [ -36.72844968, -9.92514465 ], [ -36.72848633, -9.92497309 ], [ -36.72858487, -9.92483926 ], [ -36.72881184, -9.92469444 ], [ -36.72923822, -9.92457679 ], [ -36.72965362, -9.92449328 ], [ -36.72995415, -9.92450811 ], [ -36.73005432, -9.92451306 ], [ -36.72893813, -9.92320105 ], [ -36.72977099, -9.92181189 ], [ -36.73060932, -9.92319685 ], [ -36.73088372, -9.92403389 ], [ -36.73098809, -9.92396103 ], [ -36.73112306, -9.923829 ], [ -36.7312781, -9.92366328 ], [ -36.73140699, -9.92364364 ], [ -36.73152398, -9.92367541 ], [ -36.73153309, -9.92367586 ], [ -36.73193212, -9.92288072 ], [ -36.7323106, -9.92212791 ], [ -36.71672236, -9.9062592 ], [ -36.71394476, -9.90375597 ], [ -36.71671564, -9.90181232 ], [ -36.71116308, -9.90014315 ], [ -36.70866573, -9.89819989 ], [ -36.70671866, -9.89570308 ], [ -36.70616271, -9.89348286 ], [ -36.70584027, -9.89353631 ], [ -36.70556383, -9.89358336 ], [ -36.70532428, -9.89362356 ], [ -36.70510294, -9.89366466 ], [ -36.70449543, -9.89375606 ] ] ] ] } },
{ "type": "Feature", "properties": { "gid": 385, "terrai_cod": 73770, "terrai_nom": "Wassu Cocal", "etnia_nome": "Wassú", "municipio_": "Colônia Leopoldina,Novo Lino,Joaquim Gomes,Matriz de Camaragibe", "uf_sigla": "AL", "superficie": 2744.6603, "fase_ti": "Regularizada", "modalidade": "Tradicionalmente ocupada", "reestudo_t": "Principal", "cr": "COORDENACAO REGIONAL NORDESTE I", "faixa_fron": "Não", "undadm_cod": 30202001969.0, "undadm_nom": "COORDENACAO REGIONAL NORDESTE I", "undadm_sig": "CR-NE-I", "dominio_un": "t", "data_atual": "23/06/2020", "epsg": 0 }, "geometry": { "type": "MultiPolygon", "coordinates": [ [ [ [ -35.730676356408999, -9.0622515585559 ], [ -35.730957233738003, -9.0618314008419 ], [ -35.733352403406997, -9.063422587343499 ], [ -35.738216284322, -9.0563907961398 ], [ -35.737705603942999, -9.0547058509487 ], [ -35.740451585834002, -9.0525546258602 ], [ -35.742697579656003, -9.047927799089299 ], [ -35.744485228149998, -9.0442445139804 ], [ -35.744711057468997, -9.0416018509745 ], [ -35.741210606518997, -9.037029693061699 ], [ -35.738908083710001, -9.0340221912735 ], [ -35.738239726377998, -9.033269852005199 ], [ -35.736801177602999, -9.0316505474943 ], [ -35.735527276218001, -9.030216583172001 ], [ -35.735070040727997, -9.0297017317992 ], [ -35.734364758612998, -9.028907822828799 ], [ -35.729069014933998, -9.0251099689889 ], [ -35.730976434752002, -9.021735215795401 ], [ -35.731017693078002, -9.0216621752615 ], [ -35.730924833631001, -9.021639338480201 ], [ -35.730831665267999, -9.021617998866301 ], [ -35.730738251368997, -9.0215978494673 ], [ -35.730644655315999, -9.0215785833306 ], [ -35.730550940489003, -9.0215598935039 ], [ -35.73045717027, -9.0215414730344 ], [ -35.730363408042997, -9.0215230149695 ], [ -35.730269717188001, -9.021504212356801 ], [ -35.73017616109, -9.0214847582434 ], [ -35.730140334037998, -9.0214770606258 ], [ -35.730082738211998, -9.021464669849101 ], [ -35.729989290094998, -9.021444746161499 ], [ -35.729895921531998, -9.021424469295701 ], [ -35.729802764105003, -9.0214031875045 ], [ -35.729713991097, -9.0213812935691 ], [ -35.729709951693998, -9.021380242859699 ], [ -35.729618701169997, -9.021352183516999 ], [ -35.729529213176001, -9.0213187325507 ], [ -35.729440399272001, -9.0212831823959 ], [ -35.729351171010997, -9.0212488254873 ], [ -35.729290943686998, -9.0212282179192 ], [ -35.729260570676999, -9.0212185621545 ], [ -35.729169529312998, -9.021189619531301 ], [ -35.729078487957999, -9.0211606768813 ], [ -35.729056343654001, -9.021128675893699 ], [ -35.729034737357999, -9.0212286760667 ], [ -35.727971095298997, -9.026138029671699 ], [ -35.725937185245002, -9.026015079628699 ], [ -35.722736124885003, -9.0258853259659 ], [ -35.721796824807001, -9.022642289821601 ], [ -35.717756601886002, -9.022765276640399 ], [ -35.718902102927998, -9.0245902469269 ], [ -35.715248449202001, -9.023444766935 ], [ -35.707833534754997, -9.023573160307301 ], [ -35.707317716131001, -9.023582113973299 ], [ -35.707251630912999, -9.0232876755482 ], [ -35.707185466988001, -9.0229932556473 ], [ -35.707119251106, -9.022698847387399 ], [ -35.707053010015002, -9.0224044438853 ], [ -35.706986770463999, -9.0221100382579 ], [ -35.706920559201997, -9.021815623622301 ], [ -35.706895339752997, -9.0217034212077 ], [ -35.706856488612999, -9.0215207142978 ], [ -35.706800175955998, -9.021224170792401 ], [ -35.706764110728002, -9.0210227562778 ], [ -35.706749714761003, -9.0209270673506 ], [ -35.706733380091997, -9.020626668031801 ], [ -35.706746386520997, -9.0203233356713 ], [ -35.706771052743001, -9.020018855696501 ], [ -35.706789697516001, -9.019715013519299 ], [ -35.706784639653002, -9.019413594537101 ], [ -35.706744550996, -9.019142990738599 ], [ -35.706738142163999, -9.0191164480607 ], [ -35.706637096214003, -9.0188316330566 ], [ -35.706512777630998, -9.0185549718903 ], [ -35.706446545209999, -9.018389102052501 ], [ -35.706408549099997, -9.018273962215799 ], [ -35.706330309979997, -9.017983175832899 ], [ -35.706265060581003, -9.017686770692199 ], [ -35.706201455544999, -9.017389584083499 ], [ -35.70612814954, -9.017096453279001 ], [ -35.706061990805999, -9.0168878071809 ], [ -35.706003157993003, -9.0168455126342 ], [ -35.705664095068997, -9.016841735513401 ], [ -35.705660057221998, -9.0168228204753 ], [ -35.705644739684999, -9.0165432488942 ], [ -35.705628280900001, -9.016242013071199 ], [ -35.705611859789997, -9.0159407752188 ], [ -35.702005179449998, -9.020362066162701 ], [ -35.698228483786004, -9.019041282290701 ], [ -35.697739018046001, -9.0199421909499 ], [ -35.69277556278, -9.029076924528701 ], [ -35.688502598654999, -9.03693637886 ], [ -35.688300949382999, -9.037322048722199 ], [ -35.686478571217997, -9.036199907003599 ], [ -35.685115998546998, -9.044514837689899 ], [ -35.684209197618003, -9.0441682818425 ], [ -35.679806734415997, -9.046450734598499 ], [ -35.686683378585997, -9.0522001022058 ], [ -35.691234017159999, -9.0560042415953 ], [ -35.697112236640997, -9.0609171014249 ], [ -35.698004615358002, -9.0616628125074 ], [ -35.699033645916003, -9.065392827444899 ], [ -35.702777680826003, -9.0665897370554 ], [ -35.702215015980002, -9.068048331246301 ], [ -35.706424999138001, -9.0694340197995 ], [ -35.706927191619002, -9.069599352200999 ], [ -35.705929258547002, -9.0726029751724 ], [ -35.706121537465002, -9.072678713106701 ], [ -35.709069999798999, -9.073839589440899 ], [ -35.718894645336, -9.077706250984299 ], [ -35.724719367016, -9.070065336158001 ], [ -35.725137904556, -9.069516303693799 ], [ -35.730676356408999, -9.0622515585559 ] ] ] ] } },
{ "type": "Feature", "properties": { "gid": 276, "terrai_cod": 49701, "terrai_nom": "Wassu-Cocal", "etnia_nome": "Wassú", "municipio_": "Colônia Leopoldina,Novo Lino,Joaquim Gomes,Matriz de Camaragibe", "uf_sigla": "AL", "superficie": 9098.0, "fase_ti": "Delimitada", "modalidade": "Tradicionalmente ocupada", "reestudo_t": "Reestudo", "cr": "COORDENACAO REGIONAL NORDESTE I", "faixa_fron": "Não", "undadm_cod": 30202001969.0, "undadm_nom": "COORDENACAO REGIONAL NORDESTE I", "undadm_sig": "CR-NE-I", "dominio_un": "f", "data_atual": "27/02/2025", "epsg": 0 }, "geometry": { "type": "MultiPolygon", "coordinates": [ [ [ [ -35.70759573, -8.9933941 ], [ -35.70203955, -8.99793852 ], [ -35.6767054, -8.99718192 ], [ -35.67668722, -8.9981328 ], [ -35.67652825, -8.99934283 ], [ -35.67486052, -9.00150598 ], [ -35.6750303, -9.00311952 ], [ -35.67602144, -9.00452996 ], [ -35.67624927, -9.0049074 ], [ -35.6768164, -9.00854467 ], [ -35.67721899, -9.00942452 ], [ -35.67813372, -9.01148768 ], [ -35.67814249, -9.01150664 ], [ -35.67697723, -9.01175991 ], [ -35.67640377, -9.01213127 ], [ -35.67579184, -9.01234576 ], [ -35.67521373, -9.01239481 ], [ -35.67469474, -9.01244174 ], [ -35.6738495, -9.01247859 ], [ -35.67314856, -9.01269561 ], [ -35.67200198, -9.01309577 ], [ -35.67158674, -9.01383818 ], [ -35.67139017, -9.0143429 ], [ -35.67077009, -9.01453585 ], [ -35.66987793, -9.01419093 ], [ -35.66746504, -9.01326212 ], [ -35.66547791, -9.01267053 ], [ -35.66514263, -9.01267769 ], [ -35.6639402, -9.01320387 ], [ -35.66330694, -9.01338389 ], [ -35.66251597, -9.01338351 ], [ -35.66112256, -9.01333507 ], [ -35.66051923, -9.01333779 ], [ -35.65958954, -9.01360178 ], [ -35.65888904, -9.01379337 ], [ -35.65860311, -9.01404261 ], [ -35.6585165, -9.01467783 ], [ -35.65838342, -9.01552961 ], [ -35.65818239, -9.01597361 ], [ -35.6575922, -9.01657383 ], [ -35.65648338, -9.01736877 ], [ -35.65597081, -9.01782793 ], [ -35.65570503, -9.01829118 ], [ -35.65569855, -9.01871633 ], [ -35.65552108, -9.02059603 ], [ -35.65536264, -9.02139807 ], [ -35.65496061, -9.02237827 ], [ -35.65442875, -9.0234474 ], [ -35.65455098, -9.02417023 ], [ -35.65482089, -9.02527112 ], [ -35.65477608, -9.02598609 ], [ -35.65438268, -9.02731961 ], [ -35.65389742, -9.02839272 ], [ -35.65338917, -9.0289477 ], [ -35.65284986, -9.02944124 ], [ -35.65265239, -9.02969683 ], [ -35.65256771, -9.02993906 ], [ -35.65248746, -9.03033103 ], [ -35.65221598, -9.03099082 ], [ -35.65182938, -9.03155028 ], [ -35.65165687, -9.03175654 ], [ -35.65166745, -9.03189204 ], [ -35.65189987, -9.03196972 ], [ -35.65238031, -9.03197772 ], [ -35.6529666, -9.03187677 ], [ -35.65347236, -9.0319221 ], [ -35.65393763, -9.03205287 ], [ -35.65416831, -9.03222894 ], [ -35.65433318, -9.03245312 ], [ -35.6543812, -9.03267536 ], [ -35.65409935, -9.03318736 ], [ -35.65319366, -9.03445169 ], [ -35.65200076, -9.03571233 ], [ -35.65155092, -9.03606793 ], [ -35.65085845, -9.03654052 ], [ -35.65004903, -9.03682604 ], [ -35.6497692, -9.03692104 ], [ -35.64972884, -9.037077 ], [ -35.64987775, -9.0371578 ], [ -35.65023923, -9.03712112 ], [ -35.65058479, -9.037134 ], [ -35.65108155, -9.03709957 ], [ -35.65166886, -9.0370453 ], [ -35.65214218, -9.03706031 ], [ -35.65264265, -9.03723954 ], [ -35.65304492, -9.03758861 ], [ -35.65411111, -9.03863889 ], [ -35.66802778, -9.05566667 ], [ -35.67355556, -9.06711111 ], [ -35.66644445, -9.09852778 ], [ -35.667964571806003, -9.0986247596519 ], [ -35.669028315524002, -9.098688781264601 ], [ -35.669973865495002, -9.0987872760532 ], [ -35.670872630441004, -9.098841448187001 ], [ -35.672357439380001, -9.0984720927295 ], [ -35.673204494563002, -9.098669082306801 ], [ -35.674268238281002, -9.0990433625037 ], [ -35.675430476787, -9.0993043736937 ], [ -35.677341275686999, -9.099358545827499 ], [ -35.678286825657999, -9.0991418572924 ], [ -35.679212676672002, -9.0991221583347 ], [ -35.680315818304997, -9.0997328260244 ], [ -35.681736605631002, -9.1003779668902 ], [ -35.682797886979003, -9.099910116644001 ], [ -35.683585845288, -9.0994767395739 ], [ -35.684354104640001, -9.0991221583347 ], [ -35.684807180668003, -9.0990630614615 ], [ -35.685457246273003, -9.099437341658399 ], [ -35.686934668103, -9.100757171826499 ], [ -35.687574884229001, -9.101072355150199 ], [ -35.688224949834002, -9.101387538474 ], [ -35.688707574299002, -9.101535280657 ], [ -35.688884864918002, -9.101239796291001 ], [ -35.688993209186002, -9.100579881206899 ], [ -35.689140951368998, -9.1001957515311 ], [ -35.689227758484002, -9.0999376262357 ], [ -35.689557565984003, -9.100068542189801 ], [ -35.689980525220001, -9.100300162723901 ], [ -35.690511741880002, -9.100572065090001 ], [ -35.690816373235002, -9.100728157189099 ], [ -35.691085757986002, -9.1008087208532 ], [ -35.691470953005002, -9.100846485070701 ], [ -35.691956852604001, -9.1008968373607 ], [ -35.692291695332997, -9.100929566349199 ], [ -35.692759971629997, -9.100929566349199 ], [ -35.693180413252001, -9.101017682856799 ], [ -35.693535396896003, -9.1011158698223 ], [ -35.693802264033003, -9.1012065039444 ], [ -35.694217670425999, -9.101400360261 ], [ -35.694615453517002, -9.1015640052035 ], [ -35.694977990005, -9.101732685375101 ], [ -35.695912024984999, -9.1020927042488 ], [ -35.696108398916998, -9.102218584973899 ], [ -35.696835989507001, -9.1026591675116 ], [ -35.697228737369997, -9.1028328829122 ], [ -35.697588756243, -9.103263394991901 ], [ -35.697880799525997, -9.1036183786366 ], [ -35.698240818399, -9.103837411098199 ], [ -35.698537896909997, -9.103955738979799 ], [ -35.698817352120003, -9.1040866549339 ], [ -35.699168181010002, -9.104071484769699 ], [ -35.69957315101, -9.104043764769701 ], [ -35.699711105268001, -9.104074066861401 ], [ -35.699955313875002, -9.1041848418994 ], [ -35.700219663397, -9.104270440792501 ], [ -35.700574647041996, -9.104318275468 ], [ -35.700967394903998, -9.1044214976625 ], [ -35.701236779656, -9.1044642971091 ], [ -35.701619457059998, -9.104517167013601 ], [ -35.701720161639997, -9.104595213063099 ], [ -35.701815830991002, -9.104708505715699 ], [ -35.702017240151001, -9.1050030666123 ], [ -35.702120462346002, -9.1051742643984 ], [ -35.702085215742997, -9.105446166764599 ], [ -35.702121721152999, -9.105521695199601 ], [ -35.702459081496002, -9.105631211430399 ], [ -35.703063308975999, -9.1057784918787 ], [ -35.703271012172998, -9.1057885623368 ], [ -35.703510185550002, -9.1057734566497 ], [ -35.703693971409002, -9.1057155515162 ], [ -35.703824887362998, -9.1056551287682 ], [ -35.704099307344002, -9.1054675664878 ], [ -35.704310786961997, -9.105244757604501 ], [ -35.704633041618003, -9.1048092102957 ], [ -35.704799204175004, -9.104643047738699 ], [ -35.704970401960999, -9.104552413616601 ], [ -35.705144117362003, -9.104507096555601 ], [ -35.705320350377001, -9.104522202242601 ], [ -35.705481477705, -9.1045574488456 ], [ -35.705854084651001, -9.1047840341507 ], [ -35.706342501864, -9.1050886655054 ], [ -35.707012187322, -9.1054637900661 ], [ -35.707311783446997, -9.1055947060202 ], [ -35.707540886366999, -9.1056450583102 ], [ -35.707699496080998, -9.105662681611699 ], [ -35.707850552951001, -9.105652611153699 ], [ -35.708102314401003, -9.1055519065736 ], [ -35.708306241175002, -9.1054587548371 ], [ -35.708842493063997, -9.105209511001499 ], [ -35.709311940858001, -9.1049884222126 ], [ -35.709602812644, -9.1048771858873 ], [ -35.709774010430003, -9.1048520097423 ], [ -35.710013183807, -9.1048721506583 ], [ -35.710159205448001, -9.1049426438643 ], [ -35.710315297546998, -9.105068524589401 ], [ -35.710713080639003, -9.1054184730051 ], [ -35.711015194379002, -9.105692892985701 ], [ -35.711460812146001, -9.1060604647029 ], [ -35.711798172488997, -9.1063575432141 ], [ -35.712082662927003, -9.1065715404467 ], [ -35.712279036859002, -9.106642033652699 ], [ -35.712487998862002, -9.106692385942701 ], [ -35.712691925637003, -9.1067100092442 ], [ -35.712883264338998, -9.106667209797701 ], [ -35.713195448537, -9.1065312586146 ], [ -35.713646101533001, -9.1062946028515 ], [ -35.713819816932997, -9.106216556802 ], [ -35.714018708479003, -9.106161169283 ], [ -35.714330892676998, -9.106125922679899 ], [ -35.714695946779997, -9.1061082993784 ], [ -35.715083659412997, -9.106105781763899 ], [ -35.715640052217999, -9.106151098825 ], [ -35.716302184832003, -9.106249285790501 ], [ -35.716896341854003, -9.1063449551416 ], [ -35.717261395957003, -9.106380201744599 ], [ -35.717548404010003, -9.106390272202599 ], [ -35.717976398475002, -9.1062996380805 ], [ -35.718220607082003, -9.106201451115 ], [ -35.718457262845, -9.1060579470884 ], [ -35.718656154389997, -9.1059421368213 ], [ -35.718834905020003, -9.1058087032528 ], [ -35.719492002404998, -9.1053807087875 ], [ -35.719839433205998, -9.105156641096899 ], [ -35.720244769140997, -9.1050257251429 ], [ -35.720682834064, -9.104945161478801 ], [ -35.721188874578999, -9.1048721506583 ], [ -35.721395318968, -9.1048092102958 ], [ -35.721566516754002, -9.104713540944701 ], [ -35.721765408298999, -9.1045549312311 ], [ -35.721901359482999, -9.1043912862885 ], [ -35.722087662956, -9.103965809437801 ], [ -35.722253825513, -9.103477392224599 ], [ -35.722430058527998, -9.1030821267479 ], [ -35.722528245493002, -9.1029033761183 ], [ -35.722641538146, -9.1027271431032 ], [ -35.722890781982002, -9.1024174765195 ], [ -35.723540326523, -9.101770449592699 ], [ -35.723925521542, -9.101395325032 ], [ -35.724172247763001, -9.1012115391734 ], [ -35.724456738200999, -9.1010453766163 ], [ -35.725131458888001, -9.100733192418099 ], [ -35.726463276959002, -9.1001516234683 ], [ -35.727548368809003, -9.099675794327601 ], [ -35.728218054266002, -9.099434103335501 ], [ -35.728978373845997, -9.099275493621899 ], [ -35.729859538920998, -9.099092966570501 ], [ -35.730334109254997, -9.098996038412199 ], [ -35.730607270428003, -9.09896960346 ], [ -35.730814973624, -9.098965827038199 ], [ -35.73105037058, -9.098970862267199 ], [ -35.731396542573997, -9.0990186969427 ], [ -35.731529976143001, -9.099060237582 ], [ -35.731684809435002, -9.099098001799501 ], [ -35.731929018041001, -9.0991370248243 ], [ -35.732156862154, -9.0991470952823 ], [ -35.732330577554002, -9.0991269543663 ], [ -35.732602479919997, -9.0990388378587 ], [ -35.732995227783, -9.098857569614699 ], [ -35.733259577304999, -9.0987505709983 ], [ -35.733447139585998, -9.0986788189851 ], [ -35.733726594795002, -9.098618396237001 ], [ -35.734459220615001, -9.098477409825 ], [ -35.734960225900998, -9.0983741876304 ], [ -35.735368079449998, -9.098283553508301 ], [ -35.735554382922999, -9.0982206131458 ], [ -35.735753274468998, -9.0981274614093 ], [ -35.735949648400002, -9.0980141687567 ], [ -35.736095670041003, -9.097885770417101 ], [ -35.736201409849997, -9.097696949329499 ], [ -35.736495970747001, -9.097087686620201 ], [ -35.73688368338, -9.0962468033768 ], [ -35.737205938035999, -9.095763421392499 ], [ -35.737505534161997, -9.0954713781104 ], [ -35.737948634314002, -9.095035830801701 ], [ -35.738104726412999, -9.094826868798 ], [ -35.738253265669002, -9.094431603321301 ], [ -35.738255783283002, -9.0940589963751 ], [ -35.73824823044, -9.093792129238 ], [ -35.738233124753002, -9.093376722845299 ], [ -35.738263336126998, -9.093051950574599 ], [ -35.738343899790998, -9.0927171078459 ], [ -35.738444604370997, -9.092324359983699 ], [ -35.738555379409, -9.092004622942101 ], [ -35.738688812977003, -9.0915992870074 ], [ -35.738938056812998, -9.0913248670267 ], [ -35.739154571660002, -9.0912342329047 ], [ -35.73956366, -9.09110739 ], [ -35.740899278508998, -9.090881766874499 ], [ -35.741256779769003, -9.090901907790499 ], [ -35.742397259138002, -9.091040376588101 ], [ -35.743197860549003, -9.0910957641071 ], [ -35.744305610929999, -9.0911360459391 ], [ -35.744587583753997, -9.091196468687199 ], [ -35.744839345203999, -9.091297173267201 ], [ -35.745055860051004, -9.091438159679299 ], [ -35.745511548275999, -9.091808249011001 ], [ -35.745803591558001, -9.0919718939536 ], [ -35.746057870622998, -9.0920071405566 ], [ -35.746201374648997, -9.091979446797099 ], [ -35.746652027644998, -9.091813284240001 ], [ -35.747039740277998, -9.0917226501179 ], [ -35.747283948884998, -9.091705026816401 ], [ -35.747492910887999, -9.0917755200225 ], [ -35.747739637108999, -9.091916506434499 ], [ -35.748638425486, -9.0926768260139 ], [ -35.748940539227, -9.092953763609099 ], [ -35.74922754728, -9.0930947500211 ], [ -35.749449097355999, -9.0931224437807 ], [ -35.749590083767998, -9.093124961395199 ], [ -35.749809116229997, -9.0930443977311 ], [ -35.749985349245001, -9.0929864925976 ], [ -35.750002972546, -9.0929411755366 ], [ -35.74989473, -9.09284639 ], [ -35.74944719, -9.09260452 ], [ -35.74928811, -9.09249352 ], [ -35.74904867, -9.09224025 ], [ -35.74882197, -9.09181054 ], [ -35.74869007, -9.09153827 ], [ -35.74865853, -9.09149129 ], [ -35.74872004, -9.09113037 ], [ -35.74888968, -9.09008179 ], [ -35.74894907, -9.08959876 ], [ -35.74893942, -9.08928074 ], [ -35.748927, -9.08920693 ], [ -35.74906492, -9.08918259 ], [ -35.74919509, -9.08916352 ], [ -35.74920047, -9.0891638 ], [ -35.74938702, -9.08920435 ], [ -35.74968216, -9.08926563 ], [ -35.75002754, -9.08932175 ], [ -35.75023423, -9.08934665 ], [ -35.75072031, -9.0894475 ], [ -35.75101279, -9.08952593 ], [ -35.75117513, -9.08953023 ], [ -35.75129448, -9.08945898 ], [ -35.75134114, -9.08926755 ], [ -35.75133108, -9.08908751 ], [ -35.75133019, -9.08898441 ], [ -35.75133412, -9.08880711 ], [ -35.75136936, -9.08868015 ], [ -35.7514439, -9.08861282 ], [ -35.75154816, -9.08858389 ], [ -35.75167287, -9.08863756 ], [ -35.75179698, -9.08875018 ], [ -35.7518827, -9.08885264 ], [ -35.75193888, -9.08899949 ], [ -35.75205923, -9.08920164 ], [ -35.75218482, -9.0893656 ], [ -35.75227771, -9.08946392 ], [ -35.75238998, -9.0895335 ], [ -35.75259256, -9.08958624 ], [ -35.75272664, -9.08960555 ], [ -35.75297155, -9.08952533 ], [ -35.75314668, -9.08943066 ], [ -35.75331513, -9.08930938 ], [ -35.75351276, -9.08903924 ], [ -35.75361713, -9.08890466 ], [ -35.75373133, -9.08882513 ], [ -35.7538157, -9.08868848 ], [ -35.7538752, -9.08853053 ], [ -35.75387492, -9.08852106 ], [ -35.75391012, -9.08839657 ], [ -35.75397813, -9.0881754 ], [ -35.75402119, -9.08800756 ], [ -35.7541065, -9.08778858 ], [ -35.75413206, -9.08765362 ], [ -35.75416793, -9.08747575 ], [ -35.75415868, -9.08733641 ], [ -35.75411155, -9.08717058 ], [ -35.75405732, -9.08705659 ], [ -35.75406464, -9.08693356 ], [ -35.75409313, -9.08680974 ], [ -35.75414035, -9.08671571 ], [ -35.75424095, -9.08651956 ], [ -35.75430258, -9.08637382 ], [ -35.75437585, -9.08622585 ], [ -35.75446042, -9.08612204 ], [ -35.75454684, -9.08603146 ], [ -35.75464863, -9.08592183 ], [ -35.75479434, -9.08581006 ], [ -35.7550044, -9.08571647 ], [ -35.75527825, -9.08562869 ], [ -35.75547915, -9.0855446 ], [ -35.75574929, -9.08542883 ], [ -35.7558579, -9.08535121 ], [ -35.75598688, -9.08527071 ], [ -35.75615461, -9.08513579 ], [ -35.75625755, -9.08509297 ], [ -35.75643534, -9.08498746 ], [ -35.75656946, -9.08497129 ], [ -35.75694393, -9.08488823 ], [ -35.75716687, -9.08484216 ], [ -35.75736931, -9.08489318 ], [ -35.7574906, -9.08493738 ], [ -35.75770296, -9.08503512 ], [ -35.75779612, -9.08513904 ], [ -35.75791661, -9.0852083 ], [ -35.75802718, -9.08524186 ], [ -35.758232, -9.08522877 ], [ -35.75838783, -9.08519973 ], [ -35.75849294, -9.08514591 ], [ -35.7586908, -9.08502322 ], [ -35.75873572, -9.08489918 ], [ -35.75873979, -9.08478389 ], [ -35.75873968, -9.08476948 ], [ -35.75873436, -9.08472603 ], [ -35.75864458, -9.08471096 ], [ -35.75848368, -9.08466735 ], [ -35.75829592, -9.08456372 ], [ -35.75806071, -9.08431696 ], [ -35.75779912, -9.08397044 ], [ -35.75762979, -9.08372506 ], [ -35.75753831, -9.08353276 ], [ -35.75751771, -9.08352207 ], [ -35.75739411, -9.08343422 ], [ -35.75720952, -9.08323835 ], [ -35.75712767, -9.08314827 ], [ -35.75705862, -9.08296284 ], [ -35.75703671, -9.08279145 ], [ -35.75713117, -9.0825423 ], [ -35.75722902, -9.08237357 ], [ -35.75731958, -9.08228318 ], [ -35.75762135, -9.0821537 ], [ -35.75789535, -9.08198885 ], [ -35.75805857, -9.0818776 ], [ -35.75820774, -9.08172566 ], [ -35.75822499, -9.08170529 ], [ -35.75824209, -9.08168996 ], [ -35.75825395, -9.08166946 ], [ -35.75852715, -9.08135449 ], [ -35.75865885, -9.0811204 ], [ -35.75873298, -9.08091228 ], [ -35.75872898, -9.08071328 ], [ -35.75872767, -9.08040819 ], [ -35.75871149, -9.08014797 ], [ -35.75879081, -9.080046 ], [ -35.75897104, -9.07995632 ], [ -35.7590666, -9.07997411 ], [ -35.75934327, -9.08009286 ], [ -35.75955355, -9.08017778 ], [ -35.75984937, -9.08019449 ], [ -35.75985593, -9.08017837 ], [ -35.76000301, -9.08008351 ], [ -35.76018288, -9.07997987 ], [ -35.7603852, -9.07989487 ], [ -35.76051029, -9.07977098 ], [ -35.76133205, -9.07675613 ], [ -35.76181441, -9.07442902 ], [ -35.76182559, -9.07408676 ], [ -35.76163665, -9.07018971 ], [ -35.76372765, -9.07053872 ], [ -35.76594137, -9.07104939 ], [ -35.76611217, -9.07107582 ], [ -35.76636827, -9.07107892 ], [ -35.7666382, -9.07112591 ], [ -35.76729812, -9.07127023 ], [ -35.76775232, -9.07137567 ], [ -35.76810133, -9.07149353 ], [ -35.76889883, -9.07178205 ], [ -35.76896693, -9.07191924 ], [ -35.77043087, -9.07199031 ], [ -35.77061326, -9.07214827 ], [ -35.77084285, -9.0723309 ], [ -35.77096205, -9.07253238 ], [ -35.77123386, -9.07327049 ], [ -35.77149159, -9.07327476 ], [ -35.77146993, -9.07463263 ], [ -35.77136143, -9.07471997 ], [ -35.77142175, -9.07491571 ], [ -35.77205035, -9.07556235 ], [ -35.77212072, -9.07564742 ], [ -35.77305216, -9.07656278 ], [ -35.77433785, -9.07766304 ], [ -35.7753944, -9.07868878 ], [ -35.77595801, -9.07930183 ], [ -35.77653386, -9.07971932 ], [ -35.77684161, -9.08013321 ], [ -35.77685791, -9.08013945 ], [ -35.7772012, -9.03881761 ], [ -35.77736708, -9.03790259 ], [ -35.77035426, -9.02826692 ], [ -35.76138081, -9.02423468 ], [ -35.75923151, -9.02327094 ], [ -35.75827646, -9.02283175 ], [ -35.75776598, -9.02253017 ], [ -35.75759325, -9.02247847 ], [ -35.75613885, -9.02307376 ], [ -35.75505302, -9.02323521 ], [ -35.75400325, -9.02329949 ], [ -35.75311461, -9.02260074 ], [ -35.75287429, -9.02258052 ], [ -35.7526283, -9.02288602 ], [ -35.75216898, -9.0235953 ], [ -35.75118115, -9.02405157 ], [ -35.7509262, -9.02388449 ], [ -35.7496436, -9.02251137 ], [ -35.74908554, -9.02198094 ], [ -35.74865617, -9.02195763 ], [ -35.74802426, -9.02171922 ], [ -35.74684864, -9.02111353 ], [ -35.74480618, -9.01993978 ], [ -35.74326494, -9.01896011 ], [ -35.74266793, -9.01848295 ], [ -35.74236402, -9.01533375 ], [ -35.74230623, -9.01220982 ], [ -35.74232906, -9.01080791 ], [ -35.74229328, -9.01030022 ], [ -35.74181242, -9.00974302 ], [ -35.74130671, -9.00933331 ], [ -35.74095079, -9.00928525 ], [ -35.74048268, -9.00927761 ], [ -35.74001788, -9.00907987 ], [ -35.73937329, -9.0089637 ], [ -35.73933164, -9.00879399 ], [ -35.73903094, -9.00813409 ], [ -35.73883473, -9.00787734 ], [ -35.73848321, -9.0075758 ], [ -35.73795447, -9.00720799 ], [ -35.73739831, -9.00713553 ], [ -35.73705907, -9.00689758 ], [ -35.73635458, -9.006379 ], [ -35.73571769, -9.00581927 ], [ -35.73491963, -9.00555271 ], [ -35.73411571, -9.00562411 ], [ -35.73310494, -9.00605131 ], [ -35.73211865, -9.00635213 ], [ -35.73104321, -9.0066515 ], [ -35.73031533, -9.00619592 ], [ -35.72654246, -9.00374532 ], [ -35.72601701, -9.00338869 ], [ -35.72535012, -9.00282824 ], [ -35.72495615, -9.00269358 ], [ -35.72422682, -9.00238858 ], [ -35.72342129, -9.00201823 ], [ -35.7231265, -9.00173864 ], [ -35.72260074, -9.00140033 ], [ -35.72232432, -9.001176 ], [ -35.72228109, -9.0008822 ], [ -35.72217909, -9.00063324 ], [ -35.72196065, -9.00040986 ], [ -35.72163142, -9.00024075 ], [ -35.72026721, -8.99953108 ], [ -35.71950965, -8.9992367 ], [ -35.71900847, -8.99917564 ], [ -35.71830211, -8.99914649 ], [ -35.71738507, -8.99946641 ], [ -35.71530187, -9.00052517 ], [ -35.7148525, -9.00069409 ], [ -35.71468666, -9.00060325 ], [ -35.71444827, -9.00040547 ], [ -35.71336626, -8.99927471 ], [ -35.71286174, -8.99873076 ], [ -35.71248944, -8.99846495 ], [ -35.71175632, -8.99825817 ], [ -35.71129754, -8.99803965 ], [ -35.71065345, -8.99763953 ], [ -35.70985126, -8.99720044 ], [ -35.70899438, -8.9962287 ], [ -35.70831696, -8.99505278 ], [ -35.70793571, -8.99431607 ], [ -35.70770522, -8.99377662 ], [ -35.70759573, -8.9933941 ] ] ] ] } },
{ "type": "Feature", "properties": { "gid": 210, "terrai_cod": 50701, "terrai_nom": "Xukuru-Kariri", "etnia_nome": "Xucuru - Kariri", "municipio_": "Palmeira dos Índios", "uf_sigla": "AL", "superficie": 7020.4387, "fase_ti": "Declarada", "modalidade": "Tradicionalmente ocupada", "reestudo_t": null, "cr": "COORDENACAO REGIONAL NORDESTE I", "faixa_fron": "Não", "undadm_cod": 30202001969.0, "undadm_nom": "COORDENACAO REGIONAL NORDESTE I", "undadm_sig": "CR-NE-I", "dominio_un": "f", "data_atual": "21/11/2017", "epsg": 0 }, "geometry": { "type": "MultiPolygon", "coordinates": [ [ [ [ -36.61719917, -9.34684889 ], [ -36.61711167, -9.347165 ], [ -36.6169225, -9.3477 ], [ -36.61682083, -9.34820056 ], [ -36.61646444, -9.34827361 ], [ -36.61596389, -9.34903417 ], [ -36.61564056, -9.34954694 ], [ -36.61555222, -9.34972167 ], [ -36.61553278, -9.35021167 ], [ -36.61562306, -9.35080361 ], [ -36.61567306, -9.35125528 ], [ -36.61563194, -9.35146972 ], [ -36.61500639, -9.35215861 ], [ -36.61493583, -9.35247667 ], [ -36.61491583, -9.35280778 ], [ -36.61453611, -9.35285472 ], [ -36.61319194, -9.35244722 ], [ -36.61279778, -9.35210639 ], [ -36.61222111, -9.35212611 ], [ -36.611715, -9.35199528 ], [ -36.61071028, -9.3517525 ], [ -36.61026389, -9.35154056 ], [ -36.60975028, -9.35106167 ], [ -36.60970944, -9.35073583 ], [ -36.60897667, -9.35131583 ], [ -36.60892833, -9.35142333 ], [ -36.60899361, -9.3516675 ], [ -36.60983917, -9.35374778 ], [ -36.60959083, -9.35448056 ], [ -36.60955417, -9.35544556 ], [ -36.60764528, -9.35904472 ], [ -36.60678917, -9.35959167 ], [ -36.60506278, -9.36068111 ], [ -36.60338917, -9.36120778 ], [ -36.60189861, -9.36141333 ], [ -36.60177889, -9.36151111 ], [ -36.60148944, -9.36213333 ], [ -36.60124861, -9.36271889 ], [ -36.59972639, -9.36277972 ], [ -36.59757639, -9.36300278 ], [ -36.5959275, -9.36297889 ], [ -36.59544278, -9.36307528 ], [ -36.59448167, -9.36332083 ], [ -36.5942675, -9.36364111 ], [ -36.59417167, -9.36417417 ], [ -36.5943425, -9.36452806 ], [ -36.59503194, -9.36524361 ], [ -36.59531361, -9.36651472 ], [ -36.5948125, -9.36715333 ], [ -36.59434556, -9.3675325 ], [ -36.59382472, -9.36815694 ], [ -36.59371556, -9.36841361 ], [ -36.59362722, -9.36903139 ], [ -36.59320694, -9.37015694 ], [ -36.59330306, -9.37143389 ], [ -36.59342417, -9.37158583 ], [ -36.59435472, -9.37210861 ], [ -36.59467194, -9.37260167 ], [ -36.5947775, -9.37382389 ], [ -36.59420333, -9.37542833 ], [ -36.59322417, -9.3762325 ], [ -36.59265944, -9.37677056 ], [ -36.59225639, -9.37675278 ], [ -36.59144028, -9.37646389 ], [ -36.5901675, -9.3763325 ], [ -36.58907111, -9.37586972 ], [ -36.58871806, -9.37585917 ], [ -36.58773611, -9.37607083 ], [ -36.58664056, -9.37729528 ], [ -36.586095, -9.37741306 ], [ -36.58459361, -9.37795944 ], [ -36.58350222, -9.37756667 ], [ -36.58277861, -9.37764306 ], [ -36.57973694, -9.37907417 ], [ -36.57929222, -9.37932639 ], [ -36.57815778, -9.37970417 ], [ -36.57718556, -9.380865 ], [ -36.57691056, -9.38100861 ], [ -36.57471944, -9.38306139 ], [ -36.57366111, -9.38434306 ], [ -36.57396417, -9.38463722 ], [ -36.5741725, -9.38478694 ], [ -36.57441222, -9.38491556 ], [ -36.57466806, -9.38500056 ], [ -36.57492806, -9.38504611 ], [ -36.57522694, -9.38505639 ], [ -36.57513278, -9.3853425 ], [ -36.5753425, -9.3940525 ], [ -36.57104806, -9.40520528 ], [ -36.56772611, -9.41390944 ], [ -36.56954667, -9.4150875 ], [ -36.57352, -9.41767583 ], [ -36.57605167, -9.41934889 ], [ -36.57887306, -9.42116806 ], [ -36.58014333, -9.42169889 ], [ -36.58107167, -9.42195222 ], [ -36.58087278, -9.42224944 ], [ -36.57944611, -9.42282389 ], [ -36.58395667, -9.43065278 ], [ -36.58937639, -9.44006861 ], [ -36.6002825, -9.44875472 ], [ -36.60238917, -9.44617333 ], [ -36.60393194, -9.44428306 ], [ -36.60643833, -9.44121278 ], [ -36.60850139, -9.43868389 ], [ -36.61013667, -9.43668139 ], [ -36.60980083, -9.43646583 ], [ -36.60930833, -9.43621833 ], [ -36.60623444, -9.43532056 ], [ -36.60189194, -9.43403833 ], [ -36.59610194, -9.43235611 ], [ -36.59640444, -9.43204889 ], [ -36.59687806, -9.43142194 ], [ -36.59759389, -9.43061444 ], [ -36.59834722, -9.42984 ], [ -36.59946278, -9.42884278 ], [ -36.60022111, -9.42813528 ], [ -36.60080167, -9.42751333 ], [ -36.60117611, -9.42701417 ], [ -36.60209389, -9.42588639 ], [ -36.60299194, -9.4253125 ], [ -36.60331472, -9.42515694 ], [ -36.60403611, -9.42444778 ], [ -36.60546861, -9.42342194 ], [ -36.606765, -9.42295361 ], [ -36.60935056, -9.42198194 ], [ -36.61044972, -9.42152528 ], [ -36.61163528, -9.42055889 ], [ -36.61190944, -9.42027889 ], [ -36.61216194, -9.41996167 ], [ -36.61263583, -9.41918611 ], [ -36.61212806, -9.41133944 ], [ -36.61212417, -9.41125028 ], [ -36.61160028, -9.40317028 ], [ -36.61158667, -9.40279278 ], [ -36.61199278, -9.40309278 ], [ -36.61259528, -9.40327917 ], [ -36.613405, -9.40315778 ], [ -36.61391333, -9.40281417 ], [ -36.61504889, -9.40158889 ], [ -36.61651472, -9.39998556 ], [ -36.61671583, -9.3992175 ], [ -36.61638361, -9.39858944 ], [ -36.61568361, -9.39798111 ], [ -36.61538333, -9.39763417 ], [ -36.61518417, -9.39666083 ], [ -36.61551, -9.39596 ], [ -36.61613417, -9.39552361 ], [ -36.61686083, -9.39546278 ], [ -36.62099639, -9.39606861 ], [ -36.62937806, -9.39627722 ], [ -36.63457222, -9.40170306 ], [ -36.635855, -9.40488333 ], [ -36.63920417, -9.40699639 ], [ -36.64092583, -9.40755139 ], [ -36.64369417, -9.40806806 ], [ -36.65329694, -9.39638528 ], [ -36.65352528, -9.39627139 ], [ -36.65788694, -9.39584361 ], [ -36.66817667, -9.39853 ], [ -36.66907139, -9.40130917 ], [ -36.67052889, -9.40203917 ], [ -36.67302917, -9.40520889 ], [ -36.67355417, -9.4073175 ], [ -36.67467583, -9.40941667 ], [ -36.67568472, -9.41006889 ], [ -36.67619583, -9.41010972 ], [ -36.67747028, -9.40957361 ], [ -36.67864194, -9.40956944 ], [ -36.68020417, -9.41062556 ], [ -36.68090583, -9.4111225 ], [ -36.6818425, -9.41088778 ], [ -36.68397361, -9.40956972 ], [ -36.68823472, -9.40693389 ], [ -36.68904806, -9.40545972 ], [ -36.68916167, -9.40544917 ], [ -36.68963722, -9.40291278 ], [ -36.69030167, -9.39960139 ], [ -36.690935, -9.39640639 ], [ -36.69104444, -9.39590083 ], [ -36.68970972, -9.39585389 ], [ -36.68853833, -9.395885 ], [ -36.68754778, -9.39626222 ], [ -36.68673639, -9.39639639 ], [ -36.68586806, -9.39644333 ], [ -36.68585389, -9.39635861 ], [ -36.68428639, -9.38638667 ], [ -36.68306833, -9.37865667 ], [ -36.67895917, -9.37191222 ], [ -36.67152944, -9.36611167 ], [ -36.66440861, -9.36058056 ], [ -36.65607611, -9.35411 ], [ -36.64564472, -9.35217111 ], [ -36.63471889, -9.35014028 ], [ -36.62692278, -9.34866556 ], [ -36.61719917, -9.34684889 ] ] ] ] } }
]
}
